client_id,segment,lifecycle_status,first_card_open,first_observed_purchase,last_purchase,active_months,purchase_count,interchange,credit_share,days_since_purchase,eligible_before_window
825,Regular credit-led,Established credit-led,2002-09-01,2010-01-01 13:25:00,2019-10-30 09:51:00,12.0,1124.0,1023.77297,0.5337256909946195,1.0,True
1746,Regular debit/prepaid-led,Established debit/prepaid-led,2003-07-01,2010-01-01 18:47:00,2019-10-31 11:34:00,12.0,539.0,100.10338,0.0,0.0,True
1718,Regular debit/prepaid-led,Established debit/prepaid-led,2002-03-01,2010-01-01 04:45:00,2019-10-31 23:56:00,12.0,2517.0,572.33106,0.0,0.0,True
708,Regular debit/prepaid-led,Established debit/prepaid-led,2007-02-01,2010-01-01 12:30:00,2019-10-31 21:56:00,12.0,814.0,195.79625,0.0,0.0,True
1164,Regular debit/prepaid-led,Established debit/prepaid-led,1999-12-01,2010-01-02 09:31:00,2019-10-31 15:11:00,12.0,928.0,239.010255,0.0,0.0,True
68,Regular credit-led,Established credit-led,2002-01-01,2010-01-01 16:41:00,2019-10-31 21:30:00,12.0,1192.0,1254.069,1.0,0.0,True
1075,Regular debit/prepaid-led,Established debit/prepaid-led,2005-06-01,2010-01-01 07:20:00,2019-10-31 16:22:00,12.0,2044.0,899.665715,0.4923966878939815,0.0,True
1711,No purchases in window,Too-new / post-window open (no txn history in data),2020-01-01,,,0.0,0.0,0.0,0.0,,False
1116,Regular credit-led,Established credit-led,2005-01-01,2010-01-01 08:34:00,2019-10-31 13:06:00,12.0,1573.0,1265.174325,0.5842732320237576,0.0,True
1752,Regular debit/prepaid-led,Established debit/prepaid-led,2009-07-01,2010-01-01 08:22:00,2019-10-31 16:22:00,12.0,1388.0,309.47366,0.0,0.0,True
192,No purchases in window,Too-new / post-window open (no txn history in data),2020-02-01,,,0.0,0.0,0.0,0.0,,False
640,No purchases in window,Too-new / post-window open (no txn history in data),2020-01-01,,,0.0,0.0,0.0,0.0,,False
1679,No purchases in window,Too-new / post-window open (no txn history in data),2020-02-01,,,0.0,0.0,0.0,0.0,,False
1094,Regular debit/prepaid-led,Established debit/prepaid-led,2006-07-01,2010-01-01 07:09:00,2019-10-31 15:22:00,12.0,505.0,117.4734,0.0,0.0,True
1590,No purchases in window,Dormant eligible (quiet loss candidate),2008-12-01,,,0.0,0.0,0.0,0.0,,True
1660,Regular debit/prepaid-led,Established debit/prepaid-led,2002-02-01,2010-01-01 09:15:00,2019-10-31 21:50:00,12.0,806.0,229.31068,0.4112992285571113,0.0,True
1747,No purchases in window,Dormant eligible (quiet loss candidate),2003-08-01,,,0.0,0.0,0.0,0.0,,True
153,Regular debit/prepaid-led,Established debit/prepaid-led,2004-02-01,2010-01-02 10:17:00,2019-10-31 15:39:00,12.0,337.0,81.94024999999999,0.0,0.0,True
429,No purchases in window,Too-new / post-window open (no txn history in data),2020-01-01,,,0.0,0.0,0.0,0.0,,False
511,Regular credit-led,Established credit-led,1998-01-01,2010-01-01 06:03:00,2019-10-31 14:32:00,12.0,2263.0,1214.856085,0.5523420642107558,0.0,True
309,No purchases in window,Too-new / post-window open (no txn history in data),2020-01-01,,,0.0,0.0,0.0,0.0,,False
777,No purchases in window,Too-new / post-window open (no txn history in data),2020-01-01,,,0.0,0.0,0.0,0.0,,False
1946,Regular credit-led,Established credit-led,2002-07-01,2010-01-01 18:08:00,2019-10-31 16:35:00,12.0,972.0,401.031515,0.5414461403692128,0.0,True
1674,Regular credit-led,Established credit-led,2001-09-01,2010-01-02 09:11:00,2019-10-31 08:21:00,12.0,451.0,217.940145,0.5155020346481569,0.0,True
482,No purchases in window,Too-new / post-window open (no txn history in data),2020-02-01,,,0.0,0.0,0.0,0.0,,False
877,Regular credit-led,Established credit-led,2009-07-01,2010-01-01 09:44:00,2019-10-31 09:55:00,12.0,840.0,608.92219,0.5611356025602984,0.0,True
128,Regular debit/prepaid-led,Established debit/prepaid-led,2006-10-01,2010-01-01 07:18:00,2019-10-31 19:44:00,12.0,794.0,184.997805,0.0,0.0,True
775,No purchases in window,Dormant eligible (quiet loss candidate),2008-08-01,,,0.0,0.0,0.0,0.0,,True
1536,No purchases in window,Dormant eligible (quiet loss candidate),2005-05-01,,,0.0,0.0,0.0,0.0,,True
140,Regular debit/prepaid-led,Established debit/prepaid-led,2005-08-01,2010-01-01 02:51:00,2019-10-31 14:43:00,12.0,1107.0,248.505705,0.0,0.0,True
1884,No purchases in window,Too-new / post-window open (no txn history in data),2020-01-01,,,0.0,0.0,0.0,0.0,,False
1874,Regular credit-led,Established credit-led,2003-12-01,2010-01-01 15:53:00,2019-10-31 22:10:00,12.0,862.0,480.186115,0.5261877488706894,0.0,True
1310,No purchases in window,Dormant eligible (quiet loss candidate),2006-12-01,,,0.0,0.0,0.0,0.0,,True
1689,No purchases in window,Dormant eligible (quiet loss candidate),2017-12-01,,,0.0,0.0,0.0,0.0,,True
379,Regular debit/prepaid-led,Established debit/prepaid-led,2001-03-01,2010-01-01 00:46:00,2019-10-31 15:00:00,12.0,2382.0,890.085565,0.4953923935658108,0.0,True
34,Regular debit/prepaid-led,Established debit/prepaid-led,2007-06-01,2010-01-01 02:11:00,2019-10-31 08:41:00,12.0,1373.0,184.63342,0.0,0.0,True
822,Regular credit-led,Established credit-led,2003-11-01,2010-01-01 05:52:00,2019-10-31 12:52:00,12.0,662.0,328.182755,0.5705565204064057,0.0,True
1499,Regular credit-led,Established credit-led,2012-07-01,2011-06-06 08:49:00,2019-10-31 12:32:00,12.0,396.0,333.22697999999997,1.0,0.0,True
1780,No purchases in window,Dormant eligible (quiet loss candidate),2016-12-01,,,0.0,0.0,0.0,0.0,,True
1806,No purchases in window,Dormant eligible (quiet loss candidate),2006-07-01,,,0.0,0.0,0.0,0.0,,True
811,Regular debit/prepaid-led,Established debit/prepaid-led,1999-02-01,2010-01-01 09:35:00,2019-10-31 18:27:00,12.0,1241.0,301.27860499999997,0.0,0.0,True
1844,Regular credit-led,Established credit-led,2003-07-01,2010-01-01 06:42:00,2019-10-31 12:57:00,12.0,1003.0,402.884665,0.5337313619711516,0.0,True
1852,Regular credit-led,Established credit-led,2002-01-01,2010-01-01 22:06:00,2019-10-31 23:03:00,12.0,1750.0,809.45585,0.5280122485891912,0.0,True
1231,No purchases in window,Too-new / post-window open (no txn history in data),2020-02-01,,,0.0,0.0,0.0,0.0,,False
970,Regular debit/prepaid-led,Established debit/prepaid-led,2003-02-01,2010-01-01 14:49:00,2019-10-31 18:04:00,12.0,1222.0,451.645015,0.3331464809085077,0.0,True
381,No purchases in window,Too-new / post-window open (no txn history in data),2020-02-01,,,0.0,0.0,0.0,0.0,,False
1134,No purchases in window,Too-new / post-window open (no txn history in data),2020-01-01,,,0.0,0.0,0.0,0.0,,False
1296,Regular debit/prepaid-led,Established debit/prepaid-led,2001-07-01,2010-01-01 07:23:00,2019-10-31 16:33:00,12.0,2152.0,693.675095,0.4061247082174832,0.0,True
1880,Regular debit/prepaid-led,Established debit/prepaid-led,2000-03-01,2010-01-01 04:49:00,2019-10-31 16:49:00,12.0,1140.0,531.736845,0.4611323662716651,0.0,True
322,Regular credit-led,Established credit-led,1999-12-01,2010-01-02 10:59:00,2019-10-31 17:27:00,12.0,634.0,226.06363,0.5488536603928291,0.0,True
461,Regular debit/prepaid-led,Established debit/prepaid-led,2007-11-01,2010-01-01 02:17:00,2019-10-31 19:59:00,12.0,2159.0,492.90711,0.0,0.0,True
1165,No purchases in window,Dormant eligible (quiet loss candidate),2010-09-01,,,0.0,0.0,0.0,0.0,,True
1448,Regular debit/prepaid-led,Established debit/prepaid-led,2007-01-01,2010-01-01 09:04:00,2019-10-31 17:02:00,12.0,1864.0,842.563635,0.4461280385582292,0.0,True
1288,Regular debit/prepaid-led,Established debit/prepaid-led,2002-04-01,2010-01-01 06:49:00,2019-10-31 09:09:00,12.0,999.0,233.96303,0.0,0.0,True
1178,No purchases in window,Dormant eligible (quiet loss candidate),2006-12-01,,,0.0,0.0,0.0,0.0,,True
1391,Regular debit/prepaid-led,Established debit/prepaid-led,2002-08-01,2010-01-01 07:10:00,2019-10-31 18:47:00,12.0,2107.0,318.887255,0.0,0.0,True
838,No purchases in window,Too-new / post-window open (no txn history in data),2020-01-01,,,0.0,0.0,0.0,0.0,,False
54,No purchases in window,Too-new / post-window open (no txn history in data),2020-01-01,,,0.0,0.0,0.0,0.0,,False
1452,Regular debit/prepaid-led,Established debit/prepaid-led,2007-07-01,2010-01-01 10:21:00,2019-10-31 16:52:00,12.0,1858.0,440.13601,0.0,0.0,True
1602,Regular credit-led,Established credit-led,2011-01-01,2011-01-02 08:09:00,2019-10-29 16:57:00,12.0,426.0,403.14114,1.0,2.0,True
1938,No purchases in window,Too-new / post-window open (no txn history in data),2020-01-01,,,0.0,0.0,0.0,0.0,,False
1492,Regular credit-led,Established credit-led,2006-11-01,2010-01-01 06:38:00,2019-10-31 11:54:00,12.0,1283.0,612.673095,0.5114925757294918,0.0,True
688,Regular debit/prepaid-led,Established debit/prepaid-led,2010-05-01,2010-05-01 18:42:00,2019-10-31 20:51:00,12.0,1303.0,534.730515,0.4635590267883241,0.0,True
749,No purchases in window,Too-new / post-window open (no txn history in data),2020-01-01,,,0.0,0.0,0.0,0.0,,False
643,Regular credit-led,Established credit-led,2010-11-01,2010-11-01 07:08:00,2019-10-31 16:16:00,12.0,1241.0,573.45732,1.0,0.0,True
1219,Regular credit-led,Established credit-led,2010-06-01,2010-06-01 09:18:00,2019-10-31 06:26:00,12.0,995.0,840.08538,0.5904544377911572,0.0,True
1198,Regular debit/prepaid-led,Established debit/prepaid-led,1999-05-01,2010-01-01 07:06:00,2019-10-31 19:11:00,12.0,1697.0,655.70436,0.3129909316632957,0.0,True
898,Regular debit/prepaid-led,Established debit/prepaid-led,2007-06-01,2010-01-01 06:38:00,2019-10-31 13:22:00,12.0,742.0,281.902015,0.4675104366953742,0.0,True
882,Regular debit/prepaid-led,Established debit/prepaid-led,2006-02-01,2010-01-01 10:38:00,2019-10-31 19:10:00,12.0,726.0,164.90497,0.0,0.0,True
348,Regular credit-led,Established credit-led,2008-05-01,2010-01-03 09:27:00,2019-10-31 23:34:00,12.0,452.0,413.3961,1.0,0.0,True
633,Regular debit/prepaid-led,Established debit/prepaid-led,2009-04-01,2010-01-01 16:18:00,2019-10-31 13:42:00,12.0,454.0,113.312085,0.0,0.0,True
1493,Regular credit-led,Established credit-led,2010-06-01,2010-06-02 13:03:00,2019-10-31 13:48:00,12.0,656.0,1022.77224,1.0,0.0,True
1161,No purchases in window,Too-new / post-window open (no txn history in data),2020-02-01,,,0.0,0.0,0.0,0.0,,False
217,Regular debit/prepaid-led,Established debit/prepaid-led,2006-11-01,2010-01-01 07:50:00,2019-10-31 22:42:00,12.0,1059.0,436.108445,0.4454923600171533,0.0,True
1877,Regular credit-led,Established credit-led,1996-04-01,2010-01-01 08:06:00,2019-10-31 22:35:00,12.0,1280.0,1040.55564,0.5291899008204768,0.0,True
668,Regular debit/prepaid-led,Established debit/prepaid-led,2001-08-01,2010-01-01 07:46:00,2019-10-31 13:38:00,12.0,1319.0,421.014095,0.4397811461803607,0.0,True
533,No purchases in window,Too-new / post-window open (no txn history in data),2020-01-01,,,0.0,0.0,0.0,0.0,,False
203,Regular credit-led,Established credit-led,2002-11-01,2010-01-01 07:17:00,2019-10-31 11:57:00,12.0,544.0,497.5434,1.0,0.0,True
1738,No purchases in window,Dormant eligible (quiet loss candidate),2009-10-01,,,0.0,0.0,0.0,0.0,,True
713,No purchases in window,Dormant eligible (quiet loss candidate),2014-12-01,,,0.0,0.0,0.0,0.0,,True
1631,No purchases in window,Too-new / post-window open (no txn history in data),2020-01-01,,,0.0,0.0,0.0,0.0,,False
1487,Regular credit-led,Established credit-led,2000-10-01,2010-01-01 05:51:00,2019-10-31 13:22:00,12.0,1303.0,1410.6843199999998,0.5990787961093046,0.0,True
1265,No purchases in window,Too-new / post-window open (no txn history in data),2020-02-01,,,0.0,0.0,0.0,0.0,,False
370,Regular debit/prepaid-led,Established debit/prepaid-led,2002-11-01,2010-01-01 08:22:00,2019-10-31 22:24:00,12.0,796.0,179.6577,0.0,0.0,True
1014,No purchases in window,Dormant eligible (quiet loss candidate),2005-11-01,,,0.0,0.0,0.0,0.0,,True
290,No purchases in window,Too-new / post-window open (no txn history in data),2020-01-01,,,0.0,0.0,0.0,0.0,,False
985,Regular credit-led,Established credit-led,2008-07-01,2010-01-01 17:25:00,2019-10-31 21:28:00,12.0,1027.0,1588.0275,1.0,0.0,True
135,Regular debit/prepaid-led,Established debit/prepaid-led,2000-05-01,2010-01-01 06:10:00,2019-10-31 13:34:00,12.0,1508.0,353.70055,0.0,0.0,True
307,No purchases in window,Too-new / post-window open (no txn history in data),2020-01-01,,,0.0,0.0,0.0,0.0,,False
1783,Regular debit/prepaid-led,Established debit/prepaid-led,1999-01-01,2010-01-01 06:45:00,2019-10-31 06:36:00,12.0,1061.0,375.893115,0.498262845688089,0.0,True
1321,No purchases in window,Dormant eligible (quiet loss candidate),2007-12-01,,,0.0,0.0,0.0,0.0,,True
1511,Regular debit/prepaid-led,Established debit/prepaid-led,2007-06-01,2010-01-01 11:59:00,2019-10-31 11:29:00,12.0,1123.0,255.63458,0.0,0.0,True
900,Regular credit-led,Established credit-led,2009-06-01,2010-01-01 12:47:00,2019-10-31 16:42:00,12.0,810.0,435.96126,0.7556018943011275,0.0,True
953,No purchases in window,Too-new / post-window open (no txn history in data),2020-02-01,,,0.0,0.0,0.0,0.0,,False
233,Regular credit-led,Established credit-led,2012-02-01,2012-02-01 09:06:00,2019-10-31 18:30:00,12.0,680.0,983.25648,1.0,0.0,True
406,No purchases in window,Dormant eligible (quiet loss candidate),2016-06-01,,,0.0,0.0,0.0,0.0,,True
1069,Regular debit/prepaid-led,Established debit/prepaid-led,2009-10-01,2010-01-01 10:29:00,2019-10-31 23:33:00,12.0,1241.0,565.11718,0.4822805225271242,0.0,True
180,Regular credit-led,Established credit-led,2005-05-01,2010-01-01 12:52:00,2019-10-31 20:32:00,12.0,634.0,385.40466,1.0,0.0,True
996,Regular credit-led,Established credit-led,1999-06-01,2010-01-01 06:07:00,2019-10-31 16:09:00,12.0,1576.0,912.23413,0.5573018243348066,0.0,True
1866,No purchases in window,Too-new / post-window open (no txn history in data),2020-02-01,,,0.0,0.0,0.0,0.0,,False
1981,Regular debit/prepaid-led,Established debit/prepaid-led,1997-01-01,2010-01-02 13:13:00,2019-10-30 16:04:00,12.0,549.0,193.02002,0.1617472686111288,1.0,True
870,Regular credit-led,Established credit-led,2003-06-01,2010-01-01 08:01:00,2019-10-31 16:29:00,12.0,1221.0,677.0888,0.5707366010991777,0.0,True
16,Regular debit/prepaid-led,Established debit/prepaid-led,1999-08-01,2010-01-01 13:30:00,2019-10-31 07:33:00,12.0,642.0,142.25615,0.0,0.0,True
46,Regular debit/prepaid-led,Established debit/prepaid-led,2005-07-01,2010-01-01 06:31:00,2019-10-31 13:58:00,12.0,812.0,146.86824,0.0,0.0,True
800,No purchases in window,Dormant eligible (quiet loss candidate),2016-04-01,,,0.0,0.0,0.0,0.0,,True
1968,No purchases in window,Too-new / post-window open (no txn history in data),2020-02-01,,,0.0,0.0,0.0,0.0,,False
697,Regular debit/prepaid-led,Established debit/prepaid-led,2010-05-01,2010-04-23 13:03:00,2019-10-31 17:10:00,12.0,427.0,109.135225,0.0,0.0,True
1269,Regular credit-led,Established credit-led,2005-08-01,2010-01-01 06:55:00,2019-10-31 22:48:00,12.0,1319.0,1014.98562,1.0,0.0,True
1782,Regular debit/prepaid-led,Established debit/prepaid-led,2008-03-01,2010-01-01 08:36:00,2019-10-31 12:29:00,12.0,562.0,129.265655,0.0,0.0,True
1977,Regular debit/prepaid-led,Established debit/prepaid-led,1999-02-01,2010-01-01 09:35:00,2019-10-31 22:09:00,12.0,1131.0,147.29213,0.0,0.0,True
1734,No purchases in window,Dormant eligible (quiet loss candidate),2010-09-01,,,0.0,0.0,0.0,0.0,,True
1913,Regular credit-led,Established credit-led,2005-06-01,2010-01-01 16:48:00,2019-10-31 21:23:00,12.0,1068.0,840.37932,1.0,0.0,True
858,Regular credit-led,Established credit-led,2000-01-01,2010-01-01 02:07:00,2019-10-31 12:59:00,12.0,1303.0,407.41578,0.508867616765069,0.0,True
606,No purchases in window,Dormant eligible (quiet loss candidate),2006-08-01,,,0.0,0.0,0.0,0.0,,True
1564,Regular credit-led,Established credit-led,2008-08-01,2010-01-01 10:08:00,2019-10-31 10:47:00,12.0,786.0,362.72924,0.5735731787133954,0.0,True
1109,No purchases in window,Too-new / post-window open (no txn history in data),2020-02-01,,,0.0,0.0,0.0,0.0,,False
1301,Regular debit/prepaid-led,Established debit/prepaid-led,2013-05-01,2013-05-01 08:00:00,2019-10-31 21:17:00,12.0,1403.0,316.100685,0.0,0.0,True
1399,No purchases in window,Dormant eligible (quiet loss candidate),2018-07-01,,,0.0,0.0,0.0,0.0,,True
1775,Regular debit/prepaid-led,Established debit/prepaid-led,2015-01-01,2015-01-01 06:04:00,2019-10-31 21:39:00,12.0,2635.0,607.867355,0.0,0.0,True
1673,No purchases in window,Dormant eligible (quiet loss candidate),2008-11-01,,,0.0,0.0,0.0,0.0,,True
1957,No purchases in window,Dormant eligible (quiet loss candidate),2006-07-01,2010-01-01 10:17:00,,0.0,0.0,0.0,0.0,,True
1033,No purchases in window,Too-new / post-window open (no txn history in data),2020-01-01,,,0.0,0.0,0.0,0.0,,False
1024,Regular credit-led,Established credit-led,2002-02-01,2010-01-01 02:06:00,2019-10-31 21:32:00,12.0,1611.0,601.834485,0.5179597117652875,0.0,True
1441,No purchases in window,Dormant eligible (quiet loss candidate),2002-02-01,,,0.0,0.0,0.0,0.0,,True
1103,Regular debit/prepaid-led,Established debit/prepaid-led,2003-10-01,2010-01-01 17:40:00,2019-10-31 14:49:00,12.0,1166.0,513.17443,0.4124860927651892,0.0,True
431,No purchases in window,Too-new / post-window open (no txn history in data),2020-01-01,,,0.0,0.0,0.0,0.0,,False
165,Regular debit/prepaid-led,Established debit/prepaid-led,2008-04-01,2010-01-01 07:01:00,2019-10-31 21:06:00,12.0,1351.0,300.84355,0.0,0.0,True
353,No purchases in window,Dormant eligible (quiet loss candidate),2018-10-01,,,0.0,0.0,0.0,0.0,,True
1758,Regular debit/prepaid-led,Established debit/prepaid-led,2007-03-01,2010-01-01 01:06:00,2019-10-31 16:41:00,12.0,1447.0,498.686255,0.4523010488443392,0.0,True
1266,Regular debit/prepaid-led,Established debit/prepaid-led,2005-04-01,2010-01-01 12:50:00,2019-10-31 20:20:00,12.0,610.0,139.879725,0.0,0.0,True
1943,No purchases in window,Too-new / post-window open (no txn history in data),2020-01-01,,,0.0,0.0,0.0,0.0,,False
792,No purchases in window,Dormant eligible (quiet loss candidate),2010-06-01,,,0.0,0.0,0.0,0.0,,True
1055,No purchases in window,Dormant eligible (quiet loss candidate),2003-06-01,,,0.0,0.0,0.0,0.0,,True
1159,No purchases in window,Too-new / post-window open (no txn history in data),2020-01-01,,,0.0,0.0,0.0,0.0,,False
1115,Regular debit/prepaid-led,Established debit/prepaid-led,2000-05-01,2010-01-01 09:39:00,2019-10-31 14:24:00,12.0,1157.0,218.244625,0.0,0.0,True
38,Regular debit/prepaid-led,Established debit/prepaid-led,2007-04-01,2010-01-01 06:02:00,2019-10-31 21:52:00,12.0,1251.0,286.79034,0.0,0.0,True
1027,Regular credit-led,Established credit-led,2002-07-01,2010-01-01 10:48:00,2019-10-31 14:56:00,12.0,807.0,755.918545,0.5536190037850097,0.0,True
11,Regular credit-led,Established credit-led,2001-01-01,2010-01-01 05:55:00,2019-10-31 17:41:00,12.0,971.0,665.24824,0.5411448101283798,0.0,True
871,Regular credit-led,Established credit-led,2005-03-01,2010-01-01 21:34:00,2019-10-31 21:37:00,12.0,1665.0,678.879255,0.5161090776938023,0.0,True
746,Regular credit-led,Established credit-led,1996-02-01,2010-01-01 08:27:00,2019-10-31 17:00:00,12.0,1132.0,710.21484,1.0,0.0,True
1520,Regular credit-led,Established credit-led,2006-01-01,2010-01-01 10:12:00,2019-10-31 15:45:00,12.0,1182.0,528.364575,0.5143497112062451,0.0,True
1372,No purchases in window,Dormant eligible (quiet loss candidate),2010-04-01,,,0.0,0.0,0.0,0.0,,True
1799,Regular debit/prepaid-led,Established debit/prepaid-led,2006-09-01,2010-01-01 06:18:00,2019-10-31 17:40:00,12.0,1813.0,418.695665,0.0,0.0,True
1905,Regular credit-led,Established credit-led,2004-12-01,2010-01-01 04:30:00,2019-10-29 06:51:00,12.0,436.0,248.47766,0.507273041058107,2.0,True
130,No purchases in window,Dormant eligible (quiet loss candidate),2004-04-01,,,0.0,0.0,0.0,0.0,,True
1990,No purchases in window,Too-new / post-window open (no txn history in data),2020-02-01,,,0.0,0.0,0.0,0.0,,False
593,No purchases in window,Too-new / post-window open (no txn history in data),2020-01-01,,,0.0,0.0,0.0,0.0,,False
540,No purchases in window,Too-new / post-window open (no txn history in data),2020-02-01,,,0.0,0.0,0.0,0.0,,False
1155,Regular credit-led,Established credit-led,2002-12-01,2010-01-01 02:32:00,2019-10-31 19:29:00,12.0,1235.0,756.686015,0.5357140268824133,0.0,True
663,Regular credit-led,Established credit-led,2000-02-01,2010-01-01 09:54:00,2019-10-31 21:23:00,12.0,1249.0,726.040325,0.5310023015167669,0.0,True
1987,No purchases in window,Dormant eligible (quiet loss candidate),2001-07-01,2010-01-01 19:20:00,,0.0,0.0,0.0,0.0,,True
1484,Regular credit-led,Established credit-led,1999-06-01,2010-01-01 01:37:00,2019-10-31 12:19:00,12.0,1545.0,828.96277,0.576155304284706,0.0,True
417,No purchases in window,Too-new / post-window open (no txn history in data),2020-01-01,,,0.0,0.0,0.0,0.0,,False
298,No purchases in window,Too-new / post-window open (no txn history in data),2020-02-01,,,0.0,0.0,0.0,0.0,,False
306,No purchases in window,Too-new / post-window open (no txn history in data),2020-01-01,,,0.0,0.0,0.0,0.0,,False
607,No purchases in window,Dormant eligible (quiet loss candidate),2014-12-01,,,0.0,0.0,0.0,0.0,,True
1769,Regular debit/prepaid-led,Established debit/prepaid-led,2003-01-01,2010-01-01 05:38:00,2019-10-31 22:11:00,12.0,1752.0,547.4055099999999,0.4293606266317005,0.0,True
698,No purchases in window,Dormant eligible (quiet loss candidate),2004-12-01,,,0.0,0.0,0.0,0.0,,True
896,No purchases in window,Dormant eligible (quiet loss candidate),2011-03-01,,,0.0,0.0,0.0,0.0,,True
1975,Regular credit-led,Established credit-led,2009-07-01,2010-01-01 11:55:00,2019-10-31 16:49:00,12.0,747.0,351.41186,0.5103737995704314,0.0,True
645,No purchases in window,Dormant eligible (quiet loss candidate),2003-07-01,,,0.0,0.0,0.0,0.0,,True
227,Regular credit-led,Established credit-led,2006-04-01,2010-01-01 10:39:00,2019-10-31 16:47:00,12.0,956.0,965.216175,0.6347259702163185,0.0,True
84,Regular debit/prepaid-led,Established debit/prepaid-led,1996-12-01,2010-01-01 20:43:00,2019-10-31 15:07:00,12.0,1263.0,285.029155,0.0,0.0,True
1684,Regular debit/prepaid-led,Established debit/prepaid-led,2004-06-01,2010-01-01 00:14:00,2019-10-31 19:40:00,12.0,1418.0,457.085275,0.4109183048697137,0.0,True
745,No purchases in window,Too-new / post-window open (no txn history in data),2020-02-01,,,0.0,0.0,0.0,0.0,,False
1508,Regular credit-led,Established credit-led,2004-06-01,2010-01-01 10:47:00,2019-10-31 16:56:00,12.0,669.0,253.267655,0.5130852957043867,0.0,True
1158,No purchases in window,Dormant eligible (quiet loss candidate),2013-02-01,,,0.0,0.0,0.0,0.0,,True
1427,Regular debit/prepaid-led,Established debit/prepaid-led,2010-07-01,2010-07-01 08:19:00,2019-10-31 11:25:00,12.0,808.0,196.571135,0.0,0.0,True
352,No purchases in window,Too-new / post-window open (no txn history in data),2020-01-01,,,0.0,0.0,0.0,0.0,,False
1948,No purchases in window,Too-new / post-window open (no txn history in data),2020-01-01,,,0.0,0.0,0.0,0.0,,False
724,Regular credit-led,Established credit-led,2005-05-01,2010-01-01 14:12:00,2019-10-30 12:57:00,12.0,604.0,421.65435,0.5957057919185351,1.0,True
543,Regular debit/prepaid-led,Established debit/prepaid-led,2009-09-01,2010-01-01 22:40:00,2019-10-30 20:51:00,12.0,764.0,178.50133499999998,0.0,1.0,True
1559,Regular debit/prepaid-led,Established debit/prepaid-led,2003-12-01,2010-01-01 15:48:00,2019-10-31 20:29:00,12.0,2789.0,1151.48773,0.46004917710483,0.0,True
1199,No purchases in window,Too-new / post-window open (no txn history in data),2020-01-01,,,0.0,0.0,0.0,0.0,,False
1745,No purchases in window,Too-new / post-window open (no txn history in data),2020-01-01,,,0.0,0.0,0.0,0.0,,False
1950,No purchases in window,Dormant eligible (quiet loss candidate),2005-10-01,,,0.0,0.0,0.0,0.0,,True
1397,Regular debit/prepaid-led,Established debit/prepaid-led,2008-05-01,2010-01-01 11:13:00,2019-10-31 19:47:00,12.0,903.0,386.67905,0.490525995604663,0.0,True
873,No purchases in window,Dormant eligible (quiet loss candidate),1998-06-01,,,0.0,0.0,0.0,0.0,,True
1728,Regular credit-led,Established credit-led,2001-01-01,2010-01-01 04:52:00,2019-10-30 16:54:00,12.0,486.0,366.79783,0.5409000112824393,1.0,True
299,Regular credit-led,Established credit-led,2009-01-01,2010-01-01 21:23:00,2019-10-30 11:28:00,12.0,385.0,248.40316,0.5130903923066348,1.0,True
1742,Regular debit/prepaid-led,Established debit/prepaid-led,2004-09-01,2010-01-01 08:33:00,2019-10-31 10:54:00,12.0,934.0,175.220815,0.0,0.0,True
1004,No purchases in window,Dormant eligible (quiet loss candidate),1997-03-01,,,0.0,0.0,0.0,0.0,,True
301,Regular credit-led,Established credit-led,2005-07-01,2010-01-01 00:43:00,2019-10-31 10:41:00,12.0,1123.0,668.5974,1.0,0.0,True
1011,No purchases in window,Too-new / post-window open (no txn history in data),2020-02-01,,,0.0,0.0,0.0,0.0,,False
906,Regular credit-led,Established credit-led,2000-04-01,2010-01-02 10:49:00,2019-10-31 17:05:00,12.0,825.0,449.92814,0.5163570697294834,0.0,True
110,Regular credit-led,Established credit-led,2001-08-01,2010-01-01 07:34:00,2019-10-31 22:20:00,12.0,614.0,568.347815,0.6265811469041075,0.0,True
1073,Regular debit/prepaid-led,Established debit/prepaid-led,2007-04-01,2010-01-01 07:04:00,2019-10-31 07:45:00,12.0,918.0,211.48199,0.0,0.0,True
705,Regular credit-led,Established credit-led,1999-11-01,2010-01-01 08:05:00,2019-10-31 13:12:00,12.0,1991.0,1709.17506,0.9609693938578108,0.0,True
820,Regular credit-led,Established credit-led,2001-06-01,2010-01-01 01:01:00,2019-10-31 13:54:00,12.0,1321.0,730.843245,0.5260473587759688,0.0,True
1188,No purchases in window,Too-new / post-window open (no txn history in data),2020-01-01,,,0.0,0.0,0.0,0.0,,False
1128,Regular credit-led,Established credit-led,2004-09-01,2010-01-01 07:36:00,2019-10-31 10:16:00,12.0,752.0,366.909235,0.5475415130132444,0.0,True
1479,Regular credit-led,Established credit-led,2008-02-01,2010-01-01 07:39:00,2019-10-30 07:58:00,12.0,566.0,352.93446,1.0,1.0,True
1594,Regular debit/prepaid-led,Established debit/prepaid-led,2002-06-01,2010-01-01 21:31:00,2019-10-31 14:38:00,12.0,898.0,353.005545,0.4917599375938633,0.0,True
1485,Regular debit/prepaid-led,Established debit/prepaid-led,2005-10-01,2010-01-01 06:30:00,2019-10-31 19:16:00,12.0,1162.0,201.51525,0.0,0.0,True
1390,No purchases in window,Dormant eligible (quiet loss candidate),2006-01-01,,,0.0,0.0,0.0,0.0,,True
644,Regular credit-led,Established credit-led,2010-04-01,2010-04-01 13:46:00,2019-10-31 14:01:00,12.0,566.0,434.2482,1.0,0.0,True
1912,No purchases in window,Dormant eligible (quiet loss candidate),2005-10-01,,,0.0,0.0,0.0,0.0,,True
1584,Regular debit/prepaid-led,Established debit/prepaid-led,2011-12-01,2011-11-17 14:08:00,2019-10-31 15:27:00,12.0,519.0,121.96436,0.0,0.0,True
1803,No purchases in window,Too-new / post-window open (no txn history in data),2020-02-01,,,0.0,0.0,0.0,0.0,,False
1824,No purchases in window,Dormant eligible (quiet loss candidate),2016-11-01,,,0.0,0.0,0.0,0.0,,True
340,No purchases in window,Too-new / post-window open (no txn history in data),2020-01-01,,,0.0,0.0,0.0,0.0,,False
650,Regular credit-led,Established credit-led,2001-07-01,2010-01-01 15:35:00,2019-10-31 07:30:00,12.0,550.0,265.58406,0.5320039294741981,0.0,True
762,Regular debit/prepaid-led,Established debit/prepaid-led,2006-02-01,2010-01-01 07:07:00,2019-10-31 12:14:00,12.0,949.0,219.70707,0.0,0.0,True
1061,No purchases in window,Too-new / post-window open (no txn history in data),2020-01-01,,,0.0,0.0,0.0,0.0,,False
1931,Regular credit-led,Established credit-led,1999-11-01,2011-06-01 09:16:00,2019-10-31 12:02:00,12.0,1742.0,2065.72536,1.0,0.0,True
702,Regular credit-led,Established credit-led,2000-08-01,2010-01-01 03:03:00,2019-10-31 14:57:00,12.0,1330.0,1177.87968,0.7787375615412707,0.0,True
918,Regular debit/prepaid-led,Established debit/prepaid-led,2008-03-01,2010-01-01 14:49:00,2019-10-31 18:51:00,12.0,823.0,188.935565,0.0,0.0,True
1137,Regular credit-led,Established credit-led,2003-07-01,2010-01-01 07:48:00,2019-10-31 10:42:00,12.0,627.0,556.54974,1.0,0.0,True
66,No purchases in window,No window purchases (opened near/during window),2018-12-01,,,0.0,0.0,0.0,0.0,,False
1406,Regular debit/prepaid-led,Established debit/prepaid-led,2009-07-01,2010-01-01 07:13:00,2019-10-30 07:24:00,12.0,767.0,261.28117,0.4772762341737953,1.0,True
437,Regular debit/prepaid-led,Established debit/prepaid-led,2004-06-01,2010-01-01 07:02:00,2019-10-31 11:41:00,12.0,848.0,202.98778,0.0,0.0,True
806,No purchases in window,Too-new / post-window open (no txn history in data),2020-01-01,,,0.0,0.0,0.0,0.0,,False
891,Regular debit/prepaid-led,Established debit/prepaid-led,2007-03-01,2010-01-01 12:06:00,2019-10-31 11:25:00,12.0,1251.0,282.24998999999997,0.0,0.0,True
1191,No purchases in window,Too-new / post-window open (no txn history in data),2020-01-01,,,0.0,0.0,0.0,0.0,,False
701,No purchases in window,Dormant eligible (quiet loss candidate),2018-01-01,,,0.0,0.0,0.0,0.0,,True
1147,Regular credit-led,Established credit-led,2003-03-01,2010-01-01 06:59:00,2019-10-31 19:22:00,12.0,2320.0,1245.457065,0.5384125520860708,0.0,True
1625,No purchases in window,Too-new / post-window open (no txn history in data),2020-02-01,,,0.0,0.0,0.0,0.0,,False
1664,Regular credit-led,Established credit-led,2008-04-01,2010-01-01 16:32:00,2019-10-31 13:07:00,12.0,1806.0,693.3783950000001,0.5689161789295442,0.0,True
1273,No purchases in window,Too-new / post-window open (no txn history in data),2020-02-01,,,0.0,0.0,0.0,0.0,,False
1009,Regular debit/prepaid-led,Established debit/prepaid-led,2008-01-01,2010-01-02 09:02:00,2019-10-31 22:20:00,12.0,676.0,251.504495,0.4613849274973875,0.0,True
1341,Regular debit/prepaid-led,Established debit/prepaid-led,2001-08-01,2010-01-01 14:04:00,2019-10-31 17:36:00,12.0,1338.0,615.334465,0.4830022704198449,0.0,True
925,No purchases in window,Too-new / post-window open (no txn history in data),2020-02-01,,,0.0,0.0,0.0,0.0,,False
824,No purchases in window,Dormant eligible (quiet loss candidate),2008-07-01,,,0.0,0.0,0.0,0.0,,True
563,Regular credit-led,Established credit-led,2004-05-01,2010-01-01 07:17:00,2019-10-31 21:27:00,12.0,1698.0,1101.358465,0.5891236647625497,0.0,True
1612,No purchases in window,Dormant eligible (quiet loss candidate),2007-11-01,,,0.0,0.0,0.0,0.0,,True
1700,Regular credit-led,Established credit-led,2008-04-01,2010-01-01 16:59:00,2019-10-30 17:19:00,12.0,705.0,308.45916,1.0,1.0,True
963,Regular credit-led,Established credit-led,2015-02-01,2015-02-01 10:26:00,2019-10-31 15:40:00,12.0,757.0,559.6848,1.0,0.0,True
904,No purchases in window,Too-new / post-window open (no txn history in data),2020-01-01,,,0.0,0.0,0.0,0.0,,False
1586,Regular credit-led,Established credit-led,2007-02-01,2010-01-01 09:26:00,2019-10-31 17:28:00,12.0,1109.0,771.716115,0.5496183368422604,0.0,True
1286,Regular debit/prepaid-led,Established debit/prepaid-led,2003-12-01,2010-01-01 07:26:00,2019-10-31 23:24:00,12.0,1360.0,320.62614,0.0,0.0,True
719,Regular credit-led,Established credit-led,2008-11-01,2010-01-02 06:19:00,2019-10-31 18:20:00,12.0,1086.0,537.562115,0.505133675650401,0.0,True
1469,No purchases in window,Too-new / post-window open (no txn history in data),2020-01-01,,,0.0,0.0,0.0,0.0,,False
930,No purchases in window,Too-new / post-window open (no txn history in data),2020-01-01,,,0.0,0.0,0.0,0.0,,False
1814,No purchases in window,Dormant eligible (quiet loss candidate),2004-02-01,,,0.0,0.0,0.0,0.0,,True
1723,Regular debit/prepaid-led,Established debit/prepaid-led,2001-08-01,2010-01-01 22:24:00,2019-10-31 21:54:00,12.0,632.0,145.07707,0.0,0.0,True
1377,No purchases in window,Dormant eligible (quiet loss candidate),2006-09-01,,,0.0,0.0,0.0,0.0,,True
470,Regular credit-led,Established credit-led,2005-07-01,2010-01-01 05:38:00,2019-10-31 13:57:00,12.0,945.0,592.530505,0.5577888069048632,0.0,True
1804,No purchases in window,Too-new / post-window open (no txn history in data),2020-01-01,,,0.0,0.0,0.0,0.0,,False
229,Regular credit-led,Established credit-led,2008-12-01,2010-01-01 12:17:00,2019-10-31 22:15:00,12.0,1066.0,584.315015,0.5595044395132374,0.0,True
1512,Regular credit-led,Established credit-led,2000-02-01,2010-01-01 07:15:00,2019-10-31 11:39:00,12.0,1134.0,581.23068,0.5705036920107274,0.0,True
1543,Regular credit-led,Established credit-led,2008-07-01,2010-01-01 12:05:00,2019-10-31 16:41:00,12.0,2104.0,1334.8657,0.5309100372151883,0.0,True
147,Regular credit-led,Established credit-led,2009-05-01,2010-04-01 03:06:00,2019-10-31 18:50:00,12.0,645.0,618.60276,1.0,0.0,True
1941,Regular credit-led,Established credit-led,2002-03-01,2010-01-01 03:52:00,2019-10-31 11:19:00,12.0,1724.0,695.4328800000001,0.9079963666835826,0.0,True
901,Regular credit-led,Established credit-led,2002-03-01,2010-01-01 09:43:00,2019-10-31 13:10:00,12.0,689.0,350.685445,0.5217306514398224,0.0,True
191,No purchases in window,Too-new / post-window open (no txn history in data),2020-01-01,,,0.0,0.0,0.0,0.0,,False
12,No purchases in window,Too-new / post-window open (no txn history in data),2020-01-01,,,0.0,0.0,0.0,0.0,,False
1828,No purchases in window,Dormant eligible (quiet loss candidate),2011-05-01,,,0.0,0.0,0.0,0.0,,True
29,No purchases in window,Dormant eligible (quiet loss candidate),2010-05-01,,,0.0,0.0,0.0,0.0,,True
181,No purchases in window,No window purchases (opened near/during window),2019-08-01,,,0.0,0.0,0.0,0.0,,False
995,No purchases in window,Dormant eligible (quiet loss candidate),2005-02-01,,,0.0,0.0,0.0,0.0,,True
1218,No purchases in window,Too-new / post-window open (no txn history in data),2020-02-01,,,0.0,0.0,0.0,0.0,,False
186,No purchases in window,Dormant eligible (quiet loss candidate),2005-06-01,,,0.0,0.0,0.0,0.0,,True
171,Regular debit/prepaid-led,Established debit/prepaid-led,1996-09-01,2010-01-01 16:02:00,2019-10-31 17:28:00,12.0,1365.0,298.874185,0.0,0.0,True
1401,No purchases in window,Too-new / post-window open (no txn history in data),2020-01-01,,,0.0,0.0,0.0,0.0,,False
1314,Regular debit/prepaid-led,Established debit/prepaid-led,2006-02-01,2010-01-01 06:45:00,2019-10-31 17:59:00,12.0,1706.0,394.059315,0.0,0.0,True
1560,Regular credit-led,Established credit-led,2001-12-01,2010-01-01 10:12:00,2019-10-28 11:39:00,12.0,507.0,343.43787499999996,0.5411067702053088,3.0,True
613,Regular credit-led,Established credit-led,2007-07-01,2010-01-01 03:17:00,2019-10-31 22:22:00,12.0,1094.0,506.97282,0.5194625437332065,0.0,True
346,Regular credit-led,Established credit-led,2003-04-01,2010-01-01 14:08:00,2019-10-31 16:41:00,12.0,844.0,572.411795,0.5597263469721449,0.0,True
812,No purchases in window,Dormant eligible (quiet loss candidate),2012-10-01,,,0.0,0.0,0.0,0.0,,True
13,Regular debit/prepaid-led,Established debit/prepaid-led,2006-03-01,2010-01-01 08:23:00,2019-10-30 16:46:00,12.0,691.0,272.57625,0.4754244018680902,1.0,True
602,Regular credit-led,Established credit-led,2005-08-01,2010-01-01 08:59:00,2019-10-31 09:44:00,12.0,1436.0,736.4250049999999,0.5375860284934391,0.0,True
657,Regular debit/prepaid-led,Established debit/prepaid-led,2001-04-01,2010-01-01 06:10:00,2019-10-31 06:01:00,12.0,630.0,141.431255,0.0,0.0,True
909,Regular debit/prepaid-led,Established debit/prepaid-led,2004-07-01,2010-01-01 07:42:00,2019-10-31 18:51:00,12.0,3241.0,690.16833,0.0,0.0,True
183,No purchases in window,Too-new / post-window open (no txn history in data),2020-02-01,,,0.0,0.0,0.0,0.0,,False
1792,No purchases in window,Too-new / post-window open (no txn history in data),2020-01-01,,,0.0,0.0,0.0,0.0,,False
1599,No purchases in window,No window purchases (opened near/during window),2019-11-01,,,0.0,0.0,0.0,0.0,,False
1267,Regular debit/prepaid-led,Established debit/prepaid-led,2003-01-01,2010-01-01 12:52:00,2019-10-31 20:54:00,12.0,520.0,109.128655,0.0,0.0,True
411,No purchases in window,Dormant eligible (quiet loss candidate),2012-09-01,,,0.0,0.0,0.0,0.0,,True
350,Regular credit-led,Established credit-led,2004-05-01,2010-01-01 22:35:00,2019-10-31 22:37:00,12.0,1196.0,866.02832,0.5575957094068277,0.0,True
1323,Regular credit-led,Established credit-led,2008-05-01,2010-01-01 07:07:00,2019-10-31 14:34:00,12.0,1051.0,612.93627,0.5362714808209109,0.0,True
934,No purchases in window,Too-new / post-window open (no txn history in data),2020-01-01,,,0.0,0.0,0.0,0.0,,False
421,Regular credit-led,Established credit-led,2005-08-01,2010-01-01 04:01:00,2019-10-31 12:41:00,12.0,1873.0,799.632045,0.5401504217262609,0.0,True
223,No purchases in window,Dormant eligible (quiet loss candidate),2007-05-01,,,0.0,0.0,0.0,0.0,,True
1402,No purchases in window,Dormant eligible (quiet loss candidate),2012-01-01,,,0.0,0.0,0.0,0.0,,True
1650,No purchases in window,Too-new / post-window open (no txn history in data),2020-01-01,,,0.0,0.0,0.0,0.0,,False
354,Regular debit/prepaid-led,Established debit/prepaid-led,2000-07-01,2010-01-01 07:09:00,2019-10-31 09:59:00,12.0,955.0,508.937195,0.4502212999709363,0.0,True
314,No purchases in window,Dormant eligible (quiet loss candidate),2017-09-01,,,0.0,0.0,0.0,0.0,,True
1457,No purchases in window,Too-new / post-window open (no txn history in data),2020-01-01,,,0.0,0.0,0.0,0.0,,False
1613,Regular debit/prepaid-led,Established debit/prepaid-led,2003-09-01,2010-01-01 12:58:00,2019-10-31 21:33:00,12.0,928.0,530.306365,0.4698701024395395,0.0,True
945,No purchases in window,Too-new / post-window open (no txn history in data),2020-01-01,,,0.0,0.0,0.0,0.0,,False
586,Regular debit/prepaid-led,Established debit/prepaid-led,2011-07-01,2011-07-01 13:07:00,2019-10-31 17:05:00,12.0,901.0,401.19918,0.4884424513264158,0.0,True
119,Regular debit/prepaid-led,Established debit/prepaid-led,2008-12-01,2010-01-01 06:49:00,2019-10-28 11:22:00,12.0,692.0,307.51664,0.242865808091074,3.0,True
1312,No purchases in window,Dormant eligible (quiet loss candidate),2009-05-01,,,0.0,0.0,0.0,0.0,,True
1529,Regular debit/prepaid-led,Established debit/prepaid-led,2003-10-01,2010-01-01 06:02:00,2019-10-31 21:25:00,12.0,1604.0,365.531265,0.0,0.0,True
326,No purchases in window,Too-new / post-window open (no txn history in data),2020-02-01,,,0.0,0.0,0.0,0.0,,False
1596,Regular credit-led,Established credit-led,2001-01-01,2010-01-01 08:00:00,2019-10-31 14:18:00,12.0,1223.0,986.3379,0.7745794272324055,0.0,True
714,Regular debit/prepaid-led,Established debit/prepaid-led,2008-05-01,2010-01-01 02:40:00,2019-10-31 19:53:00,12.0,895.0,0.0,0.0,0.0,True
887,No purchases in window,Dormant eligible (quiet loss candidate),2003-02-01,,,0.0,0.0,0.0,0.0,,True
1425,Regular debit/prepaid-led,Established debit/prepaid-led,2003-02-01,2010-01-01 13:38:00,2019-10-31 13:33:00,12.0,1181.0,511.561455,0.4946308520405721,0.0,True
1645,Regular debit/prepaid-led,Established debit/prepaid-led,2005-02-01,2010-01-01 09:36:00,2019-10-31 09:57:00,12.0,899.0,135.562795,0.0,0.0,True
1863,Regular debit/prepaid-led,Established debit/prepaid-led,2009-03-01,2010-01-01 13:00:00,2019-10-31 16:24:00,12.0,875.0,212.78004,0.0,0.0,True
1576,Regular debit/prepaid-led,Established debit/prepaid-led,2003-04-01,2010-01-01 09:24:00,2019-10-31 13:24:00,12.0,1396.0,156.3815,0.0,0.0,True
1268,Regular debit/prepaid-led,Established debit/prepaid-led,2002-10-01,2010-01-01 06:55:00,2019-10-31 16:34:00,12.0,382.0,87.95121,0.0,0.0,True
1565,No purchases in window,Dormant eligible (quiet loss candidate),2007-07-01,,,0.0,0.0,0.0,0.0,,True
1842,Regular credit-led,Established credit-led,2005-07-01,2010-01-01 07:52:00,2019-10-31 22:22:00,12.0,1221.0,665.56336,0.5375745494060526,0.0,True
664,No purchases in window,Too-new / post-window open (no txn history in data),2020-02-01,,,0.0,0.0,0.0,0.0,,False
485,No purchases in window,Dormant eligible (quiet loss candidate),2005-08-01,,,0.0,0.0,0.0,0.0,,True
244,Regular credit-led,Established credit-led,2006-02-01,2010-01-01 12:25:00,2019-10-31 12:00:00,12.0,482.0,380.81736,1.0,0.0,True
145,Regular debit/prepaid-led,Established debit/prepaid-led,2008-11-01,2010-01-01 09:31:00,2019-10-31 16:43:00,12.0,712.0,213.49147,0.3351454027889803,0.0,True
866,Regular debit/prepaid-led,Established debit/prepaid-led,2006-03-01,2010-01-01 11:54:00,2019-10-31 12:29:00,12.0,947.0,541.10787,0.4995604218534563,0.0,True
1424,Regular debit/prepaid-led,Established debit/prepaid-led,2009-09-01,2010-01-01 02:12:00,2019-10-31 11:59:00,12.0,1145.0,283.90158,0.4779616797251991,0.0,True
427,Regular debit/prepaid-led,Established debit/prepaid-led,2010-11-01,2010-11-01 18:57:00,2019-10-31 12:47:00,12.0,750.0,96.87234,0.0,0.0,True
684,Regular credit-led,Established credit-led,2010-10-01,2010-10-02 10:44:00,2019-10-31 14:12:00,12.0,651.0,362.036115,0.6490758755701405,0.0,True
1643,No purchases in window,Too-new / post-window open (no txn history in data),2020-01-01,,,0.0,0.0,0.0,0.0,,False
1300,Regular debit/prepaid-led,Established debit/prepaid-led,1997-12-01,2010-01-01 10:15:00,2019-10-31 20:48:00,12.0,1344.0,401.62245,0.4047244236257191,0.0,True
283,No purchases in window,Too-new / post-window open (no txn history in data),2020-01-01,,,0.0,0.0,0.0,0.0,,False
355,No purchases in window,No window purchases (opened near/during window),2019-02-01,,,0.0,0.0,0.0,0.0,,False
1669,Regular credit-led,Established credit-led,2004-04-01,2010-01-01 12:25:00,2019-10-31 17:54:00,12.0,660.0,498.34267,0.6147527238844117,0.0,True
937,No purchases in window,Dormant eligible (quiet loss candidate),2008-09-01,,,0.0,0.0,0.0,0.0,,True
845,Regular debit/prepaid-led,Established debit/prepaid-led,1996-09-01,2010-01-01 14:56:00,2019-10-31 14:32:00,12.0,1011.0,234.795605,0.0,0.0,True
1518,Regular credit-led,Established credit-led,2008-04-01,2010-01-01 11:52:00,2019-10-31 21:19:00,12.0,775.0,624.2729400000001,1.0,0.0,True
1591,Regular debit/prepaid-led,Established debit/prepaid-led,2003-03-01,2010-01-01 08:02:00,2019-10-31 11:45:00,12.0,2223.0,679.973465,0.407637701974024,0.0,True
1172,No purchases in window,Too-new / post-window open (no txn history in data),2020-02-01,,,0.0,0.0,0.0,0.0,,False
1629,Regular debit/prepaid-led,Established debit/prepaid-led,2009-08-01,2010-01-01 04:39:00,2019-10-31 18:10:00,12.0,1535.0,344.60711000000003,0.0,0.0,True
675,Regular debit/prepaid-led,Established debit/prepaid-led,2011-10-01,2011-10-02 06:45:00,2019-10-31 11:00:00,12.0,936.0,366.4096,0.4344496324380996,0.0,True
577,Regular debit/prepaid-led,Established debit/prepaid-led,2010-04-01,2010-03-25 21:37:00,2019-10-31 14:08:00,12.0,1150.0,452.422855,0.443497917662062,0.0,True
854,No purchases in window,Dormant eligible (quiet loss candidate),2012-01-01,,,0.0,0.0,0.0,0.0,,True
1261,Regular debit/prepaid-led,Established debit/prepaid-led,2003-08-01,2010-01-01 07:20:00,2019-10-31 06:52:00,12.0,757.0,178.689495,0.0,0.0,True
1227,Regular credit-led,Established credit-led,2007-01-01,2010-01-01 09:07:00,2019-10-31 18:17:00,12.0,1278.0,590.062145,0.5654527194863339,0.0,True
840,Regular credit-led,Established credit-led,2001-04-01,2010-01-01 06:41:00,2019-10-31 18:53:00,12.0,1461.0,2505.639265,0.6694627663046919,0.0,True
733,Regular credit-led,Established credit-led,2004-07-01,2010-01-01 09:17:00,2019-10-31 22:15:00,12.0,1539.0,1328.017515,0.5677817364469786,0.0,True
454,No purchases in window,Dormant eligible (quiet loss candidate),2005-03-01,,,0.0,0.0,0.0,0.0,,True
961,Regular credit-led,Established credit-led,2005-09-01,2010-01-01 05:26:00,2019-10-31 22:08:00,12.0,1168.0,734.094845,0.5331571269394022,0.0,True
768,No purchases in window,Dormant eligible (quiet loss candidate),2008-09-01,,,0.0,0.0,0.0,0.0,,True
817,No purchases in window,Too-new / post-window open (no txn history in data),2020-01-01,,,0.0,0.0,0.0,0.0,,False
78,No purchases in window,Dormant eligible (quiet loss candidate),2007-12-01,2010-01-02 01:32:00,,0.0,0.0,0.0,0.0,,True
1334,Regular credit-led,Established credit-led,2004-05-01,2010-01-01 11:57:00,2019-10-31 11:46:00,12.0,640.0,282.142485,0.5022013164704385,0.0,True
1610,Regular debit/prepaid-led,Established debit/prepaid-led,2007-12-01,2010-01-01 12:21:00,2019-10-31 23:45:00,12.0,1264.0,386.35113,0.4001745229000491,0.0,True
108,No purchases in window,Dormant eligible (quiet loss candidate),2008-04-01,,,0.0,0.0,0.0,0.0,,True
1308,No purchases in window,Dormant eligible (quiet loss candidate),2002-10-01,,,0.0,0.0,0.0,0.0,,True
780,Regular debit/prepaid-led,Established debit/prepaid-led,2010-12-01,2010-12-01 14:31:00,2019-10-31 12:43:00,12.0,808.0,0.0,0.0,0.0,True
1340,Regular credit-led,Established credit-led,2004-06-01,2010-01-01 13:28:00,2019-10-31 19:44:00,12.0,2111.0,2450.4921,0.6434275977493213,0.0,True
1888,Regular debit/prepaid-led,Established debit/prepaid-led,2003-02-01,2010-01-01 13:19:00,2019-10-31 19:58:00,12.0,2776.0,652.18352,0.0,0.0,True
247,Regular credit-led,Established credit-led,2005-03-01,2010-01-01 01:41:00,2019-10-31 19:35:00,12.0,1379.0,1290.644645,0.6084730421737367,0.0,True
238,No purchases in window,Too-new / post-window open (no txn history in data),2020-01-01,,,0.0,0.0,0.0,0.0,,False
915,No purchases in window,Dormant eligible (quiet loss candidate),2006-07-01,,,0.0,0.0,0.0,0.0,,True
1927,No purchases in window,Dormant eligible (quiet loss candidate),2011-11-01,,,0.0,0.0,0.0,0.0,,True
1658,No purchases in window,Too-new / post-window open (no txn history in data),2020-01-01,,,0.0,0.0,0.0,0.0,,False
1208,Regular debit/prepaid-led,Established debit/prepaid-led,2003-04-01,2010-01-01 09:02:00,2019-10-31 12:13:00,12.0,1048.0,235.37309,0.0,0.0,True
1255,No purchases in window,Too-new / post-window open (no txn history in data),2020-01-01,,,0.0,0.0,0.0,0.0,,False
85,No purchases in window,Too-new / post-window open (no txn history in data),2020-01-01,,,0.0,0.0,0.0,0.0,,False
1382,Regular debit/prepaid-led,Established debit/prepaid-led,2003-05-01,2010-01-01 04:05:00,2019-10-31 16:14:00,12.0,1824.0,676.6875699999999,0.4339206100238424,0.0,True
1932,No purchases in window,Too-new / post-window open (no txn history in data),2020-02-01,,,0.0,0.0,0.0,0.0,,False
1217,Regular credit-led,Established credit-led,1996-08-01,2010-01-03 07:52:00,2019-10-31 15:10:00,12.0,603.0,573.15876,0.5858489273154559,0.0,True
514,Regular debit/prepaid-led,Established debit/prepaid-led,1999-12-01,2010-01-01 09:37:00,2019-10-31 08:26:00,12.0,986.0,504.08457,0.4851230492358485,0.0,True
232,No purchases in window,Dormant eligible (quiet loss candidate),2009-03-01,,,0.0,0.0,0.0,0.0,,True
445,No purchases in window,Dormant eligible (quiet loss candidate),2006-08-01,,,0.0,0.0,0.0,0.0,,True
1206,No purchases in window,Dormant eligible (quiet loss candidate),2009-01-01,,,0.0,0.0,0.0,0.0,,True
1276,Regular credit-led,Established credit-led,1998-03-01,2010-01-01 12:53:00,2019-10-30 09:18:00,12.0,493.0,548.52681,0.6702541842100675,1.0,True
875,Regular credit-led,Established credit-led,2009-01-01,2010-01-01 15:57:00,2019-10-31 18:26:00,12.0,333.0,235.97642,0.7188697303425297,0.0,True
1546,Regular debit/prepaid-led,Established debit/prepaid-led,2007-11-01,2010-01-01 10:43:00,2019-10-31 11:24:00,12.0,684.0,347.12431,0.4843380292874972,0.0,True
422,No purchases in window,Too-new / post-window open (no txn history in data),2020-01-01,,,0.0,0.0,0.0,0.0,,False
519,Regular debit/prepaid-led,Established debit/prepaid-led,2008-06-01,2010-01-01 07:27:00,2019-10-31 11:26:00,12.0,921.0,143.66792,0.0,0.0,True
1408,No purchases in window,Dormant eligible (quiet loss candidate),2004-05-01,,,0.0,0.0,0.0,0.0,,True
1204,Regular debit/prepaid-led,Established debit/prepaid-led,2007-07-01,2010-01-01 10:57:00,2019-10-31 11:02:00,12.0,637.0,154.22953,0.0,0.0,True
276,No purchases in window,Too-new / post-window open (no txn history in data),2020-01-01,,,0.0,0.0,0.0,0.0,,False
1133,Regular debit/prepaid-led,Established debit/prepaid-led,2008-04-01,2010-01-01 06:51:00,2019-10-31 08:12:00,12.0,872.0,129.341475,0.0,0.0,True
1035,No purchases in window,Too-new / post-window open (no txn history in data),2020-01-01,,,0.0,0.0,0.0,0.0,,False
710,No purchases in window,Dormant eligible (quiet loss candidate),2008-09-01,,,0.0,0.0,0.0,0.0,,True
582,Regular credit-led,Established credit-led,1999-03-01,2011-10-01 07:10:00,2019-10-31 13:30:00,12.0,522.0,598.5244799999999,1.0,0.0,True
821,Regular credit-led,Established credit-led,2007-12-01,2010-01-01 18:46:00,2019-10-31 08:45:00,12.0,551.0,243.10633499999997,0.5111189290736574,0.0,True
1352,Regular debit/prepaid-led,Established debit/prepaid-led,1998-11-01,2010-01-01 07:49:00,2019-10-31 11:27:00,12.0,511.0,117.579645,0.0,0.0,True
831,Regular debit/prepaid-led,Established debit/prepaid-led,2005-06-01,2010-01-01 09:11:00,2019-10-31 21:21:00,12.0,676.0,371.903165,0.4952836752488758,0.0,True
936,No purchases in window,Too-new / post-window open (no txn history in data),2020-01-01,,,0.0,0.0,0.0,0.0,,False
578,No purchases in window,Dormant eligible (quiet loss candidate),2006-06-01,,,0.0,0.0,0.0,0.0,,True
1997,Regular credit-led,Established credit-led,2003-12-01,2010-01-02 06:30:00,2019-10-31 21:27:00,12.0,963.0,825.577315,0.6554100734542725,0.0,True
258,No purchases in window,Dormant eligible (quiet loss candidate),2017-05-01,,,0.0,0.0,0.0,0.0,,True
851,Regular credit-led,Established credit-led,2006-05-01,2010-01-02 09:22:00,2019-10-30 16:41:00,12.0,690.0,516.9691799999999,1.0,1.0,True
1951,No purchases in window,Dormant eligible (quiet loss candidate),2005-08-01,,,0.0,0.0,0.0,0.0,,True
1978,No purchases in window,Too-new / post-window open (no txn history in data),2020-01-01,,,0.0,0.0,0.0,0.0,,False
1897,Regular debit/prepaid-led,Established debit/prepaid-led,2001-10-01,2010-01-01 07:44:00,2019-10-31 16:53:00,12.0,1352.0,315.07249,0.0,0.0,True
972,Regular debit/prepaid-led,Established debit/prepaid-led,2005-08-01,2010-01-01 02:22:00,2019-10-31 20:20:00,12.0,1159.0,655.14813,0.4955521238304656,0.0,True
1010,No purchases in window,Dormant eligible (quiet loss candidate),2005-04-01,,,0.0,0.0,0.0,0.0,,True
1243,Regular credit-led,Established credit-led,2009-07-01,2010-01-01 15:10:00,2019-10-31 15:18:00,12.0,834.0,771.646135,0.5876684088328025,0.0,True
1976,Regular debit/prepaid-led,Established debit/prepaid-led,2009-02-01,2010-01-01 10:52:00,2019-10-31 09:47:00,12.0,1177.0,239.05051,0.0,0.0,True
91,No purchases in window,Dormant eligible (quiet loss candidate),2018-04-01,,,0.0,0.0,0.0,0.0,,True
1606,Regular debit/prepaid-led,Established debit/prepaid-led,1996-05-01,2010-01-01 20:39:00,2019-10-30 11:14:00,12.0,473.0,121.312935,0.0,1.0,True
1201,Regular debit/prepaid-led,Established debit/prepaid-led,2000-01-01,2010-01-01 00:57:00,2019-10-31 16:32:00,12.0,704.0,182.19307,0.0,0.0,True
1887,No purchases in window,Too-new / post-window open (no txn history in data),2020-01-01,,,0.0,0.0,0.0,0.0,,False
195,No purchases in window,Too-new / post-window open (no txn history in data),2020-01-01,,,0.0,0.0,0.0,0.0,,False
874,No purchases in window,Too-new / post-window open (no txn history in data),2020-01-01,,,0.0,0.0,0.0,0.0,,False
1317,Regular debit/prepaid-led,Established debit/prepaid-led,2003-12-01,2010-01-01 07:57:00,2019-10-31 23:33:00,12.0,834.0,288.34548,0.4817735673280396,0.0,True
1311,No purchases in window,Dormant eligible (quiet loss candidate),2011-02-01,,,0.0,0.0,0.0,0.0,,True
785,No purchases in window,Too-new / post-window open (no txn history in data),2020-01-01,,,0.0,0.0,0.0,0.0,,False
662,Regular debit/prepaid-led,Established debit/prepaid-led,2010-04-01,2010-04-01 12:44:00,2019-10-31 16:22:00,12.0,1457.0,188.613725,0.0,0.0,True
847,Regular credit-led,Established credit-led,2001-02-01,2010-01-01 05:15:00,2019-10-31 07:23:00,12.0,1143.0,765.87264,0.6553641589962372,0.0,True
685,No purchases in window,Too-new / post-window open (no txn history in data),2020-01-01,,,0.0,0.0,0.0,0.0,,False
617,No purchases in window,Dormant eligible (quiet loss candidate),2016-03-01,,,0.0,0.0,0.0,0.0,,True
23,No purchases in window,Too-new / post-window open (no txn history in data),2020-02-01,,,0.0,0.0,0.0,0.0,,False
339,No purchases in window,Too-new / post-window open (no txn history in data),2020-01-01,,,0.0,0.0,0.0,0.0,,False
280,Regular debit/prepaid-led,Established debit/prepaid-led,2002-05-01,2010-01-02 09:31:00,2019-10-31 20:46:00,12.0,894.0,590.7442,0.4674390456823163,0.0,True
1473,Regular debit/prepaid-led,Established debit/prepaid-led,2008-07-01,2010-01-01 15:54:00,2019-10-31 22:19:00,12.0,665.0,151.62954,0.0,0.0,True
65,Regular debit/prepaid-led,Established debit/prepaid-led,2005-09-01,2010-01-01 08:51:00,2019-10-31 11:17:00,12.0,870.0,200.178675,0.0,0.0,True
1353,Regular credit-led,Established credit-led,1999-02-01,2010-01-02 13:12:00,2019-10-30 18:39:00,12.0,560.0,397.42852,0.58419489220521,1.0,True
736,No purchases in window,Too-new / post-window open (no txn history in data),2020-01-01,,,0.0,0.0,0.0,0.0,,False
1670,Regular credit-led,Established credit-led,2004-12-01,2010-01-02 00:35:00,2019-10-31 14:21:00,12.0,863.0,590.84555,0.6668465737764236,0.0,True
1776,Regular credit-led,Established credit-led,1999-10-01,2010-01-01 02:17:00,2019-10-31 18:19:00,12.0,3590.0,2423.8971,1.0,0.0,True
1474,No purchases in window,Too-new / post-window open (no txn history in data),2020-02-01,,,0.0,0.0,0.0,0.0,,False
951,Regular credit-led,Established credit-led,2002-03-01,2010-01-01 21:01:00,2019-10-31 21:23:00,12.0,1110.0,441.23598,1.0,0.0,True
1818,Regular debit/prepaid-led,Established debit/prepaid-led,2009-06-01,2010-01-01 11:05:00,2019-10-31 11:55:00,12.0,1839.0,432.67828,0.0,0.0,True
1450,No purchases in window,Too-new / post-window open (no txn history in data),2020-02-01,,,0.0,0.0,0.0,0.0,,False
1524,No purchases in window,Too-new / post-window open (no txn history in data),2020-01-01,,,0.0,0.0,0.0,0.0,,False
1789,Regular debit/prepaid-led,Established debit/prepaid-led,2008-10-01,2010-01-01 10:32:00,2019-10-31 17:05:00,12.0,1029.0,236.69578,0.0,0.0,True
767,No purchases in window,Dormant eligible (quiet loss candidate),2006-03-01,,,0.0,0.0,0.0,0.0,,True
678,Regular debit/prepaid-led,Established debit/prepaid-led,2010-05-01,2010-05-01 22:18:00,2019-10-31 15:40:00,12.0,657.0,226.282135,0.450966941393397,0.0,True
471,No purchases in window,Dormant eligible (quiet loss candidate),1997-02-01,,,0.0,0.0,0.0,0.0,,True
757,Regular debit/prepaid-led,Established debit/prepaid-led,2006-08-01,2010-01-01 06:59:00,2019-10-31 18:20:00,12.0,1011.0,239.93186,0.0,0.0,True
1724,No purchases in window,No window purchases (opened near/during window),2019-10-01,,,0.0,0.0,0.0,0.0,,False
1603,Regular debit/prepaid-led,Established debit/prepaid-led,2007-03-01,2010-01-01 08:25:00,2019-10-31 15:51:00,12.0,1038.0,317.01849999999996,0.3569848382369518,0.0,True
224,No purchases in window,Too-new / post-window open (no txn history in data),2020-02-01,,,0.0,0.0,0.0,0.0,,False
808,Regular debit/prepaid-led,Established debit/prepaid-led,2011-06-01,2011-05-10 15:37:00,2019-10-31 19:14:00,12.0,1129.0,281.601945,0.0,0.0,True
1326,Regular debit/prepaid-led,Established debit/prepaid-led,2005-11-01,2010-01-01 06:40:00,2019-10-31 07:41:00,12.0,718.0,171.491525,0.0,0.0,True
158,No purchases in window,Dormant eligible (quiet loss candidate),2010-10-01,,,0.0,0.0,0.0,0.0,,True
1928,Regular credit-led,Established credit-led,1998-09-01,2010-01-01 15:15:00,2019-10-31 16:27:00,12.0,946.0,561.773975,0.5496547345620226,0.0,True
1575,Regular debit/prepaid-led,Established debit/prepaid-led,2006-03-01,2010-01-01 01:19:00,2019-10-31 17:40:00,12.0,2940.0,535.77901,0.0,0.0,True
1608,No purchases in window,Too-new / post-window open (no txn history in data),2020-02-01,,,0.0,0.0,0.0,0.0,,False
1455,Regular credit-led,Established credit-led,2005-12-01,2010-01-01 05:10:00,2019-10-31 16:43:00,12.0,865.0,323.20869,0.5160050560531579,0.0,True
1916,Regular credit-led,Established credit-led,1994-04-01,2010-01-01 11:41:00,2019-10-31 17:51:00,12.0,614.0,283.88313,0.5116616672453276,0.0,True
1617,No purchases in window,Dormant eligible (quiet loss candidate),2008-01-01,2010-01-02 12:41:00,,0.0,0.0,0.0,0.0,,True
143,No purchases in window,Too-new / post-window open (no txn history in data),2020-01-01,,,0.0,0.0,0.0,0.0,,False
1176,Regular debit/prepaid-led,Established debit/prepaid-led,2004-10-01,2010-01-01 06:59:00,2019-10-31 15:23:00,12.0,1626.0,375.627,0.0,0.0,True
1194,Regular debit/prepaid-led,Established debit/prepaid-led,2006-09-01,2010-01-01 09:33:00,2019-10-31 21:19:00,12.0,1500.0,630.298815,0.4433591468806834,0.0,True
423,No purchases in window,Too-new / post-window open (no txn history in data),2020-01-01,,,0.0,0.0,0.0,0.0,,False
580,Regular debit/prepaid-led,Established debit/prepaid-led,2008-05-01,2010-01-01 07:01:00,2019-10-31 16:54:00,12.0,1704.0,386.09602,0.0,0.0,True
4,Regular debit/prepaid-led,Established debit/prepaid-led,2003-11-01,2010-01-01 06:45:00,2019-10-31 21:26:00,12.0,1447.0,333.40006999999997,0.0,0.0,True
530,Regular debit/prepaid-led,Established debit/prepaid-led,2007-06-01,2010-01-01 05:56:00,2019-10-31 09:01:00,12.0,1338.0,294.646145,0.0,0.0,True
1826,Regular debit/prepaid-led,Established debit/prepaid-led,2002-12-01,2010-01-01 05:57:00,2019-10-31 12:00:00,12.0,695.0,0.0,0.0,0.0,True
595,Regular debit/prepaid-led,Established debit/prepaid-led,2006-03-01,2010-01-01 02:22:00,2019-10-31 11:36:00,12.0,488.0,113.157715,0.0,0.0,True
1022,Regular credit-led,Established credit-led,2006-04-01,2010-01-01 07:37:00,2019-10-31 11:46:00,12.0,1061.0,769.1109,0.5459046996541443,0.0,True
1108,No purchases in window,Too-new / post-window open (no txn history in data),2020-01-01,,,0.0,0.0,0.0,0.0,,False
246,Regular debit/prepaid-led,Established debit/prepaid-led,2007-04-01,2010-01-01 05:48:00,2019-10-31 09:05:00,12.0,619.0,160.64001,0.0,0.0,True
270,No purchases in window,Too-new / post-window open (no txn history in data),2020-01-01,,,0.0,0.0,0.0,0.0,,False
1945,Regular credit-led,Established credit-led,2008-06-01,2010-01-01 18:29:00,2019-10-31 22:53:00,12.0,480.0,249.553155,0.5062588565323145,0.0,True
1540,Regular credit-led,Established credit-led,2006-07-01,2010-01-01 05:04:00,2019-10-31 14:53:00,12.0,2235.0,876.35196,0.5859007200259327,0.0,True
1149,No purchases in window,Too-new / post-window open (no txn history in data),2020-01-01,,,0.0,0.0,0.0,0.0,,False
1438,No purchases in window,Too-new / post-window open (no txn history in data),2020-01-01,,,0.0,0.0,0.0,0.0,,False
409,No purchases in window,Dormant eligible (quiet loss candidate),2010-05-01,,,0.0,0.0,0.0,0.0,,True
694,No purchases in window,Dormant eligible (quiet loss candidate),2009-11-01,,,0.0,0.0,0.0,0.0,,True
382,No purchases in window,Dormant eligible (quiet loss candidate),2004-11-01,,,0.0,0.0,0.0,0.0,,True
629,Regular credit-led,Established credit-led,2007-01-01,2010-01-01 08:24:00,2019-10-31 18:02:00,12.0,860.0,965.575555,0.7012400042997156,0.0,True
1211,Regular credit-led,Established credit-led,1998-04-01,2010-01-03 07:37:00,2019-10-31 22:54:00,12.0,573.0,411.905685,0.5492273714165989,0.0,True
823,Regular credit-led,Established credit-led,2004-05-01,2010-01-01 13:00:00,2019-10-31 22:19:00,12.0,630.0,375.99091,0.5148424982906937,0.0,True
1304,No purchases in window,Too-new / post-window open (no txn history in data),2020-01-01,,,0.0,0.0,0.0,0.0,,False
89,Regular debit/prepaid-led,Established debit/prepaid-led,2009-05-01,2010-01-01 06:10:00,2019-10-31 18:26:00,12.0,1209.0,273.258035,0.0,0.0,True
1751,No purchases in window,Too-new / post-window open (no txn history in data),2020-01-01,,,0.0,0.0,0.0,0.0,,False
888,Regular debit/prepaid-led,Established debit/prepaid-led,2002-11-01,2010-01-01 16:33:00,2019-10-29 20:25:00,12.0,403.0,96.928405,0.0,2.0,True
81,Regular credit-led,Established credit-led,2002-09-01,2010-01-01 06:25:00,2019-10-31 23:33:00,12.0,1405.0,764.447025,0.5420512019476778,0.0,True
1021,No purchases in window,Too-new / post-window open (no txn history in data),2020-01-01,,,0.0,0.0,0.0,0.0,,False
826,Regular credit-led,Established credit-led,2005-01-01,2010-01-01 19:06:00,2019-10-31 20:07:00,12.0,378.0,513.09828,1.0,0.0,True
87,Regular debit/prepaid-led,Established debit/prepaid-led,2002-10-01,2010-01-01 09:22:00,2019-10-31 21:39:00,12.0,1277.0,478.838125,0.4406810238167101,0.0,True
1833,Regular debit/prepaid-led,Established debit/prepaid-led,2015-03-01,2014-07-16 12:43:00,2019-10-30 22:44:00,12.0,990.0,229.84451,0.0,1.0,True
829,No purchases in window,Dormant eligible (quiet loss candidate),2018-06-01,,,0.0,0.0,0.0,0.0,,True
1879,No purchases in window,Dormant eligible (quiet loss candidate),2004-11-01,2010-01-01 13:44:00,,0.0,0.0,0.0,0.0,,True
236,Regular debit/prepaid-led,Established debit/prepaid-led,2004-09-01,2010-01-01 07:51:00,2019-10-31 16:53:00,12.0,712.0,178.54634,0.0,0.0,True
1619,Regular credit-led,Established credit-led,2008-10-01,2010-01-01 08:29:00,2019-10-31 11:17:00,12.0,526.0,222.94337,0.5229197291039142,0.0,True
1146,No purchases in window,Too-new / post-window open (no txn history in data),2020-02-01,,,0.0,0.0,0.0,0.0,,False
803,Regular debit/prepaid-led,Established debit/prepaid-led,2001-06-01,2010-01-01 11:54:00,2019-10-31 16:53:00,12.0,1300.0,160.83844,0.0,0.0,True
193,No purchases in window,Too-new / post-window open (no txn history in data),2020-01-01,,,0.0,0.0,0.0,0.0,,False
1686,Regular credit-led,Established credit-led,2009-04-01,2010-01-01 03:36:00,2019-10-31 15:33:00,12.0,1933.0,2773.033805,0.6762671149345911,0.0,True
1959,Regular credit-led,Established credit-led,2006-01-01,2010-01-01 12:00:00,2019-10-31 01:19:00,12.0,492.0,869.5485,1.0,0.0,True
1342,No purchases in window,Dormant eligible (quiet loss candidate),2011-02-01,,,0.0,0.0,0.0,0.0,,True
1371,Regular credit-led,Established credit-led,2004-03-01,2010-01-02 03:02:00,2019-10-31 16:20:00,12.0,1199.0,460.900325,0.5302485317123704,0.0,True
1067,Regular credit-led,Established credit-led,2005-02-01,2010-01-01 07:11:00,2019-10-31 12:24:00,12.0,1384.0,774.92952,1.0,0.0,True
1019,Regular credit-led,Established credit-led,2008-10-01,2010-01-01 11:07:00,2019-10-31 19:32:00,12.0,872.0,631.229645,0.5540090755696093,0.0,True
1568,Regular credit-led,Established credit-led,2000-02-01,2010-01-01 13:56:00,2019-10-30 17:20:00,12.0,876.0,641.79339,0.5517633390426495,1.0,True
1765,Regular credit-led,Established credit-led,2006-05-01,2010-01-01 10:08:00,2019-10-31 20:23:00,12.0,846.0,853.4048399999999,1.0,0.0,True
1875,Regular debit/prepaid-led,Established debit/prepaid-led,2001-08-01,2010-01-01 13:22:00,2019-10-31 16:27:00,12.0,732.0,175.74175499999998,0.0,0.0,True
1111,No purchases in window,Too-new / post-window open (no txn history in data),2020-01-01,,,0.0,0.0,0.0,0.0,,False
1160,No purchases in window,Too-new / post-window open (no txn history in data),2020-01-01,,,0.0,0.0,0.0,0.0,,False
1574,No purchases in window,Too-new / post-window open (no txn history in data),2020-02-01,,,0.0,0.0,0.0,0.0,,False
189,No purchases in window,Dormant eligible (quiet loss candidate),2004-02-01,,,0.0,0.0,0.0,0.0,,True
466,No purchases in window,Dormant eligible (quiet loss candidate),2006-11-01,,,0.0,0.0,0.0,0.0,,True
659,Regular debit/prepaid-led,Established debit/prepaid-led,2007-01-01,2010-01-01 11:49:00,2019-10-31 08:32:00,12.0,1184.0,532.25925,0.4990741248304294,0.0,True
942,Regular credit-led,Established credit-led,2002-10-01,2010-01-01 11:42:00,2019-10-30 19:48:00,12.0,1190.0,795.847345,0.540891558226377,1.0,True
1234,Regular debit/prepaid-led,Established debit/prepaid-led,2001-01-01,2010-01-01 08:36:00,2019-10-31 23:33:00,12.0,1318.0,0.0,0.0,0.0,True
841,No purchases in window,Too-new / post-window open (no txn history in data),2020-01-01,,,0.0,0.0,0.0,0.0,,False
1388,No purchases in window,Too-new / post-window open (no txn history in data),2020-01-01,,,0.0,0.0,0.0,0.0,,False
1056,No purchases in window,Dormant eligible (quiet loss candidate),2014-06-01,,,0.0,0.0,0.0,0.0,,True
345,Regular credit-led,Established credit-led,2009-06-01,2010-01-02 12:49:00,2019-10-31 07:59:00,12.0,561.0,513.00684,1.0,0.0,True
308,No purchases in window,Dormant eligible (quiet loss candidate),2006-02-01,,,0.0,0.0,0.0,0.0,,True
1922,No purchases in window,Dormant eligible (quiet loss candidate),2001-04-01,,,0.0,0.0,0.0,0.0,,True
1156,Regular credit-led,Established credit-led,1999-01-01,2010-01-01 07:19:00,2019-10-31 22:44:00,12.0,1281.0,1371.80605,0.6249016306782356,0.0,True
561,Regular debit/prepaid-led,Established debit/prepaid-led,2005-09-01,2010-01-01 00:02:00,2019-10-31 14:00:00,12.0,1178.0,410.28648,0.4923649619019731,0.0,True
507,No purchases in window,Too-new / post-window open (no txn history in data),2020-01-01,,,0.0,0.0,0.0,0.0,,False
1522,No purchases in window,Dormant eligible (quiet loss candidate),2010-10-01,,,0.0,0.0,0.0,0.0,,True
695,No purchases in window,Dormant eligible (quiet loss candidate),2008-11-01,,,0.0,0.0,0.0,0.0,,True
285,Regular credit-led,Established credit-led,1991-12-01,2010-01-01 00:57:00,2019-10-31 18:32:00,12.0,3140.0,1805.31561,0.5250834963306344,0.0,True
113,Regular credit-led,Established credit-led,2002-09-01,2010-01-01 16:09:00,2019-10-30 14:07:00,12.0,548.0,656.78032,0.6834844667977028,1.0,True
1039,Regular debit/prepaid-led,Established debit/prepaid-led,1998-10-01,2010-01-01 12:31:00,2019-10-31 21:24:00,12.0,1506.0,689.21237,0.4683378149311087,0.0,True
176,Regular debit/prepaid-led,Established debit/prepaid-led,1999-02-01,2010-01-01 07:12:00,2019-10-31 15:04:00,12.0,1431.0,275.102045,0.0,0.0,True
1104,Regular credit-led,Established credit-led,2000-09-01,2010-01-01 10:53:00,2019-10-31 14:05:00,12.0,1319.0,831.52493,0.5200643567256519,0.0,True
946,Regular credit-led,Established credit-led,1994-09-01,2010-01-01 06:19:00,2019-10-31 13:06:00,12.0,1266.0,518.236725,0.6091295852480022,0.0,True
1465,No purchases in window,Dormant eligible (quiet loss candidate),2009-02-01,,,0.0,0.0,0.0,0.0,,True
25,No purchases in window,Too-new / post-window open (no txn history in data),2020-02-01,,,0.0,0.0,0.0,0.0,,False
571,Regular debit/prepaid-led,Established debit/prepaid-led,2009-12-01,2010-01-01 06:18:00,2019-10-31 13:02:00,12.0,1452.0,330.58869,0.0,0.0,True
1396,No purchases in window,Too-new / post-window open (no txn history in data),2020-01-01,,,0.0,0.0,0.0,0.0,,False
599,No purchases in window,Too-new / post-window open (no txn history in data),2020-01-01,,,0.0,0.0,0.0,0.0,,False
1074,Regular credit-led,Established credit-led,2002-08-01,2010-01-01 15:04:00,2019-10-31 15:45:00,12.0,484.0,343.57617,0.5766788656990397,0.0,True
214,No purchases in window,Dormant eligible (quiet loss candidate),2012-11-01,,,0.0,0.0,0.0,0.0,,True
771,Regular debit/prepaid-led,Established debit/prepaid-led,2003-10-01,2010-01-01 11:53:00,2019-10-31 10:28:00,12.0,497.0,99.668045,0.0,0.0,True
520,Regular credit-led,Established credit-led,2001-03-01,2010-01-01 08:05:00,2019-10-31 20:58:00,12.0,955.0,512.14068,0.5981541002837737,0.0,True
288,No purchases in window,Dormant eligible (quiet loss candidate),2006-11-01,,,0.0,0.0,0.0,0.0,,True
1979,Regular debit/prepaid-led,Established debit/prepaid-led,2001-05-01,2010-01-01 06:32:00,2019-10-31 11:17:00,12.0,449.0,110.84492,0.0,0.0,True
1253,Regular debit/prepaid-led,Established debit/prepaid-led,2008-04-01,2010-01-01 09:02:00,2019-10-31 16:45:00,12.0,1906.0,456.598745,0.0,0.0,True
311,Regular credit-led,Established credit-led,1999-08-01,2010-01-01 14:41:00,2019-10-31 15:04:00,12.0,557.0,382.1067,1.0,0.0,True
1346,No purchases in window,Dormant eligible (quiet loss candidate),2005-01-01,,,0.0,0.0,0.0,0.0,,True
1622,Regular debit/prepaid-led,Established debit/prepaid-led,2005-05-01,2010-01-01 02:08:00,2019-10-31 07:53:00,12.0,967.0,229.00872,0.0,0.0,True
852,Regular credit-led,Established credit-led,2006-01-01,2010-01-01 12:33:00,2019-10-31 17:51:00,12.0,1812.0,834.636735,0.7028895010538841,0.0,True
1394,Regular credit-led,Established credit-led,2010-06-01,2010-06-01 15:57:00,2019-10-31 15:56:00,12.0,1307.0,689.4555,0.5823832294977633,0.0,True
957,Regular credit-led,Established credit-led,2003-09-01,2010-01-01 03:13:00,2019-10-31 08:07:00,12.0,1024.0,766.06112,0.5950512148040346,0.0,True
515,Regular debit/prepaid-led,Established debit/prepaid-led,2002-06-01,2010-01-01 06:27:00,2019-10-31 12:06:00,12.0,907.0,200.356165,0.0,0.0,True
1303,Regular credit-led,Established credit-led,2002-05-01,2010-01-04 06:22:00,2019-10-26 11:35:00,12.0,381.0,461.645015,0.6757704498834289,5.0,True
1287,No purchases in window,Dormant eligible (quiet loss candidate),2006-07-01,,,0.0,0.0,0.0,0.0,,True
296,No purchases in window,Dormant eligible (quiet loss candidate),1999-10-01,,,0.0,0.0,0.0,0.0,,True
1059,No purchases in window,Dormant eligible (quiet loss candidate),2010-04-01,,,0.0,0.0,0.0,0.0,,True
1378,Regular debit/prepaid-led,Established debit/prepaid-led,2007-05-01,2010-01-01 04:31:00,2019-10-31 22:26:00,12.0,1288.0,605.72178,0.4627071816050583,0.0,True
1297,No purchases in window,Dormant eligible (quiet loss candidate),2010-02-01,,,0.0,0.0,0.0,0.0,,True
1727,Regular debit/prepaid-led,Established debit/prepaid-led,2006-07-01,2010-01-01 07:05:00,2019-10-31 22:07:00,12.0,2437.0,428.67189,0.0,0.0,True
310,No purchases in window,Too-new / post-window open (no txn history in data),2020-01-01,,,0.0,0.0,0.0,0.0,,False
673,No purchases in window,Dormant eligible (quiet loss candidate),2000-02-01,,,0.0,0.0,0.0,0.0,,True
1283,Regular credit-led,Established credit-led,2005-09-01,2010-01-02 11:43:00,2019-10-31 11:48:00,12.0,1024.0,759.83481,0.5587344020504659,0.0,True
1239,Regular credit-led,Established credit-led,2004-11-01,2010-01-01 23:44:00,2019-10-31 10:51:00,12.0,1078.0,504.51135,0.5383150715843843,0.0,True
1691,No purchases in window,Too-new / post-window open (no txn history in data),2020-01-01,,,0.0,0.0,0.0,0.0,,False
1078,Regular debit/prepaid-led,Established debit/prepaid-led,2007-11-01,2010-01-01 22:26:00,2019-10-31 22:24:00,12.0,1119.0,268.30146,0.0,0.0,True
124,Regular debit/prepaid-led,Established debit/prepaid-led,2010-05-01,2010-05-01 22:19:00,2019-10-31 15:17:00,12.0,968.0,214.59746,0.0,0.0,True
99,No purchases in window,Dormant eligible (quiet loss candidate),2001-05-01,,,0.0,0.0,0.0,0.0,,True
1722,No purchases in window,Dormant eligible (quiet loss candidate),2014-04-01,,,0.0,0.0,0.0,0.0,,True
562,No purchases in window,Too-new / post-window open (no txn history in data),2020-01-01,,,0.0,0.0,0.0,0.0,,False
750,Regular debit/prepaid-led,Established debit/prepaid-led,2003-06-01,2010-01-01 09:36:00,2019-10-31 11:29:00,12.0,486.0,70.70978,0.0,0.0,True
1223,Regular debit/prepaid-led,Established debit/prepaid-led,2004-02-01,2010-01-02 16:25:00,2019-10-31 15:00:00,11.0,364.0,103.847905,0.0,0.0,True
1319,No purchases in window,Too-new / post-window open (no txn history in data),2020-02-01,,,0.0,0.0,0.0,0.0,,False
575,Regular credit-led,Established credit-led,2001-07-01,2010-01-01 11:26:00,2019-10-31 20:14:00,12.0,786.0,445.76398,0.5161551834779808,0.0,True
428,Regular credit-led,Established credit-led,2008-07-01,2010-01-01 06:55:00,2019-10-31 22:59:00,12.0,1068.0,985.91742,1.0,0.0,True
828,Regular credit-led,Established credit-led,2006-07-01,2010-01-01 08:58:00,2019-10-31 23:19:00,12.0,2013.0,1029.43638,1.0,0.0,True
1580,No purchases in window,Too-new / post-window open (no txn history in data),2020-02-01,,,0.0,0.0,0.0,0.0,,False
1570,No purchases in window,Too-new / post-window open (no txn history in data),2020-01-01,,,0.0,0.0,0.0,0.0,,False
846,Regular credit-led,Established credit-led,2009-06-01,2010-01-01 07:10:00,2019-10-31 22:57:00,12.0,1868.0,1445.37948,1.0,0.0,True
666,No purchases in window,Dormant eligible (quiet loss candidate),2010-02-01,,,0.0,0.0,0.0,0.0,,True
335,Regular debit/prepaid-led,Established debit/prepaid-led,2008-10-01,2010-01-01 00:21:00,2019-10-31 09:28:00,12.0,1033.0,248.13158,0.0,0.0,True
639,Regular credit-led,Established credit-led,2004-10-01,2010-01-01 12:02:00,2019-10-31 18:28:00,12.0,2092.0,792.40611,0.5145720698768079,0.0,True
386,Regular debit/prepaid-led,Established debit/prepaid-led,2002-07-01,2010-01-01 09:28:00,2019-10-31 19:27:00,12.0,1631.0,382.19457,0.0,0.0,True
886,No purchases in window,Too-new / post-window open (no txn history in data),2020-01-01,,,0.0,0.0,0.0,0.0,,False
297,No purchases in window,Too-new / post-window open (no txn history in data),2020-01-01,,,0.0,0.0,0.0,0.0,,False
1860,No purchases in window,Dormant eligible (quiet loss candidate),2008-08-01,,,0.0,0.0,0.0,0.0,,True
581,Regular debit/prepaid-led,Established debit/prepaid-led,2003-07-01,2010-01-01 12:20:00,2019-10-31 21:43:00,12.0,765.0,173.84689,0.0,0.0,True
1910,Regular debit/prepaid-led,Established debit/prepaid-led,2002-06-01,2010-01-01 07:01:00,2019-10-31 23:21:00,12.0,1870.0,351.773665,0.0,0.0,True
731,Regular debit/prepaid-led,Established debit/prepaid-led,2011-11-01,2011-03-12 07:36:00,2019-10-29 21:41:00,12.0,449.0,111.12518,0.0,2.0,True
21,Regular debit/prepaid-led,Established debit/prepaid-led,2007-02-01,2010-01-01 19:24:00,2019-10-30 19:19:00,12.0,818.0,117.451555,0.0,1.0,True
273,Regular credit-led,Established credit-led,2002-12-01,2010-01-02 16:56:00,2019-10-31 16:40:00,12.0,880.0,838.9584,1.0,0.0,True
63,Regular debit/prepaid-led,Established debit/prepaid-led,1999-05-01,2010-01-01 01:53:00,2019-10-31 11:47:00,12.0,1514.0,269.68277,0.0,0.0,True
786,No purchases in window,Too-new / post-window open (no txn history in data),2020-01-01,,,0.0,0.0,0.0,0.0,,False
1886,No purchases in window,Too-new / post-window open (no txn history in data),2020-01-01,,,0.0,0.0,0.0,0.0,,False
103,Regular debit/prepaid-led,Established debit/prepaid-led,1999-02-01,2010-01-01 04:21:00,2019-10-30 21:01:00,12.0,422.0,259.602935,0.4783303815117057,1.0,True
1193,Regular debit/prepaid-led,Established debit/prepaid-led,2003-09-01,2010-01-01 06:44:00,2019-10-31 10:45:00,12.0,1244.0,280.567335,0.0,0.0,True
585,Regular debit/prepaid-led,Established debit/prepaid-led,2007-12-01,2010-01-01 04:14:00,2019-10-31 20:58:00,12.0,1366.0,308.94734,0.0,0.0,True
1532,No purchases in window,Too-new / post-window open (no txn history in data),2020-02-01,,,0.0,0.0,0.0,0.0,,False
1958,Regular debit/prepaid-led,Established debit/prepaid-led,2000-06-01,2010-01-01 10:45:00,2019-10-31 20:15:00,12.0,871.0,342.730635,0.4893726768435411,0.0,True
744,Regular debit/prepaid-led,Established debit/prepaid-led,2004-05-01,2010-01-01 10:19:00,2019-10-30 14:42:00,12.0,843.0,394.169975,0.476548914301588,1.0,True
1836,No purchases in window,Dormant eligible (quiet loss candidate),2004-08-01,,,0.0,0.0,0.0,0.0,,True
477,Regular credit-led,Established credit-led,2003-04-01,2010-01-01 06:20:00,2019-10-30 06:45:00,12.0,979.0,750.89934,0.7833249583065645,1.0,True
1713,No purchases in window,Too-new / post-window open (no txn history in data),2020-02-01,,,0.0,0.0,0.0,0.0,,False
1506,No purchases in window,Too-new / post-window open (no txn history in data),2020-01-01,,,0.0,0.0,0.0,0.0,,False
357,Regular credit-led,Established credit-led,2002-05-01,2010-01-01 06:10:00,2019-10-31 23:49:00,12.0,1018.0,696.17225,0.6147740206470476,0.0,True
535,No purchases in window,Dormant eligible (quiet loss candidate),2015-09-01,,,0.0,0.0,0.0,0.0,,True
778,No purchases in window,Dormant eligible (quiet loss candidate),2001-06-01,,,0.0,0.0,0.0,0.0,,True
950,No purchases in window,Too-new / post-window open (no txn history in data),2020-02-01,,,0.0,0.0,0.0,0.0,,False
1080,Regular debit/prepaid-led,Established debit/prepaid-led,2005-12-01,2010-01-01 04:06:00,2019-10-31 19:30:00,12.0,1205.0,463.3696,0.4721750685871056,0.0,True
1197,No purchases in window,Too-new / post-window open (no txn history in data),2020-01-01,,,0.0,0.0,0.0,0.0,,False
711,Regular debit/prepaid-led,Established debit/prepaid-led,2008-09-01,2010-01-01 07:38:00,2019-09-30 21:13:00,11.0,1057.0,255.26332,0.0,31.0,True
1731,Regular credit-led,Established credit-led,1998-05-01,2010-01-01 01:47:00,2019-10-31 15:23:00,12.0,375.0,268.596445,0.5275418842813033,0.0,True
451,Regular debit/prepaid-led,Established debit/prepaid-led,2004-12-01,2010-01-01 09:41:00,2019-10-31 09:45:00,12.0,644.0,351.643315,0.482704255187828,0.0,True
1290,No purchases in window,Dormant eligible (quiet loss candidate),2006-07-01,,,0.0,0.0,0.0,0.0,,True
1817,Regular debit/prepaid-led,Established debit/prepaid-led,2007-04-01,2010-01-01 06:59:00,2019-10-31 10:47:00,12.0,1700.0,408.853315,0.0,0.0,True
56,No purchases in window,Too-new / post-window open (no txn history in data),2020-01-01,,,0.0,0.0,0.0,0.0,,False
1383,Regular debit/prepaid-led,Established debit/prepaid-led,2001-10-01,2010-01-01 13:51:00,2019-10-31 18:58:00,12.0,1210.0,286.83076,0.0,0.0,True
1915,Regular credit-led,Established credit-led,2003-08-01,2010-01-01 09:43:00,2019-10-31 20:24:00,12.0,1334.0,1075.02819,0.5966731690072331,0.0,True
1882,Regular debit/prepaid-led,Established debit/prepaid-led,2001-06-01,2010-01-01 14:16:00,2019-10-31 16:26:00,12.0,554.0,277.75404,0.2707885161697798,0.0,True
1467,Regular debit/prepaid-led,Established debit/prepaid-led,2012-06-01,2012-06-01 09:05:00,2019-10-30 02:49:00,12.0,1171.0,268.002785,0.0,1.0,True
1791,Regular debit/prepaid-led,Established debit/prepaid-led,2005-09-01,2010-01-01 06:43:00,2019-10-31 14:17:00,12.0,634.0,145.398405,0.0,0.0,True
447,Regular credit-led,Established credit-led,2003-07-01,2010-01-01 07:33:00,2019-10-31 14:35:00,12.0,685.0,328.32277,0.5547408062710124,0.0,True
1640,Regular credit-led,Established credit-led,2002-10-01,2010-01-01 06:21:00,2019-10-31 13:44:00,12.0,401.0,322.825965,0.5542024566935141,0.0,True
636,Regular debit/prepaid-led,Established debit/prepaid-led,2009-06-01,2010-01-01 06:41:00,2019-10-30 08:12:00,12.0,443.0,100.651015,0.0,1.0,True
782,Regular debit/prepaid-led,Established debit/prepaid-led,2005-08-01,2010-01-01 08:55:00,2019-10-31 14:47:00,12.0,1772.0,284.96013,0.0,0.0,True
316,Regular credit-led,Established credit-led,2002-01-01,2010-01-01 07:06:00,2019-10-31 11:23:00,12.0,918.0,784.4232,0.5553585603218616,0.0,True
1192,Regular debit/prepaid-led,Established debit/prepaid-led,2010-02-01,2010-02-01 14:26:00,2019-10-31 13:35:00,12.0,738.0,163.26115,0.0,0.0,True
787,No purchases in window,Too-new / post-window open (no txn history in data),2020-01-01,,,0.0,0.0,0.0,0.0,,False
251,No purchases in window,Too-new / post-window open (no txn history in data),2020-01-01,,,0.0,0.0,0.0,0.0,,False
1351,No purchases in window,Too-new / post-window open (no txn history in data),2020-02-01,,,0.0,0.0,0.0,0.0,,False
490,Regular debit/prepaid-led,Established debit/prepaid-led,2006-07-01,2010-01-01 14:26:00,2019-10-31 15:53:00,12.0,1995.0,492.520765,0.0,0.0,True
1935,No purchases in window,Too-new / post-window open (no txn history in data),2020-01-01,,,0.0,0.0,0.0,0.0,,False
387,No purchases in window,Dormant eligible (quiet loss candidate),2006-09-01,2010-01-01 02:35:00,,0.0,0.0,0.0,0.0,,True
869,Regular debit/prepaid-led,Established debit/prepaid-led,2007-11-01,2010-01-01 15:44:00,2019-10-31 15:03:00,12.0,700.0,98.733185,0.0,0.0,True
1865,No purchases in window,Too-new / post-window open (no txn history in data),2020-02-01,,,0.0,0.0,0.0,0.0,,False
268,No purchases in window,Too-new / post-window open (no txn history in data),2020-01-01,,,0.0,0.0,0.0,0.0,,False
1124,No purchases in window,Dormant eligible (quiet loss candidate),2004-08-01,,,0.0,0.0,0.0,0.0,,True
721,Regular credit-led,Established credit-led,2007-06-01,2010-01-02 10:12:00,2019-10-31 10:54:00,12.0,1027.0,375.41441,0.5140060462501979,0.0,True
813,No purchases in window,Dormant eligible (quiet loss candidate),2008-01-01,,,0.0,0.0,0.0,0.0,,True
152,Regular credit-led,Established credit-led,2003-05-01,2010-01-01 01:54:00,2019-10-31 07:15:00,12.0,883.0,1444.82508,0.9313210101994436,0.0,True
1896,Regular debit/prepaid-led,Established debit/prepaid-led,2002-10-01,2010-01-01 12:15:00,2019-10-31 17:19:00,12.0,1307.0,496.673875,0.4518801375852621,0.0,True
1028,Regular credit-led,Established credit-led,2005-05-01,2010-01-01 07:04:00,2019-10-31 09:18:00,12.0,1311.0,1067.457195,0.550717562632313,0.0,True
922,No purchases in window,Too-new / post-window open (no txn history in data),2020-01-01,,,0.0,0.0,0.0,0.0,,False
549,Regular credit-led,Established credit-led,2006-01-01,2010-01-01 07:08:00,2019-10-31 06:00:00,12.0,562.0,752.2488,1.0,0.0,True
565,Regular debit/prepaid-led,Established debit/prepaid-led,2006-11-01,2010-01-01 06:33:00,2019-10-31 11:37:00,12.0,1437.0,335.182585,0.0,0.0,True
1980,Regular debit/prepaid-led,Established debit/prepaid-led,2005-12-01,2010-01-01 17:01:00,2019-10-30 19:08:00,12.0,484.0,114.7638,0.0,1.0,True
1494,Regular credit-led,Established credit-led,2014-06-01,2014-06-02 07:47:00,2019-10-31 12:01:00,12.0,677.0,284.29344,0.5584909993505791,0.0,True
1809,Regular credit-led,Established credit-led,2005-12-01,2010-01-01 07:11:00,2019-10-31 19:53:00,12.0,1790.0,944.005345,0.5817093970376982,0.0,True
637,Regular debit/prepaid-led,Established debit/prepaid-led,2005-07-01,2010-01-01 10:45:00,2019-10-31 18:38:00,12.0,1596.0,375.96009,0.0,0.0,True
1770,Regular debit/prepaid-led,Established debit/prepaid-led,2011-12-01,2011-12-01 10:46:00,2019-10-31 12:59:00,12.0,941.0,214.457295,0.0,0.0,True
527,No purchases in window,Dormant eligible (quiet loss candidate),2014-08-01,,,0.0,0.0,0.0,0.0,,True
1139,No purchases in window,Too-new / post-window open (no txn history in data),2020-01-01,,,0.0,0.0,0.0,0.0,,False
1459,Regular debit/prepaid-led,Established debit/prepaid-led,2008-01-01,2010-01-01 02:57:00,2019-10-31 18:48:00,12.0,1733.0,516.778955,0.4001037460544141,0.0,True
1544,Regular credit-led,Established credit-led,2013-05-01,2013-05-01 14:04:00,2019-10-31 21:39:00,12.0,1257.0,861.325745,0.5462651090963218,0.0,True
1174,No purchases in window,Too-new / post-window open (no txn history in data),2020-01-01,,,0.0,0.0,0.0,0.0,,False
112,Regular debit/prepaid-led,Established debit/prepaid-led,2008-02-01,2010-01-01 06:07:00,2019-10-31 22:30:00,12.0,3026.0,1291.21937,0.4602363983950322,0.0,True
369,Regular credit-led,Established credit-led,2002-11-01,2010-01-01 11:33:00,2019-10-31 20:11:00,12.0,1211.0,1162.9998,0.7638549348595357,0.0,True
994,Regular debit/prepaid-led,Established debit/prepaid-led,2001-11-01,2010-01-01 15:11:00,2019-10-31 05:18:00,12.0,736.0,163.00646,0.0,0.0,True
1592,No purchases in window,Too-new / post-window open (no txn history in data),2020-02-01,,,0.0,0.0,0.0,0.0,,False
1029,Regular credit-led,Established credit-led,2007-06-01,2010-01-01 22:42:00,2019-10-31 15:10:00,12.0,573.0,443.05952,0.5869603593059968,0.0,True
1680,Regular debit/prepaid-led,Established debit/prepaid-led,2017-10-01,2016-03-25 00:10:00,2019-10-31 14:50:00,12.0,850.0,195.34983,0.0,0.0,True
1052,Regular debit/prepaid-led,Established debit/prepaid-led,1998-07-01,2010-01-01 06:18:00,2019-10-31 16:56:00,12.0,977.0,244.973835,0.0,0.0,True
494,Regular credit-led,Established credit-led,2004-06-01,2010-01-02 12:25:00,2019-10-31 13:27:00,12.0,913.0,629.8884,1.0,0.0,True
94,Regular debit/prepaid-led,Established debit/prepaid-led,2005-05-01,2010-01-01 06:33:00,2019-10-31 18:09:00,12.0,1304.0,297.089505,0.0,0.0,True
425,Regular debit/prepaid-led,Established debit/prepaid-led,2009-10-01,2010-01-01 06:07:00,2019-10-31 12:06:00,12.0,1712.0,392.50672,0.0,0.0,True
1720,Regular debit/prepaid-led,Established debit/prepaid-led,2005-04-01,2010-01-01 12:03:00,2019-10-31 21:28:00,12.0,773.0,192.4751,0.0,0.0,True
1699,Regular debit/prepaid-led,Established debit/prepaid-led,2003-02-01,2010-01-01 11:23:00,2019-10-31 11:53:00,12.0,1713.0,341.936715,0.0,0.0,True
1495,Regular debit/prepaid-led,Established debit/prepaid-led,1999-10-01,2010-01-01 10:21:00,2019-10-31 18:57:00,12.0,1165.0,698.0533849999999,0.4902303925108721,0.0,True
1005,No purchases in window,Too-new / post-window open (no txn history in data),2020-01-01,,,0.0,0.0,0.0,0.0,,False
439,No purchases in window,Dormant eligible (quiet loss candidate),2016-04-01,,,0.0,0.0,0.0,0.0,,True
1285,Regular debit/prepaid-led,Established debit/prepaid-led,2000-06-01,2010-01-01 13:45:00,2019-10-31 17:22:00,12.0,1043.0,257.04427499999997,0.0,0.0,True
1973,Regular debit/prepaid-led,Established debit/prepaid-led,2005-05-01,2010-01-01 12:24:00,2019-10-31 12:23:00,12.0,501.0,98.17626,0.0,0.0,True
448,No purchases in window,Too-new / post-window open (no txn history in data),2020-01-01,,,0.0,0.0,0.0,0.0,,False
1907,No purchases in window,Dormant eligible (quiet loss candidate),2007-09-01,,,0.0,0.0,0.0,0.0,,True
73,Regular credit-led,Established credit-led,2009-09-01,2010-01-01 13:52:00,2019-10-31 18:16:00,12.0,671.0,740.0687,0.674352774401547,0.0,True
1097,Regular debit/prepaid-led,Established debit/prepaid-led,2008-09-01,2010-01-01 02:05:00,2019-10-31 07:10:00,12.0,739.0,169.336745,0.0,0.0,True
1644,Regular debit/prepaid-led,Established debit/prepaid-led,2008-07-01,2010-01-01 10:33:00,2019-10-31 16:54:00,12.0,1316.0,623.53294,0.4611481696810338,0.0,True
967,No purchases in window,Dormant eligible (quiet loss candidate),2000-02-01,,,0.0,0.0,0.0,0.0,,True
1929,No purchases in window,Too-new / post-window open (no txn history in data),2020-02-01,,,0.0,0.0,0.0,0.0,,False
1114,Regular debit/prepaid-led,Established debit/prepaid-led,2007-09-01,2010-01-01 11:25:00,2019-10-31 13:27:00,12.0,808.0,127.08299,0.0,0.0,True
1087,Regular debit/prepaid-led,Established debit/prepaid-led,2004-02-01,2010-01-01 01:41:00,2019-10-31 12:53:00,12.0,673.0,289.800685,0.4691038679151326,0.0,True
95,No purchases in window,Too-new / post-window open (no txn history in data),2020-02-01,,,0.0,0.0,0.0,0.0,,False
1778,No purchases in window,Too-new / post-window open (no txn history in data),2020-01-01,,,0.0,0.0,0.0,0.0,,False
1031,Regular credit-led,Established credit-led,2006-07-01,2010-01-01 08:11:00,2019-10-31 12:17:00,12.0,761.0,583.554555,0.6964452419251211,0.0,True
788,No purchases in window,Too-new / post-window open (no txn history in data),2020-02-01,,,0.0,0.0,0.0,0.0,,False
728,Regular debit/prepaid-led,Established debit/prepaid-led,2009-02-01,2010-01-01 08:54:00,2019-10-30 12:54:00,12.0,661.0,150.6527,0.0,1.0,True
1639,Regular debit/prepaid-led,Established debit/prepaid-led,2010-02-01,2010-01-17 11:14:00,2019-10-31 14:03:00,12.0,1133.0,283.732425,0.0,0.0,True
1587,Regular credit-led,Established credit-led,2010-05-01,2010-05-01 11:55:00,2019-10-31 20:07:00,12.0,1211.0,1466.16661,0.6426660717624522,0.0,True
1883,No purchases in window,Dormant eligible (quiet loss candidate),2004-09-01,,,0.0,0.0,0.0,0.0,,True
712,Regular debit/prepaid-led,Established debit/prepaid-led,2007-07-01,2010-01-01 11:14:00,2019-10-31 11:02:00,12.0,809.0,336.03775,0.4265240561994559,0.0,True
1414,No purchases in window,Dormant eligible (quiet loss candidate),2004-03-01,,,0.0,0.0,0.0,0.0,,True
243,No purchases in window,Too-new / post-window open (no txn history in data),2020-01-01,,,0.0,0.0,0.0,0.0,,False
146,Regular credit-led,Established credit-led,2004-04-01,2010-01-01 08:48:00,2019-10-31 13:22:00,12.0,702.0,588.968655,0.6270158615390377,0.0,True
715,No purchases in window,No window purchases (opened near/during window),2019-12-01,,,0.0,0.0,0.0,0.0,,False
1489,No purchases in window,Dormant eligible (quiet loss candidate),2006-12-01,,,0.0,0.0,0.0,0.0,,True
1232,No purchases in window,Too-new / post-window open (no txn history in data),2020-01-01,,,0.0,0.0,0.0,0.0,,False
842,No purchases in window,Dormant eligible (quiet loss candidate),2006-11-01,,,0.0,0.0,0.0,0.0,,True
486,No purchases in window,Too-new / post-window open (no txn history in data),2020-01-01,,,0.0,0.0,0.0,0.0,,False
763,Regular credit-led,Established credit-led,2003-10-01,2010-01-01 06:03:00,2019-10-31 12:04:00,12.0,1309.0,1768.75956,1.0,0.0,True
154,Regular debit/prepaid-led,Established debit/prepaid-led,2003-11-01,2010-01-01 10:44:00,2019-10-31 20:32:00,12.0,1477.0,339.188705,0.0,0.0,True
704,Regular credit-led,Established credit-led,2003-11-01,2010-01-01 07:23:00,2019-10-31 22:39:00,12.0,2167.0,2404.818185,0.6591160598975462,0.0,True
1409,No purchases in window,Too-new / post-window open (no txn history in data),2020-02-01,,,0.0,0.0,0.0,0.0,,False
1601,No purchases in window,Too-new / post-window open (no txn history in data),2020-01-01,,,0.0,0.0,0.0,0.0,,False
729,Regular credit-led,Established credit-led,2007-11-01,2010-01-01 10:56:00,2019-10-31 11:15:00,12.0,891.0,524.89156,0.5636494909433835,0.0,True
1016,Regular credit-led,Established credit-led,2005-03-01,2010-01-03 22:17:00,2019-10-30 21:59:00,12.0,222.0,87.96791999999999,0.5587621679812511,1.0,True
1214,Regular debit/prepaid-led,Established debit/prepaid-led,2007-11-01,2010-01-01 02:25:00,2019-10-31 19:10:00,12.0,1145.0,269.486,0.0,0.0,True
1760,No purchases in window,Too-new / post-window open (no txn history in data),2020-02-01,,,0.0,0.0,0.0,0.0,,False
927,No purchases in window,Dormant eligible (quiet loss candidate),2011-09-01,,,0.0,0.0,0.0,0.0,,True
1667,No purchases in window,Too-new / post-window open (no txn history in data),2020-01-01,,,0.0,0.0,0.0,0.0,,False
1796,No purchases in window,Dormant eligible (quiet loss candidate),2002-11-01,,,0.0,0.0,0.0,0.0,,True
179,No purchases in window,Dormant eligible (quiet loss candidate),2008-05-01,,,0.0,0.0,0.0,0.0,,True
395,Regular credit-led,Established credit-led,2001-03-01,2010-01-03 07:41:00,2019-10-31 23:06:00,12.0,647.0,610.38252,1.0,0.0,True
513,No purchases in window,Dormant eligible (quiet loss candidate),2015-02-01,,,0.0,0.0,0.0,0.0,,True
187,No purchases in window,Dormant eligible (quiet loss candidate),2006-09-01,,,0.0,0.0,0.0,0.0,,True
491,Regular debit/prepaid-led,Established debit/prepaid-led,2002-06-01,2010-01-04 11:40:00,2019-10-30 14:31:00,12.0,318.0,148.666705,0.4823817397956515,1.0,True
1153,Regular debit/prepaid-led,Established debit/prepaid-led,2001-03-01,2010-01-01 10:02:00,2019-10-31 13:57:00,12.0,455.0,0.0,0.0,0.0,True
377,Regular debit/prepaid-led,Established debit/prepaid-led,2006-09-01,2010-01-01 03:56:00,2019-10-31 15:28:00,12.0,1243.0,747.477905,0.4878992851162472,0.0,True
850,Regular debit/prepaid-led,Established debit/prepaid-led,2014-11-01,2014-11-01 07:19:00,2019-10-31 18:41:00,12.0,1394.0,315.82729,0.0,0.0,True
1186,No purchases in window,Dormant eligible (quiet loss candidate),2004-01-01,,,0.0,0.0,0.0,0.0,,True
1694,Regular credit-led,Established credit-led,2005-06-01,2010-01-01 06:21:00,2019-10-31 19:13:00,12.0,1007.0,929.20788,0.9490315055118856,0.0,True
716,Regular credit-led,Established credit-led,2009-09-01,2010-01-01 09:41:00,2019-10-31 16:56:00,12.0,1387.0,979.96608,1.0,0.0,True
1131,Regular credit-led,Established credit-led,2007-06-01,2010-11-01 06:39:00,2019-10-31 14:57:00,12.0,942.0,1109.68326,0.6105922887556893,0.0,True
1719,Regular debit/prepaid-led,Established debit/prepaid-led,2000-10-01,2010-01-01 06:36:00,2019-10-31 06:56:00,12.0,995.0,223.31592,0.0,0.0,True
254,Regular debit/prepaid-led,Established debit/prepaid-led,2010-02-01,2010-01-16 06:15:00,2019-10-31 21:23:00,12.0,1900.0,456.480795,0.0,0.0,True
226,No purchases in window,Dormant eligible (quiet loss candidate),2013-04-01,,,0.0,0.0,0.0,0.0,,True
1307,Regular credit-led,Established credit-led,2000-05-01,2010-01-01 07:54:00,2019-10-31 18:44:00,12.0,886.0,897.51378,0.5950413957754035,0.0,True
1095,Regular debit/prepaid-led,Established debit/prepaid-led,2006-10-01,2010-01-02 09:34:00,2019-10-31 14:50:00,12.0,533.0,125.687485,0.0,0.0,True
1729,No purchases in window,Dormant eligible (quiet loss candidate),2009-10-01,,,0.0,0.0,0.0,0.0,,True
1466,Regular debit/prepaid-led,Established debit/prepaid-led,2007-09-01,2010-01-01 12:11:00,2019-10-31 18:49:00,12.0,1492.0,579.310645,0.4760260749803052,0.0,True
1226,Regular credit-led,Established credit-led,2005-08-01,2010-01-01 16:21:00,2019-10-31 17:45:00,12.0,915.0,657.809435,0.5705970641719322,0.0,True
1755,Regular credit-led,Established credit-led,2002-02-01,2010-01-01 00:43:00,2019-10-31 13:11:00,12.0,1413.0,460.3445,0.5009663029536758,0.0,True
475,No purchases in window,Too-new / post-window open (no txn history in data),2020-01-01,,,0.0,0.0,0.0,0.0,,False
1956,Regular debit/prepaid-led,Established debit/prepaid-led,2002-10-01,2010-01-01 06:37:00,2019-10-31 16:06:00,12.0,790.0,299.72483,0.4446811810473657,0.0,True
706,Regular credit-led,Established credit-led,2009-08-01,2010-01-01 02:39:00,2019-10-31 15:48:00,12.0,698.0,839.08476,1.0,0.0,True
474,Regular credit-led,Established credit-led,2005-04-01,2010-01-01 02:14:00,2019-10-31 18:44:00,12.0,1713.0,1200.59336,0.6040768812636048,0.0,True
1259,Regular debit/prepaid-led,Established debit/prepaid-led,1997-03-01,2010-01-01 10:48:00,2019-10-31 16:37:00,12.0,1094.0,210.12919,0.0,0.0,True
320,Regular debit/prepaid-led,Established debit/prepaid-led,2008-02-01,2010-01-01 15:35:00,2019-10-31 16:17:00,12.0,421.0,103.29664,0.0,0.0,True
93,No purchases in window,Dormant eligible (quiet loss candidate),2010-12-01,,,0.0,0.0,0.0,0.0,,True
1182,No purchases in window,Dormant eligible (quiet loss candidate),2010-12-01,,,0.0,0.0,0.0,0.0,,True
150,Regular credit-led,Established credit-led,2001-12-01,2010-01-01 07:46:00,2019-10-31 16:46:00,12.0,1076.0,854.111685,0.5887059035729462,0.0,True
1327,No purchases in window,Too-new / post-window open (no txn history in data),2020-02-01,,,0.0,0.0,0.0,0.0,,False
784,No purchases in window,Dormant eligible (quiet loss candidate),2003-10-01,,,0.0,0.0,0.0,0.0,,True
1471,Regular credit-led,Established credit-led,2011-05-01,2011-05-01 11:00:00,2019-10-31 17:36:00,12.0,828.0,643.0532400000001,1.0,0.0,True
367,No purchases in window,Too-new / post-window open (no txn history in data),2020-02-01,,,0.0,0.0,0.0,0.0,,False
1050,Regular debit/prepaid-led,Established debit/prepaid-led,2010-06-01,2010-06-01 11:19:00,2019-10-31 18:37:00,12.0,1926.0,342.265325,0.0,0.0,True
207,Regular credit-led,Established credit-led,2006-04-01,2010-01-01 09:19:00,2019-10-31 19:17:00,12.0,475.0,295.00765,0.5268548951702982,0.0,True
1838,No purchases in window,Too-new / post-window open (no txn history in data),2020-02-01,,,0.0,0.0,0.0,0.0,,False
798,Regular credit-led,Established credit-led,1998-02-01,2010-01-03 08:32:00,2019-10-31 15:56:00,12.0,577.0,669.34231,0.6735702436729484,0.0,True
1207,Regular credit-led,Established credit-led,2004-12-01,2010-01-01 08:32:00,2019-10-31 21:05:00,12.0,1642.0,1072.057305,0.5818870792298884,0.0,True
1012,Regular debit/prepaid-led,Established debit/prepaid-led,2013-05-01,2013-05-01 01:03:00,2019-10-31 15:03:00,12.0,438.0,103.098925,0.0,0.0,True
844,Regular credit-led,Established credit-led,2009-06-01,2010-01-02 01:26:00,2019-10-31 11:19:00,12.0,403.0,433.19646,1.0,0.0,True
334,Regular credit-led,Established credit-led,2007-04-01,2010-01-04 16:30:00,2019-10-31 16:22:00,12.0,415.0,287.18469,0.523701876822665,0.0,True
815,No purchases in window,No window purchases (opened near/during window),2019-02-01,,,0.0,0.0,0.0,0.0,,False
1100,Regular debit/prepaid-led,Established debit/prepaid-led,2007-10-01,2010-01-01 16:14:00,2019-10-31 09:23:00,12.0,928.0,238.23435,0.0,0.0,True
407,No purchases in window,Too-new / post-window open (no txn history in data),2020-01-01,,,0.0,0.0,0.0,0.0,,False
1244,No purchases in window,Dormant eligible (quiet loss candidate),2002-12-01,,,0.0,0.0,0.0,0.0,,True
1740,Occasional users (<9 months),Active but not established,2007-12-01,2010-01-01 10:37:00,2019-10-31 10:44:00,8.0,702.0,162.886745,0.0,0.0,True
1754,No purchases in window,Dormant eligible (quiet loss candidate),2008-08-01,,,0.0,0.0,0.0,0.0,,True
1184,Regular debit/prepaid-led,Established debit/prepaid-led,2006-05-01,2010-01-01 10:33:00,2019-10-31 15:20:00,12.0,1034.0,241.68179,0.0,0.0,True
1440,No purchases in window,Too-new / post-window open (no txn history in data),2020-02-01,,,0.0,0.0,0.0,0.0,,False
200,Regular credit-led,Established credit-led,2005-05-01,2010-01-01 22:37:00,2019-10-31 14:51:00,12.0,955.0,643.2008400000001,1.0,0.0,True
1446,Regular debit/prepaid-led,Established debit/prepaid-led,2011-07-01,2011-06-12 09:07:00,2019-10-31 19:03:00,12.0,712.0,347.384175,0.4846363175280256,0.0,True
1263,Regular debit/prepaid-led,Established debit/prepaid-led,1993-03-01,2010-01-01 16:21:00,2019-10-31 16:02:00,12.0,746.0,173.37839499999998,0.0,0.0,True
1483,No purchases in window,Too-new / post-window open (no txn history in data),2020-01-01,,,0.0,0.0,0.0,0.0,,False
1085,No purchases in window,Dormant eligible (quiet loss candidate),2011-10-01,,,0.0,0.0,0.0,0.0,,True
1961,No purchases in window,Too-new / post-window open (no txn history in data),2020-02-01,,,0.0,0.0,0.0,0.0,,False
776,Regular debit/prepaid-led,Established debit/prepaid-led,2006-12-01,2010-01-01 08:35:00,2019-10-31 15:59:00,12.0,889.0,230.791125,0.0,0.0,True
890,Regular credit-led,Established credit-led,2003-12-01,2010-01-01 06:08:00,2019-10-31 09:26:00,12.0,884.0,496.53984,0.5741021578496507,0.0,True
1445,Regular debit/prepaid-led,Established debit/prepaid-led,1997-12-01,2010-01-01 05:12:00,2019-10-31 14:10:00,12.0,1380.0,416.665095,0.4817872023438139,0.0,True
74,Regular debit/prepaid-led,Established debit/prepaid-led,2012-02-01,2011-06-18 14:54:00,2019-10-31 19:21:00,12.0,631.0,146.2602,0.0,0.0,True
1216,No purchases in window,Too-new / post-window open (no txn history in data),2020-01-01,,,0.0,0.0,0.0,0.0,,False
797,Regular credit-led,Established credit-led,1999-08-01,2010-01-01 06:37:00,2019-10-31 13:37:00,12.0,653.0,422.086365,0.6339120015379169,0.0,True
610,No purchases in window,Too-new / post-window open (no txn history in data),2020-01-01,,,0.0,0.0,0.0,0.0,,False
1917,Regular credit-led,Established credit-led,2002-10-01,2010-01-01 11:56:00,2019-10-31 21:32:00,12.0,1209.0,949.885595,0.5687441165642685,0.0,True
975,No purchases in window,Too-new / post-window open (no txn history in data),2020-02-01,,,0.0,0.0,0.0,0.0,,False
109,No purchases in window,Dormant eligible (quiet loss candidate),2014-02-01,,,0.0,0.0,0.0,0.0,,True
547,Regular debit/prepaid-led,Established debit/prepaid-led,2008-11-01,2010-01-01 06:51:00,2019-10-31 19:53:00,12.0,939.0,176.075945,0.0,0.0,True
347,No purchases in window,Dormant eligible (quiet loss candidate),2015-04-01,,,0.0,0.0,0.0,0.0,,True
201,Regular credit-led,Established credit-led,1995-09-01,2010-01-02 17:17:00,2019-10-31 00:41:00,12.0,343.0,282.00132,1.0,0.0,True
1368,No purchases in window,Dormant eligible (quiet loss candidate),2010-09-01,,,0.0,0.0,0.0,0.0,,True
1547,No purchases in window,Dormant eligible (quiet loss candidate),2018-06-01,,,0.0,0.0,0.0,0.0,,True
1812,Regular debit/prepaid-led,Established debit/prepaid-led,2007-04-01,2010-01-01 04:28:00,2019-10-31 17:09:00,12.0,1139.0,286.78131,0.0,0.0,True
1379,Regular credit-led,Established credit-led,2009-04-01,2010-01-01 08:08:00,2019-10-31 12:57:00,12.0,1855.0,902.517425,0.5100976094366368,0.0,True
82,No purchases in window,Dormant eligible (quiet loss candidate),2018-04-01,,,0.0,0.0,0.0,0.0,,True
1053,Regular credit-led,Established credit-led,2006-05-01,2010-01-01 13:02:00,2019-10-31 20:01:00,12.0,1246.0,1304.04438,0.8697684341400062,0.0,True
1893,No purchases in window,Too-new / post-window open (no txn history in data),2020-02-01,,,0.0,0.0,0.0,0.0,,False
955,Regular debit/prepaid-led,Established debit/prepaid-led,2016-02-01,2016-02-02 01:45:00,2019-10-31 12:08:00,12.0,511.0,114.95264,0.0,0.0,True
856,Regular debit/prepaid-led,Established debit/prepaid-led,2011-02-01,2010-11-18 14:30:00,2019-10-31 12:16:00,12.0,1346.0,344.657715,0.0,0.0,True
1361,Regular debit/prepaid-led,Established debit/prepaid-led,2001-10-01,2010-01-01 20:17:00,2019-10-31 17:10:00,12.0,779.0,179.37918,0.0,0.0,True
261,Regular credit-led,Established credit-led,2002-01-01,2010-01-01 12:15:00,2019-10-31 15:28:00,12.0,1134.0,838.131615,0.5781887234857752,0.0,True
64,Regular credit-led,Established credit-led,2005-11-01,2010-01-01 06:26:00,2019-10-31 19:18:00,12.0,964.0,761.52062,0.6070772808962238,0.0,True
1864,No purchases in window,Too-new / post-window open (no txn history in data),2020-01-01,,,0.0,0.0,0.0,0.0,,False
1768,No purchases in window,Too-new / post-window open (no txn history in data),2020-02-01,,,0.0,0.0,0.0,0.0,,False
1151,Regular debit/prepaid-led,Established debit/prepaid-led,2004-10-01,2010-01-01 14:54:00,2019-10-30 14:42:00,12.0,590.0,132.03202,0.3445577221816704,1.0,True
356,Regular debit/prepaid-led,Established debit/prepaid-led,2003-06-01,2010-01-01 04:17:00,2019-10-31 21:50:00,12.0,1761.0,405.447615,0.0,0.0,True
1393,Regular debit/prepaid-led,Established debit/prepaid-led,2009-05-01,2010-01-01 08:05:00,2019-10-31 22:36:00,12.0,1130.0,258.65541,0.0,0.0,True
865,Regular credit-led,Established credit-led,2008-07-01,2010-01-01 17:41:00,2019-10-31 22:35:00,12.0,1186.0,891.59742,0.542971798948244,0.0,True
1914,No purchases in window,Too-new / post-window open (no txn history in data),2020-01-01,,,0.0,0.0,0.0,0.0,,False
1641,No purchases in window,Dormant eligible (quiet loss candidate),2017-03-01,,,0.0,0.0,0.0,0.0,,True
707,No purchases in window,Too-new / post-window open (no txn history in data),2020-01-01,,,0.0,0.0,0.0,0.0,,False
3,Regular debit/prepaid-led,Established debit/prepaid-led,2007-03-01,2010-01-02 17:15:00,2019-10-31 14:30:00,12.0,593.0,46.319,0.0,0.0,True
754,Regular debit/prepaid-led,Established debit/prepaid-led,2002-11-01,2010-01-01 06:23:00,2019-10-31 22:18:00,12.0,1397.0,778.452635,0.4698718990196228,0.0,True
148,Regular debit/prepaid-led,Established debit/prepaid-led,2006-12-01,2010-01-01 07:21:00,2019-10-31 11:04:00,12.0,1080.0,445.54666,0.4170678908437657,0.0,True
127,Regular credit-led,Established credit-led,2001-02-01,2010-01-01 08:15:00,2019-10-31 11:58:00,12.0,1012.0,926.082085,0.5719859506042273,0.0,True
1675,Regular debit/prepaid-led,Established debit/prepaid-led,2008-09-01,2010-01-01 06:04:00,2019-10-31 12:53:00,12.0,839.0,204.75237,0.0,0.0,True
747,Regular debit/prepaid-led,Established debit/prepaid-led,2007-04-01,2010-01-01 12:58:00,2019-10-31 10:03:00,12.0,926.0,334.88871,0.4488410620186772,0.0,True
1942,Regular debit/prepaid-led,Established debit/prepaid-led,2002-12-01,2010-01-01 10:07:00,2019-10-31 10:44:00,12.0,573.0,0.0,0.0,0.0,True
452,Regular debit/prepaid-led,Established debit/prepaid-led,2008-08-01,2010-01-01 09:30:00,2019-10-31 17:53:00,12.0,1603.0,376.802475,0.0,0.0,True
1157,No purchases in window,Too-new / post-window open (no txn history in data),2020-02-01,,,0.0,0.0,0.0,0.0,,False
1534,Regular debit/prepaid-led,Established debit/prepaid-led,2008-08-01,2010-01-01 07:17:00,2019-10-31 17:58:00,12.0,2067.0,492.69689,0.0,0.0,True
1086,Regular credit-led,Established credit-led,2007-05-01,2010-01-05 09:19:00,2019-10-31 07:17:00,12.0,498.0,583.7177300000001,0.6699844865934845,0.0,True
1984,No purchases in window,Too-new / post-window open (no txn history in data),2020-01-01,,,0.0,0.0,0.0,0.0,,False
835,No purchases in window,Dormant eligible (quiet loss candidate),2010-09-01,,,0.0,0.0,0.0,0.0,,True
758,Regular debit/prepaid-led,Established debit/prepaid-led,1999-11-01,2010-01-01 02:45:00,2019-10-31 22:03:00,12.0,1401.0,321.7118,0.4913172080914587,0.0,True
1795,No purchases in window,Too-new / post-window open (no txn history in data),2020-01-01,,,0.0,0.0,0.0,0.0,,False
1221,Regular credit-led,Established credit-led,2004-09-01,2010-01-01 07:33:00,2019-10-31 10:28:00,12.0,1030.0,488.90089,0.5342397662618797,0.0,True
1821,No purchases in window,Too-new / post-window open (no txn history in data),2020-01-01,,,0.0,0.0,0.0,0.0,,False
1248,Regular credit-led,Established credit-led,2003-12-01,2010-01-01 06:01:00,2019-10-31 22:23:00,12.0,884.0,654.309,1.0,0.0,True
1900,No purchases in window,Dormant eligible (quiet loss candidate),1999-07-01,,,0.0,0.0,0.0,0.0,,True
597,Regular credit-led,Established credit-led,1992-11-01,2010-01-01 01:54:00,2019-10-31 11:22:00,12.0,1264.0,866.749715,0.5474233100826104,0.0,True
1620,No purchases in window,Too-new / post-window open (no txn history in data),2020-02-01,,,0.0,0.0,0.0,0.0,,False
1213,Regular credit-led,Established credit-led,2004-06-01,2010-01-01 11:40:00,2019-10-31 11:52:00,12.0,717.0,308.103305,0.5688566959210241,0.0,True
619,Regular debit/prepaid-led,Established debit/prepaid-led,1997-01-01,2010-01-01 09:04:00,2019-10-31 14:39:00,12.0,729.0,170.164575,0.0,0.0,True
1043,No purchases in window,No window purchases (opened near/during window),2019-02-01,,,0.0,0.0,0.0,0.0,,False
394,Regular debit/prepaid-led,Established debit/prepaid-led,2009-09-01,2010-01-01 00:34:00,2019-10-31 13:05:00,12.0,2004.0,454.96966,0.0,0.0,True
1376,Regular credit-led,Established credit-led,2008-03-01,2010-01-01 00:36:00,2019-10-31 18:58:00,12.0,1274.0,778.475465,0.5807656375548143,0.0,True
834,No purchases in window,Too-new / post-window open (no txn history in data),2020-01-01,,,0.0,0.0,0.0,0.0,,False
837,Regular credit-led,Established credit-led,2008-01-01,2010-01-01 07:00:00,2019-10-31 14:51:00,12.0,675.0,491.1939,1.0,0.0,True
1257,Regular debit/prepaid-led,Established debit/prepaid-led,2004-04-01,2010-01-01 13:27:00,2019-10-30 12:02:00,12.0,521.0,188.46275,0.4354571192892492,1.0,True
1966,Regular debit/prepaid-led,Established debit/prepaid-led,1997-08-01,2010-01-01 08:59:00,2019-10-31 19:24:00,12.0,2081.0,459.9103,0.0,0.0,True
358,No purchases in window,Dormant eligible (quiet loss candidate),2010-02-01,,,0.0,0.0,0.0,0.0,,True
912,Regular credit-led,Established credit-led,2007-08-01,2010-01-01 09:33:00,2019-10-31 19:38:00,12.0,1099.0,492.145905,0.5397282204263875,0.0,True
605,Regular debit/prepaid-led,Established debit/prepaid-led,2006-10-01,2010-01-01 00:23:00,2019-10-31 14:58:00,12.0,1736.0,568.517025,0.4323476311553102,0.0,True
1362,Regular credit-led,Established credit-led,1991-01-01,2010-01-01 07:07:00,2019-10-31 11:14:00,12.0,710.0,512.071765,0.6429760933586026,0.0,True
1513,Regular credit-led,Established credit-led,2008-05-01,2010-01-01 05:46:00,2019-10-31 18:04:00,12.0,1324.0,801.138695,0.5328474887962675,0.0,True
1521,Regular debit/prepaid-led,Established debit/prepaid-led,2005-02-01,2010-01-02 10:19:00,2019-10-31 14:56:00,12.0,533.0,252.822055,0.456777385833591,0.0,True
564,Regular credit-led,Established credit-led,2007-12-01,2010-01-01 14:42:00,2019-10-31 20:34:00,12.0,1165.0,914.40666,1.0,0.0,True
1309,No purchases in window,Dormant eligible (quiet loss candidate),2009-04-01,,,0.0,0.0,0.0,0.0,,True
1583,Regular debit/prepaid-led,Established debit/prepaid-led,2008-06-01,2010-01-01 10:31:00,2019-10-31 08:07:00,12.0,842.0,0.0,0.0,0.0,True
1885,Regular credit-led,Established credit-led,2001-10-01,2010-01-01 11:00:00,2019-10-31 19:51:00,12.0,1716.0,1496.85713,0.91480555945588,0.0,True
1566,No purchases in window,Dormant eligible (quiet loss candidate),2003-03-01,,,0.0,0.0,0.0,0.0,,True
401,Regular credit-led,Established credit-led,2009-05-01,2010-01-01 00:48:00,2019-10-31 15:50:00,12.0,1361.0,567.462615,0.500292392176778,0.0,True
15,No purchases in window,Dormant eligible (quiet loss candidate),2003-10-01,,,0.0,0.0,0.0,0.0,,True
1666,Regular debit/prepaid-led,Established debit/prepaid-led,2001-02-01,2010-01-01 09:04:00,2019-10-31 18:07:00,12.0,1325.0,294.279695,0.0,0.0,True
509,Regular debit/prepaid-led,Established debit/prepaid-led,2005-09-01,2010-01-01 09:42:00,2019-10-31 12:48:00,12.0,1065.0,238.91909,0.0,0.0,True
954,Regular debit/prepaid-led,Established debit/prepaid-led,2009-03-01,2010-01-01 07:21:00,2019-10-31 17:02:00,12.0,1704.0,392.0875,0.0,0.0,True
832,Regular credit-led,Established credit-led,2007-05-01,2010-01-01 12:31:00,2019-10-31 17:19:00,12.0,514.0,533.178815,0.6206572244638974,0.0,True
1046,Regular debit/prepaid-led,Established debit/prepaid-led,1998-01-01,2010-01-02 16:30:00,2019-10-31 07:53:00,12.0,1405.0,619.89757,0.4712879048343064,0.0,True
630,Regular debit/prepaid-led,Established debit/prepaid-led,2002-09-01,2010-01-01 05:10:00,2019-10-31 21:54:00,12.0,1945.0,483.062145,0.0,0.0,True
1561,Regular credit-led,Established credit-led,1997-11-01,2010-01-01 08:02:00,2019-10-31 20:03:00,12.0,850.0,775.462995,0.6525669437131635,0.0,True
1548,No purchases in window,Dormant eligible (quiet loss candidate),2000-12-01,,,0.0,0.0,0.0,0.0,,True
221,No purchases in window,Dormant eligible (quiet loss candidate),2003-04-01,,,0.0,0.0,0.0,0.0,,True
1991,No purchases in window,Too-new / post-window open (no txn history in data),2020-02-01,,,0.0,0.0,0.0,0.0,,False
1328,No purchases in window,Dormant eligible (quiet loss candidate),2013-02-01,,,0.0,0.0,0.0,0.0,,True
1901,Regular debit/prepaid-led,Established debit/prepaid-led,2007-03-01,2010-01-01 12:15:00,2019-10-31 16:55:00,12.0,1167.0,149.70508999999998,0.0,0.0,True
665,Regular debit/prepaid-led,Established debit/prepaid-led,1998-05-01,2010-01-01 15:14:00,2019-10-31 15:12:00,12.0,1175.0,548.216,0.4437987606125302,0.0,True
442,Regular debit/prepaid-led,Established debit/prepaid-led,2006-01-01,2010-01-01 03:49:00,2019-10-31 14:07:00,12.0,1385.0,326.76059,0.0,0.0,True
1626,Regular credit-led,Established credit-led,2005-09-01,2010-01-01 08:31:00,2019-10-31 16:55:00,12.0,1268.0,1332.99018,1.0,0.0,True
1539,No purchases in window,Dormant eligible (quiet loss candidate),2008-07-01,,,0.0,0.0,0.0,0.0,,True
601,Regular credit-led,Established credit-led,1999-12-01,2010-01-01 14:47:00,2019-10-31 16:41:00,12.0,826.0,289.335925,0.5203566145972185,0.0,True
541,No purchases in window,Dormant eligible (quiet loss candidate),2003-05-01,,,0.0,0.0,0.0,0.0,,True
210,No purchases in window,Dormant eligible (quiet loss candidate),2008-11-01,,,0.0,0.0,0.0,0.0,,True
206,Regular credit-led,Established credit-led,2010-05-01,2010-05-01 15:45:00,2019-10-31 19:38:00,12.0,482.0,497.39382,1.0,0.0,True
926,No purchases in window,Too-new / post-window open (no txn history in data),2020-02-01,,,0.0,0.0,0.0,0.0,,False
115,Regular credit-led,Established credit-led,2001-01-01,2010-01-01 08:00:00,2019-10-31 08:00:00,12.0,922.0,946.404445,0.6536804593011031,0.0,True
1779,Regular debit/prepaid-led,Established debit/prepaid-led,2010-02-01,2010-02-01 07:11:00,2019-10-31 22:52:00,12.0,1093.0,247.438105,0.0,0.0,True
248,Regular debit/prepaid-led,Established debit/prepaid-led,1998-10-01,2010-01-01 09:06:00,2019-10-31 19:10:00,12.0,541.0,124.618935,0.0,0.0,True
1003,Regular credit-led,Established credit-led,2013-05-01,2013-02-23 22:50:00,2019-10-31 13:00:00,12.0,1590.0,2539.18386,1.0,0.0,True
294,No purchases in window,Too-new / post-window open (no txn history in data),2020-02-01,,,0.0,0.0,0.0,0.0,,False
118,Regular credit-led,Established credit-led,1997-05-01,2010-01-01 19:42:00,2019-10-31 09:26:00,12.0,567.0,379.357845,0.5588094243967888,0.0,True
292,No purchases in window,Too-new / post-window open (no txn history in data),2020-02-01,,,0.0,0.0,0.0,0.0,,False
755,Regular debit/prepaid-led,Established debit/prepaid-led,2000-10-01,2010-01-01 22:14:00,2019-10-31 15:09:00,12.0,527.0,234.827745,0.4698882756048545,0.0,True
1878,No purchases in window,Too-new / post-window open (no txn history in data),2020-02-01,,,0.0,0.0,0.0,0.0,,False
1432,Regular debit/prepaid-led,Established debit/prepaid-led,1996-10-01,2010-01-01 08:43:00,2019-10-31 13:23:00,12.0,1461.0,697.745245,0.4673905294804221,0.0,True
456,Regular debit/prepaid-led,Established debit/prepaid-led,1998-05-01,2010-01-01 14:54:00,2019-10-31 19:14:00,12.0,1354.0,542.71461,0.3905433145948212,0.0,True
623,Regular debit/prepaid-led,Established debit/prepaid-led,2004-03-01,2010-01-02 10:47:00,2019-10-31 10:45:00,12.0,556.0,135.978985,0.0,0.0,True
1426,No purchases in window,Too-new / post-window open (no txn history in data),2020-01-01,,,0.0,0.0,0.0,0.0,,False
47,Regular debit/prepaid-led,Established debit/prepaid-led,2001-10-01,2010-01-01 09:25:00,2019-10-31 11:59:00,12.0,1104.0,328.28875,0.389954990951708,0.0,True
760,Regular debit/prepaid-led,Established debit/prepaid-led,2007-12-01,2010-01-01 01:56:00,2019-10-31 15:12:00,12.0,1337.0,568.53316,0.4924355354763211,0.0,True
956,No purchases in window,Dormant eligible (quiet loss candidate),2008-04-01,,,0.0,0.0,0.0,0.0,,True
194,Regular debit/prepaid-led,Established debit/prepaid-led,1998-04-01,2010-01-01 22:22:00,2019-10-31 22:08:00,12.0,1073.0,455.09408,0.4546935176976693,0.0,True
693,No purchases in window,Too-new / post-window open (no txn history in data),2020-01-01,,,0.0,0.0,0.0,0.0,,False
1246,Regular credit-led,Established credit-led,2004-12-01,2010-01-01 12:48:00,2019-10-31 18:59:00,12.0,781.0,394.12662,0.5019328446417697,0.0,True
641,Regular debit/prepaid-led,Established debit/prepaid-led,2000-01-01,2010-01-01 05:24:00,2019-10-31 19:48:00,12.0,1951.0,443.136125,0.0,0.0,True
1060,Regular debit/prepaid-led,Established debit/prepaid-led,2008-07-01,2010-01-01 10:17:00,2019-10-31 19:39:00,12.0,631.0,319.896385,0.4995782061262239,0.0,True
1292,No purchases in window,Too-new / post-window open (no txn history in data),2020-01-01,,,0.0,0.0,0.0,0.0,,False
1113,No purchases in window,Too-new / post-window open (no txn history in data),2020-01-01,,,0.0,0.0,0.0,0.0,,False
245,No purchases in window,Dormant eligible (quiet loss candidate),2007-09-01,,,0.0,0.0,0.0,0.0,,True
774,Regular debit/prepaid-led,Established debit/prepaid-led,2005-01-01,2010-01-01 12:14:00,2019-10-31 20:30:00,12.0,725.0,166.441635,0.0,0.0,True
1822,No purchases in window,Dormant eligible (quiet loss candidate),2006-01-01,,,0.0,0.0,0.0,0.0,,True
1209,Regular credit-led,Established credit-led,2003-07-01,2010-01-01 03:27:00,2019-10-31 20:36:00,12.0,1763.0,1294.6424100000002,0.5930497971593828,0.0,True
997,Regular credit-led,Established credit-led,2005-12-01,2010-01-01 06:06:00,2019-10-31 20:32:00,12.0,3152.0,987.31386,0.5960214900245193,0.0,True
1180,Regular credit-led,Established credit-led,2011-12-01,2011-12-01 15:12:00,2019-10-31 19:58:00,12.0,1254.0,1163.26998,1.0,0.0,True
318,No purchases in window,Dormant eligible (quiet loss candidate),1997-03-01,,,0.0,0.0,0.0,0.0,,True
691,No purchases in window,Dormant eligible (quiet loss candidate),2007-10-01,,,0.0,0.0,0.0,0.0,,True
1993,Regular debit/prepaid-led,Established debit/prepaid-led,2005-01-01,2010-01-01 09:27:00,2019-10-31 23:28:00,12.0,828.0,201.633955,0.0,0.0,True
252,Regular debit/prepaid-led,Established debit/prepaid-led,2002-07-01,2010-01-01 07:37:00,2019-10-31 21:35:00,12.0,1509.0,642.4741799999999,0.4397021127511974,0.0,True
1757,Regular debit/prepaid-led,Established debit/prepaid-led,2007-01-01,2010-01-01 22:16:00,2019-10-31 22:08:00,12.0,784.0,324.676115,0.4919191898918454,0.0,True
1324,Regular credit-led,Established credit-led,2001-10-01,2010-01-01 10:46:00,2019-10-31 09:09:00,12.0,882.0,697.352615,0.5503375571378557,0.0,True
1557,Regular credit-led,Established credit-led,2004-04-01,2010-01-01 21:42:00,2019-10-31 11:43:00,12.0,476.0,265.983385,0.558082960571476,0.0,True
1555,Regular credit-led,Established credit-led,2011-12-01,2011-12-01 14:44:00,2019-10-31 09:48:00,12.0,469.0,534.45654,0.8887712226651533,0.0,True
941,No purchases in window,Dormant eligible (quiet loss candidate),2003-02-01,,,0.0,0.0,0.0,0.0,,True
156,Regular credit-led,Established credit-led,2005-11-01,2010-01-01 08:36:00,2019-10-31 18:53:00,12.0,1307.0,508.62222,1.0,0.0,True
24,Regular debit/prepaid-led,Established debit/prepaid-led,2002-05-01,2010-01-01 18:04:00,2019-10-31 21:46:00,12.0,855.0,196.12018,0.0,0.0,True
302,No purchases in window,Dormant eligible (quiet loss candidate),2013-02-01,,,0.0,0.0,0.0,0.0,,True
949,Regular credit-led,Established credit-led,2010-03-01,2010-03-01 07:15:00,2019-10-31 23:39:00,12.0,981.0,766.77556,0.5526544176824237,0.0,True
1281,Regular credit-led,Established credit-led,2003-11-01,2010-01-03 11:05:00,2019-10-30 19:53:00,12.0,441.0,158.4665,0.5048278474291135,1.0,True
1428,Regular debit/prepaid-led,Established debit/prepaid-led,2008-10-01,2010-01-01 06:10:00,2019-10-31 16:29:00,12.0,1578.0,0.0,0.0,0.0,True
433,Regular credit-led,Established credit-led,2006-05-01,2010-01-01 13:24:00,2019-10-31 20:56:00,12.0,1161.0,482.239225,0.5078949922552044,0.0,True
584,Regular debit/prepaid-led,Established debit/prepaid-led,2004-01-01,2010-01-01 18:23:00,2019-10-31 21:38:00,12.0,974.0,315.68971,0.4175472647100205,0.0,True
1832,No purchases in window,Dormant eligible (quiet loss candidate),2003-12-01,,,0.0,0.0,0.0,0.0,,True
222,Regular debit/prepaid-led,Established debit/prepaid-led,2006-09-01,2010-01-01 18:25:00,2019-10-31 23:31:00,12.0,455.0,127.469365,0.0,0.0,True
648,Regular credit-led,Established credit-led,2004-09-01,2010-01-02 09:19:00,2019-10-31 14:40:00,12.0,804.0,259.19352000000003,1.0,0.0,True
1939,No purchases in window,No window purchases (opened near/during window),2018-12-01,,,0.0,0.0,0.0,0.0,,False
722,No purchases in window,Too-new / post-window open (no txn history in data),2020-01-01,,,0.0,0.0,0.0,0.0,,False
1889,No purchases in window,Dormant eligible (quiet loss candidate),2004-11-01,,,0.0,0.0,0.0,0.0,,True
1229,Regular credit-led,Established credit-led,2002-04-01,2010-01-01 13:37:00,2019-10-31 08:42:00,12.0,784.0,635.279545,0.6443423642004265,0.0,True
505,No purchases in window,Dormant eligible (quiet loss candidate),2007-10-01,,,0.0,0.0,0.0,0.0,,True
1083,Regular credit-led,Established credit-led,2004-07-01,2010-01-01 10:18:00,2019-10-31 21:55:00,12.0,2165.0,1177.826515,0.5043524545081363,0.0,True
1656,Regular debit/prepaid-led,Established debit/prepaid-led,2015-08-01,2015-08-02 21:43:00,2019-10-31 08:04:00,12.0,649.0,144.60274,0.0,0.0,True
568,No purchases in window,Too-new / post-window open (no txn history in data),2020-02-01,,,0.0,0.0,0.0,0.0,,False
1373,No purchases in window,Dormant eligible (quiet loss candidate),2005-02-01,,,0.0,0.0,0.0,0.0,,True
667,Regular debit/prepaid-led,Established debit/prepaid-led,2004-09-01,2010-01-01 08:23:00,2019-10-31 16:10:00,12.0,1426.0,332.52001,0.0,0.0,True
480,Regular credit-led,Established credit-led,2004-11-01,2010-01-01 09:18:00,2019-10-30 21:03:00,12.0,1044.0,779.896445,0.5944585604802329,1.0,True
569,Regular credit-led,Established credit-led,2016-04-01,2016-04-02 12:02:00,2019-10-31 06:33:00,12.0,590.0,487.10682,1.0,0.0,True
1600,Regular debit/prepaid-led,Established debit/prepaid-led,2006-10-01,2010-01-01 08:50:00,2019-10-31 12:08:00,12.0,1047.0,248.645445,0.0,0.0,True
1063,Regular debit/prepaid-led,Established debit/prepaid-led,2000-03-01,2010-01-01 09:12:00,2019-10-31 13:24:00,12.0,1596.0,759.3798850000001,0.444952922902404,0.0,True
32,Regular debit/prepaid-led,Established debit/prepaid-led,2002-11-01,2010-01-01 14:10:00,2019-10-31 16:27:00,12.0,780.0,178.311255,0.0,0.0,True
1040,No purchases in window,Too-new / post-window open (no txn history in data),2020-01-01,,,0.0,0.0,0.0,0.0,,False
396,No purchases in window,Dormant eligible (quiet loss candidate),2003-11-01,,,0.0,0.0,0.0,0.0,,True
1498,Regular debit/prepaid-led,Established debit/prepaid-led,2002-02-01,2010-01-01 10:29:00,2019-10-31 17:20:00,12.0,810.0,77.80426,0.0,0.0,True
104,Regular credit-led,Established credit-led,2007-08-01,2010-01-01 18:37:00,2019-10-31 17:01:00,12.0,783.0,773.20404,1.0,0.0,True
1062,No purchases in window,Dormant eligible (quiet loss candidate),2011-08-01,,,0.0,0.0,0.0,0.0,,True
1845,No purchases in window,Too-new / post-window open (no txn history in data),2020-02-01,,,0.0,0.0,0.0,0.0,,False
1657,No purchases in window,Dormant eligible (quiet loss candidate),2007-12-01,,,0.0,0.0,0.0,0.0,,True
1106,Regular debit/prepaid-led,Established debit/prepaid-led,2008-03-01,2010-01-01 14:25:00,2019-10-31 14:54:00,12.0,1251.0,278.489955,0.0,0.0,True
1867,No purchases in window,Dormant eligible (quiet loss candidate),2007-04-01,,,0.0,0.0,0.0,0.0,,True
1045,No purchases in window,Dormant eligible (quiet loss candidate),2011-10-01,,,0.0,0.0,0.0,0.0,,True
1786,Regular debit/prepaid-led,Established debit/prepaid-led,2002-02-01,2010-01-01 06:05:00,2019-10-31 19:38:00,12.0,1811.0,551.45152,0.406545058304406,0.0,True
1569,Regular debit/prepaid-led,Established debit/prepaid-led,1993-04-01,2010-01-01 12:56:00,2019-10-31 13:20:00,12.0,830.0,420.132585,0.4615909507019178,0.0,True
899,No purchases in window,Dormant eligible (quiet loss candidate),2011-06-01,,,0.0,0.0,0.0,0.0,,True
1595,Regular credit-led,Established credit-led,2002-04-01,2010-01-01 07:16:00,2019-10-31 21:19:00,12.0,2627.0,1768.56486,0.5891179145961365,0.0,True
446,No purchases in window,Too-new / post-window open (no txn history in data),2020-02-01,,,0.0,0.0,0.0,0.0,,False
53,Regular debit/prepaid-led,Established debit/prepaid-led,2004-06-01,2010-01-01 07:23:00,2019-10-31 17:20:00,12.0,2186.0,973.06322,0.4721224302168387,0.0,True
1136,No purchases in window,Too-new / post-window open (no txn history in data),2020-02-01,,,0.0,0.0,0.0,0.0,,False
551,No purchases in window,Dormant eligible (quiet loss candidate),2007-06-01,,,0.0,0.0,0.0,0.0,,True
1491,No purchases in window,Dormant eligible (quiet loss candidate),1997-05-01,,,0.0,0.0,0.0,0.0,,True
330,No purchases in window,Dormant eligible (quiet loss candidate),2010-02-01,,,0.0,0.0,0.0,0.0,,True
392,No purchases in window,Dormant eligible (quiet loss candidate),1998-04-01,,,0.0,0.0,0.0,0.0,,True
1144,Regular debit/prepaid-led,Established debit/prepaid-led,2004-08-01,2010-01-01 06:40:00,2019-10-31 18:02:00,12.0,2007.0,793.314165,0.4142283035415376,0.0,True
1163,Regular credit-led,Established credit-led,2004-04-01,2010-01-02 07:11:00,2019-10-31 10:17:00,12.0,436.0,543.96288,0.9290105286657806,0.0,True
230,Regular credit-led,Established credit-led,2003-12-01,2010-01-02 15:28:00,2019-10-31 06:30:00,12.0,617.0,318.54011,0.5739823989024526,0.0,True
1066,Regular debit/prepaid-led,Established debit/prepaid-led,2007-02-01,2010-01-01 09:19:00,2019-10-31 20:53:00,12.0,1786.0,440.659285,0.0,0.0,True
460,Regular debit/prepaid-led,Established debit/prepaid-led,2003-09-01,2010-01-01 08:41:00,2019-10-31 23:34:00,12.0,1210.0,285.56834,0.0,0.0,True
1661,No purchases in window,Dormant eligible (quiet loss candidate),2009-12-01,,,0.0,0.0,0.0,0.0,,True
1926,Regular credit-led,Established credit-led,2005-11-01,2010-01-01 11:26:00,2019-10-31 20:48:00,12.0,963.0,436.662655,0.5602879333873755,0.0,True
27,Regular debit/prepaid-led,Established debit/prepaid-led,2001-04-01,2010-01-01 15:45:00,2019-10-31 04:33:00,12.0,879.0,426.95711,0.4857336754620379,0.0,True
365,No purchases in window,Dormant eligible (quiet loss candidate),2004-08-01,,,0.0,0.0,0.0,0.0,,True
50,Regular credit-led,Established credit-led,2006-11-01,2010-01-01 12:09:00,2019-10-31 08:56:00,12.0,620.0,313.70536,0.5106649586519263,0.0,True
653,No purchases in window,Too-new / post-window open (no txn history in data),2020-02-01,,,0.0,0.0,0.0,0.0,,False
743,Regular debit/prepaid-led,Established debit/prepaid-led,2003-02-01,2010-01-01 21:12:00,2019-10-30 13:44:00,12.0,550.0,129.823105,0.0,1.0,True
999,No purchases in window,Too-new / post-window open (no txn history in data),2020-01-01,,,0.0,0.0,0.0,0.0,,False
940,Regular debit/prepaid-led,Established debit/prepaid-led,2003-03-01,2010-01-01 10:26:00,2019-10-31 10:54:00,12.0,1079.0,246.152065,0.0,0.0,True
534,Regular debit/prepaid-led,Established debit/prepaid-led,2011-07-01,2010-07-02 16:22:00,2019-10-31 20:26:00,12.0,1408.0,327.84537,0.0,0.0,True
1460,No purchases in window,Too-new / post-window open (no txn history in data),2020-02-01,,,0.0,0.0,0.0,0.0,,False
59,Regular credit-led,Established credit-led,2000-07-01,2010-01-01 08:28:00,2019-10-31 09:34:00,12.0,1158.0,416.392445,0.5129798607438335,0.0,True
1908,Regular credit-led,Established credit-led,2004-04-01,2010-01-01 10:40:00,2019-10-31 18:59:00,12.0,1498.0,1309.672205,0.5900326762134093,0.0,True
1436,No purchases in window,Too-new / post-window open (no txn history in data),2020-01-01,,,0.0,0.0,0.0,0.0,,False
1230,No purchases in window,Too-new / post-window open (no txn history in data),2020-01-01,,,0.0,0.0,0.0,0.0,,False
324,No purchases in window,Too-new / post-window open (no txn history in data),2020-02-01,,,0.0,0.0,0.0,0.0,,False
992,Regular credit-led,Established credit-led,1996-10-01,2010-01-01 20:14:00,2019-10-31 20:34:00,12.0,798.0,573.56261,0.5403211939823689,0.0,True
198,Regular credit-led,Established credit-led,1998-07-01,2010-01-01 16:07:00,2019-10-31 16:56:00,12.0,467.0,332.95215,0.5078437601105915,0.0,True
1017,No purchases in window,Too-new / post-window open (no txn history in data),2020-01-01,,,0.0,0.0,0.0,0.0,,False
1813,Regular credit-led,Established credit-led,2005-09-01,2010-01-01 07:09:00,2019-10-31 13:43:00,12.0,1044.0,1163.55978,0.9365200709001824,0.0,True
1989,Regular credit-led,Established credit-led,2007-07-01,2010-01-01 11:37:00,2019-10-31 21:36:00,12.0,1652.0,1700.059855,0.6983667492669291,0.0,True
1148,Regular debit/prepaid-led,Established debit/prepaid-led,2004-12-01,2010-01-01 04:58:00,2019-10-30 04:48:00,12.0,837.0,421.268025,0.4588939958233036,1.0,True
872,Regular credit-led,Established credit-led,2004-08-01,2010-01-01 10:44:00,2019-10-31 17:52:00,12.0,1504.0,762.7213899999999,0.5307901204145513,0.0,True
458,Regular debit/prepaid-led,Established debit/prepaid-led,2006-08-01,2010-01-03 12:32:00,2019-10-31 11:05:00,12.0,395.0,82.862615,0.0,0.0,True
920,Regular credit-led,Established credit-led,2005-04-01,2010-01-03 14:32:00,2019-10-31 18:21:00,12.0,640.0,252.25974,1.0,0.0,True
1598,Regular debit/prepaid-led,Established debit/prepaid-led,2008-09-01,2010-01-03 16:14:00,2019-10-31 09:34:00,12.0,463.0,201.834245,0.471553996823168,0.0,True
1876,Regular credit-led,Established credit-led,1998-10-01,2010-01-02 17:59:00,2019-10-29 15:42:00,12.0,354.0,312.58248,0.6250372516292665,2.0,True
412,No purchases in window,Too-new / post-window open (no txn history in data),2020-01-01,,,0.0,0.0,0.0,0.0,,False
190,Regular debit/prepaid-led,Established debit/prepaid-led,2005-03-01,2010-01-01 05:55:00,2019-10-31 21:11:00,12.0,1798.0,429.544645,0.0,0.0,True
163,No purchases in window,Dormant eligible (quiet loss candidate),2003-10-01,,,0.0,0.0,0.0,0.0,,True
567,No purchases in window,Dormant eligible (quiet loss candidate),2015-10-01,,,0.0,0.0,0.0,0.0,,True
503,Regular debit/prepaid-led,Established debit/prepaid-led,2006-02-01,2010-01-01 02:40:00,2019-10-31 18:12:00,12.0,1001.0,0.0,0.0,0.0,True
469,Regular credit-led,Established credit-led,2006-08-01,2010-01-01 08:00:00,2019-10-30 22:00:00,12.0,1095.0,697.601765,0.6284697446964028,1.0,True
1851,Regular debit/prepaid-led,Established debit/prepaid-led,2005-10-01,2010-01-01 06:17:00,2019-10-31 22:04:00,12.0,560.0,126.27538,0.0,0.0,True
1523,Regular credit-led,Established credit-led,2002-09-01,2010-01-01 14:42:00,2019-10-30 22:49:00,12.0,839.0,324.922785,0.5414930805336423,1.0,True
35,No purchases in window,Too-new / post-window open (no txn history in data),2020-01-01,,,0.0,0.0,0.0,0.0,,False
317,No purchases in window,Dormant eligible (quiet loss candidate),2004-11-01,2010-01-01 20:30:00,,0.0,0.0,0.0,0.0,,True
1195,Regular debit/prepaid-led,Established debit/prepaid-led,2000-06-01,2010-01-01 11:05:00,2019-10-31 17:25:00,12.0,1234.0,673.94841,0.4752124952004999,0.0,True
1238,Regular credit-led,Established credit-led,2009-02-01,2010-01-01 08:52:00,2019-10-31 09:16:00,12.0,984.0,1787.85612,1.0,0.0,True
432,Regular credit-led,Established credit-led,2008-02-01,2010-01-01 15:13:00,2019-10-31 22:56:00,12.0,847.0,599.396055,0.5504001071912391,0.0,True
1082,Regular credit-led,Established credit-led,2005-06-01,2010-01-01 18:36:00,2019-10-31 21:07:00,12.0,612.0,668.0025,1.0,0.0,True
120,Regular debit/prepaid-led,Established debit/prepaid-led,2004-12-01,2010-01-01 16:50:00,2019-10-31 06:45:00,12.0,411.0,102.406115,0.0,0.0,True
1289,No purchases in window,Dormant eligible (quiet loss candidate),2010-11-01,2010-11-04 19:06:00,,0.0,0.0,0.0,0.0,,True
1502,No purchases in window,Too-new / post-window open (no txn history in data),2020-01-01,,,0.0,0.0,0.0,0.0,,False
1497,Regular debit/prepaid-led,Established debit/prepaid-led,1999-07-01,2010-01-01 09:49:00,2019-10-31 21:22:00,12.0,932.0,217.327645,0.0,0.0,True
1047,Regular debit/prepaid-led,Established debit/prepaid-led,2012-07-01,2012-07-01 08:48:00,2019-10-31 14:03:00,12.0,1157.0,273.97916,0.0,0.0,True
0,Regular credit-led,Established credit-led,2007-09-01,2010-01-01 13:10:00,2019-10-31 19:14:00,12.0,1198.0,735.4059500000001,0.5304661273953436,0.0,True
351,Regular credit-led,Established credit-led,2001-09-01,2010-01-01 00:21:00,2019-10-31 02:04:00,12.0,830.0,329.962585,0.524715735807707,0.0,True
1797,Regular debit/prepaid-led,Established debit/prepaid-led,2007-02-01,2010-01-01 00:27:00,2019-10-31 23:22:00,12.0,3684.0,856.422075,0.0,0.0,True
1386,No purchases in window,Dormant eligible (quiet loss candidate),2007-08-01,,,0.0,0.0,0.0,0.0,,True
1122,No purchases in window,Dormant eligible (quiet loss candidate),2013-01-01,,,0.0,0.0,0.0,0.0,,True
255,No purchases in window,Too-new / post-window open (no txn history in data),2020-02-01,,,0.0,0.0,0.0,0.0,,False
765,No purchases in window,Too-new / post-window open (no txn history in data),2020-02-01,,,0.0,0.0,0.0,0.0,,False
703,No purchases in window,Dormant eligible (quiet loss candidate),2004-10-01,,,0.0,0.0,0.0,0.0,,True
1919,Regular credit-led,Established credit-led,2005-11-01,2010-01-01 08:10:00,2019-10-31 11:35:00,12.0,1208.0,761.664445,0.5670263468312515,0.0,True
791,Regular credit-led,Established credit-led,2006-02-01,2010-01-01 18:25:00,2019-10-31 11:35:00,12.0,562.0,480.28248,1.0,0.0,True
199,Regular debit/prepaid-led,Established debit/prepaid-led,2004-02-01,2010-01-02 09:19:00,2019-10-31 23:57:00,12.0,1023.0,235.62445,0.0,0.0,True
282,Regular debit/prepaid-led,Established debit/prepaid-led,2005-06-01,2010-01-01 10:54:00,2019-10-31 10:43:00,12.0,781.0,264.1538,0.4497395250379791,0.0,True
908,Regular debit/prepaid-led,Established debit/prepaid-led,2003-06-01,2010-01-01 02:44:00,2019-10-31 17:51:00,12.0,850.0,194.64265,0.0,0.0,True
880,No purchases in window,Dormant eligible (quiet loss candidate),2010-06-01,,,0.0,0.0,0.0,0.0,,True
770,No purchases in window,Dormant eligible (quiet loss candidate),2007-11-01,,,0.0,0.0,0.0,0.0,,True
1169,Regular debit/prepaid-led,Established debit/prepaid-led,1999-12-01,2010-01-01 11:05:00,2019-10-31 19:33:00,12.0,3050.0,1512.62377,0.4519541314275755,0.0,True
522,No purchases in window,Too-new / post-window open (no txn history in data),2020-01-01,,,0.0,0.0,0.0,0.0,,False
1736,Regular debit/prepaid-led,Established debit/prepaid-led,2006-01-01,2010-01-01 04:27:00,2019-10-31 15:46:00,12.0,2225.0,763.915495,0.415271331617522,0.0,True
506,Regular credit-led,Established credit-led,2001-09-01,2010-01-01 09:16:00,2019-10-31 12:46:00,12.0,1440.0,908.1745,0.5243250877713118,0.0,True
131,No purchases in window,Too-new / post-window open (no txn history in data),2020-01-01,,,0.0,0.0,0.0,0.0,,False
76,No purchases in window,Too-new / post-window open (no txn history in data),2020-01-01,,,0.0,0.0,0.0,0.0,,False
249,Regular debit/prepaid-led,Established debit/prepaid-led,2007-01-01,2010-01-01 07:03:00,2019-10-31 14:04:00,12.0,740.0,293.760165,0.3987774401553954,0.0,True
1279,Regular debit/prepaid-led,Established debit/prepaid-led,2000-06-01,2010-01-01 11:51:00,2019-10-31 17:30:00,12.0,1456.0,333.21027499999997,0.0,0.0,True
1652,Regular debit/prepaid-led,Established debit/prepaid-led,2011-04-01,2011-04-01 07:00:00,2019-10-31 14:13:00,12.0,884.0,201.09725,0.0,0.0,True
739,No purchases in window,Dormant eligible (quiet loss candidate),2008-09-01,,,0.0,0.0,0.0,0.0,,True
1475,Regular debit/prepaid-led,Established debit/prepaid-led,1998-09-01,2010-01-01 13:43:00,2019-10-31 23:55:00,12.0,2023.0,453.91213,0.0,0.0,True
1251,Regular debit/prepaid-led,Established debit/prepaid-led,2009-10-01,2010-01-01 16:12:00,2019-10-31 11:30:00,12.0,1184.0,209.57976,0.0,0.0,True
1119,No purchases in window,Too-new / post-window open (no txn history in data),2020-01-01,,,0.0,0.0,0.0,0.0,,False
592,Regular debit/prepaid-led,Established debit/prepaid-led,2000-07-01,2010-01-01 06:01:00,2019-10-31 16:57:00,12.0,2045.0,742.12901,0.4968729441418124,0.0,True
692,Regular debit/prepaid-led,Established debit/prepaid-led,2004-03-01,2010-01-01 08:37:00,2019-10-31 09:03:00,12.0,921.0,383.6777,0.481252189420719,0.0,True
1065,No purchases in window,Dormant eligible (quiet loss candidate),2005-08-01,,,0.0,0.0,0.0,0.0,,True
1764,Regular credit-led,Established credit-led,2006-03-01,2010-01-01 07:36:00,2019-10-31 13:30:00,12.0,588.0,339.61856,0.557480550647782,0.0,True
1830,Regular debit/prepaid-led,Established debit/prepaid-led,1994-08-01,2010-01-01 14:31:00,2019-10-31 19:03:00,12.0,1031.0,495.02624,0.4321980472246738,0.0,True
157,Regular debit/prepaid-led,Established debit/prepaid-led,1999-02-01,2010-01-01 20:46:00,2019-10-31 20:49:00,12.0,1023.0,236.078695,0.0,0.0,True
676,Regular credit-led,Established credit-led,2009-07-01,2010-01-01 06:25:00,2019-10-31 21:21:00,12.0,1310.0,1151.17794,1.0,0.0,True
1481,No purchases in window,Dormant eligible (quiet loss candidate),2006-12-01,,,0.0,0.0,0.0,0.0,,True
1902,Regular debit/prepaid-led,Established debit/prepaid-led,2009-08-01,2010-01-01 08:59:00,2019-10-31 19:39:00,12.0,972.0,445.219,0.4296639426648603,0.0,True
123,Regular debit/prepaid-led,Established debit/prepaid-led,2009-01-01,2010-01-01 10:12:00,2019-10-31 20:14:00,12.0,1205.0,268.986195,0.0,0.0,True
1995,Regular credit-led,Established credit-led,2003-04-01,2010-01-01 08:11:00,2019-10-31 21:02:00,12.0,1159.0,557.4683699999999,0.5052305726398809,0.0,True
1688,No purchases in window,Dormant eligible (quiet loss candidate),2018-09-01,,,0.0,0.0,0.0,0.0,,True
1895,Regular debit/prepaid-led,Established debit/prepaid-led,2006-02-01,2010-01-01 14:10:00,2019-10-31 23:12:00,12.0,963.0,219.23833,0.0,0.0,True
1891,Regular debit/prepaid-led,Established debit/prepaid-led,2005-11-01,2010-01-01 09:57:00,2019-10-31 22:53:00,12.0,888.0,433.285695,0.4855582599782123,0.0,True
453,No purchases in window,Too-new / post-window open (no txn history in data),2020-01-01,,,0.0,0.0,0.0,0.0,,False
341,No purchases in window,Dormant eligible (quiet loss candidate),2004-09-01,,,0.0,0.0,0.0,0.0,,True
1571,Regular debit/prepaid-led,Established debit/prepaid-led,2003-01-01,2010-01-02 12:34:00,2019-10-31 04:47:00,12.0,618.0,149.088925,0.0,0.0,True
1615,Regular debit/prepaid-led,Established debit/prepaid-led,2006-11-01,2010-01-03 11:27:00,2019-10-31 13:49:00,12.0,640.0,149.561345,0.0,0.0,True
1647,No purchases in window,Too-new / post-window open (no txn history in data),2020-01-01,,,0.0,0.0,0.0,0.0,,False
680,No purchases in window,Dormant eligible (quiet loss candidate),2004-03-01,,,0.0,0.0,0.0,0.0,,True
52,Regular debit/prepaid-led,Established debit/prepaid-led,2002-10-01,2010-01-01 05:48:00,2019-10-31 19:33:00,12.0,2033.0,501.8468,0.0,0.0,True
1387,No purchases in window,Too-new / post-window open (no txn history in data),2020-01-01,,,0.0,0.0,0.0,0.0,,False
1034,Regular credit-led,Established credit-led,1998-02-01,2010-01-01 05:30:00,2019-10-31 19:02:00,12.0,1301.0,938.506835,0.5437069776977822,0.0,True
677,Regular credit-led,Established credit-led,2008-01-01,2010-01-01 12:14:00,2019-10-31 12:25:00,12.0,873.0,647.8856049999999,0.6014837374810689,0.0,True
440,No purchases in window,Dormant eligible (quiet loss candidate),2001-02-01,,,0.0,0.0,0.0,0.0,,True
338,Regular debit/prepaid-led,Established debit/prepaid-led,2012-11-01,2012-11-01 11:30:00,2019-10-31 17:39:00,12.0,1240.0,294.229485,0.0,0.0,True
1120,No purchases in window,Dormant eligible (quiet loss candidate),2010-02-01,,,0.0,0.0,0.0,0.0,,True
1127,Regular debit/prepaid-led,Established debit/prepaid-led,2003-07-01,2010-01-01 00:48:00,2019-10-31 17:43:00,12.0,1729.0,391.916965,0.0,0.0,True
1662,Regular debit/prepaid-led,Established debit/prepaid-led,2003-09-01,2010-01-01 15:07:00,2019-10-31 23:24:00,12.0,1607.0,387.87163,0.0,0.0,True
1462,No purchases in window,Too-new / post-window open (no txn history in data),2020-01-01,,,0.0,0.0,0.0,0.0,,False
1848,No purchases in window,Too-new / post-window open (no txn history in data),2020-01-01,,,0.0,0.0,0.0,0.0,,False
1444,Regular debit/prepaid-led,Established debit/prepaid-led,2005-05-01,2010-01-01 07:34:00,2019-10-31 16:27:00,12.0,1176.0,294.343165,0.0,0.0,True
45,Regular debit/prepaid-led,Established debit/prepaid-led,2004-10-01,2010-01-01 17:49:00,2019-10-30 17:38:00,12.0,590.0,0.0,0.0,1.0,True
1102,Regular credit-led,Established credit-led,2000-02-01,2010-01-01 05:05:00,2019-10-31 13:38:00,12.0,1596.0,1314.49885,0.6537519093404247,0.0,True
1636,Regular debit/prepaid-led,Established debit/prepaid-led,2007-05-01,2010-01-01 08:01:00,2019-10-31 08:59:00,12.0,799.0,333.45561,0.4781796903057977,0.0,True
502,Regular debit/prepaid-led,Established debit/prepaid-led,2001-03-01,2010-01-01 08:57:00,2019-10-31 21:28:00,12.0,2283.0,906.487855,0.4504159119955773,0.0,True
1630,No purchases in window,Too-new / post-window open (no txn history in data),2020-02-01,,,0.0,0.0,0.0,0.0,,False
266,No purchases in window,No window purchases (opened near/during window),2019-08-01,,,0.0,0.0,0.0,0.0,,False
5,Regular debit/prepaid-led,Established debit/prepaid-led,2004-06-01,2010-01-02 13:05:00,2019-10-31 20:46:00,12.0,420.0,101.02954,0.0,0.0,True
1712,Regular debit/prepaid-led,Established debit/prepaid-led,2004-07-01,2010-01-01 07:55:00,2019-10-31 16:37:00,12.0,1694.0,384.12913,0.0,0.0,True
1360,Regular debit/prepaid-led,Established debit/prepaid-led,2007-01-01,2010-01-01 16:58:00,2019-10-31 22:10:00,12.0,422.0,179.94243,0.424798033630121,0.0,True
1013,No purchases in window,Too-new / post-window open (no txn history in data),2020-01-01,,,0.0,0.0,0.0,0.0,,False
993,No purchases in window,Dormant eligible (quiet loss candidate),2014-02-01,,,0.0,0.0,0.0,0.0,,True
642,Regular debit/prepaid-led,Established debit/prepaid-led,2003-03-01,2010-01-02 13:21:00,2019-10-31 19:50:00,12.0,557.0,132.19213,0.0,0.0,True
1871,Regular debit/prepaid-led,Established debit/prepaid-led,2002-04-01,2010-01-03 16:08:00,2019-10-31 16:00:00,12.0,822.0,191.268925,0.0,0.0,True
1721,No purchases in window,Dormant eligible (quiet loss candidate),2007-11-01,,,0.0,0.0,0.0,0.0,,True
868,Regular credit-led,Established credit-led,2001-11-01,2010-01-01 12:06:00,2019-10-31 20:40:00,12.0,1019.0,733.31619,0.5613348622384168,0.0,True
1517,Regular credit-led,Established credit-led,2005-01-01,2010-01-01 08:21:00,2019-10-31 11:21:00,12.0,986.0,721.759125,0.5826953994108893,0.0,True
364,Regular debit/prepaid-led,Established debit/prepaid-led,2006-09-01,2010-01-01 06:57:00,2019-10-30 06:57:00,12.0,1117.0,267.129865,0.0,1.0,True
686,No purchases in window,Dormant eligible (quiet loss candidate),2007-09-01,,,0.0,0.0,0.0,0.0,,True
696,Regular debit/prepaid-led,Established debit/prepaid-led,2001-10-01,2010-01-01 11:08:00,2019-10-31 15:17:00,12.0,1262.0,276.948545,0.0,0.0,True
962,Regular debit/prepaid-led,Established debit/prepaid-led,2010-02-01,2010-02-01 09:10:00,2019-10-31 19:09:00,12.0,560.0,128.79939,0.0,0.0,True
1407,Regular debit/prepaid-led,Established debit/prepaid-led,2002-11-01,2010-01-01 08:42:00,2019-10-31 20:57:00,12.0,2226.0,511.831575,0.0,0.0,True
1015,No purchases in window,Dormant eligible (quiet loss candidate),2007-02-01,,,0.0,0.0,0.0,0.0,,True
1456,Regular credit-led,Established credit-led,2008-12-01,2010-01-01 06:51:00,2019-10-31 06:33:00,12.0,1126.0,807.46565,0.514236419906798,0.0,True
1861,Regular credit-led,Established credit-led,2008-06-01,2010-01-01 11:52:00,2019-10-31 13:12:00,12.0,735.0,453.686215,0.5425377125639893,0.0,True
161,Regular debit/prepaid-led,Established debit/prepaid-led,2009-11-01,2010-01-01 06:44:00,2019-10-31 21:41:00,12.0,1240.0,279.2524,0.0,0.0,True
263,No purchases in window,Dormant eligible (quiet loss candidate),2008-04-01,,,0.0,0.0,0.0,0.0,,True
1389,No purchases in window,Dormant eligible (quiet loss candidate),2009-05-01,,,0.0,0.0,0.0,0.0,,True
1707,No purchases in window,Dormant eligible (quiet loss candidate),2010-09-01,,,0.0,0.0,0.0,0.0,,True
1374,No purchases in window,Too-new / post-window open (no txn history in data),2020-02-01,,,0.0,0.0,0.0,0.0,,False
1855,Regular credit-led,Established credit-led,2009-05-01,2010-01-01 09:56:00,2019-10-31 19:13:00,12.0,860.0,570.12327,0.5533125954696607,0.0,True
867,No purchases in window,Too-new / post-window open (no txn history in data),2020-01-01,,,0.0,0.0,0.0,0.0,,False
274,Regular credit-led,Established credit-led,2003-05-01,2010-01-01 08:04:00,2019-10-31 06:02:00,12.0,727.0,823.30722,1.0,0.0,True
1552,Regular debit/prepaid-led,Established debit/prepaid-led,2010-02-01,2010-02-01 00:51:00,2019-10-31 10:59:00,12.0,676.0,170.159455,0.0,0.0,True
635,No purchases in window,Too-new / post-window open (no txn history in data),2020-02-01,,,0.0,0.0,0.0,0.0,,False
1526,Regular debit/prepaid-led,Established debit/prepaid-led,2001-07-01,2010-01-01 10:48:00,2019-10-31 16:39:00,12.0,530.0,248.207035,0.4876494413843266,0.0,True
319,Regular credit-led,Established credit-led,2010-01-01,2010-01-01 03:17:00,2019-10-31 08:28:00,12.0,728.0,873.73314,1.0,0.0,True
740,No purchases in window,Dormant eligible (quiet loss candidate),2009-06-01,,,0.0,0.0,0.0,0.0,,True
965,No purchases in window,Too-new / post-window open (no txn history in data),2020-01-01,,,0.0,0.0,0.0,0.0,,False
1421,Regular debit/prepaid-led,Established debit/prepaid-led,2012-06-01,2012-06-02 08:39:00,2019-10-31 23:56:00,12.0,426.0,66.794985,0.0,0.0,True
1538,Regular debit/prepaid-led,Established debit/prepaid-led,1998-06-01,2010-01-01 03:32:00,2019-10-31 21:05:00,12.0,1090.0,249.47354,0.0,0.0,True
1101,No purchases in window,Dormant eligible (quiet loss candidate),2015-06-01,,,0.0,0.0,0.0,0.0,,True
92,Regular debit/prepaid-led,Established debit/prepaid-led,1999-05-01,2010-01-01 14:15:00,2019-10-31 15:25:00,12.0,1207.0,518.365835,0.490779518785974,0.0,True
125,Regular credit-led,Established credit-led,1998-10-01,2010-01-01 01:48:00,2019-10-31 08:01:00,12.0,612.0,227.206305,0.5223149019996531,0.0,True
449,Regular credit-led,Established credit-led,2007-12-01,2010-01-01 09:59:00,2019-10-31 12:45:00,12.0,864.0,425.47938,0.505756014381838,0.0,True
1173,Regular credit-led,Established credit-led,2000-06-01,2010-01-01 10:24:00,2019-10-30 21:11:00,12.0,840.0,624.26622,0.61646763693007,1.0,True
1810,Regular credit-led,Established credit-led,2007-06-01,2010-01-02 13:08:00,2019-10-31 14:16:00,12.0,801.0,562.09248,1.0,0.0,True
1843,Regular debit/prepaid-led,Established debit/prepaid-led,1997-12-01,2010-01-01 06:20:00,2019-10-31 16:24:00,12.0,1923.0,939.883205,0.4693076936951616,0.0,True
1578,No purchases in window,Dormant eligible (quiet loss candidate),2013-08-01,,,0.0,0.0,0.0,0.0,,True
658,Regular credit-led,Established credit-led,2003-02-01,2010-01-01 10:26:00,2019-10-31 14:33:00,12.0,1379.0,851.304865,0.5561761125402567,0.0,True
1858,Regular credit-led,Established credit-led,2007-03-01,2010-01-01 07:03:00,2019-10-31 15:59:00,12.0,750.0,323.47116,1.0,0.0,True
1663,No purchases in window,Too-new / post-window open (no txn history in data),2020-01-01,,,0.0,0.0,0.0,0.0,,False
1503,Regular debit/prepaid-led,Established debit/prepaid-led,1996-11-01,2010-01-01 10:19:00,2019-10-30 18:07:00,12.0,568.0,281.64504,0.4711840536583576,1.0,True
725,No purchases in window,Too-new / post-window open (no txn history in data),2020-02-01,,,0.0,0.0,0.0,0.0,,False
1671,Regular debit/prepaid-led,Established debit/prepaid-led,2002-12-01,2010-01-01 09:09:00,2019-10-31 09:19:00,12.0,697.0,159.356825,0.0,0.0,True
1233,No purchases in window,Dormant eligible (quiet loss candidate),2011-09-01,,,0.0,0.0,0.0,0.0,,True
1271,No purchases in window,Dormant eligible (quiet loss candidate),2006-06-01,,,0.0,0.0,0.0,0.0,,True
473,Regular debit/prepaid-led,Established debit/prepaid-led,2007-10-01,2010-01-01 15:36:00,2019-10-31 14:51:00,12.0,633.0,185.84331,0.3486494834487642,0.0,True
1541,Regular debit/prepaid-led,Established debit/prepaid-led,2003-06-01,2010-01-01 05:16:00,2019-10-31 22:58:00,12.0,1856.0,677.2181400000001,0.4521206465946754,0.0,True
149,Regular credit-led,Established credit-led,2015-06-01,2014-06-08 21:50:00,2019-10-31 16:31:00,12.0,839.0,1120.77882,1.0,0.0,True
560,No purchases in window,Dormant eligible (quiet loss candidate),2006-10-01,,,0.0,0.0,0.0,0.0,,True
1006,Regular debit/prepaid-led,Established debit/prepaid-led,2008-03-01,2010-01-01 10:36:00,2019-10-31 12:08:00,12.0,1050.0,505.886125,0.4389910430664529,0.0,True
368,Regular debit/prepaid-led,Established debit/prepaid-led,2007-07-01,2010-01-01 11:30:00,2019-10-31 22:44:00,12.0,1644.0,585.53481,0.4514767538228389,0.0,True
1696,No purchases in window,Dormant eligible (quiet loss candidate),2000-04-01,2010-01-01 05:38:00,,0.0,0.0,0.0,0.0,,True
416,Regular debit/prepaid-led,Established debit/prepaid-led,1997-04-01,2010-01-01 08:57:00,2019-10-31 09:11:00,12.0,861.0,242.50491,0.4247293544407535,0.0,True
51,Regular credit-led,Established credit-led,2010-12-01,2010-12-01 09:39:00,2019-10-31 21:43:00,12.0,915.0,820.26252,1.0,0.0,True
196,Regular credit-led,Established credit-led,2011-01-01,2011-01-01 08:15:00,2019-10-30 20:25:00,12.0,624.0,454.959,1.0,1.0,True
690,No purchases in window,Dormant eligible (quiet loss candidate),2007-10-01,,,0.0,0.0,0.0,0.0,,True
1477,Regular credit-led,Established credit-led,2001-10-01,2010-01-01 06:30:00,2019-10-31 13:55:00,12.0,761.0,413.651805,0.5705449940662202,0.0,True
260,Regular debit/prepaid-led,Established debit/prepaid-led,2008-10-01,2010-01-02 17:53:00,2019-10-31 22:48:00,12.0,374.0,85.811765,0.0,0.0,True
857,No purchases in window,Dormant eligible (quiet loss candidate),2007-12-01,,,0.0,0.0,0.0,0.0,,True
1167,No purchases in window,Dormant eligible (quiet loss candidate),2001-07-01,,,0.0,0.0,0.0,0.0,,True
1358,Regular debit/prepaid-led,Established debit/prepaid-led,2008-10-01,2010-01-01 08:26:00,2019-10-31 15:50:00,12.0,603.0,0.0,0.0,0.0,True
1611,No purchases in window,Dormant eligible (quiet loss candidate),2001-11-01,,,0.0,0.0,0.0,0.0,,True
734,Regular debit/prepaid-led,Established debit/prepaid-led,2003-10-01,2010-01-01 13:09:00,2019-10-31 10:05:00,12.0,1055.0,303.50598,0.4425191787771438,0.0,True
1507,Regular debit/prepaid-led,Established debit/prepaid-led,2008-09-01,2010-01-01 10:35:00,2019-10-31 19:54:00,12.0,635.0,143.068125,0.0,0.0,True
504,No purchases in window,Dormant eligible (quiet loss candidate),2012-08-01,,,0.0,0.0,0.0,0.0,,True
524,Regular debit/prepaid-led,Established debit/prepaid-led,2010-03-01,2010-03-01 16:27:00,2019-10-30 16:11:00,12.0,594.0,135.44094,0.0,1.0,True
525,Regular debit/prepaid-led,Established debit/prepaid-led,2010-12-01,2010-10-28 16:36:00,2019-10-31 23:18:00,12.0,1196.0,275.623085,0.0,0.0,True
250,Regular debit/prepaid-led,Established debit/prepaid-led,1997-05-01,2010-01-01 08:53:00,2019-10-31 21:25:00,12.0,1099.0,186.51201,0.0,0.0,True
479,Regular credit-led,Established credit-led,2002-04-01,2010-01-02 16:34:00,2019-10-31 23:46:00,12.0,1055.0,630.76076,0.6432872107581099,0.0,True
343,Regular debit/prepaid-led,Established debit/prepaid-led,2000-04-01,2010-01-01 09:56:00,2019-10-31 15:53:00,12.0,846.0,312.836865,0.4599209290918192,0.0,True
1196,Regular credit-led,Established credit-led,2003-09-01,2010-01-01 13:10:00,2019-10-31 08:58:00,12.0,865.0,570.12325,0.5137304500322709,0.0,True
1530,Regular credit-led,Established credit-led,2004-01-01,2010-01-01 13:20:00,2019-10-29 15:55:00,12.0,411.0,117.46494,1.0,2.0,True
1963,Regular debit/prepaid-led,Established debit/prepaid-led,2004-09-01,2010-01-01 00:53:00,2019-10-31 18:04:00,12.0,4346.0,1575.25389,0.4094416218070688,0.0,True
764,Regular debit/prepaid-led,Established debit/prepaid-led,2005-07-01,2010-01-02 04:15:00,2019-10-31 14:04:00,12.0,808.0,479.080675,0.477776330917496,0.0,True
213,Regular credit-led,Established credit-led,2007-03-01,2010-01-01 11:22:00,2019-10-31 11:38:00,12.0,1067.0,794.46658,0.5854269046762126,0.0,True
410,No purchases in window,Dormant eligible (quiet loss candidate),1998-05-01,2010-01-01 12:23:00,,0.0,0.0,0.0,0.0,,True
1685,Regular debit/prepaid-led,Established debit/prepaid-led,2010-02-01,2010-01-17 18:34:00,2019-10-31 21:38:00,12.0,685.0,125.826315,0.0,0.0,True
225,Regular debit/prepaid-led,Established debit/prepaid-led,2010-02-01,2010-02-01 21:14:00,2019-10-31 22:03:00,12.0,772.0,502.331295,0.474829043577663,0.0,True
1210,Regular credit-led,Established credit-led,2006-09-01,2010-01-01 07:42:00,2019-10-31 12:22:00,12.0,910.0,443.31763,0.5325206007484795,0.0,True
1336,No purchases in window,Too-new / post-window open (no txn history in data),2020-02-01,,,0.0,0.0,0.0,0.0,,False
576,Regular credit-led,Established credit-led,2004-11-01,2010-01-01 08:08:00,2019-10-31 15:35:00,12.0,1010.0,687.109415,0.6359374866326273,0.0,True
1677,Regular debit/prepaid-led,Established debit/prepaid-led,2002-10-01,2010-01-01 14:02:00,2019-10-31 18:41:00,12.0,1105.0,554.932605,0.4846550169799565,0.0,True
1969,Regular credit-led,Established credit-led,1998-10-01,2010-01-01 06:35:00,2019-10-31 21:02:00,12.0,1777.0,1150.668715,0.5609192912258328,0.0,True
1431,No purchases in window,Dormant eligible (quiet loss candidate),2004-08-01,,,0.0,0.0,0.0,0.0,,True
558,No purchases in window,Too-new / post-window open (no txn history in data),2020-01-01,,,0.0,0.0,0.0,0.0,,False
1482,Regular debit/prepaid-led,Established debit/prepaid-led,2010-02-01,2010-02-01 06:19:00,2019-10-31 12:18:00,12.0,1038.0,247.88814,0.0,0.0,True
1295,Regular debit/prepaid-led,Established debit/prepaid-led,2004-10-01,2010-01-01 11:36:00,2019-10-31 14:30:00,12.0,2026.0,895.830675,0.461155011509062,0.0,True
1468,No purchases in window,Dormant eligible (quiet loss candidate),2009-11-01,,,0.0,0.0,0.0,0.0,,True
538,Regular credit-led,Established credit-led,1994-04-01,2010-01-01 08:41:00,2019-10-31 13:03:00,12.0,767.0,599.2419600000001,1.0,0.0,True
748,Regular debit/prepaid-led,Established debit/prepaid-led,2005-02-01,2010-01-01 06:32:00,2019-10-31 03:00:00,12.0,707.0,345.835505,0.488092374232251,0.0,True
1068,No purchases in window,No window purchases (opened near/during window),2019-10-01,,,0.0,0.0,0.0,0.0,,False
41,No purchases in window,Dormant eligible (quiet loss candidate),2008-05-01,,,0.0,0.0,0.0,0.0,,True
807,Regular debit/prepaid-led,Established debit/prepaid-led,1999-06-01,2010-01-01 15:01:00,2019-10-31 20:16:00,12.0,629.0,66.726035,0.0,0.0,True
1430,Regular credit-led,Established credit-led,2001-05-01,2010-01-01 06:37:00,2019-10-31 10:42:00,12.0,670.0,501.53273,0.5253225471860441,0.0,True
1873,Regular debit/prepaid-led,Established debit/prepaid-led,2002-08-01,2010-01-01 07:15:00,2019-10-31 20:48:00,12.0,2125.0,280.72367,0.0,0.0,True
204,No purchases in window,Too-new / post-window open (no txn history in data),2020-02-01,,,0.0,0.0,0.0,0.0,,False
424,No purchases in window,Too-new / post-window open (no txn history in data),2020-01-01,,,0.0,0.0,0.0,0.0,,False
980,Regular credit-led,Established credit-led,2004-04-01,2010-01-01 06:09:00,2019-10-31 07:17:00,12.0,641.0,343.485745,0.5376676060383049,0.0,True
1415,No purchases in window,Dormant eligible (quiet loss candidate),2018-09-01,,,0.0,0.0,0.0,0.0,,True
600,No purchases in window,Too-new / post-window open (no txn history in data),2020-01-01,,,0.0,0.0,0.0,0.0,,False
652,Regular credit-led,Established credit-led,2006-04-01,2010-01-01 00:49:00,2019-10-31 15:04:00,12.0,1362.0,522.393485,0.5454397891690627,0.0,True
1129,Regular debit/prepaid-led,Established debit/prepaid-led,2006-01-01,2010-01-01 00:02:00,2019-10-31 13:15:00,12.0,1409.0,827.75191,0.4686248392237871,0.0,True
885,Regular credit-led,Established credit-led,2006-12-01,2010-01-01 09:17:00,2019-10-31 21:09:00,12.0,1128.0,282.584525,0.6027689549679456,0.0,True
1899,Regular debit/prepaid-led,Established debit/prepaid-led,2008-08-01,2010-01-01 07:12:00,2019-10-31 13:41:00,12.0,765.0,0.0,0.0,0.0,True
1369,Regular debit/prepaid-led,Established debit/prepaid-led,2003-12-01,2010-01-01 07:28:00,2019-10-31 18:32:00,12.0,1830.0,607.6667699999999,0.4431198786457918,0.0,True
1057,No purchases in window,Dormant eligible (quiet loss candidate),2010-05-01,,,0.0,0.0,0.0,0.0,,True
1302,Regular debit/prepaid-led,Established debit/prepaid-led,2006-11-01,2010-01-01 09:38:00,2019-10-31 18:12:00,12.0,1005.0,587.738865,0.4587369899163369,0.0,True
415,Regular credit-led,Established credit-led,2001-06-01,2010-01-01 06:33:00,2019-10-31 16:55:00,12.0,680.0,288.49928,0.5079000655380198,0.0,True
83,No purchases in window,Dormant eligible (quiet loss candidate),2015-03-01,,,0.0,0.0,0.0,0.0,,True
1093,No purchases in window,Too-new / post-window open (no txn history in data),2020-01-01,,,0.0,0.0,0.0,0.0,,False
28,Regular credit-led,Established credit-led,2008-04-01,2010-01-01 05:57:00,2019-10-31 14:03:00,12.0,598.0,549.162005,0.6363698047911127,0.0,True
33,Regular credit-led,Established credit-led,1999-04-01,2010-01-01 04:54:00,2019-10-31 14:53:00,12.0,1016.0,626.47644,0.520057891993116,0.0,True
1646,Regular debit/prepaid-led,Established debit/prepaid-led,2009-09-01,2010-01-01 17:53:00,2019-10-31 17:45:00,12.0,1037.0,346.130855,0.4558238066282181,0.0,True
1847,No purchases in window,Too-new / post-window open (no txn history in data),2020-02-01,,,0.0,0.0,0.0,0.0,,False
1152,No purchases in window,Dormant eligible (quiet loss candidate),2013-01-01,,,0.0,0.0,0.0,0.0,,True
134,Regular credit-led,Established credit-led,2010-12-01,2010-11-26 10:12:00,2019-10-31 20:54:00,12.0,913.0,814.374,1.0,0.0,True
188,No purchases in window,Too-new / post-window open (no txn history in data),2020-01-01,,,0.0,0.0,0.0,0.0,,False
220,Regular credit-led,Established credit-led,2010-03-01,2010-02-09 13:08:00,2019-10-31 21:32:00,12.0,489.0,478.01939,0.6418150270447057,0.0,True
1343,No purchases in window,Dormant eligible (quiet loss candidate),2016-07-01,,,0.0,0.0,0.0,0.0,,True
1930,No purchases in window,Dormant eligible (quiet loss candidate),2014-03-01,,,0.0,0.0,0.0,0.0,,True
1260,Regular credit-led,Established credit-led,2013-12-01,2013-07-30 17:34:00,2019-10-31 04:44:00,12.0,643.0,342.47754,1.0,0.0,True
96,Regular credit-led,Established credit-led,2003-07-01,2010-01-01 10:59:00,2019-10-31 18:35:00,12.0,3200.0,3140.999205,0.6490401323273655,0.0,True
1166,Regular credit-led,Established credit-led,2004-12-01,2010-01-01 07:37:00,2019-10-31 07:51:00,12.0,1394.0,689.5913400000001,1.0,0.0,True
1533,Regular credit-led,Established credit-led,2006-09-01,2010-01-01 12:21:00,2019-10-31 12:31:00,12.0,829.0,741.2887049999999,0.5785846254070284,0.0,True
88,No purchases in window,Too-new / post-window open (no txn history in data),2020-01-01,,,0.0,0.0,0.0,0.0,,False
1451,Regular debit/prepaid-led,Established debit/prepaid-led,2001-06-01,2010-01-01 07:57:00,2019-10-31 22:57:00,12.0,2154.0,503.278525,0.0,0.0,True
57,Regular debit/prepaid-led,Established debit/prepaid-led,2010-12-01,2010-12-01 03:29:00,2019-10-31 13:55:00,12.0,1161.0,269.28222,0.0,0.0,True
1335,Regular debit/prepaid-led,Established debit/prepaid-led,2012-12-01,2012-09-04 12:20:00,2019-10-31 15:37:00,12.0,1209.0,241.819805,0.0,0.0,True
816,Regular debit/prepaid-led,Established debit/prepaid-led,2006-07-01,2010-01-01 04:18:00,2019-10-31 16:49:00,12.0,717.0,357.07802499999997,0.4940971822483047,0.0,True
1081,Regular credit-led,Established credit-led,2009-06-01,2010-01-01 20:58:00,2019-10-31 21:53:00,12.0,1575.0,1112.847165,0.5244799573334517,0.0,True
1385,Regular credit-led,Established credit-led,2001-10-01,2010-01-01 10:02:00,2019-10-31 15:12:00,12.0,1278.0,1153.765725,0.6347889462834602,0.0,True
1125,Regular credit-led,Established credit-led,2015-06-01,2015-05-28 17:42:00,2019-10-31 11:05:00,12.0,689.0,535.22039,0.5794093136914568,0.0,True
1952,No purchases in window,Too-new / post-window open (no txn history in data),2020-01-01,,,0.0,0.0,0.0,0.0,,False
1870,No purchases in window,Too-new / post-window open (no txn history in data),2020-02-01,,,0.0,0.0,0.0,0.0,,False
1345,Regular credit-led,Established credit-led,2005-04-01,2010-01-01 11:33:00,2019-10-31 12:59:00,12.0,1132.0,742.89802,0.5891927700940672,0.0,True
1695,Regular credit-led,Established credit-led,2004-01-01,2010-01-03 06:21:00,2019-10-31 12:47:00,12.0,547.0,587.862185,0.6575000826092792,0.0,True
1906,No purchases in window,Too-new / post-window open (no txn history in data),2020-02-01,,,0.0,0.0,0.0,0.0,,False
1985,Regular debit/prepaid-led,Established debit/prepaid-led,1996-08-01,2010-01-01 17:24:00,2019-10-31 20:48:00,12.0,1818.0,421.80431,0.3653553916508286,0.0,True
1604,Regular debit/prepaid-led,Established debit/prepaid-led,2006-02-01,2010-01-01 06:38:00,2019-10-31 15:52:00,12.0,2161.0,663.019565,0.4111360877211594,0.0,True
1933,No purchases in window,Too-new / post-window open (no txn history in data),2020-02-01,,,0.0,0.0,0.0,0.0,,False
649,Regular credit-led,Established credit-led,2005-07-01,2010-01-01 13:49:00,2019-10-31 18:51:00,12.0,981.0,362.52705,0.5529716414651454,0.0,True
1486,Regular credit-led,Established credit-led,2010-08-01,2010-08-01 03:51:00,2019-10-31 15:36:00,12.0,614.0,246.74994,1.0,0.0,True
1744,Regular debit/prepaid-led,Established debit/prepaid-led,2007-01-01,2010-01-01 12:30:00,2019-10-31 08:30:00,12.0,411.0,186.08241,0.4919596438974729,0.0,True
1272,No purchases in window,Too-new / post-window open (no txn history in data),2020-02-01,,,0.0,0.0,0.0,0.0,,False
400,No purchases in window,Dormant eligible (quiet loss candidate),2006-04-01,2010-01-01 17:53:00,,0.0,0.0,0.0,0.0,,True
1994,Regular credit-led,Established credit-led,2010-12-01,2010-12-01 16:01:00,2019-10-31 15:36:00,12.0,916.0,627.20784,0.7215526272422298,0.0,True
572,No purchases in window,Dormant eligible (quiet loss candidate),2015-03-01,,,0.0,0.0,0.0,0.0,,True
1442,Regular debit/prepaid-led,Established debit/prepaid-led,2010-04-01,2010-02-07 19:03:00,2019-10-31 21:26:00,12.0,1295.0,302.616435,0.0,0.0,True
1853,Regular credit-led,Established credit-led,2004-02-01,2010-01-02 07:41:00,2019-10-31 10:18:00,12.0,804.0,363.26979,0.5719371820502925,0.0,True
556,Regular debit/prepaid-led,Established debit/prepaid-led,1995-01-01,2010-01-01 09:06:00,2019-10-31 14:22:00,12.0,1402.0,314.63555,0.0,0.0,True
1960,No purchases in window,Too-new / post-window open (no txn history in data),2020-02-01,,,0.0,0.0,0.0,0.0,,False
321,Regular debit/prepaid-led,Established debit/prepaid-led,1998-12-01,2010-01-01 07:02:00,2019-10-30 19:18:00,12.0,687.0,156.719215,0.0,1.0,True
483,Regular debit/prepaid-led,Established debit/prepaid-led,2001-11-01,2010-01-01 13:58:00,2019-10-28 19:58:00,12.0,548.0,307.96913,0.4901075265924535,3.0,True
404,No purchases in window,Dormant eligible (quiet loss candidate),2010-10-01,,,0.0,0.0,0.0,0.0,,True
1510,No purchases in window,Dormant eligible (quiet loss candidate),2010-02-01,2010-01-20 21:01:00,,0.0,0.0,0.0,0.0,,True
916,No purchases in window,Too-new / post-window open (no txn history in data),2020-01-01,,,0.0,0.0,0.0,0.0,,False
1635,Regular debit/prepaid-led,Established debit/prepaid-led,2003-01-01,2010-01-01 04:21:00,2019-10-31 11:31:00,12.0,1135.0,411.54046,0.4673900656624,0.0,True
1384,Regular debit/prepaid-led,Established debit/prepaid-led,2004-07-01,2010-01-01 12:58:00,2019-10-31 23:54:00,12.0,852.0,201.7704,0.0,0.0,True
943,No purchases in window,Dormant eligible (quiet loss candidate),2016-05-01,,,0.0,0.0,0.0,0.0,,True
1236,Regular debit/prepaid-led,Established debit/prepaid-led,1997-11-01,2010-01-01 09:01:00,2019-10-31 20:24:00,12.0,1111.0,362.714955,0.4146300984000485,0.0,True
969,No purchases in window,Too-new / post-window open (no txn history in data),2020-01-01,,,0.0,0.0,0.0,0.0,,False
508,No purchases in window,Too-new / post-window open (no txn history in data),2020-01-01,,,0.0,0.0,0.0,0.0,,False
496,Regular credit-led,Established credit-led,2002-09-01,2010-01-01 15:00:00,2019-10-29 15:39:00,12.0,559.0,306.23811,0.5290015903311098,2.0,True
450,Regular debit/prepaid-led,Established debit/prepaid-led,2006-08-01,2010-01-01 14:49:00,2019-10-31 08:46:00,12.0,707.0,167.57637499999998,0.0,0.0,True
1753,Regular debit/prepaid-led,Established debit/prepaid-led,2010-11-01,2010-03-05 14:20:00,2019-10-31 11:12:00,12.0,820.0,193.34784,0.0,0.0,True
304,No purchases in window,Dormant eligible (quiet loss candidate),2008-05-01,,,0.0,0.0,0.0,0.0,,True
839,Regular debit/prepaid-led,Established debit/prepaid-led,2009-09-01,2010-01-01 04:38:00,2019-10-30 14:36:00,12.0,454.0,292.19793500000003,0.3056426305479408,1.0,True
138,Regular debit/prepaid-led,Established debit/prepaid-led,2000-05-01,2010-01-01 18:11:00,2019-10-31 21:01:00,12.0,842.0,403.75311,0.4857529440296548,0.0,True
43,No purchases in window,Dormant eligible (quiet loss candidate),2017-09-01,,,0.0,0.0,0.0,0.0,,True
1187,Regular credit-led,Established credit-led,2006-01-01,2010-01-01 14:10:00,2019-10-31 13:05:00,12.0,400.0,275.03406,0.8015210757747976,0.0,True
849,Regular debit/prepaid-led,Established debit/prepaid-led,2007-07-01,2010-01-01 07:10:00,2019-10-31 08:50:00,12.0,903.0,199.997415,0.0,0.0,True
654,No purchases in window,Dormant eligible (quiet loss candidate),2015-05-01,,,0.0,0.0,0.0,0.0,,True
1898,Regular credit-led,Established credit-led,1997-11-01,2010-01-01 06:41:00,2019-10-31 10:56:00,12.0,1137.0,682.52739,0.527642540549543,0.0,True
1971,Regular debit/prepaid-led,Established debit/prepaid-led,2004-09-01,2010-01-01 13:30:00,2019-10-31 15:42:00,12.0,924.0,213.11062,0.0,0.0,True
1020,Regular debit/prepaid-led,Established debit/prepaid-led,2010-02-01,2010-02-01 07:00:00,2019-10-31 07:24:00,12.0,1679.0,389.682645,0.0,0.0,True
22,Regular credit-led,Established credit-led,2017-07-01,2017-07-01 01:44:00,2019-10-31 11:17:00,12.0,1146.0,748.24308,1.0,0.0,True
436,No purchases in window,Too-new / post-window open (no txn history in data),2020-02-01,,,0.0,0.0,0.0,0.0,,False
1823,Regular credit-led,Established credit-led,2002-06-01,2010-01-02 01:12:00,2019-10-31 18:37:00,12.0,939.0,853.925515,0.5704487483850307,0.0,True
589,Regular debit/prepaid-led,Established debit/prepaid-led,1999-09-01,2010-01-02 04:15:00,2019-10-28 06:30:00,12.0,417.0,96.2411,0.0,3.0,True
49,No purchases in window,Dormant eligible (quiet loss candidate),2010-05-01,,,0.0,0.0,0.0,0.0,,True
1350,No purchases in window,Too-new / post-window open (no txn history in data),2020-02-01,,,0.0,0.0,0.0,0.0,,False
1525,Regular credit-led,Established credit-led,2006-02-01,2010-01-01 09:01:00,2019-10-31 22:20:00,12.0,972.0,394.2432,0.7332925065938347,0.0,True
69,Regular debit/prepaid-led,Established debit/prepaid-led,2004-03-01,2010-01-01 08:01:00,2019-10-31 09:59:00,12.0,799.0,341.274215,0.4876598749805,0.0,True
234,Regular debit/prepaid-led,Established debit/prepaid-led,2001-11-01,2010-01-02 03:33:00,2019-10-31 23:52:00,12.0,837.0,496.121915,0.4942538159474321,0.0,True
608,Regular debit/prepaid-led,Established debit/prepaid-led,2011-03-01,2011-03-02 13:55:00,2019-10-28 13:43:00,12.0,671.0,147.42933,0.0,3.0,True
1064,No purchases in window,Dormant eligible (quiet loss candidate),2007-11-01,,,0.0,0.0,0.0,0.0,,True
374,Regular debit/prepaid-led,Established debit/prepaid-led,2004-09-01,2010-01-02 07:58:00,2019-10-31 23:55:00,12.0,730.0,316.468535,0.438780239731425,0.0,True
286,Regular debit/prepaid-led,Established debit/prepaid-led,2010-09-01,2010-02-04 10:24:00,2019-10-31 13:51:00,12.0,749.0,168.686495,0.0,0.0,True
1419,No purchases in window,Dormant eligible (quiet loss candidate),2004-04-01,,,0.0,0.0,0.0,0.0,,True
1435,Regular credit-led,Established credit-led,2009-08-01,2010-01-01 07:25:00,2019-10-31 20:41:00,12.0,1887.0,1054.739655,0.5512128515634254,0.0,True
1683,No purchases in window,Dormant eligible (quiet loss candidate),2006-10-01,,,0.0,0.0,0.0,0.0,,True
727,Regular debit/prepaid-led,Established debit/prepaid-led,2007-07-01,2010-01-01 02:00:00,2019-10-31 22:55:00,12.0,1020.0,366.787915,0.4371298571758484,0.0,True
1150,Regular credit-led,Established credit-led,2007-04-01,2010-01-01 06:09:00,2019-10-31 20:33:00,12.0,1517.0,786.344075,0.5142096584803427,0.0,True
332,Regular debit/prepaid-led,Established debit/prepaid-led,2004-12-01,2010-01-01 08:40:00,2019-10-31 12:42:00,12.0,1036.0,434.095715,0.4571377688515944,0.0,True
487,Regular debit/prepaid-led,Established debit/prepaid-led,2001-03-01,2010-01-01 07:10:00,2019-10-31 19:11:00,12.0,1139.0,278.428865,0.0,0.0,True
735,No purchases in window,Dormant eligible (quiet loss candidate),1997-03-01,,,0.0,0.0,0.0,0.0,,True
137,Regular debit/prepaid-led,Established debit/prepaid-led,2005-11-01,2010-01-01 06:39:00,2019-10-31 16:28:00,12.0,1901.0,1094.754065,0.4947434098717192,0.0,True
570,Regular debit/prepaid-led,Established debit/prepaid-led,2007-12-01,2010-01-02 10:04:00,2019-10-31 16:42:00,12.0,849.0,195.762205,0.0,0.0,True
1121,Regular credit-led,Established credit-led,2004-12-01,2010-01-01 11:11:00,2019-10-31 15:23:00,12.0,1701.0,1249.81192,0.6493440194416381,0.0,True
860,Regular debit/prepaid-led,Established debit/prepaid-led,2002-12-01,2010-01-01 07:06:00,2019-10-31 22:15:00,12.0,1579.0,890.4227000000001,0.4661183645471262,0.0,True
518,No purchases in window,Dormant eligible (quiet loss candidate),2017-11-01,,,0.0,0.0,0.0,0.0,,True
1203,Regular debit/prepaid-led,Established debit/prepaid-led,2009-06-01,2010-01-01 20:14:00,2019-10-31 20:26:00,12.0,433.0,0.0,0.0,0.0,True
944,Regular credit-led,Established credit-led,2002-05-01,2010-01-01 14:06:00,2019-10-31 14:05:00,12.0,992.0,1300.093165,0.6490671249630863,0.0,True
388,No purchases in window,Dormant eligible (quiet loss candidate),2013-11-01,,,0.0,0.0,0.0,0.0,,True
741,No purchases in window,Dormant eligible (quiet loss candidate),2011-07-01,,,0.0,0.0,0.0,0.0,,True
1737,Regular debit/prepaid-led,Established debit/prepaid-led,1998-12-01,2010-01-01 12:37:00,2019-10-31 13:07:00,12.0,1085.0,241.59041,0.0,0.0,True
1709,Regular debit/prepaid-led,Established debit/prepaid-led,2006-06-01,2010-01-01 15:28:00,2019-10-31 14:40:00,12.0,642.0,149.03774,0.0,0.0,True
1018,Regular credit-led,Established credit-led,1994-04-01,2010-01-01 08:47:00,2019-10-31 17:28:00,12.0,1584.0,1270.92402,0.9604465384054192,0.0,True
275,Regular credit-led,Established credit-led,2004-01-01,2010-01-01 12:55:00,2019-10-31 21:18:00,12.0,2126.0,1283.60374,0.5176119253811781,0.0,True
1367,Regular debit/prepaid-led,Established debit/prepaid-led,2003-03-01,2010-01-01 17:31:00,2019-10-31 17:30:00,12.0,833.0,101.19563,0.0,0.0,True
1965,No purchases in window,Too-new / post-window open (no txn history in data),2020-02-01,,,0.0,0.0,0.0,0.0,,False
284,No purchases in window,Dormant eligible (quiet loss candidate),2005-01-01,,,0.0,0.0,0.0,0.0,,True
79,Regular credit-led,Established credit-led,2007-05-01,2010-01-01 18:57:00,2019-10-31 17:23:00,12.0,613.0,391.0763,0.5603778104415047,0.0,True
1515,Regular debit/prepaid-led,Established debit/prepaid-led,2006-06-01,2010-01-01 10:55:00,2019-10-30 18:41:00,12.0,764.0,434.93371,0.4711431443992417,1.0,True
1934,No purchases in window,Dormant eligible (quiet loss candidate),2004-07-01,,,0.0,0.0,0.0,0.0,,True
9,No purchases in window,Too-new / post-window open (no txn history in data),2020-01-01,,,0.0,0.0,0.0,0.0,,False
1964,Regular debit/prepaid-led,Established debit/prepaid-led,2006-04-01,2010-01-01 05:12:00,2019-10-31 15:42:00,12.0,1051.0,490.32389,0.4686988908391138,0.0,True
982,No purchases in window,Dormant eligible (quiet loss candidate),2004-07-01,,,0.0,0.0,0.0,0.0,,True
1676,Regular debit/prepaid-led,Established debit/prepaid-led,2007-01-01,2010-01-01 05:41:00,2019-10-31 18:34:00,12.0,947.0,218.893715,0.0,0.0,True
1519,Regular debit/prepaid-led,Established debit/prepaid-led,2003-02-01,2010-01-01 01:19:00,2019-10-30 01:01:00,12.0,1112.0,249.44806,0.0,1.0,True
1098,Regular debit/prepaid-led,Established debit/prepaid-led,2006-09-01,2010-01-01 05:15:00,2019-10-31 19:58:00,12.0,3815.0,1759.63435,0.4509723741611113,0.0,True
554,Regular debit/prepaid-led,Established debit/prepaid-led,2001-04-01,2010-01-01 00:23:00,2019-10-31 18:50:00,12.0,1249.0,256.599115,0.0,0.0,True
596,Regular credit-led,Established credit-led,2015-04-01,2015-04-02 15:50:00,2019-10-31 18:54:00,12.0,711.0,568.2564,1.0,0.0,True
170,Regular credit-led,Established credit-led,2007-06-01,2010-01-01 20:18:00,2019-10-31 20:01:00,12.0,799.0,508.5103,0.5224667232804113,0.0,True
794,Regular debit/prepaid-led,Established debit/prepaid-led,2009-06-01,2010-01-01 12:15:00,2019-10-31 20:15:00,12.0,372.0,51.272425,0.0,0.0,True
1697,Regular debit/prepaid-led,Established debit/prepaid-led,2005-01-01,2010-01-01 17:45:00,2019-10-31 17:30:00,12.0,972.0,166.675195,0.0,0.0,True
573,Regular credit-led,Established credit-led,2004-06-01,2010-01-01 07:46:00,2019-10-31 17:56:00,12.0,1296.0,524.6234999999999,1.0,0.0,True
1715,No purchases in window,Too-new / post-window open (no txn history in data),2020-02-01,,,0.0,0.0,0.0,0.0,,False
1607,No purchases in window,Too-new / post-window open (no txn history in data),2020-02-01,,,0.0,0.0,0.0,0.0,,False
1026,Regular credit-led,Established credit-led,2000-02-01,2010-01-01 08:21:00,2019-10-31 15:50:00,12.0,1025.0,292.90229999999997,0.5290364193339757,0.0,True
1892,No purchases in window,Too-new / post-window open (no txn history in data),2020-01-01,,,0.0,0.0,0.0,0.0,,False
402,Regular debit/prepaid-led,Established debit/prepaid-led,2007-04-01,2010-01-01 12:30:00,2019-10-31 13:39:00,12.0,1207.0,282.714555,0.0,0.0,True
1628,No purchases in window,Dormant eligible (quiet loss candidate),1999-02-01,,,0.0,0.0,0.0,0.0,,True
553,No purchases in window,Dormant eligible (quiet loss candidate),2007-06-01,,,0.0,0.0,0.0,0.0,,True
1551,Regular credit-led,Established credit-led,2007-02-01,2010-01-01 11:13:00,2019-10-31 16:40:00,12.0,1462.0,1170.981625,0.5851237195127222,0.0,True
1672,Regular debit/prepaid-led,Established debit/prepaid-led,2012-07-01,2012-07-01 07:24:00,2019-10-30 22:02:00,12.0,805.0,0.0,0.0,1.0,True
426,No purchases in window,Too-new / post-window open (no txn history in data),2020-01-01,,,0.0,0.0,0.0,0.0,,False
1135,Regular credit-led,Established credit-led,2002-10-01,2010-01-01 11:45:00,2019-10-31 18:19:00,12.0,1508.0,696.405325,0.5286247350245417,0.0,True
1420,No purchases in window,Dormant eligible (quiet loss candidate),2002-07-01,,,0.0,0.0,0.0,0.0,,True
1589,Regular debit/prepaid-led,Established debit/prepaid-led,2014-01-01,2014-01-01 14:50:00,2019-10-31 10:43:00,12.0,512.0,119.258645,0.0,0.0,True
1002,Regular debit/prepaid-led,Established debit/prepaid-led,2008-02-01,2010-01-01 20:33:00,2019-09-26 23:12:00,11.0,311.0,75.12112,0.0,35.0,True
1411,Regular debit/prepaid-led,Established debit/prepaid-led,1999-12-01,2010-01-01 02:48:00,2019-10-31 19:41:00,12.0,1136.0,694.15529,0.4984769462776967,0.0,True
1654,Regular credit-led,Established credit-led,2006-05-01,2010-01-01 10:07:00,2019-10-31 16:57:00,12.0,2516.0,1553.234645,0.5166444355566813,0.0,True
1330,Regular debit/prepaid-led,Established debit/prepaid-led,2005-09-01,2010-01-01 08:35:00,2019-10-31 15:29:00,12.0,2148.0,496.39544,0.0,0.0,True
790,Regular debit/prepaid-led,Established debit/prepaid-led,2007-06-01,2010-01-01 15:54:00,2019-10-31 10:43:00,12.0,1126.0,255.71962,0.0,0.0,True
552,Regular debit/prepaid-led,Established debit/prepaid-led,2004-06-01,2010-01-01 14:53:00,2019-10-31 17:18:00,12.0,1126.0,268.8144,0.0,0.0,True
139,No purchases in window,Dormant eligible (quiet loss candidate),2004-06-01,,,0.0,0.0,0.0,0.0,,True
1280,No purchases in window,Dormant eligible (quiet loss candidate),2015-12-01,,,0.0,0.0,0.0,0.0,,True
883,Regular credit-led,Established credit-led,2016-06-01,2016-01-14 09:12:00,2019-10-31 22:27:00,12.0,661.0,896.5368,1.0,0.0,True
359,Regular credit-led,Established credit-led,2005-04-01,2010-01-01 12:20:00,2019-10-31 21:01:00,12.0,1142.0,584.1162,0.7010085182690928,0.0,True
1921,Regular credit-led,Established credit-led,2007-07-01,2010-01-01 03:11:00,2019-10-31 16:45:00,12.0,779.0,390.92472,0.6434195914671432,0.0,True
651,No purchases in window,Dormant eligible (quiet loss candidate),2008-10-01,,,0.0,0.0,0.0,0.0,,True
557,Regular debit/prepaid-led,Established debit/prepaid-led,2009-11-01,2010-01-01 06:19:00,2019-10-31 16:41:00,12.0,2083.0,468.93193,0.0,0.0,True
1071,No purchases in window,Dormant eligible (quiet loss candidate),2014-01-01,,,0.0,0.0,0.0,0.0,,True
1175,No purchases in window,Dormant eligible (quiet loss candidate),2005-01-01,,,0.0,0.0,0.0,0.0,,True
1936,Regular credit-led,Established credit-led,2007-12-01,2010-01-01 10:47:00,2019-10-31 21:27:00,12.0,982.0,561.809005,0.5263127003791686,0.0,True
182,No purchases in window,Dormant eligible (quiet loss candidate),2000-02-01,,,0.0,0.0,0.0,0.0,,True
468,Regular credit-led,Established credit-led,2008-11-01,2010-01-01 10:35:00,2019-10-30 18:09:00,12.0,728.0,402.15286,0.5316720286658521,1.0,True
1651,Regular credit-led,Established credit-led,2006-08-01,2010-01-01 06:43:00,2019-10-31 22:41:00,12.0,1604.0,2385.70308,1.0,0.0,True
1714,No purchases in window,Too-new / post-window open (no txn history in data),2020-02-01,,,0.0,0.0,0.0,0.0,,False
1839,No purchases in window,Dormant eligible (quiet loss candidate),2008-11-01,,,0.0,0.0,0.0,0.0,,True
1585,Regular debit/prepaid-led,Established debit/prepaid-led,2013-04-01,2013-04-01 22:27:00,2019-10-31 22:23:00,12.0,1700.0,387.965045,0.0,0.0,True
1245,Regular debit/prepaid-led,Established debit/prepaid-led,1994-11-01,2010-01-01 07:12:00,2019-10-31 21:24:00,12.0,1136.0,455.679455,0.4909984019102604,0.0,True
732,Regular debit/prepaid-led,Established debit/prepaid-led,2003-01-01,2010-01-02 14:20:00,2019-10-30 18:37:00,12.0,482.0,80.379215,0.0,1.0,True
342,No purchases in window,Too-new / post-window open (no txn history in data),2020-01-01,,,0.0,0.0,0.0,0.0,,False
476,Regular debit/prepaid-led,Established debit/prepaid-led,2005-02-01,2010-01-01 15:16:00,2019-10-31 15:54:00,12.0,1395.0,321.026155,0.0,0.0,True
164,Regular credit-led,Established credit-led,1999-06-01,2010-01-01 12:14:00,2019-10-31 12:12:00,12.0,802.0,421.263695,0.5474146464275484,0.0,True
539,No purchases in window,Too-new / post-window open (no txn history in data),2020-01-01,,,0.0,0.0,0.0,0.0,,False
40,Regular credit-led,Established credit-led,1998-07-01,2010-01-01 10:57:00,2019-10-31 13:57:00,12.0,611.0,199.480955,0.503967402722337,0.0,True
1,Regular credit-led,Established credit-led,2002-07-01,2010-01-01 11:58:00,2019-10-31 16:15:00,12.0,942.0,609.70626,1.0,0.0,True
272,No purchases in window,Dormant eligible (quiet loss candidate),2011-01-01,,,0.0,0.0,0.0,0.0,,True
521,No purchases in window,Too-new / post-window open (no txn history in data),2020-01-01,,,0.0,0.0,0.0,0.0,,False
988,Regular credit-led,Established credit-led,2010-07-01,2010-02-28 13:51:00,2019-10-31 16:16:00,12.0,772.0,785.16684,1.0,0.0,True
660,Regular credit-led,Established credit-led,2010-10-01,2010-10-01 06:37:00,2019-10-31 07:19:00,12.0,619.0,378.89118,1.0,0.0,True
1381,Regular debit/prepaid-led,Established debit/prepaid-led,2005-07-01,2010-01-01 05:59:00,2019-10-31 17:04:00,12.0,1348.0,314.63232,0.0,0.0,True
184,Regular credit-led,Established credit-led,1998-10-01,2010-01-01 13:28:00,2019-10-31 08:05:00,12.0,617.0,380.433815,0.5553537420823813,0.0,True
1183,Regular debit/prepaid-led,Established debit/prepaid-led,2004-05-01,2010-01-01 20:48:00,2019-10-31 21:33:00,12.0,664.0,357.055405,0.4482249699991301,0.0,True
905,Regular credit-led,Established credit-led,2004-01-01,2010-01-01 09:16:00,2019-10-31 14:03:00,12.0,1102.0,987.194685,0.5942897250494152,0.0,True
419,Regular credit-led,Established credit-led,2002-08-01,2010-01-01 07:37:00,2019-10-31 13:58:00,12.0,1178.0,498.888935,0.5147433400257708,0.0,True
239,No purchases in window,Too-new / post-window open (no txn history in data),2020-01-01,,,0.0,0.0,0.0,0.0,,False
1241,Regular debit/prepaid-led,Established debit/prepaid-led,2004-07-01,2010-01-01 08:04:00,2019-10-31 20:38:00,12.0,1378.0,343.9396,0.0,0.0,True
383,Regular credit-led,Established credit-led,2003-07-01,2010-01-01 07:53:00,2019-10-31 19:44:00,12.0,582.0,264.416565,0.5545769317646367,0.0,True
1816,Regular credit-led,Established credit-led,2001-02-01,2010-01-02 13:31:00,2019-10-31 07:38:00,12.0,555.0,403.33734,1.0,0.0,True
1501,No purchases in window,Dormant eligible (quiet loss candidate),2002-07-01,,,0.0,0.0,0.0,0.0,,True
497,Regular credit-led,Established credit-led,2002-05-01,2010-01-01 06:15:00,2019-10-31 06:16:00,12.0,1052.0,745.11194,0.5936078221460013,0.0,True
893,No purchases in window,Too-new / post-window open (no txn history in data),2020-01-01,,,0.0,0.0,0.0,0.0,,False
44,Regular debit/prepaid-led,Established debit/prepaid-led,1992-12-01,2010-01-01 08:03:00,2019-10-31 10:58:00,12.0,767.0,394.22429,0.4655013521664233,0.0,True
661,Regular debit/prepaid-led,Established debit/prepaid-led,2013-08-01,2013-08-01 08:39:00,2019-10-31 09:24:00,12.0,587.0,241.46728,0.4637142695044882,0.0,True
939,Regular credit-led,Established credit-led,2001-03-01,2010-01-03 01:36:00,2019-10-31 09:40:00,12.0,522.0,528.11244,1.0,0.0,True
947,Regular debit/prepaid-led,Established debit/prepaid-led,2007-04-01,2010-01-01 12:16:00,2019-10-31 22:40:00,12.0,1456.0,170.241905,0.0,0.0,True
1749,Regular debit/prepaid-led,Established debit/prepaid-led,2005-01-01,2010-01-01 14:55:00,2019-10-30 14:40:00,12.0,263.0,28.065935,0.0,1.0,True
385,Regular credit-led,Established credit-led,1999-02-01,2010-01-01 08:33:00,2019-10-31 08:47:00,12.0,820.0,362.20102,0.5231052543127905,0.0,True
67,No purchases in window,Too-new / post-window open (no txn history in data),2020-01-01,,,0.0,0.0,0.0,0.0,,False
1298,Regular credit-led,Established credit-led,2010-02-01,2010-02-01 07:48:00,2019-10-31 09:39:00,12.0,624.0,265.96904,0.5358832301326302,0.0,True
913,Regular credit-led,Established credit-led,2007-12-01,2010-01-01 17:08:00,2019-10-31 15:34:00,12.0,401.0,237.983955,0.7300773743892477,0.0,True
1634,Regular credit-led,Established credit-led,2004-04-01,2010-01-01 00:31:00,2019-10-31 13:49:00,12.0,1140.0,331.53552,0.5414621377160399,0.0,True
804,Regular credit-led,Established credit-led,2000-01-01,2010-01-01 08:21:00,2019-10-31 20:03:00,12.0,1426.0,635.645595,0.5671106448533955,0.0,True
1703,Regular credit-led,Established credit-led,2008-05-01,2010-01-01 01:03:00,2019-10-31 21:58:00,12.0,2018.0,1448.04294,1.0,0.0,True
1741,Regular credit-led,Established credit-led,2006-02-01,2010-01-01 06:07:00,2019-10-31 17:56:00,12.0,848.0,647.73653,0.5686157281680874,0.0,True
766,No purchases in window,Dormant eligible (quiet loss candidate),1999-09-01,,,0.0,0.0,0.0,0.0,,True
472,Regular debit/prepaid-led,Established debit/prepaid-led,2007-07-01,2010-01-01 07:50:00,2019-10-31 13:41:00,12.0,1604.0,634.068995,0.4531794402966123,0.0,True
366,Regular credit-led,Established credit-led,2001-02-01,2010-01-01 06:47:00,2019-10-31 17:33:00,12.0,1439.0,619.156645,0.515301518747016,0.0,True
1205,No purchases in window,Too-new / post-window open (no txn history in data),2020-01-01,,,0.0,0.0,0.0,0.0,,False
1705,No purchases in window,Dormant eligible (quiet loss candidate),2006-02-01,,,0.0,0.0,0.0,0.0,,True
626,No purchases in window,Too-new / post-window open (no txn history in data),2020-01-01,,,0.0,0.0,0.0,0.0,,False
1638,Regular credit-led,Established credit-led,2001-10-01,2010-01-01 10:42:00,2019-10-31 17:31:00,12.0,1296.0,678.158295,0.5088243702269333,0.0,True
1953,No purchases in window,Dormant eligible (quiet loss candidate),2009-11-01,,,0.0,0.0,0.0,0.0,,True
1771,Regular debit/prepaid-led,Established debit/prepaid-led,2008-12-01,2010-01-01 08:37:00,2019-10-31 19:28:00,12.0,1270.0,217.222015,0.0,0.0,True
931,Regular debit/prepaid-led,Established debit/prepaid-led,2005-12-01,2010-01-04 15:33:00,2019-10-31 12:06:00,12.0,754.0,178.563185,0.0,0.0,True
1190,Regular debit/prepaid-led,Established debit/prepaid-led,1999-11-01,2010-01-01 07:45:00,2019-10-31 22:59:00,12.0,2234.0,469.315315,0.0,0.0,True
371,Regular debit/prepaid-led,Established debit/prepaid-led,2007-11-01,2010-01-01 10:00:00,2019-10-31 21:18:00,12.0,1656.0,559.61005,0.1069191054285171,0.0,True
1404,Regular debit/prepaid-led,Established debit/prepaid-led,2004-09-01,2010-01-01 22:34:00,2019-10-31 14:23:00,12.0,478.0,112.10969,0.0,0.0,True
1970,No purchases in window,Too-new / post-window open (no txn history in data),2020-02-01,,,0.0,0.0,0.0,0.0,,False
1364,Regular credit-led,Established credit-led,2000-04-01,2010-01-02 18:23:00,2019-10-29 16:32:00,12.0,355.0,94.7439,1.0,2.0,True
327,Regular debit/prepaid-led,Established debit/prepaid-led,2005-08-01,2010-01-01 05:57:00,2019-10-31 19:08:00,12.0,1999.0,464.82114,0.0,0.0,True
1337,No purchases in window,Too-new / post-window open (no txn history in data),2020-01-01,,,0.0,0.0,0.0,0.0,,False
594,No purchases in window,Dormant eligible (quiet loss candidate),2009-07-01,,,0.0,0.0,0.0,0.0,,True
1704,No purchases in window,Dormant eligible (quiet loss candidate),2011-08-01,,,0.0,0.0,0.0,0.0,,True
1500,Regular credit-led,Established credit-led,2005-10-01,2010-01-01 07:42:00,2019-10-31 13:05:00,12.0,1028.0,622.8342,0.8137996455771664,0.0,True
923,No purchases in window,Too-new / post-window open (no txn history in data),2020-01-01,,,0.0,0.0,0.0,0.0,,False
1788,Regular credit-led,Established credit-led,1996-12-01,2010-01-01 14:03:00,2019-10-31 13:20:00,12.0,1398.0,569.399255,0.5028846876916943,0.0,True
129,No purchases in window,Dormant eligible (quiet loss candidate),2008-08-01,,,0.0,0.0,0.0,0.0,,True
1756,Regular credit-led,Established credit-led,2008-03-01,2010-01-02 12:22:00,2019-10-31 17:59:00,12.0,638.0,806.45508,1.0,0.0,True
197,Regular debit/prepaid-led,Established debit/prepaid-led,2011-12-01,2011-12-01 08:26:00,2019-10-31 17:28:00,12.0,1473.0,339.60172,0.0,0.0,True
219,Regular debit/prepaid-led,Established debit/prepaid-led,2003-10-01,2010-01-02 08:15:00,2019-10-31 20:29:00,12.0,541.0,197.647665,0.4682009911353069,0.0,True
1820,Regular debit/prepaid-led,Established debit/prepaid-led,2002-04-01,2010-01-03 14:25:00,2019-10-31 18:45:00,12.0,376.0,227.91287,0.4688529642410076,0.0,True
405,No purchases in window,Too-new / post-window open (no txn history in data),2020-01-01,,,0.0,0.0,0.0,0.0,,False
726,Regular debit/prepaid-led,Established debit/prepaid-led,2006-08-01,2010-01-01 12:54:00,2019-10-31 19:35:00,12.0,889.0,196.54124,0.0,0.0,True
20,Regular credit-led,Established credit-led,2003-10-01,2010-01-01 04:25:00,2019-10-31 18:28:00,12.0,1093.0,444.629925,0.5214494965589341,0.0,True
216,Regular debit/prepaid-led,Established debit/prepaid-led,2004-03-01,2010-01-02 15:57:00,2019-10-28 09:10:00,12.0,495.0,55.71251,0.0,3.0,True
293,Regular debit/prepaid-led,Established debit/prepaid-led,2008-08-01,2010-01-01 20:17:00,2019-10-30 21:49:00,12.0,893.0,203.13988,0.0,1.0,True
1868,No purchases in window,Too-new / post-window open (no txn history in data),2020-01-01,,,0.0,0.0,0.0,0.0,,False
1996,Regular debit/prepaid-led,Established debit/prepaid-led,1997-03-01,2010-01-01 11:47:00,2019-10-31 22:31:00,12.0,643.0,150.82765,0.0,0.0,True
1171,Regular credit-led,Established credit-led,1997-11-01,2010-01-01 08:17:00,2019-10-31 15:32:00,12.0,621.0,575.6044449999999,0.6142939441263231,0.0,True
1154,No purchases in window,Dormant eligible (quiet loss candidate),2003-10-01,,,0.0,0.0,0.0,0.0,,True
819,Regular credit-led,Established credit-led,2002-06-01,2010-01-01 03:32:00,2019-10-31 10:00:00,12.0,824.0,406.116005,0.5114184514718362,0.0,True
1554,No purchases in window,Dormant eligible (quiet loss candidate),2015-10-01,,,0.0,0.0,0.0,0.0,,True
1079,Regular credit-led,Established credit-led,2003-05-01,2010-01-01 09:18:00,2019-10-31 23:45:00,12.0,1337.0,956.30289,0.563369503294121,0.0,True
681,No purchases in window,Too-new / post-window open (no txn history in data),2020-02-01,,,0.0,0.0,0.0,0.0,,False
240,Regular debit/prepaid-led,Established debit/prepaid-led,2007-03-01,2010-01-01 14:52:00,2019-10-31 18:27:00,12.0,676.0,151.89589,0.0,0.0,True
751,Regular credit-led,Established credit-led,2008-11-01,2010-01-01 13:28:00,2019-10-31 15:03:00,12.0,621.0,766.75518,1.0,0.0,True
773,Regular debit/prepaid-led,Established debit/prepaid-led,2008-04-01,2010-01-01 09:59:00,2019-10-31 10:27:00,12.0,1158.0,112.704795,0.0,0.0,True
1294,Regular debit/prepaid-led,Established debit/prepaid-led,2006-09-01,2010-01-01 08:13:00,2019-10-31 21:30:00,12.0,968.0,234.24917,0.0,0.0,True
1567,Regular debit/prepaid-led,Established debit/prepaid-led,2006-05-01,2010-01-01 07:47:00,2019-10-31 13:06:00,12.0,865.0,208.804025,0.0,0.0,True
132,Regular debit/prepaid-led,Established debit/prepaid-led,2007-11-01,2010-01-01 10:07:00,2019-10-31 10:06:00,12.0,370.0,180.27411,0.4863661892151155,0.0,True
512,No purchases in window,Dormant eligible (quiet loss candidate),2005-05-01,,,0.0,0.0,0.0,0.0,,True
501,No purchases in window,Too-new / post-window open (no txn history in data),2020-01-01,,,0.0,0.0,0.0,0.0,,False
178,Regular debit/prepaid-led,Established debit/prepaid-led,2007-08-01,2010-01-01 02:28:00,2019-10-31 11:27:00,12.0,932.0,213.71522,0.0,0.0,True
1077,Regular debit/prepaid-led,Established debit/prepaid-led,2001-08-01,2010-01-01 01:40:00,2019-10-31 19:42:00,12.0,2404.0,347.83696,0.0,0.0,True
914,Regular debit/prepaid-led,Established debit/prepaid-led,2004-05-01,2010-01-01 08:37:00,2019-10-31 08:59:00,12.0,1083.0,403.166585,0.4385187079434101,0.0,True
1840,Regular credit-led,Established credit-led,2000-07-01,2010-01-01 05:56:00,2019-10-31 15:46:00,12.0,1330.0,418.669775,0.5055527004516281,0.0,True
550,Regular debit/prepaid-led,Established debit/prepaid-led,1994-01-01,2010-01-01 05:40:00,2019-10-31 18:49:00,12.0,1283.0,525.95352,0.4736012567468626,0.0,True
1869,No purchases in window,Too-new / post-window open (no txn history in data),2020-01-01,,,0.0,0.0,0.0,0.0,,False
977,Regular debit/prepaid-led,Established debit/prepaid-led,2006-10-01,2010-01-01 13:20:00,2019-10-30 06:07:00,12.0,1154.0,545.04588,0.4915750922286207,1.0,True
933,Regular credit-led,Established credit-led,2003-10-01,2010-01-01 12:31:00,2019-10-31 12:57:00,12.0,724.0,289.84842,0.6975087807909787,0.0,True
938,Regular credit-led,Established credit-led,2010-01-01,2010-01-01 06:59:00,2019-10-31 22:48:00,12.0,1043.0,1017.97794,1.0,0.0,True
622,No purchases in window,Dormant eligible (quiet loss candidate),2015-09-01,,,0.0,0.0,0.0,0.0,,True
796,No purchases in window,Dormant eligible (quiet loss candidate),2013-03-01,,,0.0,0.0,0.0,0.0,,True
621,Regular debit/prepaid-led,Established debit/prepaid-led,2000-10-01,2010-01-01 08:50:00,2019-10-30 16:23:00,12.0,655.0,150.64227,0.0,1.0,True
1038,No purchases in window,Too-new / post-window open (no txn history in data),2020-01-01,,,0.0,0.0,0.0,0.0,,False
1687,Regular debit/prepaid-led,Established debit/prepaid-led,2006-04-01,2010-01-01 07:17:00,2019-10-31 22:27:00,12.0,2000.0,462.86985,0.0,0.0,True
1890,No purchases in window,Dormant eligible (quiet loss candidate),2017-05-01,,,0.0,0.0,0.0,0.0,,True
544,No purchases in window,Dormant eligible (quiet loss candidate),2009-08-01,,,0.0,0.0,0.0,0.0,,True
810,Regular credit-led,Established credit-led,2001-04-01,2010-01-01 05:43:00,2019-10-31 11:05:00,12.0,1391.0,841.4942149999999,0.5875843951412664,0.0,True
58,Regular debit/prepaid-led,Established debit/prepaid-led,2013-02-01,2012-07-17 22:05:00,2019-10-30 20:09:00,12.0,941.0,224.45882,0.0,1.0,True
1986,Regular debit/prepaid-led,Established debit/prepaid-led,2005-11-01,2010-01-01 08:36:00,2019-10-31 23:58:00,12.0,679.0,161.020815,0.0,0.0,True
1084,Regular credit-led,Established credit-led,2002-06-01,2010-01-01 02:08:00,2019-10-31 08:25:00,12.0,1076.0,687.778095,0.6273839665547969,0.0,True
1349,No purchases in window,Dormant eligible (quiet loss candidate),2003-06-01,,,0.0,0.0,0.0,0.0,,True
1825,Regular credit-led,Established credit-led,2006-08-01,2010-01-01 07:57:00,2019-10-31 23:46:00,12.0,1400.0,595.888545,0.537029545572501,0.0,True
98,Regular credit-led,Established credit-led,2004-08-01,2010-01-01 11:25:00,2019-10-31 13:01:00,12.0,1996.0,1330.45272,1.0,0.0,True
615,Regular credit-led,Established credit-led,2007-02-01,2010-01-01 07:07:00,2019-10-31 08:53:00,12.0,1019.0,874.28577,0.5889400853011469,0.0,True
1488,Regular debit/prepaid-led,Established debit/prepaid-led,2006-02-01,2010-01-01 10:57:00,2019-10-31 20:09:00,12.0,1063.0,423.60413,0.4765927675632482,0.0,True
211,Regular debit/prepaid-led,Established debit/prepaid-led,2004-02-01,2010-01-01 06:06:00,2019-10-31 19:51:00,12.0,1245.0,272.888735,0.0,0.0,True
1443,Regular debit/prepaid-led,Established debit/prepaid-led,2005-07-01,2010-01-01 02:33:00,2019-10-31 19:31:00,12.0,1185.0,642.671115,0.4685623688005798,0.0,True
801,Regular credit-led,Established credit-led,2001-12-01,2010-01-01 10:43:00,2019-10-31 08:33:00,12.0,679.0,276.69486,0.5374388502041019,0.0,True
655,Regular debit/prepaid-led,Established debit/prepaid-led,2004-08-01,2010-01-01 07:24:00,2019-10-31 18:13:00,12.0,1230.0,275.39494,0.0,0.0,True
669,Regular debit/prepaid-led,Established debit/prepaid-led,2006-07-01,2010-01-01 08:07:00,2019-10-31 22:16:00,12.0,1079.0,400.475025,0.4200104925918175,0.0,True
1726,No purchases in window,Dormant eligible (quiet loss candidate),2006-09-01,,,0.0,0.0,0.0,0.0,,True
444,No purchases in window,Too-new / post-window open (no txn history in data),2020-02-01,,,0.0,0.0,0.0,0.0,,False
418,No purchases in window,Dormant eligible (quiet loss candidate),2009-03-01,,,0.0,0.0,0.0,0.0,,True
242,Regular debit/prepaid-led,Established debit/prepaid-led,2004-08-01,2010-01-01 12:43:00,2019-10-31 14:36:00,12.0,836.0,197.020285,0.0,0.0,True
168,No purchases in window,Dormant eligible (quiet loss candidate),2008-05-01,,,0.0,0.0,0.0,0.0,,True
960,No purchases in window,Dormant eligible (quiet loss candidate),2017-02-01,,,0.0,0.0,0.0,0.0,,True
1911,No purchases in window,Dormant eligible (quiet loss candidate),1998-02-01,,,0.0,0.0,0.0,0.0,,True
259,No purchases in window,Dormant eligible (quiet loss candidate),2004-09-01,,,0.0,0.0,0.0,0.0,,True
300,Regular debit/prepaid-led,Established debit/prepaid-led,2007-07-01,2010-01-01 22:25:00,2019-10-31 11:47:00,12.0,636.0,154.935635,0.0,0.0,True
1967,Regular debit/prepaid-led,Established debit/prepaid-led,1998-09-01,2010-01-01 12:11:00,2019-10-30 20:37:00,12.0,981.0,224.47793,0.0,1.0,True
434,Regular credit-led,Established credit-led,2010-06-01,2010-02-26 06:18:00,2019-10-31 21:35:00,12.0,869.0,868.48848,1.0,0.0,True
1076,Regular credit-led,Established credit-led,2003-02-01,2010-01-01 09:37:00,2019-10-30 15:43:00,12.0,663.0,389.956035,0.5640011288175817,1.0,True
723,Regular credit-led,Established credit-led,2007-06-01,2010-01-01 12:59:00,2019-10-31 22:18:00,12.0,938.0,347.49082,0.5643298755063463,0.0,True
1398,Regular credit-led,Established credit-led,1997-10-01,2010-01-01 07:19:00,2019-10-31 21:23:00,12.0,1689.0,1038.0595,0.5723791450854653,0.0,True
1464,Regular debit/prepaid-led,Established debit/prepaid-led,2002-07-01,2010-01-01 12:26:00,2019-10-31 21:18:00,12.0,981.0,191.808105,0.0,0.0,True
1505,No purchases in window,Dormant eligible (quiet loss candidate),2009-06-01,,,0.0,0.0,0.0,0.0,,True
1130,Regular credit-led,Established credit-led,2003-04-01,2010-01-01 09:31:00,2019-10-31 21:11:00,12.0,1296.0,833.84803,0.5213111406638892,0.0,True
62,Regular debit/prepaid-led,Established debit/prepaid-led,2001-04-01,2010-01-01 07:54:00,2019-10-31 16:12:00,12.0,1254.0,282.86108,0.0,0.0,True
1623,Regular credit-led,Established credit-led,2009-10-01,2010-01-01 11:05:00,2019-10-31 19:33:00,12.0,737.0,415.27566,1.0,0.0,True
1416,Regular credit-led,Established credit-led,1996-06-01,2010-01-01 19:40:00,2019-10-31 14:56:00,12.0,983.0,681.664995,0.534893989082404,0.0,True
1998,Regular debit/prepaid-led,Established debit/prepaid-led,2007-03-01,2010-01-01 02:35:00,2019-10-31 07:11:00,12.0,411.0,104.75413,0.4493175787478272,0.0,True
1299,Regular credit-led,Established credit-led,2003-06-01,2010-01-01 06:19:00,2019-10-30 18:11:00,12.0,661.0,350.680975,0.5368064853730252,1.0,True
303,Regular credit-led,Established credit-led,2000-02-01,2010-01-01 05:40:00,2019-10-31 13:21:00,12.0,1772.0,1580.611935,0.5511777762390181,0.0,True
1138,Regular debit/prepaid-led,Established debit/prepaid-led,2006-03-01,2010-01-01 06:23:00,2019-10-31 14:21:00,12.0,2122.0,814.1516849999999,0.4513134987068149,0.0,True
1750,Regular debit/prepaid-led,Established debit/prepaid-led,2003-12-01,2010-01-01 11:05:00,2019-10-31 18:51:00,12.0,1031.0,213.624225,0.0,0.0,True
1117,Regular debit/prepaid-led,Established debit/prepaid-led,2008-02-01,2010-01-01 14:25:00,2019-10-31 22:19:00,12.0,1307.0,326.907075,0.0,0.0,True
1322,No purchases in window,Dormant eligible (quiet loss candidate),2007-07-01,,,0.0,0.0,0.0,0.0,,True
878,No purchases in window,Dormant eligible (quiet loss candidate),2017-04-01,,,0.0,0.0,0.0,0.0,,True
609,Regular credit-led,Established credit-led,2005-05-01,2010-01-01 03:26:00,2019-10-31 08:37:00,12.0,825.0,304.671255,0.5312654515047551,0.0,True
761,No purchases in window,Too-new / post-window open (no txn history in data),2020-01-01,,,0.0,0.0,0.0,0.0,,False
1313,Regular debit/prepaid-led,Established debit/prepaid-led,2004-08-01,2010-01-01 02:57:00,2019-10-31 20:54:00,12.0,1483.0,0.0,0.0,0.0,True
1558,Regular debit/prepaid-led,Established debit/prepaid-led,2005-07-01,2010-01-01 07:54:00,2019-10-31 17:46:00,12.0,1403.0,339.99444,0.0,0.0,True
399,No purchases in window,Dormant eligible (quiet loss candidate),2002-10-01,,,0.0,0.0,0.0,0.0,,True
325,No purchases in window,Dormant eligible (quiet loss candidate),2003-07-01,,,0.0,0.0,0.0,0.0,,True
689,No purchases in window,Dormant eligible (quiet loss candidate),2003-05-01,,,0.0,0.0,0.0,0.0,,True
1763,Regular debit/prepaid-led,Established debit/prepaid-led,1993-09-01,2010-01-01 10:22:00,2019-10-31 15:59:00,12.0,894.0,202.38475,0.0,0.0,True
717,No purchases in window,No window purchases (opened near/during window),2018-11-01,,,0.0,0.0,0.0,0.0,,False
884,Regular debit/prepaid-led,Established debit/prepaid-led,2007-01-01,2010-01-01 10:35:00,2019-10-31 22:23:00,12.0,1392.0,526.338905,0.4475957105469768,0.0,True
1701,No purchases in window,Dormant eligible (quiet loss candidate),2003-02-01,,,0.0,0.0,0.0,0.0,,True
117,No purchases in window,Too-new / post-window open (no txn history in data),2020-01-01,,,0.0,0.0,0.0,0.0,,False
126,Regular debit/prepaid-led,Established debit/prepaid-led,2006-11-01,2010-01-01 07:10:00,2019-10-31 16:38:00,12.0,1056.0,233.198305,0.0,0.0,True
1051,No purchases in window,Dormant eligible (quiet loss candidate),2007-05-01,,,0.0,0.0,0.0,0.0,,True
462,Regular credit-led,Established credit-led,1994-04-01,2010-01-01 17:13:00,2019-10-31 22:48:00,12.0,982.0,822.64861,0.6487747187741048,0.0,True
1454,No purchases in window,Dormant eligible (quiet loss candidate),2009-02-01,,,0.0,0.0,0.0,0.0,,True
467,Regular credit-led,Established credit-led,2008-08-01,2010-01-01 11:24:00,2019-10-31 22:29:00,12.0,1114.0,675.5233499999999,0.8648727059292101,0.0,True
1802,Regular credit-led,Established credit-led,2005-12-01,2010-01-01 03:02:00,2019-10-31 20:14:00,12.0,1722.0,2378.87964,1.0,0.0,True
1563,Regular debit/prepaid-led,Established debit/prepaid-led,2003-03-01,2010-01-01 04:51:00,2019-10-31 16:26:00,12.0,1283.0,499.76423,0.4292677294391184,0.0,True
1235,No purchases in window,Too-new / post-window open (no txn history in data),2020-02-01,,,0.0,0.0,0.0,0.0,,False
587,No purchases in window,Too-new / post-window open (no txn history in data),2020-02-01,,,0.0,0.0,0.0,0.0,,False
709,Regular debit/prepaid-led,Established debit/prepaid-led,2012-10-01,2012-10-01 04:19:00,2019-10-31 09:53:00,12.0,1092.0,246.85197,0.0,0.0,True
1036,No purchases in window,Too-new / post-window open (no txn history in data),2020-01-01,,,0.0,0.0,0.0,0.0,,False
372,No purchases in window,Dormant eligible (quiet loss candidate),2011-02-01,,,0.0,0.0,0.0,0.0,,True
929,No purchases in window,Dormant eligible (quiet loss candidate),2005-01-01,,,0.0,0.0,0.0,0.0,,True
253,No purchases in window,Dormant eligible (quiet loss candidate),2001-05-01,,,0.0,0.0,0.0,0.0,,True
1549,Regular credit-led,Established credit-led,2003-06-01,2010-01-01 12:06:00,2019-10-31 21:50:00,12.0,534.0,566.25949,0.6653361996722569,0.0,True
529,No purchases in window,Dormant eligible (quiet loss candidate),2006-10-01,,,0.0,0.0,0.0,0.0,,True
1306,No purchases in window,Dormant eligible (quiet loss candidate),2006-09-01,,,0.0,0.0,0.0,0.0,,True
1798,No purchases in window,Dormant eligible (quiet loss candidate),2007-12-01,,,0.0,0.0,0.0,0.0,,True
389,No purchases in window,Too-new / post-window open (no txn history in data),2020-01-01,,,0.0,0.0,0.0,0.0,,False
1829,No purchases in window,Dormant eligible (quiet loss candidate),2016-01-01,,,0.0,0.0,0.0,0.0,,True
1392,No purchases in window,Too-new / post-window open (no txn history in data),2020-01-01,,,0.0,0.0,0.0,0.0,,False
1949,No purchases in window,Too-new / post-window open (no txn history in data),2020-02-01,,,0.0,0.0,0.0,0.0,,False
1881,Regular credit-led,Established credit-led,2004-02-01,2010-01-01 10:12:00,2019-10-31 19:49:00,12.0,1664.0,569.863135,0.5449675074143074,0.0,True
1706,No purchases in window,Dormant eligible (quiet loss candidate),2014-08-01,,,0.0,0.0,0.0,0.0,,True
848,Regular credit-led,Established credit-led,2005-11-01,2010-01-01 00:06:00,2019-10-30 15:07:00,12.0,652.0,583.15862,0.5663333659809835,1.0,True
1044,No purchases in window,Dormant eligible (quiet loss candidate),2010-07-01,,,0.0,0.0,0.0,0.0,,True
1112,No purchases in window,Dormant eligible (quiet loss candidate),2005-12-01,,,0.0,0.0,0.0,0.0,,True
802,Regular credit-led,Established credit-led,2005-11-01,2010-01-01 08:41:00,2019-10-31 11:48:00,12.0,1128.0,770.12933,0.6001316483449407,0.0,True
859,Regular debit/prepaid-led,Established debit/prepaid-led,2010-01-01,2010-01-01 09:04:00,2019-10-31 19:11:00,12.0,1006.0,505.002835,0.4865208003728289,0.0,True
441,Regular debit/prepaid-led,Established debit/prepaid-led,2010-10-01,2010-07-26 00:21:00,2019-10-31 12:36:00,12.0,898.0,206.37994,0.0,0.0,True
879,Regular debit/prepaid-led,Established debit/prepaid-led,1999-09-01,2010-01-01 13:49:00,2019-10-31 16:55:00,12.0,1045.0,451.636095,0.482106018728306,0.0,True
1437,Regular credit-led,Established credit-led,2004-12-01,2010-01-01 09:04:00,2019-10-31 19:34:00,12.0,1811.0,642.916305,0.572138953381721,0.0,True
1413,Regular debit/prepaid-led,Established debit/prepaid-led,2007-02-01,2010-01-01 04:13:00,2019-10-31 19:29:00,12.0,1306.0,524.223,0.4996867306690291,0.0,True
1710,Regular debit/prepaid-led,Established debit/prepaid-led,2009-02-01,2010-01-03 08:01:00,2019-10-31 17:07:00,12.0,652.0,345.7888,0.492029537943996,0.0,True
1037,No purchases in window,Dormant eligible (quiet loss candidate),2007-06-01,,,0.0,0.0,0.0,0.0,,True
966,No purchases in window,Too-new / post-window open (no txn history in data),2020-01-01,,,0.0,0.0,0.0,0.0,,False
107,Regular debit/prepaid-led,Established debit/prepaid-led,1996-11-01,2010-01-01 16:21:00,2019-10-31 12:52:00,12.0,375.0,55.71296,0.0,0.0,True
1247,Regular debit/prepaid-led,Established debit/prepaid-led,2004-03-01,2010-01-01 11:22:00,2019-10-31 15:29:00,12.0,932.0,589.8868,0.4926542363586509,0.0,True
700,No purchases in window,Too-new / post-window open (no txn history in data),2020-01-01,,,0.0,0.0,0.0,0.0,,False
1363,No purchases in window,Too-new / post-window open (no txn history in data),2020-01-01,,,0.0,0.0,0.0,0.0,,False
10,No purchases in window,Dormant eligible (quiet loss candidate),2008-06-01,,,0.0,0.0,0.0,0.0,,True
1725,Regular debit/prepaid-led,Established debit/prepaid-led,2001-05-01,2010-01-01 09:08:00,2019-10-31 11:46:00,12.0,1064.0,248.76679,0.0,0.0,True
1145,Regular credit-led,Established credit-led,2005-11-01,2010-01-01 06:37:00,2019-10-31 23:39:00,12.0,2023.0,1229.55189,0.5514382140617914,0.0,True
864,No purchases in window,Dormant eligible (quiet loss candidate),2003-05-01,,,0.0,0.0,0.0,0.0,,True
1357,Regular credit-led,Established credit-led,1995-09-01,2010-01-01 00:56:00,2019-10-31 14:12:00,12.0,1469.0,551.91608,0.5095866757620885,0.0,True
1344,Regular credit-led,Established credit-led,2003-02-01,2010-01-01 07:47:00,2019-10-31 19:41:00,12.0,1235.0,667.8789449999999,0.5145420775863966,0.0,True
1252,No purchases in window,Too-new / post-window open (no txn history in data),2020-02-01,,,0.0,0.0,0.0,0.0,,False
935,No purchases in window,Too-new / post-window open (no txn history in data),2020-01-01,,,0.0,0.0,0.0,0.0,,False
1748,No purchases in window,Dormant eligible (quiet loss candidate),2010-08-01,,,0.0,0.0,0.0,0.0,,True
1123,Regular credit-led,Established credit-led,2002-10-01,2010-01-01 10:23:00,2019-10-31 10:13:00,12.0,617.0,185.15358,0.5636687265393422,0.0,True
546,Regular credit-led,Established credit-led,1998-09-01,2010-01-01 21:19:00,2019-10-31 22:46:00,12.0,712.0,563.729595,0.6205709004997383,0.0,True
430,Regular credit-led,Established credit-led,2000-12-01,2010-01-01 00:05:00,2019-10-31 15:15:00,12.0,2047.0,1239.134215,0.5403125445983818,0.0,True
61,Regular credit-led,Established credit-led,2009-04-01,2010-01-01 21:49:00,2019-10-31 12:43:00,12.0,1162.0,1011.08512,0.615644728836966,0.0,True
1621,Regular debit/prepaid-led,Established debit/prepaid-led,2005-02-01,2010-01-01 13:11:00,2019-10-31 21:05:00,12.0,1075.0,532.7849,0.4933783265713636,0.0,True
413,No purchases in window,Too-new / post-window open (no txn history in data),2020-01-01,,,0.0,0.0,0.0,0.0,,False
269,No purchases in window,Dormant eligible (quiet loss candidate),2018-10-01,,,0.0,0.0,0.0,0.0,,True
37,Regular debit/prepaid-led,Established debit/prepaid-led,2009-02-01,2010-01-01 08:09:00,2019-10-31 08:19:00,12.0,1178.0,592.164565,0.4782641002713223,0.0,True
1793,Regular credit-led,Established credit-led,2011-01-01,2011-01-02 01:58:00,2019-10-31 16:24:00,12.0,445.0,169.95168,0.5776660673541293,0.0,True
1846,Regular credit-led,Established credit-led,2005-06-01,2010-01-01 16:22:00,2019-10-31 14:52:00,12.0,651.0,333.02718,1.0,0.0,True
116,Regular debit/prepaid-led,Established debit/prepaid-led,2012-12-01,2012-08-27 11:54:00,2019-10-31 10:16:00,12.0,1205.0,171.83095,0.0,0.0,True
752,Regular debit/prepaid-led,Established debit/prepaid-led,2001-08-01,2010-01-02 12:15:00,2019-10-31 15:10:00,12.0,529.0,133.126265,0.0,0.0,True
1185,No purchases in window,Too-new / post-window open (no txn history in data),2020-02-01,,,0.0,0.0,0.0,0.0,,False
683,Regular credit-led,Established credit-led,2005-02-01,2010-01-01 09:52:00,2019-10-31 21:51:00,12.0,809.0,514.00649,0.5244713541487694,0.0,True
903,No purchases in window,Too-new / post-window open (no txn history in data),2020-02-01,,,0.0,0.0,0.0,0.0,,False
559,No purchases in window,Dormant eligible (quiet loss candidate),2006-02-01,,,0.0,0.0,0.0,0.0,,True
1338,No purchases in window,Dormant eligible (quiet loss candidate),2008-03-01,,,0.0,0.0,0.0,0.0,,True
75,Regular debit/prepaid-led,Established debit/prepaid-led,2003-08-01,2010-01-01 13:50:00,2019-10-31 16:11:00,12.0,1047.0,453.98748,0.4044473853313137,0.0,True
861,No purchases in window,Too-new / post-window open (no txn history in data),2020-02-01,,,0.0,0.0,0.0,0.0,,False
100,Regular debit/prepaid-led,Established debit/prepaid-led,2003-10-01,2010-01-01 04:38:00,2019-10-31 19:56:00,12.0,633.0,152.847385,0.0,0.0,True
1140,Regular credit-led,Established credit-led,2003-01-01,2010-01-01 19:42:00,2019-10-31 20:39:00,12.0,1145.0,474.07864,0.5264412945037448,0.0,True
531,No purchases in window,Too-new / post-window open (no txn history in data),2020-01-01,,,0.0,0.0,0.0,0.0,,False
279,No purchases in window,Too-new / post-window open (no txn history in data),2020-02-01,,,0.0,0.0,0.0,0.0,,False
362,Regular debit/prepaid-led,Established debit/prepaid-led,2005-07-01,2010-01-01 10:35:00,2019-10-31 16:32:00,12.0,1042.0,254.358385,0.0,0.0,True
1458,Regular debit/prepaid-led,Established debit/prepaid-led,2006-01-01,2010-01-01 09:29:00,2019-10-31 09:54:00,12.0,581.0,135.988295,0.0,0.0,True
976,Regular credit-led,Established credit-led,1999-09-01,2010-01-01 15:08:00,2019-10-31 15:52:00,12.0,1483.0,998.57065,0.5683440456980766,0.0,True
71,No purchases in window,Dormant eligible (quiet loss candidate),2010-06-01,,,0.0,0.0,0.0,0.0,,True
375,Regular debit/prepaid-led,Established debit/prepaid-led,2007-06-01,2010-01-01 08:45:00,2019-09-30 18:52:00,11.0,697.0,156.17318,0.0,31.0,True
403,Regular debit/prepaid-led,Established debit/prepaid-led,2005-09-01,2010-01-02 13:58:00,2019-10-31 16:48:00,12.0,334.0,80.759585,0.0,0.0,True
983,Regular debit/prepaid-led,Established debit/prepaid-led,2003-02-01,2010-01-01 12:52:00,2019-10-31 20:12:00,12.0,851.0,196.273365,0.0,0.0,True
435,No purchases in window,Dormant eligible (quiet loss candidate),2007-03-01,,,0.0,0.0,0.0,0.0,,True
542,Regular credit-led,Established credit-led,2001-03-01,2010-01-01 08:32:00,2019-10-31 14:57:00,12.0,780.0,375.35688,1.0,0.0,True
1090,No purchases in window,Dormant eligible (quiet loss candidate),2005-11-01,,,0.0,0.0,0.0,0.0,,True
60,Regular credit-led,Established credit-led,1998-05-01,2010-01-01 07:18:00,2019-10-31 14:12:00,12.0,969.0,729.549805,0.5672630350556122,0.0,True
287,Regular debit/prepaid-led,Established debit/prepaid-led,2002-12-01,2010-01-01 11:52:00,2019-10-31 16:20:00,12.0,928.0,209.095625,0.0,0.0,True
1857,Regular credit-led,Established credit-led,2007-10-01,2010-01-01 07:28:00,2019-10-31 15:44:00,12.0,1175.0,950.3638,0.5939485124833355,0.0,True
1291,Regular credit-led,Established credit-led,2004-04-01,2010-01-01 17:44:00,2019-10-31 15:38:00,12.0,641.0,480.18241,0.5004835253301559,0.0,True
408,Regular credit-led,Established credit-led,2001-10-01,2010-01-01 06:47:00,2019-10-31 21:26:00,12.0,1735.0,1865.30463,0.927371888201808,0.0,True
173,Regular debit/prepaid-led,Established debit/prepaid-led,2000-02-01,2010-01-03 20:58:00,2019-10-31 20:57:00,12.0,1051.0,193.706695,0.0,0.0,True
1787,Regular debit/prepaid-led,Established debit/prepaid-led,1998-06-01,2010-01-01 01:40:00,2019-10-31 21:28:00,12.0,1352.0,800.134695,0.4911369713590825,0.0,True
1800,No purchases in window,Dormant eligible (quiet loss candidate),2001-02-01,,,0.0,0.0,0.0,0.0,,True
438,Regular debit/prepaid-led,Established debit/prepaid-led,2008-11-01,2010-01-01 21:19:00,2019-10-31 11:12:00,12.0,403.0,92.21833,0.0,0.0,True
1988,Regular credit-led,Established credit-led,2007-03-01,2010-01-01 13:52:00,2019-10-31 19:24:00,12.0,1687.0,1588.62244,0.567055132426692,0.0,True
1143,No purchases in window,Too-new / post-window open (no txn history in data),2020-02-01,,,0.0,0.0,0.0,0.0,,False
1250,Regular credit-led,Established credit-led,2004-11-01,2010-01-01 08:52:00,2019-10-31 22:49:00,12.0,1255.0,506.263125,0.5476150055410153,0.0,True
1767,No purchases in window,Too-new / post-window open (no txn history in data),2020-01-01,,,0.0,0.0,0.0,0.0,,False
1072,Regular debit/prepaid-led,Established debit/prepaid-led,2009-01-01,2010-01-01 07:46:00,2019-10-30 22:54:00,12.0,1100.0,252.72777,0.0,1.0,True
1841,No purchases in window,Dormant eligible (quiet loss candidate),2017-02-01,,,0.0,0.0,0.0,0.0,,True
1202,Regular credit-led,Established credit-led,2005-05-01,2010-01-01 11:29:00,2019-10-31 16:11:00,12.0,1018.0,217.141865,0.9996607497060326,0.0,True
235,Regular debit/prepaid-led,Established debit/prepaid-led,2008-10-01,2010-01-02 11:47:00,2019-10-31 13:40:00,12.0,660.0,149.9534,0.0025033915826257,0.0,True
1766,Regular debit/prepaid-led,Established debit/prepaid-led,2002-07-01,2010-01-01 15:56:00,2019-10-31 23:56:00,12.0,430.0,220.27972,0.473419594063137,0.0,True
1702,Regular debit/prepaid-led,Established debit/prepaid-led,1994-12-01,2010-01-03 09:25:00,2019-10-31 19:59:00,12.0,848.0,153.96183,0.0,0.0,True
1142,Regular credit-led,Established credit-led,2007-08-01,2010-01-01 02:15:00,2019-10-31 02:02:00,12.0,770.0,792.713825,0.6971067778700953,0.0,True
1653,No purchases in window,Dormant eligible (quiet loss candidate),2011-08-01,,,0.0,0.0,0.0,0.0,,True
1982,No purchases in window,Dormant eligible (quiet loss candidate),2010-06-01,,,0.0,0.0,0.0,0.0,,True
1423,No purchases in window,Too-new / post-window open (no txn history in data),2020-01-01,,,0.0,0.0,0.0,0.0,,False
48,Regular debit/prepaid-led,Established debit/prepaid-led,2006-12-01,2010-01-02 10:52:00,2019-10-31 11:26:00,12.0,760.0,126.23772,0.0,0.0,True
1582,Regular debit/prepaid-led,Established debit/prepaid-led,2015-12-01,2015-07-20 19:28:00,2019-10-31 16:12:00,12.0,1005.0,240.094015,0.0,0.0,True
656,No purchases in window,Dormant eligible (quiet loss candidate),2010-11-01,,,0.0,0.0,0.0,0.0,,True
500,No purchases in window,Too-new / post-window open (no txn history in data),2020-01-01,,,0.0,0.0,0.0,0.0,,False
1862,Regular credit-led,Established credit-led,2016-07-01,2016-07-01 11:22:00,2019-10-31 23:02:00,12.0,1300.0,628.35588,1.0,0.0,True
1850,No purchases in window,Too-new / post-window open (no txn history in data),2020-02-01,,,0.0,0.0,0.0,0.0,,False
1808,Regular debit/prepaid-led,Established debit/prepaid-led,2008-09-01,2010-01-01 09:35:00,2019-10-31 20:18:00,12.0,708.0,320.861535,0.4569759643023351,0.0,True
277,Regular credit-led,Established credit-led,2000-11-01,2010-01-01 06:56:00,2019-10-31 09:15:00,12.0,1104.0,366.653,0.5130299465181338,0.0,True
1716,No purchases in window,Too-new / post-window open (no txn history in data),2020-02-01,,,0.0,0.0,0.0,0.0,,False
516,No purchases in window,Dormant eligible (quiet loss candidate),2008-06-01,,,0.0,0.0,0.0,0.0,,True
620,No purchases in window,Too-new / post-window open (no txn history in data),2020-02-01,,,0.0,0.0,0.0,0.0,,False
159,No purchases in window,Dormant eligible (quiet loss candidate),1995-08-01,,,0.0,0.0,0.0,0.0,,True
478,Regular credit-led,Established credit-led,2005-01-01,2010-01-01 07:06:00,2019-10-31 20:51:00,12.0,789.0,613.0047599999999,0.6272540827190005,0.0,True
772,Regular debit/prepaid-led,Established debit/prepaid-led,2002-07-01,2010-01-01 07:56:00,2019-10-31 11:58:00,12.0,827.0,136.617165,0.0,0.0,True
1537,No purchases in window,Dormant eligible (quiet loss candidate),2006-06-01,,,0.0,0.0,0.0,0.0,,True
1429,Regular debit/prepaid-led,Established debit/prepaid-led,2012-06-01,2012-01-23 16:53:00,2019-10-31 16:24:00,12.0,1090.0,250.958135,0.0,0.0,True
1228,Regular credit-led,Established credit-led,2000-01-01,2010-01-01 15:48:00,2019-10-31 21:47:00,12.0,1215.0,603.93052,0.5581892747899054,0.0,True
991,No purchases in window,Dormant eligible (quiet loss candidate),2007-03-01,,,0.0,0.0,0.0,0.0,,True
1249,No purchases in window,Too-new / post-window open (no txn history in data),2020-01-01,,,0.0,0.0,0.0,0.0,,False
1242,Regular credit-led,Established credit-led,2005-08-01,2010-01-01 06:03:00,2019-10-31 06:36:00,12.0,820.0,618.49674,1.0,0.0,True
1759,Regular debit/prepaid-led,Established debit/prepaid-led,2005-05-01,2010-01-01 05:36:00,2019-10-31 20:08:00,12.0,1924.0,798.567995,0.4728295982474549,0.0,True
1058,Regular debit/prepaid-led,Established debit/prepaid-led,1999-09-01,2010-01-01 15:37:00,2019-10-31 20:49:00,12.0,1344.0,671.503625,0.4321840482624289,0.0,True
1730,Regular debit/prepaid-led,Established debit/prepaid-led,2011-01-01,2011-01-01 12:33:00,2019-10-31 16:57:00,12.0,1302.0,285.8356,0.0,0.0,True
1632,No purchases in window,Too-new / post-window open (no txn history in data),2020-01-01,,,0.0,0.0,0.0,0.0,,False
1224,Regular debit/prepaid-led,Established debit/prepaid-led,2000-04-01,2010-01-01 17:59:00,2019-10-31 17:54:00,12.0,1765.0,910.27676,0.4951323690939789,0.0,True
1940,Regular debit/prepaid-led,Established debit/prepaid-led,2001-06-01,2010-01-01 12:49:00,2019-10-31 16:11:00,12.0,891.0,320.77523,0.4746324243836782,0.0,True
1132,No purchases in window,Too-new / post-window open (no txn history in data),2020-01-01,,,0.0,0.0,0.0,0.0,,False
895,Regular debit/prepaid-led,Established debit/prepaid-led,2007-02-01,2010-01-01 02:57:00,2019-10-31 07:51:00,12.0,770.0,390.126615,0.4679672357181161,0.0,True
1556,Regular debit/prepaid-led,Established debit/prepaid-led,2008-05-01,2010-01-01 00:09:00,2019-10-31 23:22:00,12.0,440.0,71.10326,0.0,0.0,True
1025,No purchases in window,Too-new / post-window open (no txn history in data),2020-01-01,,,0.0,0.0,0.0,0.0,,False
1972,Regular debit/prepaid-led,Established debit/prepaid-led,2004-04-01,2010-01-01 08:50:00,2019-10-31 09:26:00,12.0,963.0,292.732615,0.4683412067966959,0.0,True
86,Regular debit/prepaid-led,Established debit/prepaid-led,2015-07-01,2015-07-01 00:26:00,2019-10-31 16:30:00,12.0,881.0,199.70034,0.0,0.0,True
344,No purchases in window,Too-new / post-window open (no txn history in data),2020-01-01,,,0.0,0.0,0.0,0.0,,False
1189,Regular credit-led,Established credit-led,2004-03-01,2010-01-01 06:58:00,2019-10-31 10:54:00,12.0,652.0,321.03227999999996,0.5344631892293052,0.0,True
921,Regular debit/prepaid-led,Established debit/prepaid-led,2007-04-01,2010-01-01 08:22:00,2019-10-31 17:15:00,12.0,1475.0,355.38245,0.0,0.0,True
393,Regular debit/prepaid-led,Established debit/prepaid-led,2006-12-01,2010-01-01 12:25:00,2019-10-31 18:43:00,12.0,567.0,130.26369,0.0,0.0,True
1254,Regular credit-led,Established credit-led,2005-02-01,2010-01-01 10:31:00,2019-10-31 22:37:00,12.0,723.0,292.604185,0.6062202905483902,0.0,True
212,Regular debit/prepaid-led,Established debit/prepaid-led,2001-04-01,2010-01-01 02:25:00,2019-10-31 19:10:00,12.0,818.0,293.27845,0.4571710103534452,0.0,True
1262,Regular debit/prepaid-led,Established debit/prepaid-led,2001-02-01,2010-01-01 12:15:00,2019-10-31 14:26:00,12.0,985.0,215.558345,0.0,0.0,True
122,Regular debit/prepaid-led,Established debit/prepaid-led,2002-03-01,2010-01-01 06:19:00,2019-10-31 20:57:00,12.0,962.0,438.763695,0.4553666639867086,0.0,True
1118,Regular credit-led,Established credit-led,2013-10-01,2013-09-12 20:11:00,2019-10-31 18:12:00,12.0,1112.0,1520.338095,0.6846867712068234,0.0,True
974,No purchases in window,Dormant eligible (quiet loss candidate),2007-02-01,,,0.0,0.0,0.0,0.0,,True
1274,Regular credit-led,Established credit-led,2001-01-01,2010-01-01 06:38:00,2019-10-31 21:24:00,12.0,1634.0,1342.951785,0.6494408121673834,0.0,True
1453,Regular debit/prepaid-led,Established debit/prepaid-led,2007-02-01,2010-01-01 02:05:00,2019-10-31 12:58:00,12.0,1816.0,404.903325,0.0,0.0,True
337,No purchases in window,Too-new / post-window open (no txn history in data),2020-01-01,,,0.0,0.0,0.0,0.0,,False
1023,No purchases in window,Dormant eligible (quiet loss candidate),2001-06-01,,,0.0,0.0,0.0,0.0,,True
1903,Regular credit-led,Established credit-led,2008-05-01,2010-01-01 09:56:00,2019-10-31 18:26:00,12.0,1397.0,812.386405,0.5625283572917992,0.0,True
604,Regular credit-led,Established credit-led,2008-08-01,2010-01-01 16:30:00,2019-10-31 21:34:00,12.0,779.0,599.68852,0.5638000217603761,0.0,True
1637,No purchases in window,Dormant eligible (quiet loss candidate),2006-04-01,,,0.0,0.0,0.0,0.0,,True
1470,Regular debit/prepaid-led,Established debit/prepaid-led,2008-06-01,2010-01-01 13:35:00,2019-10-29 11:26:00,12.0,625.0,141.939945,0.0,2.0,True
1856,Regular debit/prepaid-led,Established debit/prepaid-led,2008-12-01,2010-01-01 20:20:00,2019-10-31 13:29:00,12.0,829.0,106.434815,0.0,0.0,True
907,No purchases in window,Dormant eligible (quiet loss candidate),2006-07-01,,,0.0,0.0,0.0,0.0,,True
1923,Regular credit-led,Established credit-led,2003-03-01,2010-01-01 07:11:00,2019-10-31 22:50:00,12.0,773.0,539.63226,1.0,0.0,True
674,Regular debit/prepaid-led,Established debit/prepaid-led,1995-11-01,2010-01-01 10:27:00,2019-10-31 19:07:00,12.0,1453.0,459.077585,0.4488904124667054,0.0,True
1665,No purchases in window,Too-new / post-window open (no txn history in data),2020-01-01,,,0.0,0.0,0.0,0.0,,False
548,No purchases in window,Dormant eligible (quiet loss candidate),2009-02-01,,,0.0,0.0,0.0,0.0,,True
209,Regular debit/prepaid-led,Established debit/prepaid-led,2000-06-01,2010-01-01 18:45:00,2019-10-31 23:36:00,12.0,1278.0,463.614395,0.4208594219233089,0.0,True
730,No purchases in window,Dormant eligible (quiet loss candidate),1999-05-01,,,0.0,0.0,0.0,0.0,,True
670,No purchases in window,Too-new / post-window open (no txn history in data),2020-01-01,,,0.0,0.0,0.0,0.0,,False
627,No purchases in window,Dormant eligible (quiet loss candidate),2018-10-01,,,0.0,0.0,0.0,0.0,,True
924,No purchases in window,Dormant eligible (quiet loss candidate),2008-03-01,2010-01-01 11:20:00,,0.0,0.0,0.0,0.0,,True
894,No purchases in window,Dormant eligible (quiet loss candidate),2006-03-01,,,0.0,0.0,0.0,0.0,,True
1633,Regular credit-led,Established credit-led,2004-10-01,2010-01-02 13:11:00,2019-10-31 15:39:00,12.0,907.0,396.113275,0.5137608764726012,0.0,True
1593,No purchases in window,Too-new / post-window open (no txn history in data),2020-01-01,,,0.0,0.0,0.0,0.0,,False
720,Regular debit/prepaid-led,Established debit/prepaid-led,2004-08-01,2010-01-01 14:50:00,2019-10-30 21:03:00,12.0,327.0,74.774055,0.0,1.0,True
264,Regular credit-led,Established credit-led,2009-03-01,2010-01-01 21:52:00,2019-10-31 21:35:00,12.0,869.0,664.6913999999999,1.0,0.0,True
827,Regular credit-led,Established credit-led,2001-09-01,2010-01-01 06:14:00,2019-10-31 22:51:00,12.0,760.0,407.53917,0.5544398568058507,0.0,True
414,Regular debit/prepaid-led,Established debit/prepaid-led,2001-05-01,2010-01-01 01:07:00,2019-10-31 17:02:00,12.0,752.0,200.981995,0.0,0.0,True
1439,Regular debit/prepaid-led,Established debit/prepaid-led,2010-01-01,2010-01-01 06:42:00,2019-10-31 09:27:00,12.0,814.0,178.177025,0.0,0.0,True
843,Regular debit/prepaid-led,Established debit/prepaid-led,2008-01-01,2010-01-01 02:52:00,2019-10-31 17:31:00,12.0,702.0,329.72042,0.4391280838513521,0.0,True
1008,Regular debit/prepaid-led,Established debit/prepaid-led,2005-12-01,2010-01-01 15:01:00,2019-10-31 16:42:00,12.0,1720.0,499.177495,0.4343896583796661,0.0,True
1834,Regular credit-led,Established credit-led,2007-02-01,2010-01-01 11:12:00,2019-10-31 20:45:00,12.0,739.0,368.0138,0.5096639671879901,0.0,True
1126,No purchases in window,Too-new / post-window open (no txn history in data),2020-02-01,,,0.0,0.0,0.0,0.0,,False
881,No purchases in window,Dormant eligible (quiet loss candidate),2009-08-01,,,0.0,0.0,0.0,0.0,,True
679,Regular debit/prepaid-led,Established debit/prepaid-led,2005-07-01,2010-01-01 06:13:00,2019-10-31 06:02:00,12.0,546.0,121.931915,0.0,0.0,True
1333,No purchases in window,Too-new / post-window open (no txn history in data),2020-01-01,,,0.0,0.0,0.0,0.0,,False
398,Regular debit/prepaid-led,Established debit/prepaid-led,1999-03-01,2010-01-02 14:05:00,2019-10-29 15:30:00,12.0,583.0,137.90338,0.0,2.0,True
151,No purchases in window,Too-new / post-window open (no txn history in data),2020-01-01,,,0.0,0.0,0.0,0.0,,False
106,Regular debit/prepaid-led,Established debit/prepaid-led,2004-02-01,2010-01-01 07:46:00,2019-10-31 13:25:00,12.0,1342.0,423.660435,0.4310301359787029,0.0,True
1784,No purchases in window,Dormant eligible (quiet loss candidate),1997-05-01,,,0.0,0.0,0.0,0.0,,True
1924,No purchases in window,Dormant eligible (quiet loss candidate),2018-10-01,,,0.0,0.0,0.0,0.0,,True
671,Regular credit-led,Established credit-led,2009-11-01,2010-01-01 16:21:00,2019-10-31 12:25:00,12.0,736.0,574.12188,1.0,0.0,True
1472,No purchases in window,Dormant eligible (quiet loss candidate),2008-03-01,,,0.0,0.0,0.0,0.0,,True
855,Regular debit/prepaid-led,Established debit/prepaid-led,2001-07-01,2010-01-01 19:46:00,2019-10-31 19:18:00,12.0,1016.0,181.553035,0.0,0.0,True
981,No purchases in window,Dormant eligible (quiet loss candidate),2010-08-01,,,0.0,0.0,0.0,0.0,,True
1030,Regular credit-led,Established credit-led,2001-04-01,2010-01-02 16:29:00,2019-10-31 16:27:00,12.0,890.0,489.01014,1.0,0.0,True
384,No purchases in window,Dormant eligible (quiet loss candidate),2018-07-01,,,0.0,0.0,0.0,0.0,,True
80,Regular credit-led,Established credit-led,1997-09-01,2010-01-01 08:42:00,2019-10-31 08:56:00,12.0,688.0,293.13384,0.5258896197887556,0.0,True
1331,Regular debit/prepaid-led,Established debit/prepaid-led,2005-10-01,2010-01-01 09:03:00,2019-10-31 09:23:00,12.0,738.0,0.0,0.0,0.0,True
205,Regular debit/prepaid-led,Established debit/prepaid-led,2004-05-01,2010-01-01 19:19:00,2019-10-31 10:04:00,12.0,851.0,195.76595,0.0,0.0,True
1048,Regular credit-led,Established credit-led,2001-09-01,2010-01-02 14:20:00,2019-10-31 17:25:00,12.0,645.0,691.13466,1.0,0.0,True
1801,No purchases in window,Too-new / post-window open (no txn history in data),2020-01-01,,,0.0,0.0,0.0,0.0,,False
1490,Regular credit-led,Established credit-led,2008-12-01,2010-01-01 08:22:00,2019-10-31 19:21:00,12.0,1026.0,521.8284199999999,0.5546794051934072,0.0,True
818,No purchases in window,Dormant eligible (quiet loss candidate),2001-02-01,,,0.0,0.0,0.0,0.0,,True
1463,Regular credit-led,Established credit-led,2007-11-01,2010-01-01 08:01:00,2019-10-31 20:57:00,12.0,1972.0,908.29057,0.5614261685393774,0.0,True
1835,No purchases in window,Too-new / post-window open (no txn history in data),2020-01-01,,,0.0,0.0,0.0,0.0,,False
952,Regular debit/prepaid-led,Established debit/prepaid-led,2011-02-01,2011-02-01 06:38:00,2019-10-31 17:49:00,12.0,1017.0,259.306865,0.0,0.0,True
616,Regular credit-led,Established credit-led,2016-06-01,2016-05-20 20:50:00,2019-10-31 17:45:00,12.0,815.0,469.4022,1.0,0.0,True
638,Regular debit/prepaid-led,Established debit/prepaid-led,2004-03-01,2010-01-01 20:43:00,2019-10-31 14:31:00,12.0,409.0,102.426315,0.0,0.0,True
1366,Regular credit-led,Established credit-led,2013-01-01,2013-01-01 07:47:00,2019-10-31 18:43:00,12.0,1012.0,503.94894,0.5548761391072384,0.0,True
443,No purchases in window,Dormant eligible (quiet loss candidate),2008-05-01,,,0.0,0.0,0.0,0.0,,True
336,No purchases in window,Dormant eligible (quiet loss candidate),2015-12-01,,,0.0,0.0,0.0,0.0,,True
611,No purchases in window,Too-new / post-window open (no txn history in data),2020-01-01,,,0.0,0.0,0.0,0.0,,False
973,Regular debit/prepaid-led,Established debit/prepaid-led,2008-07-01,2010-01-01 06:22:00,2019-10-31 11:26:00,12.0,2016.0,537.818245,0.3656326970993323,0.0,True
632,No purchases in window,Too-new / post-window open (no txn history in data),2020-01-01,,,0.0,0.0,0.0,0.0,,False
1918,Regular debit/prepaid-led,Established debit/prepaid-led,2009-07-01,2010-01-02 07:31:00,2019-10-31 06:17:00,12.0,715.0,166.537955,0.0,0.0,True
1827,Regular credit-led,Established credit-led,2004-09-01,2010-01-01 07:13:00,2019-10-31 20:35:00,12.0,1102.0,763.25939,0.5160094711254367,0.0,True
70,No purchases in window,Too-new / post-window open (no txn history in data),2020-01-01,,,0.0,0.0,0.0,0.0,,False
672,Regular debit/prepaid-led,Established debit/prepaid-led,2003-10-01,2010-01-01 10:21:00,2019-10-31 23:54:00,12.0,1560.0,347.55920000000003,0.0,0.0,True
1461,Regular debit/prepaid-led,Established debit/prepaid-led,2003-09-01,2010-01-01 09:35:00,2019-10-31 09:37:00,12.0,1191.0,275.93404499999997,0.0358580379393567,0.0,True
510,No purchases in window,Too-new / post-window open (no txn history in data),2020-01-01,,,0.0,0.0,0.0,0.0,,False
256,Regular debit/prepaid-led,Established debit/prepaid-led,2004-05-01,2010-01-01 10:12:00,2019-10-31 19:14:00,12.0,1168.0,420.554725,0.4570789300240733,0.0,True
1410,No purchases in window,Too-new / post-window open (no txn history in data),2020-02-01,,,0.0,0.0,0.0,0.0,,False
574,No purchases in window,Too-new / post-window open (no txn history in data),2020-01-01,,,0.0,0.0,0.0,0.0,,False
1837,Regular debit/prepaid-led,Established debit/prepaid-led,2010-01-01,2010-01-01 11:36:00,2019-10-30 13:40:00,12.0,800.0,133.48909,0.0,1.0,True
1974,No purchases in window,Dormant eligible (quiet loss candidate),2010-03-01,,,0.0,0.0,0.0,0.0,,True
30,No purchases in window,Too-new / post-window open (no txn history in data),2020-02-01,,,0.0,0.0,0.0,0.0,,False
1270,No purchases in window,Dormant eligible (quiet loss candidate),2009-08-01,,,0.0,0.0,0.0,0.0,,True
1815,Regular credit-led,Established credit-led,2002-03-01,2010-01-01 22:52:00,2019-10-31 14:26:00,12.0,927.0,457.76562,0.5336330048645795,0.0,True
805,No purchases in window,Too-new / post-window open (no txn history in data),2020-01-01,,,0.0,0.0,0.0,0.0,,False
464,Regular credit-led,Established credit-led,2002-06-01,2010-01-01 04:54:00,2019-10-31 20:21:00,12.0,2648.0,3215.38464,1.0,0.0,True
1042,No purchases in window,Too-new / post-window open (no txn history in data),2020-02-01,,,0.0,0.0,0.0,0.0,,False
1579,Regular debit/prepaid-led,Established debit/prepaid-led,1999-01-01,2010-01-01 07:53:00,2019-10-31 15:54:00,12.0,873.0,397.41495,0.4864807167241048,0.0,True
830,No purchases in window,Dormant eligible (quiet loss candidate),2009-07-01,,,0.0,0.0,0.0,0.0,,True
465,Regular credit-led,Established credit-led,2002-04-01,2010-01-01 09:12:00,2019-10-31 12:21:00,12.0,650.0,374.42752,0.6017850427325008,0.0,True
1954,Regular credit-led,Established credit-led,2013-01-01,2012-07-10 07:04:00,2019-10-31 14:38:00,12.0,1859.0,1944.061535,0.7427442180298185,0.0,True
959,No purchases in window,Dormant eligible (quiet loss candidate),2009-09-01,,,0.0,0.0,0.0,0.0,,True
1049,No purchases in window,Dormant eligible (quiet loss candidate),2001-05-01,,,0.0,0.0,0.0,0.0,,True
1925,No purchases in window,Too-new / post-window open (no txn history in data),2020-01-01,,,0.0,0.0,0.0,0.0,,False
1088,Regular credit-led,Established credit-led,2005-09-01,2010-01-01 13:27:00,2019-10-31 09:54:00,12.0,723.0,556.5375,1.0,0.0,True
14,Regular credit-led,Established credit-led,2001-08-01,2010-01-01 07:11:00,2019-10-31 21:02:00,12.0,482.0,269.66381,0.5186656260832687,0.0,True
162,Regular credit-led,Established credit-led,2008-08-01,2010-01-01 11:51:00,2019-10-31 11:17:00,12.0,722.0,688.127195,0.5970425717078752,0.0,True
1692,Regular debit/prepaid-led,Established debit/prepaid-led,1991-07-01,2010-01-01 06:08:00,2019-10-31 21:06:00,12.0,1890.0,463.43905,0.0,0.0,True
380,Regular credit-led,Established credit-led,2005-12-01,2010-01-02 09:35:00,2019-10-31 09:37:00,12.0,956.0,420.18678,1.0,0.0,True
141,Regular debit/prepaid-led,Established debit/prepaid-led,2007-05-01,2010-01-01 07:19:00,2019-10-31 07:11:00,12.0,983.0,501.41052,0.4886546586099302,0.0,True
1348,Regular credit-led,Established credit-led,2003-10-01,2010-01-01 08:58:00,2019-10-31 20:58:00,12.0,1108.0,175.46293,0.99577202625587,0.0,True
1256,Regular debit/prepaid-led,Established debit/prepaid-led,2009-10-01,2010-01-01 11:18:00,2019-10-31 22:43:00,12.0,2021.0,694.824035,0.4756347845166948,0.0,True
1690,No purchases in window,Too-new / post-window open (no txn history in data),2020-01-01,,,0.0,0.0,0.0,0.0,,False
169,Regular debit/prepaid-led,Established debit/prepaid-led,2003-06-01,2010-01-01 03:08:00,2019-10-31 08:41:00,12.0,831.0,128.54844,0.0,0.0,True
1955,Regular debit/prepaid-led,Established debit/prepaid-led,2006-08-01,2010-01-02 01:57:00,2019-10-31 10:26:00,12.0,1256.0,163.080925,0.0,0.0,True
1807,Regular debit/prepaid-led,Established debit/prepaid-led,2002-05-01,2010-01-01 00:07:00,2019-10-31 16:17:00,12.0,2097.0,1099.05283,0.4765125008282262,0.0,True
102,No purchases in window,Dormant eligible (quiet loss candidate),2006-12-01,,,0.0,0.0,0.0,0.0,,True
257,Regular credit-led,Established credit-led,2006-01-01,2010-01-01 08:47:00,2019-10-31 08:45:00,12.0,816.0,500.24223,0.5028194820577951,0.0,True
911,No purchases in window,Too-new / post-window open (no txn history in data),2020-01-01,,,0.0,0.0,0.0,0.0,,False
987,Regular debit/prepaid-led,Established debit/prepaid-led,2004-08-01,2010-01-01 07:24:00,2019-10-31 18:43:00,12.0,3063.0,554.573605,0.0,0.0,True
101,No purchases in window,Too-new / post-window open (no txn history in data),2020-01-01,,,0.0,0.0,0.0,0.0,,False
1141,Regular debit/prepaid-led,Established debit/prepaid-led,2004-06-01,2010-01-01 12:48:00,2019-10-31 16:52:00,12.0,1090.0,244.12055,0.0,0.0,True
1682,Regular credit-led,Established credit-led,2006-04-01,2010-01-01 00:37:00,2019-10-31 14:38:00,12.0,825.0,428.043345,0.5613566123043958,0.0,True
481,No purchases in window,Too-new / post-window open (no txn history in data),2020-01-01,,,0.0,0.0,0.0,0.0,,False
978,No purchases in window,Too-new / post-window open (no txn history in data),2020-01-01,,,0.0,0.0,0.0,0.0,,False
1550,No purchases in window,Too-new / post-window open (no txn history in data),2020-01-01,,,0.0,0.0,0.0,0.0,,False
1162,No purchases in window,Too-new / post-window open (no txn history in data),2020-02-01,,,0.0,0.0,0.0,0.0,,False
172,Regular debit/prepaid-led,Established debit/prepaid-led,2009-06-01,2010-01-01 17:38:00,2019-10-31 15:07:00,12.0,515.0,119.620475,0.0,0.0,True
892,No purchases in window,Dormant eligible (quiet loss candidate),2002-01-01,,,0.0,0.0,0.0,0.0,,True
315,Regular debit/prepaid-led,Established debit/prepaid-led,2011-11-01,2011-11-01 11:03:00,2019-10-30 16:19:00,12.0,446.0,56.114675,0.0,1.0,True
1739,No purchases in window,Dormant eligible (quiet loss candidate),2002-06-01,,,0.0,0.0,0.0,0.0,,True
836,No purchases in window,Too-new / post-window open (no txn history in data),2020-02-01,,,0.0,0.0,0.0,0.0,,False
39,Regular credit-led,Established credit-led,2000-04-01,2010-01-01 09:15:00,2019-10-31 21:55:00,12.0,1475.0,1590.4035,1.0,0.0,True
155,Regular debit/prepaid-led,Established debit/prepaid-led,2003-12-01,2010-01-01 13:26:00,2019-10-31 17:10:00,12.0,805.0,253.81654,0.4233018537819434,0.0,True
1305,Regular debit/prepaid-led,Established debit/prepaid-led,2001-03-01,2010-01-01 07:02:00,2019-10-31 08:57:00,12.0,830.0,190.889725,0.0,0.0,True
1504,Regular debit/prepaid-led,Established debit/prepaid-led,2001-11-01,2010-01-02 12:03:00,2019-10-31 14:05:00,12.0,756.0,348.47103,0.4506985185934454,0.0,True
1105,Regular debit/prepaid-led,Established debit/prepaid-led,2002-03-01,2010-01-01 12:33:00,2019-10-31 10:24:00,12.0,1259.0,301.867705,0.0,0.0,True
1761,No purchases in window,Too-new / post-window open (no txn history in data),2020-01-01,,,0.0,0.0,0.0,0.0,,False
215,No purchases in window,Too-new / post-window open (no txn history in data),2020-02-01,,,0.0,0.0,0.0,0.0,,False
948,Regular debit/prepaid-led,Established debit/prepaid-led,2008-06-01,2010-01-01 11:04:00,2019-10-31 18:15:00,12.0,772.0,358.61954,0.4899080540106181,0.0,True
862,Regular credit-led,Established credit-led,2015-05-01,2015-05-01 10:24:00,2019-10-31 14:45:00,12.0,1588.0,880.52346,1.0,0.0,True
1514,Regular credit-led,Established credit-led,2005-01-01,2010-01-01 09:51:00,2019-10-31 09:06:00,12.0,576.0,355.668045,0.5382629647618438,0.0,True
1698,No purchases in window,Dormant eligible (quiet loss candidate),2010-11-01,,,0.0,0.0,0.0,0.0,,True
1316,No purchases in window,Dormant eligible (quiet loss candidate),2014-01-01,,,0.0,0.0,0.0,0.0,,True
1831,No purchases in window,Too-new / post-window open (no txn history in data),2020-01-01,,,0.0,0.0,0.0,0.0,,False
889,No purchases in window,Dormant eligible (quiet loss candidate),2011-03-01,,,0.0,0.0,0.0,0.0,,True
526,Regular debit/prepaid-led,Established debit/prepaid-led,2002-09-01,2010-01-01 04:31:00,2019-10-31 13:48:00,12.0,1457.0,190.619175,0.0,0.0,True
231,Regular credit-led,Established credit-led,2004-04-01,2010-01-01 09:49:00,2019-10-31 21:03:00,12.0,997.0,473.808945,0.5539489210689401,0.0,True
910,No purchases in window,Dormant eligible (quiet loss candidate),2011-10-01,,,0.0,0.0,0.0,0.0,,True
876,Regular debit/prepaid-led,Established debit/prepaid-led,2001-12-01,2010-01-01 10:07:00,2019-10-30 19:09:00,12.0,790.0,184.52373,0.0,1.0,True
1509,Regular credit-led,Established credit-led,2002-07-01,2010-01-01 08:58:00,2019-10-31 20:37:00,12.0,1471.0,544.420345,0.5040112710608029,0.0,True
1422,Regular credit-led,Established credit-led,1999-06-01,2010-01-01 07:38:00,2019-10-31 23:39:00,12.0,947.0,443.33895,0.5241366460119806,0.0,True
1400,No purchases in window,Too-new / post-window open (no txn history in data),2020-01-01,,,0.0,0.0,0.0,0.0,,False
492,No purchases in window,Dormant eligible (quiet loss candidate),2006-07-01,,,0.0,0.0,0.0,0.0,,True
1516,Regular debit/prepaid-led,Established debit/prepaid-led,2002-02-01,2010-01-01 05:51:00,2019-10-31 10:19:00,12.0,1481.0,337.78898499999997,0.0,0.0,True
1649,Regular debit/prepaid-led,Established debit/prepaid-led,2003-07-01,2010-01-03 15:45:00,2019-10-29 21:08:00,12.0,210.0,47.600674999999995,0.0,2.0,True
1573,No purchases in window,Too-new / post-window open (no txn history in data),2020-02-01,,,0.0,0.0,0.0,0.0,,False
583,Regular debit/prepaid-led,Established debit/prepaid-led,2006-06-01,2010-01-01 11:52:00,2019-10-31 11:54:00,12.0,599.0,284.774415,0.4629036392330495,0.0,True
1811,Regular credit-led,Established credit-led,2002-06-01,2010-01-01 06:52:00,2019-10-31 22:07:00,12.0,1842.0,1278.92254,0.5855603346589807,0.0,True
1054,Regular debit/prepaid-led,Established debit/prepaid-led,2008-07-01,2010-01-01 06:13:00,2019-10-30 16:47:00,12.0,703.0,160.660165,0.0,1.0,True
1678,Regular credit-led,Established credit-led,2008-09-01,2010-01-01 06:16:00,2019-10-31 11:26:00,12.0,929.0,608.13634,0.5957318803839706,0.0,True
333,No purchases in window,Too-new / post-window open (no txn history in data),2020-02-01,,,0.0,0.0,0.0,0.0,,False
1412,Regular credit-led,Established credit-led,2009-06-01,2010-01-01 09:21:00,2019-10-31 21:19:00,12.0,1359.0,980.063415,0.5470409244952793,0.0,True
177,Regular credit-led,Established credit-led,1998-07-01,2010-01-01 06:30:00,2019-10-31 16:00:00,12.0,877.0,872.767045,0.5950236416028952,0.0,True
390,No purchases in window,Too-new / post-window open (no txn history in data),2020-01-01,,,0.0,0.0,0.0,0.0,,False
1577,Regular credit-led,Established credit-led,1994-04-01,2010-01-01 23:09:00,2019-10-30 13:49:00,12.0,467.0,352.62518,0.5630815092907662,1.0,True
1609,Regular credit-led,Established credit-led,1998-08-01,2010-01-01 16:38:00,2019-10-31 16:44:00,12.0,814.0,532.344135,0.5475792419900657,0.0,True
1762,Regular credit-led,Established credit-led,2015-03-01,2014-05-21 22:10:00,2019-10-31 21:37:00,12.0,781.0,644.8365,1.0,0.0,True
917,Regular debit/prepaid-led,Established debit/prepaid-led,2005-05-01,2010-01-01 09:14:00,2019-10-30 14:50:00,12.0,524.0,122.471035,0.0,1.0,True
1717,Regular debit/prepaid-led,Established debit/prepaid-led,2010-04-01,2010-04-01 09:05:00,2019-10-31 18:09:00,12.0,2099.0,492.783765,0.0,0.0,True
1355,No purchases in window,Dormant eligible (quiet loss candidate),2009-05-01,,,0.0,0.0,0.0,0.0,,True
1668,Regular debit/prepaid-led,Established debit/prepaid-led,2006-08-01,2010-01-01 12:36:00,2019-10-31 21:50:00,12.0,992.0,235.22912,0.0,0.0,True
1293,Regular debit/prepaid-led,Established debit/prepaid-led,2012-10-01,2012-09-18 20:59:00,2019-10-31 20:00:00,12.0,2465.0,584.10841,0.0,0.0,True
1597,No purchases in window,Too-new / post-window open (no txn history in data),2020-01-01,,,0.0,0.0,0.0,0.0,,False
202,No purchases in window,Too-new / post-window open (no txn history in data),2020-01-01,,,0.0,0.0,0.0,0.0,,False
493,No purchases in window,Too-new / post-window open (no txn history in data),2020-02-01,,,0.0,0.0,0.0,0.0,,False
361,Regular credit-led,Established credit-led,2005-12-01,2010-01-01 09:08:00,2019-10-31 17:44:00,12.0,573.0,300.45023,0.5307950376633318,0.0,True
1659,Regular debit/prepaid-led,Established debit/prepaid-led,1996-02-01,2010-01-01 08:27:00,2019-10-31 21:04:00,12.0,2702.0,1217.371095,0.4728793975273507,0.0,True
289,No purchases in window,Too-new / post-window open (no txn history in data),2020-01-01,,,0.0,0.0,0.0,0.0,,False
737,Regular debit/prepaid-led,Established debit/prepaid-led,2007-01-01,2010-01-01 05:49:00,2019-10-31 16:06:00,12.0,1577.0,386.52257,0.0141811255205677,0.0,True
1733,Regular debit/prepaid-led,Established debit/prepaid-led,2004-10-01,2010-01-01 09:41:00,2019-10-31 19:05:00,12.0,855.0,199.700755,0.0,0.0,True
278,Regular credit-led,Established credit-led,2006-04-01,2010-01-01 06:33:00,2019-10-31 15:20:00,12.0,1482.0,1520.03146,0.6694322010626351,0.0,True
618,Regular debit/prepaid-led,Established debit/prepaid-led,2008-06-01,2010-01-01 03:52:00,2019-10-30 00:52:00,12.0,558.0,124.916935,0.0,1.0,True
753,Regular credit-led,Established credit-led,2007-05-01,2011-11-01 16:33:00,2019-10-30 17:31:00,12.0,717.0,475.98138,1.0,1.0,True
489,Regular credit-led,Established credit-led,2006-10-01,2010-01-01 23:02:00,2019-10-31 23:59:00,12.0,562.0,281.402495,0.5074109456046126,0.0,True
90,Regular debit/prepaid-led,Established debit/prepaid-led,2006-02-01,2010-01-01 10:57:00,2019-10-31 15:17:00,12.0,893.0,0.0,0.0,0.0,True
1264,No purchases in window,Dormant eligible (quiet loss candidate),2008-09-01,,,0.0,0.0,0.0,0.0,,True
18,No purchases in window,Too-new / post-window open (no txn history in data),2020-02-01,,,0.0,0.0,0.0,0.0,,False
376,Regular credit-led,Established credit-led,2006-01-01,2010-01-01 07:09:00,2019-10-31 16:01:00,12.0,1994.0,1116.306825,0.5731767864399422,0.0,True
579,No purchases in window,Dormant eligible (quiet loss candidate),2009-11-01,,,0.0,0.0,0.0,0.0,,True
218,Regular debit/prepaid-led,Established debit/prepaid-led,1998-08-01,2010-01-02 14:04:00,2019-10-31 14:11:00,12.0,862.0,393.39671,0.4637762866259705,0.0,True
1320,No purchases in window,Too-new / post-window open (no txn history in data),2020-02-01,,,0.0,0.0,0.0,0.0,,False
42,Regular debit/prepaid-led,Established debit/prepaid-led,2002-05-01,2010-01-01 16:59:00,2019-10-31 22:13:00,12.0,896.0,335.654545,0.4231671566239829,0.0,True
1170,Regular debit/prepaid-led,Established debit/prepaid-led,2005-09-01,2010-01-01 09:20:00,2019-10-31 20:03:00,12.0,891.0,464.336615,0.4977806858632863,0.0,True
1531,Regular credit-led,Established credit-led,2008-04-01,2010-01-01 06:50:00,2019-10-30 13:37:00,12.0,731.0,364.47588,1.0,1.0,True
1275,No purchases in window,Too-new / post-window open (no txn history in data),2020-01-01,,,0.0,0.0,0.0,0.0,,False
26,No purchases in window,Dormant eligible (quiet loss candidate),1999-08-01,,,0.0,0.0,0.0,0.0,,True
1937,Regular credit-led,Established credit-led,1995-01-01,2010-01-01 11:33:00,2019-10-31 18:01:00,12.0,924.0,732.006025,0.6231931718868242,0.0,True
1177,Regular credit-led,Established credit-led,2005-08-01,2010-01-01 06:55:00,2019-10-31 16:40:00,12.0,1106.0,426.72577,0.5389397382586902,0.0,True
1032,No purchases in window,Dormant eligible (quiet loss candidate),2005-02-01,,,0.0,0.0,0.0,0.0,,True
397,Regular debit/prepaid-led,Established debit/prepaid-led,2008-04-01,2010-01-02 08:19:00,2019-10-31 08:27:00,12.0,1021.0,225.116345,0.0,0.0,True
566,Regular credit-led,Established credit-led,2004-09-01,2010-01-01 00:45:00,2019-10-31 20:06:00,12.0,1804.0,1112.70042,1.0,0.0,True
1581,Regular debit/prepaid-led,Established debit/prepaid-led,2002-11-01,2010-01-01 10:11:00,2019-10-31 18:24:00,12.0,1868.0,548.569095,0.4463527329753902,0.0,True
1332,Regular debit/prepaid-led,Established debit/prepaid-led,1999-04-01,2010-01-01 14:35:00,2019-10-31 22:34:00,12.0,822.0,190.262175,0.0,0.0,True
1648,Regular credit-led,Established credit-led,2003-11-01,2010-01-01 08:35:00,2019-10-31 10:14:00,12.0,2131.0,1857.703095,0.6070149096780635,0.0,True
17,Regular credit-led,Established credit-led,2002-10-01,2010-01-01 06:53:00,2019-10-31 10:42:00,12.0,1738.0,960.656045,0.509658552448794,0.0,True
349,Regular debit/prepaid-led,Established debit/prepaid-led,2006-04-01,2010-01-01 16:09:00,2019-10-31 16:04:00,12.0,1098.0,351.50982,0.4654727593419392,0.0,True
1200,No purchases in window,Dormant eligible (quiet loss candidate),2012-09-01,,,0.0,0.0,0.0,0.0,,True
228,No purchases in window,Dormant eligible (quiet loss candidate),2010-06-01,,,0.0,0.0,0.0,0.0,,True
484,No purchases in window,Dormant eligible (quiet loss candidate),2001-07-01,,,0.0,0.0,0.0,0.0,,True
1099,No purchases in window,Too-new / post-window open (no txn history in data),2020-02-01,,,0.0,0.0,0.0,0.0,,False
1480,No purchases in window,Dormant eligible (quiet loss candidate),2017-05-01,,,0.0,0.0,0.0,0.0,,True
1449,Regular debit/prepaid-led,Established debit/prepaid-led,2002-02-01,2010-01-01 01:54:00,2019-10-31 11:07:00,12.0,945.0,163.91454,0.0,0.0,True
1417,Regular credit-led,Established credit-led,2008-05-01,2010-01-01 08:18:00,2019-10-31 08:41:00,12.0,728.0,578.3596100000001,0.5786712146384324,0.0,True
267,Regular debit/prepaid-led,Established debit/prepaid-led,2011-01-01,2011-01-01 10:30:00,2019-10-31 21:32:00,12.0,396.0,91.13299,0.0,0.0,True
373,Regular debit/prepaid-led,Established debit/prepaid-led,2001-05-01,2010-01-01 09:27:00,2019-10-31 21:00:00,12.0,1608.0,356.904045,0.0,0.0,True
1772,Regular credit-led,Established credit-led,2004-01-01,2010-01-01 07:35:00,2019-10-31 19:44:00,12.0,1736.0,733.216345,0.50162805442395,0.0,True
1418,No purchases in window,Too-new / post-window open (no txn history in data),2020-02-01,,,0.0,0.0,0.0,0.0,,False
1774,Regular credit-led,Established credit-led,1997-03-01,2010-01-01 06:29:00,2019-10-31 14:03:00,12.0,981.0,543.398155,0.5095248252713306,0.0,True
964,Regular credit-led,Established credit-led,1999-04-01,2010-01-01 08:56:00,2019-10-31 08:41:00,12.0,724.0,345.17773,0.5244882771705495,0.0,True
72,No purchases in window,Dormant eligible (quiet loss candidate),2015-09-01,,,0.0,0.0,0.0,0.0,,True
6,No purchases in window,Too-new / post-window open (no txn history in data),2020-02-01,,,0.0,0.0,0.0,0.0,,False
1527,Regular credit-led,Established credit-led,2017-03-01,2017-03-01 21:50:00,2019-10-31 12:25:00,12.0,820.0,804.3723,1.0,0.0,True
1433,Regular debit/prepaid-led,Established debit/prepaid-led,2005-12-01,2010-01-01 07:16:00,2019-10-31 22:54:00,12.0,1632.0,482.91476,0.1314139711150872,0.0,True
1785,Regular debit/prepaid-led,Established debit/prepaid-led,2002-03-01,2010-01-02 06:28:00,2019-10-31 06:45:00,12.0,516.0,119.13355,0.0,0.0,True
1476,No purchases in window,Dormant eligible (quiet loss candidate),2011-01-01,,,0.0,0.0,0.0,0.0,,True
455,Regular debit/prepaid-led,Established debit/prepaid-led,2011-07-01,2011-05-14 14:15:00,2019-10-31 13:45:00,12.0,887.0,167.40055999999998,0.0,0.0,True
1553,No purchases in window,Too-new / post-window open (no txn history in data),2020-01-01,,,0.0,0.0,0.0,0.0,,False
532,No purchases in window,Dormant eligible (quiet loss candidate),2011-01-01,,,0.0,0.0,0.0,0.0,,True
1092,No purchases in window,Dormant eligible (quiet loss candidate),2004-01-01,,,0.0,0.0,0.0,0.0,,True
1819,No purchases in window,Too-new / post-window open (no txn history in data),2020-02-01,,,0.0,0.0,0.0,0.0,,False
528,Regular credit-led,Established credit-led,2001-01-01,2010-01-01 14:05:00,2019-10-31 21:30:00,12.0,654.0,435.52836,0.8983336914247705,0.0,True
328,Regular credit-led,Established credit-led,2006-08-01,2010-02-01 13:17:00,2019-10-31 19:37:00,12.0,819.0,709.96508,0.5772144290129944,0.0,True
1282,Regular debit/prepaid-led,Established debit/prepaid-led,2011-09-01,2011-09-02 03:36:00,2019-10-31 04:06:00,12.0,943.0,215.21041,0.0,0.0,True
783,Regular credit-led,Established credit-led,2000-10-01,2010-01-01 16:50:00,2019-10-31 10:49:00,12.0,639.0,329.839855,0.5080973006874104,0.0,True
1325,No purchases in window,Too-new / post-window open (no txn history in data),2020-02-01,,,0.0,0.0,0.0,0.0,,False
687,No purchases in window,Too-new / post-window open (no txn history in data),2020-02-01,,,0.0,0.0,0.0,0.0,,False
1693,Regular credit-led,Established credit-led,2008-12-01,2010-01-01 13:49:00,2019-10-31 16:48:00,12.0,759.0,746.6220000000001,1.0,0.0,True
1542,Regular debit/prepaid-led,Established debit/prepaid-led,2006-05-01,2010-01-01 01:58:00,2019-10-31 17:07:00,12.0,576.0,0.0,0.0,0.0,True
36,No purchases in window,Dormant eligible (quiet loss candidate),2011-09-01,,,0.0,0.0,0.0,0.0,,True
360,Regular debit/prepaid-led,Established debit/prepaid-led,2009-04-01,2010-01-02 07:24:00,2019-10-31 18:16:00,12.0,1491.0,334.677845,0.0,0.0,True
555,No purchases in window,Too-new / post-window open (no txn history in data),2020-01-01,,,0.0,0.0,0.0,0.0,,False
136,No purchases in window,Too-new / post-window open (no txn history in data),2020-01-01,,,0.0,0.0,0.0,0.0,,False
603,No purchases in window,Dormant eligible (quiet loss candidate),2012-04-01,,,0.0,0.0,0.0,0.0,,True
1794,Regular debit/prepaid-led,Established debit/prepaid-led,2010-10-01,2010-10-02 16:39:00,2019-10-31 08:41:00,12.0,1023.0,244.772035,0.0,0.0,True
329,Regular credit-led,Established credit-led,2010-05-01,2010-05-01 00:20:00,2019-10-31 19:57:00,12.0,1740.0,993.10734,0.9096501136655536,0.0,True
1181,Regular credit-led,Established credit-led,2004-12-01,2010-01-01 12:58:00,2019-10-31 14:13:00,12.0,871.0,576.08924,0.5412953866341768,0.0,True
598,Regular debit/prepaid-led,Established debit/prepaid-led,2002-01-01,2010-01-01 11:04:00,2019-10-31 14:19:00,12.0,2626.0,1330.02621,0.4902668945009638,0.0,True
990,Regular debit/prepaid-led,Established debit/prepaid-led,2005-10-01,2010-01-01 07:09:00,2019-10-30 17:21:00,12.0,623.0,0.0,0.0,1.0,True
1777,Regular credit-led,Established credit-led,2004-09-01,2010-01-01 06:21:00,2019-10-31 23:26:00,12.0,1525.0,725.577195,0.5750784766909848,0.0,True
998,No purchases in window,Too-new / post-window open (no txn history in data),2020-01-01,,,0.0,0.0,0.0,0.0,,False
1872,Regular credit-led,Established credit-led,2004-12-01,2010-01-01 07:09:00,2019-10-30 21:28:00,12.0,864.0,520.95623,0.5679099758759578,1.0,True
1743,No purchases in window,Too-new / post-window open (no txn history in data),2020-01-01,,,0.0,0.0,0.0,0.0,,False
1000,No purchases in window,Dormant eligible (quiet loss candidate),2018-04-01,,,0.0,0.0,0.0,0.0,,True
1708,No purchases in window,Too-new / post-window open (no txn history in data),2020-01-01,,,0.0,0.0,0.0,0.0,,False
799,Regular credit-led,Established credit-led,2011-03-01,2011-03-01 12:31:00,2019-10-31 15:44:00,12.0,598.0,539.52714,1.0,0.0,True
144,Regular debit/prepaid-led,Established debit/prepaid-led,1998-07-01,2011-10-01 07:54:00,2019-10-31 10:47:00,12.0,1739.0,394.82327,0.0,0.0,True
781,No purchases in window,Dormant eligible (quiet loss candidate),2010-02-01,,,0.0,0.0,0.0,0.0,,True
1572,No purchases in window,Dormant eligible (quiet loss candidate),2003-11-01,,,0.0,0.0,0.0,0.0,,True
793,Regular credit-led,Established credit-led,2007-08-01,2010-01-01 11:41:00,2019-10-31 11:34:00,12.0,819.0,565.6617,1.0,0.0,True
1681,No purchases in window,Too-new / post-window open (no txn history in data),2020-01-01,,,0.0,0.0,0.0,0.0,,False
1179,Regular credit-led,Established credit-led,2007-04-01,2010-01-01 11:40:00,2019-10-31 14:51:00,12.0,553.0,465.96497,0.6071733966864657,0.0,True
114,Regular debit/prepaid-led,Established debit/prepaid-led,2008-06-01,2010-01-01 00:30:00,2019-10-31 18:58:00,12.0,3284.0,736.9158649999999,0.0,0.0,True
271,No purchases in window,Too-new / post-window open (no txn history in data),2020-02-01,,,0.0,0.0,0.0,0.0,,False
1107,Regular debit/prepaid-led,Established debit/prepaid-led,1998-01-01,2010-01-01 07:35:00,2019-10-31 16:03:00,12.0,1190.0,477.214825,0.418486289069775,0.0,True
517,Regular credit-led,Established credit-led,2006-01-01,2010-01-02 20:55:00,2019-10-31 06:02:00,12.0,659.0,245.779915,0.5023322995410604,0.0,True
624,No purchases in window,Dormant eligible (quiet loss candidate),2010-03-01,,,0.0,0.0,0.0,0.0,,True
1215,No purchases in window,Dormant eligible (quiet loss candidate),2008-05-01,,,0.0,0.0,0.0,0.0,,True
1992,Regular debit/prepaid-led,Established debit/prepaid-led,2006-07-01,2010-01-01 08:49:00,2019-10-31 23:03:00,12.0,1548.0,266.27021,0.0,0.0,True
968,No purchases in window,Too-new / post-window open (no txn history in data),2020-01-01,,,0.0,0.0,0.0,0.0,,False
19,Regular debit/prepaid-led,Established debit/prepaid-led,2009-12-01,2010-01-01 13:41:00,2019-10-31 14:49:00,12.0,313.0,0.0,0.0,0.0,True
1605,Regular debit/prepaid-led,Established debit/prepaid-led,2001-06-01,2010-01-01 13:06:00,2019-10-31 13:52:00,12.0,848.0,489.67553,0.4523624741827659,0.0,True
463,No purchases in window,Dormant eligible (quiet loss candidate),2012-05-01,,,0.0,0.0,0.0,0.0,,True
1365,No purchases in window,Too-new / post-window open (no txn history in data),2020-02-01,,,0.0,0.0,0.0,0.0,,False
809,No purchases in window,Dormant eligible (quiet loss candidate),2006-06-01,,,0.0,0.0,0.0,0.0,,True
590,No purchases in window,Dormant eligible (quiet loss candidate),2010-01-01,,,0.0,0.0,0.0,0.0,,True
1904,Regular debit/prepaid-led,Established debit/prepaid-led,2000-07-01,2010-01-01 12:27:00,2019-10-31 20:27:00,12.0,1549.0,428.20542,0.4105145806987763,0.0,True
545,Regular debit/prepaid-led,Established debit/prepaid-led,2003-12-01,2010-01-01 10:02:00,2019-10-31 19:38:00,12.0,594.0,139.210085,0.0,0.0,True
789,Regular debit/prepaid-led,Established debit/prepaid-led,2002-09-01,2010-01-01 08:56:00,2019-10-31 11:05:00,12.0,747.0,126.214455,0.0,0.0,True
742,Regular debit/prepaid-led,Established debit/prepaid-led,2009-07-01,2010-01-02 13:24:00,2019-10-31 13:04:00,12.0,855.0,126.86026,0.0,0.0,True
612,No purchases in window,Dormant eligible (quiet loss candidate),2008-01-01,,,0.0,0.0,0.0,0.0,,True
536,No purchases in window,Too-new / post-window open (no txn history in data),2020-01-01,,,0.0,0.0,0.0,0.0,,False
523,Regular credit-led,Established credit-led,2013-04-01,2013-04-01 07:51:00,2019-10-31 23:51:00,12.0,1250.0,898.69346,0.5094441578282058,0.0,True
928,Regular credit-led,Established credit-led,2002-09-01,2010-01-01 10:43:00,2019-10-31 22:37:00,12.0,730.0,338.34195,0.5027935793105265,0.0,True
1642,Regular credit-led,Established credit-led,2008-08-01,2010-01-01 01:11:00,2019-10-31 16:12:00,12.0,1130.0,658.74762,1.0,0.0,True
495,No purchases in window,Dormant eligible (quiet loss candidate),2006-04-01,,,0.0,0.0,0.0,0.0,,True
166,No purchases in window,Dormant eligible (quiet loss candidate),2009-04-01,,,0.0,0.0,0.0,0.0,,True
1277,No purchases in window,Dormant eligible (quiet loss candidate),2012-09-01,,,0.0,0.0,0.0,0.0,,True
718,No purchases in window,Dormant eligible (quiet loss candidate),2003-12-01,,,0.0,0.0,0.0,0.0,,True
1962,Regular debit/prepaid-led,Established debit/prepaid-led,2006-03-01,2010-01-01 07:29:00,2019-10-31 13:16:00,12.0,1134.0,268.069875,0.0,0.0,True
133,Regular debit/prepaid-led,Established debit/prepaid-led,2008-03-01,2010-01-01 09:07:00,2019-10-31 22:15:00,12.0,846.0,200.343175,0.0,0.0,True
682,No purchases in window,Dormant eligible (quiet loss candidate),2015-12-01,,,0.0,0.0,0.0,0.0,,True
795,Regular credit-led,Established credit-led,2009-10-01,2010-01-01 07:05:00,2019-10-31 23:09:00,12.0,1609.0,1109.413995,0.5390126798860775,0.0,True
1849,Regular debit/prepaid-led,Established debit/prepaid-led,2003-02-01,2010-01-01 06:16:00,2019-10-31 10:50:00,12.0,1113.0,539.01324,0.4673963469405611,0.0,True
1732,No purchases in window,Dormant eligible (quiet loss candidate),2000-07-01,,,0.0,0.0,0.0,0.0,,True
167,No purchases in window,Too-new / post-window open (no txn history in data),2020-01-01,,,0.0,0.0,0.0,0.0,,False
1496,No purchases in window,Too-new / post-window open (no txn history in data),2020-01-01,,,0.0,0.0,0.0,0.0,,False
853,No purchases in window,Too-new / post-window open (no txn history in data),2020-02-01,,,0.0,0.0,0.0,0.0,,False
237,Regular credit-led,Established credit-led,2013-06-01,2012-05-11 09:11:00,2019-10-30 11:57:00,12.0,780.0,599.111465,0.6209474764155174,1.0,True
769,No purchases in window,Dormant eligible (quiet loss candidate),2008-08-01,,,0.0,0.0,0.0,0.0,,True
2,Regular debit/prepaid-led,Established debit/prepaid-led,2005-06-01,2010-01-01 06:47:00,2019-10-31 16:21:00,12.0,1043.0,371.10428,0.4247300848825449,0.0,True
313,Regular credit-led,Established credit-led,2010-09-01,2010-09-01 08:02:00,2019-10-31 20:47:00,12.0,855.0,414.44356,0.5603344585130695,0.0,True
1624,No purchases in window,Too-new / post-window open (no txn history in data),2020-01-01,,,0.0,0.0,0.0,0.0,,False
958,No purchases in window,Too-new / post-window open (no txn history in data),2020-01-01,,,0.0,0.0,0.0,0.0,,False
989,Regular credit-led,Established credit-led,2003-08-01,2010-01-01 01:19:00,2019-10-31 23:12:00,12.0,1204.0,2432.938195,0.7503141608130376,0.0,True
1562,Regular debit/prepaid-led,Established debit/prepaid-led,2008-01-01,2010-01-01 07:28:00,2019-10-31 22:09:00,12.0,655.0,281.94009,0.4429878134130547,0.0,True
1983,Regular credit-led,Established credit-led,2006-05-01,2010-01-01 11:01:00,2019-10-31 16:35:00,12.0,1081.0,726.632575,0.5681517392633301,0.0,True
1091,Regular credit-led,Established credit-led,2006-06-01,2010-01-01 06:44:00,2019-10-30 20:07:00,12.0,682.0,467.6392,0.5900079529396299,1.0,True
759,Regular debit/prepaid-led,Established debit/prepaid-led,1999-03-01,2010-01-01 06:07:00,2019-10-31 20:40:00,12.0,677.0,160.848885,0.0,0.0,True
779,Regular debit/prepaid-led,Established debit/prepaid-led,2004-03-01,2010-01-01 08:14:00,2019-10-31 16:38:00,12.0,1733.0,402.75079,0.0,0.0,True
105,No purchases in window,Dormant eligible (quiet loss candidate),2005-04-01,,,0.0,0.0,0.0,0.0,,True
1618,Regular debit/prepaid-led,Established debit/prepaid-led,2000-11-01,2010-01-01 07:26:00,2019-10-31 16:40:00,12.0,1238.0,222.301725,0.0,0.0,True
1168,Regular debit/prepaid-led,Established debit/prepaid-led,2002-06-01,2010-01-01 10:02:00,2019-10-31 22:43:00,12.0,2367.0,573.07836,0.0,0.0,True
1237,Regular debit/prepaid-led,Established debit/prepaid-led,2001-03-01,2010-01-01 03:32:00,2019-10-31 20:08:00,12.0,2431.0,866.77992,0.4210857952687234,0.0,True
699,Regular debit/prepaid-led,Established debit/prepaid-led,2005-06-01,2010-01-01 09:59:00,2019-10-31 12:55:00,12.0,1128.0,371.35388,0.4649070517588209,0.0,True
646,Regular debit/prepaid-led,Established debit/prepaid-led,2005-03-01,2010-01-01 00:32:00,2019-10-31 22:09:00,12.0,894.0,422.056275,0.4872366944549066,0.0,True
499,No purchases in window,Too-new / post-window open (no txn history in data),2020-01-01,,,0.0,0.0,0.0,0.0,,False
1403,Regular debit/prepaid-led,Established debit/prepaid-led,2002-05-01,2010-01-01 09:49:00,2019-10-31 22:17:00,12.0,1755.0,423.46374,0.0,0.0,True
631,Regular credit-led,Established credit-led,2001-05-01,2010-01-01 12:12:00,2019-10-31 12:23:00,12.0,815.0,408.0341,0.5015390925182404,0.0,True
1070,Regular credit-led,Established credit-led,2004-08-01,2010-01-02 09:27:00,2019-10-31 06:37:00,12.0,819.0,456.40075,0.5100103993956577,0.0,True
291,Regular credit-led,Established credit-led,2001-06-01,2010-01-01 07:47:00,2019-10-31 15:07:00,12.0,1483.0,1064.96154,1.0,0.0,True
738,Regular credit-led,Established credit-led,2001-12-01,2010-01-01 15:19:00,2019-10-31 16:45:00,12.0,1010.0,1024.08694,0.6557826649177609,0.0,True
142,Regular debit/prepaid-led,Established debit/prepaid-led,2004-02-01,2010-01-01 07:45:00,2019-10-31 10:26:00,12.0,1243.0,299.75563,0.0,0.0,True
1375,No purchases in window,Too-new / post-window open (no txn history in data),2020-01-01,,,0.0,0.0,0.0,0.0,,False
459,Regular debit/prepaid-led,Established debit/prepaid-led,2005-12-01,2010-01-01 12:18:00,2019-10-31 16:34:00,12.0,664.0,316.89132,0.4369921613577283,0.0,True
281,No purchases in window,Dormant eligible (quiet loss candidate),2015-08-01,,,0.0,0.0,0.0,0.0,,True
498,No purchases in window,Too-new / post-window open (no txn history in data),2020-01-01,,,0.0,0.0,0.0,0.0,,False
55,Regular debit/prepaid-led,Established debit/prepaid-led,2000-09-01,2010-01-01 08:38:00,2019-10-31 20:19:00,12.0,1341.0,297.00885,0.0,0.0,True
1370,Regular credit-led,Established credit-led,2001-10-01,2010-01-01 11:03:00,2019-10-31 19:04:00,12.0,1102.0,774.968305,0.5649846986128728,0.0,True
897,Regular debit/prepaid-led,Established debit/prepaid-led,2016-08-01,2015-05-24 11:36:00,2019-10-31 17:12:00,12.0,710.0,157.230645,0.0,0.0,True
262,No purchases in window,Too-new / post-window open (no txn history in data),2020-01-01,,,0.0,0.0,0.0,0.0,,False
1781,Regular debit/prepaid-led,Established debit/prepaid-led,2009-05-01,2010-01-01 07:47:00,2019-10-31 22:45:00,12.0,576.0,129.386345,0.0,0.0,True
457,Regular credit-led,Established credit-led,2005-07-01,2010-01-01 10:13:00,2019-10-31 16:37:00,12.0,849.0,755.304155,0.5538711462240016,0.0,True
160,Regular debit/prepaid-led,Established debit/prepaid-led,2014-04-01,2014-04-01 10:45:00,2019-10-31 20:09:00,12.0,1036.0,125.990035,0.0,0.0,True
1655,No purchases in window,Dormant eligible (quiet loss candidate),2010-02-01,,,0.0,0.0,0.0,0.0,,True
984,Regular credit-led,Established credit-led,1997-05-01,2010-01-01 04:58:00,2019-10-31 22:41:00,12.0,1225.0,960.15927,0.5849517958652841,0.0,True
1329,No purchases in window,Dormant eligible (quiet loss candidate),2014-05-01,,,0.0,0.0,0.0,0.0,,True
1535,Regular debit/prepaid-led,Established debit/prepaid-led,2008-01-01,2010-01-01 10:51:00,2019-10-30 22:05:00,12.0,877.0,362.753185,0.3475036095632256,1.0,True
1220,No purchases in window,Too-new / post-window open (no txn history in data),2020-01-01,,,0.0,0.0,0.0,0.0,,False
833,No purchases in window,Too-new / post-window open (no txn history in data),2020-01-01,,,0.0,0.0,0.0,0.0,,False
295,No purchases in window,Dormant eligible (quiet loss candidate),2008-04-01,,,0.0,0.0,0.0,0.0,,True
1434,Regular credit-led,Established credit-led,2000-12-01,2010-01-03 07:41:00,2019-10-31 13:56:00,12.0,386.0,216.169035,0.5121084027112827,0.0,True
208,Regular credit-led,Established credit-led,2001-04-01,2010-01-01 11:32:00,2019-10-31 14:45:00,12.0,2348.0,1429.65631,0.5581339797920553,0.0,True
1909,Regular debit/prepaid-led,Established debit/prepaid-led,2008-02-01,2010-01-01 09:28:00,2019-10-31 17:14:00,12.0,1957.0,433.665,0.0,0.0,True
1356,Regular debit/prepaid-led,Established debit/prepaid-led,2004-05-01,2010-01-01 05:20:00,2019-10-31 21:14:00,12.0,916.0,412.93694,0.4743429728873912,0.0,True
265,Regular debit/prepaid-led,Established debit/prepaid-led,2007-12-01,2010-01-01 13:08:00,2019-10-30 16:16:00,12.0,820.0,297.882625,0.3754438720441916,1.0,True
1947,No purchases in window,Dormant eligible (quiet loss candidate),2006-05-01,,,0.0,0.0,0.0,0.0,,True
1089,Regular debit/prepaid-led,Established debit/prepaid-led,2010-06-01,2010-06-01 05:42:00,2019-10-31 11:28:00,12.0,864.0,203.56079,0.0,0.0,True
1790,No purchases in window,Too-new / post-window open (no txn history in data),2020-01-01,,,0.0,0.0,0.0,0.0,,False
1999,No purchases in window,Too-new / post-window open (no txn history in data),2020-02-01,,,0.0,0.0,0.0,0.0,,False
614,Regular debit/prepaid-led,Established debit/prepaid-led,2005-03-01,2010-01-01 15:25:00,2019-10-31 15:11:00,12.0,814.0,371.169735,0.4938292459403444,0.0,True
814,Regular credit-led,Established credit-led,2003-09-01,2010-01-01 10:13:00,2019-10-31 13:57:00,12.0,1177.0,576.216585,0.5437799705847395,0.0,True
175,No purchases in window,Too-new / post-window open (no txn history in data),2020-01-01,,,0.0,0.0,0.0,0.0,,False
305,Regular debit/prepaid-led,Established debit/prepaid-led,2003-04-01,2012-07-03 19:47:00,2019-10-31 16:36:00,12.0,1312.0,0.0,0.0,0.0,True
1225,Regular credit-led,Established credit-led,1999-12-01,2010-01-01 08:25:00,2019-10-31 16:47:00,12.0,1491.0,793.54358,0.5047967760378108,0.0,True
1405,Regular credit-led,Established credit-led,2004-11-01,2010-01-01 13:04:00,2019-10-31 12:23:00,12.0,1093.0,703.759625,0.5016401294849314,0.0,True
1478,Regular credit-led,Established credit-led,2010-02-01,2010-01-09 11:41:00,2019-10-31 21:12:00,12.0,861.0,457.059565,0.5258039798598403,0.0,True
1920,Regular debit/prepaid-led,Established debit/prepaid-led,1996-05-01,2010-01-01 03:16:00,2019-10-31 19:02:00,12.0,1628.0,889.7138699999999,0.4676385991418847,0.0,True
241,Regular debit/prepaid-led,Established debit/prepaid-led,2000-09-01,2010-01-01 02:16:00,2019-10-31 22:48:00,12.0,1103.0,484.891435,0.439470078857157,0.0,True
331,Regular debit/prepaid-led,Established debit/prepaid-led,2007-07-01,2010-01-02 18:27:00,2019-10-31 22:55:00,12.0,463.0,108.71815,0.0,0.0,True
8,No purchases in window,Too-new / post-window open (no txn history in data),2020-01-01,,,0.0,0.0,0.0,0.0,,False
1354,No purchases in window,Dormant eligible (quiet loss candidate),2005-11-01,,,0.0,0.0,0.0,0.0,,True
1258,Regular credit-led,Established credit-led,2007-02-01,2010-01-01 16:45:00,2019-10-31 16:55:00,12.0,1128.0,515.174825,0.5476600298333225,0.0,True
919,No purchases in window,Dormant eligible (quiet loss candidate),2010-07-01,,,0.0,0.0,0.0,0.0,,True
1447,No purchases in window,Dormant eligible (quiet loss candidate),2009-09-01,,,0.0,0.0,0.0,0.0,,True
902,No purchases in window,Too-new / post-window open (no txn history in data),2020-01-01,,,0.0,0.0,0.0,0.0,,False
1318,No purchases in window,Too-new / post-window open (no txn history in data),2020-01-01,,,0.0,0.0,0.0,0.0,,False
1545,No purchases in window,Too-new / post-window open (no txn history in data),2020-01-01,,,0.0,0.0,0.0,0.0,,False
1001,No purchases in window,Too-new / post-window open (no txn history in data),2020-01-01,,,0.0,0.0,0.0,0.0,,False
1315,Regular credit-led,Established credit-led,2005-11-01,2010-01-01 06:16:00,2019-10-31 12:22:00,12.0,1262.0,436.25794,0.5019683740914265,0.0,True
323,Regular debit/prepaid-led,Established debit/prepaid-led,2004-04-01,2010-01-01 07:07:00,2019-10-31 21:26:00,12.0,1362.0,302.14816,0.0,0.0,True
625,No purchases in window,Too-new / post-window open (no txn history in data),2020-01-01,,,0.0,0.0,0.0,0.0,,False
979,Regular credit-led,Established credit-led,2004-11-01,2010-01-01 15:29:00,2019-10-31 22:45:00,12.0,538.0,426.923325,0.5582603179341742,0.0,True
537,No purchases in window,Too-new / post-window open (no txn history in data),2020-02-01,,,0.0,0.0,0.0,0.0,,False
1096,Regular credit-led,Established credit-led,2009-05-01,2010-01-01 15:31:00,2019-10-31 19:31:00,12.0,1717.0,1001.161255,0.5322248984269342,0.0,True
1347,Regular credit-led,Established credit-led,2011-06-01,2011-06-01 04:10:00,2019-10-31 09:34:00,12.0,713.0,503.01284,0.5852156514831491,0.0,True
1395,No purchases in window,Dormant eligible (quiet loss candidate),1997-08-01,,,0.0,0.0,0.0,0.0,,True
1614,No purchases in window,Dormant eligible (quiet loss candidate),2009-05-01,,,0.0,0.0,0.0,0.0,,True
1212,No purchases in window,Dormant eligible (quiet loss candidate),2005-03-01,,,0.0,0.0,0.0,0.0,,True
1588,No purchases in window,Dormant eligible (quiet loss candidate),2000-03-01,,,0.0,0.0,0.0,0.0,,True
121,Regular debit/prepaid-led,Established debit/prepaid-led,2008-12-01,2010-01-01 00:38:00,2019-10-31 18:39:00,12.0,1003.0,554.09962,0.4480602532555867,0.0,True
1773,No purchases in window,Too-new / post-window open (no txn history in data),2020-02-01,,,0.0,0.0,0.0,0.0,,False
1859,Regular credit-led,Established credit-led,2001-04-01,2010-01-01 11:50:00,2019-10-31 15:39:00,12.0,874.0,448.12542,0.5484980329833521,0.0,True
1339,No purchases in window,Too-new / post-window open (no txn history in data),2020-01-01,,,0.0,0.0,0.0,0.0,,False
1894,No purchases in window,Too-new / post-window open (no txn history in data),2020-01-01,,,0.0,0.0,0.0,0.0,,False
77,Regular debit/prepaid-led,Established debit/prepaid-led,2002-04-01,2010-01-01 13:36:00,2019-10-31 17:21:00,12.0,1277.0,316.532095,0.0,0.0,True
1222,Regular debit/prepaid-led,Established debit/prepaid-led,2005-02-01,2010-01-01 08:02:00,2019-10-31 21:26:00,12.0,1199.0,270.95803,0.0,0.0,True
363,Regular debit/prepaid-led,Established debit/prepaid-led,2000-11-01,2010-01-01 10:03:00,2019-10-31 18:16:00,12.0,561.0,0.0,0.0,0.0,True
634,Regular credit-led,Established credit-led,2008-06-01,2010-01-01 06:14:00,2019-10-31 06:15:00,12.0,882.0,624.9746749999999,0.5975314315659013,0.0,True
628,Regular debit/prepaid-led,Established debit/prepaid-led,2008-04-01,2010-01-01 06:01:00,2019-10-31 10:43:00,12.0,723.0,182.499505,0.0,0.0,True
756,Regular debit/prepaid-led,Established debit/prepaid-led,2010-07-01,2010-07-01 05:03:00,2019-10-29 11:19:00,12.0,529.0,135.05824,0.0,2.0,True
971,No purchases in window,Too-new / post-window open (no txn history in data),2020-01-01,,,0.0,0.0,0.0,0.0,,False
111,No purchases in window,Dormant eligible (quiet loss candidate),2013-08-01,,,0.0,0.0,0.0,0.0,,True
312,No purchases in window,Too-new / post-window open (no txn history in data),2020-01-01,,,0.0,0.0,0.0,0.0,,False
1627,No purchases in window,Too-new / post-window open (no txn history in data),2020-02-01,,,0.0,0.0,0.0,0.0,,False
1359,No purchases in window,Dormant eligible (quiet loss candidate),2003-07-01,,,0.0,0.0,0.0,0.0,,True
174,No purchases in window,Too-new / post-window open (no txn history in data),2020-02-01,,,0.0,0.0,0.0,0.0,,False
420,No purchases in window,Too-new / post-window open (no txn history in data),2020-01-01,,,0.0,0.0,0.0,0.0,,False
488,Regular debit/prepaid-led,Established debit/prepaid-led,2004-11-01,2010-01-01 11:33:00,2019-10-31 19:28:00,12.0,2375.0,578.771435,0.0,0.0,True
7,No purchases in window,Dormant eligible (quiet loss candidate),2005-04-01,,,0.0,0.0,0.0,0.0,,True
863,Regular debit/prepaid-led,Established debit/prepaid-led,2013-09-01,2013-05-01 18:21:00,2019-10-31 15:52:00,12.0,774.0,124.43629,0.0,0.0,True
1854,Regular credit-led,Established credit-led,2013-06-01,2013-06-01 16:56:00,2019-10-31 11:33:00,12.0,961.0,852.3912,0.5734690164154046,0.0,True
1041,Regular debit/prepaid-led,Established debit/prepaid-led,2005-04-01,2010-01-01 08:01:00,2019-10-31 13:51:00,12.0,778.0,180.070965,0.0,0.0,True
1616,Regular credit-led,Established credit-led,2009-09-01,2010-01-01 11:35:00,2019-10-31 19:12:00,12.0,1102.0,815.67266,0.5608642332787236,0.0,True
1805,Regular credit-led,Established credit-led,2007-04-01,2010-01-01 11:47:00,2019-10-31 11:35:00,12.0,760.0,341.10594,1.0,0.0,True
1284,Regular debit/prepaid-led,Established debit/prepaid-led,2008-01-01,2010-01-02 07:02:00,2019-10-31 16:13:00,12.0,678.0,164.296445,0.0,0.0,True
1735,Regular debit/prepaid-led,Established debit/prepaid-led,2003-07-01,2010-01-01 07:39:00,2019-10-31 07:48:00,12.0,807.0,328.90581000000003,0.4592767391702976,0.0,True
1528,Regular credit-led,Established credit-led,2005-04-01,2010-01-01 09:24:00,2019-10-31 20:11:00,12.0,2102.0,1346.81182,0.5538963568827209,0.0,True
1278,No purchases in window,Too-new / post-window open (no txn history in data),2020-01-01,,,0.0,0.0,0.0,0.0,,False
591,No purchases in window,Dormant eligible (quiet loss candidate),2004-05-01,,,0.0,0.0,0.0,0.0,,True
97,No purchases in window,Dormant eligible (quiet loss candidate),2011-03-01,,,0.0,0.0,0.0,0.0,,True
31,No purchases in window,Dormant eligible (quiet loss candidate),2010-11-01,,,0.0,0.0,0.0,0.0,,True
1380,No purchases in window,Dormant eligible (quiet loss candidate),2009-01-01,,,0.0,0.0,0.0,0.0,,True
1240,Regular debit/prepaid-led,Established debit/prepaid-led,2008-07-01,2010-01-01 14:32:00,2019-10-31 15:45:00,12.0,956.0,441.77486,0.4849526296465955,0.0,True
932,Regular debit/prepaid-led,Established debit/prepaid-led,2007-02-01,2010-01-01 14:07:00,2019-10-31 18:56:00,12.0,1322.0,714.3124,0.4554047021815268,0.0,True
378,No purchases in window,Too-new / post-window open (no txn history in data),2020-02-01,,,0.0,0.0,0.0,0.0,,False
647,Regular debit/prepaid-led,Established debit/prepaid-led,2014-10-01,2014-06-27 18:40:00,2019-10-31 10:37:00,12.0,1181.0,258.36937,0.0,0.0,True
391,Regular debit/prepaid-led,Established debit/prepaid-led,1998-10-01,2010-01-03 06:57:00,2019-10-30 19:25:00,12.0,507.0,258.02181,0.4512484403421963,1.0,True
588,No purchases in window,Too-new / post-window open (no txn history in data),2020-01-01,,,0.0,0.0,0.0,0.0,,False
986,Regular credit-led,Established credit-led,2007-03-01,2010-01-01 01:22:00,2019-10-31 13:50:00,12.0,1056.0,489.870945,0.6379156399757218,0.0,True
1944,Regular credit-led,Established credit-led,2002-01-01,2010-01-01 06:24:00,2019-10-31 17:56:00,12.0,986.0,554.28724,0.5732298872483804,0.0,True
185,Regular credit-led,Established credit-led,2000-11-01,2010-01-01 03:57:00,2019-10-31 12:40:00,12.0,1222.0,552.10036,0.5626112635565053,0.0,True
1007,No purchases in window,Dormant eligible (quiet loss candidate),2012-02-01,,,0.0,0.0,0.0,0.0,,True
1110,No purchases in window,Dormant eligible (quiet loss candidate),2017-05-01,,,0.0,0.0,0.0,0.0,,True
