card_id,client_id,card_brand,card_type,card_number,expires,cvv,has_chip,num_cards_issued,credit_limit,acct_open_date,year_pin_last_changed,card_on_dark_web,opened,open_m,y1_interchange,y1_interchange_no_mt,y1_interchange_prepaid_debit,y1_purchase_volume,y1_active_months,y1_value,y1_value_no_mt,y1_value_prepaid_debit,new_customer_card,current_age,latitude,longitude,per_capita_income,yearly_income,num_credit_cards,state,state_abbr,region,inside_outline,age_at_open,age_bucket,per_capita_income_bucket,yearly_income_bucket,num_cards_bucket,card_type_label,brand_type,open_year,card_role,credit_limit_bucket,debit_limit_bucket
2731,825,Visa,Debit,4956965974959986,12/2020,393,YES,2,21968,04/2014,2014,No,2014-04-01,24172,45.729985,45.439985,45.729985,12198.97,12.0,45.729985,45.439985,45.729985,False,53,34.15,-117.76,29278,59696,5,California,CA,West,True,47.0,40–49,$28k–$163k,$58k–$280k,5,Debit,Visa debit,2014,Extra card,,$20k–$27k
1278,1746,Visa,Debit,4001482973848631,07/2022,972,YES,2,28508,02/2011,2011,No,2011-02-01,24134,43.615465,42.815465,43.615465,15170.93,12.0,43.615465,42.815465,43.615465,False,53,40.76,-73.74,37891,77254,5,New York,NY,Northeast,True,44.0,40–49,$28k–$163k,$58k–$280k,5,Debit,Visa debit,2011,Extra card,,$27k–$138k
3465,1746,Mastercard,Debit (Prepaid),5711382187309326,11/2020,722,YES,2,54,06/2010,2015,No,2010-06-01,24126,0.0,0.0,31.80281,7110.62,12.0,0.0,0.0,31.80281,False,53,40.76,-73.74,37891,77254,5,New York,NY,Northeast,True,43.0,40–49,$28k–$163k,$58k–$280k,5,Prepaid,Mastercard prepaid,2010,Extra card,,
2732,1718,Visa,Debit,4242015583697294,06/2020,928,YES,1,31463,04/2014,2014,No,2014-04-01,24172,138.802345,136.70234499999998,138.802345,20333.69,12.0,138.802345,136.70234499999998,138.802345,False,81,34.02,-117.89,22681,33483,5,California,CA,West,True,75.0,70+,$19k–$23k,$30k–$37k,5,Debit,Visa debit,2014,Extra card,,$27k–$138k
281,708,Visa,Credit,4017261190134817,05/2015,877,YES,2,98100,01/2011,2011,No,2011-01-01,24133,1520.1684,1289.4084,1520.1684,92611.8,12.0,1520.1684,1289.4084,1520.1684,False,63,40.71,-73.99,163145,249925,4,New York,NY,Northeast,True,54.0,50–59,$28k–$163k,$58k–$280k,4,Credit,Visa credit,2011,Extra card,$15k–$98k,
5621,708,Visa,Debit,4032240655674503,06/2022,53,YES,1,132439,11/2010,2011,No,2010-11-01,24131,55.918295,53.638295,55.918295,22269.59,12.0,55.918295,53.638295,55.918295,False,63,40.71,-73.99,163145,249925,4,New York,NY,Northeast,True,54.0,50–59,$28k–$163k,$58k–$280k,4,Debit,Visa debit,2010,Extra card,,$27k–$138k
4761,1075,Mastercard,Credit,5089768442116305,07/2023,686,YES,2,11200,09/2010,2010,No,2010-09-01,24129,684.04104,681.88104,684.04104,42736.28,12.0,684.04104,681.88104,684.04104,False,36,38.22,-85.74,25258,51500,3,Kentucky,KY,South,True,27.0,Under 30,$23k–$28k,$45k–$58k,3,Credit,Mastercard credit,2010,Extra card,$9k–$11k,
5286,1075,Mastercard,Debit,5767339719294372,12/2021,669,NO,2,26753,10/2014,2014,No,2014-10-01,24178,143.735645,143.735645,143.735645,17783.29,12.0,143.735645,143.735645,143.735645,False,36,38.22,-85.74,25258,51500,3,Kentucky,KY,South,True,31.0,30–39,$23k–$28k,$45k–$58k,3,Debit,Mastercard debit,2014,Extra card,,$27k–$138k
4905,1116,Mastercard,Debit,5668831527649353,01/2021,356,YES,1,23253,09/2017,2017,No,2017-09-01,24213,78.383825,77.623825,78.383825,14612.65,12.0,78.383825,77.623825,78.383825,False,81,40.32,-75.32,26273,42509,5,Pennsylvania,PA,Northeast,True,79.0,70+,$23k–$28k,$37k–$45k,5,Debit,Mastercard debit,2017,Extra card,,$20k–$27k
301,1116,Visa,Credit,4808554251869440,02/2021,921,YES,2,8700,01/2012,2012,No,2012-01-01,24145,542.62476,526.06476,542.62476,31051.82,12.0,542.62476,526.06476,542.62476,False,81,40.32,-75.32,26273,42509,5,Pennsylvania,PA,Northeast,True,73.0,70+,$23k–$28k,$37k–$45k,5,Credit,Visa credit,2012,Extra card,$9k–$11k,
3115,1116,Mastercard,Debit,5224739362243611,01/2019,922,YES,1,29333,05/2012,2012,No,2012-05-01,24149,106.691415,105.441415,106.691415,21945.83,12.0,106.691415,105.441415,106.691415,False,81,40.32,-75.32,26273,42509,5,Pennsylvania,PA,Northeast,True,73.0,70+,$23k–$28k,$37k–$45k,5,Debit,Mastercard debit,2012,Extra card,,$27k–$138k
6074,1660,Visa,Debit (Prepaid),4986270376099447,04/2022,385,YES,1,76,12/2012,2012,No,2012-12-01,24156,0.0,0.0,102.138865,10546.73,12.0,0.0,0.0,102.138865,False,41,36.73,-102.51,11342,23123,6,Oklahoma,OK,South,True,34.0,30–39,$0k–$16k,$0k–$30k,6+,Prepaid,Visa prepaid,2012,Extra card,,
4455,1660,Mastercard,Debit,5231462717450524,03/2024,754,YES,2,12082,08/2016,2016,No,2016-08-01,24200,64.38676,60.61676,64.38676,8362.52,12.0,64.38676,60.61676,64.38676,False,41,36.73,-102.51,11342,23123,6,Oklahoma,OK,South,True,38.0,30–39,$0k–$16k,$0k–$30k,6+,Debit,Mastercard debit,2016,Extra card,,$12k–$16k
5701,1946,Visa,Credit,4231526239204033,02/2020,499,YES,2,12500,11/2014,2014,No,2014-11-01,24179,313.6905,298.9305,313.6905,20301.25,12.0,313.6905,298.9305,313.6905,False,76,41.47,-81.67,19524,41109,2,Ohio,OH,Midwest,True,71.0,70+,$19k–$23k,$37k–$45k,2,Credit,Visa credit,2014,Extra card,$11k–$15k,
2296,877,Mastercard,Debit,5700734711260263,11/2023,230,YES,1,11973,03/2012,2012,No,2012-03-01,24147,105.285915,97.565915,105.285915,27256.83,12.0,105.285915,97.565915,105.285915,False,36,33.44,-111.85,16829,34317,3,Arizona,AZ,West,True,28.0,Under 30,$16k–$19k,$30k–$37k,3,Debit,Mastercard debit,2012,Extra card,,$12k–$16k
3041,140,Mastercard,Debit,5529182104663869,01/2022,182,YES,1,19110,05/2010,2011,No,2010-05-01,24125,83.98123,83.31123,83.98123,12942.46,12.0,83.98123,83.31123,83.98123,False,37,36.28,-86.83,20657,42120,4,Tennessee,TN,South,True,27.0,Under 30,$19k–$23k,$37k–$45k,4,Debit,Mastercard debit,2010,Extra card,,$16k–$20k
5312,140,Mastercard,Debit,5489017664251289,08/2023,196,YES,1,13428,10/2016,2016,No,2016-10-01,24202,57.997440000000005,57.32744,57.997440000000005,8051.88,12.0,57.997440000000005,57.32744,57.997440000000005,False,37,36.28,-86.83,20657,42120,4,Tennessee,TN,South,True,34.0,30–39,$19k–$23k,$37k–$45k,4,Debit,Mastercard debit,2016,Extra card,,$12k–$16k
327,379,Amex,Credit,354813103334804,06/2021,527,YES,2,8400,01/2014,2014,No,2014-01-01,24169,538.15266,509.35266,538.15266,35153.37,12.0,633.15266,604.35266,633.15266,False,47,30.68,-88.04,21331,43496,3,Alabama,AL,South,True,41.0,40–49,$19k–$23k,$37k–$45k,3,Credit,Amex credit,2014,Extra card,$6k–$9k,
5622,822,Visa,Credit,4336733185475861,01/2021,221,NO,2,7100,11/2010,2010,No,2010-11-01,24131,122.55318,94.47318,122.55318,7884.51,12.0,122.55318,94.47318,122.55318,False,51,32.61,-117.03,16942,34540,5,California,CA,West,True,42.0,40–49,$16k–$19k,$30k–$37k,5,Credit,Visa credit,2010,Extra card,$6k–$9k,
5596,822,Mastercard,Debit (Prepaid),5314878099448745,05/2011,994,YES,1,83,11/2010,2010,No,2010-11-01,24131,0.0,0.0,17.122799999999998,1250.6,7.0,0.0,0.0,17.122799999999998,False,51,32.61,-117.03,16942,34540,5,California,CA,West,True,42.0,40–49,$16k–$19k,$30k–$37k,5,Prepaid,Mastercard prepaid,2010,Extra card,,
3991,1499,Amex,Credit,311095486859536,01/2024,536,YES,2,23700,07/2012,2012,No,2012-07-01,24151,341.19486,341.19486,341.19486,25059.27,12.0,436.19486,436.19486,436.19486,True,46,41.97,-88.14,20248,41287,1,Illinois,IL,Midwest,True,38.0,30–39,$19k–$23k,$37k–$45k,1,Credit,Amex credit,2012,Customer's first card,$15k–$98k,
5277,811,Visa,Debit,4905540969337037,09/2018,573,YES,1,53036,10/2013,2013,No,2013-10-01,24166,73.209565,72.189565,73.209565,19436.13,12.0,73.209565,72.189565,73.209565,False,91,38.9,-94.68,51642,84694,7,Kansas,KS,Midwest,True,85.0,70+,$28k–$163k,$58k–$280k,6+,Debit,Visa debit,2013,Extra card,,$27k–$138k
4358,811,Mastercard,Debit,5703849820939467,12/2024,300,YES,1,35750,08/2011,2011,No,2011-08-01,24140,139.177505,136.407505,139.177505,40675.01,12.0,139.177505,136.407505,139.177505,False,91,38.9,-94.68,51642,84694,7,Kansas,KS,Midwest,True,83.0,70+,$28k–$163k,$58k–$280k,6+,Debit,Mastercard debit,2011,Extra card,,$27k–$138k
2318,811,Visa,Debit,4055403312631050,07/2021,902,YES,1,33375,03/2013,2013,No,2013-03-01,24159,95.04031,93.78031,95.04031,27143.620000000003,12.0,95.04031,93.78031,95.04031,False,91,38.9,-94.68,51642,84694,7,Kansas,KS,Midwest,True,84.0,70+,$28k–$163k,$58k–$280k,6+,Debit,Visa debit,2013,Extra card,,$27k–$138k
6019,1844,Visa,Debit (Prepaid),4587476056357151,07/2023,858,YES,2,22,12/2010,2010,No,2010-12-01,24132,0.0,0.0,30.70175,1343.5,12.0,0.0,0.0,30.70175,False,79,27.8,-97.39,23608,37503,5,Texas,TX,South,True,70.0,70+,$23k–$28k,$37k–$45k,5,Prepaid,Visa prepaid,2010,Extra card,,
4421,1844,Discover,Credit,6521426249819196,11/2020,608,YES,1,13100,08/2014,2014,No,2014-08-01,24176,144.98172,143.18171999999998,144.98172,8365.539999999999,12.0,144.98172,143.18171999999998,144.98172,False,79,27.8,-97.39,23608,37503,5,Texas,TX,South,True,74.0,70+,$23k–$28k,$37k–$45k,5,Credit,Discover credit,2014,Extra card,$11k–$15k,
6127,1852,Visa,Debit (Prepaid),4966050979388902,03/2021,585,YES,2,91,12/2016,2016,No,2016-12-01,24204,0.0,0.0,121.13638,13454.76,12.0,0.0,0.0,121.13638,False,57,33.27,-111.94,32056,65357,4,Arizona,AZ,West,True,54.0,50–59,$28k–$163k,$58k–$280k,4,Prepaid,Visa prepaid,2016,Extra card,,
2632,1852,Mastercard,Credit,5911319900289832,04/2021,37,YES,2,21600,04/2010,2010,No,2010-04-01,24124,329.328,317.088,329.328,20437.0,12.0,329.328,317.088,329.328,False,57,33.27,-111.94,32056,65357,4,Arizona,AZ,West,True,47.0,40–49,$28k–$163k,$58k–$280k,4,Credit,Mastercard credit,2010,Extra card,$15k–$98k,
5679,970,Visa,Debit,4682877628388639,02/2023,846,NO,1,25942,11/2012,2012,No,2012-11-01,24155,187.12003,180.45003,187.12003,24491.06,12.0,187.12003,180.45003,187.12003,False,42,29.1,-81.0,21916,44681,3,Florida,FL,South,True,35.0,30–39,$19k–$23k,$45k–$58k,3,Debit,Visa debit,2012,Extra card,,$20k–$27k
3087,1296,Discover,Credit,6969946254132652,12/2022,588,YES,1,19800,05/2011,2011,No,2011-05-01,24137,235.37394,210.17394,235.37394,13974.33,12.0,235.37394,210.17394,235.37394,False,60,28.7,-81.34,22896,46683,5,Florida,FL,South,True,51.0,50–59,$23k–$28k,$45k–$58k,5,Credit,Discover credit,2011,Extra card,$15k–$98k,
4906,1880,Mastercard,Debit,5132664334960880,05/2021,593,YES,1,9532,09/2017,2017,No,2017-09-01,24213,75.060225,70.900225,75.060225,12923.45,12.0,75.060225,70.900225,75.060225,False,61,43.06,-87.96,15487,31579,3,Wisconsin,WI,Midwest,True,59.0,50–59,$0k–$16k,$30k–$37k,3,Debit,Mastercard debit,2017,Extra card,,$0k–$12k
3172,461,Mastercard,Debit,5102353988152905,12/2022,667,YES,2,20913,05/2016,2016,No,2016-05-01,24197,132.947575,129.007575,132.947575,24518.15,12.0,132.947575,129.007575,132.947575,False,42,42.3,-83.48,32078,65403,4,Michigan,MI,Midwest,True,38.0,30–39,$28k–$163k,$58k–$280k,4,Debit,Mastercard debit,2016,Extra card,,$20k–$27k
1209,461,Mastercard,Debit,5033135709911480,07/2024,170,YES,1,23344,02/2010,2010,No,2010-02-01,24122,236.0046,230.1646,236.0046,43376.2,12.0,236.0046,230.1646,236.0046,False,42,42.3,-83.48,32078,65403,4,Michigan,MI,Midwest,True,32.0,30–39,$28k–$163k,$58k–$280k,4,Debit,Mastercard debit,2010,Extra card,,$20k–$27k
5313,461,Mastercard,Debit,5611522756791997,01/2020,882,YES,2,33642,10/2016,2016,No,2016-10-01,24202,125.78766,122.29766,125.78766,23665.32,12.0,125.78766,122.29766,125.78766,False,42,42.3,-83.48,32078,65403,4,Michigan,MI,Midwest,True,39.0,30–39,$28k–$163k,$58k–$280k,4,Debit,Mastercard debit,2016,Extra card,,$27k–$138k
5995,1391,Mastercard,Debit (Prepaid),5436469451844829,12/2021,48,YES,2,98,12/2010,2010,No,2010-12-01,24132,0.0,0.0,118.425845,18931.69,12.0,0.0,0.0,118.425845,False,45,40.72,-73.86,25109,51196,4,New York,NY,Northeast,True,36.0,30–39,$23k–$28k,$45k–$58k,4,Prepaid,Mastercard prepaid,2010,Extra card,,
282,1602,Visa,Credit,4698943729070491,09/2020,450,YES,1,6600,01/2011,2013,No,2011-01-01,24133,388.5219,377.0019,388.5219,23105.55,12.0,388.5219,377.0019,388.5219,True,41,40.38,-77.88,14650,29864,2,Pennsylvania,PA,Northeast,True,32.0,30–39,$0k–$16k,$0k–$30k,2,Credit,Visa credit,2011,Customer's first card,$6k–$9k,
6105,1602,Mastercard,Credit,5579147219556308,06/2022,806,NO,2,7200,12/2015,2015,No,2015-12-01,24192,220.74714,211.02714,220.74714,13453.73,12.0,220.74714,211.02714,220.74714,False,41,40.38,-77.88,14650,29864,2,Pennsylvania,PA,Northeast,True,37.0,30–39,$0k–$16k,$0k–$30k,2,Credit,Mastercard credit,2015,Extra card,$6k–$9k,
5231,1492,Mastercard,Debit,5188130978534931,01/2022,446,YES,1,12915,10/2011,2013,No,2011-10-01,24142,51.028605,51.028605,51.028605,8733.21,12.0,51.028605,51.028605,51.028605,False,63,47.32,-121.99,32697,56635,8,Washington,WA,West,True,55.0,50–59,$28k–$163k,$45k–$58k,6+,Debit,Mastercard debit,2011,Extra card,,$12k–$16k
2776,1492,Discover,Credit,6417599205270844,07/2021,504,YES,2,17600,04/2018,2018,No,2018-04-01,24220,245.72214,240.68214,245.72214,15473.23,12.0,245.72214,240.68214,245.72214,False,63,47.32,-121.99,32697,56635,8,Washington,WA,West,True,61.0,60–69,$28k–$163k,$45k–$58k,6+,Credit,Discover credit,2018,Extra card,$15k–$98k,
3563,1492,Mastercard,Debit,5891053637541514,02/2022,362,YES,2,23049,06/2013,2013,No,2013-06-01,24162,50.87977,50.60977,50.87977,9051.54,12.0,50.87977,50.60977,50.87977,False,63,47.32,-121.99,32697,56635,8,Washington,WA,West,True,56.0,50–59,$28k–$163k,$45k–$58k,6+,Debit,Mastercard debit,2013,Extra card,,$20k–$27k
6134,1492,Visa,Debit,4222570131769035,05/2020,141,YES,1,29734,12/2017,2017,No,2017-12-01,24216,40.41297,40.16297,40.41297,6612.94,12.0,40.41297,40.16297,40.41297,False,63,47.32,-121.99,32697,56635,8,Washington,WA,West,True,61.0,60–69,$28k–$163k,$45k–$58k,6+,Debit,Visa debit,2017,Extra card,,$27k–$138k
4818,1492,Visa,Credit,4453742478192143,01/2020,346,YES,2,27000,09/2011,2016,No,2011-09-01,24141,436.1049,436.1049,436.1049,26823.05,12.0,436.1049,436.1049,436.1049,False,63,47.32,-121.99,32697,56635,8,Washington,WA,West,True,55.0,50–59,$28k–$163k,$45k–$58k,6+,Credit,Visa credit,2011,Extra card,$15k–$98k,
6106,688,Mastercard,Debit,5708150083756692,04/2023,824,YES,1,17848,12/2015,2015,No,2015-12-01,24192,96.466375,95.986375,96.466375,13123.75,12.0,96.466375,95.986375,96.466375,False,44,41.31,-111.96,23165,47227,4,Utah,UT,West,True,40.0,40–49,$23k–$28k,$45k–$58k,4,Debit,Mastercard debit,2015,Extra card,,$16k–$20k
3042,688,Mastercard,Debit,5238684130320063,11/2022,870,NO,1,25563,05/2010,2010,No,2010-05-01,24125,223.582655,219.922655,223.582655,35927.38,12.0,223.582655,219.922655,223.582655,True,44,41.31,-111.96,23165,47227,4,Utah,UT,West,True,34.0,30–39,$23k–$28k,$45k–$58k,4,Debit,Mastercard debit,2010,Customer's first card,,$20k–$27k
5209,688,Visa,Credit,4740880792169372,04/2020,168,YES,2,12000,10/2010,2010,No,2010-10-01,24130,402.1459200000001,390.98592,402.1459200000001,24603.44,12.0,402.1459200000001,390.98592,402.1459200000001,False,44,41.31,-111.96,23165,47227,4,Utah,UT,West,True,35.0,30–39,$23k–$28k,$45k–$58k,4,Credit,Visa credit,2010,Extra card,$11k–$15k,
1296,688,Amex,Credit,361648729239104,11/2018,709,NO,2,6600,02/2012,2012,No,2012-02-01,24146,168.8355,167.3955,168.8355,9596.75,12.0,263.8355,262.39549999999997,263.8355,False,44,41.31,-111.96,23165,47227,4,Utah,UT,West,True,36.0,30–39,$23k–$28k,$45k–$58k,4,Credit,Amex credit,2012,Extra card,$6k–$9k,
5597,643,Mastercard,Credit,5079302523329059,04/2023,381,YES,2,500,11/2010,2010,No,2010-11-01,24131,562.06152,541.90152,562.06152,33427.24,12.0,562.06152,541.90152,562.06152,True,29,40.69,-73.75,21283,43397,2,New York,NY,Northeast,True,20.0,Under 30,$19k–$23k,$37k–$45k,2,Credit,Mastercard credit,2010,Customer's first card,$0k–$6k,
2309,1219,Mastercard,Credit,5326031764905960,08/2023,437,YES,1,18000,03/2013,2013,No,2013-03-01,24159,847.76688,800.9668800000001,847.76688,50865.16,12.0,847.76688,800.9668800000001,847.76688,False,28,38.68,-76.17,28497,58105,3,Maryland,MD,South,True,21.0,Under 30,$28k–$163k,$58k–$280k,3,Credit,Mastercard credit,2013,Extra card,$15k–$98k,
3466,1219,Mastercard,Debit,5096150037217374,10/2024,862,YES,1,32903,06/2010,2010,No,2010-06-01,24126,230.229645,218.799645,230.229645,69797.29,12.0,230.229645,218.799645,230.229645,True,28,38.68,-76.17,28497,58105,3,Maryland,MD,South,True,18.0,Under 30,$28k–$163k,$58k–$280k,3,Debit,Mastercard debit,2010,Customer's first card,,$27k–$138k
4870,898,Mastercard,Credit,5000307662634780,04/2020,263,NO,1,9500,09/2014,2014,No,2014-09-01,24177,169.44227999999998,148.20228,169.44227999999998,11214.46,12.0,169.44227999999998,148.20228,169.44227999999998,False,90,40.59,-75.47,12427,19893,3,Pennsylvania,PA,Northeast,True,85.0,70+,$0k–$16k,$0k–$30k,3,Credit,Mastercard credit,2014,Extra card,$9k–$11k,
3467,882,Mastercard,Debit,5707305515533516,04/2020,203,YES,2,1837,06/2010,2010,No,2010-06-01,24126,82.39104,81.90104,82.39104,15831.08,12.0,82.39104,81.90104,82.39104,False,63,40.39,-82.47,18019,36743,2,Ohio,OH,Midwest,True,53.0,50–59,$16k–$19k,$30k–$37k,2,Debit,Mastercard debit,2010,Extra card,,$0k–$12k
3073,348,Visa,Credit,4210237285941913,04/2020,160,YES,1,13500,05/2010,2012,No,2010-05-01,24125,289.38509999999997,281.4651,289.38509999999997,19323.95,12.0,289.38509999999997,281.4651,289.38509999999997,False,49,40.22,-74.76,22747,46377,3,New Jersey,NJ,Northeast,True,39.0,30–39,$23k–$28k,$45k–$58k,3,Credit,Visa credit,2010,Extra card,$11k–$15k,
3554,348,Visa,Credit,4877073763902898,07/2014,786,YES,2,13300,06/2012,2012,No,2012-06-01,24150,166.10094,162.14094,166.10094,10989.83,12.0,166.10094,162.14094,166.10094,False,49,40.22,-74.76,22747,46377,3,New Jersey,NJ,Northeast,True,41.0,40–49,$23k–$28k,$45k–$58k,3,Credit,Visa credit,2012,Extra card,$11k–$15k,
3489,1493,Visa,Credit,4642496218651973,04/2018,594,YES,1,14400,06/2010,2012,No,2010-06-01,24126,1144.89504,390.69504,1144.89504,70710.28,12.0,1144.89504,390.69504,1144.89504,True,30,38.22,-122.55,26748,54537,4,California,CA,West,True,20.0,Under 30,$23k–$28k,$45k–$58k,4,Credit,Visa credit,2010,Customer's first card,$11k–$15k,
4003,1493,Visa,Credit,4244401907291512,04/2020,120,YES,1,4400,07/2012,2012,No,2012-07-01,24151,566.21952,203.33952,566.21952,34346.64,12.0,566.21952,203.33952,566.21952,False,30,38.22,-122.55,26748,54537,4,California,CA,West,True,22.0,Under 30,$23k–$28k,$45k–$58k,4,Credit,Visa credit,2012,Extra card,$0k–$6k,
2691,217,Mastercard,Debit,5565497732362129,03/2022,430,NO,1,16538,04/2012,2012,No,2012-04-01,24148,49.499755,47.469755,49.499755,7724.51,12.0,49.499755,47.469755,49.499755,False,42,41.77,-87.82,15221,31031,7,Illinois,IL,Midwest,True,34.0,30–39,$0k–$16k,$30k–$37k,6+,Debit,Mastercard debit,2012,Extra card,,$16k–$20k
1364,217,Mastercard,Debit,5161929618424764,07/2016,743,YES,1,9737,02/2016,2016,No,2016-02-01,24194,20.208025,19.678025,20.208025,2930.0499999999997,6.0,20.208025,19.678025,20.208025,False,42,41.77,-87.82,15221,31031,7,Illinois,IL,Midwest,True,38.0,30–39,$0k–$16k,$30k–$37k,6+,Debit,Mastercard debit,2016,Extra card,,$0k–$12k
1266,217,Mastercard,Credit,5359358098670039,07/2019,428,YES,1,6500,02/2011,2014,No,2011-02-01,24134,111.3777,107.7777,111.3777,7372.65,12.0,111.3777,107.7777,111.3777,False,42,41.77,-87.82,15221,31031,7,Illinois,IL,Midwest,True,33.0,30–39,$0k–$16k,$30k–$37k,6+,Credit,Mastercard credit,2011,Extra card,$6k–$9k,
1267,217,Mastercard,Debit,5093514487076217,06/2020,889,YES,2,2650,02/2011,2013,No,2011-02-01,24134,77.04681,76.04681,77.04681,13653.62,12.0,77.04681,76.04681,77.04681,False,42,41.77,-87.82,15221,31031,7,Illinois,IL,Midwest,True,33.0,30–39,$0k–$16k,$30k–$37k,6+,Debit,Mastercard debit,2011,Extra card,,$0k–$12k
4318,668,Mastercard,Credit,5764603958082866,08/2021,397,YES,1,0,08/2010,2010,No,2010-08-01,24128,249.69798,241.41798,249.69798,15577.11,12.0,249.69798,241.41798,249.69798,False,87,33.52,-86.79,13263,16342,5,Alabama,AL,South,True,78.0,70+,$0k–$16k,$0k–$30k,5,Credit,Mastercard credit,2010,Extra card,$0k–$6k,
242,203,Visa,Credit,4716309780327853,07/2022,275,YES,1,9100,01/2010,2010,No,2010-01-01,24121,259.71318,246.03318,259.71318,16998.51,12.0,259.71318,246.03318,259.71318,False,58,32.9,-80.93,14864,30305,3,South Carolina,SC,South,True,48.0,40–49,$0k–$16k,$0k–$30k,3,Credit,Visa credit,2010,Extra card,$9k–$11k,
3966,203,Mastercard,Credit,5175414290540891,04/2022,497,NO,2,2600,07/2011,2011,No,2011-07-01,24139,198.41022,189.41022,198.41022,14070.79,12.0,198.41022,189.41022,198.41022,False,58,32.9,-80.93,14864,30305,3,South Carolina,SC,South,True,49.0,40–49,$0k–$16k,$0k–$30k,3,Credit,Mastercard credit,2011,Extra card,$0k–$6k,
3490,370,Visa,Debit,4015096339812707,02/2023,494,YES,1,8509,06/2010,2010,No,2010-06-01,24126,47.534255,46.794255,47.534255,6980.51,12.0,47.534255,46.794255,47.534255,False,61,34.07,-117.62,16113,41904,4,California,CA,West,True,51.0,50–59,$16k–$19k,$37k–$45k,4,Debit,Visa debit,2010,Extra card,,$0k–$12k
1268,985,Mastercard,Credit,5936949471946678,10/2022,372,YES,2,16000,02/2011,2012,No,2011-02-01,24134,894.2787,443.1987,894.2787,52800.15,12.0,894.2787,443.1987,894.2787,False,32,42.8,-83.71,25334,51654,4,Michigan,MI,Midwest,True,23.0,Under 30,$23k–$28k,$45k–$58k,4,Credit,Mastercard credit,2011,Extra card,$15k–$98k,
2704,985,Visa,Credit,4862788591864799,02/2019,466,YES,1,300,04/2012,2012,No,2012-04-01,24148,562.16898,270.92898,562.16898,32435.61,12.0,562.16898,270.92898,562.16898,False,32,42.8,-83.71,25334,51654,4,Michigan,MI,Midwest,True,24.0,Under 30,$23k–$28k,$45k–$58k,4,Credit,Visa credit,2012,Extra card,$0k–$6k,
4791,135,Visa,Debit,4528854599819268,08/2019,451,YES,2,21591,09/2010,2010,No,2010-09-01,24129,154.093905,150.68390499999998,154.093905,34089.81,12.0,154.093905,150.68390499999998,154.093905,False,64,39.72,-82.59,18680,38088,2,Ohio,OH,Midwest,True,55.0,50–59,$16k–$19k,$37k–$45k,2,Debit,Visa debit,2010,Extra card,,$20k–$27k
1238,900,Visa,Debit (Prepaid),4580252759299284,02/2021,397,YES,2,68,02/2010,2010,No,2010-02-01,24122,0.0,0.0,93.47452,8795.04,12.0,0.0,0.0,93.47452,False,36,30.17,-85.67,16133,32896,2,Florida,FL,South,True,26.0,Under 30,$16k–$19k,$30k–$37k,2,Prepaid,Visa prepaid,2010,Extra card,,
1297,233,Amex,Credit,374396421501669,03/2024,659,YES,2,13700,02/2012,2012,No,2012-02-01,24146,947.34756,947.34756,947.34756,55787.42,12.0,1042.3475600000002,1042.3475600000002,1042.3475600000002,True,37,44.96,-93.26,23278,47464,1,Minnesota,MN,Midwest,True,29.0,Under 30,$23k–$28k,$45k–$58k,1,Credit,Amex credit,2012,Customer's first card,$11k–$15k,
3922,1069,Amex,Credit,304372446656131,03/2021,495,YES,1,8800,07/2010,2010,No,2010-07-01,24127,358.78301999999996,303.70302,358.78301999999996,22683.39,12.0,453.78302,398.70302,453.78302,False,54,35.3,-81.03,22487,45852,2,North Carolina,NC,South,True,44.0,40–49,$19k–$23k,$45k–$58k,2,Credit,Amex credit,2010,Extra card,$9k–$11k,
1279,996,Visa,Debit,4803335286454198,02/2020,568,NO,1,27231,02/2011,2011,No,2011-02-01,24134,69.268255,69.268255,69.268255,9623.51,12.0,69.268255,69.268255,69.268255,False,63,26.02,-80.16,19712,40194,6,Florida,FL,South,True,54.0,50–59,$19k–$23k,$37k–$45k,6+,Debit,Visa debit,2011,Extra card,,$27k–$138k
3606,1981,Mastercard,Debit,5082019741631139,04/2021,459,YES,1,20743,06/2016,2016,No,2016-06-01,24198,14.32698,14.08698,14.32698,2838.96,12.0,14.32698,14.08698,14.32698,False,48,26.63,-81.99,19274,39303,7,Florida,FL,South,True,44.0,40–49,$19k–$23k,$37k–$45k,6+,Debit,Mastercard debit,2016,Extra card,,$20k–$27k
3626,870,Amex,Credit,349088998842560,06/2022,652,YES,2,0,06/2018,2018,No,2018-06-01,24222,451.09062,441.01062,451.09062,27407.59,12.0,546.09062,536.01062,546.09062,False,63,38.64,-76.9,35114,71593,3,Maryland,MD,South,True,61.0,60–69,$28k–$163k,$58k–$280k,3,Credit,Amex credit,2018,Extra card,$0k–$6k,
3513,46,Mastercard,Debit,5718393085724653,11/2022,117,YES,2,24191,06/2011,2011,No,2011-06-01,24138,63.750865,63.160865,63.750865,19115.73,12.0,63.750865,63.160865,63.750865,False,62,40.66,-73.84,26481,53996,4,New York,NY,Northeast,True,53.0,50–59,$23k–$28k,$45k–$58k,4,Debit,Mastercard debit,2011,Extra card,,$20k–$27k
1298,697,Mastercard,Debit,5139001522381220,04/2021,740,YES,2,20195,02/2012,2012,No,2012-02-01,24146,61.17634,59.26634,61.17634,20811.68,12.0,61.17634,59.26634,61.17634,False,56,35.72,-78.84,32485,66230,3,North Carolina,NC,South,True,48.0,40–49,$28k–$163k,$58k–$280k,3,Debit,Mastercard debit,2012,Extra card,,$20k–$27k
3074,697,Visa,Debit,4873407892539448,09/2018,423,YES,2,33736,05/2010,2010,No,2010-05-01,24125,101.87371,95.88371,101.87371,42405.42,12.0,101.87371,95.88371,101.87371,True,56,35.72,-78.84,32485,66230,3,North Carolina,NC,South,True,46.0,40–49,$28k–$163k,$58k–$280k,3,Debit,Visa debit,2010,Customer's first card,,$27k–$138k
3075,1782,Visa,Debit,4853013168432421,09/2015,554,NO,2,1981,05/2010,2014,No,2010-05-01,24125,58.499435,57.739435,58.499435,12302.87,12.0,58.499435,57.739435,58.499435,False,59,33.74,-117.99,19438,39633,3,California,CA,West,True,49.0,40–49,$19k–$23k,$37k–$45k,3,Debit,Visa debit,2010,Extra card,,$0k–$12k
2673,1977,Mastercard,Debit (Prepaid),5755720451424427,02/2021,988,YES,1,91,04/2011,2011,No,2011-04-01,24136,0.0,0.0,88.88748,3590.96,12.0,0.0,0.0,88.88748,False,43,41.5,-87.5,28048,57185,3,Indiana,IN,Midwest,True,34.0,30–39,$23k–$28k,$45k–$58k,3,Prepaid,Mastercard prepaid,2011,Extra card,,
5226,1913,Amex,Credit,356204311290241,12/2022,312,YES,2,16700,10/2011,2011,No,2011-10-01,24142,191.60784,188.72784,191.60784,12568.88,12.0,286.60784,283.72784,286.60784,False,60,42.47,-83.49,34259,31121,5,Michigan,MI,Midwest,True,52.0,50–59,$28k–$163k,$30k–$37k,5,Credit,Amex credit,2011,Extra card,$15k–$98k,
3084,1913,Amex,Credit,333504501414647,12/2020,276,YES,1,17700,05/2011,2013,No,2011-05-01,24137,313.96013999999997,313.96013999999997,313.96013999999997,19816.23,12.0,408.96014,408.96014,408.96014,False,60,42.47,-83.49,34259,31121,5,Michigan,MI,Midwest,True,51.0,50–59,$28k–$163k,$30k–$37k,5,Credit,Amex credit,2011,Extra card,$15k–$98k,
2633,858,Mastercard,Debit (Prepaid),5241392304445807,07/2023,137,YES,1,89,04/2010,2010,No,2010-04-01,24124,0.0,0.0,188.14004,35518.08,12.0,0.0,0.0,188.14004,False,47,29.5,-97.44,15092,30774,3,Texas,TX,South,True,37.0,30–39,$0k–$16k,$30k–$37k,3,Prepaid,Mastercard prepaid,2010,Extra card,,
3514,1564,Mastercard,Debit,5158754138100901,07/2024,813,YES,1,15820,06/2011,2011,No,2011-06-01,24138,103.2205,102.9605,103.2205,11324.0,12.0,103.2205,102.9605,103.2205,False,35,35.2,-101.81,18613,37947,3,Texas,TX,South,True,26.0,Under 30,$16k–$19k,$37k–$45k,3,Debit,Mastercard debit,2011,Extra card,,$12k–$16k
3136,1301,Visa,Debit,4199613929770276,09/2023,765,YES,1,22833,05/2013,2013,No,2013-05-01,24161,219.5314,204.4914,219.5314,47043.39,12.0,219.5314,204.4914,219.5314,True,26,38.1,-122.63,30335,61850,9,California,CA,West,True,19.0,Under 30,$28k–$163k,$58k–$280k,6+,Debit,Visa debit,2013,Customer's first card,,$20k–$27k
4435,1301,Visa,Debit,4164595738782783,08/2019,90,NO,1,29503,08/2014,2014,No,2014-08-01,24176,130.391845,125.571845,130.391845,24369.69,12.0,130.391845,125.571845,130.391845,False,26,38.1,-122.63,30335,61850,9,California,CA,West,True,21.0,Under 30,$28k–$163k,$58k–$280k,6+,Debit,Visa debit,2014,Extra card,,$27k–$138k
3189,1301,Mastercard,Debit,5975006425756630,12/2023,551,YES,1,22297,05/2017,2017,No,2017-05-01,24209,77.78935,74.76935,77.78935,14628.7,12.0,77.78935,74.76935,77.78935,False,26,38.1,-122.63,30335,61850,9,California,CA,West,True,23.0,Under 30,$28k–$163k,$58k–$280k,6+,Debit,Mastercard debit,2017,Extra card,,$20k–$27k
3595,1301,Visa,Debit,4420959167134444,09/2023,75,YES,1,20031,06/2015,2015,No,2015-06-01,24186,111.04002,102.26002,111.04002,20725.04,12.0,111.04002,102.26002,111.04002,False,26,38.1,-122.63,30335,61850,9,California,CA,West,True,21.0,Under 30,$28k–$163k,$58k–$280k,6+,Debit,Visa debit,2015,Extra card,,$16k–$20k
344,1775,Mastercard,Debit,5309940542589432,02/2020,924,YES,2,17201,01/2015,2015,No,2015-01-01,24181,613.470045,603.5800449999999,613.470045,144365.09,12.0,613.470045,603.5800449999999,613.470045,True,26,38.91,-75.43,18622,37968,3,Delaware,DE,South,True,21.0,Under 30,$16k–$19k,$37k–$45k,3,Debit,Mastercard debit,2015,Customer's first card,,$16k–$20k
3564,1024,Mastercard,Debit,5847313041147612,06/2024,574,YES,1,33103,06/2013,2013,No,2013-06-01,24162,116.789425,116.539425,116.789425,9244.85,12.0,116.789425,116.539425,116.789425,False,66,37.69,-97.13,32162,65573,4,Kansas,KS,Midwest,True,59.0,50–59,$28k–$163k,$58k–$280k,4,Debit,Mastercard debit,2013,Extra card,,$27k–$138k
5268,1024,Mastercard,Debit,5183724144988670,11/2013,569,YES,1,31807,10/2013,2013,No,2013-10-01,24166,12.329235,12.329235,12.329235,1226.4699999999998,2.0,12.329235,12.329235,12.329235,False,66,37.69,-97.13,32162,65573,4,Kansas,KS,Midwest,True,60.0,60–69,$28k–$163k,$58k–$280k,4,Debit,Mastercard debit,2013,Extra card,,$27k–$138k
2674,1758,Mastercard,Credit,5105518827174579,11/2024,883,YES,1,3800,04/2011,2011,No,2011-04-01,24136,338.56469999999996,311.2047,338.56469999999996,19322.15,12.0,338.56469999999996,311.2047,338.56469999999996,False,57,32.32,-90.2,11061,22556,4,Mississippi,MS,South,True,48.0,40–49,$0k–$16k,$0k–$30k,4,Credit,Mastercard credit,2011,Extra card,$0k–$6k,
374,1115,Visa,Debit,4906405312400640,02/2023,579,YES,1,9921,01/2018,2018,No,2018-01-01,24217,97.428935,96.768935,97.428935,26095.87,12.0,97.428935,96.768935,97.428935,False,53,32.32,-95.3,14811,30198,6,Texas,TX,South,True,51.0,50–59,$0k–$16k,$0k–$30k,6+,Debit,Visa debit,2018,Extra card,,$0k–$12k
1352,1027,Mastercard,Debit,5735792874705665,03/2023,748,NO,1,35279,02/2015,2015,No,2015-02-01,24182,47.48119,45.47119,47.48119,13084.38,12.0,47.48119,45.47119,47.48119,False,53,38.88,-94.81,30232,61646,3,Kansas,KS,Midwest,True,48.0,40–49,$28k–$163k,$58k–$280k,3,Debit,Mastercard debit,2015,Extra card,,$27k–$138k
243,11,Visa,Debit,4144574679317199,03/2024,543,YES,2,17208,01/2010,2016,No,2010-01-01,24121,111.470245,111.140245,111.470245,27745.49,12.0,111.470245,111.140245,111.470245,False,39,39.45,-76.81,33175,67643,6,Maryland,MD,South,True,29.0,Under 30,$28k–$163k,$58k–$280k,6+,Debit,Visa debit,2010,Extra card,,$16k–$20k
1336,11,Mastercard,Debit,5208447578218097,09/2021,126,YES,1,51012,02/2014,2014,No,2014-02-01,24170,59.60428,59.00428,59.60428,13531.56,12.0,59.60428,59.00428,59.60428,False,39,39.45,-76.81,33175,67643,6,Maryland,MD,South,True,33.0,30–39,$28k–$163k,$58k–$280k,6+,Debit,Mastercard debit,2014,Extra card,,$27k–$138k
5645,871,Mastercard,Debit (Prepaid),5967922448022597,10/2020,849,YES,2,91,11/2011,2012,No,2011-11-01,24143,0.0,0.0,112.21227,10528.54,12.0,0.0,0.0,112.21227,False,86,42.38,-83.1,13820,22650,6,Michigan,MI,Midwest,True,78.0,70+,$0k–$16k,$0k–$30k,6+,Prepaid,Mastercard prepaid,2011,Extra card,,
3043,746,Mastercard,Debit (Prepaid),5287305063365339,07/2011,597,YES,1,93,05/2010,2010,No,2010-05-01,24125,0.0,0.0,168.312945,19707.89,12.0,0.0,0.0,168.312945,False,63,40.64,-73.94,14856,30288,4,New York,NY,Northeast,True,53.0,50–59,$0k–$16k,$0k–$30k,4,Prepaid,Mastercard prepaid,2010,Extra card,,
2319,746,Visa,Credit,4511050153177271,01/2016,263,YES,2,9800,03/2013,2013,No,2013-03-01,24159,286.96734,262.84734,286.96734,17782.63,12.0,286.96734,262.84734,286.96734,False,63,40.64,-73.94,14856,30288,4,New York,NY,Northeast,True,56.0,50–59,$0k–$16k,$0k–$30k,4,Credit,Visa credit,2013,Extra card,$9k–$11k,
3492,746,Visa,Credit,4795565502176661,01/2021,731,YES,2,6700,06/2010,2011,No,2010-06-01,24126,192.61962,179.29962,192.61962,11188.09,12.0,192.61962,179.29962,192.61962,False,63,40.64,-73.94,14856,30288,4,New York,NY,Northeast,True,53.0,50–59,$0k–$16k,$0k–$30k,4,Credit,Visa credit,2010,Extra card,$6k–$9k,
4033,1520,Discover,Credit,6113979959799077,11/2023,899,YES,1,1100,07/2015,2015,No,2015-07-01,24187,444.2985,441.0585,444.2985,25932.25,12.0,444.2985,441.0585,444.2985,False,67,37.72,-122.44,22549,47213,5,California,CA,West,True,62.0,60–69,$19k–$23k,$45k–$58k,5,Credit,Discover credit,2015,Extra card,$0k–$6k,
2715,1520,Mastercard,Debit (Prepaid),5139150904667380,05/2016,509,YES,1,86,04/2013,2013,No,2013-04-01,24160,0.0,0.0,42.24926,4897.52,12.0,0.0,0.0,42.24926,False,67,37.72,-122.44,22549,47213,5,California,CA,West,True,60.0,60–69,$19k–$23k,$45k–$58k,5,Prepaid,Mastercard prepaid,2013,Extra card,,
3076,1799,Visa,Debit,4260012890373386,07/2022,447,NO,2,28127,05/2010,2010,No,2010-05-01,24125,198.33411,196.68411,198.33411,37416.22,12.0,198.33411,196.68411,198.33411,False,32,47.75,-122.04,51751,105515,4,Washington,WA,West,True,22.0,Under 30,$28k–$163k,$58k–$280k,4,Debit,Visa debit,2010,Extra card,,$27k–$138k
4806,1905,Amex,Credit,303639878430454,11/2022,807,YES,1,5800,09/2011,2011,No,2011-09-01,24141,68.11056,64.87056,68.11056,4627.92,12.0,163.11056000000002,159.87056,163.11056000000002,False,36,27.48,-82.57,13972,28489,4,Florida,FL,South,True,28.0,Under 30,$0k–$16k,$0k–$30k,4,Credit,Amex credit,2011,Extra card,$0k–$6k,
4319,1155,Mastercard,Debit,5718135133841307,01/2012,915,YES,1,7612,08/2010,2011,No,2010-08-01,24128,147.23928,140.86928,147.23928,30776.56,12.0,147.23928,140.86928,147.23928,False,83,31.5,-111.06,15462,29494,5,Arizona,AZ,West,True,74.0,70+,$0k–$16k,$0k–$30k,5,Debit,Mastercard debit,2010,Extra card,,$0k–$12k
1328,1155,Visa,Credit,4973662128767227,12/2021,9,YES,2,6100,02/2013,2013,No,2013-02-01,24158,612.75888,552.27888,612.75888,36228.16,12.0,612.75888,552.27888,612.75888,False,83,31.5,-111.06,15462,29494,5,Arizona,AZ,West,True,76.0,70+,$0k–$16k,$0k–$30k,5,Credit,Visa credit,2013,Extra card,$6k–$9k,
4831,663,Mastercard,Credit,5078189663550754,10/2024,929,YES,1,17400,09/2012,2012,No,2012-09-01,24153,685.54854,673.30854,685.54854,41163.03,12.0,685.54854,673.30854,685.54854,False,68,35.92,-86.84,36563,70554,5,Tennessee,TN,South,True,61.0,60–69,$28k–$163k,$58k–$280k,5,Credit,Mastercard credit,2012,Extra card,$15k–$98k,
2733,1484,Visa,Credit,4941415000431974,11/2022,50,YES,2,12800,04/2014,2014,No,2014-04-01,24172,268.13736,211.61736,268.13736,16808.52,12.0,268.13736,211.61736,268.13736,False,92,32.28,-110.73,30818,57732,6,Arizona,AZ,West,True,86.0,70+,$28k–$163k,$58k–$280k,6+,Credit,Visa credit,2014,Extra card,$11k–$15k,
4764,1484,Mastercard,Debit,5431173218728279,01/2020,187,NO,1,38342,09/2010,2010,No,2010-09-01,24129,53.91926,42.65926,53.91926,6786.52,12.0,53.91926,42.65926,53.91926,False,92,32.28,-110.73,30818,57732,6,Arizona,AZ,West,True,83.0,70+,$28k–$163k,$58k–$280k,6+,Debit,Mastercard debit,2010,Extra card,,$27k–$138k
3981,1769,Visa,Debit,4130633556245301,03/2021,268,YES,2,20206,07/2011,2011,No,2011-07-01,24139,100.352645,98.802645,100.352645,11232.29,12.0,100.352645,98.802645,100.352645,False,75,39.69,-74.25,21861,46031,5,New Jersey,NJ,Northeast,True,66.0,60–69,$19k–$23k,$45k–$58k,5,Debit,Visa debit,2011,Extra card,,$20k–$27k
375,1769,Visa,Credit,4214195908881404,10/2023,598,YES,2,9900,01/2018,2018,No,2018-01-01,24217,177.1569,142.9569,177.1569,11192.05,12.0,177.1569,142.9569,177.1569,False,75,39.69,-74.25,21861,46031,5,New Jersey,NJ,Northeast,True,73.0,70+,$19k–$23k,$45k–$58k,5,Credit,Visa credit,2018,Extra card,$9k–$11k,
295,1769,Mastercard,Debit (Prepaid),5928394327706854,11/2021,853,NO,1,78,01/2012,2012,No,2012-01-01,24145,0.0,0.0,85.46682,8235.64,12.0,0.0,0.0,85.46682,False,75,39.69,-74.25,21861,46031,5,New Jersey,NJ,Northeast,True,67.0,60–69,$19k–$23k,$45k–$58k,5,Prepaid,Mastercard prepaid,2012,Extra card,,
5599,1769,Mastercard,Debit,5538135650340797,05/2023,623,YES,1,17335,11/2010,2010,No,2010-11-01,24131,168.30935,166.14935,168.30935,19909.7,12.0,168.30935,166.14935,168.30935,False,75,39.69,-74.25,21861,46031,5,New Jersey,NJ,Northeast,True,66.0,60–69,$19k–$23k,$45k–$58k,5,Debit,Mastercard debit,2010,Extra card,,$16k–$20k
4336,1975,Visa,Credit,4822550416239709,02/2013,509,YES,1,9800,08/2010,2014,No,2010-08-01,24128,131.02308,125.62308,131.02308,8591.06,12.0,131.02308,125.62308,131.02308,False,53,41.55,-73.03,19114,38972,3,Connecticut,CT,Northeast,True,44.0,40–49,$19k–$23k,$37k–$45k,3,Credit,Visa credit,2010,Extra card,$9k–$11k,
5600,227,Mastercard,Debit,5943373604505748,04/2020,300,YES,2,29973,11/2010,2010,No,2010-11-01,24131,60.530185,60.530185,60.530185,11382.37,12.0,60.530185,60.530185,60.530185,False,48,44.96,-93.26,40364,82295,4,Minnesota,MN,Midwest,True,39.0,30–39,$28k–$163k,$58k–$280k,4,Debit,Mastercard debit,2010,Extra card,,$27k–$138k
4886,227,Visa,Debit,4284210826984108,02/2020,154,YES,2,25330,09/2015,2015,No,2015-09-01,24189,43.43078,43.43078,43.43078,7404.56,12.0,43.43078,43.43078,43.43078,False,48,44.96,-93.26,40364,82295,4,Minnesota,MN,Midwest,True,44.0,40–49,$28k–$163k,$58k–$280k,4,Debit,Visa debit,2015,Extra card,,$20k–$27k
3543,1684,Mastercard,Debit,5287533090911331,04/2014,946,YES,1,13756,06/2012,2012,No,2012-06-01,24150,69.490735,68.75073499999999,69.490735,10045.47,12.0,69.490735,68.75073499999999,69.490735,False,56,36.34,-83.28,13668,27861,5,Tennessee,TN,South,True,48.0,40–49,$0k–$16k,$0k–$30k,5,Debit,Mastercard debit,2012,Extra card,,$12k–$16k
2723,1684,Mastercard,Debit,5903499521440697,12/2024,779,YES,1,16899,04/2014,2014,No,2014-04-01,24172,66.37414,66.11413999999999,66.37414,8986.28,12.0,66.37414,66.11413999999999,66.37414,False,56,36.34,-83.28,13668,27861,5,Tennessee,TN,South,True,50.0,50–59,$0k–$16k,$0k–$30k,5,Debit,Mastercard debit,2014,Extra card,,$16k–$20k
5646,1508,Mastercard,Debit (Prepaid),5868862947419305,08/2022,245,YES,1,95,11/2011,2011,No,2011-11-01,24143,0.0,0.0,53.436029999999995,4739.06,12.0,0.0,0.0,53.436029999999995,False,66,39.16,-86.52,19125,38999,4,Indiana,IN,Midwest,True,58.0,50–59,$19k–$23k,$37k–$45k,4,Prepaid,Mastercard prepaid,2011,Extra card,,
3508,1508,Amex,Credit,377302862567108,02/2024,524,YES,1,8700,06/2011,2011,No,2011-06-01,24138,85.58514,76.94514,85.58514,5056.7300000000005,12.0,180.58514,171.94513999999998,180.58514,False,66,39.16,-86.52,19125,38999,4,Indiana,IN,Midwest,True,57.0,50–59,$19k–$23k,$37k–$45k,4,Credit,Amex credit,2011,Extra card,$9k–$11k,
3946,1427,Visa,Debit,4525977155603081,06/2020,662,YES,2,45377,07/2010,2011,No,2010-07-01,24127,210.648275,203.538275,210.648275,66703.55,12.0,210.648275,203.538275,210.648275,True,34,35.19,-80.83,49477,100880,1,North Carolina,NC,South,True,24.0,Under 30,$28k–$163k,$58k–$280k,1,Debit,Visa debit,2010,Customer's first card,,$27k–$138k
5624,724,Visa,Credit,4015255845214445,07/2022,244,YES,2,7000,11/2010,2011,No,2010-11-01,24131,156.95801999999998,148.67802,156.95801999999998,9317.89,12.0,156.95801999999998,148.67802,156.95801999999998,False,45,35.97,-96.76,17237,35142,4,Oklahoma,OK,South,True,36.0,30–39,$16k–$19k,$30k–$37k,4,Credit,Visa credit,2010,Extra card,$6k–$9k,
2656,724,Visa,Credit,4998601196255206,07/2020,12,YES,3,7100,04/2010,2010,No,2010-04-01,24124,246.18654,229.26654,246.18654,16543.03,12.0,246.18654,229.26654,246.18654,False,45,35.97,-96.76,17237,35142,4,Oklahoma,OK,South,True,35.0,30–39,$16k–$19k,$30k–$37k,4,Credit,Visa credit,2010,Extra card,$6k–$9k,
5996,543,Mastercard,Credit,5929898393818083,10/2017,671,YES,1,11800,12/2010,2011,No,2010-12-01,24132,359.70822,353.94822,359.70822,22339.79,12.0,359.70822,353.94822,359.70822,False,43,43.37,-124.14,15069,30721,3,Oregon,OR,West,True,34.0,30–39,$0k–$16k,$30k–$37k,3,Credit,Mastercard credit,2010,Extra card,$11k–$15k,
4320,543,Mastercard,Debit,5284022658441928,12/2018,405,YES,2,6832,08/2010,2015,No,2010-08-01,24128,67.31116,66.78116,67.31116,10923.32,12.0,67.31116,66.78116,67.31116,False,43,43.37,-124.14,15069,30721,3,Oregon,OR,West,True,34.0,30–39,$0k–$16k,$30k–$37k,3,Debit,Mastercard debit,2010,Extra card,,$0k–$12k
3627,1397,Amex,Credit,339750311058511,06/2020,70,YES,2,13600,06/2018,2018,No,2018-06-01,24222,164.83896,156.91896,164.83896,10489.72,12.0,259.83896,251.91896,259.83896,False,32,36.88,-94.87,17845,36388,4,Oklahoma,OK,South,True,30.0,30–39,$16k–$19k,$30k–$37k,4,Credit,Amex credit,2018,Extra card,$11k–$15k,
3044,1397,Mastercard,Credit,5717397423380285,09/2022,862,YES,2,7700,05/2010,2010,No,2010-05-01,24125,353.26278,327.70278,353.26278,20723.71,12.0,353.26278,327.70278,353.26278,False,32,36.88,-94.87,17845,36388,4,Oklahoma,OK,South,True,22.0,Under 30,$16k–$19k,$30k–$37k,4,Credit,Mastercard credit,2010,Extra card,$6k–$9k,
3493,1728,Visa,Credit,4209145697099683,10/2022,498,YES,2,10900,06/2010,2013,No,2010-06-01,24126,150.84954,114.84954,150.84954,8734.529999999999,12.0,150.84954,114.84954,150.84954,False,47,44.35,-89.07,18937,38615,4,Wisconsin,WI,Midwest,True,37.0,30–39,$19k–$23k,$37k–$45k,4,Credit,Visa credit,2010,Extra card,$9k–$11k,
4422,1728,Discover,Credit,6203739864158389,03/2024,288,YES,2,13900,08/2014,2014,No,2014-08-01,24176,114.67206,94.87206,114.67206,7181.67,12.0,114.67206,94.87206,114.67206,False,47,44.35,-89.07,18937,38615,4,Wisconsin,WI,Midwest,True,42.0,40–49,$19k–$23k,$37k–$45k,4,Credit,Discover credit,2014,Extra card,$11k–$15k,
223,299,Mastercard,Debit,5541834458092370,03/2024,143,YES,1,5575,01/2010,2010,No,2010-01-01,24121,36.447375,29.707375,36.447375,9379.75,12.0,36.447375,29.707375,36.447375,False,40,40.84,-73.87,13845,28229,5,New York,NY,Northeast,True,30.0,30–39,$0k–$16k,$0k–$30k,5,Debit,Mastercard debit,2010,Extra card,,$0k–$12k
2756,299,Amex,Credit,339123645701074,05/2023,369,NO,2,8300,04/2016,2016,No,2016-04-01,24196,183.10806,101.93346,183.10806,11780.67,12.0,278.10806,196.93346000000005,278.10806,False,40,40.84,-73.87,13845,28229,5,New York,NY,Northeast,True,36.0,30–39,$0k–$16k,$0k–$30k,5,Credit,Amex credit,2016,Extra card,$6k–$9k,
4414,1742,Visa,Debit,4155430243935975,10/2022,653,YES,1,24123,08/2013,2013,No,2013-08-01,24164,49.384965,46.084965,49.384965,6030.93,12.0,49.384965,46.084965,49.384965,False,58,40.05,-86.03,24638,50232,4,Indiana,IN,Midwest,True,52.0,50–59,$23k–$28k,$45k–$58k,4,Debit,Visa debit,2013,Extra card,,$20k–$27k
4915,906,Visa,Debit,4301090834057529,12/2017,718,YES,1,26850,09/2017,2017,No,2017-09-01,24213,23.262055,23.022055,23.262055,4766.11,4.0,23.262055,23.022055,23.262055,False,75,40.57,-112.33,21749,21154,6,Utah,UT,West,True,73.0,70+,$19k–$23k,$0k–$30k,6+,Debit,Visa debit,2017,Extra card,,$27k–$138k
4756,110,Amex,Credit,332229278341275,10/2022,702,YES,1,16000,09/2010,2016,No,2010-09-01,24129,353.04822,335.04822,353.04822,20058.79,12.0,448.04822,430.04822,448.04822,False,52,30.26,-97.74,25594,52186,4,Texas,TX,South,True,43.0,40–49,$23k–$28k,$45k–$58k,4,Credit,Amex credit,2010,Extra card,$15k–$98k,
5189,110,Mastercard,Debit,5386335706439778,01/2022,713,YES,2,13323,10/2010,2010,No,2010-10-01,24130,35.713905,35.203905,35.713905,8611.81,12.0,35.713905,35.203905,35.713905,False,52,30.26,-97.74,25594,52186,4,Texas,TX,South,True,43.0,40–49,$23k–$28k,$45k–$58k,4,Debit,Mastercard debit,2010,Extra card,,$12k–$16k
4436,1073,Visa,Debit (Prepaid),4791246805564219,03/2016,126,YES,1,84,08/2014,2014,No,2014-08-01,24176,0.0,0.0,109.573335,16824.67,12.0,0.0,0.0,109.573335,False,43,41.19,-85.7,17294,35264,2,Indiana,IN,Midwest,True,38.0,30–39,$16k–$19k,$30k–$37k,2,Prepaid,Visa prepaid,2014,Extra card,,
4765,1128,Mastercard,Credit,5598634791848895,04/2023,830,YES,2,10600,09/2010,2014,No,2010-09-01,24129,96.1884,94.3884,96.1884,6865.8,12.0,96.1884,94.3884,96.1884,False,47,44.53,-72.0,16976,34606,5,Vermont,VT,Northeast,True,38.0,30–39,$16k–$19k,$30k–$37k,5,Credit,Mastercard credit,2010,Extra card,$9k–$11k,
4316,1128,Amex,Credit,362084701337381,09/2020,71,YES,2,8400,08/2010,2012,No,2010-08-01,24128,71.54424,67.94424000000001,71.54424,5184.68,12.0,166.54424,162.94424,166.54424,False,47,44.53,-72.0,16976,34606,5,Vermont,VT,Northeast,True,38.0,30–39,$16k–$19k,$30k–$37k,5,Credit,Amex credit,2010,Extra card,$6k–$9k,
3144,1128,Mastercard,Credit,5389873336522258,10/2022,754,YES,2,11100,05/2014,2014,No,2014-05-01,24173,46.17306,46.17306,46.17306,3211.17,12.0,46.17306,46.17306,46.17306,False,47,44.53,-72.0,16976,34606,5,Vermont,VT,Northeast,True,41.0,40–49,$16k–$19k,$30k–$37k,5,Credit,Mastercard credit,2014,Extra card,$9k–$11k,
6128,1594,Visa,Credit,4434801834503292,09/2019,633,YES,2,5700,12/2016,2016,No,2016-12-01,24204,209.91006,196.59006,209.91006,12945.67,12.0,209.91006,196.59006,209.91006,False,39,27.98,-80.66,17645,35978,3,Florida,FL,South,True,36.0,30–39,$16k–$19k,$30k–$37k,3,Credit,Visa credit,2016,Extra card,$0k–$6k,
3565,1594,Mastercard,Debit,5384502220541945,12/2023,809,YES,1,22420,06/2013,2013,No,2013-06-01,24162,147.92818,144.10818,147.92818,20167.36,12.0,147.92818,144.10818,147.92818,False,39,27.98,-80.66,17645,35978,3,Florida,FL,South,True,32.0,30–39,$16k–$19k,$30k–$37k,3,Debit,Mastercard debit,2013,Extra card,,$20k–$27k
2657,644,Visa,Credit,4403164286544036,04/2022,303,YES,2,7700,04/2010,2010,No,2010-04-01,24124,447.0804,447.0804,447.0804,29086.8,12.0,447.0804,447.0804,447.0804,True,58,34.42,-84.11,20581,41963,1,Georgia,GA,South,True,48.0,40–49,$19k–$23k,$37k–$45k,1,Credit,Visa credit,2010,Customer's first card,$6k–$9k,
3544,1584,Mastercard,Debit,5824919835337530,10/2021,975,YES,1,14539,06/2012,2012,No,2012-06-01,24150,63.944315,63.944315,63.944315,14264.63,12.0,63.944315,63.944315,63.944315,False,27,32.69,-97.01,22922,46733,2,Texas,TX,South,True,19.0,Under 30,$23k–$28k,$45k–$58k,2,Debit,Mastercard debit,2012,Extra card,,$12k–$16k
6038,1584,Mastercard,Debit,5794394537016243,03/2020,830,YES,2,21723,12/2011,2011,No,2011-12-01,24144,82.405935,81.66593499999999,82.405935,23249.870000000003,12.0,82.405935,81.66593499999999,82.405935,True,27,32.69,-97.01,22922,46733,2,Texas,TX,South,True,19.0,Under 30,$23k–$28k,$45k–$58k,2,Debit,Mastercard debit,2011,Customer's first card,,$20k–$27k
3494,650,Visa,Credit,4534523963991464,11/2022,855,YES,1,3800,06/2010,2011,No,2010-06-01,24126,106.85628,68.69628,106.85628,6144.46,12.0,106.85628,68.69628,106.85628,False,45,32.75,-97.33,11876,24215,6,Texas,TX,South,True,35.0,30–39,$0k–$16k,$0k–$30k,6+,Credit,Visa credit,2010,Extra card,$0k–$6k,
3530,1931,Visa,Credit,4333340134035074,03/2024,27,YES,1,17300,06/2011,2011,No,2011-06-01,24138,2134.5278399999997,2088.08784,2134.5278399999997,123739.88,12.0,2134.5278399999997,2088.08784,2134.5278399999997,False,58,42.41,-71.16,40694,82974,2,Massachusetts,MA,Northeast,True,49.0,40–49,$28k–$163k,$58k–$280k,2,Credit,Visa credit,2011,Extra card,$15k–$98k,
2258,702,Visa,Credit,4071413558241551,04/2021,58,YES,1,20100,03/2010,2017,No,2010-03-01,24123,535.56138,476.16138,535.56138,31116.41,12.0,535.56138,476.16138,535.56138,False,46,40.84,-73.4,34873,71103,4,New York,NY,Northeast,True,36.0,30–39,$28k–$163k,$58k–$280k,4,Credit,Visa credit,2010,Extra card,$15k–$98k,
2734,918,Visa,Debit,4442346065712693,08/2023,225,YES,2,12057,04/2014,2014,No,2014-04-01,24172,113.56617,107.01617,113.56617,21094.34,12.0,113.56617,107.01617,113.56617,False,43,40.32,-80.21,14320,29194,2,Pennsylvania,PA,Northeast,True,37.0,30–39,$0k–$16k,$0k–$30k,2,Debit,Visa debit,2014,Extra card,,$12k–$16k
2743,1406,Mastercard,Debit,5597563473232224,04/2020,348,YES,1,9431,04/2015,2015,No,2015-04-01,24184,112.94982,109.82982,112.94982,8754.64,12.0,112.94982,109.82982,112.94982,False,36,36.12,-95.91,11633,23718,2,Oklahoma,OK,South,True,31.0,30–39,$0k–$16k,$0k–$30k,2,Debit,Mastercard debit,2015,Extra card,,$0k–$12k
5186,437,Discover,Credit,6661610009330324,09/2014,5,YES,1,17400,10/2010,2013,No,2010-10-01,24130,566.5041,562.9041,566.5041,34506.45,12.0,566.5041,562.9041,566.5041,False,46,39.04,-76.49,35645,72670,3,Maryland,MD,South,True,37.0,30–39,$28k–$163k,$58k–$280k,3,Credit,Discover credit,2010,Extra card,$15k–$98k,
3566,891,Mastercard,Debit,5128543726124447,12/2018,303,YES,1,11037,06/2013,2013,No,2013-06-01,24162,76.60029,76.08028999999999,76.60029,11414.58,12.0,76.60029,76.08028999999999,76.60029,False,38,35.44,-94.35,17093,34854,5,Arkansas,AR,South,True,31.0,30–39,$16k–$19k,$30k–$37k,5,Debit,Mastercard debit,2013,Extra card,,$0k–$12k
4321,891,Mastercard,Debit,5895478812166500,01/2024,598,YES,2,8212,08/2010,2011,No,2010-08-01,24128,68.77494,68.00494,68.77494,9826.88,12.0,68.77494,68.00494,68.77494,False,38,35.44,-94.35,17093,34854,5,Arkansas,AR,South,True,29.0,Under 30,$16k–$19k,$30k–$37k,5,Debit,Mastercard debit,2010,Extra card,,$0k–$12k
3924,1147,Discover,Credit,6275110784130495,09/2022,286,YES,2,21800,07/2010,2011,No,2010-07-01,24127,930.53718,809.93718,930.53718,57646.51,12.0,930.53718,809.93718,930.53718,False,80,40.6,-74.76,46827,104692,2,New Jersey,NJ,Northeast,True,70.0,70+,$28k–$163k,$58k–$280k,2,Credit,Discover credit,2010,Extra card,$15k–$98k,
2273,1664,Discover,Credit,6611325354970095,12/2019,708,NO,2,21900,03/2011,2011,No,2011-03-01,24135,426.69594,374.85594,426.69594,27362.33,12.0,426.69594,374.85594,426.69594,False,38,42.27,-83.73,34119,69566,4,Michigan,MI,Midwest,True,29.0,Under 30,$28k–$163k,$58k–$280k,4,Credit,Discover credit,2011,Extra card,$15k–$98k,
5601,1009,Mastercard,Debit,5103189398605024,01/2023,278,YES,1,9902,11/2010,2012,No,2010-11-01,24131,48.803664999999995,47.043665,48.803664999999995,5946.33,12.0,48.803664999999995,47.043665,48.803664999999995,False,41,36.01,-82.15,14093,28733,3,North Carolina,NC,South,True,32.0,30–39,$0k–$16k,$0k–$30k,3,Debit,Mastercard debit,2010,Extra card,,$0k–$12k
4766,1341,Mastercard,Credit,5742718738269550,08/2023,363,YES,1,6300,09/2010,2010,No,2010-09-01,24129,225.02034,219.98034,225.02034,13180.13,12.0,225.02034,219.98034,225.02034,False,87,41.15,-85.48,19914,30349,4,Indiana,IN,Midwest,True,78.0,70+,$19k–$23k,$0k–$30k,4,Credit,Mastercard credit,2010,Extra card,$6k–$9k,
4394,1341,Visa,Debit,4454576588239754,12/2022,519,YES,1,22474,08/2012,2012,No,2012-08-01,24152,92.804215,90.734215,92.804215,12568.43,12.0,92.804215,90.734215,92.804215,False,87,41.15,-85.48,19914,30349,4,Indiana,IN,Midwest,True,80.0,70+,$19k–$23k,$0k–$30k,4,Debit,Visa debit,2012,Extra card,,$20k–$27k
4054,563,Mastercard,Credit,5261546733039060,06/2022,897,YES,2,6100,07/2017,2017,No,2017-07-01,24211,445.84344,403.72344,445.84344,26760.08,12.0,445.84344,403.72344,445.84344,False,70,39.87,-75.92,24725,49531,6,Pennsylvania,PA,Northeast,True,67.0,60–69,$23k–$28k,$45k–$58k,6+,Credit,Mastercard credit,2017,Extra card,$6k–$9k,
2760,563,Mastercard,Debit,5607545663588371,06/2022,320,YES,1,18241,04/2016,2016,No,2016-04-01,24196,122.670635,119.620635,122.670635,19270.27,12.0,122.670635,119.620635,122.670635,False,70,39.87,-75.92,24725,49531,6,Pennsylvania,PA,Northeast,True,66.0,60–69,$23k–$28k,$45k–$58k,6+,Debit,Mastercard debit,2016,Extra card,,$16k–$20k
1353,963,Mastercard,Credit,5011729300918944,10/2020,29,YES,1,6500,02/2015,2015,No,2015-02-01,24182,463.01778,397.13778,463.01778,33249.21,12.0,463.01778,397.13778,463.01778,True,24,42.63,-71.32,20458,41714,3,Massachusetts,MA,Northeast,True,19.0,Under 30,$19k–$23k,$37k–$45k,3,Credit,Mastercard credit,2015,Customer's first card,$6k–$9k,
2297,1586,Mastercard,Credit,5991530949395987,07/2015,711,YES,1,5700,03/2012,2012,No,2012-03-01,24147,350.0577,320.1777,350.0577,21188.65,12.0,350.0577,320.1777,350.0577,False,43,40.66,-73.7,27778,56640,4,New York,NY,Northeast,True,35.0,30–39,$23k–$28k,$45k–$58k,4,Credit,Mastercard credit,2012,Extra card,$0k–$6k,
6051,1586,Visa,Credit,4442371694432270,11/2022,200,YES,1,11800,12/2011,2011,No,2011-12-01,24144,392.66892,381.50892,392.66892,23482.94,12.0,392.66892,381.50892,392.66892,False,43,40.66,-73.7,27778,56640,4,New York,NY,Northeast,True,35.0,30–39,$23k–$28k,$45k–$58k,4,Credit,Visa credit,2011,Extra card,$11k–$15k,
1365,1586,Mastercard,Debit,5891506977538040,02/2021,906,YES,2,17587,02/2016,2016,No,2016-02-01,24194,153.97367,151.86366999999998,153.97367,32796.34,12.0,153.97367,151.86366999999998,153.97367,False,43,40.66,-73.7,27778,56640,4,New York,NY,Northeast,True,39.0,30–39,$23k–$28k,$45k–$58k,4,Debit,Mastercard debit,2016,Extra card,,$16k–$20k
6021,719,Visa,Credit,4682446350562811,08/2023,554,YES,1,13900,12/2010,2010,No,2010-12-01,24132,390.5541,321.07410000000004,390.5541,23984.45,12.0,390.5541,321.07410000000004,390.5541,False,53,42.27,-89.06,24589,50139,3,Illinois,IL,Midwest,True,44.0,40–49,$23k–$28k,$45k–$58k,3,Credit,Visa credit,2010,Extra card,$11k–$15k,
2298,1723,Mastercard,Debit (Prepaid),5000674775470352,10/2016,358,YES,2,74,03/2012,2012,No,2012-03-01,24147,0.0,0.0,66.78977499999999,8877.55,12.0,0.0,0.0,66.78977499999999,False,41,39.16,-89.48,17696,36080,3,Illinois,IL,Midwest,True,33.0,30–39,$16k–$19k,$30k–$37k,3,Prepaid,Mastercard prepaid,2012,Extra card,,
2683,229,Visa,Debit,4909457460257161,03/2020,892,NO,1,20827,04/2011,2011,No,2011-04-01,24136,161.361775,154.28177499999998,161.361775,23128.55,12.0,161.361775,154.28177499999998,161.361775,False,35,41.8,-91.49,29059,59248,5,Iowa,IA,Midwest,True,26.0,Under 30,$28k–$163k,$58k–$280k,5,Debit,Visa debit,2011,Extra card,,$20k–$27k
5190,1512,Mastercard,Debit,5568328410834839,12/2020,811,YES,1,28864,10/2010,2013,No,2010-10-01,24130,30.565955,29.505955,30.565955,4348.91,12.0,30.565955,29.505955,30.565955,False,44,39.77,-86.14,32865,67008,8,Indiana,IN,Midwest,True,35.0,30–39,$28k–$163k,$58k–$280k,6+,Debit,Mastercard debit,2010,Extra card,,$27k–$138k
4425,1543,Mastercard,Debit,5125741393893480,08/2022,13,YES,2,47709,08/2014,2014,No,2014-08-01,24176,140.7406,140.7406,140.7406,27167.2,12.0,140.7406,140.7406,140.7406,False,31,34.14,-118.46,51976,105963,4,California,CA,West,True,26.0,Under 30,$28k–$163k,$58k–$280k,4,Debit,Mastercard debit,2014,Extra card,,$27k–$138k
4473,1543,Visa,Debit,4559874462694124,08/2024,810,YES,2,39389,08/2018,2018,No,2018-08-01,24224,149.15838499999998,149.15838499999998,149.15838499999998,28190.77,12.0,149.15838499999998,149.15838499999998,149.15838499999998,False,31,34.14,-118.46,51976,105963,4,California,CA,West,True,30.0,30–39,$28k–$163k,$58k–$280k,4,Debit,Visa debit,2018,Extra card,,$27k–$138k
2634,147,Mastercard,Credit,5890900416850846,08/2021,152,YES,1,18000,04/2010,2010,No,2010-04-01,24124,611.58438,512.58438,611.58438,38974.91,12.0,611.58438,512.58438,611.58438,False,30,32.35,-86.28,27653,56383,4,Alabama,AL,South,True,20.0,Under 30,$23k–$28k,$45k–$58k,4,Credit,Mastercard credit,2010,Extra card,$15k–$98k,
1239,171,Visa,Debit,4548390986370918,10/2021,555,YES,2,21022,02/2010,2011,No,2010-02-01,24122,156.477235,148.677235,156.477235,53371.47,12.0,156.477235,148.677235,156.477235,False,43,34.83,-82.37,24314,49577,3,South Carolina,SC,South,True,33.0,30–39,$23k–$28k,$45k–$58k,3,Debit,Visa debit,2010,Extra card,,$20k–$27k
2359,1314,Visa,Credit,4333294773814550,08/2017,973,YES,1,15000,03/2016,2016,No,2016-03-01,24195,529.54902,501.10902,529.54902,30962.39,12.0,529.54902,501.10902,529.54902,False,43,29.7,-98.11,19325,39404,5,Texas,TX,South,True,39.0,30–39,$19k–$23k,$37k–$45k,5,Credit,Visa credit,2016,Extra card,$15k–$98k,
3162,1314,Mastercard,Debit,5946312773938308,10/2015,291,YES,1,12605,05/2015,2015,No,2015-05-01,24185,111.372765,108.182765,111.372765,21594.53,6.0,111.372765,108.182765,111.372765,False,43,29.7,-98.11,19325,39404,5,Texas,TX,South,True,38.0,30–39,$19k–$23k,$37k–$45k,5,Debit,Mastercard debit,2015,Extra card,,$12k–$16k
2767,1560,Mastercard,Debit,5489055781970216,06/2021,833,YES,1,15492,04/2017,2017,No,2017-04-01,24208,72.855465,67.755465,72.855465,13748.93,12.0,72.855465,67.755465,72.855465,False,61,42.61,-94.14,18849,18452,6,Iowa,IA,Midwest,True,58.0,50–59,$16k–$19k,$0k–$30k,6+,Debit,Mastercard debit,2017,Extra card,,$12k–$16k
2635,613,Mastercard,Debit,5946607095736678,02/2020,861,YES,2,18764,04/2010,2014,No,2010-04-01,24124,81.935465,80.925465,81.935465,10180.93,12.0,81.935465,80.925465,81.935465,False,39,41.87,-88.01,27741,56562,4,Illinois,IL,Midwest,True,29.0,Under 30,$23k–$28k,$45k–$58k,4,Debit,Mastercard debit,2010,Extra card,,$16k–$20k
2778,346,Mastercard,Debit,5447315840545678,06/2020,843,YES,1,37318,04/2018,2018,No,2018-04-01,24220,25.066755,23.976755,25.066755,5713.51,12.0,25.066755,23.976755,25.066755,False,90,34.43,-119.68,25249,48580,7,California,CA,West,True,88.0,70+,$23k–$28k,$45k–$58k,6+,Debit,Mastercard debit,2018,Extra card,,$27k–$138k
4862,13,Visa,Credit,4846797588329543,05/2019,143,NO,2,3500,09/2013,2013,No,2013-09-01,24165,141.1884,135.4284,141.1884,8811.8,12.0,141.1884,135.4284,141.1884,False,52,37.89,-85.96,15879,32378,4,Kentucky,KY,South,True,46.0,40–49,$16k–$19k,$30k–$37k,4,Credit,Visa credit,2013,Extra card,$0k–$6k,
6084,602,Mastercard,Debit,5931695374662431,05/2021,894,YES,1,24739,12/2013,2013,No,2013-12-01,24168,67.868175,65.998175,67.868175,11077.35,12.0,67.868175,65.998175,67.868175,False,57,36.34,-79.67,16888,34437,4,North Carolina,NC,South,True,51.0,50–59,$16k–$19k,$30k–$37k,4,Debit,Mastercard debit,2013,Extra card,,$20k–$27k
3982,602,Visa,Credit,4509798381757686,11/2021,529,YES,1,9500,07/2011,2016,No,2011-07-01,24139,529.50636,452.46636,529.50636,32895.020000000004,12.0,529.50636,452.46636,529.50636,False,57,36.34,-79.67,16888,34437,4,North Carolina,NC,South,True,48.0,40–49,$16k–$19k,$30k–$37k,4,Credit,Visa credit,2011,Extra card,$9k–$11k,
346,657,Mastercard,Debit,5507324126094429,02/2021,373,YES,1,15331,01/2015,2015,No,2015-01-01,24181,77.474385,76.504385,77.474385,15897.77,12.0,77.474385,76.504385,77.474385,False,83,44.45,-95.78,20697,33897,4,Minnesota,MN,Midwest,True,78.0,70+,$19k–$23k,$30k–$37k,4,Debit,Mastercard debit,2015,Extra card,,$12k–$16k
4013,657,Visa,Debit,4634300017755186,04/2014,37,YES,1,22861,07/2013,2013,No,2013-07-01,24163,63.409555,61.189555,63.409555,12341.11,10.0,63.409555,61.189555,63.409555,False,83,44.45,-95.78,20697,33897,4,Minnesota,MN,Midwest,True,76.0,70+,$19k–$23k,$30k–$37k,4,Debit,Visa debit,2013,Extra card,,$20k–$27k
5232,909,Mastercard,Debit,5829712075231650,06/2022,538,YES,1,5204,10/2011,2013,No,2011-10-01,24142,178.81926,177.042195,178.81926,40269.52,12.0,178.81926,177.042195,178.81926,False,38,47.11,-122.76,24044,49023,5,Washington,WA,West,True,30.0,30–39,$23k–$28k,$45k–$58k,5,Debit,Mastercard debit,2011,Extra card,,$0k–$12k
3926,1267,Mastercard,Debit,5781287562576118,10/2011,834,YES,2,23152,07/2010,2010,No,2010-07-01,24127,37.680635,33.920635,37.680635,12144.27,12.0,37.680635,33.920635,37.680635,False,81,47.83,-122.32,28248,31912,4,Washington,WA,West,True,71.0,70+,$23k–$28k,$30k–$37k,4,Debit,Mastercard debit,2010,Extra card,,$20k–$27k
3623,350,Visa,Debit,4879859310850635,03/2024,878,YES,2,19256,06/2017,2017,No,2017-06-01,24210,74.22557,73.15557,74.22557,14630.14,12.0,74.22557,73.15557,74.22557,False,62,39.14,-76.77,28673,58463,4,Maryland,MD,South,True,59.0,50–59,$28k–$163k,$58k–$280k,4,Debit,Visa debit,2017,Extra card,,$16k–$20k
318,1323,Visa,Credit,4498891346944005,02/2020,734,YES,2,8700,01/2013,2013,No,2013-01-01,24157,559.00368,248.32368,559.00368,33745.76,12.0,559.00368,248.32368,559.00368,False,36,32.34,-108.7,15407,31414,4,New Mexico,NM,West,True,29.0,Under 30,$0k–$16k,$30k–$37k,4,Credit,Visa credit,2013,Extra card,$9k–$11k,
3993,1323,Mastercard,Debit,5376527370326171,09/2023,565,YES,1,19267,07/2012,2012,No,2012-07-01,24151,103.08412,69.06412,103.08412,20188.24,12.0,103.08412,69.06412,103.08412,False,36,32.34,-108.7,15407,31414,4,New Mexico,NM,West,True,28.0,Under 30,$0k–$16k,$30k–$37k,4,Debit,Mastercard debit,2012,Extra card,,$16k–$20k
4389,421,Mastercard,Debit,5803489621102604,12/2021,503,YES,1,33070,08/2012,2012,No,2012-08-01,24152,92.62018,92.62018,92.62018,10752.36,12.0,92.62018,92.62018,92.62018,False,53,41.97,-91.66,22502,45876,7,Iowa,IA,Midwest,True,46.0,40–49,$19k–$23k,$45k–$58k,6+,Debit,Mastercard debit,2012,Extra card,,$27k–$138k
6101,421,Mastercard,Debit,5865665247394120,08/2024,626,YES,2,16094,12/2014,2014,No,2014-12-01,24180,67.406605,67.176605,67.406605,7251.21,12.0,67.406605,67.176605,67.406605,False,53,41.97,-91.66,22502,45876,7,Iowa,IA,Midwest,True,48.0,40–49,$19k–$23k,$45k–$58k,6+,Debit,Mastercard debit,2014,Extra card,,$16k–$20k
4902,354,Amex,Credit,397099721312783,08/2023,647,YES,1,9000,09/2017,2017,No,2017-09-01,24213,320.76234,283.68234,320.76234,20362.13,12.0,415.76234,378.68234,415.76234,False,77,38.86,-104.76,22185,31942,6,Colorado,CO,West,True,75.0,70+,$19k–$23k,$30k–$37k,6+,Credit,Amex credit,2017,Extra card,$9k–$11k,
3168,354,Visa,Debit,4298702562718334,01/2021,595,YES,1,15206,05/2015,2015,No,2015-05-01,24185,53.718605,51.458605,53.718605,10737.21,12.0,53.718605,51.458605,53.718605,False,77,38.86,-104.76,22185,31942,6,Colorado,CO,West,True,72.0,70+,$19k–$23k,$30k–$37k,6+,Debit,Visa debit,2015,Extra card,,$12k–$16k
3983,586,Visa,Credit,4095430974536550,03/2021,614,YES,2,20300,07/2011,2011,No,2011-07-01,24139,453.49308,350.53308,453.49308,26596.06,12.0,453.49308,350.53308,453.49308,True,37,35.57,-82.54,22983,46864,4,North Carolina,NC,South,True,28.0,Under 30,$23k–$28k,$45k–$58k,4,Credit,Visa credit,2011,Customer's first card,$15k–$98k,
3124,586,Visa,Debit,4957920148379718,11/2022,577,YES,1,30952,05/2012,2012,No,2012-05-01,24149,135.50269,130.74268999999998,135.50269,15842.38,12.0,135.50269,130.74268999999998,135.50269,False,37,35.57,-82.54,22983,46864,4,North Carolina,NC,South,True,29.0,Under 30,$23k–$28k,$45k–$58k,4,Debit,Visa debit,2012,Extra card,,$27k–$138k
3927,1529,Mastercard,Debit,5179211547158075,12/2020,46,YES,1,61324,07/2010,2011,No,2010-07-01,24127,135.49934,132.30934,135.49934,29350.68,12.0,135.49934,132.30934,135.49934,False,51,26.23,-80.13,37424,76305,3,Florida,FL,South,True,41.0,40–49,$28k–$163k,$58k–$280k,3,Debit,Mastercard debit,2010,Extra card,,$27k–$138k
2326,1596,Mastercard,Debit,5589671096121830,10/2016,536,YES,1,16398,03/2014,2014,No,2014-03-01,24171,111.458515,110.008515,111.458515,27762.03,12.0,111.458515,110.008515,111.458515,False,42,34.28,-118.44,15583,31772,4,California,CA,West,True,36.0,30–39,$0k–$16k,$30k–$37k,4,Debit,Mastercard debit,2014,Extra card,,$16k–$20k
2637,1596,Mastercard,Debit (Prepaid),5871381416815409,07/2021,254,YES,1,59,04/2010,2010,No,2010-04-01,24124,0.0,0.0,106.36789,14120.13,12.0,0.0,0.0,106.36789,False,42,34.28,-118.44,15583,31772,4,California,CA,West,True,32.0,30–39,$0k–$16k,$30k–$37k,4,Prepaid,Mastercard prepaid,2010,Extra card,,
4006,1425,Mastercard,Debit (Prepaid),5686159789271662,11/2015,950,YES,2,100,07/2013,2013,No,2013-07-01,24163,0.0,0.0,31.048005,4255.01,12.0,0.0,0.0,31.048005,False,88,35.33,-89.88,19115,19225,8,Tennessee,TN,South,True,81.0,70+,$19k–$23k,$0k–$30k,6+,Prepaid,Mastercard prepaid,2013,Extra card,,
5248,1576,Visa,Debit,4736934707075232,03/2023,978,YES,1,15807,10/2011,2011,No,2011-10-01,24142,71.904845,66.254845,71.904845,20375.69,12.0,71.904845,66.254845,71.904845,False,88,42.66,-83.38,24578,36764,8,Michigan,MI,Midwest,True,80.0,70+,$23k–$28k,$30k–$37k,6+,Debit,Visa debit,2011,Extra card,,$12k–$16k
2658,1268,Visa,Credit,4636984888214448,04/2018,380,YES,2,5900,04/2010,2010,No,2010-04-01,24124,177.32988,157.16988,177.32988,11393.66,12.0,177.32988,157.16988,177.32988,False,47,34.2,-86.15,14516,29597,4,Alabama,AL,South,True,37.0,30–39,$0k–$16k,$0k–$30k,4,Credit,Visa credit,2010,Extra card,$0k–$6k,
3575,145,Mastercard,Credit,5703815520417524,07/2020,263,YES,2,2000,06/2014,2014,No,2014-06-01,24174,162.17064,162.17064,162.17064,10719.48,12.0,162.17064,162.17064,162.17064,False,58,36.18,-82.07,12427,25334,3,Tennessee,TN,South,True,52.0,50–59,$0k–$16k,$0k–$30k,3,Credit,Mastercard credit,2014,Extra card,$0k–$6k,
4058,145,Visa,Debit,4446819957867131,06/2020,232,YES,2,15240,07/2017,2017,No,2017-07-01,24211,102.238805,102.238805,102.238805,11328.61,12.0,102.238805,102.238805,102.238805,False,58,36.18,-82.07,12427,25334,3,Tennessee,TN,South,True,55.0,50–59,$0k–$16k,$0k–$30k,3,Debit,Visa debit,2017,Extra card,,$12k–$16k
4876,1424,Visa,Debit (Prepaid),4035809761172506,08/2021,400,YES,1,84,09/2014,2014,No,2014-09-01,24177,0.0,0.0,166.26163499999998,32134.27,12.0,0.0,0.0,166.26163499999998,False,101,35.13,-112.99,13086,15348,4,Arizona,AZ,West,True,96.0,70+,$0k–$16k,$0k–$30k,4,Prepaid,Visa prepaid,2014,Extra card,,
3046,1424,Mastercard,Credit,5474945486540306,06/2015,533,YES,2,8300,05/2010,2015,No,2010-05-01,24125,261.0801,229.7601,261.0801,27434.45,12.0,261.0801,229.7601,261.0801,False,101,35.13,-112.99,13086,15348,4,Arizona,AZ,West,True,91.0,70+,$0k–$16k,$0k–$30k,4,Credit,Mastercard credit,2010,Extra card,$6k–$9k,
5625,427,Visa,Debit,4360960084502821,12/2010,641,YES,1,11739,11/2010,2011,No,2010-11-01,24131,20.63994,20.169939999999997,20.63994,3841.88,2.0,20.63994,20.169939999999997,20.63994,True,44,36.15,-85.5,15955,32527,3,Tennessee,TN,South,True,35.0,30–39,$16k–$19k,$30k–$37k,3,Debit,Visa debit,2010,Customer's first card,,$0k–$12k
269,427,Mastercard,Debit (Prepaid),5533615337478093,09/2022,743,YES,1,79,01/2011,2011,No,2011-01-01,24133,0.0,0.0,88.32372,11472.44,12.0,0.0,0.0,88.32372,False,44,36.15,-85.5,15955,32527,3,Tennessee,TN,South,True,35.0,30–39,$16k–$19k,$30k–$37k,3,Prepaid,Mastercard prepaid,2011,Extra card,,
4819,427,Visa,Debit,4123364464470592,11/2024,574,YES,1,11093,09/2011,2011,No,2011-09-01,24141,104.065355,100.195355,104.065355,29471.71,12.0,104.065355,100.195355,104.065355,False,44,36.15,-85.5,15955,32527,3,Tennessee,TN,South,True,36.0,30–39,$16k–$19k,$30k–$37k,3,Debit,Visa debit,2011,Extra card,,$0k–$12k
5210,684,Visa,Debit,4623790856154791,08/2022,42,YES,2,20447,10/2010,2016,No,2010-10-01,24130,55.884485,52.884485,55.884485,9433.97,12.0,55.884485,52.884485,55.884485,True,51,26.14,-80.13,21661,44170,7,Florida,FL,South,True,42.0,40–49,$19k–$23k,$37k–$45k,6+,Debit,Visa debit,2010,Customer's first card,,$20k–$27k
3088,684,Discover,Credit,6219867119924889,11/2022,425,YES,2,8800,05/2011,2011,No,2011-05-01,24137,244.48932,236.92932,244.48932,15849.74,12.0,244.48932,236.92932,244.48932,False,51,26.14,-80.13,21661,44170,7,Florida,FL,South,True,42.0,40–49,$19k–$23k,$37k–$45k,6+,Credit,Discover credit,2011,Extra card,$9k–$11k,
2768,684,Mastercard,Debit,5762936498559213,04/2023,657,YES,1,13946,04/2017,2017,No,2017-04-01,24208,26.316665,25.136665,26.316665,3725.33,12.0,26.316665,25.136665,26.316665,False,51,26.14,-80.13,21661,44170,7,Florida,FL,South,True,48.0,40–49,$19k–$23k,$37k–$45k,6+,Debit,Mastercard debit,2017,Extra card,,$12k–$16k
6022,684,Visa,Debit,4941352079368761,07/2020,963,NO,2,25529,12/2010,2010,No,2010-12-01,24132,48.446075,46.566075,48.446075,6346.150000000001,12.0,48.446075,46.566075,48.446075,False,51,26.14,-80.13,21661,44170,7,Florida,FL,South,True,42.0,40–49,$19k–$23k,$37k–$45k,6+,Debit,Visa debit,2010,Extra card,,$20k–$27k
4474,684,Visa,Debit (Prepaid),4537642289527032,12/2022,450,YES,1,61,08/2018,2018,No,2018-08-01,24224,0.0,0.0,15.603325,1147.65,12.0,0.0,0.0,15.603325,False,51,26.14,-80.13,21661,44170,7,Florida,FL,South,True,50.0,50–59,$19k–$23k,$37k–$45k,6+,Prepaid,Visa prepaid,2018,Extra card,,
4908,684,Mastercard,Debit,5726295152230615,02/2022,912,YES,2,17536,09/2017,2017,No,2017-09-01,24213,21.637895,20.467895,21.637895,2609.79,12.0,21.637895,20.467895,21.637895,False,51,26.14,-80.13,21661,44170,7,Florida,FL,South,True,49.0,40–49,$19k–$23k,$37k–$45k,6+,Debit,Mastercard debit,2017,Extra card,,$16k–$20k
334,684,Visa,Debit,4439425587555219,03/2015,568,YES,2,20770,01/2014,2014,No,2014-01-01,24169,30.257915,28.407915,30.257915,3988.83,12.0,30.257915,28.407915,30.257915,False,51,26.14,-80.13,21661,44170,7,Florida,FL,South,True,45.0,40–49,$19k–$23k,$37k–$45k,6+,Debit,Visa debit,2014,Extra card,,$20k–$27k
1337,1300,Mastercard,Debit,5280939323100579,07/2023,909,YES,1,10691,02/2014,2014,No,2014-02-01,24170,94.838965,94.098965,94.838965,8582.93,12.0,94.838965,94.098965,94.838965,False,58,31.13,-93.27,11324,23092,4,Louisiana,LA,South,True,52.0,50–59,$0k–$16k,$0k–$30k,4,Debit,Mastercard debit,2014,Extra card,,$0k–$12k
4359,1669,Mastercard,Credit,5445286323617902,12/2022,212,YES,2,5000,08/2011,2011,No,2011-08-01,24140,229.09788,218.29788,229.09788,14044.66,12.0,229.09788,218.29788,229.09788,False,44,38.66,-121.62,25234,51454,4,California,CA,West,True,36.0,30–39,$23k–$28k,$45k–$58k,4,Credit,Mastercard credit,2011,Extra card,$0k–$6k,
6097,1669,Amex,Credit,368765630381398,06/2018,731,YES,2,11400,12/2014,2014,No,2014-12-01,24180,209.48868,203.36868,209.48868,12145.26,12.0,304.48868,298.36868,304.48868,False,44,38.66,-121.62,25234,51454,4,California,CA,West,True,39.0,30–39,$23k–$28k,$45k–$58k,4,Credit,Amex credit,2014,Extra card,$11k–$15k,
1204,1518,Discover,Credit,6183952528759947,12/2022,831,YES,2,16800,02/2010,2015,No,2010-02-01,24122,260.83853999999997,241.39854,260.83853999999997,15839.03,12.0,260.83853999999997,241.39854,260.83853999999997,False,62,34.47,-86.8,18533,37785,3,Alabama,AL,South,True,52.0,50–59,$16k–$19k,$37k–$45k,3,Credit,Discover credit,2010,Extra card,$15k–$98k,
6083,1518,Discover,Credit,6675475462886914,10/2022,64,YES,1,7100,12/2013,2013,No,2013-12-01,24168,196.25058,178.25058,196.25058,12458.81,12.0,196.25058,178.25058,196.25058,False,62,34.47,-86.8,18533,37785,3,Alabama,AL,South,True,56.0,50–59,$16k–$19k,$37k–$45k,3,Credit,Discover credit,2013,Extra card,$6k–$9k,
3967,1591,Mastercard,Debit,5362951145456228,12/2024,818,YES,2,17332,07/2011,2012,No,2011-07-01,24139,104.521,104.051,104.521,14610.0,12.0,104.521,104.051,104.521,False,58,48.28,-122.62,16537,33717,6,Washington,WA,West,True,49.0,40–49,$16k–$19k,$30k–$37k,6+,Debit,Mastercard debit,2011,Extra card,,$16k–$20k
5249,675,Visa,Credit,4786002952683429,03/2022,965,YES,1,9300,10/2011,2011,No,2011-10-01,24142,236.78136,220.58136,236.78136,15625.52,12.0,236.78136,220.58136,236.78136,True,40,39.92,-77.8,17405,35489,5,Pennsylvania,PA,Northeast,True,32.0,30–39,$16k–$19k,$30k–$37k,5,Credit,Visa credit,2011,Customer's first card,$9k–$11k,
4454,675,Discover,Credit,6210885893076470,06/2021,895,YES,2,8000,08/2016,2016,No,2016-08-01,24200,90.30492,87.78492,90.30492,5448.9400000000005,12.0,90.30492,87.78492,90.30492,False,40,39.92,-77.8,17405,35489,5,Pennsylvania,PA,Northeast,True,37.0,30–39,$16k–$19k,$30k–$37k,5,Credit,Discover credit,2016,Extra card,$6k–$9k,
4020,675,Mastercard,Debit,5965800518603810,09/2021,609,NO,1,11194,07/2014,2014,No,2014-07-01,24175,65.27928,62.49928,65.27928,9813.56,12.0,65.27928,62.49928,65.27928,False,40,39.92,-77.8,17405,35489,5,Pennsylvania,PA,Northeast,True,34.0,30–39,$16k–$19k,$30k–$37k,5,Debit,Mastercard debit,2014,Extra card,,$0k–$12k
5261,675,Visa,Debit,4331686299440629,04/2023,525,YES,2,12754,10/2012,2012,No,2012-10-01,24154,133.64067,127.13067,133.64067,19300.34,12.0,133.64067,127.13067,133.64067,False,40,39.92,-77.8,17405,35489,5,Pennsylvania,PA,Northeast,True,33.0,30–39,$16k–$19k,$30k–$37k,5,Debit,Visa debit,2012,Extra card,,$12k–$16k
5250,675,Visa,Credit,4765714337874836,08/2024,983,YES,1,9700,10/2011,2013,No,2011-10-01,24142,217.83708,202.71708,217.83708,13846.06,12.0,217.83708,202.71708,217.83708,True,40,39.92,-77.8,17405,35489,5,Pennsylvania,PA,Northeast,True,32.0,30–39,$16k–$19k,$30k–$37k,5,Credit,Visa credit,2011,Customer's first card,$9k–$11k,
3116,577,Mastercard,Debit,5591077047400631,09/2020,615,YES,1,17936,05/2012,2012,No,2012-05-01,24149,159.19021,152.40021,159.19021,20061.42,12.0,159.19021,152.40021,159.19021,False,28,32.07,-110.92,16238,33106,2,Arizona,AZ,West,True,20.0,Under 30,$16k–$19k,$30k–$37k,2,Debit,Mastercard debit,2012,Extra card,,$16k–$20k
2627,577,Amex,Credit,313916461304111,01/2021,852,YES,1,8500,04/2010,2011,No,2010-04-01,24124,609.87168,537.15168,609.87168,36309.76,12.0,704.87168,632.15168,704.87168,True,28,32.07,-110.92,16238,33106,2,Arizona,AZ,West,True,18.0,Under 30,$16k–$19k,$30k–$37k,2,Credit,Amex credit,2010,Customer's first card,$6k–$9k,
3515,1227,Mastercard,Debit (Prepaid),5072595305260459,01/2021,519,YES,1,67,06/2011,2011,No,2011-06-01,24138,0.0,0.0,133.79089,8584.78,12.0,0.0,0.0,133.79089,False,65,42.37,-83.46,33031,67344,4,Michigan,MI,Midwest,True,56.0,50–59,$28k–$163k,$58k–$280k,4,Prepaid,Mastercard prepaid,2011,Extra card,,
3545,1227,Mastercard,Credit,5923231174018252,11/2021,392,YES,2,13500,06/2012,2012,No,2012-06-01,24150,307.58832,206.06832,307.58832,18347.24,12.0,307.58832,206.06832,307.58832,False,65,42.37,-83.46,33031,67344,4,Michigan,MI,Midwest,True,57.0,50–59,$28k–$163k,$58k–$280k,4,Credit,Mastercard credit,2012,Extra card,$11k–$15k,
2310,1227,Mastercard,Debit,5851845913045150,09/2023,71,YES,1,27132,03/2013,2013,No,2013-03-01,24159,103.33954,97.88954,103.33954,17931.08,12.0,103.33954,97.88954,103.33954,False,65,42.37,-83.46,33031,67344,4,Michigan,MI,Midwest,True,58.0,50–59,$28k–$163k,$58k–$280k,4,Debit,Mastercard debit,2013,Extra card,,$27k–$138k
5602,840,Mastercard,Debit,5023863713584517,12/2024,457,YES,2,10400,11/2010,2013,No,2010-11-01,24131,94.300865,70.760865,94.300865,48947.73,12.0,94.300865,70.760865,94.300865,False,68,37.74,-122.44,51692,88432,6,California,CA,West,True,59.0,50–59,$28k–$163k,$58k–$280k,6+,Debit,Mastercard debit,2010,Extra card,,$0k–$12k
3633,840,Visa,Credit,4115686759373550,11/2019,996,YES,2,17100,06/2018,2018,No,2018-06-01,24222,2306.98818,1816.30818,2306.98818,133357.01,12.0,2306.98818,1816.30818,2306.98818,False,68,37.74,-122.44,51692,88432,6,California,CA,West,True,66.0,60–69,$28k–$163k,$58k–$280k,6+,Credit,Visa credit,2018,Extra card,$15k–$98k,
3091,733,Mastercard,Debit,5904146428140246,12/2020,277,YES,2,2656,05/2011,2015,No,2011-05-01,24137,89.328525,71.00852499999999,89.328525,20901.05,12.0,89.328525,71.00852499999999,89.328525,False,36,31.49,-97.23,26061,53138,4,Texas,TX,South,True,27.0,Under 30,$23k–$28k,$45k–$58k,4,Debit,Mastercard debit,2011,Extra card,,$0k–$12k
3968,1610,Mastercard,Debit,5678294553512479,08/2022,15,YES,1,8580,07/2011,2011,No,2011-07-01,24139,187.196505,137.446505,187.196505,21033.01,12.0,187.196505,137.446505,187.196505,False,42,32.32,-90.2,13717,27967,2,Mississippi,MS,South,True,33.0,30–39,$0k–$16k,$0k–$30k,2,Debit,Mastercard debit,2011,Extra card,,$0k–$12k
6023,780,Visa,Debit (Prepaid),4129989012910230,07/2021,8,YES,2,43,12/2010,2011,No,2010-12-01,24132,0.0,0.0,124.730125,18859.25,12.0,0.0,0.0,124.730125,True,74,42.35,-71.22,56720,58378,1,Massachusetts,MA,Northeast,True,65.0,60–69,$28k–$163k,$58k–$280k,1,Prepaid,Visa prepaid,2010,Customer's first card,,
1375,1340,Visa,Debit,4249908788734063,07/2024,892,YES,2,36546,02/2017,2017,No,2017-02-01,24206,113.78592,110.37592,113.78592,37248.84,12.0,113.78592,110.37592,113.78592,False,53,29.76,-95.38,26420,53872,5,Texas,TX,South,True,50.0,50–59,$23k–$28k,$45k–$58k,5,Debit,Visa debit,2017,Extra card,,$27k–$138k
6035,1340,Amex,Credit,394844235507928,09/2023,682,YES,2,11200,12/2011,2011,No,2011-12-01,24144,1118.1276,1086.4476,1118.1276,63706.2,12.0,1213.1276,1181.4476,1213.1276,False,53,29.76,-95.38,26420,53872,5,Texas,TX,South,True,45.0,40–49,$23k–$28k,$45k–$58k,5,Credit,Amex credit,2011,Extra card,$9k–$11k,
1240,247,Visa,Debit,4045887901142827,07/2013,54,YES,2,24968,02/2010,2010,No,2010-02-01,24122,79.729095,78.229095,79.729095,17878.19,12.0,79.729095,78.229095,79.729095,False,49,30.21,-93.2,26772,54587,6,Louisiana,LA,South,True,39.0,30–39,$23k–$28k,$45k–$58k,6+,Debit,Visa debit,2010,Extra card,,$20k–$27k
5191,247,Mastercard,Debit,5047582065725201,07/2021,601,YES,2,12852,10/2010,2012,No,2010-10-01,24130,65.59368,64.83368,65.59368,15462.36,12.0,65.59368,64.83368,65.59368,False,49,30.21,-93.2,26772,54587,6,Louisiana,LA,South,True,40.0,40–49,$23k–$28k,$45k–$58k,6+,Debit,Mastercard debit,2010,Extra card,,$12k–$16k
3923,1382,Amex,Credit,302128691810206,11/2021,236,YES,1,9000,07/2010,2015,No,2010-07-01,24127,373.39956,354.31956,373.39956,31666.42,12.0,468.39956,449.31956,468.39956,False,58,32.79,-96.76,12693,25883,4,Texas,TX,South,True,48.0,40–49,$0k–$16k,$0k–$30k,4,Credit,Amex credit,2010,Extra card,$9k–$11k,
5262,1382,Visa,Credit,4371359117883353,05/2022,931,YES,2,1900,10/2012,2012,No,2012-10-01,24154,221.44428,211.36428,221.44428,18515.46,12.0,221.44428,211.36428,221.44428,False,58,32.79,-96.76,12693,25883,4,Texas,TX,South,True,51.0,50–59,$0k–$16k,$0k–$30k,4,Credit,Visa credit,2012,Extra card,$0k–$6k,
1210,1217,Mastercard,Debit,5228295335343438,03/2011,82,NO,1,23907,02/2010,2010,No,2010-02-01,24122,43.33481,40.58481,43.33481,11631.62,12.0,43.33481,40.58481,43.33481,False,59,33.62,-112.0,22070,44992,3,Arizona,AZ,West,True,49.0,40–49,$19k–$23k,$45k–$58k,3,Debit,Mastercard debit,2010,Extra card,,$20k–$27k
4322,514,Mastercard,Debit,5304746158026153,08/2013,249,YES,1,9614,08/2010,2010,No,2010-08-01,24128,59.019945,59.019945,59.019945,9069.89,12.0,59.019945,59.019945,59.019945,False,58,28.08,-80.6,15840,32295,4,Florida,FL,South,True,49.0,40–49,$0k–$16k,$30k–$37k,4,Debit,Mastercard debit,2010,Extra card,,$0k–$12k
4469,1276,Mastercard,Debit,5785225381364914,04/2022,851,YES,1,17688,08/2018,2018,No,2018-08-01,24224,32.49345,30.51345,32.49345,7623.9,12.0,32.49345,30.51345,32.49345,False,82,41.83,-87.68,25365,41793,5,Illinois,IL,Midwest,True,81.0,70+,$23k–$28k,$37k–$45k,5,Debit,Mastercard debit,2018,Extra card,,$16k–$20k
3495,875,Visa,Credit,4016664416211109,05/2024,840,YES,1,7600,06/2010,2010,No,2010-06-01,24126,156.97242,156.97242,156.97242,10476.69,12.0,156.97242,156.97242,156.97242,False,39,33.23,-87.54,20553,41907,4,Alabama,AL,South,True,29.0,Under 30,$19k–$23k,$37k–$45k,4,Credit,Visa credit,2010,Extra card,$6k–$9k,
2684,1546,Visa,Debit,4483206793672492,06/2024,339,YES,2,19015,04/2011,2011,No,2011-04-01,24136,43.560115,43.560115,43.560115,7359.23,12.0,43.560115,43.560115,43.560115,False,48,43.3,-71.33,19781,40336,4,New Hampshire,NH,Northeast,True,39.0,30–39,$19k–$23k,$37k–$45k,4,Debit,Visa debit,2011,Extra card,,$16k–$20k
245,1546,Visa,Debit,4030476430498489,07/2013,437,YES,2,2181,01/2010,2011,No,2010-01-01,24121,93.23154,92.73154,93.23154,16323.08,12.0,93.23154,92.73154,93.23154,False,48,43.3,-71.33,19781,40336,4,New Hampshire,NH,Northeast,True,38.0,30–39,$19k–$23k,$37k–$45k,4,Debit,Visa debit,2010,Extra card,,$0k–$12k
6024,1546,Visa,Debit (Prepaid),4985729409791181,07/2011,408,YES,2,78,12/2010,2011,No,2010-12-01,24132,0.0,0.0,23.14292,3015.84,8.0,0.0,0.0,23.14292,False,48,43.3,-71.33,19781,40336,4,New Hampshire,NH,Northeast,True,39.0,30–39,$19k–$23k,$37k–$45k,4,Prepaid,Visa prepaid,2010,Extra card,,
4390,519,Mastercard,Debit (Prepaid),5483130582779116,05/2020,139,YES,2,65,08/2012,2012,No,2012-08-01,24152,0.0,0.0,55.90736,3680.72,12.0,0.0,0.0,55.90736,False,57,36.14,-115.03,19377,39508,4,Nevada,NV,West,True,50.0,50–59,$19k–$23k,$37k–$45k,4,Prepaid,Mastercard prepaid,2012,Extra card,,
3555,519,Visa,Debit (Prepaid),4031459906447373,04/2018,0,YES,1,72,06/2012,2012,No,2012-06-01,24150,0.0,0.0,56.75262,3943.24,12.0,0.0,0.0,56.75262,False,57,36.14,-115.03,19377,39508,4,Nevada,NV,West,True,49.0,40–49,$19k–$23k,$37k–$45k,4,Prepaid,Visa prepaid,2012,Extra card,,
3173,519,Mastercard,Debit,5608799929769385,01/2024,653,YES,2,18526,05/2016,2016,No,2016-05-01,24197,65.03365,65.03365,65.03365,11065.3,12.0,65.03365,65.03365,65.03365,False,57,36.14,-115.03,19377,39508,4,Nevada,NV,West,True,53.0,50–59,$19k–$23k,$37k–$45k,4,Debit,Mastercard debit,2016,Extra card,,$16k–$20k
5211,1133,Visa,Debit,4332848097947146,05/2019,247,YES,2,12512,10/2010,2012,No,2010-10-01,24130,67.588225,61.648225,67.588225,11694.45,12.0,67.588225,61.648225,67.588225,False,30,43.11,-77.8,22855,46599,4,New York,NY,Northeast,True,21.0,Under 30,$23k–$28k,$45k–$58k,4,Debit,Visa debit,2010,Extra card,,$12k–$16k
5233,582,Mastercard,Debit,5000642222050149,01/2016,949,YES,1,19536,10/2011,2014,No,2011-10-01,24142,112.85642,99.58642,112.85642,32255.84,12.0,112.85642,99.58642,112.85642,False,53,41.36,-85.23,19236,39222,3,Indiana,IN,Midwest,True,45.0,40–49,$19k–$23k,$37k–$45k,3,Debit,Mastercard debit,2011,Extra card,,$16k–$20k
3634,582,Visa,Credit,4880127142903322,05/2024,582,NO,2,12500,06/2018,2018,No,2018-06-01,24222,523.94724,467.06724,523.94724,32078.18,12.0,523.94724,467.06724,523.94724,False,53,41.36,-85.23,19236,39222,3,Indiana,IN,Midwest,True,51.0,50–59,$19k–$23k,$37k–$45k,3,Credit,Visa credit,2018,Extra card,$11k–$15k,
6131,821,Amex,Credit,340249970172495,07/2024,789,YES,1,3900,12/2017,2017,No,2017-12-01,24216,122.49576,122.49576,122.49576,8487.32,12.0,217.49576,217.49576,217.49576,False,73,29.76,-95.38,12434,18015,2,Texas,TX,South,True,71.0,70+,$0k–$16k,$0k–$30k,2,Credit,Amex credit,2017,Extra card,$0k–$6k,
4807,1997,Mastercard,Debit,5974521557482725,08/2020,89,YES,1,25048,09/2011,2011,No,2011-09-01,24141,20.355245,19.535245,20.355245,5117.49,12.0,20.355245,19.535245,20.355245,False,76,44.92,-93.4,39155,38800,7,Minnesota,MN,Midwest,True,68.0,60–69,$28k–$163k,$37k–$45k,6+,Debit,Mastercard debit,2011,Extra card,,$20k–$27k
3613,851,Visa,Credit,4453479289853591,01/2020,438,YES,2,8100,06/2016,2016,No,2016-06-01,24198,250.94178,190.82178,250.94178,15400.21,12.0,250.94178,190.82178,250.94178,False,88,38.21,-85.23,19620,31399,4,Kentucky,KY,South,True,84.0,70+,$19k–$23k,$30k–$37k,4,Credit,Visa credit,2016,Extra card,$6k–$9k,
1241,851,Visa,Credit,4484651040009268,04/2023,400,YES,2,8900,02/2010,2010,No,2010-02-01,24122,478.7712,389.8512,478.7712,30611.4,12.0,478.7712,389.8512,478.7712,False,88,38.21,-85.23,19620,31399,4,Kentucky,KY,South,True,78.0,70+,$19k–$23k,$30k–$37k,4,Credit,Visa credit,2010,Extra card,$9k–$11k,
4337,972,Visa,Credit,4613780379002622,10/2021,881,YES,1,15800,08/2010,2012,No,2010-08-01,24128,431.90694,411.02694,431.90694,35961.83,12.0,431.90694,411.02694,431.90694,False,35,31.84,-106.43,24608,50177,4,Texas,TX,South,True,26.0,Under 30,$23k–$28k,$45k–$58k,4,Credit,Visa credit,2010,Extra card,$15k–$98k,
6052,972,Visa,Credit,4349828024185765,11/2020,209,YES,1,16800,12/2011,2011,No,2011-12-01,24144,212.78232,195.50232,212.78232,17317.24,12.0,212.78232,195.50232,212.78232,False,35,31.84,-106.43,24608,50177,4,Texas,TX,South,True,27.0,Under 30,$23k–$28k,$45k–$58k,4,Credit,Visa credit,2011,Extra card,$15k–$98k,
5689,972,Visa,Credit,4030101439693866,12/2022,924,NO,2,2600,11/2013,2013,No,2013-11-01,24167,115.4979,101.8179,115.4979,10110.55,12.0,115.4979,101.8179,115.4979,False,35,31.84,-106.43,24608,50177,4,Texas,TX,South,True,29.0,Under 30,$23k–$28k,$45k–$58k,4,Credit,Visa credit,2013,Extra card,$0k–$6k,
3047,1243,Mastercard,Credit,5688444191664896,06/2023,723,YES,1,7300,05/2010,2011,No,2010-05-01,24125,622.6812,597.4812000000001,622.6812,36341.4,12.0,622.6812,597.4812000000001,622.6812,False,31,40.27,-76.88,17110,34884,5,Pennsylvania,PA,Northeast,True,21.0,Under 30,$16k–$19k,$30k–$37k,5,Credit,Mastercard credit,2010,Extra card,$6k–$9k,
3928,1243,Mastercard,Debit,5145746225869385,02/2014,37,NO,2,4072,07/2010,2010,No,2010-07-01,24127,51.244805,49.654805,51.244805,14977.61,12.0,51.244805,49.654805,51.244805,False,31,40.27,-76.88,17110,34884,5,Pennsylvania,PA,Northeast,True,21.0,Under 30,$16k–$19k,$30k–$37k,5,Debit,Mastercard debit,2010,Extra card,,$0k–$12k
2327,1976,Mastercard,Debit,5905144281673763,02/2020,324,YES,1,17767,03/2014,2014,No,2014-03-01,24171,82.291235,82.001235,82.291235,27794.47,12.0,82.291235,82.001235,82.291235,False,33,39.61,-76.85,27906,56897,5,Maryland,MD,South,True,27.0,Under 30,$23k–$28k,$45k–$58k,5,Debit,Mastercard debit,2014,Extra card,,$16k–$20k
4847,1976,Mastercard,Debit (Prepaid),5376202172646612,11/2022,419,YES,1,57,09/2013,2013,No,2013-09-01,24165,0.0,0.0,56.9499,8899.8,12.0,0.0,0.0,56.9499,False,33,39.61,-76.85,27906,56897,5,Maryland,MD,South,True,27.0,Under 30,$23k–$28k,$45k–$58k,5,Prepaid,Mastercard prepaid,2013,Extra card,,
4338,1976,Visa,Debit,4078070579143813,05/2022,725,YES,1,23011,08/2010,2010,No,2010-08-01,24128,120.935125,120.395125,120.935125,36463.25,12.0,120.935125,120.395125,120.935125,False,33,39.61,-76.85,27906,56897,5,Maryland,MD,South,True,24.0,Under 30,$23k–$28k,$45k–$58k,5,Debit,Visa debit,2010,Extra card,,$20k–$27k
2735,1201,Visa,Debit,4563146572171391,12/2020,510,YES,2,38317,04/2014,2014,No,2014-04-01,24172,55.946085,53.296085,55.946085,22131.17,12.0,55.946085,53.296085,55.946085,False,60,42.36,-71.36,56632,115465,4,Massachusetts,MA,Northeast,True,54.0,50–59,$28k–$163k,$58k–$280k,4,Debit,Visa debit,2014,Extra card,,$27k–$138k
4793,1201,Visa,Debit,4423423702094848,11/2020,362,YES,1,40710,09/2010,2010,No,2010-09-01,24129,79.666375,76.536375,79.666375,33506.75,12.0,79.666375,76.536375,79.666375,False,60,42.36,-71.36,56632,115465,4,Massachusetts,MA,Northeast,True,51.0,50–59,$28k–$163k,$58k–$280k,4,Debit,Visa debit,2010,Extra card,,$27k–$138k
2744,1201,Mastercard,Debit,5614281662886512,12/2024,906,YES,2,61355,04/2015,2015,No,2015-04-01,24184,41.50549,40.10549,41.50549,15030.98,12.0,41.50549,40.10549,41.50549,False,60,42.36,-71.36,56632,115465,4,Massachusetts,MA,Northeast,True,55.0,50–59,$28k–$163k,$58k–$280k,4,Debit,Mastercard debit,2015,Extra card,,$27k–$138k
3576,1317,Mastercard,Credit,5765192294312489,03/2024,244,YES,2,6300,06/2014,2014,No,2014-06-01,24174,165.94344,163.42344,165.94344,10718.08,12.0,165.94344,163.42344,165.94344,False,41,39.39,-74.51,15157,30910,4,New Jersey,NJ,Northeast,True,35.0,30–39,$0k–$16k,$30k–$37k,4,Credit,Mastercard credit,2014,Extra card,$6k–$9k,
4909,1317,Mastercard,Debit,5049590350537184,12/2017,287,YES,1,12793,09/2017,2017,No,2017-09-01,24213,23.917645,23.457645,23.917645,2249.29,4.0,23.917645,23.457645,23.917645,False,41,39.39,-74.51,15157,30910,4,New Jersey,NJ,Northeast,True,39.0,30–39,$0k–$16k,$30k–$37k,4,Debit,Mastercard debit,2017,Extra card,,$12k–$16k
2638,662,Mastercard,Debit,5178588521108553,04/2021,647,YES,2,28747,04/2010,2010,No,2010-04-01,24124,298.262815,295.172815,298.262815,73107.63,12.0,298.262815,295.172815,298.262815,True,32,41.86,-88.06,42028,85694,2,Illinois,IL,Midwest,True,22.0,Under 30,$28k–$163k,$58k–$280k,2,Debit,Mastercard debit,2010,Customer's first card,,$27k–$138k
3092,662,Mastercard,Debit (Prepaid),5419683819223054,07/2021,690,YES,2,110,05/2011,2011,No,2011-05-01,24137,0.0,0.0,148.49241,25812.82,12.0,0.0,0.0,148.49241,False,32,41.86,-88.06,42028,85694,2,Illinois,IL,Midwest,True,23.0,Under 30,$28k–$163k,$58k–$280k,2,Prepaid,Mastercard prepaid,2011,Extra card,,
5998,847,Mastercard,Debit,5160679758487908,04/2015,716,YES,2,19629,12/2010,2011,No,2010-12-01,24132,84.663485,62.303485,84.663485,18201.97,12.0,84.663485,62.303485,84.663485,False,81,35.78,-95.24,18585,27864,6,Oklahoma,OK,South,True,72.0,70+,$16k–$19k,$0k–$30k,6+,Debit,Mastercard debit,2010,Extra card,,$16k–$20k
4404,1473,Mastercard,Debit,5144019472845640,03/2024,991,YES,1,16791,08/2013,2013,No,2013-08-01,24164,76.786755,76.786755,76.786755,18711.51,12.0,76.786755,76.786755,76.786755,False,51,37.04,-93.29,20316,41427,3,Missouri,MO,Midwest,True,45.0,40–49,$19k–$23k,$37k–$45k,3,Debit,Mastercard debit,2013,Extra card,,$16k–$20k
3156,1353,Visa,Debit,4092359255548687,07/2018,548,YES,1,22566,05/2014,2014,No,2014-05-01,24173,39.189454999999995,38.939454999999995,39.189454999999995,6847.91,12.0,39.189454999999995,38.939454999999995,39.189454999999995,False,50,40.46,-111.63,21232,43294,7,Utah,UT,West,True,44.0,40–49,$19k–$23k,$37k–$45k,6+,Debit,Visa debit,2014,Extra card,,$20k–$27k
5603,1670,Mastercard,Debit,5770348525427389,08/2020,914,NO,1,45782,11/2010,2015,No,2010-11-01,24131,59.25841,56.12841,59.25841,8950.82,12.0,59.25841,56.12841,59.25841,False,68,33.82,-118.11,32079,50184,4,California,CA,West,True,59.0,50–59,$28k–$163k,$45k–$58k,4,Debit,Mastercard debit,2010,Extra card,,$27k–$138k
3596,1776,Visa,Credit,4760959420776144,05/2021,81,YES,2,11100,06/2015,2015,No,2015-06-01,24186,1246.3704,1228.57326,1246.3704,96907.8,12.0,1246.3704,1228.57326,1246.3704,False,47,40.04,-82.12,21156,43133,3,Ohio,OH,Midwest,True,42.0,40–49,$19k–$23k,$37k–$45k,3,Credit,Visa credit,2015,Extra card,$9k–$11k,
2628,951,Amex,Credit,371780853319378,06/2021,461,YES,2,11000,04/2010,2010,No,2010-04-01,24124,106.25436,89.69436,106.25436,7210.02,12.0,201.25436,184.69436,201.25436,False,57,33.91,-118.23,13075,26664,4,California,CA,West,True,47.0,40–49,$0k–$16k,$0k–$30k,4,Credit,Amex credit,2010,Extra card,$9k–$11k,
2259,1818,Visa,Debit,4536093921633369,12/2023,783,YES,2,15817,03/2010,2013,No,2010-03-01,24123,138.74181,134.53181,138.74181,27352.62,12.0,138.74181,134.53181,138.74181,False,85,36.73,-76.04,29485,41843,3,Virginia,VA,South,True,75.0,70+,$28k–$163k,$37k–$45k,3,Debit,Visa debit,2010,Extra card,,$12k–$16k
367,1789,Mastercard,Debit,5969880085380237,03/2024,832,YES,1,12564,01/2018,2018,No,2018-01-01,24217,120.144655,117.484655,120.144655,23403.31,12.0,120.144655,117.484655,120.144655,False,40,38.22,-86.86,18898,38527,2,Indiana,IN,Midwest,True,38.0,30–39,$16k–$19k,$37k–$45k,2,Debit,Mastercard debit,2018,Extra card,,$12k–$16k
3577,678,Mastercard,Debit,5815197990139669,05/2024,528,YES,2,16703,06/2014,2014,No,2014-06-01,24174,99.81264,98.36264,99.81264,11225.28,12.0,99.81264,98.36264,99.81264,False,63,42.88,-78.85,14456,29477,4,New York,NY,Northeast,True,57.0,50–59,$0k–$16k,$0k–$30k,4,Debit,Mastercard debit,2014,Extra card,,$16k–$20k
3040,678,Discover,Credit,6863075164690679,11/2020,357,YES,2,7300,05/2010,2010,No,2010-05-01,24125,257.8401,244.1601,257.8401,17768.45,12.0,257.8401,244.1601,257.8401,True,63,42.88,-78.85,14456,29477,4,New York,NY,Northeast,True,53.0,50–59,$0k–$16k,$0k–$30k,4,Credit,Discover credit,2010,Customer's first card,$6k–$9k,
1300,678,Mastercard,Credit,5190363040476849,08/2022,377,YES,2,8600,02/2012,2012,No,2012-02-01,24146,147.56436,138.92436,147.56436,10229.02,12.0,147.56436,138.92436,147.56436,False,63,42.88,-78.85,14456,29477,4,New York,NY,Northeast,True,55.0,50–59,$0k–$16k,$0k–$30k,4,Credit,Mastercard credit,2012,Extra card,$6k–$9k,
3048,757,Mastercard,Debit,5604853881293164,02/2020,942,YES,2,12905,05/2010,2010,No,2010-05-01,24125,65.2641,43.6041,65.2641,18091.2,12.0,65.2641,43.6041,65.2641,False,62,40.64,-73.94,22674,46232,4,New York,NY,Northeast,True,52.0,50–59,$19k–$23k,$45k–$58k,4,Debit,Mastercard debit,2010,Extra card,,$12k–$16k
3947,757,Visa,Debit,4364504555846512,03/2024,787,YES,2,7616,07/2010,2010,No,2010-07-01,24127,65.404435,45.274435,65.404435,16324.87,12.0,65.404435,45.274435,65.404435,False,62,40.64,-73.94,22674,46232,4,New York,NY,Northeast,True,52.0,50–59,$19k–$23k,$45k–$58k,4,Debit,Visa debit,2010,Extra card,,$0k–$12k
1313,1603,Mastercard,Debit,5495606147026040,06/2024,810,YES,2,14223,02/2013,2013,No,2013-02-01,24158,131.32993,124.74993,131.32993,32394.86,12.0,131.32993,124.74993,131.32993,False,41,44.65,-114.15,19036,38812,4,Idaho,ID,West,True,34.0,30–39,$19k–$23k,$37k–$45k,4,Debit,Mastercard debit,2013,Extra card,,$12k–$16k
3969,808,Mastercard,Debit,5559631785400356,07/2024,138,YES,2,17042,07/2011,2011,No,2011-07-01,24139,128.76522,128.30522,128.76522,42098.44,12.0,128.76522,128.30522,128.76522,False,38,40.78,-73.24,17679,36045,3,New York,NY,Northeast,True,29.0,Under 30,$16k–$19k,$30k–$37k,3,Debit,Mastercard debit,2011,Extra card,,$16k–$20k
3516,808,Mastercard,Debit,5868987765320423,01/2024,849,YES,2,11930,06/2011,2011,No,2011-06-01,24138,163.54272,163.08272,163.54272,54357.44,12.0,163.54272,163.08272,163.54272,True,38,40.78,-73.24,17679,36045,3,New York,NY,Northeast,True,29.0,Under 30,$16k–$19k,$30k–$37k,3,Debit,Mastercard debit,2011,Customer's first card,,$12k–$16k
5722,1928,Mastercard,Credit,5503548049749435,02/2021,850,NO,1,14800,11/2016,2016,No,2016-11-01,24203,234.57456,210.09456,234.57456,14809.92,12.0,234.57456,210.09456,234.57456,False,56,45.79,-122.69,27308,55682,4,Washington,WA,West,True,53.0,50–59,$23k–$28k,$45k–$58k,4,Credit,Mastercard credit,2016,Extra card,$15k–$98k,
3635,1575,Visa,Debit (Prepaid),4323953877431034,05/2023,830,YES,3,74,06/2018,2018,No,2018-06-01,24222,0.0,0.0,157.76072499999998,13847.45,12.0,0.0,0.0,157.76072499999998,False,51,27.19,-82.49,28272,57646,4,Florida,FL,South,True,49.0,40–49,$23k–$28k,$45k–$58k,4,Prepaid,Visa prepaid,2018,Extra card,,
224,1575,Mastercard,Debit,5107151477861238,06/2021,365,YES,1,23016,01/2010,2010,No,2010-01-01,24121,215.27695,182.53695,215.27695,45196.9,12.0,215.27695,182.53695,215.27695,False,51,27.19,-82.49,28272,57646,4,Florida,FL,South,True,41.0,40–49,$23k–$28k,$45k–$58k,4,Debit,Mastercard debit,2010,Extra card,,$20k–$27k
4863,1916,Visa,Debit,4815373260593647,04/2018,733,YES,2,10211,09/2013,2013,No,2013-09-01,24165,39.630025,38.910025,39.630025,8257.05,12.0,39.630025,38.910025,39.630025,False,82,30.65,-84.69,15069,10142,7,Florida,FL,South,True,76.0,70+,$0k–$16k,$0k–$30k,6+,Debit,Visa debit,2013,Extra card,,$0k–$12k
2712,1176,Amex,Credit,337116884587546,09/2018,164,NO,2,13400,04/2013,2013,No,2013-04-01,24160,627.8274,523.4274,627.8274,38471.3,12.0,722.8274,618.4274,722.8274,False,39,37.94,-87.4,28126,57348,3,Indiana,IN,Midwest,True,32.0,30–39,$23k–$28k,$45k–$58k,3,Credit,Amex credit,2013,Extra card,$11k–$15k,
2629,1176,Amex,Credit,339154209082656,09/2010,909,YES,1,21700,04/2010,2010,No,2010-04-01,24124,327.12372,292.56372,327.12372,20848.54,6.0,422.12372,387.56372,422.12372,False,39,37.94,-87.4,28126,57348,3,Indiana,IN,Midwest,True,29.0,Under 30,$23k–$28k,$45k–$58k,3,Credit,Amex credit,2010,Extra card,$15k–$98k,
5270,1194,Mastercard,Debit,5489847637452263,05/2022,32,YES,2,19122,10/2013,2013,No,2013-10-01,24166,105.041085,103.031085,105.041085,13973.17,12.0,105.041085,103.031085,105.041085,False,49,35.06,-85.25,18658,38041,4,Tennessee,TN,South,True,43.0,40–49,$16k–$19k,$37k–$45k,4,Debit,Mastercard debit,2013,Extra card,,$16k–$20k
5999,1194,Mastercard,Debit,5312379293764300,06/2022,244,NO,2,17564,12/2010,2010,No,2010-12-01,24132,188.55978,180.28978,188.55978,29593.56,12.0,188.55978,180.28978,188.55978,False,49,35.06,-85.25,18658,38041,4,Tennessee,TN,South,True,40.0,40–49,$16k–$19k,$37k–$45k,4,Debit,Mastercard debit,2010,Extra card,,$16k–$20k
2724,580,Mastercard,Debit,5498308482575223,03/2021,952,YES,1,14471,04/2014,2014,No,2014-04-01,24172,184.45129,181.40129,184.45129,29714.58,12.0,184.45129,181.40129,184.45129,False,35,40.55,-84.57,18077,36857,3,Ohio,OH,Midwest,True,29.0,Under 30,$16k–$19k,$30k–$37k,3,Debit,Mastercard debit,2014,Extra card,,$12k–$16k
303,4,Visa,Debit,4980412921853275,04/2021,28,YES,2,27520,01/2012,2012,No,2012-01-01,24145,73.37146,73.11146,73.37146,11155.92,12.0,73.37146,73.11146,73.37146,False,54,47.61,-122.3,37485,76431,5,Washington,WA,West,True,46.0,40–49,$28k–$163k,$58k–$280k,5,Debit,Visa debit,2012,Extra card,,$27k–$138k
4848,530,Mastercard,Debit,5609056029992567,02/2020,7,YES,1,10970,09/2013,2013,No,2013-09-01,24165,81.049615,80.369615,81.049615,8185.23,12.0,81.049615,80.369615,81.049615,False,78,34.06,-117.39,14709,18100,6,California,CA,West,True,72.0,70+,$0k–$16k,$0k–$30k,6+,Debit,Mastercard debit,2013,Extra card,,$0k–$12k
3145,530,Mastercard,Debit,5955587375467605,07/2020,522,YES,2,11475,05/2014,2014,No,2014-05-01,24173,60.11972,58.97972,60.11972,7329.44,12.0,60.11972,58.97972,60.11972,False,78,34.06,-117.39,14709,18100,6,California,CA,West,True,72.0,70+,$0k–$16k,$0k–$30k,6+,Debit,Mastercard debit,2014,Extra card,,$0k–$12k
4021,530,Mastercard,Debit,5224140626818585,01/2017,329,YES,1,12031,07/2014,2014,No,2014-07-01,24175,58.3175,58.0875,58.3175,5064.0,12.0,58.3175,58.0875,58.3175,False,78,34.06,-117.39,14709,18100,6,California,CA,West,True,72.0,70+,$0k–$16k,$0k–$30k,6+,Debit,Mastercard debit,2014,Extra card,,$12k–$16k
3049,595,Mastercard,Debit,5268706720915465,07/2020,202,YES,1,18035,05/2010,2010,No,2010-05-01,24125,30.514764999999997,30.004765,30.514764999999997,8423.53,12.0,30.514764999999997,30.004765,30.514764999999997,False,79,36.5,-78.55,18100,29041,4,North Carolina,NC,South,True,69.0,60–69,$16k–$19k,$0k–$30k,4,Debit,Mastercard debit,2010,Extra card,,$16k–$20k
4423,1022,Discover,Credit,6315959001873783,04/2021,118,YES,1,6800,08/2014,2014,No,2014-08-01,24176,321.77538,123.41538,321.77538,18693.41,12.0,321.77538,123.41538,321.77538,False,47,34.98,-80.54,17595,35876,3,North Carolina,NC,South,True,42.0,40–49,$16k–$19k,$30k–$37k,3,Credit,Discover credit,2014,Extra card,$6k–$9k,
6075,246,Visa,Debit,4361392563969799,10/2023,417,YES,1,26110,12/2012,2012,No,2012-12-01,24156,34.15176,33.88176,34.15176,9332.52,12.0,34.15176,33.88176,34.15176,False,50,44.96,-93.26,40364,82298,4,Minnesota,MN,Midwest,True,43.0,40–49,$28k–$163k,$58k–$280k,4,Debit,Visa debit,2012,Extra card,,$20k–$27k
5626,1945,Visa,Credit,4335011442006835,07/2022,412,YES,1,9700,11/2010,2012,No,2010-11-01,24131,127.42974,122.02974,127.42974,8699.43,12.0,127.42974,122.02974,127.42974,False,56,34.72,-92.35,14736,30042,4,Arkansas,AR,South,True,47.0,40–49,$0k–$16k,$0k–$30k,4,Credit,Visa credit,2010,Extra card,$9k–$11k,
4018,1945,Amex,Credit,394151199374199,02/2020,175,YES,2,5900,07/2014,2014,No,2014-07-01,24175,76.96008,76.96008,76.96008,6223.5599999999995,12.0,171.96008,171.96008,171.96008,False,56,34.72,-92.35,14736,30042,4,Arkansas,AR,South,True,50.0,50–59,$0k–$16k,$0k–$30k,4,Credit,Amex credit,2014,Extra card,$0k–$6k,
3614,1945,Visa,Debit,4684821008065663,04/2021,164,YES,1,10318,06/2016,2016,No,2016-06-01,24198,33.074915,32.124915,33.074915,5975.83,12.0,33.074915,32.124915,33.074915,False,56,34.72,-92.35,14736,30042,4,Arkansas,AR,South,True,52.0,50–59,$0k–$16k,$0k–$30k,4,Debit,Visa debit,2016,Extra card,,$0k–$12k
3496,1540,Visa,Credit,4495172888223801,12/2023,269,YES,2,13200,06/2010,2011,No,2010-06-01,24126,537.77016,523.37016,537.77016,30989.120000000003,12.0,537.77016,523.37016,537.77016,False,55,39.33,-84.54,21992,44839,3,Ohio,OH,Midwest,True,45.0,40–49,$19k–$23k,$45k–$58k,3,Credit,Visa credit,2010,Extra card,$11k–$15k,
5324,629,Visa,Debit,4194422558945686,05/2018,208,NO,1,29793,10/2017,2017,No,2017-10-01,24214,20.31885,20.31885,20.31885,4097.7,8.0,20.31885,20.31885,20.31885,False,72,39.27,-76.83,39053,57513,5,Maryland,MD,South,True,70.0,70+,$28k–$163k,$45k–$58k,5,Debit,Visa debit,2017,Extra card,,$27k–$138k
2639,89,Mastercard,Debit,5250142801861718,02/2023,485,YES,2,9401,04/2010,2011,No,2010-04-01,24124,69.797375,67.317375,69.797375,10722.75,12.0,69.797375,67.317375,69.797375,False,35,32.27,-106.61,14822,30217,4,New Mexico,NM,West,True,25.0,Under 30,$0k–$16k,$0k–$30k,4,Debit,Mastercard debit,2010,Extra card,,$0k–$12k
2640,89,Mastercard,Debit,5291753153918147,07/2018,855,YES,1,9742,04/2010,2010,No,2010-04-01,24124,72.400845,69.920845,72.400845,11602.69,12.0,72.400845,69.920845,72.400845,False,35,32.27,-106.61,14822,30217,4,New Mexico,NM,West,True,25.0,Under 30,$0k–$16k,$0k–$30k,4,Debit,Mastercard debit,2010,Extra card,,$0k–$12k
3112,826,Amex,Credit,304617902043505,03/2017,382,YES,1,19400,05/2012,2012,No,2012-05-01,24149,145.81655999999998,129.97656,145.81655999999998,8796.92,12.0,240.81656,224.97656,240.81656,False,67,33.98,-83.88,26767,57705,3,Georgia,GA,South,True,59.0,50–59,$23k–$28k,$58k–$280k,3,Credit,Amex credit,2012,Extra card,$15k–$98k,
311,826,Mastercard,Debit,5496405569223399,11/2014,30,YES,1,23403,01/2013,2013,No,2013-01-01,24157,66.27276499999999,64.182765,66.27276499999999,12325.53,12.0,66.27276499999999,64.182765,66.27276499999999,False,67,33.98,-83.88,26767,57705,3,Georgia,GA,South,True,60.0,60–69,$23k–$28k,$58k–$280k,3,Debit,Mastercard debit,2013,Extra card,,$20k–$27k
3607,87,Mastercard,Debit,5210434230147620,06/2022,262,YES,2,20417,06/2016,2016,No,2016-06-01,24198,184.011145,138.25114499999998,184.011145,24760.29,12.0,184.011145,138.25114499999998,184.011145,False,58,26.13,-97.63,11844,24155,3,Texas,TX,South,True,54.0,50–59,$0k–$16k,$0k–$30k,3,Debit,Mastercard debit,2016,Extra card,,$20k–$27k
6118,1833,Mastercard,Debit,5198052110187452,01/2020,912,YES,1,16064,12/2016,2016,No,2016-12-01,24204,227.261885,217.181885,227.261885,48832.77,12.0,227.261885,217.181885,227.261885,False,27,35.58,-88.5,17179,35026,5,Tennessee,TN,South,True,24.0,Under 30,$16k–$19k,$30k–$37k,5,Debit,Mastercard debit,2016,Extra card,,$16k–$20k
2345,1833,Visa,Debit,4078898258495002,07/2015,929,YES,2,16386,03/2015,2015,No,2015-03-01,24183,104.765565,100.005565,104.765565,25511.129999999997,5.0,104.765565,100.005565,104.765565,True,27,35.58,-88.5,17179,35026,5,Tennessee,TN,South,True,22.0,Under 30,$16k–$19k,$30k–$37k,5,Debit,Visa debit,2015,Customer's first card,,$16k–$20k
4882,803,Mastercard,Debit,5918188974230799,01/2021,670,YES,1,20552,09/2015,2015,No,2015-09-01,24189,166.019825,160.669825,166.019825,30737.65,12.0,166.019825,160.669825,166.019825,False,69,37.53,-120.84,22799,46487,3,California,CA,West,True,65.0,60–69,$23k–$28k,$45k–$58k,3,Debit,Mastercard debit,2015,Extra card,,$20k–$27k
297,1686,Mastercard,Debit,5422337679062478,02/2024,976,YES,1,48003,01/2012,2012,No,2012-01-01,24145,222.45438,220.97438,222.45438,73269.76,12.0,222.45438,220.97438,222.45438,False,54,39.99,-105.09,30072,61312,3,Colorado,CO,West,True,46.0,40–49,$28k–$163k,$58k–$280k,3,Debit,Mastercard debit,2012,Extra card,,$27k–$138k
2328,1371,Mastercard,Credit,5282316108928795,04/2023,378,YES,1,13900,03/2014,2014,No,2014-03-01,24171,245.7459,237.8259,245.7459,13806.55,12.0,245.7459,237.8259,245.7459,False,86,21.41,-157.79,24516,49529,6,Hawaii,HI,West,False,80.0,70+,$23k–$28k,$45k–$58k,6+,Credit,Mastercard credit,2014,Extra card,$11k–$15k,
3117,1371,Mastercard,Debit,5739342319047051,02/2020,749,YES,2,23807,05/2012,2012,No,2012-05-01,24149,82.02329499999999,81.183295,82.02329499999999,8883.59,12.0,82.02329499999999,81.183295,82.02329499999999,False,86,21.41,-157.79,24516,49529,6,Hawaii,HI,West,False,78.0,70+,$23k–$28k,$45k–$58k,6+,Debit,Mastercard debit,2012,Extra card,,$20k–$27k
4059,1371,Visa,Debit (Prepaid),4025636893394293,06/2021,112,NO,2,140,07/2017,2017,No,2017-07-01,24211,0.0,0.0,33.619485,2502.97,12.0,0.0,0.0,33.619485,False,86,21.41,-157.79,24516,49529,6,Hawaii,HI,West,False,83.0,70+,$23k–$28k,$45k–$58k,6+,Prepaid,Visa prepaid,2017,Extra card,,
4446,1371,Mastercard,Debit,5969443034028028,12/2024,783,YES,2,26329,08/2015,2015,No,2015-08-01,24188,54.69481,54.69481,54.69481,5068.62,12.0,54.69481,54.69481,54.69481,False,86,21.41,-157.79,24516,49529,6,Hawaii,HI,West,False,82.0,70+,$23k–$28k,$45k–$58k,6+,Debit,Mastercard debit,2015,Extra card,,$20k–$27k
3929,1371,Mastercard,Debit,5572820991241224,09/2023,178,NO,1,25224,07/2010,2011,No,2010-07-01,24127,148.73712,148.17712,148.73712,15575.24,12.0,148.73712,148.17712,148.73712,False,86,21.41,-157.79,24516,49529,6,Hawaii,HI,West,False,76.0,70+,$23k–$28k,$45k–$58k,6+,Debit,Mastercard debit,2010,Extra card,,$20k–$27k
4387,1067,Discover,Credit,6276276211895289,12/2020,681,YES,2,8500,08/2012,2012,No,2012-08-01,24152,163.5975,160.7175,163.5975,9196.75,12.0,163.5975,160.7175,163.5975,False,76,37.54,-97.25,24531,41790,5,Kansas,KS,Midwest,True,69.0,60–69,$23k–$28k,$37k–$45k,5,Credit,Discover credit,2012,Extra card,$6k–$9k,
4794,1019,Visa,Debit,4811603557913131,10/2024,994,YES,1,4386,09/2010,2016,No,2010-09-01,24129,54.351105,53.351105,54.351105,9914.21,12.0,54.351105,53.351105,54.351105,False,81,34.09,-117.96,15775,29928,4,California,CA,West,True,72.0,70+,$0k–$16k,$0k–$30k,4,Debit,Visa debit,2010,Extra card,,$0k–$12k
6025,1568,Visa,Credit,4165611178865695,07/2023,388,YES,1,13000,12/2010,2012,No,2010-12-01,24132,538.72704,524.68704,538.72704,32345.28,12.0,538.72704,524.68704,538.72704,False,47,40.67,-73.39,21077,42976,3,New York,NY,Northeast,True,38.0,30–39,$19k–$23k,$37k–$45k,3,Credit,Visa credit,2010,Extra card,$11k–$15k,
4808,1765,Mastercard,Credit,5529087189553039,10/2023,242,NO,1,7500,09/2011,2011,No,2011-09-01,24141,518.18346,446.18346,518.18346,32024.97,12.0,518.18346,446.18346,518.18346,False,40,33.46,-82.5,15755,32126,3,Georgia,GA,South,True,32.0,30–39,$0k–$16k,$30k–$37k,3,Credit,Mastercard credit,2011,Extra card,$6k–$9k,
4376,1765,Visa,Debit,4874991494846383,09/2011,140,YES,2,18042,08/2011,2011,No,2011-08-01,24140,15.95656,14.606559999999998,15.95656,3542.12,2.0,15.95656,14.606559999999998,15.95656,False,40,33.46,-82.5,15755,32126,3,Georgia,GA,South,True,32.0,30–39,$0k–$16k,$30k–$37k,3,Debit,Visa debit,2011,Extra card,,$16k–$20k
5731,1875,Mastercard,Debit,5208237598527230,08/2018,261,YES,2,13694,11/2017,2017,No,2017-11-01,24215,43.731715,42.131715,43.731715,11281.43,10.0,43.731715,42.131715,43.731715,False,56,40.89,-81.58,22170,45202,4,Ohio,OH,Midwest,True,54.0,50–59,$19k–$23k,$45k–$58k,4,Debit,Mastercard debit,2017,Extra card,,$12k–$16k
5263,659,Visa,Debit (Prepaid),4060923248609933,08/2018,596,YES,1,96,10/2012,2012,No,2012-10-01,24154,0.0,0.0,55.090755,6777.51,12.0,0.0,0.0,55.090755,False,57,38.73,-86.47,15981,32583,7,Indiana,IN,Midwest,True,50.0,50–59,$16k–$19k,$30k–$37k,6+,Prepaid,Visa prepaid,2012,Extra card,,
5304,659,Mastercard,Debit,5310596598623892,04/2017,141,NO,1,14977,10/2015,2015,No,2015-10-01,24190,37.312905,36.582905,37.312905,5175.81,12.0,37.312905,36.582905,37.312905,False,57,38.73,-86.47,15981,32583,7,Indiana,IN,Midwest,True,53.0,50–59,$16k–$19k,$30k–$37k,6+,Debit,Mastercard debit,2015,Extra card,,$12k–$16k
4864,659,Visa,Debit,4623542302475012,11/2019,482,YES,2,17649,09/2013,2013,No,2013-09-01,24165,49.94189,48.45189,49.94189,8535.78,12.0,49.94189,48.45189,49.94189,False,57,38.73,-86.47,15981,32583,7,Indiana,IN,Midwest,True,51.0,50–59,$16k–$19k,$30k–$37k,6+,Debit,Visa debit,2013,Extra card,,$16k–$20k
5658,659,Visa,Debit,4494703150961667,02/2021,363,YES,1,10538,11/2011,2011,No,2011-11-01,24143,80.558725,76.35872499999999,80.558725,12660.45,12.0,80.558725,76.35872499999999,80.558725,False,57,38.73,-86.47,15981,32583,7,Indiana,IN,Midwest,True,49.0,40–49,$16k–$19k,$30k–$37k,6+,Debit,Visa debit,2011,Extra card,,$0k–$12k
3174,942,Mastercard,Debit,5253617024037347,11/2022,224,YES,2,27720,05/2016,2016,No,2016-05-01,24197,77.14794499999999,76.607945,77.14794499999999,14586.89,12.0,77.14794499999999,76.607945,77.14794499999999,False,37,30.3,-90.97,29006,59139,4,Louisiana,LA,South,True,33.0,30–39,$28k–$163k,$58k–$280k,4,Debit,Mastercard debit,2016,Extra card,,$27k–$138k
2670,942,Amex,Credit,376110023635089,05/2023,593,YES,1,20800,04/2011,2013,No,2011-04-01,24136,700.31448,671.51448,700.31448,42545.36,12.0,795.31448,766.51448,795.31448,False,37,30.3,-90.97,29006,59139,4,Louisiana,LA,South,True,28.0,Under 30,$28k–$163k,$58k–$280k,4,Credit,Amex credit,2011,Extra card,$15k–$98k,
2772,942,Visa,Credit,4309882951597541,10/2022,139,YES,2,5300,04/2017,2017,No,2017-04-01,24208,316.19484,306.83484,316.19484,19571.38,12.0,316.19484,306.83484,316.19484,False,37,30.3,-90.97,29006,59139,4,Louisiana,LA,South,True,34.0,30–39,$28k–$163k,$58k–$280k,4,Credit,Visa credit,2017,Extra card,$0k–$6k,
3143,1156,Discover,Credit,6822627615926082,08/2022,344,NO,1,2500,05/2014,2014,No,2014-05-01,24173,351.41184000000004,321.17184000000003,351.41184000000004,21403.88,12.0,351.41184000000004,321.17184000000003,351.41184000000004,False,56,40.74,-74.33,137428,280199,5,New Jersey,NJ,Northeast,True,50.0,50–59,$28k–$163k,$58k–$280k,5,Credit,Discover credit,2014,Extra card,$0k–$6k,
6053,561,Visa,Debit,4295691183724130,12/2022,78,YES,1,16531,12/2011,2011,No,2011-12-01,24144,73.07301,69.263845,73.07301,8629.02,12.0,73.07301,69.263845,73.07301,False,48,40.8,-91.12,18076,36853,5,Iowa,IA,Midwest,True,40.0,40–49,$16k–$19k,$30k–$37k,5,Debit,Visa debit,2011,Extra card,,$16k–$20k
2716,561,Mastercard,Debit (Prepaid),5918296616309874,05/2024,983,YES,1,69,04/2013,2013,No,2013-04-01,24160,0.0,0.0,50.33168,5160.360000000001,12.0,0.0,0.0,50.33168,False,48,40.8,-91.12,18076,36853,5,Iowa,IA,Midwest,True,41.0,40–49,$16k–$19k,$30k–$37k,5,Prepaid,Mastercard prepaid,2013,Extra card,,
6119,561,Mastercard,Debit,5051979533646210,08/2021,72,YES,1,14054,12/2016,2016,No,2016-12-01,24204,45.502425,42.882425,45.502425,5095.85,12.0,45.502425,42.882425,45.502425,False,48,40.8,-91.12,18076,36853,5,Iowa,IA,Midwest,True,45.0,40–49,$16k–$19k,$30k–$37k,5,Debit,Mastercard debit,2016,Extra card,,$12k–$16k
3608,113,Mastercard,Credit,5263770459718869,10/2021,775,YES,2,14200,06/2016,2016,No,2016-06-01,24198,477.94842000000006,464.62842,477.94842000000006,27679.69,12.0,477.94842000000006,464.62842,477.94842000000006,False,74,32.86,-97.21,26016,39003,5,Texas,TX,South,True,70.0,70+,$23k–$28k,$37k–$45k,5,Credit,Mastercard credit,2016,Extra card,$11k–$15k,
304,1039,Visa,Credit,4015655705133748,01/2020,144,YES,2,4900,01/2012,2012,No,2012-01-01,24145,492.2289,261.4689,492.2289,27805.05,12.0,492.2289,261.4689,492.2289,False,68,34.04,-118.21,12349,11566,4,California,CA,West,True,60.0,60–69,$0k–$16k,$0k–$30k,4,Credit,Visa credit,2012,Extra card,$0k–$6k,
6026,176,Visa,Debit (Prepaid),4787366069867365,12/2019,787,YES,2,57,12/2010,2017,No,2010-12-01,24132,0.0,0.0,40.69142,3461.84,12.0,0.0,0.0,40.69142,False,45,33.74,-84.31,25586,52172,4,Georgia,GA,South,True,36.0,30–39,$23k–$28k,$45k–$58k,4,Prepaid,Visa prepaid,2010,Extra card,,
4768,1104,Mastercard,Credit,5708794034518412,04/2024,59,NO,1,8600,09/2010,2012,No,2010-09-01,24129,678.3350399999999,674.01504,678.3350399999999,41382.28,12.0,678.3350399999999,674.01504,678.3350399999999,False,91,26.23,-80.13,18266,40141,6,Florida,FL,South,True,82.0,70+,$16k–$19k,$37k–$45k,6+,Credit,Mastercard credit,2010,Extra card,$6k–$9k,
4849,1104,Mastercard,Credit,5882977035145192,10/2021,491,YES,2,11400,09/2013,2013,No,2013-09-01,24165,327.44646,326.00646,327.44646,19718.47,12.0,327.44646,326.00646,327.44646,False,91,26.23,-80.13,18266,40141,6,Florida,FL,South,True,85.0,70+,$16k–$19k,$37k–$45k,6+,Credit,Mastercard credit,2013,Extra card,$11k–$15k,
3994,1104,Mastercard,Debit,5229188034672607,12/2012,135,YES,2,19695,07/2012,2012,No,2012-07-01,24151,40.46431,39.80431,40.46431,8658.62,7.0,40.46431,39.80431,40.46431,False,91,26.23,-80.13,18266,40141,6,Florida,FL,South,True,83.0,70+,$16k–$19k,$37k–$45k,6+,Debit,Mastercard debit,2012,Extra card,,$16k–$20k
5297,946,Visa,Credit,4489171973874626,09/2020,973,YES,2,8700,10/2014,2014,No,2014-10-01,24178,146.31156,142.71156000000002,146.31156,9167.42,12.0,146.31156,142.71156000000002,146.31156,False,48,40.31,-79.38,19486,39733,4,Pennsylvania,PA,Northeast,True,43.0,40–49,$19k–$23k,$37k–$45k,4,Credit,Visa credit,2014,Extra card,$9k–$11k,
1350,571,Amex,Credit,398280185520858,11/2015,89,YES,2,7200,02/2015,2015,No,2015-02-01,24182,397.31796,378.95796,397.31796,24005.22,10.0,492.31796,473.95796,492.31796,False,42,39.46,-77.96,18003,36711,4,West Virginia,WV,South,True,37.0,30–39,$16k–$19k,$30k–$37k,4,Credit,Amex credit,2015,Extra card,$6k–$9k,
312,571,Mastercard,Debit,5611435574657615,02/2023,150,YES,2,13019,01/2013,2013,No,2013-01-01,24157,166.691135,162.861135,166.691135,28550.27,12.0,166.691135,162.861135,166.691135,False,42,39.46,-77.96,18003,36711,4,West Virginia,WV,South,True,35.0,30–39,$16k–$19k,$30k–$37k,4,Debit,Mastercard debit,2013,Extra card,,$12k–$16k
4047,571,Visa,Debit,4401126536336200,11/2023,42,YES,1,16647,07/2016,2016,No,2016-07-01,24199,124.01181,122.09181,124.01181,19733.62,12.0,124.01181,122.09181,124.01181,False,42,39.46,-77.96,18003,36711,4,West Virginia,WV,South,True,38.0,30–39,$16k–$19k,$30k–$37k,4,Debit,Visa debit,2016,Extra card,,$16k–$20k
3948,520,Visa,Debit,4719754046419733,09/2024,990,NO,2,1587,07/2010,2013,No,2010-07-01,24127,39.92406,38.41406,39.92406,4843.12,12.0,39.92406,38.41406,39.92406,False,45,40.26,-75.74,28278,57658,5,Pennsylvania,PA,Northeast,True,35.0,30–39,$23k–$28k,$58k–$280k,5,Debit,Visa debit,2010,Extra card,,$0k–$12k
2659,520,Visa,Debit,4594555086793748,10/2022,454,YES,2,28156,04/2010,2010,No,2010-04-01,24124,45.92796,44.69796,45.92796,6053.92,12.0,45.92796,44.69796,45.92796,False,45,40.26,-75.74,28278,57658,5,Pennsylvania,PA,Northeast,True,35.0,30–39,$23k–$28k,$58k–$280k,5,Debit,Visa debit,2010,Extra card,,$27k–$138k
4396,1979,Visa,Credit,4813172947971800,05/2017,550,YES,1,14200,08/2012,2012,No,2012-08-01,24152,342.27396,330.39396,342.27396,21156.22,12.0,342.27396,330.39396,342.27396,False,38,26.37,-80.1,31706,64647,4,Florida,FL,South,True,31.0,30–39,$28k–$163k,$58k–$280k,4,Credit,Visa credit,2012,Extra card,$11k–$15k,
5691,1253,Visa,Debit,4792077988071121,08/2020,969,YES,1,39764,11/2013,2013,No,2013-11-01,24167,114.074835,112.814835,114.074835,27598.67,12.0,114.074835,112.814835,114.074835,False,32,41.44,-73.04,28814,58749,6,Connecticut,CT,Northeast,True,26.0,Under 30,$28k–$163k,$58k–$280k,6+,Debit,Visa debit,2013,Extra card,,$27k–$138k
2248,1253,Mastercard,Debit,5498290106887759,03/2016,927,NO,1,29637,03/2010,2010,No,2010-03-01,24123,146.26699,143.95699,146.26699,39870.98,12.0,146.26699,143.95699,146.26699,False,32,41.44,-73.04,28814,58749,6,Connecticut,CT,Northeast,True,22.0,Under 30,$28k–$163k,$58k–$280k,6+,Debit,Mastercard debit,2010,Extra card,,$27k–$138k
4869,311,Amex,Credit,398921295633424,01/2024,659,YES,2,6600,09/2014,2014,No,2014-09-01,24177,178.06212,129.10212,178.06212,12759.34,12.0,273.06212,224.10212,273.06212,False,46,37.18,-113.6,14470,29510,4,Utah,UT,West,True,41.0,40–49,$0k–$16k,$0k–$30k,4,Credit,Amex credit,2014,Extra card,$6k–$9k,
1282,852,Visa,Credit,4373234712011855,01/2020,735,YES,2,4400,02/2011,2011,No,2011-02-01,24134,225.44352,212.48352,225.44352,18414.64,12.0,225.44352,212.48352,225.44352,False,35,29.82,-82.59,19693,40156,3,Florida,FL,South,True,26.0,Under 30,$19k–$23k,$37k–$45k,3,Credit,Visa credit,2011,Extra card,$0k–$6k,
4039,1394,Visa,Credit,4812870507989207,06/2020,393,YES,2,8500,07/2015,2015,No,2015-07-01,24187,439.62822,427.02822,439.62822,26404.79,12.0,439.62822,427.02822,439.62822,False,30,38.63,-90.24,28373,57853,4,Missouri,MO,Midwest,True,25.0,Under 30,$23k–$28k,$58k–$280k,4,Credit,Visa credit,2015,Extra card,$6k–$9k,
3468,1394,Mastercard,Debit,5542638681640102,06/2016,555,YES,1,19597,06/2010,2010,No,2010-06-01,24126,201.672165,198.942165,201.672165,40494.33,12.0,201.672165,198.942165,201.672165,True,30,38.63,-90.24,28373,57853,4,Missouri,MO,Midwest,True,20.0,Under 30,$23k–$28k,$58k–$280k,4,Debit,Mastercard debit,2010,Customer's first card,,$16k–$20k
6027,1394,Visa,Debit,4365836294015490,09/2021,569,YES,1,51504,12/2010,2010,No,2010-12-01,24132,143.97010999999998,142.51011,143.97010999999998,35659.22,12.0,143.97010999999998,142.51011,143.97010999999998,False,30,38.63,-90.24,28373,57853,4,Missouri,MO,Midwest,True,21.0,Under 30,$23k–$28k,$58k–$280k,4,Debit,Visa debit,2010,Extra card,,$27k–$138k
3984,515,Visa,Debit,4170871321743414,09/2023,676,YES,2,27053,07/2011,2011,No,2011-07-01,24139,49.775805,45.965805,49.775805,5718.610000000001,12.0,49.775805,45.965805,49.775805,False,61,32.51,-94.76,20531,41865,4,Texas,TX,South,True,52.0,50–59,$19k–$23k,$37k–$45k,4,Debit,Visa debit,2011,Extra card,,$27k–$138k
2705,1303,Visa,Debit,4671850635889899,11/2020,859,YES,2,31662,04/2012,2012,No,2012-04-01,24148,16.258925,15.728925,16.258925,4244.85,12.0,16.258925,15.728925,16.258925,False,66,41.31,-81.85,30381,61937,7,Ohio,OH,Midwest,True,58.0,50–59,$28k–$163k,$58k–$280k,6+,Debit,Visa debit,2012,Extra card,,$27k–$138k
6000,1303,Mastercard,Credit,5219123186357731,06/2023,5,YES,1,18900,12/2010,2011,No,2010-12-01,24132,439.84908,438.04908,439.84908,26791.06,12.0,439.84908,438.04908,439.84908,False,66,41.31,-81.85,30381,61937,7,Ohio,OH,Midwest,True,57.0,50–59,$28k–$163k,$58k–$280k,6+,Credit,Mastercard credit,2010,Extra card,$15k–$98k,
6085,1303,Mastercard,Debit,5434239693376748,12/2022,501,YES,2,25292,12/2013,2013,No,2013-12-01,24168,13.43823,13.43823,13.43823,3909.46,12.0,13.43823,13.43823,13.43823,False,66,41.31,-81.85,30381,61937,7,Ohio,OH,Midwest,True,60.0,60–69,$28k–$163k,$58k–$280k,6+,Debit,Mastercard debit,2013,Extra card,,$20k–$27k
5641,1378,Amex,Credit,343796888595234,06/2020,130,YES,2,3100,11/2011,2011,No,2011-11-01,24143,226.43676,169.91676,226.43676,14134.82,12.0,321.43676,264.91676,321.43676,False,46,44.27,-88.34,20013,40810,4,Wisconsin,WI,Midwest,True,38.0,30–39,$19k–$23k,$37k–$45k,4,Credit,Amex credit,2011,Extra card,$0k–$6k,
283,1378,Visa,Debit,4686786422368480,08/2021,648,YES,1,21757,01/2011,2011,No,2011-01-01,24133,99.542435,74.742435,99.542435,16818.87,12.0,99.542435,74.742435,99.542435,False,46,44.27,-88.34,20013,40810,4,Wisconsin,WI,Midwest,True,37.0,30–39,$19k–$23k,$37k–$45k,4,Debit,Visa debit,2011,Extra card,,$20k–$27k
319,1727,Visa,Debit,4304585079155855,10/2013,340,YES,1,19636,01/2013,2013,No,2013-01-01,24157,144.907215,142.017215,144.907215,34107.43,10.0,144.907215,142.017215,144.907215,False,46,34.0,-81.03,23917,48762,6,South Carolina,SC,South,True,39.0,30–39,$23k–$28k,$45k–$58k,6+,Debit,Visa debit,2013,Extra card,,$16k–$20k
1379,1727,Mastercard,Debit (Prepaid),5000846807980564,07/2024,345,YES,3,102,02/2018,2018,No,2018-02-01,24218,0.0,0.0,200.77252,40293.04,12.0,0.0,0.0,200.77252,False,46,34.0,-81.03,23917,48762,6,South Carolina,SC,South,True,44.0,40–49,$23k–$28k,$45k–$58k,6+,Prepaid,Mastercard prepaid,2018,Extra card,,
5329,1727,Mastercard,Debit,5655027232477390,09/2022,848,YES,2,21218,10/2018,2018,No,2018-10-01,24226,146.692985,142.99298499999998,146.692985,35129.97,12.0,146.692985,142.99298499999998,146.692985,False,46,34.0,-81.03,23917,48762,6,South Carolina,SC,South,True,45.0,40–49,$23k–$28k,$45k–$58k,6+,Debit,Mastercard debit,2018,Extra card,,$20k–$27k
4918,1727,Visa,Debit,4602706416826257,03/2021,862,YES,2,27066,09/2018,2018,No,2018-09-01,24225,139.47813,137.13813,139.47813,36866.26,12.0,139.47813,137.13813,139.47813,False,46,34.0,-81.03,23917,48762,6,South Carolina,SC,South,True,45.0,40–49,$23k–$28k,$45k–$58k,6+,Debit,Visa debit,2018,Extra card,,$27k–$138k
2341,1283,Mastercard,Debit,5418596356337176,06/2015,899,YES,1,24111,03/2015,2015,No,2015-03-01,24183,46.075615,43.875615,46.075615,10015.23,4.0,46.075615,43.875615,46.075615,False,50,45.64,-122.37,31226,63673,4,Washington,WA,West,True,45.0,40–49,$28k–$163k,$58k–$280k,4,Debit,Mastercard debit,2015,Extra card,,$20k–$27k
5305,1283,Mastercard,Debit,5930575507132281,06/2023,751,YES,1,34839,10/2015,2015,No,2015-10-01,24190,130.02865,124.92865,130.02865,30759.300000000003,12.0,130.02865,124.92865,130.02865,False,50,45.64,-122.37,31226,63673,4,Washington,WA,West,True,46.0,40–49,$28k–$163k,$58k–$280k,4,Debit,Mastercard debit,2015,Extra card,,$27k–$138k
3469,1283,Mastercard,Credit,5293527173763220,04/2023,542,YES,1,12800,06/2010,2012,No,2010-06-01,24126,604.5175800000001,576.79758,604.5175800000001,37948.310000000005,12.0,604.5175800000001,576.79758,604.5175800000001,False,50,45.64,-122.37,31226,63673,4,Washington,WA,West,True,40.0,40–49,$28k–$163k,$58k–$280k,4,Credit,Mastercard credit,2010,Extra card,$11k–$15k,
1243,1239,Visa,Debit,4488660162981931,06/2023,852,YES,1,14295,02/2010,2010,No,2010-02-01,24122,76.51861,73.92860999999999,76.51861,9287.22,12.0,76.51861,73.92860999999999,76.51861,False,34,33.78,-117.93,18679,38081,4,California,CA,West,True,24.0,Under 30,$16k–$19k,$37k–$45k,4,Debit,Visa debit,2010,Extra card,,$12k–$16k
225,1078,Mastercard,Debit,5792661772040761,10/2023,862,YES,2,18092,01/2010,2015,No,2010-01-01,24121,141.80955,141.55955,141.80955,41265.1,12.0,141.80955,141.55955,141.80955,False,56,40.6,-88.98,28237,57576,2,Illinois,IL,Midwest,True,46.0,40–49,$23k–$28k,$45k–$58k,2,Debit,Mastercard debit,2010,Extra card,,$16k–$20k
4397,124,Visa,Debit,4886036634951653,04/2023,841,YES,1,12639,08/2012,2012,No,2012-08-01,24152,93.635865,89.355865,93.635865,12264.73,12.0,93.635865,89.355865,93.635865,False,31,34.6,-98.42,16829,34311,4,Oklahoma,OK,South,True,24.0,Under 30,$16k–$19k,$30k–$37k,4,Debit,Visa debit,2012,Extra card,,$12k–$16k
4022,124,Mastercard,Debit,5208111902646302,12/2021,143,YES,1,13482,07/2014,2014,No,2014-07-01,24175,48.12654,47.06654,48.12654,5157.08,12.0,48.12654,47.06654,48.12654,False,31,34.6,-98.42,16829,34311,4,Oklahoma,OK,South,True,25.0,Under 30,$16k–$19k,$30k–$37k,4,Debit,Mastercard debit,2014,Extra card,,$12k–$16k
3050,124,Mastercard,Debit,5683051566552763,03/2024,924,YES,1,13022,05/2010,2010,No,2010-05-01,24125,153.28183,147.14183,153.28183,21192.66,12.0,153.28183,147.14183,153.28183,True,31,34.6,-98.42,16829,34311,4,Oklahoma,OK,South,True,21.0,Under 30,$16k–$19k,$30k–$37k,4,Debit,Mastercard debit,2010,Customer's first card,,$12k–$16k
2725,124,Mastercard,Debit,5024398810633935,02/2020,575,NO,2,23999,04/2014,2014,No,2014-04-01,24172,62.81229,60.902289999999994,62.81229,7423.58,12.0,62.81229,60.902289999999994,62.81229,False,31,34.6,-98.42,16829,34311,4,Oklahoma,OK,South,True,25.0,Under 30,$16k–$19k,$30k–$37k,4,Debit,Mastercard debit,2014,Extra card,,$20k–$27k
5251,1223,Visa,Debit,4239806874218454,11/2011,564,YES,2,86262,10/2011,2011,No,2011-10-01,24142,22.933524999999996,22.933524999999996,22.933524999999996,15057.05,2.0,22.933524999999996,22.933524999999996,22.933524999999996,False,53,41.8,-87.92,92938,189490,3,Illinois,IL,Midwest,True,45.0,40–49,$28k–$163k,$58k–$280k,3,Debit,Visa debit,2011,Extra card,,$27k–$138k
369,575,Mastercard,Debit,5313945757861658,09/2018,764,YES,1,25121,01/2018,2018,No,2018-01-01,24217,42.041275,41.781275,42.041275,8090.55,9.0,42.041275,41.781275,42.041275,False,84,40.15,-74.85,23207,26476,5,Pennsylvania,PA,Northeast,True,82.0,70+,$23k–$28k,$0k–$30k,5,Debit,Mastercard debit,2018,Extra card,,$20k–$27k
5278,575,Visa,Credit,4506945480857983,05/2023,476,YES,2,6800,10/2013,2013,No,2013-10-01,24166,199.42074,190.06074,199.42074,12488.93,12.0,199.42074,190.06074,199.42074,False,84,40.15,-74.85,23207,26476,5,Pennsylvania,PA,Northeast,True,78.0,70+,$23k–$28k,$0k–$30k,5,Credit,Visa credit,2013,Extra card,$6k–$9k,
4360,575,Mastercard,Credit,5891397747740840,12/2013,198,YES,2,15100,08/2011,2011,No,2011-08-01,24140,159.96006,150.7518,159.96006,9978.67,12.0,159.96006,150.7518,159.96006,False,84,40.15,-74.85,23207,26476,5,Pennsylvania,PA,Northeast,True,76.0,70+,$23k–$28k,$0k–$30k,5,Credit,Mastercard credit,2011,Extra card,$15k–$98k,
1351,428,Amex,Credit,340213655737651,11/2024,108,YES,2,8800,02/2015,2015,No,2015-02-01,24182,1106.38926,1069.0578,1106.38926,66231.07,12.0,1201.38926,1164.0578,1201.38926,False,39,42.99,-71.45,27706,56486,2,New Hampshire,NH,Northeast,True,34.0,30–39,$23k–$28k,$45k–$58k,2,Credit,Amex credit,2015,Extra card,$9k–$11k,
3126,828,Visa,Credit,4073585160932951,05/2023,635,YES,2,4100,05/2012,2012,No,2012-05-01,24149,499.55058,460.67058,499.55058,29996.81,12.0,499.55058,460.67058,499.55058,False,59,29.45,-98.5,17609,35906,3,Texas,TX,South,True,51.0,50–59,$16k–$19k,$30k–$37k,3,Credit,Visa credit,2012,Extra card,$0k–$6k,
221,846,Amex,Credit,371624685132627,10/2022,297,YES,2,18400,01/2010,2015,No,2010-01-01,24121,474.77646,474.77646,474.77646,28783.47,12.0,569.77646,569.77646,569.77646,False,48,41.26,-96.01,33232,67761,4,Nebraska,NE,Midwest,True,38.0,30–39,$28k–$163k,$58k–$280k,4,Credit,Amex credit,2010,Extra card,$15k–$98k,
4838,335,Visa,Debit,4680510288921428,09/2013,217,YES,2,25307,09/2012,2012,No,2012-09-01,24153,127.277755,118.837755,127.277755,39103.51,12.0,127.277755,118.837755,127.277755,False,46,26.74,-80.12,27696,56467,3,Florida,FL,South,True,39.0,30–39,$23k–$28k,$45k–$58k,3,Debit,Visa debit,2012,Extra card,,$20k–$27k
353,335,Mastercard,Debit,5039380212110238,07/2020,830,YES,1,34385,01/2016,2016,No,2016-01-01,24193,128.98632999999998,122.05633,128.98632999999998,33967.66,12.0,128.98632999999998,122.05633,128.98632999999998,False,46,26.74,-80.12,27696,56467,3,Florida,FL,South,True,42.0,40–49,$23k–$28k,$45k–$58k,3,Debit,Mastercard debit,2016,Extra card,,$27k–$138k
4877,639,Visa,Credit,4433520087348350,11/2021,303,YES,2,12400,09/2014,2014,No,2014-09-01,24177,484.57908,416.89908,484.57908,30614.06,12.0,484.57908,416.89908,484.57908,False,55,41.12,-83.01,18462,37645,4,Ohio,OH,Midwest,True,50.0,50–59,$16k–$19k,$37k–$45k,4,Credit,Visa credit,2014,Extra card,$11k–$15k,
4833,639,Mastercard,Debit,5653383391642965,05/2024,280,YES,2,14850,09/2012,2012,No,2012-09-01,24153,161.09001,157.40000999999998,161.09001,21912.02,12.0,161.09001,157.40000999999998,161.09001,False,55,41.12,-83.01,18462,37645,4,Ohio,OH,Midwest,True,48.0,40–49,$16k–$19k,$37k–$45k,4,Debit,Mastercard debit,2012,Extra card,,$12k–$16k
2320,581,Visa,Debit,4997480551334716,09/2023,51,YES,2,11885,03/2013,2013,No,2013-03-01,24159,62.25037,57.61037,62.25037,10565.74,12.0,62.25037,57.61037,62.25037,False,48,29.99,-90.24,14696,29962,3,Louisiana,LA,South,True,41.0,40–49,$0k–$16k,$0k–$30k,3,Debit,Visa debit,2013,Extra card,,$0k–$12k
5659,731,Visa,Debit,4778187080028211,01/2024,74,YES,2,6781,11/2011,2011,No,2011-11-01,24143,91.05807,80.69807,91.05807,32327.14,12.0,91.05807,80.69807,91.05807,True,31,40.32,-118.2,18734,38193,3,Nevada,NV,West,True,23.0,Under 30,$16k–$19k,$37k–$45k,3,Debit,Visa debit,2011,Customer's first card,,$0k–$12k
2745,21,Mastercard,Debit,5977475805952055,06/2015,815,YES,2,13383,04/2015,2015,No,2015-04-01,24184,19.16876,18.41876,19.16876,3465.52,3.0,19.16876,18.41876,19.16876,False,48,39.47,-87.38,21131,43084,3,Indiana,IN,Midwest,True,43.0,40–49,$19k–$23k,$37k–$45k,3,Debit,Mastercard debit,2015,Extra card,,$12k–$16k
4769,21,Mastercard,Debit (Prepaid),5491556655486869,05/2023,226,YES,1,58,09/2010,2010,No,2010-09-01,24129,0.0,0.0,74.37747999999999,6835.96,12.0,0.0,0.0,74.37747999999999,False,48,39.47,-87.38,21131,43084,3,Indiana,IN,Midwest,True,39.0,30–39,$19k–$23k,$37k–$45k,3,Prepaid,Mastercard prepaid,2010,Extra card,,
4067,63,Mastercard,Debit (Prepaid),5570187893542298,07/2024,610,YES,1,66,07/2018,2018,No,2018-07-01,24223,0.0,0.0,65.266345,4191.69,12.0,0.0,0.0,65.266345,False,40,40.72,-74.17,17370,35418,6,New Jersey,NJ,Northeast,True,38.0,30–39,$16k–$19k,$30k–$37k,6+,Prepaid,Mastercard prepaid,2018,Extra card,,
270,103,Mastercard,Debit,5593047322938366,02/2020,697,YES,1,15023,01/2011,2011,No,2011-01-01,24133,23.325895,22.515895,23.325895,4720.79,12.0,23.325895,22.515895,23.325895,False,41,35.82,-78.65,17056,34774,5,North Carolina,NC,South,True,32.0,30–39,$16k–$19k,$30k–$37k,5,Debit,Mastercard debit,2011,Extra card,,$12k–$16k
3930,103,Mastercard,Debit,5260164218460494,12/2014,234,YES,2,17667,07/2010,2011,No,2010-07-01,24127,24.1066,22.5566,24.1066,6628.2,12.0,24.1066,22.5566,24.1066,False,41,35.82,-78.65,17056,34774,5,North Carolina,NC,South,True,31.0,30–39,$16k–$19k,$30k–$37k,5,Debit,Mastercard debit,2010,Extra card,,$16k–$20k
5681,1193,Visa,Debit,4933381182408329,11/2020,961,YES,1,34013,11/2012,2012,No,2012-11-01,24155,92.45362,91.90362,92.45362,15048.24,12.0,92.45362,91.90362,92.45362,False,90,41.69,-73.92,27934,51717,5,New York,NY,Northeast,True,83.0,70+,$23k–$28k,$45k–$58k,5,Debit,Visa debit,2012,Extra card,,$27k–$138k
4023,1193,Mastercard,Debit,5896188747962564,12/2022,194,YES,1,38290,07/2014,2014,No,2014-07-01,24175,72.4594,71.4194,72.4594,10477.8,12.0,72.4594,71.4194,72.4594,False,90,41.69,-73.92,27934,51717,5,New York,NY,Northeast,True,84.0,70+,$23k–$28k,$45k–$58k,5,Debit,Mastercard debit,2014,Extra card,,$27k–$138k
1283,1958,Visa,Debit (Prepaid),4015493899295533,04/2023,455,YES,1,62,02/2011,2011,No,2011-02-01,24134,0.0,0.0,55.497705,5005.41,12.0,0.0,0.0,55.497705,False,51,35.05,-78.87,18316,37346,5,North Carolina,NC,South,True,42.0,40–49,$16k–$19k,$37k–$45k,5,Prepaid,Visa prepaid,2011,Extra card,,
3578,1958,Mastercard,Debit,5331374110302611,08/2020,392,YES,1,17957,06/2014,2014,No,2014-06-01,24174,42.854525,42.014525,42.854525,6579.05,12.0,42.854525,42.014525,42.854525,False,51,35.05,-78.87,18316,37346,5,North Carolina,NC,South,True,45.0,40–49,$16k–$19k,$37k–$45k,5,Debit,Mastercard debit,2014,Extra card,,$16k–$20k
5720,744,Amex,Credit,397876125303268,04/2022,283,YES,1,14400,11/2016,2016,No,2016-11-01,24203,97.20756,84.60756,97.20756,6261.42,12.0,192.20756,179.60756,192.20756,False,58,25.77,-80.2,21923,44699,5,Florida,FL,South,True,55.0,50–59,$19k–$23k,$45k–$58k,5,Credit,Amex credit,2016,Extra card,$11k–$15k,
2692,477,Mastercard,Credit,5573356132288877,02/2024,39,NO,2,14400,04/2012,2012,No,2012-04-01,24148,373.1022,347.9022,373.1022,23145.9,12.0,373.1022,347.9022,373.1022,False,57,44.75,-68.67,24259,49467,5,Maine,ME,Northeast,True,49.0,40–49,$23k–$28k,$45k–$58k,5,Credit,Mastercard credit,2012,Extra card,$11k–$15k,
3995,1731,Mastercard,Debit,5872752390879513,09/2020,772,YES,1,18244,07/2012,2012,No,2012-07-01,24151,16.84919,16.359189999999998,16.84919,3854.38,12.0,16.84919,16.359189999999998,16.84919,False,64,34.14,-117.45,23172,47242,6,California,CA,West,True,56.0,50–59,$23k–$28k,$45k–$58k,6+,Debit,Mastercard debit,2012,Extra card,,$16k–$20k
4888,1731,Visa,Debit (Prepaid),4662000840694246,09/2023,924,YES,2,81,09/2015,2015,No,2015-09-01,24189,0.0,0.0,10.66651,2174.02,12.0,0.0,0.0,10.66651,False,64,34.14,-117.45,23172,47242,6,California,CA,West,True,60.0,60–69,$23k–$28k,$45k–$58k,6+,Prepaid,Visa prepaid,2015,Extra card,,
3146,1915,Mastercard,Debit,5937648730770388,12/2024,903,YES,1,34453,05/2014,2014,No,2014-05-01,24173,57.18826,55.18826,57.18826,11363.52,12.0,57.18826,55.18826,57.18826,False,54,41.32,-74.18,25534,52062,4,New York,NY,Northeast,True,48.0,40–49,$23k–$28k,$45k–$58k,4,Debit,Mastercard debit,2014,Extra card,,$27k–$138k
2672,1882,Discover,Credit,6504367247289968,01/2019,580,YES,1,13600,04/2011,2011,No,2011-04-01,24136,438.23232,433.19232,438.23232,28201.24,12.0,438.23232,433.19232,438.23232,False,58,37.59,-122.06,29097,59322,3,California,CA,West,True,49.0,40–49,$28k–$163k,$58k–$280k,3,Credit,Discover credit,2011,Extra card,$11k–$15k,
3556,1467,Visa,Debit,4479897458047272,12/2024,411,YES,1,24498,06/2012,2012,No,2012-06-01,24150,297.952865,286.012865,297.952865,62482.73,12.0,297.952865,286.012865,297.952865,True,26,42.58,-83.14,26120,53254,1,Michigan,MI,Midwest,True,18.0,Under 30,$23k–$28k,$45k–$58k,1,Debit,Visa debit,2012,Customer's first card,,$20k–$27k
4795,636,Visa,Debit,4711994375142426,04/2022,577,YES,1,3915,09/2010,2010,No,2010-09-01,24129,41.640235,39.500235,41.640235,8058.47,12.0,41.640235,39.500235,41.640235,False,47,41.83,-87.68,11951,24372,4,Illinois,IL,Midwest,True,38.0,30–39,$0k–$16k,$0k–$30k,4,Debit,Visa debit,2010,Extra card,,$0k–$12k
4361,636,Mastercard,Debit,5673609398481611,02/2020,990,YES,1,1218,08/2011,2012,No,2011-08-01,24140,25.360615,24.880615,25.360615,5526.23,12.0,25.360615,24.880615,25.360615,False,47,41.83,-87.68,11951,24372,4,Illinois,IL,Midwest,True,39.0,30–39,$0k–$16k,$0k–$30k,4,Debit,Mastercard debit,2011,Extra card,,$0k–$12k
284,636,Visa,Debit,4071490746118665,07/2020,498,YES,1,12057,01/2011,2018,No,2011-01-01,24133,26.89654,25.93654,26.89654,7003.08,12.0,26.89654,25.93654,26.89654,False,47,41.83,-87.68,11951,24372,4,Illinois,IL,Midwest,True,38.0,30–39,$0k–$16k,$0k–$30k,4,Debit,Visa debit,2011,Extra card,,$12k–$16k
3051,782,Mastercard,Debit,5863102770923374,03/2024,62,NO,2,13055,05/2010,2010,No,2010-05-01,24125,144.715645,143.125645,144.715645,35015.29,12.0,144.715645,143.125645,144.715645,False,51,41.28,-84.36,18229,37169,3,Ohio,OH,Midwest,True,41.0,40–49,$16k–$19k,$37k–$45k,3,Debit,Mastercard debit,2010,Extra card,,$12k–$16k
1211,1192,Mastercard,Debit,5303411542373680,10/2023,305,YES,1,2001,02/2010,2018,No,2010-02-01,24122,181.45102,175.12102,181.45102,23273.04,12.0,181.45102,175.12102,181.45102,True,44,44.22,-93.44,19630,40026,1,Minnesota,MN,Midwest,True,34.0,30–39,$19k–$23k,$37k–$45k,1,Debit,Mastercard debit,2010,Customer's first card,,$0k–$12k
3103,869,Visa,Debit,4705406456208642,04/2022,542,YES,2,19792,05/2011,2011,No,2011-05-01,24137,35.338735,33.448735,35.338735,8226.470000000001,12.0,35.338735,33.448735,35.338735,False,73,33.85,-84.22,22682,34220,5,Georgia,GA,South,True,64.0,60–69,$19k–$23k,$30k–$37k,5,Debit,Visa debit,2011,Extra card,,$16k–$20k
3104,869,Visa,Debit (Prepaid),4751613092399340,09/2024,600,YES,2,76,05/2011,2011,No,2011-05-01,24137,0.0,0.0,31.21381,4024.62,12.0,0.0,0.0,31.21381,False,73,33.85,-84.22,22682,34220,5,Georgia,GA,South,True,64.0,60–69,$19k–$23k,$30k–$37k,5,Prepaid,Visa prepaid,2011,Extra card,,
4405,869,Mastercard,Debit,5176023312287835,10/2023,444,YES,1,19811,08/2013,2013,No,2013-08-01,24164,28.74446,27.08446,28.74446,6442.92,12.0,28.74446,27.08446,28.74446,False,73,33.85,-84.22,22682,34220,5,Georgia,GA,South,True,67.0,60–69,$19k–$23k,$30k–$37k,5,Debit,Mastercard debit,2013,Extra card,,$16k–$20k
3517,869,Mastercard,Debit,5737557443858194,11/2020,462,YES,2,17602,06/2011,2011,No,2011-06-01,24138,44.26105,42.59105,44.26105,12327.1,12.0,44.26105,42.59105,44.26105,False,73,33.85,-84.22,22682,34220,5,Georgia,GA,South,True,64.0,60–69,$19k–$23k,$30k–$37k,5,Debit,Mastercard debit,2011,Extra card,,$16k–$20k
1245,721,Visa,Credit,4024411952428035,04/2022,865,YES,1,11900,02/2010,2014,No,2010-02-01,24122,74.81268,68.69268,74.81268,5132.26,12.0,74.81268,68.69268,74.81268,False,39,25.77,-80.2,18828,38386,6,Florida,FL,South,True,29.0,Under 30,$16k–$19k,$37k–$45k,6+,Credit,Visa credit,2010,Extra card,$11k–$15k,
3949,721,Visa,Credit,4472564488537917,12/2018,194,NO,2,2000,07/2010,2010,No,2010-07-01,24127,93.3741,93.3741,93.3741,5972.45,12.0,93.3741,93.3741,93.3741,False,39,25.77,-80.2,18828,38386,6,Florida,FL,South,True,29.0,Under 30,$16k–$19k,$37k–$45k,6+,Credit,Visa credit,2010,Extra card,$0k–$6k,
4426,721,Mastercard,Debit,5869951817550274,09/2023,672,YES,2,12827,08/2014,2014,No,2014-08-01,24176,78.457865,77.69786500000001,78.457865,6689.73,12.0,78.457865,77.69786500000001,78.457865,False,39,25.77,-80.2,18828,38386,6,Florida,FL,South,True,34.0,30–39,$16k–$19k,$37k–$45k,6+,Debit,Mastercard debit,2014,Extra card,,$12k–$16k
4377,721,Visa,Credit,4650428198678080,10/2011,741,YES,2,6700,08/2011,2011,No,2011-08-01,24140,13.58514,13.58514,13.58514,982.73,3.0,13.58514,13.58514,13.58514,False,39,25.77,-80.2,18828,38386,6,Florida,FL,South,True,31.0,30–39,$16k–$19k,$37k–$45k,6+,Credit,Visa credit,2011,Extra card,$6k–$9k,
342,1028,Amex,Credit,355983307821258,10/2023,647,NO,2,14600,01/2015,2015,No,2015-01-01,24181,500.78718,485.66718,500.78718,29747.51,12.0,595.78718,580.6671799999999,595.78718,False,50,41.83,-87.68,39789,81122,5,Illinois,IL,Midwest,True,45.0,40–49,$28k–$163k,$58k–$280k,5,Credit,Amex credit,2015,Extra card,$15k–$98k,
4770,549,Mastercard,Credit,5045264762203417,12/2022,83,NO,1,12600,09/2010,2012,No,2010-09-01,24129,243.66996,243.66996,243.66996,15477.22,12.0,243.66996,243.66996,243.66996,False,51,33.3,-111.74,30557,62304,4,Arizona,AZ,West,True,42.0,40–49,$28k–$163k,$58k–$280k,4,Credit,Mastercard credit,2010,Extra card,$11k–$15k,
4467,549,Amex,Credit,305358883388381,02/2020,712,YES,2,7100,08/2018,2018,No,2018-08-01,24224,252.03006,252.03006,252.03006,15569.67,12.0,347.03006000000005,347.03006000000005,347.03006000000005,False,51,33.3,-111.74,30557,62304,4,Arizona,AZ,West,True,50.0,50–59,$28k–$163k,$58k–$280k,4,Credit,Amex credit,2018,Extra card,$6k–$9k,
1314,565,Mastercard,Debit,5122535818803524,11/2020,15,NO,1,18090,02/2013,2013,No,2013-02-01,24158,148.878495,102.968495,148.878495,32380.99,12.0,148.878495,102.968495,148.878495,False,54,32.98,-96.89,21381,43598,4,Texas,TX,South,True,47.0,40–49,$19k–$23k,$37k–$45k,4,Debit,Mastercard debit,2013,Extra card,,$16k–$20k
4071,565,Visa,Debit,4125650435743087,09/2024,385,NO,1,16080,07/2018,2018,No,2018-07-01,24223,76.03253,55.68253,76.03253,16693.06,12.0,76.03253,55.68253,76.03253,False,54,32.98,-96.89,21381,43598,4,Texas,TX,South,True,52.0,50–59,$19k–$23k,$37k–$45k,4,Debit,Visa debit,2018,Extra card,,$16k–$20k
3175,565,Mastercard,Debit,5971222369856302,08/2024,849,NO,1,17599,05/2016,2016,No,2016-05-01,24197,110.580165,79.670165,110.580165,24868.33,12.0,110.580165,79.670165,110.580165,False,54,32.98,-96.89,21381,43598,4,Texas,TX,South,True,50.0,50–59,$19k–$23k,$37k–$45k,4,Debit,Mastercard debit,2016,Extra card,,$16k–$20k
3579,1494,Mastercard,Debit,5975842385182413,09/2024,596,YES,2,10726,06/2014,2014,No,2014-06-01,24174,116.42827,116.42827,116.42827,15429.54,12.0,116.42827,116.42827,116.42827,True,26,26.14,-80.13,14191,28931,4,Florida,FL,South,True,20.0,Under 30,$0k–$16k,$0k–$30k,4,Debit,Mastercard debit,2014,Customer's first card,,$0k–$12k
2340,1494,Discover,Credit,6256655285791156,01/2020,723,YES,2,4400,03/2015,2015,No,2015-03-01,24183,170.07623999999998,170.07623999999998,170.07623999999998,10081.68,12.0,170.07623999999998,170.07623999999998,170.07623999999998,False,26,26.14,-80.13,14191,28931,4,Florida,FL,South,True,21.0,Under 30,$0k–$16k,$0k–$30k,4,Credit,Discover credit,2015,Extra card,$0k–$6k,
4026,1809,Visa,Credit,4993554379679385,05/2021,872,YES,1,14600,07/2014,2014,No,2014-07-01,24175,306.64152,282.16152,306.64152,18808.64,12.0,306.64152,282.16152,306.64152,False,42,38.81,-77.72,35905,73208,6,Virginia,VA,South,True,36.0,30–39,$28k–$163k,$58k–$280k,6+,Credit,Visa credit,2014,Extra card,$15k–$98k,
370,1809,Mastercard,Debit (Prepaid),5654819097107073,01/2019,842,YES,1,94,01/2018,2018,No,2018-01-01,24217,0.0,0.0,67.645805,7408.610000000001,12.0,0.0,0.0,67.645805,False,42,38.81,-77.72,35905,73208,6,Virginia,VA,South,True,40.0,40–49,$28k–$163k,$58k–$280k,6+,Prepaid,Mastercard prepaid,2018,Extra card,,
1338,1809,Mastercard,Debit,5396886931773520,08/2024,7,YES,1,27308,02/2014,2014,No,2014-02-01,24170,81.99897,81.20897,81.99897,11197.94,12.0,81.99897,81.20897,81.99897,False,42,38.81,-77.72,35905,73208,6,Virginia,VA,South,True,36.0,30–39,$28k–$163k,$58k–$280k,6+,Debit,Mastercard debit,2014,Extra card,,$27k–$138k
3078,637,Visa,Debit,4769992479242564,08/2012,572,YES,2,3864,05/2010,2015,No,2010-05-01,24125,69.27579,68.50579,69.27579,15948.579999999998,12.0,69.27579,68.50579,69.27579,False,42,40.98,-74.06,37908,77288,4,New Jersey,NJ,Northeast,True,32.0,30–39,$28k–$163k,$58k–$280k,4,Debit,Visa debit,2010,Extra card,,$0k–$12k
6054,1770,Visa,Debit,4357425484787569,05/2022,368,YES,1,5024,12/2011,2012,No,2011-12-01,24144,205.61133,196.65133,205.61133,37560.66,12.0,205.61133,196.65133,205.61133,True,30,26.61,-80.05,18415,37544,4,Florida,FL,South,True,22.0,Under 30,$16k–$19k,$37k–$45k,4,Debit,Visa debit,2011,Customer's first card,,$0k–$12k
5264,1770,Visa,Credit,4908479439696234,12/2017,597,YES,1,0,10/2012,2012,No,2012-10-01,24154,341.36982,307.16982,341.36982,19976.99,12.0,341.36982,307.16982,341.36982,False,30,26.61,-80.05,18415,37544,4,Florida,FL,South,True,23.0,Under 30,$16k–$19k,$37k–$45k,4,Credit,Visa credit,2012,Extra card,$0k–$6k,
3147,1459,Mastercard,Credit,5890992850865874,08/2014,901,YES,1,4000,05/2014,2014,No,2014-05-01,24173,31.0401,26.0001,31.0401,3067.45,4.0,31.0401,26.0001,31.0401,False,53,35.11,-106.62,15385,31369,3,New Mexico,NM,West,True,47.0,40–49,$0k–$16k,$30k–$37k,3,Credit,Mastercard credit,2014,Extra card,$0k–$6k,
352,1544,Amex,Credit,391180215396039,02/2022,329,YES,2,4400,01/2016,2016,No,2016-01-01,24193,777.65688,773.33688,777.65688,43986.16,12.0,872.65688,868.33688,872.65688,False,36,40.1,-84.62,16351,33339,2,Ohio,OH,Midwest,True,32.0,30–39,$16k–$19k,$30k–$37k,2,Credit,Amex credit,2016,Extra card,$0k–$6k,
3137,1544,Visa,Debit,4875181033970231,01/2020,251,YES,1,16017,05/2013,2013,No,2013-05-01,24161,284.08572499999997,282.165725,284.08572499999997,72701.45,12.0,284.08572499999997,282.165725,284.08572499999997,True,36,40.1,-84.62,16351,33339,2,Ohio,OH,Midwest,True,29.0,Under 30,$16k–$19k,$30k–$37k,2,Debit,Visa debit,2013,Customer's first card,,$16k–$20k
6040,112,Mastercard,Debit,5640702051187580,05/2020,931,YES,1,16320,12/2011,2011,No,2011-12-01,24144,117.64104,116.59104,117.64104,13357.08,12.0,117.64104,116.59104,117.64104,False,54,43.98,-75.6,17220,35114,5,New York,NY,Northeast,True,46.0,40–49,$16k–$19k,$30k–$37k,5,Debit,Mastercard debit,2011,Extra card,,$16k–$20k
4398,112,Visa,Debit,4992803371205194,12/2023,569,YES,2,13060,08/2012,2012,No,2012-08-01,24152,102.656165,102.396165,102.656165,12843.33,12.0,102.656165,102.396165,102.656165,False,54,43.98,-75.6,17220,35114,5,New York,NY,Northeast,True,47.0,40–49,$16k–$19k,$30k–$37k,5,Debit,Visa debit,2012,Extra card,,$12k–$16k
4339,112,Visa,Debit,4630099263440870,06/2021,412,YES,2,10517,08/2010,2014,No,2010-08-01,24128,189.89726,186.47725999999997,189.89726,26470.52,12.0,189.89726,186.47725999999997,189.89726,False,54,43.98,-75.6,17220,35114,5,New York,NY,Northeast,True,45.0,40–49,$16k–$19k,$30k–$37k,5,Debit,Visa debit,2010,Extra card,,$0k–$12k
3470,112,Mastercard,Debit,5374280583814639,12/2024,56,NO,2,13245,06/2010,2012,No,2010-06-01,24126,215.991155,213.381155,215.991155,28883.31,12.0,215.991155,213.381155,215.991155,False,54,43.98,-75.6,17220,35114,5,New York,NY,Northeast,True,44.0,40–49,$16k–$19k,$30k–$37k,5,Debit,Mastercard debit,2010,Extra card,,$12k–$16k
2779,369,Mastercard,Debit (Prepaid),5156265505747462,12/2023,637,YES,1,72,04/2018,2018,No,2018-04-01,24220,0.0,0.0,55.18847,6864.94,12.0,0.0,0.0,55.18847,False,39,38.22,-85.74,25258,51499,4,Kentucky,KY,South,True,37.0,30–39,$23k–$28k,$45k–$58k,4,Prepaid,Mastercard prepaid,2018,Extra card,,
4008,994,Mastercard,Debit,5105306234690030,07/2021,820,YES,1,12917,07/2013,2013,No,2013-07-01,24163,26.036865,24.276865,26.036865,4066.73,12.0,26.036865,24.276865,26.036865,False,85,40.09,-74.21,13006,9795,7,New Jersey,NJ,Northeast,True,78.0,70+,$0k–$16k,$0k–$30k,6+,Debit,Mastercard debit,2013,Extra card,,$12k–$16k
5285,1029,Discover,Credit,6303613152539126,09/2021,328,YES,1,3600,10/2014,2014,No,2014-10-01,24178,345.49812000000003,339.73812000000004,345.49812000000003,21499.34,12.0,345.49812000000003,339.73812000000004,345.49812000000003,False,66,27.9,-81.97,17944,36589,3,Florida,FL,South,True,61.0,60–69,$16k–$19k,$30k–$37k,3,Credit,Discover credit,2014,Extra card,$0k–$6k,
3471,1029,Mastercard,Debit,5986920336497205,09/2023,114,NO,2,15894,06/2010,2010,No,2010-06-01,24126,66.22804,65.46804,66.22804,20873.38,12.0,66.22804,65.46804,66.22804,False,66,27.9,-81.97,17944,36589,3,Florida,FL,South,True,56.0,50–59,$16k–$19k,$30k–$37k,3,Debit,Mastercard debit,2010,Extra card,,$12k–$16k
5325,1680,Visa,Debit,4632545212498675,08/2023,330,YES,2,21439,10/2017,2017,No,2017-10-01,24214,208.114545,205.644545,208.114545,44293.09,12.0,208.114545,205.644545,208.114545,True,59,27.95,-82.48,28916,58959,2,Florida,FL,South,True,57.0,50–59,$28k–$163k,$58k–$280k,2,Debit,Visa debit,2017,Customer's first card,,$20k–$27k
2333,494,Visa,Credit,4633191730342522,07/2023,779,YES,2,12700,03/2014,2014,No,2014-03-01,24171,389.0133,383.9733,389.0133,26238.85,12.0,389.0133,383.9733,389.0133,False,39,39.09,-76.85,27635,56347,3,Maryland,MD,South,True,33.0,30–39,$23k–$28k,$45k–$58k,3,Credit,Visa credit,2014,Extra card,$11k–$15k,
3931,425,Mastercard,Debit,5551364240063147,02/2021,192,YES,1,43673,07/2010,2011,No,2010-07-01,24127,183.79906,182.74906,183.79906,46487.119999999995,12.0,183.79906,182.74906,183.79906,False,38,36.46,-121.82,29174,59482,4,California,CA,West,True,28.0,Under 30,$28k–$163k,$58k–$280k,4,Debit,Mastercard debit,2010,Extra card,,$27k–$138k
6133,425,Mastercard,Debit,5309902802047025,02/2020,972,YES,1,43973,12/2017,2017,No,2017-12-01,24216,106.195725,105.655725,106.195725,22452.45,12.0,106.195725,105.655725,106.195725,False,38,36.46,-121.82,29174,59482,4,California,CA,West,True,36.0,30–39,$28k–$163k,$58k–$280k,4,Debit,Mastercard debit,2017,Extra card,,$27k–$138k
4447,425,Mastercard,Debit,5293051567146083,05/2018,166,YES,1,28069,08/2015,2015,No,2015-08-01,24188,140.047665,138.74766499999998,140.047665,36451.33,12.0,140.047665,138.74766499999998,140.047665,False,38,36.46,-121.82,29174,59482,4,California,CA,West,True,34.0,30–39,$28k–$163k,$58k–$280k,4,Debit,Mastercard debit,2015,Extra card,,$27k–$138k
2642,1699,Mastercard,Debit (Prepaid),5899056864789405,01/2020,49,YES,1,70,04/2010,2010,No,2010-04-01,24124,0.0,0.0,46.392219999999995,5301.44,12.0,0.0,0.0,46.392219999999995,False,67,37.42,-121.94,51631,52929,7,California,CA,West,True,57.0,50–59,$28k–$163k,$45k–$58k,6+,Prepaid,Mastercard prepaid,2010,Extra card,,
4437,1699,Visa,Debit,4913546275337010,10/2020,412,YES,1,31896,08/2014,2014,No,2014-08-01,24176,48.462505,48.222505,48.462505,10441.01,12.0,48.462505,48.222505,48.462505,False,67,37.42,-121.94,51631,52929,7,California,CA,West,True,62.0,60–69,$28k–$163k,$45k–$58k,6+,Debit,Visa debit,2014,Extra card,,$27k–$138k
5593,1699,Amex,Credit,304049639672368,10/2015,923,YES,2,19300,11/2010,2010,No,2010-11-01,24131,425.13696,423.6969600000001,425.13696,26914.72,12.0,520.13696,518.69696,520.13696,False,67,37.42,-121.94,51631,52929,7,California,CA,West,True,58.0,50–59,$28k–$163k,$45k–$58k,6+,Credit,Amex credit,2010,Extra card,$15k–$98k,
3531,1495,Visa,Debit,4211342868154020,04/2019,108,YES,1,42241,06/2011,2012,No,2011-06-01,24138,80.24719499999999,80.24719499999999,80.24719499999999,16949.39,12.0,80.24719499999999,80.24719499999999,80.24719499999999,False,52,39.77,-86.14,31114,63433,7,Indiana,IN,Midwest,True,43.0,40–49,$28k–$163k,$58k–$280k,6+,Debit,Visa debit,2011,Extra card,,$27k–$138k
1284,1973,Visa,Debit,4175483090792339,04/2021,147,YES,2,13202,02/2011,2011,No,2011-02-01,24134,37.760955,36.730955,37.760955,11750.91,12.0,37.760955,36.730955,37.760955,False,58,34.87,-85.5,15950,32520,4,Georgia,GA,South,True,49.0,40–49,$16k–$19k,$30k–$37k,4,Debit,Visa debit,2011,Extra card,,$12k–$16k
2342,1973,Mastercard,Debit (Prepaid),5368860011761099,03/2020,207,YES,2,78,03/2015,2015,No,2015-03-01,24183,0.0,0.0,21.285185,3717.37,12.0,0.0,0.0,21.285185,False,58,34.87,-85.5,15950,32520,4,Georgia,GA,South,True,53.0,50–59,$16k–$19k,$30k–$37k,4,Prepaid,Mastercard prepaid,2015,Extra card,,
2660,73,Visa,Credit,4813468957928983,03/2020,563,YES,1,14300,04/2010,2010,No,2010-04-01,24124,424.75356,366.43356,424.75356,25289.42,12.0,424.75356,366.43356,424.75356,False,48,41.71,-73.96,26227,53478,3,New York,NY,Northeast,True,38.0,30–39,$23k–$28k,$45k–$58k,3,Credit,Visa credit,2010,Extra card,$11k–$15k,
2720,73,Visa,Debit,4782359944930749,06/2024,12,NO,1,17252,04/2013,2013,No,2013-04-01,24160,85.116025,81.94602499999999,85.116025,19199.05,12.0,85.116025,81.94602499999999,85.116025,False,48,41.71,-73.96,26227,53478,3,New York,NY,Northeast,True,41.0,40–49,$23k–$28k,$45k–$58k,3,Debit,Visa debit,2013,Extra card,,$16k–$20k
4323,1097,Mastercard,Debit,5064803986712494,01/2022,477,YES,1,10445,08/2010,2010,No,2010-08-01,24128,65.23818,58.72818,65.23818,14298.36,12.0,65.23818,58.72818,65.23818,False,39,43.95,-86.44,15863,32343,3,Michigan,MI,Midwest,True,30.0,30–39,$16k–$19k,$30k–$37k,3,Debit,Mastercard debit,2010,Extra card,,$0k–$12k
4324,1097,Mastercard,Debit (Prepaid),5101374030372418,05/2011,237,YES,1,73,08/2010,2010,No,2010-08-01,24128,0.0,0.0,33.571745,3653.49,10.0,0.0,0.0,33.571745,False,39,43.95,-86.44,15863,32343,3,Michigan,MI,Midwest,True,30.0,30–39,$16k–$19k,$30k–$37k,3,Prepaid,Mastercard prepaid,2010,Extra card,,
5728,1644,Visa,Credit,4623909080454335,02/2020,314,YES,2,9400,11/2016,2016,No,2016-11-01,24203,213.57738,213.57738,213.57738,12309.41,12.0,213.57738,213.57738,213.57738,False,83,34.66,-83.09,15406,31943,6,South Carolina,SC,South,True,80.0,70+,$0k–$16k,$30k–$37k,6+,Credit,Visa credit,2016,Extra card,$9k–$11k,
3089,1644,Discover,Credit,6244344461424370,04/2015,414,YES,2,8900,05/2011,2014,No,2011-05-01,24137,191.15226,191.15226,191.15226,11096.57,12.0,191.15226,191.15226,191.15226,False,83,34.66,-83.09,15406,31943,6,South Carolina,SC,South,True,74.0,70+,$0k–$16k,$30k–$37k,6+,Credit,Discover credit,2011,Extra card,$9k–$11k,
4325,1114,Mastercard,Debit,5620106433417052,11/2024,339,YES,2,21408,08/2010,2015,No,2010-08-01,24128,76.222945,75.992945,76.222945,13724.89,12.0,76.222945,75.992945,76.222945,False,44,39.02,-86.93,18204,37115,3,Indiana,IN,Midwest,True,35.0,30–39,$16k–$19k,$30k–$37k,3,Debit,Mastercard debit,2010,Extra card,,$20k–$27k
4009,1031,Mastercard,Credit,5445191857932855,10/2015,194,YES,2,5600,07/2013,2013,No,2013-07-01,24163,155.61522,100.53522,155.61522,9132.29,12.0,155.61522,100.53522,155.61522,False,61,39.75,-104.42,26369,53762,8,Colorado,CO,West,True,54.0,50–59,$23k–$28k,$45k–$58k,6+,Credit,Mastercard credit,2013,Extra card,$0k–$6k,
5698,1031,Mastercard,Debit,5179089621739035,03/2022,274,YES,1,16220,11/2014,2014,No,2014-11-01,24179,35.04474,33.54474,35.04474,5850.48,12.0,35.04474,33.54474,35.04474,False,61,39.75,-104.42,26369,53762,8,Colorado,CO,West,True,56.0,50–59,$23k–$28k,$45k–$58k,6+,Debit,Mastercard debit,2014,Extra card,,$16k–$20k
3571,728,Visa,Debit,4434350524306826,08/2020,920,YES,2,10289,06/2013,2013,No,2013-06-01,24162,69.13039,67.85039,69.13039,12027.78,12.0,69.13039,67.85039,69.13039,False,30,39.08,-94.35,16224,33076,3,Missouri,MO,Midwest,True,23.0,Under 30,$16k–$19k,$30k–$37k,3,Debit,Visa debit,2013,Extra card,,$0k–$12k
1246,1639,Visa,Debit,4973656988526728,02/2023,703,YES,2,31554,02/2010,2010,No,2010-02-01,24122,294.744485,195.824485,294.744485,108195.97,12.0,294.744485,195.824485,294.744485,True,58,42.12,-80.08,24324,49595,1,Pennsylvania,PA,Northeast,True,48.0,40–49,$23k–$28k,$45k–$58k,1,Debit,Visa debit,2010,Customer's first card,,$27k–$138k
3996,1587,Mastercard,Debit,5638793020721462,02/2020,531,YES,2,35968,07/2012,2012,No,2012-07-01,24151,142.25993499999998,142.25993499999998,142.25993499999998,42008.87,12.0,142.25993499999998,142.25993499999998,142.25993499999998,False,31,42.18,-70.73,40226,82019,3,Massachusetts,MA,Northeast,True,23.0,Under 30,$28k–$163k,$58k–$280k,3,Debit,Mastercard debit,2012,Extra card,,$27k–$138k
3034,1587,Amex,Credit,343245906110440,07/2022,728,YES,1,30900,05/2010,2016,No,2010-05-01,24125,2230.1577,2216.1177,2230.1577,128051.65,12.0,2325.1577,2311.1177,2325.1577,True,31,42.18,-70.73,40226,82019,3,Massachusetts,MA,Northeast,True,21.0,Under 30,$28k–$163k,$58k–$280k,3,Credit,Amex credit,2010,Customer's first card,$15k–$98k,
2773,712,Visa,Debit,4891475179534976,12/2018,326,YES,2,18316,04/2017,2017,No,2017-04-01,24208,29.19356,28.13356,29.19356,4820.12,12.0,29.19356,28.13356,29.19356,False,74,32.63,-117.05,20102,29130,5,California,CA,West,True,71.0,70+,$19k–$23k,$0k–$30k,5,Debit,Visa debit,2017,Extra card,,$16k–$20k
3615,712,Visa,Debit,4047431792511852,05/2024,615,YES,1,14858,06/2016,2016,No,2016-06-01,24198,40.206775,37.42181,40.206775,6372.55,12.0,40.206775,37.42181,40.206775,False,74,32.63,-117.05,20102,29130,5,California,CA,West,True,70.0,70+,$19k–$23k,$0k–$30k,5,Debit,Visa debit,2016,Extra card,,$12k–$16k
4758,712,Discover,Credit,6443318322155670,07/2021,518,YES,1,14900,09/2010,2010,No,2010-09-01,24129,270.4275,219.6675,270.4275,16991.75,12.0,270.4275,219.6675,270.4275,False,74,32.63,-117.05,20102,29130,5,California,CA,West,True,65.0,60–69,$19k–$23k,$0k–$30k,5,Credit,Discover credit,2010,Extra card,$15k–$98k,
4475,146,Visa,Debit,4778924908010471,02/2021,656,YES,1,30320,08/2018,2018,No,2018-08-01,24224,41.99591,40.92591,41.99591,9001.82,12.0,41.99591,40.92591,41.99591,False,47,41.85,-88.3,33701,68710,3,Illinois,IL,Midwest,True,46.0,40–49,$28k–$163k,$58k–$280k,3,Debit,Visa debit,2018,Extra card,,$27k–$138k
4340,154,Visa,Debit,4287822159932211,11/2022,878,YES,2,4660,08/2010,2013,No,2010-08-01,24128,129.840435,96.830435,129.840435,31869.87,12.0,129.840435,96.830435,129.840435,False,48,34.93,-78.72,18376,37468,3,North Carolina,NC,South,True,39.0,30–39,$16k–$19k,$37k–$45k,3,Debit,Visa debit,2010,Extra card,,$0k–$12k
5703,704,Visa,Debit,4643473532096411,03/2024,281,YES,2,49425,11/2014,2014,No,2014-11-01,24179,79.181285,78.062555,79.181285,15898.57,12.0,79.181285,78.062555,79.181285,False,51,41.2,-73.73,55274,112695,6,New York,NY,Northeast,True,46.0,40–49,$28k–$163k,$58k–$280k,6+,Debit,Visa debit,2014,Extra card,,$27k–$138k
4010,704,Mastercard,Debit,5696951093879559,02/2024,206,YES,1,47330,07/2013,2013,No,2013-07-01,24163,97.26231,96.69231,97.26231,19027.62,12.0,97.26231,96.69231,97.26231,False,51,41.2,-73.73,55274,112695,6,New York,NY,Northeast,True,44.0,40–49,$28k–$163k,$58k–$280k,6+,Debit,Mastercard debit,2013,Extra card,,$27k–$138k
3997,704,Mastercard,Debit,5317790276482208,02/2020,205,YES,2,50774,07/2012,2012,No,2012-07-01,24151,136.65714,136.07714,136.65714,31919.28,12.0,136.65714,136.07714,136.65714,False,51,41.2,-73.73,55274,112695,6,New York,NY,Northeast,True,43.0,40–49,$28k–$163k,$58k–$280k,6+,Debit,Mastercard debit,2012,Extra card,,$27k–$138k
226,729,Mastercard,Debit,5279503639469023,02/2020,613,YES,2,23039,01/2010,2010,No,2010-01-01,24121,120.273145,119.363145,120.273145,18885.29,12.0,120.273145,119.363145,120.273145,False,80,40.28,-86.51,16421,24884,6,Indiana,IN,Midwest,True,70.0,70+,$16k–$19k,$0k–$30k,6+,Debit,Mastercard debit,2010,Extra card,,$20k–$27k
298,729,Mastercard,Debit,5279484044685392,04/2023,166,YES,1,17795,01/2012,2012,No,2012-01-01,24145,64.987815,64.077815,64.987815,9944.63,12.0,64.987815,64.077815,64.987815,False,80,40.28,-86.51,16421,24884,6,Indiana,IN,Midwest,True,72.0,70+,$16k–$19k,$0k–$30k,6+,Debit,Mastercard debit,2012,Extra card,,$16k–$20k
4024,729,Mastercard,Debit,5219693851377223,12/2014,164,NO,1,14626,07/2014,2014,No,2014-07-01,24175,19.097305,18.867305,19.097305,1807.61,6.0,19.097305,18.867305,19.097305,False,80,40.28,-86.51,16421,24884,6,Indiana,IN,Midwest,True,74.0,70+,$16k–$19k,$0k–$30k,6+,Debit,Mastercard debit,2014,Extra card,,$12k–$16k
1306,1016,Visa,Credit,4720586956662009,01/2023,320,YES,1,200,02/2012,2012,No,2012-02-01,24146,35.72262,35.72262,35.72262,2164.5899999999997,12.0,35.72262,35.72262,35.72262,False,41,32.95,-117.19,0,553,3,California,CA,West,True,33.0,30–39,$0k–$16k,$0k–$30k,3,Credit,Visa credit,2012,Extra card,$0k–$6k,
4771,1214,Mastercard,Debit,5937904364088537,08/2020,832,NO,2,42537,09/2010,2010,No,2010-09-01,24129,140.197105,139.947105,140.197105,35679.21,12.0,140.197105,139.947105,140.197105,False,40,42.06,-71.24,35544,72470,2,Massachusetts,MA,Northeast,True,31.0,30–39,$28k–$163k,$58k–$280k,2,Debit,Mastercard debit,2010,Extra card,,$27k–$138k
3950,395,Visa,Credit,4544634327077881,08/2022,761,YES,1,10100,07/2010,2011,No,2010-07-01,24127,269.39718,262.55718,269.39718,16927.51,12.0,269.39718,262.55718,269.39718,False,39,32.69,-97.12,24331,49611,4,Texas,TX,South,True,29.0,Under 30,$23k–$28k,$45k–$58k,4,Credit,Visa credit,2010,Extra card,$9k–$11k,
5192,395,Mastercard,Debit,5220458045937942,08/2014,915,YES,2,26174,10/2010,2011,No,2010-10-01,24130,94.44429,90.80429,94.44429,15431.58,12.0,94.44429,90.80429,94.44429,False,39,32.69,-97.12,24331,49611,4,Texas,TX,South,True,30.0,30–39,$23k–$28k,$45k–$58k,4,Debit,Mastercard debit,2010,Extra card,,$20k–$27k
3176,850,Mastercard,Debit,5981401699297039,02/2020,754,YES,2,23072,05/2016,2016,No,2016-05-01,24197,171.37695499999998,168.056955,171.37695499999998,29124.91,12.0,171.37695499999998,168.056955,171.37695499999998,False,38,37.98,-85.71,19661,40087,2,Kentucky,KY,South,True,34.0,30–39,$19k–$23k,$37k–$45k,2,Debit,Mastercard debit,2016,Extra card,,$20k–$27k
5699,850,Mastercard,Debit,5944442565470173,06/2022,246,YES,1,20881,11/2014,2014,No,2014-11-01,24179,301.12626,294.50626,301.12626,54712.52,12.0,301.12626,294.50626,301.12626,True,38,37.98,-85.71,19661,40087,2,Kentucky,KY,South,True,33.0,30–39,$19k–$23k,$37k–$45k,2,Debit,Mastercard debit,2014,Customer's first card,,$20k–$27k
5288,1694,Mastercard,Debit,5689380221189221,11/2016,656,NO,1,23995,10/2014,2014,No,2014-10-01,24178,100.64836,98.95836,100.64836,25285.72,12.0,100.64836,98.95836,100.64836,False,83,41.09,-73.55,37213,74753,5,Connecticut,CT,Northeast,True,78.0,70+,$28k–$163k,$58k–$280k,5,Debit,Mastercard debit,2014,Extra card,,$20k–$27k
3079,1694,Visa,Credit,4325110497566622,12/2024,658,YES,1,16900,05/2010,2010,No,2010-05-01,24125,362.37006,318.81006,362.37006,21937.67,12.0,362.37006,318.81006,362.37006,False,83,41.09,-73.55,37213,74753,5,Connecticut,CT,Northeast,True,73.0,70+,$28k–$163k,$58k–$280k,5,Credit,Visa credit,2010,Extra card,$15k–$98k,
5668,716,Mastercard,Debit (Prepaid),5494077855460522,07/2013,855,NO,1,60,11/2012,2012,No,2012-11-01,24155,0.0,0.0,123.070855,13351.71,9.0,0.0,0.0,123.070855,False,31,33.92,-116.83,13002,26511,6,California,CA,West,True,24.0,Under 30,$0k–$16k,$0k–$30k,6+,Prepaid,Mastercard prepaid,2012,Extra card,,
3965,716,Discover,Credit,6849688773737188,03/2024,590,YES,2,5200,07/2011,2011,No,2011-07-01,24139,427.3245,417.9645,427.3245,24771.25,12.0,427.3245,417.9645,427.3245,False,31,33.92,-116.83,13002,26511,6,California,CA,West,True,22.0,Under 30,$0k–$16k,$0k–$30k,6+,Credit,Discover credit,2011,Extra card,$0k–$6k,
5604,1131,Mastercard,Debit,5120921074394357,05/2021,974,YES,2,21417,11/2010,2010,No,2010-11-01,24131,152.224355,93.304355,152.224355,54702.71,12.0,152.224355,93.304355,152.224355,False,76,38.88,-94.81,28490,19682,4,Kansas,KS,Midwest,True,67.0,60–69,$23k–$28k,$0k–$30k,4,Debit,Mastercard debit,2010,Extra card,,$20k–$27k
3093,1131,Mastercard,Credit,5477242500035905,07/2023,908,YES,1,14600,05/2011,2018,No,2011-05-01,24137,896.7266999999999,360.3267,896.7266999999999,53062.15,12.0,896.7266999999999,360.3267,896.7266999999999,False,76,38.88,-94.81,28490,19682,4,Kansas,KS,Midwest,True,67.0,60–69,$23k–$28k,$0k–$30k,4,Credit,Mastercard credit,2011,Extra card,$15k–$98k,
4378,1131,Visa,Debit,4410510990382780,05/2023,405,NO,2,23898,08/2011,2011,No,2011-08-01,24140,52.463595,36.213595,52.463595,16934.190000000002,12.0,52.463595,36.213595,52.463595,False,76,38.88,-94.81,28490,19682,4,Kansas,KS,Midwest,True,68.0,60–69,$23k–$28k,$0k–$30k,4,Debit,Visa debit,2011,Extra card,,$20k–$27k
3052,1719,Mastercard,Debit,5649993743023413,05/2022,600,YES,2,16034,05/2010,2010,No,2010-05-01,24125,74.484195,73.96419499999999,74.484195,12468.39,12.0,74.484195,73.96419499999999,74.484195,False,81,25.77,-80.2,19386,23217,3,Florida,FL,South,True,71.0,70+,$19k–$23k,$0k–$30k,3,Debit,Mastercard debit,2010,Extra card,,$16k–$20k
1247,254,Visa,Debit,4817071694522158,06/2020,185,YES,2,27623,02/2010,2018,No,2010-02-01,24122,414.48717,335.93717,414.48717,102309.34,12.0,414.48717,335.93717,414.48717,True,30,40.02,-105.25,33151,67589,3,Colorado,CO,West,True,20.0,Under 30,$28k–$163k,$58k–$280k,3,Debit,Visa debit,2010,Customer's first card,,$27k–$138k
4834,1307,Mastercard,Credit,5948740039365074,05/2021,950,YES,1,21900,09/2012,2012,No,2012-09-01,24153,218.91384,218.91384,218.91384,12419.88,12.0,218.91384,218.91384,218.91384,False,52,37.89,-122.03,42685,87030,5,California,CA,West,True,45.0,40–49,$28k–$163k,$58k–$280k,5,Credit,Mastercard credit,2012,Extra card,$15k–$98k,
335,1095,Visa,Debit,4476982543719366,08/2022,789,YES,1,15158,01/2014,2014,No,2014-01-01,24169,32.71784,31.17784,32.71784,9325.68,12.0,32.71784,31.17784,32.71784,False,72,40.7,-73.89,19329,22918,5,New York,NY,Northeast,True,66.0,60–69,$19k–$23k,$0k–$30k,5,Debit,Visa debit,2014,Extra card,,$12k–$16k
5669,1095,Mastercard,Debit,5162155568271005,03/2022,367,YES,1,19332,11/2012,2012,No,2012-11-01,24155,35.466745,34.146745,35.466745,8557.49,12.0,35.466745,34.146745,35.466745,False,72,40.7,-73.89,19329,22918,5,New York,NY,Northeast,True,65.0,60–69,$19k–$23k,$0k–$30k,5,Debit,Mastercard debit,2012,Extra card,,$16k–$20k
6055,1226,Visa,Debit (Prepaid),4856808577039430,10/2024,49,YES,1,64,12/2011,2011,No,2011-12-01,24144,0.0,0.0,39.538365,3688.73,12.0,0.0,0.0,39.538365,False,42,21.34,-157.72,18080,36860,3,Hawaii,HI,West,False,34.0,30–39,$16k–$19k,$30k–$37k,3,Prepaid,Visa prepaid,2011,Extra card,,
1248,1755,Visa,Debit,4353998165821083,10/2016,159,YES,2,367,02/2010,2015,No,2010-02-01,24122,68.97865999999999,68.41866,68.97865999999999,8462.32,12.0,68.97865999999999,68.41866,68.97865999999999,False,53,31.96,-83.77,13864,28269,6,Georgia,GA,South,True,43.0,40–49,$0k–$16k,$0k–$30k,6+,Debit,Visa debit,2010,Extra card,,$0k–$12k
1315,1755,Mastercard,Credit,5560819053137819,09/2017,173,YES,2,9400,02/2013,2013,No,2013-02-01,24158,137.0601,123.0201,137.0601,8523.45,12.0,137.0601,123.0201,137.0601,False,53,31.96,-83.77,13864,28269,6,Georgia,GA,South,True,46.0,40–49,$0k–$16k,$0k–$30k,6+,Credit,Mastercard credit,2013,Extra card,$9k–$11k,
5642,1956,Discover,Credit,6679312666731134,09/2021,558,NO,2,9500,11/2011,2011,No,2011-11-01,24143,167.30154,159.02154000000002,167.30154,11194.53,12.0,167.30154,159.02154000000002,167.30154,False,43,33.81,-117.97,18330,37371,4,California,CA,West,True,35.0,30–39,$16k–$19k,$37k–$45k,4,Credit,Discover credit,2011,Extra card,$9k–$11k,
320,706,Visa,Credit,4395042092797759,11/2023,115,YES,2,12500,01/2013,2013,No,2013-01-01,24157,384.8319,347.03189999999995,384.8319,22564.55,12.0,384.8319,347.03189999999995,384.8319,False,33,38.02,-122.54,33148,67589,2,California,CA,West,True,26.0,Under 30,$28k–$163k,$58k–$280k,2,Credit,Visa credit,2013,Extra card,$11k–$15k,
4034,474,Discover,Credit,6646752478037215,09/2022,583,YES,2,14600,07/2015,2015,No,2015-07-01,24187,549.1215,535.8015,549.1215,33967.75,12.0,549.1215,535.8015,549.1215,False,55,40.75,-73.64,39705,80957,6,New York,NY,Northeast,True,50.0,50–59,$28k–$163k,$58k–$280k,6+,Credit,Discover credit,2015,Extra card,$15k–$98k,
3094,1471,Mastercard,Credit,5155511243348834,02/2020,151,YES,1,7900,05/2011,2011,No,2011-05-01,24137,648.1638,643.4838,648.1638,38961.1,12.0,648.1638,643.4838,648.1638,True,31,35.1,-90.0,10730,21876,2,Tennessee,TN,South,True,22.0,Under 30,$0k–$16k,$0k–$30k,2,Credit,Mastercard credit,2011,Customer's first card,$6k–$9k,
4326,1050,Mastercard,Debit,5044933895270370,04/2022,812,YES,2,2072,08/2010,2010,No,2010-08-01,24128,161.12130499999998,155.111305,161.12130499999998,29948.61,12.0,161.12130499999998,155.111305,161.12130499999998,False,43,35.98,-78.91,17625,35938,3,North Carolina,NC,South,True,34.0,30–39,$16k–$19k,$30k–$37k,3,Debit,Mastercard debit,2010,Extra card,,$0k–$12k
3472,1050,Mastercard,Debit,5254337924232892,07/2024,93,YES,2,10224,06/2010,2016,No,2010-06-01,24126,200.67902,193.58902,200.67902,39774.04,12.0,200.67902,193.58902,200.67902,True,43,35.98,-78.91,17625,35938,3,North Carolina,NC,South,True,33.0,30–39,$16k–$19k,$30k–$37k,3,Debit,Mastercard debit,2010,Customer's first card,,$0k–$12k
5214,1050,Visa,Debit (Prepaid),4475716128209829,11/2019,237,YES,2,49,10/2010,2010,No,2010-10-01,24130,0.0,0.0,106.985395,15418.79,12.0,0.0,0.0,106.985395,False,43,35.98,-78.91,17625,35938,3,North Carolina,NC,South,True,34.0,30–39,$16k–$19k,$30k–$37k,3,Prepaid,Visa prepaid,2010,Extra card,,
2661,207,Visa,Credit,4842107930686432,01/2022,786,YES,1,7700,04/2010,2010,No,2010-04-01,24124,217.96146,181.24146,217.96146,14164.97,12.0,217.96146,181.24146,217.96146,False,73,36.58,-79.4,16745,28553,5,Virginia,VA,South,True,63.0,60–69,$16k–$19k,$0k–$30k,5,Credit,Visa credit,2010,Extra card,$6k–$9k,
2260,207,Visa,Debit,4149979947275486,02/2021,426,YES,2,5141,03/2010,2010,No,2010-03-01,24123,29.259625,27.689625,29.259625,5851.25,12.0,29.259625,27.689625,29.259625,False,73,36.58,-79.4,16745,28553,5,Virginia,VA,South,True,63.0,60–69,$16k–$19k,$0k–$30k,5,Debit,Visa debit,2010,Extra card,,$0k–$12k
2693,1207,Mastercard,Credit,5670831659213511,11/2020,143,YES,1,16800,04/2012,2012,No,2012-04-01,24148,347.47974,159.91974,347.47974,20160.43,12.0,347.47974,159.91974,347.47974,False,41,41.47,-81.67,27646,56368,3,Ohio,OH,Midwest,True,33.0,30–39,$23k–$28k,$45k–$58k,3,Credit,Mastercard credit,2012,Extra card,$15k–$98k,
6056,1207,Visa,Debit,4093103228262000,08/2021,507,YES,1,17010,12/2011,2011,No,2011-12-01,24144,210.426045,175.286045,210.426045,35974.09,12.0,210.426045,175.286045,210.426045,False,41,41.47,-81.67,27646,56368,3,Ohio,OH,Midwest,True,33.0,30–39,$23k–$28k,$45k–$58k,3,Debit,Visa debit,2011,Extra card,,$16k–$20k
3138,1012,Visa,Debit,4078119028995757,12/2022,754,YES,1,21086,05/2013,2013,No,2013-05-01,24161,105.136145,98.516145,105.136145,29267.29,12.0,105.136145,98.516145,105.136145,True,35,39.95,-75.16,16114,32855,2,Pennsylvania,PA,Northeast,True,28.0,Under 30,$16k–$19k,$30k–$37k,2,Debit,Visa debit,2013,Customer's first card,,$20k–$27k
3580,1012,Mastercard,Debit,5893405968354192,08/2015,336,YES,1,14531,06/2014,2014,No,2014-06-01,24174,63.79055,60.44055,63.79055,16372.1,12.0,63.79055,60.44055,63.79055,False,35,39.95,-75.16,16114,32855,2,Pennsylvania,PA,Northeast,True,29.0,Under 30,$16k–$19k,$30k–$37k,2,Debit,Mastercard debit,2014,Extra card,,$12k–$16k
4896,844,Mastercard,Credit,5516761014693880,12/2024,683,NO,2,8900,09/2016,2016,No,2016-09-01,24201,477.53982,475.73982,477.53982,29807.99,12.0,477.53982,475.73982,477.53982,False,65,32.75,-97.33,21401,18149,2,Texas,TX,South,True,62.0,60–69,$19k–$23k,$0k–$30k,2,Credit,Mastercard credit,2016,Extra card,$9k–$11k,
5234,334,Mastercard,Debit,5526459784807779,04/2022,100,YES,1,14227,10/2011,2012,No,2011-10-01,24142,55.480665,50.900665,55.480665,10708.33,12.0,55.480665,50.900665,55.480665,False,44,41.16,-82.22,19818,40407,3,Ohio,OH,Midwest,True,36.0,30–39,$19k–$23k,$37k–$45k,3,Debit,Mastercard debit,2011,Extra card,,$12k–$16k
5595,334,Discover,Credit,6179911986106180,04/2021,135,YES,2,11200,11/2010,2010,No,2010-11-01,24131,218.69928,209.69928,218.69928,12868.96,12.0,218.69928,209.69928,218.69928,False,44,41.16,-82.22,19818,40407,3,Ohio,OH,Midwest,True,35.0,30–39,$19k–$23k,$37k–$45k,3,Credit,Discover credit,2010,Extra card,$9k–$11k,
6107,1184,Mastercard,Debit,5665263552569686,12/2015,279,YES,1,27876,12/2015,2015,No,2015-12-01,24192,3.58854,3.14854,3.58854,457.08,1.0,3.58854,3.14854,3.58854,False,70,37.56,-121.98,33727,68765,5,California,CA,West,True,66.0,60–69,$28k–$163k,$58k–$280k,5,Debit,Mastercard debit,2015,Extra card,,$27k–$138k
4897,1184,Mastercard,Debit,5989681266336088,08/2023,683,YES,2,21120,09/2016,2016,No,2016-09-01,24201,59.770375,56.250375,59.770375,12557.75,12.0,59.770375,56.250375,59.770375,False,70,37.56,-121.98,33727,68765,5,California,CA,West,True,67.0,60–69,$28k–$163k,$58k–$280k,5,Debit,Mastercard debit,2016,Extra card,,$20k–$27k
3932,1184,Mastercard,Debit,5827454191464284,07/2020,580,YES,1,29828,07/2010,2011,No,2010-07-01,24127,78.249635,71.869635,78.249635,17177.27,12.0,78.249635,71.869635,78.249635,False,70,37.56,-121.98,33727,68765,5,California,CA,West,True,60.0,60–69,$28k–$163k,$58k–$280k,5,Debit,Mastercard debit,2010,Extra card,,$27k–$138k
1339,200,Mastercard,Debit,5950906892579658,03/2014,93,YES,1,18552,02/2014,2014,No,2014-02-01,24170,25.593309999999995,23.88331,25.593309999999995,3608.62,2.0,25.593309999999995,23.88331,25.593309999999995,False,57,38.21,-82.56,17918,36528,3,West Virginia,WV,South,True,51.0,50–59,$16k–$19k,$30k–$37k,3,Debit,Mastercard debit,2014,Extra card,,$16k–$20k
3970,1446,Mastercard,Debit,5886248864335240,02/2020,334,YES,2,14624,07/2011,2015,No,2011-07-01,24139,141.04924499999998,141.04924499999998,141.04924499999998,26071.49,12.0,141.04924499999998,141.04924499999998,141.04924499999998,True,28,34.02,-94.73,13811,28163,4,Oklahoma,OK,South,True,19.0,Under 30,$0k–$16k,$0k–$30k,4,Debit,Mastercard debit,2011,Customer's first card,,$12k–$16k
3160,1446,Amex,Credit,351994837631702,12/2022,441,YES,2,2600,05/2015,2015,No,2015-05-01,24185,187.06428,187.06428,187.06428,11250.46,12.0,282.06428,282.06428,282.06428,False,28,34.02,-94.73,13811,28163,4,Oklahoma,OK,South,True,23.0,Under 30,$0k–$16k,$0k–$30k,4,Credit,Amex credit,2015,Extra card,$0k–$6k,
3181,1446,Visa,Debit,4770102025264543,02/2020,63,NO,1,9915,05/2016,2016,No,2016-05-01,24197,52.18201,51.894785,52.18201,7232.02,12.0,52.18201,51.894785,52.18201,False,28,34.02,-94.73,13811,28163,4,Oklahoma,OK,South,True,24.0,Under 30,$0k–$16k,$0k–$30k,4,Debit,Visa debit,2016,Extra card,,$0k–$12k
3105,776,Visa,Debit,4147569007175929,07/2020,384,YES,2,25020,05/2011,2011,No,2011-05-01,24137,113.43062,67.70062,113.43062,44953.24,12.0,113.43062,67.70062,113.43062,False,55,35.1,-90.0,47798,97455,2,Tennessee,TN,South,True,46.0,40–49,$28k–$163k,$58k–$280k,2,Debit,Visa debit,2011,Extra card,,$20k–$27k
354,890,Mastercard,Debit,5029029711457489,09/2023,75,YES,1,19573,01/2016,2016,No,2016-01-01,24193,120.31026,118.704155,120.31026,15123.52,12.0,120.31026,118.704155,120.31026,False,37,33.87,-117.89,25592,52181,2,California,CA,West,True,33.0,30–39,$23k–$28k,$45k–$58k,2,Debit,Mastercard debit,2016,Extra card,,$16k–$20k
4027,74,Visa,Debit,4135630980212808,06/2022,74,YES,1,19746,07/2014,2014,No,2014-07-01,24175,67.015155,63.905155,67.015155,14746.31,12.0,67.015155,63.905155,67.015155,False,54,38.86,-104.76,20579,41957,3,Colorado,CO,West,True,48.0,40–49,$19k–$23k,$37k–$45k,3,Debit,Visa debit,2014,Extra card,,$16k–$20k
1307,74,Visa,Debit,4901356321424938,07/2020,92,NO,1,17682,02/2012,2012,No,2012-02-01,24146,106.942105,100.742105,106.942105,25483.21,12.0,106.942105,100.742105,106.942105,True,54,38.86,-104.76,20579,41957,3,Colorado,CO,West,True,46.0,40–49,$19k–$23k,$37k–$45k,3,Debit,Visa debit,2012,Customer's first card,,$16k–$20k
4060,797,Visa,Credit,4992091996146632,11/2023,627,NO,2,4400,07/2017,2017,No,2017-07-01,24211,422.91072,404.19072,422.91072,25971.04,12.0,422.91072,404.19072,422.91072,False,61,21.3,-157.85,30410,62005,9,Hawaii,HI,West,False,58.0,50–59,$28k–$163k,$58k–$280k,6+,Credit,Visa credit,2017,Extra card,$0k–$6k,
350,797,Visa,Debit,4627972690876314,06/2021,920,YES,1,20779,01/2015,2015,No,2015-01-01,24181,31.358045,30.298045,31.358045,5176.09,12.0,31.358045,30.298045,31.358045,False,61,21.3,-157.85,30410,62005,9,Hawaii,HI,West,False,56.0,50–59,$28k–$163k,$58k–$280k,6+,Debit,Visa debit,2015,Extra card,,$20k–$27k
3127,797,Visa,Debit,4780648737008531,01/2019,156,YES,2,42491,05/2012,2012,No,2012-05-01,24149,43.15234,42.11234,43.15234,9508.68,12.0,43.15234,42.11234,43.15234,False,61,21.3,-157.85,30410,62005,9,Hawaii,HI,West,False,53.0,50–59,$28k–$163k,$58k–$280k,6+,Debit,Visa debit,2012,Extra card,,$27k–$138k
4391,797,Mastercard,Debit,5703345270711624,11/2023,711,YES,1,24550,08/2012,2012,No,2012-08-01,24152,36.6125,35.5325,36.6125,9062.0,12.0,36.6125,35.5325,36.6125,False,61,21.3,-157.85,30410,62005,9,Hawaii,HI,West,False,54.0,50–59,$28k–$163k,$58k–$280k,6+,Debit,Mastercard debit,2012,Extra card,,$20k–$27k
4461,547,Mastercard,Debit,5886374501408309,01/2019,7,YES,1,16102,08/2017,2017,No,2017-08-01,24212,121.465195,114.635195,121.465195,18856.39,12.0,121.465195,114.635195,121.465195,False,70,42.62,-88.63,18351,31901,4,Wisconsin,WI,Midwest,True,68.0,60–69,$16k–$19k,$30k–$37k,4,Debit,Mastercard debit,2017,Extra card,,$16k–$20k
5298,547,Visa,Debit,4234149459347906,09/2024,314,YES,1,14995,10/2014,2014,No,2014-10-01,24178,191.16123,180.62123,191.16123,34062.46,12.0,191.16123,180.62123,191.16123,False,70,42.62,-88.63,18351,31901,4,Wisconsin,WI,Midwest,True,65.0,60–69,$16k–$19k,$30k–$37k,4,Debit,Visa debit,2014,Extra card,,$12k–$16k
5236,201,Mastercard,Debit,5081378671244252,12/2016,401,YES,1,11679,10/2011,2011,No,2011-10-01,24142,48.982225,48.492225,48.982225,9787.45,12.0,48.982225,48.492225,48.982225,False,61,41.52,-88.12,17567,35823,3,Illinois,IL,Midwest,True,53.0,50–59,$16k–$19k,$30k–$37k,3,Debit,Mastercard debit,2011,Extra card,,$0k–$12k
6068,1379,Mastercard,Debit,5855558054744018,06/2023,878,YES,1,18784,12/2012,2012,No,2012-12-01,24156,94.175855,94.175855,94.175855,12758.71,12.0,94.175855,94.175855,94.175855,False,76,42.58,-82.91,19780,34408,4,Michigan,MI,Midwest,True,69.0,60–69,$19k–$23k,$30k–$37k,4,Debit,Mastercard debit,2012,Extra card,,$16k–$20k
4796,1379,Visa,Credit,4164100335475856,10/2022,338,YES,1,10300,09/2010,2010,No,2010-09-01,24129,567.48186,566.4018599999999,567.48186,32763.77,12.0,567.48186,566.4018599999999,567.48186,False,76,42.58,-82.91,19780,34408,4,Michigan,MI,Midwest,True,67.0,60–69,$19k–$23k,$30k–$37k,4,Credit,Visa credit,2010,Extra card,$9k–$11k,
5215,1379,Visa,Debit,4808036256579380,11/2017,592,YES,2,12460,10/2010,2010,No,2010-10-01,24130,132.082725,131.632725,132.082725,17774.45,12.0,132.082725,131.632725,132.082725,False,76,42.58,-82.91,19780,34408,4,Michigan,MI,Midwest,True,67.0,60–69,$19k–$23k,$30k–$37k,4,Debit,Visa debit,2010,Extra card,,$12k–$16k
2311,1053,Mastercard,Debit,5546844697242389,05/2018,523,NO,2,21166,03/2013,2013,No,2013-03-01,24159,117.966495,112.326495,117.966495,33563.99,12.0,117.966495,112.326495,117.966495,False,59,28.65,-81.18,27255,55571,3,Florida,FL,South,True,52.0,50–59,$23k–$28k,$45k–$58k,3,Debit,Mastercard debit,2013,Extra card,,$20k–$27k
5723,955,Mastercard,Debit,5884682122700418,11/2022,856,YES,1,13254,11/2016,2016,No,2016-11-01,24203,59.719845,54.439845,59.719845,9030.69,12.0,59.719845,54.439845,59.719845,False,33,40.28,-80.6,16648,33944,4,West Virginia,WV,South,True,30.0,30–39,$16k–$19k,$30k–$37k,4,Debit,Mastercard debit,2016,Extra card,,$12k–$16k
1366,955,Mastercard,Debit,5653775383513655,09/2023,867,YES,2,12887,02/2016,2016,No,2016-02-01,24194,96.45684,84.78684,96.45684,16473.68,12.0,96.45684,84.78684,96.45684,True,33,40.28,-80.6,16648,33944,4,West Virginia,WV,South,True,29.0,Under 30,$16k–$19k,$30k–$37k,4,Debit,Mastercard debit,2016,Customer's first card,,$12k–$16k
1367,856,Mastercard,Credit,5327278156671960,03/2018,105,YES,2,26800,02/2016,2016,No,2016-02-01,24194,1469.90502,1394.30502,1469.90502,85010.39,12.0,1469.90502,1394.30502,1469.90502,False,54,38.98,-77.12,56069,114318,3,Maryland,MD,South,True,50.0,50–59,$28k–$163k,$58k–$280k,3,Credit,Mastercard credit,2016,Extra card,$15k–$98k,
4851,856,Mastercard,Debit,5524896778714385,05/2023,673,NO,1,62861,09/2013,2013,No,2013-09-01,24165,182.534245,175.814245,182.534245,63443.490000000005,12.0,182.534245,175.814245,182.534245,False,54,38.98,-77.12,56069,114318,3,Maryland,MD,South,True,48.0,40–49,$28k–$163k,$58k–$280k,3,Debit,Mastercard debit,2013,Extra card,,$27k–$138k
1285,856,Visa,Debit,4938580795028359,07/2015,12,NO,1,61399,02/2011,2011,No,2011-02-01,24134,335.99715,323.55715,335.99715,129777.3,12.0,335.99715,323.55715,335.99715,True,54,38.98,-77.12,56069,114318,3,Maryland,MD,South,True,45.0,40–49,$28k–$163k,$58k–$280k,3,Debit,Visa debit,2011,Customer's first card,,$27k–$138k
2706,261,Visa,Debit,4234542365249677,02/2022,25,YES,1,23781,04/2012,2012,No,2012-04-01,24148,120.389465,83.579465,120.389465,23951.93,12.0,120.389465,83.579465,120.389465,False,41,36.0,-114.96,28985,59093,5,Nevada,NV,West,True,33.0,30–39,$28k–$163k,$58k–$280k,5,Debit,Visa debit,2012,Extra card,,$20k–$27k
6129,261,Visa,Debit,4373244578328861,05/2018,827,YES,1,32285,12/2016,2016,No,2016-12-01,24204,53.314595,40.814595,53.314595,9844.19,12.0,53.314595,40.814595,53.314595,False,41,36.0,-114.96,28985,59093,5,Nevada,NV,West,True,38.0,30–39,$28k–$163k,$58k–$280k,5,Debit,Visa debit,2016,Extra card,,$27k–$138k
6076,261,Visa,Debit,4217828092270661,04/2021,909,YES,1,30650,12/2012,2012,No,2012-12-01,24156,80.376075,57.41168,80.376075,15383.15,12.0,80.376075,57.41168,80.376075,False,41,36.0,-114.96,28985,59093,5,Nevada,NV,West,True,34.0,30–39,$28k–$163k,$58k–$280k,5,Debit,Visa debit,2012,Extra card,,$27k–$138k
4852,64,Mastercard,Debit,5127580610063404,01/2024,797,YES,1,17612,09/2013,2013,No,2013-09-01,24165,128.63116499999998,123.951165,128.63116499999998,21852.33,12.0,128.63116499999998,123.951165,128.63116499999998,False,39,34.0,-118.03,25242,51465,2,California,CA,West,True,33.0,30–39,$23k–$28k,$45k–$58k,2,Debit,Mastercard debit,2013,Extra card,,$16k–$20k
1341,1151,Mastercard,Debit,5643282528177276,02/2018,475,YES,1,429,02/2014,2014,No,2014-02-01,24170,48.112605,48.112605,48.112605,2749.21,12.0,48.112605,48.112605,48.112605,False,53,40.35,-74.65,0,920,3,New Jersey,NJ,Northeast,True,47.0,40–49,$0k–$16k,$0k–$30k,3,Debit,Mastercard debit,2014,Extra card,,$0k–$12k
5279,356,Visa,Debit,4137526666130095,03/2020,698,YES,2,18395,10/2013,2013,No,2013-10-01,24166,105.29067,103.69067,105.29067,19829.34,12.0,105.29067,103.69067,105.29067,False,50,27.19,-80.24,20315,41420,5,Florida,FL,South,True,44.0,40–49,$19k–$23k,$37k–$45k,5,Debit,Visa debit,2013,Extra card,,$16k–$20k
5605,356,Mastercard,Debit,5464831011600293,09/2024,462,YES,1,21808,11/2010,2010,No,2010-11-01,24131,198.97114,196.11114,198.97114,36544.28,12.0,198.97114,196.11114,198.97114,False,50,27.19,-80.24,20315,41420,5,Florida,FL,South,True,41.0,40–49,$19k–$23k,$37k–$45k,5,Debit,Mastercard debit,2010,Extra card,,$20k–$27k
3132,356,Mastercard,Debit,5261666772953093,01/2018,761,YES,1,39192,05/2013,2013,No,2013-05-01,24161,119.18268,117.90268,119.18268,20255.36,12.0,119.18268,117.90268,119.18268,False,50,27.19,-80.24,20315,41420,5,Florida,FL,South,True,43.0,40–49,$19k–$23k,$37k–$45k,5,Debit,Mastercard debit,2013,Extra card,,$27k–$138k
2312,356,Mastercard,Debit,5636837846692552,04/2021,859,YES,1,15771,03/2013,2013,No,2013-03-01,24159,128.073935,127.293935,128.073935,21178.87,12.0,128.073935,127.293935,128.073935,False,50,27.19,-80.24,20315,41420,5,Florida,FL,South,True,43.0,40–49,$19k–$23k,$37k–$45k,5,Debit,Mastercard debit,2013,Extra card,,$12k–$16k
4028,865,Visa,Debit,4557723574146816,04/2021,794,YES,2,27832,07/2014,2014,No,2014-07-01,24175,82.480215,78.060215,82.480215,20675.43,12.0,82.480215,78.060215,82.480215,False,41,38.06,-78.9,18531,37786,5,Virginia,VA,South,True,35.0,30–39,$16k–$19k,$37k–$45k,5,Debit,Visa debit,2014,Extra card,,$27k–$138k
4356,865,Amex,Credit,312193617939506,10/2022,789,YES,2,2000,08/2011,2011,No,2011-08-01,24140,414.9027,395.8227,414.9027,23889.15,12.0,509.9027,490.8227,509.9027,False,41,38.06,-78.9,18531,37786,5,Virginia,VA,South,True,33.0,30–39,$16k–$19k,$37k–$45k,5,Credit,Amex credit,2011,Extra card,$0k–$6k,
5237,865,Mastercard,Debit,5321173022884498,03/2021,666,NO,1,24546,10/2011,2011,No,2011-10-01,24142,147.992405,142.372405,147.992405,35250.81,12.0,147.992405,142.372405,147.992405,False,41,38.06,-78.9,18531,37786,5,Virginia,VA,South,True,33.0,30–39,$16k–$19k,$37k–$45k,5,Debit,Mastercard debit,2011,Extra card,,$20k–$27k
4327,3,Mastercard,Debit (Prepaid),5568042569458348,04/2023,833,NO,1,80,08/2010,2010,No,2010-08-01,24128,0.0,0.0,69.50542,13650.84,12.0,0.0,0.0,69.50542,False,49,33.89,-98.51,13705,27943,4,Texas,TX,South,True,40.0,40–49,$0k–$16k,$0k–$30k,4,Prepaid,Mastercard prepaid,2010,Extra card,,
4835,3,Mastercard,Debit (Prepaid),5175412661393752,08/2023,399,NO,1,62,09/2012,2012,No,2012-09-01,24153,0.0,0.0,36.80686,6619.72,12.0,0.0,0.0,36.80686,False,49,33.89,-98.51,13705,27943,4,Texas,TX,South,True,42.0,40–49,$0k–$16k,$0k–$30k,4,Prepaid,Mastercard prepaid,2012,Extra card,,
3597,3,Visa,Debit,4075087878669701,05/2023,818,YES,2,13515,06/2015,2015,No,2015-06-01,24186,48.568,48.568,48.568,13877.0,12.0,48.568,48.568,48.568,False,49,33.89,-98.51,13705,27943,4,Texas,TX,South,True,44.0,40–49,$0k–$16k,$0k–$30k,4,Debit,Visa debit,2015,Extra card,,$12k–$16k
6002,754,Mastercard,Debit,5016418727270137,09/2021,348,YES,1,9,12/2010,2013,No,2010-12-01,24132,47.96878,47.28878,47.96878,9551.56,12.0,47.96878,47.28878,47.96878,False,76,33.69,-78.89,19025,32817,6,South Carolina,SC,South,True,67.0,60–69,$19k–$23k,$30k–$37k,6+,Debit,Mastercard debit,2010,Extra card,,$0k–$12k
2376,127,Visa,Debit,4521071637980158,08/2024,500,NO,2,10702,03/2018,2018,No,2018-03-01,24219,139.164045,137.154045,139.164045,35259.09,12.0,139.164045,137.154045,139.164045,False,48,31.7,-86.26,15474,31553,3,Alabama,AL,South,True,46.0,40–49,$0k–$16k,$30k–$37k,3,Debit,Visa debit,2018,Extra card,,$0k–$12k
3473,1675,Mastercard,Debit,5418223001029976,06/2021,550,NO,2,33746,06/2010,2010,No,2010-06-01,24126,90.27604,85.08604,90.27604,29052.08,12.0,90.27604,85.08604,90.27604,False,36,47.14,-122.32,24519,49993,3,Washington,WA,West,True,26.0,Under 30,$23k–$28k,$45k–$58k,3,Debit,Mastercard debit,2010,Extra card,,$27k–$138k
2372,1675,Mastercard,Debit,5450223883062555,12/2023,64,NO,1,37722,03/2018,2018,No,2018-03-01,24219,99.6431,91.6631,99.6431,30954.2,12.0,99.6431,91.6631,99.6431,False,36,47.14,-122.32,24519,49993,3,Washington,WA,West,True,34.0,30–39,$23k–$28k,$45k–$58k,3,Debit,Mastercard debit,2018,Extra card,,$27k–$138k
1355,747,Mastercard,Credit,5297975423650578,01/2022,978,YES,2,6100,02/2015,2015,No,2015-02-01,24182,223.69824,180.49824,223.69824,12794.68,12.0,223.69824,180.49824,223.69824,False,63,39.33,-82.23,14137,28828,4,Ohio,OH,Midwest,True,58.0,50–59,$0k–$16k,$0k–$30k,4,Credit,Mastercard credit,2015,Extra card,$6k–$9k,
2287,747,Visa,Debit,4704027936633995,01/2013,486,YES,1,21952,03/2011,2011,No,2011-03-01,24135,100.20353,94.78353,100.20353,12838.06,12.0,100.20353,94.78353,100.20353,False,63,39.33,-82.23,14137,28828,4,Ohio,OH,Midwest,True,54.0,50–59,$0k–$16k,$0k–$30k,4,Debit,Visa debit,2011,Extra card,,$20k–$27k
3119,747,Mastercard,Debit,5241795986089992,09/2017,783,YES,1,16565,05/2012,2012,No,2012-05-01,24149,80.387175,77.927175,80.387175,10203.35,12.0,80.387175,77.927175,80.387175,False,63,39.33,-82.23,14137,28828,4,Ohio,OH,Midwest,True,55.0,50–59,$0k–$16k,$0k–$30k,4,Debit,Mastercard debit,2012,Extra card,,$16k–$20k
246,1942,Visa,Debit (Prepaid),4709797841612622,06/2022,186,YES,2,11,01/2010,2010,No,2010-01-01,24121,0.0,0.0,50.40973,1279.46,12.0,0.0,0.0,50.40973,False,77,40.71,-73.99,0,1,3,New York,NY,Northeast,True,67.0,60–69,$0k–$16k,$0k–$30k,3,Prepaid,Visa prepaid,2010,Extra card,,
6086,452,Mastercard,Debit (Prepaid),5461456632473048,06/2015,953,YES,1,57,12/2013,2013,No,2013-12-01,24168,0.0,0.0,121.75623,16770.46,12.0,0.0,0.0,121.75623,False,31,29.76,-95.38,31072,63356,5,Texas,TX,South,True,25.0,Under 30,$28k–$163k,$58k–$280k,5,Prepaid,Mastercard prepaid,2013,Extra card,,
5700,452,Mastercard,Debit,5480854171366544,06/2024,229,YES,1,24274,11/2014,2014,No,2014-11-01,24179,143.88048,142.48048,143.88048,33981.96,12.0,143.88048,142.48048,143.88048,False,31,29.76,-95.38,31072,63356,5,Texas,TX,South,True,26.0,Under 30,$28k–$163k,$58k–$280k,5,Debit,Mastercard debit,2014,Extra card,,$20k–$27k
4451,452,Visa,Debit,4916726529470752,02/2020,702,YES,2,19264,08/2015,2015,No,2015-08-01,24188,129.25912,128.46912,129.25912,28268.24,12.0,129.25912,128.46912,129.25912,False,31,29.76,-95.38,31072,63356,5,Texas,TX,South,True,27.0,Under 30,$28k–$163k,$58k–$280k,5,Debit,Visa debit,2015,Extra card,,$16k–$20k
6102,1534,Mastercard,Debit,5002425450787708,03/2024,269,YES,1,27771,12/2014,2014,No,2014-12-01,24180,236.63901,236.63901,236.63901,55389.02,12.0,236.63901,236.63901,236.63901,False,36,39.9,-74.99,39626,80794,2,New Jersey,NJ,Northeast,True,31.0,30–39,$28k–$163k,$58k–$280k,2,Debit,Mastercard debit,2014,Extra card,,$27k–$138k
5301,1086,Amex,Credit,318192766245088,11/2024,192,YES,2,5400,10/2015,2015,No,2015-10-01,24190,419.184,419.184,419.184,27029.0,12.0,514.184,514.184,514.184,False,57,42.02,-71.21,37407,76274,2,Massachusetts,MA,Northeast,True,53.0,50–59,$28k–$163k,$58k–$280k,2,Credit,Amex credit,2015,Extra card,$0k–$6k,
2662,758,Visa,Credit,4525162655452086,06/2024,626,YES,1,9200,04/2010,2013,No,2010-04-01,24124,185.0418,153.7218,185.0418,12282.1,12.0,185.0418,153.7218,185.0418,False,63,34.09,-118.13,21178,43180,5,California,CA,West,True,53.0,50–59,$19k–$23k,$37k–$45k,5,Credit,Visa credit,2010,Extra card,$9k–$11k,
355,1221,Mastercard,Debit,5911728602130706,03/2020,650,YES,1,14892,01/2016,2016,No,2016-01-01,24193,142.34465,137.67465,142.34465,17542.3,12.0,142.34465,137.67465,142.34465,False,64,33.92,-117.24,15079,30747,4,California,CA,West,True,60.0,60–69,$0k–$16k,$30k–$37k,4,Debit,Mastercard debit,2016,Extra card,,$12k–$16k
4774,1221,Mastercard,Credit,5950660218711311,05/2021,874,YES,1,8500,09/2010,2011,No,2010-09-01,24129,186.52716,163.84716,186.52716,11786.62,12.0,186.52716,163.84716,186.52716,False,64,33.92,-117.24,15079,30747,4,California,CA,West,True,55.0,50–59,$0k–$16k,$30k–$37k,4,Credit,Mastercard credit,2010,Extra card,$6k–$9k,
5320,1248,Amex,Credit,338137732685669,12/2017,258,YES,2,11000,10/2017,2017,No,2017-10-01,24214,85.78692000000001,73.54692,85.78692000000001,4765.9400000000005,3.0,180.78692,168.54692,180.78692,False,51,42.68,-89.01,21278,43386,3,Wisconsin,WI,Midwest,True,49.0,40–49,$19k–$23k,$37k–$45k,3,Credit,Amex credit,2017,Extra card,$9k–$11k,
3518,1213,Mastercard,Debit (Prepaid),5849967926572948,02/2021,649,YES,1,67,06/2011,2011,No,2011-06-01,24138,0.0,0.0,40.255075,5275.15,12.0,0.0,0.0,40.255075,False,34,38.62,-122.61,21373,43579,3,California,CA,West,True,25.0,Under 30,$19k–$23k,$37k–$45k,3,Prepaid,Mastercard prepaid,2011,Extra card,,
3106,1213,Visa,Debit,4257444870981173,02/2020,297,YES,1,13905,05/2011,2011,No,2011-05-01,24137,48.26179,46.24179,48.26179,8465.58,12.0,48.26179,46.24179,48.26179,False,34,38.62,-122.61,21373,43579,3,California,CA,West,True,25.0,Under 30,$19k–$23k,$37k–$45k,3,Debit,Visa debit,2011,Extra card,,$12k–$16k
5648,619,Mastercard,Debit,5012988615180480,03/2021,541,YES,1,23220,11/2011,2011,No,2011-11-01,24143,44.004435,43.784435,44.004435,9367.87,12.0,44.004435,43.784435,44.004435,False,54,44.01,-92.47,26478,53986,4,Minnesota,MN,Midwest,True,46.0,40–49,$23k–$28k,$45k–$58k,4,Debit,Mastercard debit,2011,Extra card,,$20k–$27k
6057,394,Visa,Debit,4699535367725055,06/2023,544,YES,1,22015,12/2011,2011,No,2011-12-01,24144,111.970355,109.530355,111.970355,20522.71,12.0,111.970355,109.530355,111.970355,False,52,41.09,-73.55,34138,69604,4,Connecticut,CT,Northeast,True,44.0,40–49,$28k–$163k,$58k–$280k,4,Debit,Visa debit,2011,Extra card,,$20k–$27k
2663,394,Visa,Debit,4130599250567062,05/2023,25,YES,2,23884,04/2010,2010,No,2010-04-01,24124,168.34108999999998,164.63109,168.34108999999998,27083.18,12.0,168.34108999999998,164.63109,168.34108999999998,False,52,41.09,-73.55,34138,69604,4,Connecticut,CT,Northeast,True,42.0,40–49,$28k–$163k,$58k–$280k,4,Debit,Visa debit,2010,Extra card,,$20k–$27k
4341,394,Visa,Debit,4662668880756908,07/2021,740,NO,2,25808,08/2010,2010,No,2010-08-01,24128,147.4397,144.9897,147.4397,23377.4,12.0,147.4397,144.9897,147.4397,False,52,41.09,-73.55,34138,69604,4,Connecticut,CT,Northeast,True,43.0,40–49,$28k–$163k,$58k–$280k,4,Debit,Visa debit,2010,Extra card,,$20k–$27k
4871,1376,Mastercard,Debit,5699284619972487,01/2021,318,YES,2,26531,09/2014,2014,No,2014-09-01,24177,90.04227999999999,90.04227999999999,90.04227999999999,11190.56,12.0,90.04227999999999,90.04227999999999,90.04227999999999,False,49,30.51,-97.83,30418,62019,4,Texas,TX,South,True,44.0,40–49,$28k–$163k,$58k–$280k,4,Debit,Mastercard debit,2014,Extra card,,$20k–$27k
3532,1376,Visa,Debit,4888780238652712,01/2022,905,YES,2,22641,06/2011,2011,No,2011-06-01,24138,169.519625,169.519625,169.519625,25406.25,12.0,169.519625,169.519625,169.519625,False,49,30.51,-97.83,30418,62019,4,Texas,TX,South,True,40.0,40–49,$28k–$163k,$58k–$280k,4,Debit,Visa debit,2011,Extra card,,$20k–$27k
2643,1966,Mastercard,Debit,5638732969366742,04/2023,854,YES,2,13326,04/2010,2010,No,2010-04-01,24124,143.5257,141.4057,143.5257,22480.4,12.0,143.5257,141.4057,143.5257,False,42,36.05,-90.51,15447,31499,4,Arkansas,AR,South,True,32.0,30–39,$0k–$16k,$30k–$37k,4,Debit,Mastercard debit,2010,Extra card,,$12k–$16k
6029,1966,Visa,Debit,4391016864300787,11/2020,883,YES,1,13778,12/2010,2015,No,2010-12-01,24132,111.16215,110.46215,111.16215,16509.3,12.0,111.16215,110.46215,111.16215,False,42,36.05,-90.51,15447,31499,4,Arkansas,AR,South,True,33.0,30–39,$0k–$16k,$30k–$37k,4,Debit,Visa debit,2010,Extra card,,$12k–$16k
5650,605,Mastercard,Debit,5070746550577514,03/2020,506,YES,1,14541,11/2011,2011,No,2011-11-01,24143,120.15973,119.89973,120.15973,8134.46,12.0,120.15973,119.89973,120.15973,False,42,40.64,-73.94,23316,47542,3,New York,NY,Northeast,True,34.0,30–39,$23k–$28k,$45k–$58k,3,Debit,Mastercard debit,2011,Extra card,,$12k–$16k
5289,1362,Mastercard,Debit,5085312612570669,03/2023,845,NO,1,31192,10/2014,2014,No,2014-10-01,24178,35.60374,35.07374,35.60374,8456.48,12.0,35.60374,35.07374,35.60374,False,58,38.78,-77.27,35563,72510,4,Virginia,VA,South,True,53.0,50–59,$28k–$163k,$58k–$280k,4,Debit,Mastercard debit,2014,Extra card,,$27k–$138k
2274,1362,Mastercard,Debit (Prepaid),5467215736629408,07/2023,98,YES,2,44,03/2011,2016,No,2011-03-01,24135,0.0,0.0,26.17818,1956.36,12.0,0.0,0.0,26.17818,False,58,38.78,-77.27,35563,72510,4,Virginia,VA,South,True,49.0,40–49,$28k–$163k,$58k–$280k,4,Prepaid,Mastercard prepaid,2011,Extra card,,
3933,1513,Mastercard,Debit,5335296190511129,10/2021,416,YES,1,36344,07/2010,2010,No,2010-07-01,24127,171.83031499999998,171.570315,171.83031499999998,30675.63,12.0,171.83031499999998,171.570315,171.83031499999998,False,48,41.3,-73.13,32240,65736,3,Connecticut,CT,Northeast,True,38.0,30–39,$28k–$163k,$58k–$280k,3,Debit,Mastercard debit,2010,Extra card,,$27k–$138k
3546,1513,Mastercard,Credit,5257923747690161,11/2020,547,YES,2,8900,06/2012,2012,No,2012-06-01,24150,386.36748,386.36748,386.36748,23089.86,12.0,386.36748,386.36748,386.36748,False,48,41.3,-73.13,32240,65736,3,Connecticut,CT,Northeast,True,40.0,40–49,$28k–$163k,$58k–$280k,3,Credit,Mastercard credit,2012,Extra card,$9k–$11k,
3547,564,Mastercard,Debit,5943272696356193,03/2016,746,YES,2,14179,06/2012,2012,No,2012-06-01,24150,182.79511,133.67511,182.79511,30831.22,12.0,182.79511,133.67511,182.79511,False,57,44.08,-70.24,20800,42411,2,Maine,ME,Northeast,True,49.0,40–49,$19k–$23k,$37k–$45k,2,Debit,Mastercard debit,2012,Extra card,,$12k–$16k
5724,1583,Mastercard,Debit (Prepaid),5499814764082703,03/2024,208,YES,1,84,11/2016,2016,No,2016-11-01,24203,0.0,0.0,78.85417,6264.34,12.0,0.0,0.0,78.85417,False,38,40.04,-76.3,25917,52844,3,Pennsylvania,PA,Northeast,True,35.0,30–39,$23k–$28k,$45k–$58k,3,Prepaid,Mastercard prepaid,2016,Extra card,,
5628,401,Visa,Debit,4568197311547979,02/2020,976,YES,1,16619,11/2010,2010,No,2010-11-01,24131,99.743795,98.953795,99.743795,9172.59,12.0,99.743795,98.953795,99.743795,False,81,34.2,-118.39,15239,28644,7,California,CA,West,True,72.0,70+,$0k–$16k,$0k–$30k,6+,Debit,Visa debit,2010,Extra card,,$16k–$20k
5643,401,Discover,Credit,6043138850528323,12/2022,36,NO,1,9700,11/2011,2012,No,2011-11-01,24143,201.57552,189.69552,201.57552,11857.64,12.0,201.57552,189.69552,201.57552,False,81,34.2,-118.39,15239,28644,7,California,CA,West,True,73.0,70+,$0k–$16k,$0k–$30k,6+,Credit,Discover credit,2011,Extra card,$9k–$11k,
3035,401,Amex,Credit,321401373752458,04/2023,507,YES,2,11000,05/2010,2014,No,2010-05-01,24125,433.18458,389.26458,433.18458,25367.81,12.0,528.18458,484.26458,528.18458,False,81,34.2,-118.39,15239,28644,7,California,CA,West,True,71.0,70+,$0k–$16k,$0k–$30k,6+,Credit,Amex credit,2010,Extra card,$9k–$11k,
2644,954,Mastercard,Debit,5915880344129112,08/2024,471,YES,2,18320,04/2010,2010,No,2010-04-01,24124,131.942215,110.082215,131.942215,25776.43,12.0,131.942215,110.082215,131.942215,False,51,33.93,-117.49,18619,37963,4,California,CA,West,True,41.0,40–49,$16k–$19k,$37k–$45k,4,Debit,Mastercard debit,2010,Extra card,,$16k–$20k
4416,954,Visa,Debit,4400219107299850,11/2013,542,YES,1,18254,08/2013,2013,No,2013-08-01,24164,36.732225,33.082225,36.732225,6733.45,4.0,36.732225,33.082225,36.732225,False,51,33.93,-117.49,18619,37963,4,California,CA,West,True,45.0,40–49,$16k–$19k,$37k–$45k,4,Debit,Visa debit,2013,Extra card,,$16k–$20k
3548,832,Mastercard,Credit,5218196083865154,10/2024,647,YES,1,10900,06/2012,2012,No,2012-06-01,24150,479.54808,465.3936,479.54808,28711.56,12.0,479.54808,465.3936,479.54808,False,40,33.2,-96.65,24684,50329,4,Texas,TX,South,True,32.0,30–39,$23k–$28k,$45k–$58k,4,Credit,Mastercard credit,2012,Extra card,$9k–$11k,
3107,832,Visa,Debit,4295278548240324,07/2024,380,NO,1,20776,05/2011,2011,No,2011-05-01,24137,68.821765,67.821765,68.821765,24010.53,12.0,68.821765,67.821765,68.821765,False,40,33.2,-96.65,24684,50329,4,Texas,TX,South,True,31.0,30–39,$23k–$28k,$45k–$58k,4,Debit,Visa debit,2011,Extra card,,$20k–$27k
2362,1046,Mastercard,Credit,5861740201459988,12/2020,366,YES,2,7300,03/2017,2017,No,2017-03-01,24207,199.9413,195.9813,199.9413,17054.85,12.0,199.9413,195.9813,199.9413,False,44,39.95,-75.16,18007,36715,4,Pennsylvania,PA,Northeast,True,41.0,40–49,$16k–$19k,$30k–$37k,4,Credit,Mastercard credit,2017,Extra card,$6k–$9k,
5629,630,Visa,Debit,4542180712523328,11/2020,573,YES,1,9062,11/2010,2010,No,2010-11-01,24131,163.497915,73.747915,163.497915,49172.83,12.0,163.497915,73.747915,163.497915,False,60,30.33,-81.65,19382,39521,3,Florida,FL,South,True,51.0,50–59,$19k–$23k,$37k–$45k,3,Debit,Visa debit,2010,Extra card,,$0k–$12k
5193,665,Mastercard,Debit,5223363810636949,06/2023,157,YES,1,1264,10/2010,2019,No,2010-10-01,24130,29.541055,27.981055,29.541055,4222.11,12.0,29.541055,27.981055,29.541055,False,81,41.23,-80.81,12406,11613,8,Ohio,OH,Midwest,True,72.0,70+,$0k–$16k,$0k–$30k,6+,Debit,Mastercard debit,2010,Extra card,,$0k–$12k
1213,442,Mastercard,Debit,5422663837290602,02/2015,95,YES,1,25209,02/2010,2011,No,2010-02-01,24122,77.791985,74.001985,77.791985,16856.97,12.0,77.791985,74.001985,77.791985,False,47,38.33,-90.4,23836,48600,5,Missouri,MO,Midwest,True,37.0,30–39,$23k–$28k,$45k–$58k,5,Debit,Mastercard debit,2010,Extra card,,$20k–$27k
2346,442,Visa,Debit,4849956694296337,05/2024,840,YES,2,19525,03/2015,2015,No,2015-03-01,24183,78.36238,76.46238,78.36238,20127.76,12.0,78.36238,76.46238,78.36238,False,47,38.33,-90.4,23836,48600,5,Missouri,MO,Midwest,True,42.0,40–49,$23k–$28k,$45k–$58k,5,Debit,Visa debit,2015,Extra card,,$16k–$20k
2300,601,Mastercard,Credit,5361691946548943,06/2022,613,YES,2,6700,03/2012,2012,No,2012-03-01,24147,118.36998,109.72998,118.36998,8217.109999999999,12.0,118.36998,109.72998,118.36998,False,68,28.5,-81.37,15849,43004,6,Florida,FL,South,True,60.0,60–69,$0k–$16k,$37k–$45k,6+,Credit,Mastercard credit,2012,Extra card,$6k–$9k,
2347,601,Visa,Credit,4000370059012165,11/2024,22,YES,2,5400,03/2015,2015,No,2015-03-01,24183,92.19186,87.15186,92.19186,5771.77,12.0,92.19186,87.15186,92.19186,False,68,28.5,-81.37,15849,43004,6,Florida,FL,South,True,63.0,60–69,$0k–$16k,$37k–$45k,6+,Credit,Visa credit,2015,Extra card,$0k–$6k,
3053,206,Mastercard,Credit,5817132520514792,01/2024,425,YES,1,11300,05/2010,2011,No,2010-05-01,24125,506.18736,448.22736,506.18736,32691.52,12.0,506.18736,448.22736,506.18736,True,28,42.89,-85.72,18431,37583,2,Michigan,MI,Midwest,True,18.0,Under 30,$16k–$19k,$37k–$45k,2,Credit,Mastercard credit,2010,Customer's first card,$11k–$15k,
5704,115,Visa,Debit,4975707785859421,09/2022,744,YES,2,34284,11/2014,2014,No,2014-11-01,24179,39.21936,36.94936,39.21936,10895.72,12.0,39.21936,36.94936,39.21936,False,61,40.93,-73.72,49546,101018,6,New York,NY,Northeast,True,56.0,50–59,$28k–$163k,$58k–$280k,6+,Debit,Visa debit,2014,Extra card,,$27k–$138k
3934,1779,Mastercard,Debit,5398659110488007,10/2024,776,YES,2,9257,07/2010,2018,No,2010-07-01,24127,123.759215,117.899215,123.759215,18987.43,12.0,123.759215,117.899215,123.759215,False,30,33.46,-82.5,15755,32125,2,Georgia,GA,South,True,20.0,Under 30,$0k–$16k,$30k–$37k,2,Debit,Mastercard debit,2010,Extra card,,$0k–$12k
1214,1779,Mastercard,Debit,5786581990221963,02/2023,672,YES,2,7623,02/2010,2015,No,2010-02-01,24122,164.070865,156.750865,164.070865,27631.73,12.0,164.070865,156.750865,164.070865,True,30,33.46,-82.5,15755,32125,2,Georgia,GA,South,True,20.0,Under 30,$0k–$16k,$30k–$37k,2,Debit,Mastercard debit,2010,Customer's first card,,$0k–$12k
4029,248,Visa,Debit,4747815633973046,08/2021,914,YES,1,9741,07/2014,2014,No,2014-07-01,24175,60.153265,56.833265,60.153265,10786.53,12.0,60.153265,56.833265,60.153265,False,80,27.95,-82.48,13254,13596,4,Florida,FL,South,True,74.0,70+,$0k–$16k,$0k–$30k,4,Debit,Visa debit,2014,Extra card,,$0k–$12k
3130,1003,Discover,Credit,6369515530338470,10/2024,852,YES,2,21000,05/2013,2013,No,2013-05-01,24161,2635.41798,1512.21798,2635.41798,151511.11,12.0,2635.41798,1512.21798,2635.41798,True,51,40.2,-74.78,39495,80526,1,New Jersey,NJ,Northeast,True,44.0,40–49,$28k–$163k,$58k–$280k,1,Credit,Discover credit,2013,Customer's first card,$15k–$98k,
3557,118,Visa,Debit,4142110459052351,09/2024,112,YES,1,20653,06/2012,2012,No,2012-06-01,24150,35.796245,34.746245,35.796245,6521.49,12.0,35.796245,34.746245,35.796245,False,56,33.52,-86.79,15471,31533,3,Alabama,AL,South,True,48.0,40–49,$0k–$16k,$30k–$37k,3,Debit,Visa debit,2012,Extra card,,$20k–$27k
4797,755,Visa,Debit,4152201825251056,12/2022,314,YES,2,10756,09/2010,2018,No,2010-09-01,24129,37.98785,33.53785,37.98785,8171.7,12.0,37.98785,33.53785,37.98785,False,74,33.82,-78.67,13409,23137,5,South Carolina,SC,South,True,65.0,60–69,$0k–$16k,$0k–$30k,5,Debit,Visa debit,2010,Extra card,,$0k–$12k
2757,755,Discover,Credit,6854474888626753,01/2020,26,YES,3,4900,04/2016,2016,No,2016-04-01,24196,206.76114,154.92114,206.76114,13609.73,12.0,206.76114,154.92114,206.76114,False,74,33.82,-78.67,13409,23137,5,South Carolina,SC,South,True,70.0,70+,$0k–$16k,$0k–$30k,5,Credit,Discover credit,2016,Extra card,$0k–$6k,
2321,755,Visa,Debit,4668572513233214,08/2021,346,YES,2,11869,03/2013,2013,No,2013-03-01,24159,30.3617,28.8117,30.3617,5697.4,12.0,30.3617,28.8117,30.3617,False,74,33.82,-78.67,13409,23137,5,South Carolina,SC,South,True,67.0,60–69,$0k–$16k,$0k–$30k,5,Debit,Visa debit,2013,Extra card,,$0k–$12k
2726,1432,Mastercard,Debit,5033363979740914,07/2022,246,YES,2,25740,04/2014,2014,No,2014-04-01,24172,103.84852,101.40852,103.84852,16510.04,12.0,103.84852,101.40852,103.84852,False,42,40.96,-74.61,34205,69747,4,New Jersey,NJ,Northeast,True,36.0,30–39,$28k–$163k,$58k–$280k,4,Debit,Mastercard debit,2014,Extra card,,$20k–$27k
5630,47,Visa,Debit (Prepaid),4163402116623079,12/2021,57,YES,2,100,11/2010,2010,No,2010-11-01,24131,0.0,0.0,54.20327,6252.54,12.0,0.0,0.0,54.20327,False,47,40.84,-73.87,12475,25434,4,New York,NY,Northeast,True,38.0,30–39,$0k–$16k,$0k–$30k,4,Prepaid,Visa prepaid,2010,Extra card,,
5670,760,Mastercard,Debit,5089677231892699,05/2022,95,YES,1,17393,11/2012,2012,No,2012-11-01,24155,121.567825,83.437825,121.567825,20149.65,12.0,121.567825,83.437825,121.567825,False,56,39.98,-82.98,18420,37558,3,Ohio,OH,Midwest,True,49.0,40–49,$16k–$19k,$37k–$45k,3,Debit,Mastercard debit,2012,Extra card,,$16k–$20k
4379,760,Visa,Debit (Prepaid),4328570434774826,01/2023,822,NO,1,59,08/2011,2011,No,2011-08-01,24140,0.0,0.0,144.91872999999998,14395.46,12.0,0.0,0.0,144.91872999999998,False,56,39.98,-82.98,18420,37558,3,Ohio,OH,Midwest,True,48.0,40–49,$16k–$19k,$37k–$45k,3,Prepaid,Visa prepaid,2011,Extra card,,
4810,1246,Mastercard,Debit,5019373098063506,05/2024,803,NO,1,16257,09/2011,2011,No,2011-09-01,24141,55.491725,51.511725,55.491725,10344.45,12.0,55.491725,51.511725,55.491725,False,49,30.76,-88.12,15207,31008,4,Alabama,AL,South,True,41.0,40–49,$0k–$16k,$30k–$37k,4,Debit,Mastercard debit,2011,Extra card,,$16k–$20k
2774,641,Visa,Debit,4090737232864595,04/2019,873,YES,2,18401,04/2017,2017,No,2017-04-01,24208,88.956965,85.21696499999999,88.956965,14382.93,12.0,88.956965,85.21696499999999,88.956965,False,62,39.98,-82.98,18420,37556,6,Ohio,OH,Midwest,True,59.0,50–59,$16k–$19k,$37k–$45k,6+,Debit,Visa debit,2017,Extra card,,$16k–$20k
4456,641,Mastercard,Debit,5932134708405084,02/2020,290,YES,1,17946,08/2016,2016,No,2016-08-01,24200,95.63267,93.12267,95.63267,16186.34,12.0,95.63267,93.12267,95.63267,False,62,39.98,-82.98,18420,37556,6,Ohio,OH,Midwest,True,59.0,50–59,$16k–$19k,$37k–$45k,6+,Debit,Mastercard debit,2016,Extra card,,$16k–$20k
5216,1060,Visa,Debit,4810039258739759,05/2023,199,YES,2,14114,10/2010,2010,No,2010-10-01,24130,53.92461,47.17461,53.92461,13035.22,12.0,53.92461,47.17461,53.92461,False,76,39.77,-86.14,17909,21547,5,Indiana,IN,Midwest,True,67.0,60–69,$16k–$19k,$0k–$30k,5,Debit,Visa debit,2010,Extra card,,$12k–$16k
5326,1060,Visa,Credit,4542199497010950,05/2022,720,YES,2,6500,10/2017,2017,No,2017-10-01,24214,110.19852,79.23852,110.19852,6339.14,12.0,110.19852,79.23852,110.19852,False,76,39.77,-86.14,17909,21547,5,Indiana,IN,Midwest,True,74.0,70+,$16k–$19k,$0k–$30k,5,Credit,Visa credit,2017,Extra card,$6k–$9k,
4362,774,Mastercard,Debit,5895713697224705,09/2022,258,YES,2,1669,08/2011,2016,No,2011-08-01,24140,90.8495,81.3795,90.8495,21661.0,12.0,90.8495,81.3795,90.8495,False,46,42.41,-114.59,16378,33395,2,Idaho,ID,West,True,38.0,30–39,$16k–$19k,$30k–$37k,2,Debit,Mastercard debit,2011,Extra card,,$0k–$12k
4462,1209,Mastercard,Credit,5084380925956677,10/2017,617,NO,1,4300,08/2017,2017,No,2017-08-01,24212,136.87398,132.91397999999998,136.87398,8067.11,3.0,136.87398,132.91397999999998,136.87398,False,45,40.94,-73.86,31299,63815,6,New York,NY,Northeast,True,43.0,40–49,$28k–$163k,$58k–$280k,6+,Credit,Mastercard credit,2017,Extra card,$0k–$6k,
2261,997,Visa,Credit,4887678666553627,02/2021,224,YES,1,17100,03/2010,2011,No,2010-03-01,24123,543.06144,543.06144,543.06144,32003.08,12.0,543.06144,543.06144,543.06144,False,57,32.64,-116.98,26957,54963,4,California,CA,West,True,47.0,40–49,$23k–$28k,$45k–$58k,4,Credit,Visa credit,2010,Extra card,$15k–$98k,
6108,997,Mastercard,Debit (Prepaid),5003576204537961,12/2020,14,YES,1,57,12/2015,2015,No,2015-12-01,24192,0.0,0.0,425.611055,39931.11,12.0,0.0,0.0,425.611055,False,57,32.64,-116.98,26957,54963,4,California,CA,West,True,53.0,50–59,$23k–$28k,$45k–$58k,4,Prepaid,Mastercard prepaid,2015,Extra card,,
6041,1180,Mastercard,Credit,5993329445307051,06/2023,375,YES,1,11200,12/2011,2016,No,2011-12-01,24144,1144.64718,1100.72718,1144.64718,68550.51,12.0,1144.64718,1100.72718,1144.64718,True,28,40.71,-73.99,17624,35940,3,New York,NY,Northeast,True,20.0,Under 30,$16k–$19k,$30k–$37k,3,Credit,Mastercard credit,2011,Customer's first card,$9k–$11k,
3157,1993,Visa,Debit,4474146136597583,06/2015,298,YES,1,54768,05/2014,2014,No,2014-05-01,24173,39.33841,38.21841,39.33841,12794.82,12.0,39.33841,38.21841,39.33841,False,59,37.35,-122.03,45509,92785,6,California,CA,West,True,53.0,50–59,$28k–$163k,$58k–$280k,6+,Debit,Visa debit,2014,Extra card,,$27k–$138k
271,252,Mastercard,Debit (Prepaid),5762124532464441,10/2024,43,YES,2,35,01/2011,2011,No,2011-01-01,24133,0.0,0.0,27.260325,1698.65,12.0,0.0,0.0,27.260325,False,67,40.58,-82.42,17161,34985,6,Ohio,OH,Midwest,True,58.0,50–59,$16k–$19k,$30k–$37k,6+,Prepaid,Mastercard prepaid,2011,Extra card,,
2685,1757,Visa,Debit,4126600786733032,10/2023,380,YES,1,12628,04/2011,2012,No,2011-04-01,24136,84.65772,84.65772,84.65772,12227.44,12.0,84.65772,84.65772,84.65772,False,39,40.19,-85.39,20644,42086,4,Indiana,IN,Midwest,True,30.0,30–39,$19k–$23k,$37k–$45k,4,Debit,Visa debit,2011,Extra card,,$12k–$16k
4820,1757,Visa,Debit,4770016969284052,03/2016,688,YES,1,16642,09/2011,2011,No,2011-09-01,24141,56.10843,56.10843,56.10843,7808.86,12.0,56.10843,56.10843,56.10843,False,39,40.19,-85.39,20644,42086,4,Indiana,IN,Midwest,True,31.0,30–39,$19k–$23k,$37k–$45k,4,Debit,Visa debit,2011,Extra card,,$16k–$20k
3054,1324,Mastercard,Debit,5147547789135485,12/2020,635,YES,1,13013,05/2010,2012,No,2010-05-01,24125,55.247685,52.897685,55.247685,12647.37,12.0,55.247685,52.897685,55.247685,False,45,27.33,-82.54,19065,38872,4,Florida,FL,South,True,35.0,30–39,$19k–$23k,$37k–$45k,4,Debit,Mastercard debit,2010,Extra card,,$12k–$16k
6098,1557,Discover,Credit,6263143688274935,04/2020,750,YES,2,9000,12/2014,2014,No,2014-12-01,24180,101.4876,84.2076,101.4876,6486.2,12.0,101.4876,84.2076,101.4876,False,50,45.45,-122.79,23687,48295,3,Oregon,OR,West,True,45.0,40–49,$23k–$28k,$45k–$58k,3,Credit,Discover credit,2014,Extra card,$9k–$11k,
6042,1555,Mastercard,Debit (Prepaid),5313709235716865,04/2022,105,YES,2,50,12/2011,2011,No,2011-12-01,24144,0.0,0.0,41.27419,6335.38,12.0,0.0,0.0,41.27419,True,28,34.01,-86.01,19474,39708,3,Alabama,AL,South,True,20.0,Under 30,$19k–$23k,$37k–$45k,3,Prepaid,Mastercard prepaid,2011,Customer's first card,,
3190,1555,Mastercard,Credit,5004140207005826,12/2024,826,YES,2,2300,05/2017,2017,No,2017-05-01,24209,453.63222,334.47222,453.63222,26257.79,12.0,453.63222,334.47222,453.63222,False,28,34.01,-86.01,19474,39708,3,Alabama,AL,South,True,25.0,Under 30,$19k–$23k,$37k–$45k,3,Credit,Mastercard credit,2017,Extra card,$0k–$6k,
1334,156,Amex,Credit,338476518852926,05/2021,955,YES,2,5200,02/2014,2014,No,2014-02-01,24170,117.34344,117.34344,117.34344,7071.08,12.0,212.34344,212.34344,212.34344,False,36,34.08,-117.46,13739,28007,4,California,CA,West,True,30.0,30–39,$0k–$16k,$0k–$30k,4,Credit,Amex credit,2014,Extra card,$0k–$6k,
2249,949,Mastercard,Debit,5026926528558439,06/2023,88,YES,2,15813,03/2010,2011,No,2010-03-01,24123,213.45,197.75,213.45,62944.0,12.0,213.45,197.75,213.45,True,29,40.45,-74.48,31234,63684,5,New Jersey,NJ,Northeast,True,19.0,Under 30,$28k–$163k,$58k–$280k,5,Debit,Mastercard debit,2010,Customer's first card,,$12k–$16k
3549,949,Mastercard,Credit,5272390505326909,06/2022,137,YES,2,8000,06/2012,2012,No,2012-06-01,24150,593.37972,545.49972,593.37972,35030.54,12.0,593.37972,545.49972,593.37972,False,29,40.45,-74.48,31234,63684,5,New Jersey,NJ,Northeast,True,21.0,Under 30,$28k–$163k,$58k–$280k,5,Credit,Mastercard credit,2012,Extra card,$6k–$9k,
3598,1281,Visa,Credit,4150741409734991,08/2021,36,YES,2,6600,06/2015,2015,No,2015-06-01,24186,40.01274,37.132740000000005,40.01274,3055.9300000000003,12.0,40.01274,37.132740000000005,40.01274,False,92,34.1,-117.38,14632,26546,6,California,CA,West,True,87.0,70+,$0k–$16k,$0k–$30k,6+,Credit,Visa credit,2015,Extra card,$6k–$9k,
4775,1281,Mastercard,Debit,5111772382182985,11/2022,613,YES,2,15149,09/2010,2010,No,2010-09-01,24129,32.60739,29.54739,32.60739,6950.780000000001,12.0,32.60739,29.54739,32.60739,False,92,34.1,-117.38,14632,26546,6,California,CA,West,True,83.0,70+,$0k–$16k,$0k–$30k,6+,Debit,Mastercard debit,2010,Extra card,,$12k–$16k
3095,1281,Mastercard,Credit,5360137436970945,01/2017,838,YES,1,10100,05/2011,2016,No,2011-05-01,24137,135.09684,112.05684,135.09684,8722.380000000001,12.0,135.09684,112.05684,135.09684,False,92,34.1,-117.38,14632,26546,6,California,CA,West,True,83.0,70+,$0k–$16k,$0k–$30k,6+,Credit,Mastercard credit,2011,Extra card,$9k–$11k,
3589,1281,Mastercard,Credit,5984801708604393,03/2019,199,YES,2,3600,06/2015,2015,No,2015-06-01,24186,36.240480000000005,33.72048,36.240480000000005,2129.36,11.0,36.240480000000005,33.72048,36.240480000000005,False,92,34.1,-117.38,14632,26546,6,California,CA,West,True,87.0,70+,$0k–$16k,$0k–$30k,6+,Credit,Mastercard credit,2015,Extra card,$0k–$6k,
3163,433,Mastercard,Debit,5647678785895097,10/2024,728,YES,1,10179,05/2015,2015,No,2015-05-01,24185,69.16394,68.90394,69.16394,13909.88,12.0,69.16394,68.90394,69.16394,False,49,39.38,-89.07,15676,31957,6,Illinois,IL,Midwest,True,44.0,40–49,$0k–$16k,$30k–$37k,6+,Debit,Mastercard debit,2015,Extra card,,$0k–$12k
2370,433,Amex,Credit,365863370015670,08/2020,62,YES,2,12600,03/2018,2018,No,2018-03-01,24219,228.339,226.179,228.339,13230.5,12.0,323.339,321.179,323.339,False,49,39.38,-89.07,15676,31957,6,Illinois,IL,Midwest,True,47.0,40–49,$0k–$16k,$30k–$37k,6+,Credit,Amex credit,2018,Extra card,$11k–$15k,
4866,433,Visa,Debit (Prepaid),4441251898273999,12/2017,539,YES,1,96,09/2013,2013,No,2013-09-01,24165,0.0,0.0,82.668915,9467.83,12.0,0.0,0.0,82.668915,False,49,39.38,-89.07,15676,31957,6,Illinois,IL,Midwest,True,43.0,40–49,$0k–$16k,$30k–$37k,6+,Prepaid,Visa prepaid,2013,Extra card,,
5606,433,Mastercard,Debit (Prepaid),5758062322827453,02/2020,705,YES,1,73,11/2010,2010,No,2010-11-01,24131,0.0,0.0,126.042955,13111.91,12.0,0.0,0.0,126.042955,False,49,39.38,-89.07,15676,31957,6,Illinois,IL,Midwest,True,40.0,40–49,$0k–$16k,$30k–$37k,6+,Prepaid,Mastercard prepaid,2010,Extra card,,
4040,584,Visa,Credit,4420105255078893,04/2021,771,YES,1,6500,07/2015,2015,No,2015-07-01,24187,82.09062,74.53062,82.09062,4697.59,12.0,82.09062,74.53062,82.09062,False,61,38.66,-121.37,14318,29195,3,California,CA,West,True,56.0,50–59,$0k–$16k,$0k–$30k,3,Credit,Visa credit,2015,Extra card,$6k–$9k,
4821,222,Visa,Debit,4677263098292783,10/2014,224,YES,1,46521,09/2011,2012,No,2011-09-01,24141,67.394145,66.86414500000001,67.394145,29290.29,12.0,67.394145,66.86414500000001,67.394145,False,48,33.76,-84.33,45818,93417,3,Georgia,GA,South,True,40.0,40–49,$28k–$163k,$58k–$280k,3,Debit,Visa debit,2011,Extra card,,$27k–$138k
3474,648,Mastercard,Credit,5409476939542313,01/2020,683,YES,1,9200,06/2010,2010,No,2010-06-01,24126,137.97144,130.41144,137.97144,9689.08,12.0,137.97144,130.41144,137.97144,False,40,32.78,-108.26,14642,29854,3,New Mexico,NM,West,True,30.0,30–39,$0k–$16k,$0k–$30k,3,Credit,Mastercard credit,2010,Extra card,$9k–$11k,
2694,1229,Mastercard,Debit (Prepaid),5325455545002997,10/2023,421,YES,2,74,04/2012,2012,No,2012-04-01,24148,0.0,0.0,28.982705,3299.41,12.0,0.0,0.0,28.982705,False,50,35.18,-79.46,24206,49350,6,North Carolina,NC,South,True,42.0,40–49,$23k–$28k,$45k–$58k,6+,Prepaid,Mastercard prepaid,2012,Extra card,,
272,1229,Mastercard,Debit,5896034364726407,01/2023,588,YES,1,19238,01/2011,2011,No,2011-01-01,24133,56.08806,54.24806,56.08806,11729.12,12.0,56.08806,54.24806,56.08806,False,50,35.18,-79.46,24206,49350,6,North Carolina,NC,South,True,41.0,40–49,$23k–$28k,$45k–$58k,6+,Debit,Mastercard debit,2011,Extra card,,$16k–$20k
4448,1656,Mastercard,Debit,5955659249394046,09/2020,572,YES,2,20097,08/2015,2015,No,2015-08-01,24188,153.76638,148.97638,153.76638,26625.76,12.0,153.76638,148.97638,153.76638,True,35,45.87,-95.37,20179,41141,3,Minnesota,MN,Midwest,True,31.0,30–39,$19k–$23k,$37k–$45k,3,Debit,Mastercard debit,2015,Customer's first card,,$16k–$20k
4872,480,Mastercard,Credit,5820692615463304,08/2023,905,YES,2,23400,09/2014,2014,No,2014-09-01,24177,208.57284,201.73284,208.57284,12645.38,12.0,208.57284,201.73284,208.57284,False,50,37.91,-122.01,42234,86113,6,California,CA,West,True,45.0,40–49,$28k–$163k,$58k–$280k,6+,Credit,Mastercard credit,2014,Extra card,$15k–$98k,
5607,480,Mastercard,Debit (Prepaid),5990674029501133,03/2023,331,YES,1,48,11/2010,2012,No,2010-11-01,24131,0.0,0.0,46.18116,3909.32,12.0,0.0,0.0,46.18116,False,50,37.91,-122.01,42234,86113,6,California,CA,West,True,41.0,40–49,$28k–$163k,$58k–$280k,6+,Prepaid,Mastercard prepaid,2010,Extra card,,
2764,569,Visa,Credit,4345309820081331,08/2022,761,YES,2,5900,04/2016,2016,No,2016-04-01,24196,441.30708,426.90708,441.30708,29549.06,12.0,441.30708,426.90708,441.30708,True,52,34.83,-92.2,22377,45625,1,Arkansas,AR,South,True,48.0,40–49,$19k–$23k,$45k–$58k,1,Credit,Visa credit,2016,Customer's first card,$0k–$6k,
5608,1600,Mastercard,Debit,5986596679422097,03/2021,556,YES,2,5059,11/2010,2010,No,2010-11-01,24131,77.58489999999999,75.6949,77.58489999999999,19244.8,12.0,77.58489999999999,75.6949,77.58489999999999,False,62,47.67,-122.18,49629,101193,3,Washington,WA,West,True,53.0,50–59,$28k–$163k,$58k–$280k,3,Debit,Mastercard debit,2010,Extra card,,$0k–$12k
3498,1063,Visa,Credit,4724626131573867,06/2023,408,YES,1,9300,06/2010,2010,No,2010-06-01,24126,573.94134,572.86134,573.94134,33091.630000000005,12.0,573.94134,572.86134,573.94134,False,64,41.91,-89.06,18590,37898,5,Illinois,IL,Midwest,True,54.0,50–59,$16k–$19k,$37k–$45k,5,Credit,Visa credit,2010,Extra card,$9k–$11k,
5683,1063,Mastercard,Debit,5487742107326265,07/2015,71,YES,1,28805,11/2013,2013,No,2013-11-01,24167,117.43099,116.08099,117.43099,16741.98,12.0,117.43099,116.08099,117.43099,False,64,41.91,-89.06,18590,37898,5,Illinois,IL,Midwest,True,58.0,50–59,$16k–$19k,$37k–$45k,5,Debit,Mastercard debit,2013,Extra card,,$27k–$138k
3475,32,Mastercard,Debit,5694871166428059,12/2020,965,NO,2,11121,06/2010,2013,No,2010-06-01,24126,36.33616,35.10616,36.33616,5671.32,12.0,36.33616,35.10616,36.33616,False,82,40.31,-79.54,23074,52315,4,Pennsylvania,PA,Northeast,True,72.0,70+,$23k–$28k,$45k–$58k,4,Debit,Mastercard debit,2010,Extra card,,$0k–$12k
3161,104,Discover,Credit,6464999389821775,09/2020,611,YES,1,6300,05/2015,2015,No,2015-05-01,24185,346.82382,335.30382,346.82382,21168.99,12.0,346.82382,335.30382,346.82382,False,33,32.69,-97.01,18334,37384,3,Texas,TX,South,True,28.0,Under 30,$16k–$19k,$37k–$45k,3,Credit,Discover credit,2015,Extra card,$6k–$9k,
3964,1106,Amex,Credit,355949624026502,12/2012,895,YES,2,11000,07/2011,2011,No,2011-07-01,24139,236.84094,236.48094,236.84094,14344.83,12.0,331.84094,331.48094000000003,331.84094,False,62,34.13,-118.24,16842,20783,3,California,CA,West,True,53.0,50–59,$16k–$19k,$0k–$30k,3,Credit,Amex credit,2011,Extra card,$9k–$11k,
2335,1106,Visa,Debit,4093331419395756,12/2023,813,YES,1,16927,03/2014,2014,No,2014-03-01,24171,130.72248,128.73247999999998,130.72248,14927.96,12.0,130.72248,128.73247999999998,130.72248,False,62,34.13,-118.24,16842,20783,3,California,CA,West,True,56.0,50–59,$16k–$19k,$0k–$30k,3,Debit,Visa debit,2014,Extra card,,$16k–$20k
2250,1786,Mastercard,Debit,5212105993740368,09/2023,749,YES,1,12127,03/2010,2010,No,2010-03-01,24123,83.26429499999999,82.584295,83.26429499999999,7547.59,12.0,83.26429499999999,82.584295,83.26429499999999,False,48,40.83,-81.26,18936,38611,5,Ohio,OH,Midwest,True,38.0,30–39,$16k–$19k,$37k–$45k,5,Debit,Mastercard debit,2010,Extra card,,$12k–$16k
3581,53,Mastercard,Debit,5671275511039267,07/2024,152,NO,2,16923,06/2014,2014,No,2014-06-01,24174,279.05634499999996,275.906345,279.05634499999996,52609.69,12.0,279.05634499999996,275.906345,279.05634499999996,False,49,38.62,-120.62,19471,39700,3,California,CA,West,True,43.0,40–49,$19k–$23k,$37k–$45k,3,Debit,Mastercard debit,2014,Extra card,,$16k–$20k
2275,1163,Mastercard,Credit,5056525550531002,07/2022,251,YES,2,22200,03/2011,2011,No,2011-03-01,24135,268.96698,262.84698,268.96698,16701.61,12.0,268.96698,262.84698,268.96698,False,45,29.99,-95.26,32943,67170,3,Texas,TX,South,True,36.0,30–39,$28k–$163k,$58k–$280k,3,Credit,Mastercard credit,2011,Extra card,$15k–$98k,
5227,230,Amex,Credit,327212376390677,08/2023,611,YES,2,8700,10/2011,2013,No,2011-10-01,24142,79.5636,79.5636,79.5636,4672.2,12.0,174.5636,174.5636,174.5636,False,39,30.44,-91.12,17412,35501,4,Louisiana,LA,South,True,31.0,30–39,$16k–$19k,$30k–$37k,4,Credit,Amex credit,2011,Extra card,$9k–$11k,
1301,1066,Mastercard,Debit,5803246848212927,08/2023,269,YES,2,20060,02/2012,2012,No,2012-02-01,24146,219.237935,91.517935,219.237935,67608.87,12.0,219.237935,91.517935,219.237935,False,46,40.27,-75.26,26545,54124,2,Pennsylvania,PA,Northeast,True,38.0,30–39,$23k–$28k,$45k–$58k,2,Debit,Mastercard debit,2012,Extra card,,$16k–$20k
5993,1926,Discover,Credit,6892639215588426,07/2020,873,YES,1,9100,12/2010,2013,No,2010-12-01,24132,151.62444,149.82444,151.62444,9615.58,12.0,151.62444,149.82444,151.62444,False,70,28.78,-81.27,17736,26574,3,Florida,FL,South,True,61.0,60–69,$16k–$19k,$0k–$30k,3,Credit,Discover credit,2010,Extra card,$9k–$11k,
2631,27,Discover,Credit,6392121692006580,11/2023,277,YES,1,13100,04/2010,2013,No,2010-04-01,24124,210.91068,186.79068,210.91068,13205.26,12.0,210.91068,186.79068,210.91068,False,78,32.28,-90.0,22304,23821,8,Mississippi,MS,South,True,68.0,60–69,$19k–$23k,$0k–$30k,6+,Credit,Discover credit,2010,Extra card,$11k–$15k,
3055,27,Mastercard,Debit,5876088623884858,12/2014,299,NO,1,10488,05/2010,2010,No,2010-05-01,24125,36.139385,35.179384999999996,36.139385,7202.77,12.0,36.139385,35.179384999999996,36.139385,False,78,32.28,-90.0,22304,23821,8,Mississippi,MS,South,True,68.0,60–69,$19k–$23k,$0k–$30k,6+,Debit,Mastercard debit,2010,Extra card,,$0k–$12k
4035,27,Mastercard,Debit (Prepaid),5670263614078854,07/2024,491,YES,1,61,07/2015,2015,No,2015-07-01,24187,0.0,0.0,29.38691,3680.82,12.0,0.0,0.0,29.38691,False,78,32.28,-90.0,22304,23821,8,Mississippi,MS,South,True,73.0,70+,$19k–$23k,$0k–$30k,6+,Prepaid,Mastercard prepaid,2015,Extra card,,
3191,50,Mastercard,Debit,5332822054530194,07/2020,842,YES,2,29474,05/2017,2017,No,2017-05-01,24209,43.73335,43.73335,43.73335,6296.7,12.0,43.73335,43.73335,43.73335,False,68,45.82,-88.06,19243,39238,4,Wisconsin,WI,Midwest,True,65.0,60–69,$19k–$23k,$37k–$45k,4,Debit,Mastercard debit,2017,Extra card,,$27k–$138k
5194,50,Mastercard,Debit,5735247274529263,02/2017,131,YES,2,25612,10/2010,2010,No,2010-10-01,24130,52.82557,52.82557,52.82557,7962.14,12.0,52.82557,52.82557,52.82557,False,68,45.82,-88.06,19243,39238,4,Wisconsin,WI,Midwest,True,59.0,50–59,$19k–$23k,$37k–$45k,4,Debit,Mastercard debit,2010,Extra card,,$20k–$27k
247,50,Visa,Credit,4319140159818945,06/2023,418,YES,2,12700,01/2010,2010,No,2010-01-01,24121,223.21512,223.21512,223.21512,13865.84,12.0,223.21512,223.21512,223.21512,False,68,45.82,-88.06,19243,39238,4,Wisconsin,WI,Midwest,True,58.0,50–59,$19k–$23k,$37k–$45k,4,Credit,Visa credit,2010,Extra card,$11k–$15k,
1270,743,Mastercard,Debit,5434039936536227,01/2022,58,YES,1,11664,02/2011,2011,No,2011-02-01,24134,69.78048,64.62048,69.78048,17252.96,12.0,69.78048,64.62048,69.78048,False,44,35.64,-78.0,15938,32491,3,North Carolina,NC,South,True,35.0,30–39,$16k–$19k,$30k–$37k,3,Debit,Mastercard debit,2011,Extra card,,$0k–$12k
273,940,Mastercard,Debit,5543612189896625,09/2024,0,YES,2,26534,01/2011,2011,No,2011-01-01,24133,38.20226,37.72226,38.20226,5217.52,12.0,38.20226,37.72226,38.20226,False,49,25.77,-80.2,20499,41800,6,Florida,FL,South,True,40.0,40–49,$19k–$23k,$37k–$45k,6+,Debit,Mastercard debit,2011,Extra card,,$20k–$27k
3986,534,Visa,Debit,4434834942514583,04/2021,392,YES,1,24424,07/2011,2011,No,2011-07-01,24139,298.552625,214.252625,298.552625,72949.25,12.0,298.552625,214.252625,298.552625,True,27,41.72,-93.6,29680,60510,3,Iowa,IA,Midwest,True,18.0,Under 30,$28k–$163k,$58k–$280k,3,Debit,Visa debit,2011,Customer's first card,,$20k–$27k
336,534,Visa,Debit,4357162101921894,04/2024,602,YES,2,32659,01/2014,2014,No,2014-01-01,24169,160.265045,119.985045,160.265045,35338.09,12.0,160.265045,119.985045,160.265045,False,27,41.72,-93.6,29680,60510,3,Iowa,IA,Midwest,True,21.0,Under 30,$28k–$163k,$58k–$280k,3,Debit,Visa debit,2014,Extra card,,$27k–$138k
4068,59,Mastercard,Debit,5139260275619902,12/2018,356,YES,1,14939,07/2018,2018,No,2018-07-01,24223,38.856615,38.606615,38.856615,4765.2300000000005,6.0,38.856615,38.606615,38.856615,False,85,32.78,-108.26,16654,25066,7,New Mexico,NM,West,True,83.0,70+,$16k–$19k,$0k–$30k,6+,Debit,Mastercard debit,2018,Extra card,,$12k–$16k
5195,59,Mastercard,Credit,5287886813527779,09/2021,710,YES,1,6800,10/2010,2010,No,2010-10-01,24130,114.38712,105.38712,114.38712,6823.84,12.0,114.38712,105.38712,114.38712,False,85,32.78,-108.26,16654,25066,7,New Mexico,NM,West,True,76.0,70+,$16k–$19k,$0k–$30k,6+,Credit,Mastercard credit,2010,Extra card,$6k–$9k,
2737,1908,Visa,Debit,4667494597335921,04/2016,716,YES,1,23053,04/2014,2014,No,2014-04-01,24172,66.39605,65.86605,66.39605,20874.1,12.0,66.39605,65.86605,66.39605,False,78,35.97,-83.94,24801,44469,5,Tennessee,TN,South,True,72.0,70+,$23k–$28k,$37k–$45k,5,Debit,Visa debit,2014,Extra card,,$20k–$27k
4032,1908,Amex,Credit,375809277251923,02/2024,763,NO,1,2900,07/2015,2015,No,2015-07-01,24187,547.87104,539.59104,547.87104,33077.28,12.0,642.87104,634.59104,642.87104,False,78,35.97,-83.94,24801,44469,5,Tennessee,TN,South,True,73.0,70+,$23k–$28k,$37k–$45k,5,Credit,Amex credit,2015,Extra card,$0k–$6k,
3108,992,Visa,Debit,4374177951721878,12/2023,692,NO,2,23636,05/2011,2013,No,2011-05-01,24137,110.619895,109.229895,110.619895,25591.79,12.0,110.619895,109.229895,110.619895,False,46,37.37,-77.5,26918,54881,4,Virginia,VA,South,True,37.0,30–39,$23k–$28k,$45k–$58k,4,Debit,Visa debit,2011,Extra card,,$20k–$27k
305,198,Visa,Credit,4539993816741443,03/2023,11,YES,1,6900,01/2012,2012,No,2012-01-01,24145,311.08014000000003,286.24014,311.08014000000003,19651.23,12.0,311.08014000000003,286.24014,311.08014000000003,False,49,27.95,-82.48,15447,31497,3,Florida,FL,South,True,41.0,40–49,$0k–$16k,$30k–$37k,3,Credit,Visa credit,2012,Extra card,$6k–$9k,
3177,198,Mastercard,Debit,5101124751213938,11/2022,652,YES,2,13689,05/2016,2016,No,2016-05-01,24197,65.51622,62.75622,65.51622,14948.44,12.0,65.51622,62.75622,65.51622,False,49,27.95,-82.48,15447,31497,3,Florida,FL,South,True,45.0,40–49,$0k–$16k,$30k–$37k,3,Debit,Mastercard debit,2016,Extra card,,$12k–$16k
5196,1813,Mastercard,Credit,5098671138116677,12/2011,455,YES,1,7900,10/2010,2010,No,2010-10-01,24130,371.80368,370.72368,371.80368,21347.76,12.0,371.80368,370.72368,371.80368,False,35,35.82,-87.01,27637,56350,4,Tennessee,TN,South,True,26.0,Under 30,$23k–$28k,$45k–$58k,4,Credit,Mastercard credit,2010,Extra card,$6k–$9k,
4036,1989,Mastercard,Credit,5131036676128155,08/2024,342,YES,2,14300,07/2015,2015,No,2015-07-01,24187,518.42106,478.10106,518.42106,29754.17,12.0,518.42106,478.10106,518.42106,False,31,38.81,-76.75,33295,67886,4,Maryland,MD,South,True,26.0,Under 30,$28k–$163k,$58k–$280k,4,Credit,Mastercard credit,2015,Extra card,$11k–$15k,
3128,1148,Visa,Debit,4536763812166738,01/2021,475,YES,1,11068,05/2012,2012,No,2012-05-01,24149,109.208675,108.938675,109.208675,20509.35,12.0,109.208675,108.938675,109.208675,False,54,39.95,-75.16,18007,36711,4,Pennsylvania,PA,Northeast,True,46.0,40–49,$16k–$19k,$30k–$37k,4,Debit,Visa debit,2012,Extra card,,$0k–$12k
1286,1148,Visa,Credit,4074614873243599,12/2020,16,YES,1,9400,02/2011,2011,No,2011-02-01,24134,329.67126,322.47126,329.67126,22122.07,12.0,329.67126,322.47126,329.67126,False,54,39.95,-75.16,18007,36711,4,Pennsylvania,PA,Northeast,True,45.0,40–49,$16k–$19k,$30k–$37k,4,Credit,Visa credit,2011,Extra card,$9k–$11k,
3131,872,Discover,Credit,6591224063219779,10/2020,174,YES,2,4100,05/2013,2013,No,2013-05-01,24161,201.93642,91.41642,201.93642,11818.69,12.0,201.93642,91.41642,201.93642,False,61,41.88,-87.84,15451,31505,4,Illinois,IL,Midwest,True,54.0,50–59,$0k–$16k,$30k–$37k,4,Credit,Discover credit,2013,Extra card,$0k–$6k,
5609,872,Mastercard,Credit,5418010568255294,06/2018,205,YES,2,7400,11/2010,2012,No,2010-11-01,24131,293.22252,113.22252,293.22252,17023.14,12.0,293.22252,113.22252,293.22252,False,61,41.88,-87.84,15451,31505,4,Illinois,IL,Midwest,True,52.0,50–59,$0k–$16k,$30k–$37k,4,Credit,Mastercard credit,2010,Extra card,$6k–$9k,
3113,920,Amex,Credit,341587958222262,06/2024,281,YES,2,10000,05/2012,2012,No,2012-05-01,24149,101.33676,90.89676,101.33676,7059.82,12.0,196.33676,185.89676,196.33676,False,41,35.11,-106.62,14078,28704,2,New Mexico,NM,West,True,33.0,30–39,$0k–$16k,$0k–$30k,2,Credit,Amex credit,2012,Extra card,$9k–$11k,
2758,1598,Discover,Credit,6844863173851964,11/2024,435,YES,2,8700,04/2016,2016,No,2016-04-01,24196,25.04898,25.04898,25.04898,1883.61,12.0,25.04898,25.04898,25.04898,False,82,36.83,-119.79,12508,26126,5,California,CA,West,True,78.0,70+,$0k–$16k,$0k–$30k,5,Credit,Discover credit,2016,Extra card,$9k–$11k,
4776,1598,Mastercard,Credit,5631203582527418,10/2023,995,YES,1,5700,09/2010,2015,No,2010-09-01,24129,77.49756,73.53756,77.49756,5145.42,12.0,77.49756,73.53756,77.49756,False,82,36.83,-119.79,12508,26126,5,California,CA,West,True,73.0,70+,$0k–$16k,$0k–$30k,5,Credit,Mastercard credit,2010,Extra card,$0k–$6k,
1348,1598,Visa,Credit,4530836617790002,06/2022,596,YES,2,3400,02/2014,2014,No,2014-02-01,24170,44.87706,36.95706,44.87706,2558.17,12.0,44.87706,36.95706,44.87706,False,82,36.83,-119.79,12508,26126,5,California,CA,West,True,76.0,70+,$0k–$16k,$0k–$30k,5,Credit,Visa credit,2014,Extra card,$0k–$6k,
5708,1876,Mastercard,Debit,5705118094307247,08/2022,295,YES,1,29037,11/2015,2015,No,2015-11-01,24191,15.794,15.794,15.794,3093.0,12.0,15.794,15.794,15.794,False,50,38.05,-84.72,21869,44587,6,Kentucky,KY,South,True,46.0,40–49,$19k–$23k,$45k–$58k,6+,Debit,Mastercard debit,2015,Extra card,,$27k–$138k
5290,469,Mastercard,Debit,5317963113167475,08/2023,60,YES,1,26162,10/2014,2014,No,2014-10-01,24178,71.15449,71.15449,71.15449,11350.98,12.0,71.15449,71.15449,71.15449,False,67,33.88,-117.85,26675,46945,4,California,CA,West,True,62.0,60–69,$23k–$28k,$45k–$58k,4,Debit,Mastercard debit,2014,Extra card,,$20k–$27k
2686,469,Visa,Credit,4499974645760874,12/2024,556,YES,1,13700,04/2011,2014,No,2011-04-01,24136,500.3586,500.3586,500.3586,31890.7,12.0,500.3586,500.3586,500.3586,False,67,33.88,-117.85,26675,46945,4,California,CA,West,True,58.0,50–59,$23k–$28k,$45k–$58k,4,Credit,Visa credit,2011,Extra card,$11k–$15k,
3164,1851,Mastercard,Debit,5716512774333391,07/2024,690,YES,1,64059,05/2015,2015,No,2015-05-01,24185,48.50238,42.32489,48.50238,18192.76,12.0,48.50238,42.32489,48.50238,False,48,35.83,-78.83,37121,75682,5,North Carolina,NC,South,True,43.0,40–49,$28k–$163k,$58k–$280k,5,Debit,Mastercard debit,2015,Extra card,,$27k–$138k
6003,1851,Mastercard,Debit,5094889405071154,05/2022,229,YES,2,49790,12/2010,2010,No,2010-12-01,24132,37.056435,32.836435,37.056435,14074.87,12.0,37.056435,32.836435,37.056435,False,48,35.83,-78.83,37121,75682,5,North Carolina,NC,South,True,39.0,30–39,$28k–$163k,$58k–$280k,5,Debit,Mastercard debit,2010,Extra card,,$27k–$138k
4061,1523,Visa,Debit,4219882258727403,01/2020,656,YES,1,13438,07/2017,2017,No,2017-07-01,24211,63.492465,62.542465,63.492465,5912.93,12.0,63.492465,62.542465,63.492465,False,61,36.07,-79.82,19453,39661,4,North Carolina,NC,South,True,58.0,50–59,$19k–$23k,$37k–$45k,4,Debit,Visa debit,2017,Extra card,,$12k–$16k
2262,1523,Visa,Credit,4821384154009946,09/2024,7,YES,1,9600,03/2010,2011,No,2010-03-01,24123,95.25636,85.89636,95.25636,5908.02,12.0,95.25636,85.89636,95.25636,False,61,36.07,-79.82,19453,39661,4,North Carolina,NC,South,True,51.0,50–59,$19k–$23k,$37k–$45k,4,Credit,Visa credit,2010,Extra card,$9k–$11k,
4459,1195,Visa,Debit,4044587617721396,11/2021,838,YES,1,22765,08/2016,2016,No,2016-08-01,24200,62.50766,59.34766,62.50766,11815.32,12.0,62.50766,59.34766,62.50766,False,75,44.01,-92.47,23553,40696,6,Minnesota,MN,Midwest,True,72.0,70+,$23k–$28k,$37k–$45k,6+,Debit,Visa debit,2016,Extra card,,$20k–$27k
2645,432,Mastercard,Debit,5469440611983411,06/2018,723,YES,2,11625,04/2010,2012,No,2010-04-01,24124,33.58123,33.32123,33.58123,7376.46,12.0,33.58123,33.32123,33.58123,False,55,36.08,-81.92,13018,26546,5,North Carolina,NC,South,True,45.0,40–49,$0k–$16k,$0k–$30k,5,Debit,Mastercard debit,2010,Extra card,,$0k–$12k
2646,432,Mastercard,Credit,5944277345824239,11/2021,689,YES,2,5800,04/2010,2011,No,2010-04-01,24124,419.61744,391.1774400000001,419.61744,26102.08,12.0,419.61744,391.1774400000001,419.61744,False,55,36.08,-81.92,13018,26546,5,North Carolina,NC,South,True,45.0,40–49,$0k–$16k,$0k–$30k,5,Credit,Mastercard credit,2010,Extra card,$0k–$6k,
5187,1082,Discover,Credit,6713198244025271,10/2010,952,YES,2,11400,10/2010,2011,No,2010-10-01,24130,20.0835,8.2035,20.0835,1166.75,1.0,20.0835,8.2035,20.0835,False,34,37.23,-119.49,16643,33934,3,California,CA,West,True,25.0,Under 30,$16k–$19k,$30k–$37k,3,Credit,Discover credit,2010,Extra card,$11k–$15k,
3925,120,Discover,Credit,6960133989364222,12/2010,808,NO,1,21500,07/2010,2010,No,2010-07-01,24127,203.34708,191.10708,203.34708,12793.06,6.0,203.34708,191.10708,203.34708,False,50,42.88,-88.0,29924,61008,4,Wisconsin,WI,Midwest,True,40.0,40–49,$28k–$163k,$58k–$280k,4,Credit,Discover credit,2010,Extra card,$15k–$98k,
3558,120,Visa,Credit,4275721419388991,08/2012,125,YES,1,14000,06/2012,2012,No,2012-06-01,24150,102.80088,89.84088000000001,102.80088,6238.16,3.0,102.80088,89.84088000000001,102.80088,False,50,42.88,-88.0,29924,61008,4,Wisconsin,WI,Midwest,True,42.0,40–49,$28k–$163k,$58k–$280k,4,Credit,Visa credit,2012,Extra card,$11k–$15k,
5610,1289,Mastercard,Debit (Prepaid),5477226022582793,04/2018,961,NO,3,38,11/2010,2013,No,2010-11-01,24131,0.0,0.0,71.79091,4402.82,12.0,0.0,0.0,71.79091,True,33,26.14,-80.13,20995,42808,1,Florida,FL,South,True,24.0,Under 30,$19k–$23k,$37k–$45k,1,Prepaid,Mastercard prepaid,2010,Customer's first card,,
3999,1047,Mastercard,Debit,5909062238371484,04/2024,211,YES,1,27268,07/2012,2012,No,2012-07-01,24151,286.24010999999996,273.89011,286.24010999999996,71892.22,12.0,286.24010999999996,273.89011,286.24010999999996,True,26,37.55,-77.46,26269,53554,2,Virginia,VA,South,True,18.0,Under 30,$23k–$28k,$45k–$58k,2,Debit,Mastercard debit,2012,Customer's first card,,$27k–$138k
1271,0,Mastercard,Debit,5050211780967429,04/2021,316,YES,2,31490,02/2011,2011,No,2011-02-01,24134,170.96814999999998,169.30814999999998,170.96814999999998,30451.3,12.0,170.96814999999998,169.30814999999998,170.96814999999998,False,33,43.59,-70.33,29237,59613,4,Maine,ME,Northeast,True,24.0,Under 30,$28k–$163k,$58k–$280k,4,Debit,Mastercard debit,2011,Extra card,,$27k–$138k
2664,351,Visa,Debit,4760435386907937,01/2022,2,YES,2,5080,04/2010,2010,No,2010-04-01,24124,45.38493,42.82493,45.38493,7325.86,12.0,45.38493,42.82493,45.38493,False,91,40.77,-73.84,13810,17150,6,New York,NY,Northeast,True,81.0,70+,$0k–$16k,$0k–$30k,6+,Debit,Visa debit,2010,Extra card,,$0k–$12k
2244,351,Discover,Credit,6898335342234639,03/2022,107,YES,1,6000,03/2010,2016,No,2010-03-01,24123,126.8271,96.5871,126.8271,8216.95,12.0,126.8271,96.5871,126.8271,False,91,40.77,-73.84,13810,17150,6,New York,NY,Northeast,True,81.0,70+,$0k–$16k,$0k–$30k,6+,Credit,Discover credit,2010,Extra card,$0k–$6k,
299,1797,Mastercard,Debit,5586398791957987,03/2022,828,YES,1,27243,01/2012,2012,No,2012-01-01,24145,174.66770499999998,172.38770499999998,174.66770499999998,36833.41,12.0,174.66770499999998,172.38770499999998,174.66770499999998,False,67,37.71,-122.16,24971,30962,5,California,CA,West,True,59.0,50–59,$23k–$28k,$30k–$37k,5,Debit,Mastercard debit,2012,Extra card,,$27k–$138k
5660,1797,Visa,Debit,4144623277980192,10/2022,645,YES,2,16008,11/2011,2011,No,2011-11-01,24143,190.504385,184.354385,190.504385,38598.77,12.0,190.504385,184.354385,190.504385,False,67,37.71,-122.16,24971,30962,5,California,CA,West,True,59.0,50–59,$23k–$28k,$30k–$37k,5,Debit,Visa debit,2011,Extra card,,$16k–$20k
300,1797,Mastercard,Debit,5535701151074664,02/2022,987,YES,1,16279,01/2012,2012,No,2012-01-01,24145,169.625125,166.585125,169.625125,34066.25,12.0,169.625125,166.585125,169.625125,False,67,37.71,-122.16,24971,30962,5,California,CA,West,True,59.0,50–59,$23k–$28k,$30k–$37k,5,Debit,Mastercard debit,2012,Extra card,,$16k–$20k
4853,1797,Mastercard,Debit,5669514318855142,11/2014,958,NO,1,16003,09/2013,2013,No,2013-09-01,24165,137.50339499999998,134.463395,137.50339499999998,29026.79,12.0,137.50339499999998,134.463395,137.50339499999998,False,67,37.71,-122.16,24971,30962,5,California,CA,West,True,61.0,60–69,$23k–$28k,$30k–$37k,5,Debit,Mastercard debit,2013,Extra card,,$16k–$20k
1215,1919,Mastercard,Credit,5361975786587169,07/2024,39,YES,1,17400,02/2010,2010,No,2010-02-01,24122,667.46682,662.78682,667.46682,42126.49,12.0,667.46682,662.78682,667.46682,False,83,40.95,-72.19,37846,80493,5,New York,NY,Northeast,False,73.0,70+,$28k–$163k,$58k–$280k,5,Credit,Mastercard credit,2010,Extra card,$15k–$98k,
5709,1919,Mastercard,Debit,5623100773698393,03/2022,956,YES,2,28125,11/2015,2015,No,2015-11-01,24191,57.50588,57.50588,57.50588,9921.76,12.0,57.50588,57.50588,57.50588,False,83,40.95,-72.19,37846,80493,5,New York,NY,Northeast,False,79.0,70+,$28k–$163k,$58k–$280k,5,Debit,Mastercard debit,2015,Extra card,,$27k–$138k
2295,791,Amex,Credit,398644935987910,03/2023,22,YES,2,7900,03/2012,2012,No,2012-03-01,24147,121.78944,116.38944,121.78944,8049.08,12.0,216.78944,211.38944,216.78944,False,78,33.98,-117.65,22682,39263,4,California,CA,West,True,70.0,70+,$19k–$23k,$37k–$45k,4,Credit,Amex credit,2012,Extra card,$6k–$9k,
5228,791,Amex,Credit,384866850602533,09/2021,24,YES,1,10100,10/2011,2015,No,2011-10-01,24142,179.23194,171.67194,179.23194,12302.33,12.0,274.23194,266.67194,274.23194,False,78,33.98,-117.65,22682,39263,4,California,CA,West,True,70.0,70+,$19k–$23k,$37k–$45k,4,Credit,Amex credit,2011,Extra card,$9k–$11k,
2306,199,Visa,Debit,4879393662835541,12/2023,176,YES,1,32423,03/2012,2012,No,2012-03-01,24147,65.597675,63.777675,65.597675,8081.35,12.0,65.597675,63.777675,65.597675,False,67,33.1,-96.66,32580,78329,3,Texas,TX,South,True,59.0,50–59,$28k–$163k,$58k–$280k,3,Debit,Visa debit,2012,Extra card,,$27k–$138k
5661,199,Visa,Credit,4220895295503221,07/2015,14,YES,1,16900,11/2011,2011,No,2011-11-01,24143,450.81468,413.73468,450.81468,27511.26,12.0,450.81468,413.73468,450.81468,False,67,33.1,-96.66,32580,78329,3,Texas,TX,South,True,59.0,50–59,$28k–$163k,$58k–$280k,3,Credit,Visa credit,2011,Extra card,$15k–$98k,
4822,282,Visa,Debit,4179763879293617,02/2022,245,NO,1,4302,09/2011,2015,No,2011-09-01,24141,65.31959,64.11959,65.31959,7641.18,12.0,65.31959,64.11959,65.31959,False,42,29.45,-98.5,12547,25585,4,Texas,TX,South,True,34.0,30–39,$0k–$16k,$0k–$30k,4,Debit,Visa debit,2011,Extra card,,$0k–$12k
1287,282,Visa,Credit,4614912096462106,11/2020,84,YES,1,7300,02/2011,2011,No,2011-02-01,24134,93.51216,90.99216,93.51216,5750.12,12.0,93.51216,90.99216,93.51216,False,42,29.45,-98.5,12547,25585,4,Texas,TX,South,True,33.0,30–39,$0k–$16k,$0k–$30k,4,Credit,Visa credit,2011,Extra card,$6k–$9k,
4778,1169,Mastercard,Debit,5022040734416407,01/2021,283,YES,1,27761,09/2010,2010,No,2010-09-01,24129,94.693845,94.193845,94.693845,16227.69,12.0,94.693845,94.193845,94.693845,False,51,30.54,-97.64,30358,61901,7,Texas,TX,South,True,42.0,40–49,$28k–$163k,$58k–$280k,6+,Debit,Mastercard debit,2010,Extra card,,$27k–$138k
4399,1736,Visa,Debit,4212075848270095,08/2022,173,YES,2,16332,08/2012,2012,No,2012-08-01,24152,96.65693,96.42693,96.65693,14894.86,12.0,96.65693,96.42693,96.65693,False,43,40.64,-73.94,22456,45789,4,New York,NY,Northeast,True,36.0,30–39,$19k–$23k,$45k–$58k,4,Debit,Visa debit,2012,Extra card,,$16k–$20k
2647,1736,Mastercard,Credit,5389414515165982,12/2022,32,YES,1,9100,04/2010,2019,No,2010-04-01,24124,414.85698,413.41698,414.85698,33178.61,12.0,414.85698,413.41698,414.85698,False,43,40.64,-73.94,22456,45789,4,New York,NY,Northeast,True,33.0,30–39,$19k–$23k,$45k–$58k,4,Credit,Mastercard credit,2010,Extra card,$9k–$11k,
2687,1736,Visa,Debit,4211715476152920,03/2024,345,YES,1,2289,04/2011,2011,No,2011-04-01,24136,152.94438,152.48438,152.94438,24452.16,12.0,152.94438,152.48438,152.94438,False,43,40.64,-73.94,22456,45789,4,New York,NY,Northeast,True,34.0,30–39,$19k–$23k,$45k–$58k,4,Debit,Visa debit,2011,Extra card,,$0k–$12k
3133,506,Mastercard,Debit,5155395661236319,06/2024,314,YES,1,17995,05/2013,2013,No,2013-05-01,24161,47.775295,47.775295,47.775295,7928.59,12.0,47.775295,47.775295,47.775295,False,56,42.71,-78.93,25916,52841,5,New York,NY,Northeast,True,49.0,40–49,$23k–$28k,$45k–$58k,5,Debit,Mastercard debit,2013,Extra card,,$16k–$20k
5239,249,Mastercard,Debit,5166350097809360,10/2012,817,YES,1,14104,10/2011,2011,No,2011-10-01,24142,40.36934,36.46934,40.36934,6337.68,12.0,40.36934,36.46934,40.36934,False,42,34.1,-117.38,14632,29835,7,California,CA,West,True,34.0,30–39,$0k–$16k,$0k–$30k,6+,Debit,Mastercard debit,2011,Extra card,,$12k–$16k
3520,249,Mastercard,Debit,5920164874148882,05/2022,535,YES,2,14725,06/2011,2011,No,2011-06-01,24138,43.08339,39.90339,43.08339,6665.78,12.0,43.08339,39.90339,43.08339,False,42,34.1,-117.38,14632,29835,7,California,CA,West,True,33.0,30–39,$0k–$16k,$0k–$30k,6+,Debit,Mastercard debit,2011,Extra card,,$12k–$16k
4428,1652,Mastercard,Debit,5835240657071891,12/2021,803,YES,1,14253,08/2014,2014,No,2014-08-01,24176,61.348285,57.918285,61.348285,10602.57,12.0,61.348285,57.918285,61.348285,False,51,38.95,-92.32,20966,42749,4,Missouri,MO,Midwest,True,46.0,40–49,$19k–$23k,$37k–$45k,4,Debit,Mastercard debit,2014,Extra card,,$12k–$16k
313,1652,Mastercard,Debit,5792572397689305,10/2024,358,YES,1,26678,01/2013,2013,No,2013-01-01,24157,96.32113,88.55113,96.32113,18212.26,12.0,96.32113,88.55113,96.32113,False,51,38.95,-92.32,20966,42749,4,Missouri,MO,Midwest,True,44.0,40–49,$19k–$23k,$37k–$45k,4,Debit,Mastercard debit,2013,Extra card,,$27k–$138k
2688,1652,Visa,Debit,4652000658523008,05/2023,271,YES,2,15652,04/2011,2011,No,2011-04-01,24136,172.877265,162.547265,172.877265,37667.53,12.0,172.877265,162.547265,172.877265,True,51,38.95,-92.32,20966,42749,4,Missouri,MO,Midwest,True,42.0,40–49,$19k–$23k,$37k–$45k,4,Debit,Visa debit,2011,Customer's first card,,$12k–$16k
5631,1475,Visa,Debit,4992215485322239,02/2020,201,YES,2,5992,11/2010,2011,No,2010-11-01,24131,82.38235999999999,81.24235999999999,82.38235999999999,11278.72,12.0,82.38235999999999,81.24235999999999,82.38235999999999,False,98,21.31,-158.01,22778,42306,5,Hawaii,HI,West,False,89.0,70+,$23k–$28k,$37k–$45k,5,Debit,Visa debit,2010,Extra card,,$0k–$12k
4069,1251,Mastercard,Debit,5892951431288814,11/2021,447,YES,1,20619,07/2018,2018,No,2018-07-01,24223,170.922465,167.542465,170.922465,35675.93,12.0,170.922465,167.542465,170.922465,False,29,32.84,-116.88,20673,42150,3,California,CA,West,True,27.0,Under 30,$19k–$23k,$37k–$45k,3,Debit,Mastercard debit,2018,Extra card,,$20k–$27k
3109,592,Visa,Debit,4088000072942924,04/2023,532,YES,1,15504,05/2011,2012,No,2011-05-01,24137,66.259815,60.249815,66.259815,5829.63,12.0,66.259815,60.249815,66.259815,False,68,35.32,-82.46,13634,23993,5,North Carolina,NC,South,True,59.0,50–59,$0k–$16k,$0k–$30k,5,Debit,Visa debit,2011,Extra card,,$12k–$16k
4381,1764,Visa,Debit,4535570138499229,07/2024,704,YES,2,23538,08/2011,2011,No,2011-08-01,24140,71.781195,66.061195,71.781195,11001.39,12.0,71.781195,66.061195,71.781195,False,59,42.96,-85.65,15472,31550,3,Michigan,MI,Midwest,True,51.0,50–59,$0k–$16k,$30k–$37k,3,Debit,Visa debit,2011,Extra card,,$20k–$27k
4900,1764,Visa,Debit,4931400640582638,09/2017,835,YES,2,15658,09/2016,2016,No,2016-09-01,24201,45.766385,42.626385,45.766385,6465.77,12.0,45.766385,42.626385,45.766385,False,59,42.96,-85.65,15472,31550,3,Michigan,MI,Midwest,True,56.0,50–59,$0k–$16k,$30k–$37k,3,Debit,Visa debit,2016,Extra card,,$12k–$16k
1272,1830,Mastercard,Debit,5413909063250465,04/2022,732,YES,1,12782,02/2011,2011,No,2011-02-01,24134,84.431775,82.561775,84.431775,14703.55,12.0,84.431775,82.561775,84.431775,False,56,35.05,-83.19,15899,32418,4,North Carolina,NC,South,True,47.0,40–49,$16k–$19k,$30k–$37k,4,Debit,Mastercard debit,2011,Extra card,,$12k–$16k
5217,1830,Visa,Debit,4940361010295816,03/2016,253,YES,1,17297,10/2010,2010,No,2010-10-01,24130,96.20746,94.08746,96.20746,15565.92,12.0,96.20746,94.08746,96.20746,False,56,35.05,-83.19,15899,32418,4,North Carolina,NC,South,True,47.0,40–49,$16k–$19k,$30k–$37k,4,Debit,Visa debit,2010,Extra card,,$16k–$20k
4867,157,Visa,Debit,4884544538827906,01/2015,296,YES,1,13438,09/2013,2013,No,2013-09-01,24165,85.94112,83.24112,85.94112,18507.24,12.0,85.94112,83.24112,85.94112,False,47,33.83,-117.2,16109,32847,3,California,CA,West,True,41.0,40–49,$16k–$19k,$30k–$37k,3,Debit,Visa debit,2013,Extra card,,$12k–$16k
1250,676,Visa,Credit,4209302581526449,06/2023,777,YES,2,9300,02/2010,2010,No,2010-02-01,24122,596.43774,564.75774,596.43774,35750.43,12.0,596.43774,564.75774,596.43774,False,40,33.09,-96.88,31905,65053,2,Texas,TX,South,True,30.0,30–39,$28k–$163k,$58k–$280k,2,Credit,Visa credit,2010,Extra card,$9k–$11k,
3056,1902,Mastercard,Debit,5099488514797621,06/2021,652,YES,2,11087,05/2010,2011,No,2010-05-01,24125,146.222485,138.042485,146.222485,27391.97,12.0,146.222485,138.042485,146.222485,False,36,39.74,-81.51,15950,32522,2,Ohio,OH,Midwest,True,26.0,Under 30,$16k–$19k,$30k–$37k,2,Debit,Mastercard debit,2010,Extra card,,$0k–$12k
227,123,Mastercard,Debit,5329313809426347,11/2020,20,YES,2,12102,01/2010,2010,No,2010-01-01,24121,125.25751,117.90751,125.25751,18255.02,12.0,125.25751,117.90751,125.25751,False,43,33.24,-84.27,17811,36315,3,Georgia,GA,South,True,33.0,30–39,$16k–$19k,$30k–$37k,3,Debit,Mastercard debit,2010,Extra card,,$12k–$16k
3192,123,Mastercard,Debit,5404585495463228,10/2024,263,YES,2,15305,05/2017,2017,No,2017-05-01,24209,82.81005,79.15005,82.81005,10384.1,12.0,82.81005,79.15005,82.81005,False,43,33.24,-84.27,17811,36315,3,Georgia,GA,South,True,40.0,40–49,$16k–$19k,$30k–$37k,3,Debit,Mastercard debit,2017,Extra card,,$12k–$16k
1251,1891,Visa,Credit,4033929197271889,01/2023,190,YES,2,3300,02/2010,2010,No,2010-02-01,24122,211.54932,180.94932,211.54932,13806.74,12.0,211.54932,180.94932,211.54932,False,47,29.19,-81.05,16733,34112,4,Florida,FL,South,True,37.0,30–39,$16k–$19k,$30k–$37k,4,Credit,Visa credit,2010,Extra card,$0k–$6k,
4392,1571,Mastercard,Debit,5890246534257372,12/2021,12,YES,2,22532,08/2012,2012,No,2012-08-01,24152,36.249285,36.249285,36.249285,11948.57,12.0,36.249285,36.249285,36.249285,False,58,36.29,-86.6,25166,51316,6,Tennessee,TN,South,True,51.0,50–59,$23k–$28k,$45k–$58k,6+,Debit,Mastercard debit,2012,Extra card,,$20k–$27k
6109,1571,Mastercard,Debit,5800183437928465,04/2024,148,YES,2,16325,12/2015,2015,No,2015-12-01,24192,30.60029,30.60029,30.60029,10399.58,12.0,30.60029,30.60029,30.60029,False,58,36.29,-86.6,25166,51316,6,Tennessee,TN,South,True,54.0,50–59,$23k–$28k,$45k–$58k,6+,Debit,Mastercard debit,2015,Extra card,,$16k–$20k
3165,1571,Mastercard,Debit,5908095549619753,10/2015,530,YES,1,30704,05/2015,2015,No,2015-05-01,24185,15.49093,15.49093,15.49093,4707.86,6.0,15.49093,15.49093,15.49093,False,58,36.29,-86.6,25166,51316,6,Tennessee,TN,South,True,53.0,50–59,$23k–$28k,$45k–$58k,6+,Debit,Mastercard debit,2015,Extra card,,$27k–$138k
3499,1615,Visa,Debit,4279264771451574,02/2020,378,YES,2,13637,06/2010,2012,No,2010-06-01,24126,23.95351,22.82351,23.95351,4712.02,12.0,23.95351,22.82351,23.95351,False,66,42.31,-83.21,24561,48690,6,Michigan,MI,Midwest,True,56.0,50–59,$23k–$28k,$45k–$58k,6+,Debit,Visa debit,2010,Extra card,,$12k–$16k
3951,52,Visa,Debit,4954962607216980,10/2023,995,YES,1,23404,07/2010,2012,No,2010-07-01,24127,242.4532,242.4532,242.4532,75476.4,12.0,242.4532,242.4532,242.4532,False,56,41.56,-73.59,31288,63796,3,New York,NY,Northeast,True,46.0,40–49,$28k–$163k,$58k–$280k,3,Debit,Visa debit,2010,Extra card,,$20k–$27k
2322,52,Visa,Debit,4343642801597529,08/2013,754,YES,2,23014,03/2013,2013,No,2013-03-01,24159,95.68521,95.68521,95.68521,26042.42,6.0,95.68521,95.68521,95.68521,False,56,41.56,-73.59,31288,63796,3,New York,NY,Northeast,True,49.0,40–49,$28k–$163k,$58k–$280k,3,Debit,Visa debit,2013,Extra card,,$20k–$27k
2741,1034,Amex,Credit,321353785529607,02/2020,213,YES,2,11800,04/2015,2015,No,2015-04-01,24184,460.33614,430.81614,460.33614,28973.23,12.0,555.33614,525.81614,555.33614,False,58,35.12,-80.71,27254,55569,6,North Carolina,NC,South,True,53.0,50–59,$23k–$28k,$45k–$58k,6+,Credit,Amex credit,2015,Extra card,$11k–$15k,
2765,1034,Visa,Debit,4882435446100322,12/2024,332,YES,1,21102,04/2016,2016,No,2016-04-01,24196,69.90858,67.95858,69.90858,16341.16,12.0,69.90858,67.95858,69.90858,False,58,35.12,-80.71,27254,55569,6,North Carolina,NC,South,True,54.0,50–59,$23k–$28k,$45k–$58k,6+,Debit,Visa debit,2016,Extra card,,$20k–$27k
4449,677,Mastercard,Debit,5779825688535232,03/2021,458,YES,1,34826,08/2015,2015,No,2015-08-01,24188,114.82283,112.54283,114.82283,19908.66,12.0,114.82283,112.54283,114.82283,False,40,44.94,-93.1,32972,67226,3,Minnesota,MN,Midwest,True,36.0,30–39,$28k–$163k,$58k–$280k,3,Debit,Mastercard debit,2015,Extra card,,$27k–$138k
5317,677,Visa,Debit,4276546488958933,12/2023,54,NO,1,25429,10/2016,2016,No,2016-10-01,24202,57.12661,56.61661,57.12661,8329.22,12.0,57.12661,56.61661,57.12661,False,40,44.94,-93.1,32972,67226,3,Minnesota,MN,Midwest,True,37.0,30–39,$28k–$163k,$58k–$280k,3,Debit,Visa debit,2016,Extra card,,$20k–$27k
5671,338,Mastercard,Debit,5371571902299645,04/2024,46,YES,1,17229,11/2012,2012,No,2012-11-01,24155,181.328395,172.438395,181.328395,52029.79,12.0,181.328395,172.438395,181.328395,True,68,42.83,-78.63,24651,50258,3,New York,NY,Northeast,True,61.0,60–69,$23k–$28k,$45k–$58k,3,Debit,Mastercard debit,2012,Customer's first card,,$16k–$20k
1356,338,Mastercard,Debit,5404154440554855,05/2022,190,YES,1,31747,02/2015,2015,No,2015-02-01,24182,101.474265,95.714265,101.474265,24117.53,12.0,101.474265,95.714265,101.474265,False,68,42.83,-78.63,24651,50258,3,New York,NY,Northeast,True,63.0,60–69,$23k–$28k,$45k–$58k,3,Debit,Mastercard debit,2015,Extra card,,$27k–$138k
1317,338,Mastercard,Debit,5004660687674189,01/2023,841,YES,2,50127,02/2013,2013,No,2013-02-01,24158,141.39262,134.38262,141.39262,37158.24,12.0,141.39262,134.38262,141.39262,False,68,42.83,-78.63,24651,50258,3,New York,NY,Northeast,True,61.0,60–69,$23k–$28k,$45k–$58k,3,Debit,Mastercard debit,2013,Extra card,,$27k–$138k
360,1662,Mastercard,Debit,5243874409265567,01/2021,702,YES,1,20447,01/2017,2017,No,2017-01-01,24205,131.201385,128.911385,131.201385,34262.77,12.0,131.201385,128.911385,131.201385,False,41,38.53,-90.0,24509,49967,4,Illinois,IL,Midwest,True,38.0,30–39,$23k–$28k,$45k–$58k,4,Debit,Mastercard debit,2017,Extra card,,$20k–$27k
2675,1662,Mastercard,Debit,5275365619003581,10/2021,507,YES,1,29948,04/2011,2011,No,2011-04-01,24136,187.066425,184.816425,187.066425,50557.85,12.0,187.066425,184.816425,187.066425,False,41,38.53,-90.0,24509,49967,4,Illinois,IL,Midwest,True,32.0,30–39,$23k–$28k,$45k–$58k,4,Debit,Mastercard debit,2011,Extra card,,$27k–$138k
6087,1662,Mastercard,Debit (Prepaid),5298865153588955,12/2013,297,NO,1,58,12/2013,2013,No,2013-12-01,24168,0.0,0.0,6.752365,484.73,1.0,0.0,0.0,6.752365,False,41,38.53,-90.0,24509,49967,4,Illinois,IL,Midwest,True,35.0,30–39,$23k–$28k,$45k–$58k,4,Prepaid,Mastercard prepaid,2013,Extra card,,
1308,1444,Visa,Debit,4445219636598507,03/2024,699,YES,1,42670,02/2012,2012,No,2012-02-01,24146,58.19259,54.22259,58.19259,17784.18,12.0,58.19259,54.22259,58.19259,False,64,40.63,-73.63,32805,66885,7,New York,NY,Northeast,True,56.0,50–59,$28k–$163k,$58k–$280k,6+,Debit,Visa debit,2012,Extra card,,$27k–$138k
3631,1444,Mastercard,Debit,5918825657025750,07/2021,152,YES,2,50521,06/2018,2018,No,2018-06-01,24222,55.170885,52.200885,55.170885,17454.77,12.0,55.170885,52.200885,55.170885,False,64,40.63,-73.63,32805,66885,7,New York,NY,Northeast,True,62.0,60–69,$28k–$163k,$58k–$280k,6+,Debit,Mastercard debit,2018,Extra card,,$27k–$138k
2648,1444,Mastercard,Debit,5734359364174769,03/2024,802,YES,2,27982,04/2010,2010,No,2010-04-01,24124,73.778565,69.988565,73.778565,25087.13,12.0,73.778565,69.988565,73.778565,False,64,40.63,-73.63,32805,66885,7,New York,NY,Northeast,True,54.0,50–59,$28k–$163k,$58k–$280k,6+,Debit,Mastercard debit,2010,Extra card,,$27k–$138k
5651,1102,Mastercard,Debit,5977051342540190,06/2023,806,YES,2,5414,11/2011,2012,No,2011-11-01,24143,62.79427,60.85427,62.79427,13525.54,12.0,62.79427,60.85427,62.79427,False,49,36.12,-95.91,46461,94733,5,Oklahoma,OK,South,True,41.0,40–49,$28k–$163k,$58k–$280k,5,Debit,Mastercard debit,2011,Extra card,,$0k–$12k
3952,1102,Visa,Debit (Prepaid),4086369836640262,11/2022,257,YES,2,51,07/2010,2014,No,2010-07-01,24127,0.0,0.0,51.777875,3652.75,12.0,0.0,0.0,51.777875,False,49,36.12,-95.91,46461,94733,5,Oklahoma,OK,South,True,39.0,30–39,$28k–$163k,$58k–$280k,5,Prepaid,Visa prepaid,2010,Extra card,,
3992,1636,Amex,Credit,358240905315315,04/2023,544,YES,1,4600,07/2012,2012,No,2012-07-01,24151,61.10946,42.74946,61.10946,4758.97,12.0,156.10946,137.74946,156.10946,False,49,39.09,-94.58,12064,24598,4,Missouri,MO,Midwest,True,41.0,40–49,$0k–$16k,$0k–$30k,4,Credit,Amex credit,2012,Extra card,$0k–$6k,
3521,502,Mastercard,Debit,5031093004521446,07/2023,834,NO,1,415,06/2011,2013,No,2011-06-01,24138,335.97157999999996,329.15157999999997,335.97157999999996,40352.16,12.0,335.97157999999996,329.15157999999997,335.97157999999996,False,46,40.93,-79.59,17870,36440,2,Pennsylvania,PA,Northeast,True,37.0,30–39,$16k–$19k,$30k–$37k,2,Debit,Mastercard debit,2011,Extra card,,$0k–$12k
4407,1712,Mastercard,Debit,5235277792486600,11/2017,314,YES,1,35175,08/2013,2013,No,2013-08-01,24164,104.28182,104.28182,104.28182,20105.64,12.0,104.28182,104.28182,104.28182,False,82,32.79,-96.76,27814,66999,5,Texas,TX,South,True,76.0,70+,$23k–$28k,$58k–$280k,5,Debit,Mastercard debit,2013,Extra card,,$27k–$138k
4056,1712,Mastercard,Debit,5071372204646552,11/2021,958,NO,1,25985,07/2017,2017,No,2017-07-01,24211,86.048525,86.048525,86.048525,14420.05,12.0,86.048525,86.048525,86.048525,False,82,32.79,-96.76,27814,66999,5,Texas,TX,South,True,79.0,70+,$23k–$28k,$58k–$280k,5,Debit,Mastercard debit,2017,Extra card,,$20k–$27k
4342,1712,Visa,Debit,4631337182936138,03/2024,847,YES,2,18288,08/2010,2012,No,2010-08-01,24128,134.033185,134.033185,134.033185,23957.37,12.0,134.033185,134.033185,134.033185,False,82,32.79,-96.76,27814,66999,5,Texas,TX,South,True,73.0,70+,$23k–$28k,$58k–$280k,5,Debit,Visa debit,2010,Extra card,,$16k–$20k
3609,1360,Mastercard,Debit,5708920987862167,09/2021,17,YES,2,19619,06/2016,2016,No,2016-06-01,24198,38.84236,38.84236,38.84236,6089.72,12.0,38.84236,38.84236,38.84236,False,41,30.75,-86.57,19066,38874,3,Florida,FL,South,True,37.0,30–39,$19k–$23k,$37k–$45k,3,Debit,Mastercard debit,2016,Extra card,,$16k–$20k
5672,1871,Mastercard,Debit,5410528927271572,01/2020,651,YES,1,13764,11/2012,2012,No,2012-11-01,24155,92.321485,90.961485,92.321485,22774.97,12.0,92.321485,90.961485,92.321485,False,83,35.11,-106.62,15385,16611,5,New Mexico,NM,West,True,76.0,70+,$0k–$16k,$0k–$30k,5,Debit,Mastercard debit,2012,Extra card,,$12k–$16k
4470,1871,Mastercard,Debit,5892723462268595,05/2024,355,YES,1,14639,08/2018,2018,No,2018-08-01,24224,49.378215,49.108215,49.378215,11177.43,12.0,49.378215,49.108215,49.378215,False,83,35.11,-106.62,15385,16611,5,New Mexico,NM,West,True,82.0,70+,$0k–$16k,$0k–$30k,5,Debit,Mastercard debit,2018,Extra card,,$12k–$16k
4429,1871,Mastercard,Debit,5896330225827400,08/2024,851,NO,2,20277,08/2014,2014,No,2014-08-01,24176,66.05884,64.36883999999999,66.05884,16028.68,12.0,66.05884,64.36883999999999,66.05884,False,83,35.11,-106.62,15385,16611,5,New Mexico,NM,West,True,78.0,70+,$0k–$16k,$0k–$30k,5,Debit,Mastercard debit,2014,Extra card,,$20k–$27k
322,868,Visa,Credit,4944959860713657,07/2022,21,YES,2,5000,01/2013,2013,No,2013-01-01,24157,644.46894,374.10894,644.46894,37725.83,12.0,644.46894,374.10894,644.46894,False,78,35.46,-97.51,16016,31046,6,Oklahoma,OK,South,True,71.0,70+,$16k–$19k,$30k–$37k,6+,Credit,Visa credit,2013,Extra card,$0k–$6k,
5611,364,Mastercard,Credit,5274567500521135,11/2010,89,YES,1,1800,11/2010,2010,No,2010-11-01,24131,44.49114,43.41114,44.49114,3107.73,1.0,44.49114,43.41114,44.49114,False,65,35.79,-83.97,18273,39809,4,Tennessee,TN,South,True,56.0,50–59,$16k–$19k,$37k–$45k,4,Credit,Mastercard credit,2010,Extra card,$0k–$6k,
5673,364,Mastercard,Debit,5100254410135496,10/2023,723,YES,1,15612,11/2012,2012,No,2012-11-01,24155,168.33908,160.61908,168.33908,34341.16,12.0,168.33908,160.61908,168.33908,False,65,35.79,-83.97,18273,39809,4,Tennessee,TN,South,True,58.0,50–59,$16k–$19k,$37k–$45k,4,Debit,Mastercard debit,2012,Extra card,,$12k–$16k
2695,696,Mastercard,Debit,5648047323588801,11/2024,470,YES,1,28601,04/2012,2012,No,2012-04-01,24148,58.07635,56.12635,58.07635,21141.7,12.0,58.07635,56.12635,58.07635,False,74,40.63,-73.72,45685,110570,8,New York,NY,Northeast,True,66.0,60–69,$28k–$163k,$58k–$280k,6+,Debit,Mastercard debit,2012,Extra card,,$27k–$138k
5612,696,Mastercard,Debit (Prepaid),5276972829621865,05/2022,803,YES,2,65,11/2010,2015,No,2010-11-01,24131,0.0,0.0,32.549245,2098.49,12.0,0.0,0.0,32.549245,False,74,40.63,-73.72,45685,110570,8,New York,NY,Northeast,True,65.0,60–69,$28k–$163k,$58k–$280k,6+,Prepaid,Mastercard prepaid,2010,Extra card,,
1217,962,Mastercard,Debit,5180139423244093,07/2022,633,YES,2,9141,02/2010,2011,No,2010-02-01,24122,139.12621,138.64621,139.12621,30918.42,12.0,139.12621,138.64621,139.12621,True,28,44.52,-87.98,16801,34262,2,Wisconsin,WI,Midwest,True,18.0,Under 30,$16k–$19k,$30k–$37k,2,Debit,Mastercard debit,2010,Customer's first card,,$0k–$12k
2313,1407,Mastercard,Debit,5848203145087847,05/2021,597,YES,1,20816,03/2013,2013,No,2013-03-01,24159,105.45606,104.37606,105.45606,15612.12,12.0,105.45606,104.37606,105.45606,False,40,33.43,-86.99,19851,40473,4,Alabama,AL,South,True,33.0,30–39,$19k–$23k,$37k–$45k,4,Debit,Mastercard debit,2013,Extra card,,$20k–$27k
1273,1456,Mastercard,Credit,5451139349544228,08/2019,832,NO,2,7200,02/2011,2011,No,2011-02-01,24134,331.26066,177.54065999999997,331.26066,19314.37,12.0,331.26066,177.54065999999997,331.26066,False,48,33.12,-89.05,15316,31231,3,Mississippi,MS,South,True,39.0,30–39,$0k–$16k,$30k–$37k,3,Credit,Mastercard credit,2011,Extra card,$6k–$9k,
2251,1861,Mastercard,Debit,5893992585377552,04/2022,46,NO,1,28352,03/2010,2012,No,2010-03-01,24123,94.00234,89.60234,94.00234,21549.68,12.0,94.00234,89.60234,94.00234,False,57,33.1,-96.66,32580,66427,5,Texas,TX,South,True,47.0,40–49,$28k–$163k,$58k–$280k,5,Debit,Mastercard debit,2010,Extra card,,$27k–$138k
4898,1861,Mastercard,Debit,5475273052994397,02/2024,101,YES,1,32325,09/2016,2016,No,2016-09-01,24201,36.2533,35.9833,36.2533,6468.6,12.0,36.2533,35.9833,36.2533,False,57,33.1,-96.66,32580,66427,5,Texas,TX,South,True,54.0,50–59,$28k–$163k,$58k–$280k,5,Debit,Mastercard debit,2016,Extra card,,$27k–$138k
4025,1861,Mastercard,Debit,5682219058474739,05/2018,67,YES,2,22405,07/2014,2014,No,2014-07-01,24175,48.52733,47.14733,48.52733,8940.66,12.0,48.52733,47.14733,48.52733,False,57,33.1,-96.66,32580,66427,5,Texas,TX,South,True,51.0,50–59,$28k–$163k,$58k–$280k,5,Debit,Mastercard debit,2014,Extra card,,$20k–$27k
3096,161,Mastercard,Debit,5018191731735773,02/2024,889,YES,1,13612,05/2011,2011,No,2011-05-01,24137,168.96979,166.86979,168.96979,25519.58,12.0,168.96979,166.86979,168.96979,False,31,31.56,-97.18,11512,23469,3,Texas,TX,South,True,22.0,Under 30,$0k–$16k,$0k–$30k,3,Debit,Mastercard debit,2011,Extra card,,$12k–$16k
309,274,Amex,Credit,365377878162370,10/2023,964,YES,2,16500,01/2013,2013,No,2013-01-01,24157,250.51014,246.91014,250.51014,15108.23,12.0,345.51014,341.91013999999996,345.51014,False,43,38.89,-77.03,23940,48810,3,District of Columbia,DC,South,True,36.0,30–39,$23k–$28k,$45k–$58k,3,Credit,Amex credit,2013,Extra card,$15k–$98k,
3184,1552,Visa,Credit,4498319484048588,08/2016,282,YES,2,11300,05/2016,2016,No,2016-05-01,24197,214.70652,211.10652,214.70652,12694.14,5.0,214.70652,211.10652,214.70652,False,62,43.65,-116.43,22290,45450,3,Idaho,ID,West,True,58.0,50–59,$19k–$23k,$45k–$58k,3,Credit,Visa credit,2016,Extra card,$11k–$15k,
1380,1552,Mastercard,Debit,5909552342193744,12/2021,675,YES,1,13866,02/2018,2018,No,2018-02-01,24218,79.817185,77.437185,79.817185,26749.37,12.0,79.817185,77.437185,79.817185,False,62,43.65,-116.43,22290,45450,3,Idaho,ID,West,True,60.0,60–69,$19k–$23k,$45k–$58k,3,Debit,Mastercard debit,2018,Extra card,,$12k–$16k
1218,1552,Mastercard,Debit,5494745672321744,05/2021,61,YES,2,14913,02/2010,2010,No,2010-02-01,24122,158.412905,151.99290499999998,158.412905,56323.81,12.0,158.412905,151.99290499999998,158.412905,True,62,43.65,-116.43,22290,45450,3,Idaho,ID,West,True,52.0,50–59,$19k–$23k,$45k–$58k,3,Debit,Mastercard debit,2010,Customer's first card,,$12k–$16k
5218,1526,Visa,Debit,4852239481506092,11/2012,226,NO,1,3728,10/2010,2010,No,2010-10-01,24130,31.525535,30.265535,31.525535,5903.07,12.0,31.525535,30.265535,31.525535,False,53,40.94,-121.74,16742,34137,4,California,CA,West,True,44.0,40–49,$16k–$19k,$30k–$37k,4,Debit,Visa debit,2010,Extra card,,$0k–$12k
248,319,Visa,Credit,4086497597276972,03/2021,383,YES,2,6800,01/2010,2010,No,2010-01-01,24121,864.76284,853.24284,864.76284,51422.38,12.0,864.76284,853.24284,864.76284,True,67,36.75,-119.67,17683,28357,2,California,CA,West,True,57.0,50–59,$16k–$19k,$0k–$30k,2,Credit,Visa credit,2010,Customer's first card,$6k–$9k,
5674,1421,Mastercard,Debit (Prepaid),5874995941788498,06/2022,595,YES,1,65,11/2012,2012,No,2012-11-01,24155,0.0,0.0,36.062585,6227.17,12.0,0.0,0.0,36.062585,False,30,35.11,-77.07,16177,32985,2,North Carolina,NC,South,True,23.0,Under 30,$16k–$19k,$30k–$37k,2,Prepaid,Mastercard prepaid,2012,Extra card,,
3550,1421,Mastercard,Debit,5757503231654928,07/2021,514,YES,1,17993,06/2012,2012,No,2012-06-01,24150,83.23482,83.23482,83.23482,27005.64,12.0,83.23482,83.23482,83.23482,True,30,35.11,-77.07,16177,32985,2,North Carolina,NC,South,True,22.0,Under 30,$16k–$19k,$30k–$37k,2,Debit,Mastercard debit,2012,Customer's first card,,$16k–$20k
5183,125,Amex,Credit,398638761436555,01/2021,177,YES,2,6400,10/2010,2011,No,2010-10-01,24130,45.10368,45.10368,45.10368,3032.76,12.0,140.10368,140.10368,140.10368,False,64,37.63,-121.01,13015,26535,5,California,CA,West,True,55.0,50–59,$0k–$16k,$0k–$30k,5,Credit,Amex credit,2010,Extra card,$6k–$9k,
351,449,Visa,Debit,4003397958786978,05/2021,994,YES,2,21594,01/2015,2015,No,2015-01-01,24181,28.51331,28.26331,28.51331,4960.62,12.0,28.51331,28.26331,28.51331,False,58,40.56,-79.75,19517,39796,5,Pennsylvania,PA,Northeast,True,53.0,50–59,$19k–$23k,$37k–$45k,5,Debit,Visa debit,2015,Extra card,,$20k–$27k
3559,449,Visa,Debit,4345910488111903,02/2020,867,YES,1,14277,06/2012,2012,No,2012-06-01,24150,58.594335,58.084335,58.594335,9870.67,12.0,58.594335,58.084335,58.594335,False,58,40.56,-79.75,19517,39796,5,Pennsylvania,PA,Northeast,True,50.0,50–59,$19k–$23k,$37k–$45k,5,Debit,Visa debit,2012,Extra card,,$12k–$16k
2738,449,Visa,Debit,4169464534562522,09/2021,770,YES,2,13368,04/2014,2014,No,2014-04-01,24172,33.63452,33.13452,33.63452,4030.04,12.0,33.63452,33.13452,33.63452,False,58,40.56,-79.75,19517,39796,5,Pennsylvania,PA,Northeast,True,52.0,50–59,$19k–$23k,$37k–$45k,5,Debit,Visa debit,2014,Extra card,,$12k–$16k
5662,1173,Visa,Credit,4807938969312222,10/2021,158,YES,1,16900,11/2011,2011,No,2011-11-01,24143,255.01032,252.49032,255.01032,14608.24,12.0,255.01032,252.49032,255.01032,False,71,42.83,-106.32,25502,51703,7,Wyoming,WY,West,True,63.0,60–69,$23k–$28k,$45k–$58k,6+,Credit,Visa credit,2011,Extra card,$15k–$98k,
5197,1810,Mastercard,Credit,5595124692967493,01/2023,474,NO,2,9000,10/2010,2010,No,2010-10-01,24130,214.49106,191.45106,214.49106,13825.17,12.0,214.49106,191.45106,214.49106,False,66,42.22,-83.36,18879,31175,5,Michigan,MI,Midwest,True,57.0,50–59,$16k–$19k,$30k–$37k,5,Credit,Mastercard credit,2010,Extra card,$9k–$11k,
4839,1810,Visa,Credit,4552564122869013,04/2024,816,YES,2,9800,09/2012,2012,No,2012-09-01,24153,95.55588,84.75588,95.55588,6648.66,12.0,95.55588,84.75588,95.55588,False,66,42.22,-83.36,18879,31175,5,Michigan,MI,Midwest,True,59.0,50–59,$16k–$19k,$30k–$37k,5,Credit,Visa credit,2012,Extra card,$9k–$11k,
2323,1810,Visa,Credit,4913659581054321,08/2020,55,YES,1,7200,03/2013,2013,No,2013-03-01,24159,138.7728,127.9728,138.7728,9220.6,12.0,138.7728,127.9728,138.7728,False,66,42.22,-83.36,18879,31175,5,Michigan,MI,Midwest,True,59.0,50–59,$16k–$19k,$30k–$37k,5,Credit,Visa credit,2013,Extra card,$6k–$9k,
3522,1843,Mastercard,Debit,5247241630893016,02/2020,285,YES,2,12189,06/2011,2011,No,2011-06-01,24138,97.75119,97.75119,97.75119,15079.38,12.0,97.75119,97.75119,97.75119,False,89,41.5,-87.63,16503,38761,7,Illinois,IL,Midwest,True,80.0,70+,$16k–$19k,$37k–$45k,6+,Debit,Mastercard debit,2011,Extra card,,$12k–$16k
249,1843,Visa,Debit,4348922167384229,06/2022,256,YES,2,8702,01/2010,2014,No,2010-01-01,24121,133.917865,133.917865,133.917865,19369.73,12.0,133.917865,133.917865,133.917865,False,89,41.5,-87.63,16503,38761,7,Illinois,IL,Midwest,True,79.0,70+,$16k–$19k,$37k–$45k,6+,Debit,Visa debit,2010,Extra card,,$0k–$12k
4343,658,Visa,Credit,4846880896921020,09/2011,89,YES,1,5800,08/2010,2010,No,2010-08-01,24128,217.28862,206.84862,217.28862,13043.59,12.0,217.28862,206.84862,217.28862,False,40,29.67,-82.33,25812,52630,4,Florida,FL,South,True,31.0,30–39,$23k–$28k,$45k–$58k,4,Credit,Visa credit,2010,Extra card,$0k–$6k,
3476,1503,Mastercard,Debit,5527540454179734,09/2023,594,YES,2,15552,06/2010,2014,No,2010-06-01,24126,28.963645,27.953645,28.963645,6106.29,12.0,28.963645,27.953645,28.963645,False,59,32.35,-86.28,21102,43021,4,Alabama,AL,South,True,49.0,40–49,$19k–$23k,$37k–$45k,4,Debit,Mastercard debit,2010,Extra card,,$12k–$16k
2696,473,Mastercard,Debit,5182798655253669,02/2022,237,YES,1,10005,04/2012,2012,No,2012-04-01,24148,94.715675,90.255675,94.715675,11182.35,12.0,94.715675,90.255675,94.715675,False,33,42.38,-83.1,13820,28181,2,Michigan,MI,Midwest,True,25.0,Under 30,$0k–$16k,$0k–$30k,2,Debit,Mastercard debit,2012,Extra card,,$0k–$12k
5663,1541,Visa,Debit,4170281671173425,09/2023,374,YES,1,10627,11/2011,2011,No,2011-11-01,24143,100.49816,99.72816,100.49816,9854.32,12.0,100.49816,99.72816,100.49816,False,48,36.09,-84.13,18353,37422,5,Tennessee,TN,South,True,40.0,40–49,$16k–$19k,$37k–$45k,5,Debit,Visa debit,2011,Extra card,,$0k–$12k
228,1541,Mastercard,Debit,5090352145878323,09/2024,699,NO,2,12157,01/2010,2019,No,2010-01-01,24121,244.75263,243.76263,244.75263,27299.26,12.0,244.75263,243.76263,244.75263,False,48,36.09,-84.13,18353,37422,5,Tennessee,TN,South,True,38.0,30–39,$16k–$19k,$37k–$45k,5,Debit,Mastercard debit,2010,Extra card,,$12k–$16k
2307,1541,Visa,Debit,4513747100786400,11/2023,697,YES,1,17383,03/2012,2012,No,2012-03-01,24147,94.714405,94.464405,94.714405,9608.81,12.0,94.714405,94.464405,94.714405,False,48,36.09,-84.13,18353,37422,5,Tennessee,TN,South,True,40.0,40–49,$16k–$19k,$37k–$45k,5,Debit,Visa debit,2012,Extra card,,$16k–$20k
3590,149,Mastercard,Credit,5425086965050395,07/2022,286,YES,1,14200,06/2015,2015,No,2015-06-01,24186,1167.49062,945.01062,1167.49062,70389.59,12.0,1167.49062,945.01062,1167.49062,True,24,33.02,-117.12,44747,91237,1,California,CA,West,True,19.0,Under 30,$28k–$163k,$58k–$280k,1,Credit,Mastercard credit,2015,Customer's first card,$11k–$15k,
3509,1006,Amex,Credit,375781387847037,09/2021,910,YES,1,10900,06/2011,2011,No,2011-06-01,24138,394.19676,367.91676,394.19676,25201.82,12.0,489.19676,462.91676,489.19676,False,37,41.53,-87.26,21851,44550,3,Indiana,IN,Midwest,True,28.0,Under 30,$19k–$23k,$45k–$58k,3,Credit,Amex credit,2011,Extra card,$9k–$11k,
371,368,Mastercard,Debit,5892815616421272,02/2020,831,YES,2,22132,01/2018,2018,No,2018-01-01,24217,124.237715,124.237715,124.237715,20038.43,12.0,124.237715,124.237715,124.237715,False,75,28.5,-81.37,20121,42806,6,Florida,FL,South,True,73.0,70+,$19k–$23k,$37k–$45k,6+,Debit,Mastercard debit,2018,Extra card,,$20k–$27k
4463,368,Mastercard,Credit,5296450786659328,06/2020,567,YES,2,13000,08/2017,2017,No,2017-08-01,24212,278.13096,276.69096,278.13096,17235.72,12.0,278.13096,276.69096,278.13096,False,75,28.5,-81.37,20121,42806,6,Florida,FL,South,True,73.0,70+,$19k–$23k,$37k–$45k,6+,Credit,Mastercard credit,2017,Extra card,$11k–$15k,
1220,416,Mastercard,Debit,5587024233247132,11/2022,531,YES,2,14066,02/2010,2012,No,2010-02-01,24122,27.048825,27.048825,27.048825,3806.65,12.0,27.048825,27.048825,27.048825,False,86,36.17,-86.78,20030,38273,6,Tennessee,TN,South,True,76.0,70+,$19k–$23k,$37k–$45k,6+,Debit,Mastercard debit,2010,Extra card,,$12k–$16k
6031,51,Visa,Credit,4718480260665073,07/2020,909,YES,1,12700,12/2010,2011,No,2010-12-01,24132,825.9173999999999,814.7574,825.9173999999999,48440.3,12.0,825.9173999999999,814.7574,825.9173999999999,True,29,36.29,-86.6,25166,51303,3,Tennessee,TN,South,True,20.0,Under 30,$23k–$28k,$45k–$58k,3,Credit,Visa credit,2010,Customer's first card,$11k–$15k,
285,196,Visa,Credit,4997594823384918,10/2021,0,YES,2,4300,01/2011,2011,No,2011-01-01,24133,420.0282,415.7082,420.0282,28081.9,12.0,420.0282,415.7082,420.0282,True,44,33.29,-83.96,17545,35775,1,Georgia,GA,South,True,35.0,30–39,$16k–$19k,$30k–$37k,1,Credit,Visa credit,2011,Customer's first card,$0k–$6k,
2727,1477,Mastercard,Debit,5770262844753641,02/2020,717,YES,2,18171,04/2014,2014,No,2014-04-01,24172,53.07724,51.47724,53.07724,9429.48,12.0,53.07724,51.47724,53.07724,False,47,40.15,-82.68,22934,46763,3,Ohio,OH,Midwest,True,41.0,40–49,$23k–$28k,$45k–$58k,3,Debit,Mastercard debit,2014,Extra card,,$16k–$20k
2676,260,Mastercard,Debit,5136583159442030,07/2019,321,YES,1,21007,04/2011,2011,No,2011-04-01,24136,67.190435,61.560435,67.190435,16616.87,12.0,67.190435,61.560435,67.190435,False,62,26.21,-98.31,14275,29110,3,Texas,TX,South,True,53.0,50–59,$0k–$16k,$0k–$30k,3,Debit,Mastercard debit,2011,Extra card,,$20k–$27k
323,260,Visa,Debit,4526531668861041,12/2021,422,YES,1,13342,01/2013,2013,No,2013-01-01,24157,40.91389,38.66389,40.91389,8145.78,12.0,40.91389,38.66389,40.91389,False,62,26.21,-98.31,14275,29110,3,Texas,TX,South,True,55.0,50–59,$0k–$16k,$0k–$30k,3,Debit,Visa debit,2013,Extra card,,$12k–$16k
5736,1358,Mastercard,Debit (Prepaid),5596764819382871,01/2020,26,YES,1,71,11/2018,2018,No,2018-11-01,24227,0.0,0.0,40.061055,3863.11,12.0,0.0,0.0,40.061055,False,69,43.1,-89.5,33808,68930,4,Wisconsin,WI,Midwest,True,68.0,60–69,$28k–$163k,$58k–$280k,4,Prepaid,Mastercard prepaid,2018,Extra card,,
1252,734,Visa,Debit,4090974875409305,11/2021,478,YES,2,5507,02/2010,2010,No,2010-02-01,24122,157.37583999999998,157.37583999999998,157.37583999999998,11030.68,12.0,157.37583999999998,157.37583999999998,157.37583999999998,False,43,42.88,-78.85,12220,24917,2,New York,NY,Northeast,True,33.0,30–39,$0k–$16k,$0k–$30k,2,Debit,Visa debit,2010,Extra card,,$0k–$12k
2263,524,Visa,Debit,4983067178659303,12/2024,920,NO,2,24089,03/2010,2010,No,2010-03-01,24123,129.644325,118.604325,129.644325,27891.65,12.0,129.644325,118.604325,129.644325,True,57,38.37,-81.81,17282,35239,1,West Virginia,WV,South,True,47.0,40–49,$16k–$19k,$30k–$37k,1,Debit,Visa debit,2010,Customer's first card,,$20k–$27k
5240,525,Mastercard,Debit,5835652546947839,12/2024,163,YES,1,15900,10/2011,2011,No,2011-10-01,24142,92.01851,88.71851,92.01851,16709.02,12.0,92.01851,88.71851,92.01851,False,55,38.29,-120.58,18223,37147,3,California,CA,West,True,47.0,40–49,$16k–$19k,$37k–$45k,3,Debit,Mastercard debit,2011,Extra card,,$16k–$20k
6004,525,Mastercard,Debit,5052894179039690,01/2024,604,YES,1,11595,12/2010,2010,No,2010-12-01,24132,214.75226,209.00226,214.75226,43447.52,12.0,214.75226,209.00226,214.75226,True,55,38.29,-120.58,18223,37147,3,California,CA,West,True,46.0,40–49,$16k–$19k,$37k–$45k,3,Debit,Mastercard debit,2010,Customer's first card,,$0k–$12k
4811,525,Mastercard,Debit,5407600934550843,02/2020,335,YES,2,13257,09/2011,2011,No,2011-09-01,24141,86.584895,84.554895,86.584895,17471.79,12.0,86.584895,84.554895,86.584895,False,55,38.29,-120.58,18223,37147,3,California,CA,West,True,47.0,40–49,$16k–$19k,$37k–$45k,3,Debit,Mastercard debit,2011,Extra card,,$12k–$16k
3971,250,Mastercard,Debit,5387283225052992,11/2011,236,YES,1,10412,07/2011,2017,No,2011-07-01,24139,20.08563,19.35563,20.08563,2125.26,5.0,20.08563,19.35563,20.08563,False,50,44.52,-122.81,17003,34671,6,Oregon,OR,West,True,41.0,40–49,$16k–$19k,$30k–$37k,6+,Debit,Mastercard debit,2011,Extra card,,$0k–$12k
1332,479,Visa,Debit,4569944754910437,10/2022,19,YES,2,43767,02/2013,2013,No,2013-02-01,24158,75.67275,75.42275,75.67275,8717.5,12.0,75.67275,75.42275,75.67275,False,57,39.11,-76.55,30004,61173,3,Maryland,MD,South,True,50.0,50–59,$28k–$163k,$58k–$280k,3,Debit,Visa debit,2013,Extra card,,$27k–$138k
3582,343,Mastercard,Credit,5052795584928351,07/2018,868,YES,1,10800,06/2014,2014,No,2014-06-01,24174,76.22316000000001,71.18316,76.22316000000001,5643.62,12.0,76.22316000000001,71.18316,76.22316000000001,False,55,37.73,-121.24,23368,47643,8,California,CA,West,True,49.0,40–49,$23k–$28k,$45k–$58k,6+,Credit,Mastercard credit,2014,Extra card,$9k–$11k,
1288,343,Visa,Debit,4906697568806155,04/2014,115,YES,2,38385,02/2011,2011,No,2011-02-01,24134,62.38632,61.15632,62.38632,8762.64,12.0,62.38632,61.15632,62.38632,False,55,37.73,-121.24,23368,47643,8,California,CA,West,True,46.0,40–49,$23k–$28k,$45k–$58k,6+,Debit,Visa debit,2011,Extra card,,$27k–$138k
3953,343,Visa,Debit,4838741431544661,06/2024,808,YES,1,14625,07/2010,2010,No,2010-07-01,24127,70.481295,69.731295,70.481295,8546.59,12.0,70.481295,69.731295,70.481295,False,55,37.73,-121.24,23368,47643,8,California,CA,West,True,45.0,40–49,$23k–$28k,$45k–$58k,6+,Debit,Visa debit,2010,Extra card,,$12k–$16k
3523,343,Mastercard,Credit,5806194988137545,10/2021,655,YES,2,12300,06/2011,2011,No,2011-06-01,24138,88.75583999999999,86.23584,88.75583999999999,5759.88,12.0,88.75583999999999,86.23584,88.75583999999999,False,55,37.73,-121.24,23368,47643,8,California,CA,West,True,46.0,40–49,$23k–$28k,$45k–$58k,6+,Credit,Mastercard credit,2011,Extra card,$11k–$15k,
3637,1196,Visa,Debit,4848365658346021,04/2024,472,YES,1,14623,06/2018,2018,No,2018-06-01,24222,57.44426,55.89426,57.44426,10927.52,12.0,57.44426,55.89426,57.44426,False,60,35.24,-113.76,17113,34895,4,Arizona,AZ,West,True,58.0,50–59,$16k–$19k,$30k–$37k,4,Debit,Visa debit,2018,Extra card,,$12k–$16k
4000,1196,Mastercard,Debit,5215179642753327,06/2021,991,YES,2,15017,07/2012,2012,No,2012-07-01,24151,113.879355,107.909355,113.879355,22889.57,12.0,113.879355,107.909355,113.879355,False,60,35.24,-113.76,17113,34895,4,Arizona,AZ,West,True,52.0,50–59,$16k–$19k,$30k–$37k,4,Debit,Mastercard debit,2012,Extra card,,$12k–$16k
5322,1963,Mastercard,Debit,5461853964107432,10/2020,157,YES,1,17220,10/2017,2017,No,2017-10-01,24214,123.659965,123.659965,123.659965,15676.93,12.0,123.659965,123.659965,123.659965,False,98,38.35,-121.93,26137,33869,7,California,CA,West,True,96.0,70+,$23k–$28k,$30k–$37k,6+,Debit,Mastercard debit,2017,Extra card,,$16k–$20k
6058,1963,Visa,Debit,4198976754515199,02/2023,970,YES,1,21692,12/2011,2012,No,2011-12-01,24144,152.40260999999998,152.40260999999998,152.40260999999998,17196.22,12.0,152.40260999999998,152.40260999999998,152.40260999999998,False,98,38.35,-121.93,26137,33869,7,California,CA,West,True,90.0,70+,$23k–$28k,$30k–$37k,6+,Debit,Visa debit,2011,Extra card,,$20k–$27k
1381,764,Mastercard,Debit,5445576229804926,11/2021,764,YES,1,20467,02/2018,2018,No,2018-02-01,24218,61.636075,61.346075,61.636075,13256.15,12.0,61.636075,61.346075,61.636075,False,77,32.61,-83.63,20835,31066,4,Georgia,GA,South,True,75.0,70+,$19k–$23k,$30k–$37k,4,Debit,Mastercard debit,2018,Extra card,,$20k–$27k
286,764,Visa,Debit,4127768354829504,04/2020,462,YES,1,16109,01/2011,2011,No,2011-01-01,24133,105.737215,105.157215,105.737215,23407.43,12.0,105.737215,105.157215,105.737215,False,77,32.61,-83.63,20835,31066,4,Georgia,GA,South,True,68.0,60–69,$19k–$23k,$30k–$37k,4,Debit,Visa debit,2011,Extra card,,$16k–$20k
5291,213,Mastercard,Debit,5245186032047233,05/2023,952,YES,2,18074,10/2014,2014,No,2014-10-01,24178,145.200505,140.580505,145.200505,29526.01,12.0,145.200505,140.580505,145.200505,False,37,32.91,-96.62,27057,55172,3,Texas,TX,South,True,32.0,30–39,$23k–$28k,$45k–$58k,3,Debit,Mastercard debit,2014,Extra card,,$16k–$20k
1221,1685,Mastercard,Debit,5638911805485528,02/2023,857,YES,1,8451,02/2010,2010,No,2010-02-01,24122,130.531305,126.141305,130.531305,38718.61,12.0,130.531305,126.141305,130.531305,True,53,33.61,-111.89,36300,74012,2,Arizona,AZ,West,True,43.0,40–49,$28k–$163k,$58k–$280k,2,Debit,Mastercard debit,2010,Customer's first card,,$0k–$12k
5613,1685,Mastercard,Debit (Prepaid),5456998274620242,07/2021,314,YES,2,26,11/2010,2017,No,2010-11-01,24131,0.0,0.0,29.621905,920.81,12.0,0.0,0.0,29.621905,False,53,33.61,-111.89,36300,74012,2,Arizona,AZ,West,True,44.0,40–49,$28k–$163k,$58k–$280k,2,Prepaid,Mastercard prepaid,2010,Extra card,,
1253,225,Visa,Debit,4556097032146114,12/2020,779,YES,1,20661,02/2010,2010,No,2010-02-01,24122,136.53695,126.84695,136.53695,34836.9,12.0,136.53695,126.84695,136.53695,True,32,29.76,-95.38,20055,40887,4,Texas,TX,South,True,22.0,Under 30,$19k–$23k,$37k–$45k,4,Debit,Visa debit,2010,Customer's first card,,$20k–$27k
4382,225,Visa,Debit,4558358311758359,08/2018,143,YES,2,16523,08/2011,2011,No,2011-08-01,24140,54.52412,51.76412,54.52412,12608.24,12.0,54.52412,51.76412,54.52412,False,32,29.76,-95.38,20055,40887,4,Texas,TX,South,True,24.0,Under 30,$19k–$23k,$37k–$45k,4,Debit,Visa debit,2011,Extra card,,$16k–$20k
4780,225,Mastercard,Credit,5388982948934434,09/2023,283,YES,2,14300,09/2010,2010,No,2010-09-01,24129,336.69971999999996,275.85972,336.69971999999996,20329.54,12.0,336.69971999999996,275.85972,336.69971999999996,False,32,29.76,-95.38,20055,40887,4,Texas,TX,South,True,23.0,Under 30,$19k–$23k,$37k–$45k,4,Credit,Mastercard credit,2010,Extra card,$11k–$15k,
4846,1210,Amex,Credit,347615356543698,10/2020,81,YES,2,8600,09/2013,2013,No,2013-09-01,24165,345.32748,288.44748,345.32748,20816.86,12.0,440.32748,383.44748,440.32748,False,32,41.0,-76.85,16935,34531,4,Pennsylvania,PA,Northeast,True,26.0,Under 30,$16k–$19k,$30k–$37k,4,Credit,Amex credit,2013,Extra card,$6k–$9k,
5664,576,Visa,Debit,4869825437648368,02/2022,137,YES,1,26471,11/2011,2011,No,2011-11-01,24143,32.86692,31.37692,32.86692,5959.84,12.0,32.86692,31.37692,32.86692,False,68,33.95,-84.54,30747,63502,7,Georgia,GA,South,True,60.0,60–69,$28k–$163k,$58k–$280k,6+,Debit,Visa debit,2011,Extra card,,$20k–$27k
3057,576,Mastercard,Debit,5940844230264571,01/2024,441,YES,1,29465,05/2010,2010,No,2010-05-01,24125,39.927665,39.637665,39.927665,6114.33,12.0,39.927665,39.637665,39.927665,False,68,33.95,-84.54,30747,63502,7,Georgia,GA,South,True,58.0,50–59,$28k–$163k,$58k–$280k,6+,Debit,Mastercard debit,2010,Extra card,,$27k–$138k
3600,576,Visa,Debit,4067511304922463,07/2020,377,YES,1,21070,06/2015,2015,No,2015-06-01,24186,25.41272,25.14272,25.41272,3585.44,12.0,25.41272,25.14272,25.41272,False,68,33.95,-84.54,30747,63502,7,Georgia,GA,South,True,63.0,60–69,$28k–$163k,$58k–$280k,6+,Debit,Visa debit,2015,Extra card,,$20k–$27k
324,1677,Visa,Credit,4051794996672546,10/2024,375,YES,2,2400,01/2013,2013,No,2013-01-01,24157,454.8276,382.4676,454.8276,28171.2,12.0,454.8276,382.4676,454.8276,False,51,33.57,-101.87,16272,33178,2,Texas,TX,South,True,44.0,40–49,$16k–$19k,$30k–$37k,2,Credit,Visa credit,2013,Extra card,$0k–$6k,
3080,1969,Visa,Debit,4288810793226677,02/2015,453,YES,1,3016,05/2010,2011,No,2010-05-01,24125,58.247875,57.717875,58.247875,10560.75,12.0,58.247875,57.717875,58.247875,False,84,27.48,-82.57,29583,44690,5,Florida,FL,South,True,74.0,70+,$28k–$163k,$45k–$58k,5,Debit,Visa debit,2010,Extra card,,$0k–$12k
1254,1482,Visa,Debit,4474303260979464,10/2021,877,YES,2,34877,02/2010,2012,No,2010-02-01,24122,240.881085,239.071085,240.881085,72077.17,12.0,240.881085,239.071085,240.881085,True,54,34.06,-84.27,43725,89152,1,Georgia,GA,South,True,44.0,40–49,$28k–$163k,$58k–$280k,1,Debit,Visa debit,2010,Customer's first card,,$27k–$138k
4854,538,Mastercard,Debit,5914363154867761,12/2014,861,YES,1,11906,09/2013,2013,No,2013-09-01,24165,74.63503,70.63503,74.63503,11508.06,12.0,74.63503,70.63503,74.63503,False,66,35.3,-77.15,14844,30265,4,North Carolina,NC,South,True,60.0,60–69,$0k–$16k,$0k–$30k,4,Debit,Mastercard debit,2013,Extra card,,$12k–$16k
1319,748,Mastercard,Debit,5811894674904856,06/2022,745,YES,1,18204,02/2013,2013,No,2013-02-01,24158,86.23395500000001,79.763955,86.23395500000001,14504.91,12.0,86.23395500000001,79.763955,86.23395500000001,False,55,29.76,-95.38,18412,37534,3,Texas,TX,South,True,48.0,40–49,$16k–$19k,$37k–$45k,3,Debit,Mastercard debit,2013,Extra card,,$16k–$20k
2763,748,Mastercard,Debit,5448937090820055,01/2017,848,YES,1,20067,04/2016,2016,No,2016-04-01,24196,36.20424,33.97424,36.20424,6309.48,10.0,36.20424,33.97424,36.20424,False,55,29.76,-95.38,18412,37534,3,Texas,TX,South,True,51.0,50–59,$16k–$19k,$37k–$45k,3,Debit,Mastercard debit,2016,Extra card,,$16k–$20k
4889,807,Visa,Debit (Prepaid),4303264440429387,06/2021,41,YES,1,91,09/2015,2015,No,2015-09-01,24189,0.0,0.0,39.050895,4464.79,12.0,0.0,0.0,39.050895,False,52,42.77,-86.1,18877,38487,3,Michigan,MI,Midwest,True,48.0,40–49,$16k–$19k,$37k–$45k,3,Prepaid,Visa prepaid,2015,Extra card,,
5299,807,Visa,Debit (Prepaid),4822827268715842,06/2020,941,YES,1,62,10/2014,2014,No,2014-10-01,24178,0.0,0.0,51.023645,4601.29,12.0,0.0,0.0,51.023645,False,52,42.77,-86.1,18877,38487,3,Michigan,MI,Midwest,True,47.0,40–49,$16k–$19k,$37k–$45k,3,Prepaid,Visa prepaid,2014,Extra card,,
4383,1430,Visa,Debit,4305528629844067,01/2021,143,NO,2,25726,08/2011,2011,No,2011-08-01,24140,34.83085,34.04085,34.83085,9732.7,12.0,34.83085,34.04085,34.83085,False,69,41.63,-93.74,26764,33642,5,Iowa,IA,Midwest,True,61.0,60–69,$23k–$28k,$30k–$37k,5,Debit,Visa debit,2011,Extra card,,$20k–$27k
3987,1430,Visa,Credit,4369343670589371,10/2022,814,YES,2,400,07/2011,2011,No,2011-07-01,24139,180.657,171.65699999999998,180.657,11294.5,12.0,180.657,171.65699999999998,180.657,False,69,41.63,-93.74,26764,33642,5,Iowa,IA,Midwest,True,60.0,60–69,$23k–$28k,$30k–$37k,5,Credit,Visa credit,2011,Extra card,$0k–$6k,
306,1873,Visa,Debit (Prepaid),4329819283337925,12/2024,529,NO,2,60,01/2012,2012,No,2012-01-01,24145,0.0,0.0,124.61579,17098.58,12.0,0.0,0.0,124.61579,False,51,31.84,-106.43,16823,34302,3,Texas,TX,South,True,43.0,40–49,$16k–$19k,$30k–$37k,3,Prepaid,Visa prepaid,2012,Extra card,,
6059,980,Visa,Credit,4289189526229154,02/2021,488,YES,2,5800,12/2011,2011,No,2011-12-01,24144,97.04934,69.68934,97.04934,5519.63,12.0,97.04934,69.68934,97.04934,False,84,39.32,-76.72,20641,24055,7,Maryland,MD,South,True,76.0,70+,$19k–$23k,$0k–$30k,6+,Credit,Visa credit,2011,Extra card,$0k–$6k,
4855,980,Mastercard,Debit,5704958659332156,04/2016,568,YES,1,16789,09/2013,2013,No,2013-09-01,24165,32.25795,30.76795,32.25795,4443.900000000001,12.0,32.25795,30.76795,32.25795,False,84,39.32,-76.72,20641,24055,7,Maryland,MD,South,True,78.0,70+,$19k–$23k,$0k–$30k,6+,Debit,Mastercard debit,2013,Extra card,,$16k–$20k
4409,980,Mastercard,Debit,5673842014857957,09/2020,763,YES,1,14213,08/2013,2013,No,2013-08-01,24164,37.795915,35.18474,37.795915,6991.83,12.0,37.795915,35.18474,37.795915,False,84,39.32,-76.72,20641,24055,7,Maryland,MD,South,True,78.0,70+,$19k–$23k,$0k–$30k,6+,Debit,Mastercard debit,2013,Extra card,,$12k–$16k
4328,652,Mastercard,Debit,5517224248010481,12/2024,348,YES,1,16203,08/2010,2010,No,2010-08-01,24128,41.533005,41.023005,41.533005,3936.01,12.0,41.533005,41.023005,41.533005,False,82,41.76,-72.61,20065,22726,6,Connecticut,CT,Northeast,True,73.0,70+,$19k–$23k,$0k–$30k,6+,Debit,Mastercard debit,2010,Extra card,,$16k–$20k
1255,652,Visa,Debit,4874919817321914,02/2023,392,YES,2,21607,02/2010,2018,No,2010-02-01,24122,49.799565,49.539565,49.799565,4501.13,12.0,49.799565,49.539565,49.799565,False,82,41.76,-72.61,20065,22726,6,Connecticut,CT,Northeast,True,72.0,70+,$19k–$23k,$0k–$30k,6+,Debit,Visa debit,2010,Extra card,,$20k–$27k
2677,1129,Mastercard,Credit,5744954381314398,06/2022,501,YES,1,7600,04/2011,2011,No,2011-04-01,24136,651.789,345.789,651.789,38584.5,12.0,651.789,345.789,651.789,False,49,33.18,-117.29,16894,34449,3,California,CA,West,True,40.0,40–49,$16k–$19k,$30k–$37k,3,Credit,Mastercard credit,2011,Extra card,$6k–$9k,
6005,885,Mastercard,Debit,5049088411909571,11/2022,311,YES,2,7784,12/2010,2014,No,2010-12-01,24132,88.07516,87.01516,88.07516,6890.32,12.0,88.07516,87.01516,88.07516,False,36,36.67,-93.86,13895,28334,3,Missouri,MO,Midwest,True,27.0,Under 30,$0k–$16k,$0k–$30k,3,Debit,Mastercard debit,2010,Extra card,,$0k–$12k
5632,1302,Visa,Credit,4893597498035434,04/2020,242,YES,2,7900,11/2010,2015,No,2010-11-01,24131,432.40194,420.16194,432.40194,25325.33,12.0,432.40194,420.16194,432.40194,False,62,36.42,-81.46,14218,28988,4,North Carolina,NC,South,True,53.0,50–59,$0k–$16k,$0k–$30k,4,Credit,Visa credit,2010,Extra card,$6k–$9k,
3972,1302,Mastercard,Debit (Prepaid),5879022986680568,10/2022,616,YES,2,13,07/2011,2014,No,2011-07-01,24139,0.0,0.0,2.78644,112.88,8.0,0.0,0.0,2.78644,False,62,36.42,-81.46,14218,28988,4,North Carolina,NC,South,True,53.0,50–59,$0k–$16k,$0k–$30k,4,Prepaid,Mastercard prepaid,2011,Extra card,,
6088,415,Mastercard,Debit,5266997540698930,02/2022,791,YES,1,11818,12/2013,2013,No,2013-12-01,24168,51.909205,51.909205,51.909205,6198.41,12.0,51.909205,51.909205,51.909205,False,53,39.53,-83.43,16544,33729,4,Ohio,OH,Midwest,True,47.0,40–49,$16k–$19k,$30k–$37k,4,Debit,Mastercard debit,2013,Extra card,,$0k–$12k
5198,28,Mastercard,Debit,5428995792004092,01/2021,800,NO,1,13896,10/2010,2010,No,2010-10-01,24130,59.461785,58.801785,59.461785,17598.57,12.0,59.461785,58.801785,59.461785,False,39,38.63,-77.26,26618,54273,4,Virginia,VA,South,True,30.0,30–39,$23k–$28k,$45k–$58k,4,Debit,Mastercard debit,2010,Extra card,,$12k–$16k
2678,28,Mastercard,Credit,5623379608463304,01/2024,922,YES,1,16400,04/2011,2011,No,2011-04-01,24136,391.57002,391.21002,391.57002,25166.89,12.0,391.57002,391.21002,391.57002,False,39,38.63,-77.26,26618,54273,4,Virginia,VA,South,True,30.0,30–39,$23k–$28k,$45k–$58k,4,Credit,Mastercard credit,2011,Extra card,$15k–$98k,
1357,33,Mastercard,Credit,5773848829447492,07/2016,833,YES,2,9000,02/2015,2015,No,2015-02-01,24182,258.25806,254.65806,258.25806,15613.67,12.0,258.25806,254.65806,258.25806,False,77,39.21,-119.71,18239,38692,5,Nevada,NV,West,True,72.0,70+,$16k–$19k,$37k–$45k,5,Credit,Mastercard credit,2015,Extra card,$9k–$11k,
2252,33,Mastercard,Debit,5589655270470549,09/2017,213,YES,2,13829,03/2010,2016,No,2010-03-01,24123,44.74551,43.77551,44.74551,7886.02,12.0,44.74551,43.77551,44.74551,False,77,39.21,-119.71,18239,38692,5,Nevada,NV,West,True,67.0,60–69,$16k–$19k,$37k–$45k,5,Debit,Mastercard debit,2010,Extra card,,$12k–$16k
5652,1646,Mastercard,Credit,5207616824194251,05/2022,511,YES,2,9900,11/2011,2011,No,2011-11-01,24143,126.1692,88.00919999999999,126.1692,7301.4,12.0,126.1692,88.00919999999999,126.1692,False,54,40.33,-79.83,14663,29898,5,Pennsylvania,PA,Northeast,True,46.0,40–49,$0k–$16k,$0k–$30k,5,Credit,Mastercard credit,2011,Extra card,$9k–$11k,
2276,1646,Mastercard,Debit,5298309501417982,08/2021,208,YES,1,11153,03/2011,2011,No,2011-03-01,24135,138.75787499999998,138.497875,138.75787499999998,12495.75,12.0,138.75787499999998,138.497875,138.75787499999998,False,54,40.33,-79.83,14663,29898,5,Pennsylvania,PA,Northeast,True,45.0,40–49,$0k–$16k,$0k–$30k,5,Debit,Mastercard debit,2011,Extra card,,$0k–$12k
5314,1646,Mastercard,Debit,5234825249935945,04/2018,625,NO,1,10671,10/2016,2016,No,2016-10-01,24202,53.85778,53.85778,53.85778,3975.56,12.0,53.85778,53.85778,53.85778,False,54,40.33,-79.83,14663,29898,5,Pennsylvania,PA,Northeast,True,51.0,50–59,$0k–$16k,$0k–$30k,5,Debit,Mastercard debit,2016,Extra card,,$0k–$12k
4045,1646,Mastercard,Debit,5887429452492053,10/2024,119,NO,1,12470,07/2016,2016,No,2016-07-01,24199,58.68164,58.68164,58.68164,4803.28,12.0,58.68164,58.68164,58.68164,False,54,40.33,-79.83,14663,29898,5,Pennsylvania,PA,Northeast,True,50.0,50–59,$0k–$16k,$0k–$30k,5,Debit,Mastercard debit,2016,Extra card,,$12k–$16k
6080,134,Amex,Credit,307803547813264,04/2021,18,YES,2,4700,12/2013,2013,No,2013-12-01,24168,835.37154,823.13154,835.37154,51114.53,12.0,930.37154,918.13154,930.37154,False,43,31.84,-106.43,24608,50174,4,Texas,TX,South,True,37.0,30–39,$23k–$28k,$45k–$58k,4,Credit,Amex credit,2013,Extra card,$0k–$6k,
5991,134,Amex,Credit,390245051618518,07/2012,198,YES,2,10400,12/2010,2013,No,2010-12-01,24132,898.16094,879.80094,898.16094,53113.83,12.0,993.16094,974.80094,993.16094,True,43,31.84,-106.43,24608,50174,4,Texas,TX,South,True,34.0,30–39,$23k–$28k,$45k–$58k,4,Credit,Amex credit,2010,Customer's first card,$9k–$11k,
6120,134,Mastercard,Credit,5270343966236915,08/2022,997,YES,1,9400,12/2016,2016,No,2016-12-01,24204,493.2891,488.9691,493.2891,30206.95,12.0,493.2891,488.9691,493.2891,False,43,31.84,-106.43,24608,50174,4,Texas,TX,South,True,40.0,40–49,$23k–$28k,$45k–$58k,4,Credit,Mastercard credit,2016,Extra card,$9k–$11k,
2242,220,Amex,Credit,314281190779481,03/2023,430,YES,1,17200,03/2010,2015,No,2010-03-01,24123,473.8626,455.8626,473.8626,32931.7,12.0,568.8626,550.8625999999999,568.8626,True,33,38.1,-122.63,30335,61846,4,California,CA,West,True,23.0,Under 30,$28k–$163k,$58k–$280k,4,Credit,Amex credit,2010,Customer's first card,$15k–$98k,
3954,220,Visa,Debit,4604354040195938,05/2020,401,YES,1,23018,07/2010,2018,No,2010-07-01,24127,54.40667,50.16667,54.40667,14225.34,12.0,54.40667,50.16667,54.40667,False,33,38.1,-122.63,30335,61846,4,California,CA,West,True,23.0,Under 30,$28k–$163k,$58k–$280k,4,Debit,Visa debit,2010,Extra card,,$20k–$27k
2697,220,Mastercard,Credit,5572404956005534,12/2024,905,YES,3,23500,04/2012,2012,No,2012-04-01,24148,203.75892,197.27892,203.75892,13516.94,12.0,203.75892,197.27892,203.75892,False,33,38.1,-122.63,30335,61846,4,California,CA,West,True,25.0,Under 30,$28k–$163k,$58k–$280k,4,Credit,Mastercard credit,2012,Extra card,$15k–$98k,
6081,1260,Amex,Credit,362698516441740,07/2024,439,YES,2,0,12/2013,2013,No,2013-12-01,24168,309.25764,268.21764,309.25764,19589.98,12.0,404.25764,363.21764,404.25764,True,28,26.14,-80.13,20995,42806,3,Florida,FL,South,True,22.0,Under 30,$19k–$23k,$37k–$45k,3,Credit,Amex credit,2013,Customer's first card,$0k–$6k,
361,96,Visa,Credit,4304215035213802,10/2020,370,YES,2,24300,01/2017,2017,No,2017-01-01,24205,991.332,954.972,991.332,65652.0,12.0,991.332,954.972,991.332,False,69,33.89,-117.78,38948,99825,4,California,CA,West,True,66.0,60–69,$28k–$163k,$58k–$280k,4,Credit,Visa credit,2017,Extra card,$15k–$98k,
4878,1166,Visa,Debit,4890865865158493,11/2014,441,YES,1,14574,09/2014,2014,No,2014-09-01,24177,55.27212,55.00212,55.27212,9145.24,3.0,55.27212,55.00212,55.27212,False,44,39.39,-84.56,19569,39898,3,Ohio,OH,Midwest,True,39.0,30–39,$19k–$23k,$37k–$45k,3,Debit,Visa debit,2014,Extra card,,$12k–$16k
1222,1166,Mastercard,Credit,5702377806791449,08/2021,548,YES,2,14100,02/2010,2010,No,2010-02-01,24122,384.88644,370.84644,384.88644,31537.58,12.0,384.88644,370.84644,384.88644,False,44,39.39,-84.56,19569,39898,3,Ohio,OH,Midwest,True,34.0,30–39,$19k–$23k,$37k–$45k,3,Credit,Mastercard credit,2010,Extra card,$11k–$15k,
2649,1533,Mastercard,Credit,5946485614560585,04/2021,261,YES,1,11800,04/2010,2013,No,2010-04-01,24124,538.71462,490.83462,538.71462,32345.59,12.0,538.71462,490.83462,538.71462,False,39,39.77,-86.14,24233,49412,3,Indiana,IN,Midwest,True,29.0,Under 30,$23k–$28k,$45k–$58k,3,Credit,Mastercard credit,2010,Extra card,$11k–$15k,
3097,1533,Mastercard,Debit,5118758087775711,06/2022,993,YES,2,27594,05/2011,2011,No,2011-05-01,24137,112.682955,107.792955,112.682955,28782.91,12.0,112.682955,107.792955,112.682955,False,39,39.77,-86.14,24233,49412,3,Indiana,IN,Midwest,True,30.0,30–39,$23k–$28k,$45k–$58k,3,Debit,Mastercard debit,2011,Extra card,,$27k–$138k
250,1451,Visa,Debit,4138363239181107,03/2023,48,YES,1,20475,01/2010,2015,No,2010-01-01,24121,97.911535,95.971535,97.911535,16183.07,12.0,97.911535,95.971535,97.911535,False,58,42.41,-70.99,20979,17078,4,Massachusetts,MA,Northeast,True,48.0,40–49,$19k–$23k,$0k–$30k,4,Debit,Visa debit,2010,Extra card,,$20k–$27k
6006,57,Mastercard,Debit,5134306678651092,02/2020,796,YES,2,17614,12/2010,2013,No,2010-12-01,24132,256.04539,245.17539,256.04539,48081.78,12.0,256.04539,245.17539,256.04539,True,28,32.33,-111.05,21494,43826,1,Arizona,AZ,West,True,19.0,Under 30,$19k–$23k,$37k–$45k,1,Debit,Mastercard debit,2010,Customer's first card,,$16k–$20k
6069,1335,Mastercard,Debit,5260369873454704,12/2020,963,YES,2,51133,12/2012,2012,No,2012-12-01,24156,237.71040999999997,224.69041,237.71040999999997,75767.82,12.0,237.71040999999997,224.69041,237.71040999999997,True,51,33.56,-117.63,47991,97845,4,California,CA,West,True,44.0,40–49,$28k–$163k,$58k–$280k,4,Debit,Mastercard debit,2012,Customer's first card,,$27k–$138k
2330,1335,Mastercard,Debit (Prepaid),5771619649186816,09/2020,504,YES,1,54,03/2014,2014,No,2014-03-01,24171,0.0,0.0,61.28424,5444.48,12.0,0.0,0.0,61.28424,False,51,33.56,-117.63,47991,97845,4,California,CA,West,True,45.0,40–49,$28k–$163k,$58k–$280k,4,Prepaid,Mastercard prepaid,2014,Extra card,,
3583,1335,Mastercard,Debit,5852720136795701,08/2023,35,YES,2,32036,06/2014,2014,No,2014-06-01,24174,121.58184,115.76184,121.58184,40145.68,12.0,121.58184,115.76184,121.58184,False,51,33.56,-117.63,47991,97845,4,California,CA,West,True,45.0,40–49,$28k–$163k,$58k–$280k,4,Debit,Mastercard debit,2014,Extra card,,$27k–$138k
4468,816,Amex,Credit,317788535363713,08/2021,583,YES,1,9200,08/2018,2018,No,2018-08-01,24224,247.02066,247.02066,247.02066,15941.37,12.0,342.02066,342.02066,342.02066,False,56,36.56,-82.19,17795,36285,5,Tennessee,TN,South,True,55.0,50–59,$16k–$19k,$30k–$37k,5,Credit,Amex credit,2018,Extra card,$9k–$11k,
4344,1385,Visa,Debit,4690085698241971,01/2021,125,YES,1,48489,08/2010,2014,No,2010-08-01,24128,48.42258,36.43258,48.42258,13497.16,12.0,48.42258,36.43258,48.42258,False,51,44.96,-93.26,40364,82298,6,Minnesota,MN,Midwest,True,42.0,40–49,$28k–$163k,$58k–$280k,6+,Debit,Visa debit,2010,Extra card,,$27k–$138k
1256,1385,Visa,Debit,4083090955300562,12/2022,259,YES,2,36940,02/2010,2010,No,2010-02-01,24122,58.079355,45.689355,58.079355,12717.71,12.0,58.079355,45.689355,58.079355,False,51,44.96,-93.26,40364,82298,6,Minnesota,MN,Midwest,True,41.0,40–49,$28k–$163k,$58k–$280k,6+,Debit,Visa debit,2010,Extra card,,$27k–$138k
4881,1125,Amex,Credit,331368783471362,12/2021,673,YES,2,13200,09/2015,2015,No,2015-09-01,24189,445.78854,419.14854,445.78854,29020.03,12.0,540.78854,514.14854,540.78854,False,25,30.51,-97.67,31839,64917,4,Texas,TX,South,True,21.0,Under 30,$28k–$163k,$58k–$280k,4,Credit,Amex credit,2015,Extra card,$11k–$15k,
3601,1125,Visa,Debit,4218957266147893,05/2021,909,YES,2,29200,06/2015,2015,No,2015-06-01,24186,106.61212,97.27212,106.61212,27808.24,12.0,106.61212,97.27212,106.61212,True,25,30.51,-97.67,31839,64917,4,Texas,TX,South,True,20.0,Under 30,$28k–$163k,$58k–$280k,4,Debit,Visa debit,2015,Customer's first card,,$27k–$138k
287,1345,Visa,Debit,4988009818611006,05/2021,45,YES,2,16857,01/2011,2017,No,2011-01-01,24133,22.147305,21.857305,22.147305,2789.61,12.0,22.147305,21.857305,22.147305,False,83,30.21,-90.92,24703,16620,8,Louisiana,LA,South,True,74.0,70+,$23k–$28k,$0k–$30k,6+,Debit,Visa debit,2011,Extra card,,$16k–$20k
5633,1345,Visa,Debit,4559661567211049,05/2023,584,NO,1,2518,11/2010,2010,No,2010-11-01,24131,24.17034,24.17034,24.17034,3666.68,12.0,24.17034,24.17034,24.17034,False,83,30.21,-90.92,24703,16620,8,Louisiana,LA,South,True,74.0,70+,$23k–$28k,$0k–$30k,6+,Debit,Visa debit,2010,Extra card,,$0k–$12k
3060,1695,Mastercard,Credit,5064256706957228,07/2022,302,YES,2,12700,05/2010,2015,No,2010-05-01,24125,229.7439,216.7839,229.7439,15895.55,12.0,229.7439,216.7839,229.7439,False,45,33.94,-117.99,27973,57027,4,California,CA,West,True,35.0,30–39,$23k–$28k,$45k–$58k,4,Credit,Mastercard credit,2010,Extra card,$11k–$15k,
274,1695,Mastercard,Debit,5322366368652292,01/2016,702,YES,2,20838,01/2011,2011,No,2011-01-01,24133,36.467355,35.697355,36.467355,11817.71,12.0,36.467355,35.697355,36.467355,False,45,33.94,-117.99,27973,57027,4,California,CA,West,True,36.0,30–39,$23k–$28k,$45k–$58k,4,Debit,Mastercard debit,2011,Extra card,,$20k–$27k
4781,1985,Mastercard,Debit,5733036423097085,03/2020,72,YES,2,416,09/2010,2010,No,2010-09-01,24129,145.327065,142.247065,145.327065,9153.13,12.0,145.327065,142.247065,145.327065,False,50,34.06,-84.27,0,1426,3,Georgia,GA,South,True,41.0,40–49,$0k–$16k,$0k–$30k,3,Debit,Mastercard debit,2010,Extra card,,$0k–$12k
5653,1604,Mastercard,Credit,5196692562051331,11/2011,626,YES,2,11200,11/2011,2013,No,2011-11-01,24143,15.68556,15.68556,15.68556,1190.42,1.0,15.68556,15.68556,15.68556,False,55,34.31,-89.93,15354,31308,7,Mississippi,MS,South,True,47.0,40–49,$0k–$16k,$30k–$37k,6+,Credit,Mastercard credit,2011,Extra card,$9k–$11k,
6077,1604,Visa,Debit,4135358669694440,07/2013,903,YES,1,11578,12/2012,2012,No,2012-12-01,24156,55.127415,54.617414999999994,55.127415,7047.83,8.0,55.127415,54.617414999999994,55.127415,False,55,34.31,-89.93,15354,31308,7,Mississippi,MS,South,True,48.0,40–49,$0k–$16k,$30k–$37k,6+,Debit,Visa debit,2012,Extra card,,$0k–$12k
3185,1604,Visa,Debit,4756917754933725,07/2021,915,YES,1,13754,05/2016,2016,No,2016-05-01,24197,87.74444,86.50443999999999,87.74444,11169.88,12.0,87.74444,86.50443999999999,87.74444,False,55,34.31,-89.93,15354,31308,7,Mississippi,MS,South,True,51.0,50–59,$0k–$16k,$30k–$37k,6+,Debit,Visa debit,2016,Extra card,,$12k–$16k
2766,649,Visa,Debit,4094691617950058,07/2020,376,YES,1,14558,04/2016,2016,No,2016-04-01,24196,43.842215,42.272215,43.842215,4945.43,12.0,43.842215,42.272215,43.842215,False,48,41.5,-74.02,22762,46408,7,New York,NY,Northeast,True,44.0,40–49,$23k–$28k,$45k–$58k,6+,Debit,Visa debit,2016,Extra card,,$12k–$16k
1376,649,Visa,Debit,4974987012125947,03/2023,50,YES,2,46342,02/2017,2017,No,2017-02-01,24206,40.285105,38.735105,40.285105,4044.21,12.0,40.285105,38.735105,40.285105,False,48,41.5,-74.02,22762,46408,7,New York,NY,Northeast,True,45.0,40–49,$23k–$28k,$45k–$58k,6+,Debit,Visa debit,2017,Extra card,,$27k–$138k
1223,649,Mastercard,Debit,5155724078477847,06/2024,606,YES,2,11401,02/2010,2016,No,2010-02-01,24122,70.46561,68.40561,70.46561,7361.22,12.0,70.46561,68.40561,70.46561,False,48,41.5,-74.02,22762,46408,7,New York,NY,Northeast,True,38.0,30–39,$23k–$28k,$45k–$58k,6+,Debit,Mastercard debit,2010,Extra card,,$0k–$12k
251,649,Visa,Debit,4827129780511983,03/2024,941,YES,1,8280,01/2010,2010,No,2010-01-01,24121,81.83606,78.80606,81.83606,8059.12,12.0,81.83606,78.80606,81.83606,False,48,41.5,-74.02,22762,46408,7,New York,NY,Northeast,True,38.0,30–39,$23k–$28k,$45k–$58k,6+,Debit,Visa debit,2010,Extra card,,$0k–$12k
4345,1486,Visa,Credit,4832062433813256,06/2020,469,YES,1,9600,08/2010,2011,No,2010-08-01,24128,303.48738,271.08738,303.48738,20555.41,12.0,303.48738,271.08738,303.48738,True,39,36.48,-81.05,11431,23307,1,North Carolina,NC,South,True,30.0,30–39,$0k–$16k,$0k–$30k,1,Credit,Visa credit,2010,Customer's first card,$9k–$11k,
3973,400,Mastercard,Debit,5484162566176355,11/2011,950,YES,2,16687,07/2011,2011,No,2011-07-01,24139,42.5759,42.5759,42.5759,11539.8,6.0,42.5759,42.5759,42.5759,False,46,30.17,-85.67,19508,39770,4,Florida,FL,South,True,37.0,30–39,$19k–$23k,$37k–$45k,4,Debit,Mastercard debit,2011,Extra card,,$16k–$20k
5241,1994,Mastercard,Debit,5947340712205085,09/2016,43,YES,1,23768,10/2011,2011,No,2011-10-01,24142,84.378865,83.348865,84.378865,20880.73,12.0,84.378865,83.348865,84.378865,False,48,39.38,-119.87,38345,78180,3,Nevada,NV,West,True,40.0,40–49,$28k–$163k,$58k–$280k,3,Debit,Mastercard debit,2011,Extra card,,$20k–$27k
3974,1994,Mastercard,Debit (Prepaid),5978888711772678,08/2022,938,YES,1,63,07/2011,2011,No,2011-07-01,24139,0.0,0.0,79.969705,11998.41,12.0,0.0,0.0,79.969705,False,48,39.38,-119.87,38345,78180,3,Nevada,NV,West,True,39.0,30–39,$28k–$163k,$58k–$280k,3,Prepaid,Mastercard prepaid,2011,Extra card,,
6032,1994,Visa,Credit,4290514131698271,12/2023,197,YES,1,21600,12/2010,2010,No,2010-12-01,24132,636.5997,604.5597,636.5997,38805.65,12.0,636.5997,604.5597,636.5997,True,48,39.38,-119.87,38345,78180,3,Nevada,NV,West,True,39.0,30–39,$28k–$163k,$58k–$280k,3,Credit,Visa credit,2010,Customer's first card,$15k–$98k,
2650,1442,Mastercard,Debit,5370998800503323,06/2021,122,YES,2,11986,04/2010,2015,No,2010-04-01,24124,301.54116,288.18116,301.54116,64277.32,12.0,301.54116,288.18116,301.54116,True,41,43.01,-114.7,14925,30432,1,Idaho,ID,West,True,31.0,30–39,$0k–$16k,$30k–$37k,1,Debit,Mastercard debit,2010,Customer's first card,,$12k–$16k
6043,1853,Mastercard,Debit,5693761531134263,02/2021,876,YES,2,4340,12/2011,2012,No,2011-12-01,24144,56.09847,55.28584,56.09847,4540.94,12.0,56.09847,55.28584,56.09847,False,39,40.34,-94.87,18226,37165,3,Missouri,MO,Midwest,True,31.0,30–39,$16k–$19k,$37k–$45k,3,Debit,Mastercard debit,2011,Extra card,,$0k–$12k
5654,556,Mastercard,Debit,5455392892256793,01/2023,356,YES,1,23688,11/2011,2011,No,2011-11-01,24143,146.362195,142.192195,146.362195,23615.39,12.0,146.362195,142.192195,146.362195,False,46,41.01,-81.6,17856,36405,2,Ohio,OH,Midwest,True,38.0,30–39,$16k–$19k,$30k–$37k,2,Debit,Mastercard debit,2011,Extra card,,$20k–$27k
293,321,Amex,Credit,324067922186663,08/2018,194,YES,1,3300,01/2012,2012,No,2012-01-01,24145,277.54056,224.26056,277.54056,17393.920000000002,12.0,372.54056,319.26056,372.54056,False,52,45.18,-89.7,19705,40177,4,Wisconsin,WI,Midwest,True,44.0,40–49,$19k–$23k,$37k–$45k,4,Credit,Amex credit,2012,Extra card,$0k–$6k,
4364,483,Mastercard,Debit,5115060727983375,09/2020,594,YES,2,13224,08/2011,2011,No,2011-08-01,24140,76.613335,76.353335,76.613335,13164.67,12.0,76.613335,76.353335,76.613335,False,49,48.53,-122.31,19604,39969,3,Washington,WA,West,True,41.0,40–49,$19k–$23k,$37k–$45k,3,Debit,Mastercard debit,2011,Extra card,,$12k–$16k
4346,1510,Visa,Credit,4529046868574613,11/2013,294,YES,1,6600,08/2010,2011,No,2010-08-01,24128,391.15368,391.15368,391.15368,23429.76,12.0,391.15368,391.15368,391.15368,False,32,33.9,-118.0,24845,50658,2,California,CA,West,True,23.0,Under 30,$23k–$28k,$45k–$58k,2,Credit,Visa credit,2010,Extra card,$6k–$9k,
1257,1510,Visa,Credit,4051609818366867,11/2011,795,YES,1,11400,02/2010,2012,No,2010-02-01,24122,535.84146,535.84146,535.84146,33835.97,12.0,535.84146,535.84146,535.84146,True,32,33.9,-118.0,24845,50658,2,California,CA,West,True,22.0,Under 30,$23k–$28k,$45k–$58k,2,Credit,Visa credit,2010,Customer's first card,$11k–$15k,
1309,1635,Visa,Credit,4029286233026672,09/2023,218,YES,2,15000,02/2012,2012,No,2012-02-01,24146,208.51488,185.83488,208.51488,14876.16,12.0,208.51488,185.83488,208.51488,False,54,40.68,-73.78,20760,42332,6,New York,NY,Northeast,True,46.0,40–49,$19k–$23k,$37k–$45k,6+,Credit,Visa credit,2012,Extra card,$15k–$98k,
6044,1635,Mastercard,Debit,5269354095711843,02/2021,905,YES,2,14348,12/2011,2011,No,2011-12-01,24144,78.46161,77.11161,78.46161,8220.22,12.0,78.46161,77.11161,78.46161,False,54,40.68,-73.78,20760,42332,6,New York,NY,Northeast,True,46.0,40–49,$19k–$23k,$37k–$45k,6+,Debit,Mastercard debit,2011,Extra card,,$12k–$16k
5229,1384,Discover,Credit,6648294893325479,03/2014,949,YES,2,15000,10/2011,2011,No,2011-10-01,24142,399.5334,395.5734,399.5334,24022.3,12.0,399.5334,395.5734,399.5334,False,74,38.53,-90.0,22545,23011,3,Illinois,IL,Midwest,True,66.0,60–69,$19k–$23k,$0k–$30k,3,Credit,Discover credit,2011,Extra card,$15k–$98k,
2369,1236,Visa,Credit,4788127455899674,01/2021,710,YES,1,8800,03/2017,2017,No,2017-03-01,24207,207.45792,172.53792,207.45792,14282.44,12.0,207.45792,172.53792,207.45792,False,72,38.86,-104.76,14645,25243,6,Colorado,CO,West,True,69.0,60–69,$0k–$16k,$0k–$30k,6+,Credit,Visa credit,2017,Extra card,$9k–$11k,
3186,496,Visa,Debit,4602655731592723,03/2019,673,YES,1,22516,05/2016,2016,No,2016-05-01,24197,34.796079999999996,34.28608,34.796079999999996,6572.16,12.0,34.796079999999996,34.28608,34.796079999999996,False,47,32.76,-96.59,17810,36319,4,Texas,TX,South,True,43.0,40–49,$16k–$19k,$30k–$37k,4,Debit,Visa debit,2016,Extra card,,$20k–$27k
5634,1753,Visa,Debit,4613268743262267,03/2020,131,YES,1,25102,11/2010,2014,No,2010-11-01,24131,182.613475,176.383475,182.613475,45062.95,12.0,182.613475,176.383475,182.613475,True,46,32.28,-90.0,22304,45476,1,Mississippi,MS,South,True,37.0,30–39,$19k–$23k,$45k–$58k,1,Debit,Visa debit,2010,Customer's first card,,$20k–$27k
5667,839,Amex,Credit,359230628127716,05/2019,198,YES,2,6600,11/2012,2012,No,2012-11-01,24155,420.07608,408.19608,420.07608,26095.56,12.0,515.07608,503.19608,515.07608,False,45,41.63,-73.21,26674,54384,3,Connecticut,CT,Northeast,True,38.0,30–39,$23k–$28k,$45k–$58k,3,Credit,Amex credit,2012,Extra card,$6k–$9k,
3187,839,Visa,Debit,4661359494660870,04/2024,259,YES,2,25650,05/2016,2016,No,2016-05-01,24197,29.417075,28.687075,29.417075,6756.15,12.0,29.417075,28.687075,29.417075,False,45,41.63,-73.21,26674,54384,3,Connecticut,CT,Northeast,True,41.0,40–49,$23k–$28k,$45k–$58k,3,Debit,Visa debit,2016,Extra card,,$20k–$27k
3477,849,Mastercard,Debit,5311017800546224,09/2013,133,YES,1,14889,06/2010,2011,No,2010-06-01,24126,63.050035,60.740035,63.050035,7006.07,12.0,63.050035,60.740035,63.050035,False,67,39.95,-75.16,21497,43828,3,Pennsylvania,PA,Northeast,True,57.0,50–59,$19k–$23k,$37k–$45k,3,Debit,Mastercard debit,2010,Extra card,,$12k–$16k
1224,1020,Mastercard,Debit,5295246280473124,07/2023,117,YES,1,26277,02/2010,2010,No,2010-02-01,24122,386.52834,381.70834,386.52834,87630.68,12.0,386.52834,381.70834,386.52834,True,29,42.03,-88.08,26545,54122,4,Illinois,IL,Midwest,True,19.0,Under 30,$23k–$28k,$45k–$58k,4,Debit,Mastercard debit,2010,Customer's first card,,$20k–$27k
2728,1020,Mastercard,Debit,5716337574011958,02/2020,231,YES,1,26317,04/2014,2014,No,2014-04-01,24172,196.18407,193.25407,196.18407,41085.14,12.0,196.18407,193.25407,196.18407,False,29,42.03,-88.08,26545,54122,4,Illinois,IL,Midwest,True,23.0,Under 30,$23k–$28k,$45k–$58k,4,Debit,Mastercard debit,2014,Extra card,,$20k–$27k
4062,22,Visa,Credit,4568990237174716,01/2022,624,YES,2,13600,07/2017,2017,No,2017-07-01,24211,756.41886,750.29886,756.41886,48267.27,12.0,756.41886,750.29886,756.41886,True,56,38.99,-76.88,26467,53966,1,Maryland,MD,South,True,53.0,50–59,$23k–$28k,$45k–$58k,1,Credit,Visa credit,2017,Customer's first card,$11k–$15k,
1342,1823,Mastercard,Debit,5395349112538164,03/2020,34,YES,1,37468,02/2014,2014,No,2014-02-01,24170,56.909715,54.939715,56.909715,14680.43,12.0,56.909715,54.939715,56.909715,False,67,33.27,-111.94,32056,65362,6,Arizona,AZ,West,True,61.0,60–69,$28k–$163k,$58k–$280k,6+,Debit,Mastercard debit,2014,Extra card,,$27k–$138k
3638,1823,Visa,Debit (Prepaid),4553257553445993,02/2020,55,NO,1,65,06/2018,2018,No,2018-06-01,24222,0.0,0.0,15.2077,1855.4,12.0,0.0,0.0,15.2077,False,67,33.27,-111.94,32056,65362,6,Arizona,AZ,West,True,65.0,60–69,$28k–$163k,$58k–$280k,6+,Prepaid,Visa prepaid,2018,Extra card,,
4048,1823,Visa,Debit,4597236520104139,03/2020,389,YES,1,31842,07/2016,2016,No,2016-07-01,24199,32.963409999999996,31.51341,32.963409999999996,7603.82,12.0,32.963409999999996,31.51341,32.963409999999996,False,67,33.27,-111.94,32056,65362,6,Arizona,AZ,West,True,63.0,60–69,$28k–$163k,$58k–$280k,6+,Debit,Visa debit,2016,Extra card,,$27k–$138k
3201,1823,Visa,Credit,4907569031158213,08/2024,170,YES,2,12400,05/2018,2018,No,2018-05-01,24221,379.48932,365.80932,379.48932,22414.74,12.0,379.48932,365.80932,379.48932,False,67,33.27,-111.94,32056,65362,6,Arizona,AZ,West,True,65.0,60–69,$28k–$163k,$58k–$280k,6+,Credit,Visa credit,2018,Extra card,$11k–$15k,
5242,589,Mastercard,Debit,5847682490938899,12/2020,383,YES,2,14094,10/2011,2018,No,2011-10-01,24142,45.72825,43.52825,45.72825,9445.5,12.0,45.72825,43.52825,45.72825,False,58,40.55,-81.91,13259,27035,2,Ohio,OH,Midwest,True,50.0,50–59,$0k–$16k,$0k–$30k,2,Debit,Mastercard debit,2011,Extra card,,$12k–$16k
252,69,Visa,Credit,4565836303791159,09/2021,441,YES,2,3900,01/2010,2010,No,2010-01-01,24121,90.58284,62.86284,90.58284,5971.38,12.0,90.58284,62.86284,90.58284,False,54,40.52,-81.47,18794,38318,6,Ohio,OH,Midwest,True,44.0,40–49,$16k–$19k,$37k–$45k,6+,Credit,Visa credit,2010,Extra card,$0k–$6k,
5253,69,Visa,Credit,4550312126148406,01/2020,957,YES,1,10800,10/2011,2013,No,2011-10-01,24142,77.2452,68.6052,77.2452,5320.400000000001,12.0,77.2452,68.6052,77.2452,False,54,40.52,-81.47,18794,38318,6,Ohio,OH,Midwest,True,46.0,40–49,$16k–$19k,$37k–$45k,6+,Credit,Visa credit,2011,Extra card,$9k–$11k,
4799,234,Visa,Credit,4618393100129362,07/2020,775,YES,1,9800,09/2010,2011,No,2010-09-01,24129,194.24142,144.20142,194.24142,11672.19,12.0,194.24142,144.20142,194.24142,False,42,32.76,-96.59,18452,37623,6,Texas,TX,South,True,33.0,30–39,$16k–$19k,$37k–$45k,6+,Credit,Visa credit,2010,Extra card,$9k–$11k,
2355,608,Mastercard,Debit,5446273979485247,11/2022,233,YES,1,1044,03/2016,2016,No,2016-03-01,24195,78.341435,76.071435,78.341435,8156.87,12.0,78.341435,76.071435,78.341435,False,32,37.78,-121.99,0,2365,3,California,CA,West,True,28.0,Under 30,$0k–$16k,$0k–$30k,3,Debit,Mastercard debit,2016,Extra card,,$0k–$12k
2278,608,Mastercard,Debit,5521214390191681,09/2018,672,YES,1,746,03/2011,2011,No,2011-03-01,24135,140.663785,138.603785,140.663785,16183.57,12.0,140.663785,138.603785,140.663785,True,32,37.78,-121.99,0,2365,3,California,CA,West,True,23.0,Under 30,$0k–$16k,$0k–$30k,3,Debit,Mastercard debit,2011,Customer's first card,,$0k–$12k
1358,286,Mastercard,Debit,5601172841459295,02/2024,29,YES,1,23009,02/2015,2015,No,2015-02-01,24182,47.68046,47.68046,47.68046,7749.92,12.0,47.68046,47.68046,47.68046,False,38,31.15,-88.55,18746,38223,4,Mississippi,MS,South,True,33.0,30–39,$16k–$19k,$37k–$45k,4,Debit,Mastercard debit,2015,Extra card,,$20k–$27k
6092,286,Visa,Debit,4657379115764717,11/2017,578,YES,2,17973,12/2013,2013,No,2013-12-01,24168,72.348265,71.878265,72.348265,11253.53,12.0,72.348265,71.878265,72.348265,False,38,31.15,-88.55,18746,38223,4,Mississippi,MS,South,True,32.0,30–39,$16k–$19k,$37k–$45k,4,Debit,Visa debit,2013,Extra card,,$16k–$20k
4450,286,Mastercard,Debit,5843688837981178,10/2023,880,YES,1,12254,08/2015,2015,No,2015-08-01,24188,39.166889999999995,38.20689,39.166889999999995,6683.78,12.0,39.166889999999995,38.20689,39.166889999999995,False,38,31.15,-88.55,18746,38223,4,Mississippi,MS,South,True,34.0,30–39,$16k–$19k,$37k–$45k,4,Debit,Mastercard debit,2015,Extra card,,$12k–$16k
4782,286,Mastercard,Debit,5928230249203938,08/2022,212,YES,1,20799,09/2010,2010,No,2010-09-01,24129,137.388995,136.438995,137.388995,28003.99,12.0,137.388995,136.438995,137.388995,True,38,31.15,-88.55,18746,38223,4,Mississippi,MS,South,True,29.0,Under 30,$16k–$19k,$37k–$45k,4,Debit,Mastercard debit,2010,Customer's first card,,$20k–$27k
4840,1435,Visa,Debit,4372566654697981,09/2023,83,YES,2,34818,09/2012,2012,No,2012-09-01,24153,248.78433,245.42433,248.78433,37639.66,12.0,248.78433,245.42433,248.78433,False,41,34.06,-84.27,45132,92017,3,Georgia,GA,South,True,34.0,30–39,$28k–$163k,$58k–$280k,3,Debit,Visa debit,2012,Extra card,,$27k–$138k
2360,1435,Visa,Debit,4789580361652931,10/2020,216,YES,2,38837,03/2016,2016,No,2016-03-01,24195,138.52407,136.89102499999998,138.52407,18876.14,12.0,138.52407,136.89102499999998,138.52407,False,41,34.06,-84.27,45132,92017,3,Georgia,GA,South,True,37.0,30–39,$28k–$163k,$58k–$280k,3,Debit,Visa debit,2016,Extra card,,$27k–$138k
2665,727,Visa,Credit,4116639367344725,05/2021,923,YES,2,9700,04/2010,2016,No,2010-04-01,24124,136.8324,127.8324,136.8324,8765.8,12.0,136.8324,127.8324,136.8324,False,44,38.63,-90.24,19874,40522,5,Missouri,MO,Midwest,True,34.0,30–39,$19k–$23k,$37k–$45k,5,Credit,Visa credit,2010,Extra card,$9k–$11k,
1225,1150,Mastercard,Credit,5587070999180300,04/2023,335,YES,2,9700,02/2010,2011,No,2010-02-01,24122,209.87982,209.87982,209.87982,12111.99,12.0,209.87982,209.87982,209.87982,False,46,32.83,-97.17,30913,63030,5,Texas,TX,South,True,36.0,30–39,$28k–$163k,$58k–$280k,5,Credit,Mastercard credit,2010,Extra card,$9k–$11k,
4856,1150,Mastercard,Debit,5768399039617120,07/2022,221,YES,2,20111,09/2013,2013,No,2013-09-01,24165,119.03805,118.68805,119.03805,18425.1,12.0,119.03805,118.68805,119.03805,False,46,32.83,-97.17,30913,63030,5,Texas,TX,South,True,40.0,40–49,$28k–$163k,$58k–$280k,5,Debit,Mastercard debit,2013,Extra card,,$16k–$20k
253,332,Visa,Debit,4680771406185126,01/2013,913,YES,1,7452,01/2010,2018,No,2010-01-01,24121,74.424875,73.914875,74.424875,10282.75,12.0,74.424875,73.914875,74.424875,False,61,39.52,-85.77,18324,37362,4,Indiana,IN,Midwest,True,51.0,50–59,$16k–$19k,$37k–$45k,4,Debit,Visa debit,2010,Extra card,,$0k–$12k
1335,137,Amex,Credit,315776046694876,05/2024,574,YES,2,9700,02/2014,2014,No,2014-02-01,24170,809.27406,764.99406,809.27406,45768.67,12.0,904.27406,859.99406,904.27406,False,33,36.33,-82.36,20142,41069,3,Tennessee,TN,South,True,27.0,Under 30,$19k–$23k,$37k–$45k,3,Credit,Amex credit,2014,Extra card,$9k–$11k,
6114,137,Visa,Debit,4168082636728790,03/2024,528,YES,1,28179,12/2015,2015,No,2015-12-01,24192,137.45256,134.98256,137.45256,24863.12,12.0,137.45256,134.98256,137.45256,False,33,36.33,-82.36,20142,41069,3,Tennessee,TN,South,True,29.0,Under 30,$19k–$23k,$37k–$45k,3,Debit,Visa debit,2015,Extra card,,$27k–$138k
4063,1121,Visa,Debit,4948136387572248,10/2019,49,YES,1,31535,07/2017,2017,No,2017-07-01,24211,94.95287,92.53287,94.95287,12212.74,12.0,94.95287,92.53287,94.95287,False,44,32.78,-79.99,41380,84365,5,South Carolina,SC,South,True,41.0,40–49,$28k–$163k,$58k–$280k,5,Debit,Visa debit,2017,Extra card,,$27k–$138k
1372,1121,Mastercard,Debit,5629988786276968,01/2018,537,YES,1,51951,02/2017,2017,No,2017-02-01,24206,95.82552,94.50552,95.82552,15267.04,12.0,95.82552,94.50552,95.82552,False,44,32.78,-79.99,41380,84365,5,South Carolina,SC,South,True,41.0,40–49,$28k–$163k,$58k–$280k,5,Debit,Mastercard debit,2017,Extra card,,$27k–$138k
4920,860,Visa,Credit,4642731433732483,09/2020,661,YES,2,22100,09/2018,2018,No,2018-09-01,24225,667.10016,511.58016,667.10016,40401.12,12.0,667.10016,511.58016,667.10016,False,55,39.01,-77.02,30794,62791,4,Maryland,MD,South,True,54.0,50–59,$28k–$163k,$58k–$280k,4,Credit,Visa credit,2018,Extra card,$15k–$98k,
3534,860,Visa,Debit,4695286118783923,12/2011,601,YES,1,21885,06/2011,2011,No,2011-06-01,24138,119.08789,92.30789,119.08789,28541.78,7.0,119.08789,92.30789,119.08789,False,55,39.01,-77.02,30794,62791,4,Maryland,MD,South,True,46.0,40–49,$28k–$163k,$58k–$280k,4,Debit,Visa debit,2011,Extra card,,$20k–$27k
2302,944,Mastercard,Debit,5863955184387781,03/2023,881,YES,2,66930,03/2012,2012,No,2012-03-01,24147,38.728475,37.628475,38.728475,10676.95,12.0,38.728475,37.628475,38.728475,False,58,33.77,-118.34,58517,119308,6,California,CA,West,True,50.0,50–59,$28k–$163k,$58k–$280k,6+,Debit,Mastercard debit,2012,Extra card,,$27k–$138k
372,944,Mastercard,Debit,5795522328185876,05/2020,134,YES,2,72274,01/2018,2018,No,2018-01-01,24217,46.786475,43.426475,46.786475,15032.95,12.0,46.786475,43.426475,46.786475,False,58,33.77,-118.34,58517,119308,6,California,CA,West,True,56.0,50–59,$28k–$163k,$58k–$280k,6+,Debit,Mastercard debit,2018,Extra card,,$27k–$138k
3500,944,Visa,Credit,4582418773157215,12/2021,935,NO,1,25500,06/2010,2012,No,2010-06-01,24126,1474.82136,1411.82136,1474.82136,86712.52,12.0,1474.82136,1411.82136,1474.82136,False,58,33.77,-118.34,58517,119308,6,California,CA,West,True,48.0,40–49,$28k–$163k,$58k–$280k,6+,Credit,Visa credit,2010,Extra card,$15k–$98k,
6007,1737,Mastercard,Debit,5406672659038258,01/2023,826,YES,1,20090,12/2010,2011,No,2010-12-01,24132,70.07696,69.58696,70.07696,9585.92,12.0,70.07696,69.58696,70.07696,False,52,42.46,-82.94,18487,37686,4,Michigan,MI,Midwest,True,43.0,40–49,$16k–$19k,$37k–$45k,4,Debit,Mastercard debit,2010,Extra card,,$16k–$20k
3618,1737,Mastercard,Debit,5967723936818875,01/2022,556,YES,1,27888,06/2017,2017,No,2017-06-01,24210,59.73792,59.73792,59.73792,7504.84,12.0,59.73792,59.73792,59.73792,False,52,42.46,-82.94,18487,37686,4,Michigan,MI,Midwest,True,49.0,40–49,$16k–$19k,$37k–$45k,4,Debit,Mastercard debit,2017,Extra card,,$27k–$138k
2769,275,Mastercard,Debit,5348564290163186,01/2024,732,YES,1,31873,04/2017,2017,No,2017-04-01,24208,140.318595,140.058595,140.318595,23579.19,12.0,140.318595,140.058595,140.318595,False,43,29.56,-95.02,37415,76288,4,Texas,TX,South,True,40.0,40–49,$28k–$163k,$58k–$280k,4,Debit,Mastercard debit,2017,Extra card,,$27k–$138k
3036,275,Amex,Credit,325342510254113,07/2024,179,YES,2,15600,05/2010,2019,No,2010-05-01,24125,506.07954,484.47954,506.07954,29318.53,12.0,601.07954,579.47954,601.07954,False,43,29.56,-95.02,37415,76288,4,Texas,TX,South,True,33.0,30–39,$28k–$163k,$58k–$280k,4,Credit,Amex credit,2010,Extra card,$15k–$98k,
2671,79,Amex,Credit,352313983770185,03/2021,46,YES,2,12200,04/2011,2011,No,2011-04-01,24136,354.60792,329.04792000000003,354.60792,22525.44,12.0,449.60792,424.04792,449.60792,False,70,30.36,-87.17,20045,29164,4,Florida,FL,South,True,61.0,60–69,$19k–$23k,$0k–$30k,4,Credit,Amex credit,2011,Extra card,$11k–$15k,
5199,1515,Mastercard,Debit,5300232902137599,07/2022,711,YES,2,20165,10/2010,2012,No,2010-10-01,24130,98.303345,92.653345,98.303345,23486.69,12.0,98.303345,92.653345,98.303345,False,77,40.34,-76.42,20983,30457,5,Pennsylvania,PA,Northeast,True,68.0,60–69,$19k–$23k,$30k–$37k,5,Debit,Mastercard debit,2010,Extra card,,$16k–$20k
2336,1515,Visa,Credit,4780949143263441,08/2023,540,YES,2,7700,03/2014,2014,No,2014-03-01,24171,132.27372,105.63372,132.27372,7348.54,12.0,132.27372,105.63372,132.27372,False,77,40.34,-76.42,20983,30457,5,Pennsylvania,PA,Northeast,True,71.0,70+,$19k–$23k,$30k–$37k,5,Credit,Visa credit,2014,Extra card,$6k–$9k,
4431,1964,Mastercard,Credit,5124729225452111,01/2017,871,YES,2,11600,08/2014,2014,No,2014-08-01,24176,176.64768,176.64768,176.64768,9995.76,12.0,176.64768,176.64768,176.64768,False,68,35.64,-78.45,22644,38637,4,North Carolina,NC,South,True,63.0,60–69,$19k–$23k,$37k–$45k,4,Credit,Mastercard credit,2014,Extra card,$11k–$15k,
2752,1964,Visa,Debit,4066451880192964,04/2016,9,YES,1,14960,04/2015,2015,No,2015-04-01,24184,90.166315,90.166315,90.166315,14183.63,12.0,90.166315,90.166315,90.166315,False,68,35.64,-78.45,22644,38637,4,North Carolina,NC,South,True,63.0,60–69,$19k–$23k,$37k–$45k,4,Debit,Visa debit,2015,Extra card,,$12k–$16k
2253,1098,Mastercard,Debit,5547459880579017,02/2020,116,YES,2,16868,03/2010,2010,No,2010-03-01,24123,244.19299,240.47299,244.19299,58831.98,12.0,244.19299,240.47299,244.19299,False,50,42.67,-95.3,16901,34456,4,Iowa,IA,Midwest,True,40.0,40–49,$16k–$19k,$30k–$37k,4,Debit,Mastercard debit,2010,Extra card,,$16k–$20k
1320,1098,Mastercard,Debit,5740589965857604,11/2022,40,YES,1,11121,02/2013,2013,No,2013-02-01,24158,193.340005,191.59632,193.340005,46783.01,12.0,193.340005,191.59632,193.340005,False,50,42.67,-95.3,16901,34456,4,Iowa,IA,Midwest,True,43.0,40–49,$16k–$19k,$30k–$37k,4,Debit,Mastercard debit,2013,Extra card,,$0k–$12k
2308,554,Visa,Debit,4439649579256628,01/2021,327,YES,2,27376,03/2012,2012,No,2012-03-01,24147,68.27456,67.15455999999999,68.27456,14145.12,12.0,68.27456,67.15455999999999,68.27456,False,59,29.66,-95.04,26170,53357,5,Texas,TX,South,True,51.0,50–59,$23k–$28k,$45k–$58k,5,Debit,Visa debit,2012,Extra card,,$27k–$138k
6070,554,Mastercard,Debit,5140694561445565,07/2019,960,YES,2,32676,12/2012,2012,No,2012-12-01,24156,49.763445,49.303445,49.763445,8923.890000000001,12.0,49.763445,49.303445,49.763445,False,59,29.66,-95.04,26170,53357,5,Texas,TX,South,True,52.0,50–59,$23k–$28k,$45k–$58k,5,Debit,Mastercard debit,2012,Extra card,,$27k–$138k
2753,596,Visa,Credit,4733769586168380,02/2021,556,YES,2,5100,04/2015,2015,No,2015-04-01,24184,569.1105,486.6705,569.1105,35903.25,12.0,569.1105,486.6705,569.1105,True,28,40.64,-73.94,16985,34629,3,New York,NY,Northeast,True,23.0,Under 30,$16k–$19k,$30k–$37k,3,Credit,Visa credit,2015,Customer's first card,$0k–$6k,
4841,170,Visa,Debit,4969924078004898,12/2022,881,YES,1,15638,09/2012,2012,No,2012-09-01,24153,57.99833,53.34833,57.99833,13705.66,12.0,57.99833,53.34833,57.99833,False,34,35.01,-97.37,18137,36983,4,Oklahoma,OK,South,True,27.0,Under 30,$16k–$19k,$30k–$37k,4,Debit,Visa debit,2012,Extra card,,$12k–$16k
1344,794,Mastercard,Debit,5511781840326939,09/2022,876,YES,1,12501,02/2014,2014,No,2014-02-01,24170,63.40395,61.793949999999995,63.40395,16972.899999999998,12.0,63.40395,61.793949999999995,63.40395,False,49,33.94,-118.2,14528,29621,3,California,CA,West,True,43.0,40–49,$0k–$16k,$0k–$30k,3,Debit,Mastercard debit,2014,Extra card,,$12k–$16k
4432,794,Mastercard,Debit (Prepaid),5872869557387766,01/2023,582,YES,1,71,08/2014,2014,No,2014-08-01,24176,0.0,0.0,31.998265,4888.530000000001,12.0,0.0,0.0,31.998265,False,49,33.94,-118.2,14528,29621,3,California,CA,West,True,44.0,40–49,$0k–$16k,$0k–$30k,3,Prepaid,Mastercard prepaid,2014,Extra card,,
2746,1697,Mastercard,Debit (Prepaid),5803099724523617,09/2020,930,YES,1,63,04/2015,2015,No,2015-04-01,24184,0.0,0.0,52.327435,4488.87,12.0,0.0,0.0,52.327435,False,64,42.06,-83.97,20108,41002,6,Michigan,MI,Midwest,True,59.0,50–59,$19k–$23k,$37k–$45k,6+,Prepaid,Mastercard prepaid,2015,Extra card,,
2698,402,Mastercard,Debit,5299237121049630,10/2023,876,YES,2,14749,04/2012,2012,No,2012-04-01,24148,146.56623,146.32623,146.56623,31090.46,12.0,146.56623,146.32623,146.56623,False,47,33.83,-83.89,21556,43954,3,Georgia,GA,South,True,39.0,30–39,$19k–$23k,$37k–$45k,3,Debit,Mastercard debit,2012,Extra card,,$12k–$16k
4001,1672,Mastercard,Debit (Prepaid),5784144789342929,01/2024,653,NO,1,65,07/2012,2012,No,2012-07-01,24151,0.0,0.0,167.59228,11132.56,12.0,0.0,0.0,167.59228,True,28,41.45,-81.92,36610,74644,3,Ohio,OH,Midwest,True,20.0,Under 30,$28k–$163k,$58k–$280k,3,Prepaid,Mastercard prepaid,2012,Customer's first card,,
5184,1135,Amex,Credit,376534551118716,06/2022,382,YES,2,20800,10/2010,2013,No,2010-10-01,24130,360.44154,343.88154,360.44154,21198.53,12.0,455.44154,438.88154,455.44154,False,89,33.84,-118.35,31496,68010,7,California,CA,West,True,80.0,70+,$28k–$163k,$58k–$280k,6+,Credit,Amex credit,2010,Extra card,$15k–$98k,
6093,1135,Visa,Debit,4703890283144405,04/2024,233,YES,1,19830,12/2013,2013,No,2013-12-01,24168,124.569095,121.489095,124.569095,24007.19,12.0,124.569095,121.489095,124.569095,False,89,33.84,-118.35,31496,68010,7,California,CA,West,True,83.0,70+,$28k–$163k,$58k–$280k,6+,Debit,Visa debit,2013,Extra card,,$16k–$20k
4037,1135,Mastercard,Debit,5663749194216135,02/2019,176,YES,1,22482,07/2015,2015,No,2015-07-01,24187,79.87407,79.16407,79.87407,12895.14,12.0,79.87407,79.16407,79.87407,False,89,33.84,-118.35,31496,68010,7,California,CA,West,True,84.0,70+,$28k–$163k,$58k–$280k,6+,Debit,Mastercard debit,2015,Extra card,,$20k–$27k
3081,1135,Visa,Debit (Prepaid),4850287414377343,10/2024,123,YES,1,62,05/2010,2012,No,2010-05-01,24125,0.0,0.0,188.120655,18495.31,12.0,0.0,0.0,188.120655,False,89,33.84,-118.35,31496,68010,7,California,CA,West,True,79.0,70+,$28k–$163k,$58k–$280k,6+,Prepaid,Visa prepaid,2010,Extra card,,
337,1589,Visa,Debit,4939717188461311,10/2023,395,NO,1,11912,01/2014,2014,No,2014-01-01,24169,113.83251,98.08251,113.83251,25778.02,12.0,113.83251,98.08251,113.83251,True,39,34.02,-118.15,13485,27494,3,California,CA,West,True,33.0,30–39,$0k–$16k,$0k–$30k,3,Debit,Visa debit,2014,Customer's first card,,$12k–$16k
4913,1589,Mastercard,Debit,5174537590358880,12/2024,473,YES,2,13064,09/2017,2017,No,2017-09-01,24213,59.208885,52.108885,59.208885,12434.77,12.0,59.208885,52.108885,59.208885,False,39,34.02,-118.15,13485,27494,3,California,CA,West,True,37.0,30–39,$0k–$16k,$0k–$30k,3,Debit,Mastercard debit,2017,Extra card,,$12k–$16k
5306,1589,Mastercard,Debit,5693986376592853,10/2016,390,YES,2,8912,10/2015,2015,No,2015-10-01,24190,53.99335,46.84335,53.99335,12512.7,12.0,53.99335,46.84335,53.99335,False,39,34.02,-118.15,13485,27494,3,California,CA,West,True,35.0,30–39,$0k–$16k,$0k–$30k,3,Debit,Mastercard debit,2015,Extra card,,$0k–$12k
1368,1654,Mastercard,Debit,5041427711902777,01/2022,748,YES,1,36502,02/2016,2016,No,2016-02-01,24194,332.41067,330.18066999999996,332.41067,74938.34,12.0,332.41067,330.18066999999996,332.41067,False,43,41.47,-71.3,24194,49328,5,Rhode Island,RI,Northeast,False,39.0,30–39,$23k–$28k,$45k–$58k,5,Debit,Mastercard debit,2016,Extra card,,$27k–$138k
5257,1654,Mastercard,Credit,5871669086673415,09/2020,698,YES,1,11800,10/2012,2012,No,2012-10-01,24154,592.5438,578.1438,592.5438,39830.1,12.0,592.5438,578.1438,592.5438,False,43,41.47,-71.3,24194,49328,5,Rhode Island,RI,Northeast,False,36.0,30–39,$23k–$28k,$45k–$58k,5,Credit,Mastercard credit,2012,Extra card,$11k–$15k,
1200,1654,Amex,Credit,333081160230544,06/2024,480,YES,1,14000,02/2010,2012,No,2010-02-01,24122,773.97534,755.97534,773.97534,51411.63,12.0,868.97534,850.97534,868.97534,False,43,41.47,-71.3,24194,49328,5,Rhode Island,RI,Northeast,False,33.0,30–39,$23k–$28k,$45k–$58k,5,Credit,Amex credit,2010,Extra card,$11k–$15k,
6045,1330,Mastercard,Debit,5471442279898272,02/2021,537,NO,1,21820,12/2011,2011,No,2011-12-01,24144,131.139075,131.139075,131.139075,23954.15,12.0,131.139075,131.139075,131.139075,False,65,34.4,-119.72,33097,35404,3,California,CA,West,False,57.0,50–59,$28k–$163k,$30k–$37k,3,Debit,Mastercard debit,2011,Extra card,,$20k–$27k
3604,883,Amex,Credit,364278996069965,02/2020,191,YES,1,12500,06/2016,2016,No,2016-06-01,24198,971.88822,853.08822,971.88822,59059.79,12.0,1066.88822,948.08822,1066.88822,True,33,45.53,-122.6,26647,54333,1,Oregon,OR,West,True,29.0,Under 30,$23k–$28k,$45k–$58k,1,Credit,Amex credit,2016,Customer's first card,$11k–$15k,
5302,359,Amex,Credit,364647060276955,04/2020,223,YES,1,17200,10/2015,2015,No,2015-10-01,24190,326.64528,326.64528,326.64528,19839.96,12.0,421.64528,421.64528,421.64528,False,66,33.94,-83.99,24252,57383,4,Georgia,GA,South,True,62.0,60–69,$23k–$28k,$45k–$58k,4,Credit,Amex credit,2015,Extra card,$15k–$98k,
2331,359,Mastercard,Debit,5012576433104478,01/2015,411,YES,1,31163,03/2014,2014,No,2014-03-01,24171,85.504955,85.504955,85.504955,12522.91,11.0,85.504955,85.504955,85.504955,False,66,33.94,-83.99,24252,57383,4,Georgia,GA,South,True,60.0,60–69,$23k–$28k,$45k–$58k,4,Debit,Mastercard debit,2014,Extra card,,$27k–$138k
3567,359,Mastercard,Debit (Prepaid),5317204750431758,05/2024,412,YES,1,59,06/2013,2013,No,2013-06-01,24162,0.0,0.0,114.174625,13008.25,12.0,0.0,0.0,114.174625,False,66,33.94,-83.99,24252,57383,4,Georgia,GA,South,True,59.0,50–59,$23k–$28k,$45k–$58k,4,Prepaid,Mastercard prepaid,2013,Extra card,,
2264,1936,Visa,Credit,4844646610537453,08/2020,174,YES,2,14500,03/2010,2010,No,2010-03-01,24123,315.96948000000003,287.52948000000004,315.96948000000003,20250.86,12.0,315.96948000000003,287.52948000000004,315.96948000000003,False,86,44.4,-73.0,26951,35685,5,Vermont,VT,Northeast,True,76.0,70+,$23k–$28k,$30k–$37k,5,Credit,Visa credit,2010,Extra card,$11k–$15k,
339,1585,Visa,Debit,4915076647608173,08/2023,63,NO,1,14708,01/2014,2014,No,2014-01-01,24169,179.903345,176.83334499999998,179.903345,31248.69,12.0,179.903345,176.83334499999998,179.903345,False,35,30.33,-81.65,20710,42229,3,Florida,FL,South,True,29.0,Under 30,$19k–$23k,$37k–$45k,3,Debit,Visa debit,2014,Extra card,,$12k–$16k
2721,1585,Visa,Debit,4535134357521443,03/2022,877,YES,2,19197,04/2013,2013,No,2013-04-01,24160,308.20956,303.90956,308.20956,60332.12,12.0,308.20956,303.90956,308.20956,True,35,30.33,-81.65,20710,42229,3,Florida,FL,South,True,28.0,Under 30,$19k–$23k,$37k–$45k,3,Debit,Visa debit,2013,Customer's first card,,$16k–$20k
6103,1585,Mastercard,Debit,5325994058715063,04/2022,617,YES,1,14830,12/2014,2014,No,2014-12-01,24180,121.781455,119.251455,121.781455,21029.91,12.0,121.781455,119.251455,121.781455,False,35,30.33,-81.65,20710,42229,3,Florida,FL,South,True,30.0,30–39,$19k–$23k,$37k–$45k,3,Debit,Mastercard debit,2014,Extra card,,$12k–$16k
6008,1245,Mastercard,Debit,5774873617908688,08/2024,550,YES,1,13910,12/2010,2016,No,2010-12-01,24132,49.297395,46.657395,49.297395,6567.79,12.0,49.297395,46.657395,49.297395,False,54,37.43,-76.54,21040,42900,6,Virginia,VA,South,True,45.0,40–49,$19k–$23k,$37k–$45k,6+,Debit,Mastercard debit,2010,Extra card,,$12k–$16k
4873,1245,Mastercard,Credit,5352138305305282,05/2024,190,YES,2,6900,09/2014,2014,No,2014-09-01,24177,148.02498,145.86498,148.02498,9448.61,12.0,148.02498,145.86498,148.02498,False,54,37.43,-76.54,21040,42900,6,Virginia,VA,South,True,49.0,40–49,$19k–$23k,$37k–$45k,6+,Credit,Mastercard credit,2014,Extra card,$6k–$9k,
5675,1245,Mastercard,Debit (Prepaid),5318319036148549,08/2024,577,YES,2,66,11/2012,2012,No,2012-11-01,24155,0.0,0.0,34.897395,3415.79,12.0,0.0,0.0,34.897395,False,54,37.43,-76.54,21040,42900,6,Virginia,VA,South,True,47.0,40–49,$19k–$23k,$37k–$45k,6+,Prepaid,Mastercard prepaid,2012,Extra card,,
4759,732,Discover,Credit,6457800663577684,01/2012,285,YES,1,9200,09/2010,2010,No,2010-09-01,24129,222.9858,222.9858,222.9858,14674.1,12.0,222.9858,222.9858,222.9858,False,60,37.68,-97.34,19224,39191,6,Kansas,KS,Midwest,True,51.0,50–59,$19k–$23k,$37k–$45k,6+,Credit,Discover credit,2010,Extra card,$9k–$11k,
5200,732,Mastercard,Debit,5810725153736837,05/2022,279,YES,1,9420,10/2010,2012,No,2010-10-01,24130,15.64321,15.38321,15.64321,2940.42,12.0,15.64321,15.38321,15.64321,False,60,37.68,-97.34,19224,39191,6,Kansas,KS,Midwest,True,51.0,50–59,$19k–$23k,$37k–$45k,6+,Debit,Mastercard debit,2010,Extra card,,$0k–$12k
5220,732,Visa,Debit,4442324693688145,09/2023,130,YES,1,10104,10/2010,2015,No,2010-10-01,24130,18.10182,17.87182,18.10182,3618.64,12.0,18.10182,17.87182,18.10182,False,60,37.68,-97.34,19224,39191,6,Kansas,KS,Midwest,True,51.0,50–59,$19k–$23k,$37k–$45k,6+,Debit,Visa debit,2010,Extra card,,$0k–$12k
2303,476,Mastercard,Credit,5187732819891507,12/2014,87,YES,3,10100,03/2012,2012,No,2012-03-01,24147,535.22208,519.02208,535.22208,41789.56,12.0,535.22208,519.02208,535.22208,False,68,40.93,-76.25,20340,41473,3,Pennsylvania,PA,Northeast,True,60.0,60–69,$19k–$23k,$37k–$45k,3,Credit,Mastercard credit,2012,Extra card,$9k–$11k,
5684,476,Mastercard,Debit,5531706766680785,08/2015,158,YES,1,21282,11/2013,2013,No,2013-11-01,24167,78.179805,78.179805,78.179805,19006.61,12.0,78.179805,78.179805,78.179805,False,68,40.93,-76.25,20340,41473,3,Pennsylvania,PA,Northeast,True,62.0,60–69,$19k–$23k,$37k–$45k,3,Debit,Mastercard debit,2013,Extra card,,$20k–$27k
2666,164,Visa,Credit,4141753158398487,03/2022,11,YES,1,5100,04/2010,2011,No,2010-04-01,24124,316.52406,290.24406,316.52406,21842.67,12.0,316.52406,290.24406,316.52406,False,76,40.84,-84.33,18287,37829,4,Ohio,OH,Midwest,True,66.0,60–69,$16k–$19k,$37k–$45k,4,Credit,Visa credit,2010,Extra card,$0k–$6k,
5272,164,Mastercard,Debit,5175150411772712,09/2020,502,YES,1,28425,10/2013,2013,No,2013-10-01,24166,40.302765,39.532765,40.302765,4994.53,12.0,40.302765,39.532765,40.302765,False,76,40.84,-84.33,18287,37829,4,Ohio,OH,Midwest,True,70.0,70+,$16k–$19k,$37k–$45k,4,Debit,Mastercard debit,2013,Extra card,,$27k–$138k
1289,40,Visa,Debit (Prepaid),4569310605904110,07/2021,990,YES,2,58,02/2011,2011,No,2011-02-01,24134,0.0,0.0,37.284035,2631.07,12.0,0.0,0.0,37.284035,False,71,39.92,-83.79,14342,29243,4,Ohio,OH,Midwest,True,62.0,60–69,$0k–$16k,$0k–$30k,4,Prepaid,Visa prepaid,2011,Extra card,,
4400,1,Visa,Debit,4843491272960882,01/2017,625,YES,1,18105,08/2012,2012,No,2012-08-01,24152,153.80923,147.47923,153.80923,17923.46,12.0,153.80923,147.47923,153.80923,False,43,30.44,-87.18,22247,45360,3,Florida,FL,South,True,36.0,30–39,$19k–$23k,$45k–$58k,3,Debit,Visa debit,2012,Extra card,,$16k–$20k
4890,988,Visa,Debit,4574140981154350,08/2016,627,YES,1,18579,09/2015,2015,No,2015-09-01,24189,109.47031,106.40031,109.47031,24100.62,12.0,109.47031,106.40031,109.47031,False,68,29.91,-90.05,20042,39832,4,Louisiana,LA,South,True,64.0,60–69,$19k–$23k,$37k–$45k,4,Debit,Visa debit,2015,Extra card,,$16k–$20k
3935,988,Mastercard,Credit,5595598905079193,09/2021,15,YES,1,13200,07/2010,2010,No,2010-07-01,24127,768.34854,728.38854,768.34854,44716.03,12.0,768.34854,728.38854,768.34854,True,68,29.91,-90.05,20042,39832,4,Louisiana,LA,South,True,58.0,50–59,$19k–$23k,$37k–$45k,4,Credit,Mastercard credit,2010,Customer's first card,$11k–$15k,
4384,988,Visa,Credit,4844474344137395,07/2024,601,YES,2,17100,08/2011,2011,No,2011-08-01,24140,398.00988,380.72988,398.00988,22799.66,12.0,398.00988,380.72988,398.00988,False,68,29.91,-90.05,20042,39832,4,Louisiana,LA,South,True,60.0,60–69,$19k–$23k,$37k–$45k,4,Credit,Visa credit,2011,Extra card,$15k–$98k,
3158,660,Visa,Debit,4522536096309018,10/2015,832,NO,1,16820,05/2014,2014,No,2014-05-01,24173,104.29031,103.31031,104.29031,9608.62,12.0,104.29031,103.31031,104.29031,False,31,37.55,-77.46,21602,44041,2,Virginia,VA,South,True,25.0,Under 30,$19k–$23k,$37k–$45k,2,Debit,Visa debit,2014,Extra card,,$16k–$20k
5185,660,Amex,Credit,340488847692793,02/2022,91,YES,1,12000,10/2010,2014,No,2010-10-01,24130,360.14634,348.26634,360.14634,23182.129999999997,12.0,455.14634,443.26634,455.14634,True,31,37.55,-77.46,21602,44041,2,Virginia,VA,South,True,22.0,Under 30,$19k–$23k,$37k–$45k,2,Credit,Amex credit,2010,Customer's first card,$11k–$15k,
2343,1381,Mastercard,Debit,5936146704569186,10/2018,616,YES,1,21357,03/2015,2015,No,2015-03-01,24183,131.106865,130.536865,131.106865,18408.73,12.0,131.106865,130.536865,131.106865,False,79,41.69,-81.33,24878,29517,4,Ohio,OH,Midwest,True,74.0,70+,$23k–$28k,$0k–$30k,4,Debit,Mastercard debit,2015,Extra card,,$20k–$27k
5635,1381,Visa,Credit,4677022173671023,06/2016,438,YES,1,10100,11/2010,2010,No,2010-11-01,24131,620.54568,606.86568,620.54568,40030.76,12.0,620.54568,606.86568,620.54568,False,79,41.69,-81.33,24878,29517,4,Ohio,OH,Midwest,True,70.0,70+,$23k–$28k,$0k–$30k,4,Credit,Visa credit,2010,Extra card,$9k–$11k,
2722,184,Visa,Debit,4266071650368100,12/2024,345,YES,1,20773,04/2013,2013,No,2013-04-01,24160,15.75627,15.75627,15.75627,2629.54,12.0,15.75627,15.75627,15.75627,False,50,42.83,-89.07,21348,43529,6,Wisconsin,WI,Midwest,True,43.0,40–49,$19k–$23k,$37k–$45k,6+,Debit,Visa debit,2013,Extra card,,$20k–$27k
3936,184,Mastercard,Debit,5758058384603555,01/2023,365,YES,2,11160,07/2010,2010,No,2010-07-01,24127,24.537885,24.027885,24.537885,5871.7699999999995,12.0,24.537885,24.027885,24.537885,False,50,42.83,-89.07,21348,43529,6,Wisconsin,WI,Midwest,True,40.0,40–49,$19k–$23k,$37k–$45k,6+,Debit,Mastercard debit,2010,Extra card,,$0k–$12k
4800,184,Visa,Debit,4762407160723213,06/2024,115,YES,2,8766,09/2010,2020,No,2010-09-01,24129,21.017115,19.187115,21.017115,3695.23,12.0,21.017115,19.187115,21.017115,False,50,42.83,-89.07,21348,43529,6,Wisconsin,WI,Midwest,True,41.0,40–49,$19k–$23k,$37k–$45k,6+,Debit,Visa debit,2010,Extra card,,$0k–$12k
2279,905,Mastercard,Debit (Prepaid),5342080744210119,05/2023,335,YES,1,77,03/2011,2011,No,2011-03-01,24135,0.0,0.0,31.117995,3727.99,12.0,0.0,0.0,31.117995,False,69,37.55,-122.26,47524,96901,5,California,CA,West,True,60.0,60–69,$28k–$163k,$58k–$280k,5,Prepaid,Mastercard prepaid,2011,Extra card,,
4329,905,Mastercard,Debit,5166666850423125,09/2020,693,YES,2,40019,08/2010,2017,No,2010-08-01,24128,64.98225000000001,64.67225,64.98225000000001,16472.5,12.0,64.98225000000001,64.67225,64.98225000000001,False,69,37.55,-122.26,47524,96901,5,California,CA,West,True,60.0,60–69,$28k–$163k,$58k–$280k,5,Debit,Mastercard debit,2010,Extra card,,$27k–$138k
3587,419,Visa,Debit,4298987544338030,03/2020,757,YES,1,16731,06/2014,2014,No,2014-06-01,24174,62.202675,59.722675,62.202675,7286.35,12.0,62.202675,59.722675,62.202675,False,60,38.14,-120.45,16448,33540,5,California,CA,West,True,54.0,50–59,$16k–$19k,$30k–$37k,5,Debit,Visa debit,2014,Extra card,,$16k–$20k
5230,1241,Discover,Credit,6694401699327793,12/2011,712,YES,1,16500,10/2011,2011,No,2011-10-01,24142,286.52112,279.68112,286.52112,16161.84,3.0,286.52112,279.68112,286.52112,False,40,40.43,-84.38,24227,49396,3,Ohio,OH,Midwest,True,32.0,30–39,$23k–$28k,$45k–$58k,3,Credit,Discover credit,2011,Extra card,$15k–$98k,
3501,1241,Visa,Debit,4617983811742101,03/2023,469,YES,2,9335,06/2010,2010,No,2010-06-01,24126,166.750125,161.130125,166.750125,58356.25,12.0,166.750125,161.130125,166.750125,False,40,40.43,-84.38,24227,49396,3,Ohio,OH,Midwest,True,30.0,30–39,$23k–$28k,$45k–$58k,3,Debit,Visa debit,2010,Extra card,,$0k–$12k
3198,497,Visa,Credit,4627450737727003,03/2019,306,YES,2,12500,05/2017,2017,No,2017-05-01,24209,141.28524,134.08524,141.28524,8445.18,12.0,141.28524,134.08524,141.28524,False,63,43.54,-96.73,25692,52380,6,South Dakota,SD,Midwest,True,60.0,60–69,$23k–$28k,$45k–$58k,6+,Credit,Visa credit,2017,Extra card,$11k–$15k,
4401,661,Amex,Credit,346401453739759,07/2023,552,YES,1,5300,08/2013,2013,No,2013-08-01,24164,122.24826,119.00826,122.24826,7993.57,12.0,217.24826,214.00826,217.24826,True,64,40.68,-75.22,21005,42831,3,Pennsylvania,PA,Northeast,True,58.0,50–59,$19k–$23k,$37k–$45k,3,Credit,Amex credit,2013,Customer's first card,$0k–$6k,
5710,661,Mastercard,Debit,5742781603234912,03/2018,376,YES,2,22789,11/2015,2015,No,2015-11-01,24191,49.16866,48.68866,49.16866,4508.32,12.0,49.16866,48.68866,49.16866,False,64,40.68,-75.22,21005,42831,3,Pennsylvania,PA,Northeast,True,60.0,60–69,$19k–$23k,$37k–$45k,3,Debit,Mastercard debit,2015,Extra card,,$20k–$27k
1345,661,Mastercard,Debit,5468889618070155,03/2024,110,YES,2,13193,02/2014,2014,No,2014-02-01,24170,80.060135,79.820135,80.060135,6868.27,12.0,80.060135,79.820135,80.060135,False,64,40.68,-75.22,21005,42831,3,Pennsylvania,PA,Northeast,True,58.0,50–59,$19k–$23k,$37k–$45k,3,Debit,Mastercard debit,2014,Extra card,,$12k–$16k
276,947,Mastercard,Debit (Prepaid),5337242427884909,07/2020,389,YES,2,79,01/2011,2011,No,2011-01-01,24133,0.0,0.0,69.19812,13963.24,12.0,0.0,0.0,69.19812,False,63,40.64,-73.94,16985,34637,4,New York,NY,Northeast,True,54.0,50–59,$16k–$19k,$30k–$37k,4,Prepaid,Mastercard prepaid,2011,Extra card,,
229,1749,Mastercard,Debit,5793881452789121,06/2019,784,YES,2,1213,01/2010,2010,No,2010-01-01,24121,44.8809,43.1209,44.8809,13356.8,12.0,44.8809,43.1209,44.8809,False,50,42.39,-83.05,8658,17657,2,Michigan,MI,Midwest,True,40.0,40–49,$0k–$16k,$0k–$30k,2,Debit,Mastercard debit,2010,Extra card,,$0k–$12k
3551,385,Mastercard,Debit,5399594843051418,08/2023,813,NO,1,29219,06/2012,2012,No,2012-06-01,24150,29.074885,27.494885,29.074885,4250.7699999999995,12.0,29.074885,27.494885,29.074885,False,79,32.23,-80.86,21679,30434,7,South Carolina,SC,South,True,71.0,70+,$19k–$23k,$30k–$37k,6+,Debit,Mastercard debit,2012,Extra card,,$27k–$138k
1321,385,Mastercard,Debit,5494762880839686,03/2020,915,YES,1,17907,02/2013,2013,No,2013-02-01,24158,26.03075,25.31075,26.03075,3199.5,12.0,26.03075,25.31075,26.03075,False,79,32.23,-80.86,21679,30434,7,South Carolina,SC,South,True,72.0,70+,$19k–$23k,$30k–$37k,6+,Debit,Mastercard debit,2013,Extra card,,$16k–$20k
2289,385,Visa,Debit,4874419326645327,10/2023,768,YES,2,24298,03/2011,2011,No,2011-03-01,24135,43.91564,42.32564,43.91564,6759.28,12.0,43.91564,42.32564,43.91564,False,79,32.23,-80.86,21679,30434,7,South Carolina,SC,South,True,70.0,70+,$19k–$23k,$30k–$37k,6+,Debit,Visa debit,2011,Extra card,,$20k–$27k
1290,385,Visa,Debit,4972542983783758,03/2020,383,YES,2,2210,02/2011,2014,No,2011-02-01,24134,44.5378,43.7678,44.5378,6169.6,12.0,44.5378,43.7678,44.5378,False,79,32.23,-80.86,21679,30434,7,South Carolina,SC,South,True,70.0,70+,$19k–$23k,$30k–$37k,6+,Debit,Visa debit,2011,Extra card,,$0k–$12k
1226,1298,Mastercard,Debit,5818148628470967,02/2024,296,NO,2,10040,02/2010,2010,No,2010-02-01,24122,105.547965,96.707965,105.547965,16531.93,12.0,105.547965,96.707965,105.547965,True,32,34.01,-118.2,12557,25603,2,California,CA,West,True,22.0,Under 30,$0k–$16k,$0k–$30k,2,Debit,Mastercard debit,2010,Customer's first card,,$0k–$12k
5221,1298,Visa,Credit,4657798649903405,06/2024,703,YES,2,8500,10/2010,2018,No,2010-10-01,24130,204.96024,171.12024,204.96024,12043.68,12.0,204.96024,171.12024,204.96024,False,32,34.01,-118.2,12557,25603,2,California,CA,West,True,23.0,Under 30,$0k–$16k,$0k–$30k,2,Credit,Visa credit,2010,Extra card,$6k–$9k,
3110,913,Visa,Credit,4526538061468985,03/2020,180,YES,1,6900,05/2011,2011,No,2011-05-01,24137,134.46126,127.98126,134.46126,8547.07,12.0,134.46126,127.98126,134.46126,False,56,28.3,-81.41,13964,28476,3,Florida,FL,South,True,47.0,40–49,$0k–$16k,$0k–$30k,3,Credit,Visa credit,2011,Extra card,$6k–$9k,
2245,1634,Discover,Credit,6268030188636337,09/2020,717,YES,2,4700,03/2010,2011,No,2010-03-01,24123,53.91612,40.23612,53.91612,2995.34,12.0,53.91612,40.23612,53.91612,False,66,26.18,-98.11,10091,20577,4,Texas,TX,South,True,56.0,50–59,$0k–$16k,$0k–$30k,4,Credit,Discover credit,2010,Extra card,$0k–$6k,
3602,1703,Visa,Credit,4562875268182118,02/2020,630,YES,2,8700,06/2015,2015,No,2015-06-01,24186,588.7467,531.5067,588.7467,35027.15,12.0,588.7467,531.5067,588.7467,False,47,39.08,-108.55,24115,49169,2,Colorado,CO,West,True,42.0,40–49,$23k–$28k,$45k–$58k,2,Credit,Visa credit,2015,Extra card,$9k–$11k,
6078,1741,Visa,Debit,4921241302048112,10/2023,631,YES,1,11510,12/2012,2012,No,2012-12-01,24156,61.14174,61.14174,61.14174,17048.48,12.0,61.14174,61.14174,61.14174,False,92,32.21,-110.88,17460,24960,9,Arizona,AZ,West,True,85.0,70+,$16k–$19k,$0k–$30k,6+,Debit,Visa debit,2012,Extra card,,$0k–$12k
1360,1741,Visa,Credit,4238757840498542,12/2022,551,YES,2,8500,02/2015,2015,No,2015-02-01,24182,116.51796,116.51796,116.51796,6620.22,12.0,116.51796,116.51796,116.51796,False,92,32.21,-110.88,17460,24960,9,Arizona,AZ,West,True,87.0,70+,$16k–$19k,$0k–$30k,6+,Credit,Visa credit,2015,Extra card,$6k–$9k,
3037,1741,Amex,Credit,345841340861008,08/2014,854,YES,1,7500,05/2010,2011,No,2010-05-01,24125,108.91548,108.91548,108.91548,6050.86,12.0,203.91548,203.91548,203.91548,False,92,32.21,-110.88,17460,24960,9,Arizona,AZ,West,True,82.0,70+,$16k–$19k,$0k–$30k,6+,Credit,Amex credit,2010,Extra card,$6k–$9k,
5258,366,Mastercard,Credit,5642012409120694,08/2018,823,YES,2,6200,10/2012,2012,No,2012-10-01,24154,161.2809,155.52089999999998,161.2809,10567.05,12.0,161.2809,155.52089999999998,161.2809,False,50,44.01,-88.55,19573,39911,7,Wisconsin,WI,Midwest,True,43.0,40–49,$19k–$23k,$37k–$45k,6+,Credit,Mastercard credit,2012,Extra card,$6k–$9k,
4812,366,Mastercard,Debit,5936158679461560,06/2012,407,YES,2,23042,09/2011,2013,No,2011-09-01,24141,89.825205,88.375205,89.825205,11297.41,10.0,89.825205,88.375205,89.825205,False,50,44.01,-88.55,19573,39911,7,Wisconsin,WI,Midwest,True,42.0,40–49,$19k–$23k,$37k–$45k,6+,Debit,Mastercard debit,2011,Extra card,,$20k–$27k
3098,1771,Mastercard,Debit,5154358829015666,03/2022,153,YES,1,27534,05/2011,2011,No,2011-05-01,24137,108.883605,104.513605,108.883605,20453.21,12.0,108.883605,104.513605,108.883605,False,41,38.76,-121.28,25476,51943,3,California,CA,West,True,32.0,30–39,$23k–$28k,$45k–$58k,3,Debit,Mastercard debit,2011,Extra card,,$27k–$138k
2699,1190,Mastercard,Debit,5714691469447873,07/2020,319,YES,2,19919,04/2012,2012,No,2012-04-01,24148,119.474735,117.444735,119.474735,20981.47,12.0,119.474735,117.444735,119.474735,False,49,33.0,-80.17,21769,44383,7,South Carolina,SC,South,True,41.0,40–49,$19k–$23k,$37k–$45k,6+,Debit,Mastercard debit,2012,Extra card,,$16k–$20k
1201,1190,Amex,Credit,347182989454327,07/2012,755,YES,2,13800,02/2010,2010,No,2010-02-01,24122,680.77026,628.93026,680.77026,40551.57,12.0,775.77026,723.93026,775.77026,False,49,33.0,-80.17,21769,44383,7,South Carolina,SC,South,True,39.0,30–39,$19k–$23k,$37k–$45k,6+,Credit,Amex credit,2010,Extra card,$11k–$15k,
1227,371,Mastercard,Debit (Prepaid),5138905290496526,07/2024,348,YES,2,34,02/2010,2011,No,2010-02-01,24122,0.0,0.0,65.91144,4982.88,12.0,0.0,0.0,65.91144,False,82,37.55,-77.46,43827,92368,4,Virginia,VA,South,True,72.0,70+,$28k–$163k,$58k–$280k,4,Prepaid,Mastercard prepaid,2010,Extra card,,
3134,371,Mastercard,Credit,5931001528763541,12/2018,471,YES,2,27600,05/2013,2013,No,2013-05-01,24161,1647.53118,1597.85118,1647.53118,93971.51,12.0,1647.53118,1597.85118,1647.53118,False,82,37.55,-77.46,43827,92368,4,Virginia,VA,South,True,75.0,70+,$28k–$163k,$58k–$280k,4,Credit,Mastercard credit,2013,Extra card,$15k–$98k,
3062,327,Mastercard,Debit,5683543220441253,07/2020,750,YES,2,9165,05/2010,2010,No,2010-05-01,24125,103.44541,100.73541,103.44541,20893.82,12.0,103.44541,100.73541,103.44541,False,44,44.41,-71.97,18069,36843,5,Vermont,VT,Northeast,True,34.0,30–39,$16k–$19k,$30k–$37k,5,Debit,Mastercard debit,2010,Extra card,,$0k–$12k
3063,327,Mastercard,Debit,5911738030583603,06/2021,479,YES,2,13322,05/2010,2010,No,2010-05-01,24125,106.37933,103.92933,106.37933,20920.66,12.0,106.37933,103.92933,106.37933,False,44,44.41,-71.97,18069,36843,5,Vermont,VT,Northeast,True,34.0,30–39,$16k–$19k,$30k–$37k,5,Debit,Mastercard debit,2010,Extra card,,$12k–$16k
3166,1500,Mastercard,Debit (Prepaid),5751736349751599,05/2020,682,YES,1,69,05/2015,2015,No,2015-05-01,24185,0.0,0.0,76.18263999999999,5748.28,12.0,0.0,0.0,76.18263999999999,False,53,38.44,-121.3,25949,52904,4,California,CA,West,True,48.0,40–49,$23k–$28k,$45k–$58k,4,Prepaid,Mastercard prepaid,2015,Extra card,,
289,1788,Visa,Debit,4762069063483783,03/2023,474,YES,2,26255,01/2011,2011,No,2011-01-01,24133,139.58354,130.91354,139.58354,20027.94,12.0,139.58354,130.91354,139.58354,False,59,29.71,-90.59,20521,41845,4,Louisiana,LA,South,True,50.0,50–59,$19k–$23k,$37k–$45k,4,Debit,Visa debit,2011,Extra card,,$20k–$27k
2700,1788,Mastercard,Credit,5277514275369878,01/2024,175,YES,2,7100,04/2012,2012,No,2012-04-01,24148,330.02496,285.38496000000004,330.02496,19302.72,12.0,330.02496,285.38496000000004,330.02496,False,59,29.71,-90.59,20521,41845,4,Louisiana,LA,South,True,51.0,50–59,$19k–$23k,$37k–$45k,4,Credit,Mastercard credit,2012,Extra card,$6k–$9k,
6060,197,Visa,Debit,4339137888179152,06/2014,503,YES,2,8144,12/2011,2012,No,2011-12-01,24144,201.333505,194.943505,201.333505,37464.01,12.0,201.333505,194.943505,201.333505,True,32,37.86,-84.65,15757,32128,5,Kentucky,KY,South,True,24.0,Under 30,$0k–$16k,$30k–$37k,5,Debit,Visa debit,2011,Customer's first card,,$0k–$12k
2357,197,Mastercard,Debit,5341022658860517,12/2024,542,YES,1,11919,03/2016,2016,No,2016-03-01,24195,172.91992499999998,168.329925,172.91992499999998,34534.85,12.0,172.91992499999998,168.329925,172.91992499999998,False,32,37.86,-84.65,15757,32128,5,Kentucky,KY,South,True,28.0,Under 30,$0k–$16k,$30k–$37k,5,Debit,Mastercard debit,2016,Extra card,,$12k–$16k
1302,197,Mastercard,Debit,5237861402927606,01/2022,536,YES,1,17889,02/2012,2012,No,2012-02-01,24146,173.44777,167.46777,173.44777,31919.54,12.0,173.44777,167.46777,173.44777,False,32,37.86,-84.65,15757,32128,5,Kentucky,KY,South,True,24.0,Under 30,$0k–$16k,$30k–$37k,5,Debit,Mastercard debit,2012,Extra card,,$16k–$20k
2339,1820,Amex,Credit,344075477910403,10/2022,808,YES,1,5900,03/2015,2015,No,2015-03-01,24183,113.06358,92.18358,113.06358,6612.31,12.0,208.06358,187.18358,208.06358,False,60,25.77,-80.2,18828,38394,5,Florida,FL,South,True,55.0,50–59,$16k–$19k,$37k–$45k,5,Credit,Amex credit,2015,Extra card,$0k–$6k,
3937,1820,Mastercard,Debit,5243433372742995,01/2020,279,YES,1,18200,07/2010,2010,No,2010-07-01,24127,32.015384999999995,27.585385,32.015384999999995,7782.77,12.0,32.015384999999995,27.585385,32.015384999999995,False,60,25.77,-80.2,18828,38394,5,Florida,FL,South,True,50.0,50–59,$16k–$19k,$37k–$45k,5,Debit,Mastercard debit,2010,Extra card,,$16k–$20k
5201,1820,Mastercard,Debit,5414951977172238,01/2022,674,YES,1,16502,10/2010,2010,No,2010-10-01,24130,21.9192,19.959200000000003,21.9192,5049.4,12.0,21.9192,19.959200000000003,21.9192,False,60,25.77,-80.2,18828,38394,5,Florida,FL,South,True,51.0,50–59,$16k–$19k,$37k–$45k,5,Debit,Mastercard debit,2010,Extra card,,$16k–$20k
3535,1820,Visa,Debit,4111163314027068,04/2023,851,YES,1,16726,06/2011,2011,No,2011-06-01,24138,14.930555,12.710555,14.930555,3384.11,12.0,14.930555,12.710555,14.930555,False,60,25.77,-80.2,18828,38394,5,Florida,FL,South,True,51.0,50–59,$16k–$19k,$37k–$45k,5,Debit,Visa debit,2011,Extra card,,$16k–$20k
376,20,Visa,Credit,4812182592435267,02/2022,213,YES,1,13000,01/2018,2018,No,2018-01-01,24217,116.6823,108.7623,116.6823,7625.35,12.0,116.6823,108.7623,116.6823,False,86,32.42,-97.1,19477,23371,8,Texas,TX,South,True,84.0,70+,$19k–$23k,$0k–$30k,6+,Credit,Visa credit,2018,Extra card,$11k–$15k,
1291,20,Visa,Debit,4326462005421386,09/2022,83,YES,1,16465,02/2011,2011,No,2011-02-01,24134,31.88288,31.88288,31.88288,3669.76,12.0,31.88288,31.88288,31.88288,False,86,32.42,-97.1,19477,23371,8,Texas,TX,South,True,77.0,70+,$19k–$23k,$0k–$30k,6+,Debit,Visa debit,2011,Extra card,,$16k–$20k
1228,20,Mastercard,Debit,5706360016972471,04/2024,34,YES,1,7702,02/2010,2010,No,2010-02-01,24122,42.103825,41.353825,42.103825,4113.65,12.0,42.103825,41.353825,42.103825,False,86,32.42,-97.1,19477,23371,8,Texas,TX,South,True,76.0,70+,$19k–$23k,$0k–$30k,6+,Debit,Mastercard debit,2010,Extra card,,$0k–$12k
4367,216,Mastercard,Debit (Prepaid),5094200042825369,10/2023,696,NO,1,80,08/2011,2011,No,2011-08-01,24140,0.0,0.0,28.59671,4528.42,12.0,0.0,0.0,28.59671,False,60,39.92,-85.36,16273,33178,3,Indiana,IN,Midwest,True,52.0,50–59,$16k–$19k,$30k–$37k,3,Prepaid,Mastercard prepaid,2011,Extra card,,
5614,1171,Mastercard,Debit,5726460417448359,01/2021,26,YES,1,24481,11/2010,2010,No,2010-11-01,24131,37.81413,31.37413,37.81413,13969.26,12.0,37.81413,31.37413,37.81413,False,90,21.4,-157.73,26370,39214,5,Hawaii,HI,West,False,81.0,70+,$23k–$28k,$37k–$45k,5,Debit,Mastercard debit,2010,Extra card,,$20k–$27k
4424,819,Discover,Credit,6664949105585592,08/2020,79,YES,2,9900,08/2014,2014,No,2014-08-01,24176,196.74648,194.58648,196.74648,12433.36,12.0,196.74648,194.58648,196.74648,False,55,40.43,-79.97,18392,37495,3,Pennsylvania,PA,Northeast,True,50.0,50–59,$16k–$19k,$37k–$45k,3,Credit,Discover credit,2014,Extra card,$9k–$11k,
1322,819,Mastercard,Debit,5196085406728700,12/2022,937,YES,1,11818,02/2013,2013,No,2013-02-01,24158,108.99558,108.04558,108.99558,14779.16,12.0,108.99558,108.04558,108.99558,False,55,40.43,-79.97,18392,37495,3,Pennsylvania,PA,Northeast,True,48.0,40–49,$16k–$19k,$37k–$45k,3,Debit,Mastercard debit,2013,Extra card,,$0k–$12k
4348,240,Visa,Debit,4266531803641466,05/2015,229,YES,2,14392,08/2010,2011,No,2010-08-01,24128,98.58366,96.81366,98.58366,13406.32,12.0,98.58366,96.81366,98.58366,False,50,36.21,-83.29,17104,34868,3,Tennessee,TN,South,True,41.0,40–49,$16k–$19k,$30k–$37k,3,Debit,Visa debit,2010,Extra card,,$12k–$16k
1323,751,Mastercard,Credit,5044418694504576,07/2021,693,YES,2,14900,02/2013,2013,No,2013-02-01,24158,348.76764000000003,299.44764000000004,348.76764000000003,22652.98,12.0,348.76764000000003,299.44764000000004,348.76764000000003,False,61,33.45,-96.74,24364,49677,4,Texas,TX,South,True,54.0,50–59,$23k–$28k,$45k–$58k,4,Credit,Mastercard credit,2013,Extra card,$15k–$98k,
5711,751,Mastercard,Debit,5368688278025209,10/2016,854,YES,1,19488,11/2015,2015,No,2015-11-01,24191,102.95723,96.00723,102.95723,22606.46,12.0,102.95723,96.00723,102.95723,False,61,33.45,-96.74,24364,49677,4,Texas,TX,South,True,57.0,50–59,$23k–$28k,$45k–$58k,4,Debit,Mastercard debit,2015,Extra card,,$16k–$20k
6046,773,Mastercard,Debit (Prepaid),5767723037402333,03/2020,38,YES,1,101,12/2011,2011,No,2011-12-01,24144,0.0,0.0,99.364085,11685.17,12.0,0.0,0.0,99.364085,False,67,34.49,-85.84,15562,11029,3,Alabama,AL,South,True,59.0,50–59,$0k–$16k,$0k–$30k,3,Prepaid,Mastercard prepaid,2011,Extra card,,
4011,773,Mastercard,Debit,5850047861986266,04/2017,450,YES,1,21448,07/2013,2013,No,2013-07-01,24163,81.6617,80.68333,81.6617,14098.4,12.0,81.6617,80.68333,81.6617,False,67,34.49,-85.84,15562,11029,3,Alabama,AL,South,True,60.0,60–69,$0k–$16k,$0k–$30k,3,Debit,Mastercard debit,2013,Extra card,,$20k–$27k
3956,1567,Visa,Debit,4866682990431119,10/2023,818,YES,1,24302,07/2010,2010,No,2010-07-01,24127,114.68093,68.06093,114.68093,29883.86,12.0,114.68093,68.06093,114.68093,False,43,42.1,-76.26,19901,40576,2,New York,NY,Northeast,True,33.0,30–39,$19k–$23k,$37k–$45k,2,Debit,Visa debit,2010,Extra card,,$20k–$27k
230,132,Mastercard,Debit (Prepaid),5935629380160008,10/2020,160,YES,2,59,01/2010,2011,No,2010-01-01,24121,0.0,0.0,35.842259999999996,4855.52,12.0,0.0,0.0,35.842259999999996,False,77,27.48,-82.57,13972,31555,4,Florida,FL,South,True,67.0,60–69,$0k–$16k,$30k–$37k,4,Prepaid,Mastercard prepaid,2010,Extra card,,
2707,132,Visa,Credit,4832180811213555,01/2021,231,YES,2,0,04/2012,2012,No,2012-04-01,24148,110.04246,109.32246,110.04246,7664.469999999999,12.0,110.04246,109.32246,110.04246,False,77,27.48,-82.57,13972,31555,4,Florida,FL,South,True,69.0,60–69,$0k–$16k,$30k–$37k,4,Credit,Visa credit,2012,Extra card,$0k–$6k,
2679,132,Mastercard,Debit,5959099643778594,01/2022,625,YES,2,15022,04/2011,2011,No,2011-04-01,24136,32.351504999999996,31.534165,32.351504999999996,8605.01,12.0,32.351504999999996,31.534165,32.351504999999996,False,77,27.48,-82.57,13972,31555,4,Florida,FL,South,True,68.0,60–69,$0k–$16k,$30k–$37k,4,Debit,Mastercard debit,2011,Extra card,,$12k–$16k
1274,914,Mastercard,Debit,5493872171755054,12/2016,757,YES,2,17522,02/2011,2011,No,2011-02-01,24134,46.476119999999995,46.476119999999995,46.476119999999995,10626.24,12.0,46.476119999999995,46.476119999999995,46.476119999999995,False,38,37.68,-97.34,22638,46160,4,Kansas,KS,Midwest,True,29.0,Under 30,$19k–$23k,$45k–$58k,4,Debit,Mastercard debit,2011,Extra card,,$16k–$20k
6047,1840,Mastercard,Credit,5009312174031051,07/2022,172,YES,1,13200,12/2011,2011,No,2011-12-01,24144,112.72464,104.08464,112.72464,7471.48,12.0,112.72464,104.08464,112.72464,False,46,45.49,-122.8,21702,44249,5,Oregon,OR,West,True,38.0,30–39,$19k–$23k,$37k–$45k,5,Credit,Mastercard credit,2011,Extra card,$11k–$15k,
3478,550,Mastercard,Debit (Prepaid),5463279277464700,01/2021,63,YES,2,99,06/2010,2011,No,2010-06-01,24126,0.0,0.0,161.57927,30993.54,12.0,0.0,0.0,161.57927,False,76,47.54,-122.58,21219,30248,4,Washington,WA,West,True,66.0,60–69,$19k–$23k,$0k–$30k,4,Prepaid,Mastercard prepaid,2010,Extra card,,
4857,550,Mastercard,Debit,5157919465684899,02/2017,587,YES,2,21988,09/2013,2013,No,2013-09-01,24165,91.08115,88.04114999999999,91.08115,18393.3,12.0,91.08115,88.04114999999999,91.08115,False,76,47.54,-122.58,21219,30248,4,Washington,WA,West,True,70.0,70+,$19k–$23k,$0k–$30k,4,Debit,Mastercard debit,2013,Extra card,,$20k–$27k
4402,977,Amex,Credit,322453324871897,07/2015,164,YES,2,4000,08/2013,2013,No,2013-08-01,24164,102.97836,97.93836,102.97836,6612.02,12.0,197.97836,192.93836,197.97836,False,83,32.59,-96.68,13917,22873,5,Texas,TX,South,True,77.0,70+,$0k–$16k,$0k–$30k,5,Credit,Amex credit,2013,Extra card,$0k–$6k,
2254,933,Mastercard,Credit,5583371284231665,12/2016,536,YES,1,11800,03/2010,2010,No,2010-03-01,24123,153.44298,140.12297999999998,153.44298,10155.61,12.0,153.44298,140.12297999999998,153.44298,False,50,36.36,-96.03,21234,43290,4,Oklahoma,OK,South,True,40.0,40–49,$19k–$23k,$37k–$45k,4,Credit,Mastercard credit,2010,Extra card,$11k–$15k,
231,938,Mastercard,Credit,5664342346978782,09/2023,123,YES,1,12500,01/2010,2012,No,2010-01-01,24121,942.49476,893.17476,942.49476,57488.82,12.0,942.49476,893.17476,942.49476,True,28,38.97,-94.95,24982,50934,3,Kansas,KS,Midwest,True,18.0,Under 30,$23k–$28k,$45k–$58k,3,Credit,Mastercard credit,2010,Customer's first card,$11k–$15k,
5254,810,Visa,Debit,4058117674791885,10/2021,881,YES,2,7014,10/2011,2011,No,2011-10-01,24142,67.129135,54.839135,67.129135,9763.27,12.0,67.129135,54.839135,67.129135,False,77,37.68,-85.22,16521,22540,6,Kentucky,KY,South,True,69.0,60–69,$16k–$19k,$0k–$30k,6+,Debit,Visa debit,2011,Extra card,,$0k–$12k
1324,58,Mastercard,Debit,5850540702416613,05/2022,840,YES,2,23838,02/2013,2013,No,2013-02-01,24158,227.230715,225.861295,227.230715,60990.43,12.0,227.230715,225.861295,227.230715,True,38,38.81,-90.96,25756,52512,2,Missouri,MO,Midwest,True,31.0,30–39,$23k–$28k,$45k–$58k,2,Debit,Mastercard debit,2013,Customer's first card,,$20k–$27k
3064,1084,Mastercard,Debit,5424410190052621,04/2021,437,YES,1,19807,05/2010,2010,No,2010-05-01,24125,86.69685,86.16685,86.69685,18797.7,12.0,86.69685,86.16685,86.69685,False,36,47.26,-122.45,31518,64262,4,Washington,WA,West,True,26.0,Under 30,$28k–$163k,$58k–$280k,4,Debit,Mastercard debit,2010,Extra card,,$16k–$20k
5636,1825,Visa,Debit (Prepaid),4946017526806506,04/2021,331,YES,2,48,11/2010,2014,No,2010-11-01,24131,0.0,0.0,78.65554,6596.08,12.0,0.0,0.0,78.65554,False,70,39.69,-104.81,24849,45754,4,Colorado,CO,West,True,61.0,60–69,$23k–$28k,$45k–$58k,4,Prepaid,Visa prepaid,2010,Extra card,,
5713,1825,Visa,Credit,4774719998524076,09/2021,912,YES,1,11300,11/2015,2015,No,2015-11-01,24191,222.54011999999997,219.66012,222.54011999999997,13752.34,12.0,222.54011999999997,219.66012,222.54011999999997,False,70,39.69,-104.81,24849,45754,4,Colorado,CO,West,True,66.0,60–69,$23k–$28k,$45k–$58k,4,Credit,Visa credit,2015,Extra card,$11k–$15k,
4901,1488,Visa,Debit,4450244246196939,05/2023,339,YES,1,14249,09/2016,2016,No,2016-09-01,24201,78.422885,77.22288499999999,78.422885,9256.77,12.0,78.422885,77.22288499999999,78.422885,False,34,41.65,-81.43,20155,41091,6,Ohio,OH,Midwest,True,31.0,30–39,$19k–$23k,$37k–$45k,6+,Debit,Visa debit,2016,Extra card,,$12k–$16k
5685,1488,Mastercard,Debit,5504145195168153,04/2022,611,YES,1,28580,11/2013,2013,No,2013-11-01,24167,127.6549,126.3849,127.6549,15399.8,12.0,127.6549,126.3849,127.6549,False,34,41.65,-81.43,20155,41091,6,Ohio,OH,Midwest,True,28.0,Under 30,$19k–$23k,$37k–$45k,6+,Debit,Mastercard debit,2013,Extra card,,$27k–$138k
4874,1488,Mastercard,Credit,5409789881160707,04/2021,252,NO,1,8500,09/2014,2014,No,2014-09-01,24177,182.3994,174.1194,182.3994,11307.3,12.0,182.3994,174.1194,182.3994,False,34,41.65,-81.43,20155,41091,6,Ohio,OH,Midwest,True,29.0,Under 30,$19k–$23k,$37k–$45k,6+,Credit,Mastercard credit,2014,Extra card,$6k–$9k,
254,1443,Visa,Debit,4384381555415272,06/2018,608,YES,2,3973,01/2010,2016,No,2010-01-01,24121,103.903635,102.573635,103.903635,19802.27,12.0,103.903635,102.573635,103.903635,False,47,21.44,-158.18,17175,35016,3,Hawaii,HI,West,True,37.0,30–39,$16k–$19k,$30k–$37k,3,Debit,Visa debit,2010,Extra card,,$0k–$12k
3194,801,Mastercard,Debit,5933370673358517,03/2020,729,YES,2,15042,05/2017,2017,No,2017-05-01,24209,30.20351,29.00351,30.20351,2765.02,12.0,30.20351,29.00351,30.20351,False,82,32.73,-101.95,14989,23175,5,Texas,TX,South,True,79.0,70+,$0k–$16k,$0k–$30k,5,Debit,Mastercard debit,2017,Extra card,,$12k–$16k
4005,655,Amex,Credit,329049697835823,01/2017,852,YES,1,7700,07/2013,2013,No,2013-07-01,24163,264.26916,224.66916,264.26916,15678.62,12.0,359.26916,319.66916000000003,359.26916,False,49,41.44,-82.18,14880,30340,3,Ohio,OH,Midwest,True,42.0,40–49,$0k–$16k,$0k–$30k,3,Credit,Amex credit,2013,Extra card,$6k–$9k,
5737,242,Mastercard,Debit,5431693041561231,06/2020,10,YES,1,19788,11/2018,2018,No,2018-11-01,24227,52.844635,30.454635,52.844635,13085.27,12.0,52.844635,30.454635,52.844635,False,41,42.19,-73.35,21365,43560,5,Massachusetts,MA,Northeast,True,40.0,40–49,$19k–$23k,$37k–$45k,5,Debit,Mastercard debit,2018,Extra card,,$16k–$20k
1229,242,Mastercard,Debit,5000761209331079,02/2021,797,YES,1,15259,02/2010,2010,No,2010-02-01,24122,91.03534,50.63534,91.03534,23311.68,12.0,91.03534,50.63534,91.03534,False,41,42.19,-73.35,21365,43560,5,Massachusetts,MA,Northeast,True,31.0,30–39,$19k–$23k,$37k–$45k,5,Debit,Mastercard debit,2010,Extra card,,$12k–$16k
2315,242,Mastercard,Debit,5250424530939349,09/2020,354,YES,2,19728,03/2013,2013,No,2013-03-01,24159,70.149615,41.16184,70.149615,16995.16,12.0,70.149615,41.16184,70.149615,False,41,42.19,-73.35,21365,43560,5,Massachusetts,MA,Northeast,True,34.0,30–39,$19k–$23k,$37k–$45k,5,Debit,Mastercard debit,2013,Extra card,,$16k–$20k
2243,1967,Amex,Credit,315253583009303,04/2012,103,NO,1,23900,03/2010,2017,No,2010-03-01,24123,470.2869,435.3669,470.2869,27797.05,12.0,565.2869000000001,530.3669,565.2869000000001,False,55,33.64,-117.67,30307,61793,4,California,CA,West,True,45.0,40–49,$28k–$163k,$58k–$280k,4,Credit,Amex credit,2010,Extra card,$15k–$98k,
3463,434,Amex,Credit,386984033021293,01/2021,449,YES,2,15500,06/2010,2012,No,2010-06-01,24126,752.35734,658.39734,752.35734,49188.63,12.0,847.35734,753.39734,847.35734,True,31,42.02,-93.62,26190,53395,3,Iowa,IA,Midwest,True,21.0,Under 30,$23k–$28k,$45k–$58k,3,Credit,Amex credit,2010,Customer's first card,$15k–$98k,
2358,1076,Mastercard,Credit,5410016015074479,01/2020,674,YES,2,7500,03/2016,2016,No,2016-03-01,24195,146.83751999999998,146.47752,146.83751999999998,9089.64,12.0,146.83751999999998,146.47752,146.83751999999998,False,61,35.05,-78.87,18316,37342,5,North Carolina,NC,South,True,57.0,50–59,$16k–$19k,$37k–$45k,5,Credit,Mastercard credit,2016,Extra card,$6k–$9k,
6033,723,Visa,Credit,4783560032101206,12/2022,606,YES,2,9700,12/2010,2011,No,2010-12-01,24132,114.3486,112.9086,114.3486,6782.7,12.0,114.3486,112.9086,114.3486,False,59,29.76,-95.38,17359,35397,5,Texas,TX,South,True,50.0,50–59,$16k–$19k,$30k–$37k,5,Credit,Visa credit,2010,Extra card,$9k–$11k,
6071,723,Mastercard,Debit,5984424268414258,02/2021,794,NO,1,18450,12/2012,2012,No,2012-12-01,24156,47.970255,47.470255,47.970255,4684.51,12.0,47.970255,47.470255,47.970255,False,59,29.76,-95.38,17359,35397,5,Texas,TX,South,True,52.0,50–59,$16k–$19k,$30k–$37k,5,Debit,Mastercard debit,2012,Extra card,,$16k–$20k
232,723,Mastercard,Debit,5737194797232030,02/2023,310,YES,2,13529,01/2010,2010,No,2010-01-01,24121,80.539785,80.279785,80.539785,10111.57,12.0,80.539785,80.279785,80.539785,False,59,29.76,-95.38,17359,35397,5,Texas,TX,South,True,49.0,40–49,$16k–$19k,$30k–$37k,5,Debit,Mastercard debit,2010,Extra card,,$12k–$16k
1206,723,Discover,Credit,6155749284043206,12/2023,616,YES,1,10300,02/2010,2013,No,2010-02-01,24122,166.02696,160.26696,166.02696,10288.72,12.0,166.02696,160.26696,166.02696,False,59,29.76,-95.38,17359,35397,5,Texas,TX,South,True,49.0,40–49,$16k–$19k,$30k–$37k,5,Credit,Discover credit,2010,Extra card,$9k–$11k,
3524,1398,Mastercard,Credit,5061425671526062,09/2022,21,NO,1,20100,06/2011,2012,No,2011-06-01,24138,412.0956,405.9756,412.0956,23363.2,12.0,412.0956,405.9756,412.0956,False,52,40.85,-74.4,34756,70862,5,New Jersey,NJ,Northeast,True,43.0,40–49,$28k–$163k,$58k–$280k,5,Credit,Mastercard credit,2011,Extra card,$15k–$98k,
5222,1398,Visa,Credit,4784578119131333,09/2018,526,YES,2,18100,10/2010,2010,No,2010-10-01,24130,733.05702,732.3370199999999,733.05702,41871.39,12.0,733.05702,732.3370199999999,733.05702,False,52,40.85,-74.4,34756,70862,5,New Jersey,NJ,Northeast,True,43.0,40–49,$28k–$163k,$58k–$280k,5,Credit,Visa credit,2010,Extra card,$15k–$98k,
4004,1130,Visa,Credit,4831171485300764,07/2022,704,YES,2,11400,07/2012,2012,No,2012-07-01,24151,321.00642,314.16642,321.00642,18497.69,12.0,321.00642,314.16642,321.00642,False,50,47.3,-122.31,21756,44355,3,Washington,WA,West,True,42.0,40–49,$19k–$23k,$37k–$45k,3,Credit,Visa credit,2012,Extra card,$11k–$15k,
2667,62,Visa,Debit,4511173067957927,08/2022,468,YES,2,5520,04/2010,2010,No,2010-04-01,24124,51.32356,51.32356,51.32356,7091.12,12.0,51.32356,51.32356,51.32356,False,78,41.13,-124.04,15296,22290,6,California,CA,West,True,68.0,60–69,$0k–$16k,$0k–$30k,6+,Debit,Visa debit,2010,Extra card,,$0k–$12k
4417,1623,Visa,Credit,4874803935373541,11/2015,840,YES,2,9300,08/2013,2013,No,2013-08-01,24164,260.73666000000003,256.77666,260.73666000000003,17439.37,12.0,260.73666000000003,256.77666,260.73666000000003,False,32,39.11,-84.46,17278,35227,3,Ohio,OH,Midwest,True,26.0,Under 30,$16k–$19k,$30k–$37k,3,Credit,Visa credit,2013,Extra card,$9k–$11k,
6061,1416,Visa,Credit,4317393372526102,07/2022,837,YES,1,11900,12/2011,2011,No,2011-12-01,24144,330.38586,327.50586,330.38586,19529.77,12.0,330.38586,327.50586,330.38586,False,73,43.03,-76.3,24172,48750,8,New York,NY,Northeast,True,65.0,60–69,$23k–$28k,$45k–$58k,6+,Credit,Visa credit,2011,Extra card,$11k–$15k,
4891,1416,Visa,Credit,4959412347021856,04/2023,714,YES,2,10500,09/2015,2015,No,2015-09-01,24189,223.66278,221.50278,223.66278,13725.71,12.0,223.66278,221.50278,223.66278,False,73,43.03,-76.3,24172,48750,8,New York,NY,Northeast,True,69.0,60–69,$23k–$28k,$45k–$58k,6+,Credit,Visa credit,2015,Extra card,$9k–$11k,
2363,1416,Mastercard,Debit,5254338671695551,08/2018,492,YES,1,14865,03/2017,2017,No,2017-03-01,24207,28.88167,27.74167,28.88167,6386.34,12.0,28.88167,27.74167,28.88167,False,73,43.03,-76.3,24172,48750,8,New York,NY,Northeast,True,70.0,70+,$23k–$28k,$45k–$58k,6+,Debit,Mastercard debit,2017,Extra card,,$12k–$16k
4892,1998,Visa,Debit,4138210173016904,06/2021,76,YES,1,328,09/2015,2015,No,2015-09-01,24189,31.3524,31.3524,31.3524,3290.8,12.0,31.3524,31.3524,31.3524,False,65,37.56,-122.37,0,645,3,California,CA,West,True,61.0,60–69,$0k–$16k,$0k–$30k,3,Debit,Visa debit,2015,Extra card,,$0k–$12k
1258,1998,Visa,Credit,4573665962578726,11/2020,452,YES,2,100,02/2010,2011,No,2010-02-01,24122,72.44658,72.44658,72.44658,4413.8099999999995,12.0,72.44658,72.44658,72.44658,False,65,37.56,-122.37,0,645,3,California,CA,West,True,55.0,50–59,$0k–$16k,$0k–$30k,3,Credit,Visa credit,2010,Extra card,$0k–$6k,
6010,303,Mastercard,Debit,5505845036892827,10/2021,658,YES,1,32488,12/2010,2010,No,2010-12-01,24132,110.536025,107.016025,110.536025,30653.05,12.0,110.536025,107.016025,110.536025,False,94,40.48,-104.9,27185,60080,6,Colorado,CO,West,True,85.0,70+,$23k–$28k,$58k–$280k,6+,Debit,Mastercard debit,2010,Extra card,,$27k–$138k
4783,303,Mastercard,Debit,5064319723077999,01/2023,109,YES,1,25900,09/2010,2010,No,2010-09-01,24129,133.580385,129.810385,133.580385,36540.77,12.0,133.580385,129.810385,133.580385,False,94,40.48,-104.9,27185,60080,6,Colorado,CO,West,True,85.0,70+,$23k–$28k,$58k–$280k,6+,Debit,Mastercard debit,2010,Extra card,,$20k–$27k
4824,303,Visa,Credit,4554398515333303,02/2023,112,YES,2,15600,09/2011,2011,No,2011-09-01,24141,363.58614,349.90614,363.58614,21132.23,12.0,363.58614,349.90614,363.58614,False,94,40.48,-104.9,27185,60080,6,Colorado,CO,West,True,86.0,70+,$23k–$28k,$58k–$280k,6+,Credit,Visa credit,2011,Extra card,$15k–$98k,
3139,1138,Visa,Credit,4103345732677836,08/2022,996,YES,2,5600,05/2013,2013,No,2013-05-01,24161,968.59404,963.4815,968.59404,56672.78,12.0,968.59404,963.4815,968.59404,False,51,33.68,-86.39,20542,41886,3,Alabama,AL,South,True,44.0,40–49,$19k–$23k,$37k–$45k,3,Credit,Visa credit,2013,Extra card,$0k–$6k,
5292,1138,Mastercard,Debit,5788572539288230,01/2021,352,YES,2,13235,10/2014,2014,No,2014-10-01,24178,195.83377,193.43377,195.83377,33989.54,12.0,195.83377,193.43377,195.83377,False,51,33.68,-86.39,20542,41886,3,Alabama,AL,South,True,46.0,40–49,$19k–$23k,$37k–$45k,3,Debit,Mastercard debit,2014,Extra card,,$12k–$16k
4476,1117,Visa,Debit,4416198606646677,12/2020,143,YES,1,19824,08/2018,2018,No,2018-08-01,24224,167.8913,165.4313,167.8913,54129.6,12.0,167.8913,165.4313,167.8913,False,49,41.36,-97.97,13582,27691,2,Nebraska,NE,Midwest,True,48.0,40–49,$0k–$16k,$0k–$30k,2,Debit,Visa debit,2018,Extra card,,$16k–$20k
2290,609,Visa,Debit,4162004533229299,07/2020,851,YES,2,19436,03/2011,2011,No,2011-03-01,24135,129.21501,128.71501,129.21501,12165.02,12.0,129.21501,128.71501,129.21501,False,59,32.91,-96.62,18408,37536,3,Texas,TX,South,True,50.0,50–59,$16k–$19k,$37k–$45k,3,Debit,Visa debit,2011,Extra card,,$16k–$20k
1373,884,Mastercard,Debit (Prepaid),5457193458056810,08/2024,138,YES,2,68,02/2017,2017,No,2017-02-01,24206,0.0,0.0,90.97453,12251.06,12.0,0.0,0.0,90.97453,False,75,42.97,-85.77,21663,42812,4,Michigan,MI,Midwest,True,72.0,70+,$19k–$23k,$37k–$45k,4,Prepaid,Mastercard prepaid,2017,Extra card,,
1259,462,Visa,Debit (Prepaid),4262959598704280,01/2016,710,YES,1,22,02/2010,2013,No,2010-02-01,24122,0.0,0.0,14.3744,1028.8,12.0,0.0,0.0,14.3744,False,63,40.62,-75.36,24571,50696,5,Pennsylvania,PA,Northeast,True,53.0,50–59,$23k–$28k,$45k–$58k,5,Prepaid,Visa prepaid,2010,Extra card,,
3957,462,Visa,Credit,4955210270382749,11/2024,551,YES,2,5700,07/2010,2010,No,2010-07-01,24127,602.55468,578.07468,602.55468,38700.26,12.0,602.55468,578.07468,602.55468,False,63,40.62,-75.36,24571,50696,5,Pennsylvania,PA,Northeast,True,53.0,50–59,$23k–$28k,$45k–$58k,5,Credit,Visa credit,2010,Extra card,$0k–$6k,
2324,1802,Visa,Credit,4642554061349246,02/2020,763,YES,2,8400,03/2013,2013,No,2013-03-01,24159,1399.67856,1399.67856,1399.67856,80488.92,12.0,1399.67856,1399.67856,1399.67856,False,39,40.34,-74.44,29088,59313,2,New Jersey,NJ,Northeast,True,32.0,30–39,$28k–$163k,$58k–$280k,2,Credit,Visa credit,2013,Extra card,$6k–$9k,
3479,1563,Mastercard,Credit,5377821284992062,11/2022,138,YES,1,2900,06/2010,2010,No,2010-06-01,24126,298.81188000000003,285.49188000000004,298.81188000000003,18450.66,12.0,298.81188000000003,285.49188000000004,298.81188000000003,False,49,33.96,-118.27,11073,22583,4,California,CA,West,True,39.0,30–39,$0k–$16k,$0k–$30k,4,Credit,Mastercard credit,2010,Extra card,$0k–$6k,
4030,1563,Visa,Debit,4720829352602343,04/2017,702,YES,2,11902,07/2014,2014,No,2014-07-01,24175,65.91406,64.68406,65.91406,7917.12,12.0,65.91406,64.68406,65.91406,False,49,33.96,-118.27,11073,22583,4,California,CA,West,True,43.0,40–49,$0k–$16k,$0k–$30k,4,Debit,Visa debit,2014,Extra card,,$12k–$16k
5259,709,Mastercard,Debit,5953738621410056,12/2022,144,YES,1,27123,10/2012,2012,No,2012-10-01,24154,194.690755,187.110755,194.690755,34672.51,12.0,194.690755,187.110755,194.690755,True,26,42.92,-88.84,21057,42931,3,Wisconsin,WI,Midwest,True,19.0,Under 30,$19k–$23k,$37k–$45k,3,Debit,Mastercard debit,2012,Customer's first card,,$27k–$138k
6121,709,Mastercard,Debit,5585130631780942,07/2021,782,YES,2,26564,12/2016,2016,No,2016-12-01,24204,82.49902,79.48902,82.49902,13444.04,12.0,82.49902,79.48902,82.49902,False,26,42.92,-88.84,21057,42931,3,Wisconsin,WI,Midwest,True,23.0,Under 30,$19k–$23k,$37k–$45k,3,Debit,Mastercard debit,2016,Extra card,,$20k–$27k
2747,709,Mastercard,Debit,5810782752163021,10/2021,359,YES,2,19915,04/2015,2015,No,2015-04-01,24184,122.319755,119.309755,122.319755,20116.51,12.0,122.319755,119.309755,122.319755,False,26,42.92,-88.84,21057,42931,3,Wisconsin,WI,Midwest,True,21.0,Under 30,$19k–$23k,$37k–$45k,3,Debit,Mastercard debit,2015,Extra card,,$16k–$20k
4825,1549,Visa,Credit,4003846186083987,08/2024,474,YES,2,8800,09/2011,2011,No,2011-09-01,24141,189.31716,167.35716,189.31716,11834.62,12.0,189.31716,167.35716,189.31716,False,68,29.76,-95.38,31072,63355,5,Texas,TX,South,True,60.0,60–69,$28k–$163k,$58k–$280k,5,Credit,Visa credit,2011,Extra card,$9k–$11k,
4784,1549,Mastercard,Debit,5831664882961727,09/2023,915,YES,1,29936,09/2010,2011,No,2010-09-01,24129,23.18373,22.59373,23.18373,6674.46,12.0,23.18373,22.59373,23.18373,False,68,29.76,-95.38,31072,63355,5,Texas,TX,South,True,59.0,50–59,$28k–$163k,$58k–$280k,5,Debit,Mastercard debit,2010,Extra card,,$27k–$138k
359,1881,Visa,Debit,4584347378978298,03/2021,249,YES,2,18548,01/2016,2016,No,2016-01-01,24193,117.536045,117.536045,117.536045,8406.09,12.0,117.536045,117.536045,117.536045,False,67,42.05,-83.38,22321,56542,6,Michigan,MI,Midwest,True,63.0,60–69,$19k–$23k,$45k–$58k,6+,Debit,Visa debit,2016,Extra card,,$16k–$20k
5318,1881,Visa,Debit,4524007081801504,12/2023,4,YES,1,17583,10/2016,2016,No,2016-10-01,24202,82.30074,82.30074,82.30074,6182.4800000000005,12.0,82.30074,82.30074,82.30074,False,67,42.05,-83.38,22321,56542,6,Michigan,MI,Midwest,True,64.0,60–69,$19k–$23k,$45k–$58k,6+,Debit,Visa debit,2016,Extra card,,$16k–$20k
2291,802,Visa,Credit,4637446539727375,05/2021,107,YES,2,21400,03/2011,2011,No,2011-03-01,24135,531.61686,516.85686,531.61686,35087.27,12.0,531.61686,516.85686,531.61686,False,35,38.74,-121.25,29367,59872,4,California,CA,West,True,26.0,Under 30,$28k–$163k,$58k–$280k,4,Credit,Visa credit,2011,Extra card,$15k–$98k,
5293,802,Mastercard,Debit,5564701470778719,10/2024,739,YES,1,20886,10/2014,2014,No,2014-10-01,24178,68.035025,67.745025,68.035025,12367.05,12.0,68.035025,67.745025,68.035025,False,35,38.74,-121.25,29367,59872,4,California,CA,West,True,30.0,30–39,$28k–$163k,$58k–$280k,4,Debit,Mastercard debit,2014,Extra card,,$20k–$27k
5676,802,Mastercard,Debit,5907261370634843,07/2024,645,YES,1,27701,11/2012,2012,No,2012-11-01,24155,139.09158499999998,137.201585,139.09158499999998,27550.17,12.0,139.09158499999998,137.201585,139.09158499999998,False,35,38.74,-121.25,29367,59872,4,California,CA,West,True,28.0,Under 30,$28k–$163k,$58k–$280k,4,Debit,Mastercard debit,2012,Extra card,,$27k–$138k
233,859,Mastercard,Credit,5753025722639048,09/2023,224,YES,2,8800,01/2010,2010,No,2010-01-01,24121,461.94264,443.58264,461.94264,27638.48,12.0,461.94264,443.58264,461.94264,True,51,36.15,-85.5,15955,32531,4,Tennessee,TN,South,True,41.0,40–49,$16k–$19k,$30k–$37k,4,Credit,Mastercard credit,2010,Customer's first card,$9k–$11k,
2304,859,Mastercard,Debit,5224418160535170,07/2021,724,YES,2,20354,03/2012,2012,No,2012-03-01,24147,73.88165,72.88165,73.88165,11593.3,12.0,73.88165,72.88165,73.88165,False,51,36.15,-85.5,15955,32531,4,Tennessee,TN,South,True,43.0,40–49,$16k–$19k,$30k–$37k,4,Debit,Mastercard debit,2012,Extra card,,$20k–$27k
4014,859,Visa,Debit,4318671654054716,10/2020,37,YES,2,14695,07/2013,2013,No,2013-07-01,24163,47.32751,46.83751,47.32751,5873.02,12.0,47.32751,46.83751,47.32751,False,51,36.15,-85.5,15955,32531,4,Tennessee,TN,South,True,44.0,40–49,$16k–$19k,$30k–$37k,4,Debit,Visa debit,2013,Extra card,,$12k–$16k
3480,859,Mastercard,Debit,5947211336145075,03/2024,807,YES,2,16783,06/2010,2011,No,2010-06-01,24126,132.628805,130.14880499999998,132.628805,21980.61,12.0,132.628805,130.14880499999998,132.628805,False,51,36.15,-85.5,15955,32531,4,Tennessee,TN,South,True,41.0,40–49,$16k–$19k,$30k–$37k,4,Debit,Mastercard debit,2010,Extra card,,$16k–$20k
5223,441,Visa,Debit,4135867565103066,12/2024,486,YES,1,21087,10/2010,2016,No,2010-10-01,24130,203.711125,199.221125,203.711125,38088.25,12.0,203.711125,199.221125,203.711125,True,41,33.65,-84.86,22613,46108,1,Georgia,GA,South,True,32.0,30–39,$19k–$23k,$45k–$58k,1,Debit,Visa debit,2010,Customer's first card,,$20k–$27k
4433,879,Mastercard,Debit,5798962665831209,09/2024,304,YES,1,10966,08/2014,2014,No,2014-08-01,24176,74.30474,74.30474,74.30474,9622.48,12.0,74.30474,74.30474,74.30474,False,54,25.92,-97.48,11140,22714,3,Texas,TX,South,True,49.0,40–49,$0k–$16k,$0k–$30k,3,Debit,Mastercard debit,2014,Extra card,,$0k–$12k
6062,1437,Visa,Debit,4035380547578392,04/2022,750,YES,2,13193,12/2011,2011,No,2011-12-01,24144,138.826165,137.09616499999998,138.826165,9443.33,12.0,138.826165,137.09616499999998,138.826165,False,77,47.43,-122.92,19640,44807,4,Washington,WA,West,True,69.0,60–69,$19k–$23k,$45k–$58k,4,Debit,Visa debit,2011,Extra card,,$12k–$16k
4385,1437,Visa,Credit,4504840142387818,07/2023,344,YES,1,11400,08/2011,2019,No,2011-08-01,24140,362.39022,316.31022,362.39022,23236.79,12.0,362.39022,316.31022,362.39022,False,77,47.43,-122.92,19640,44807,4,Washington,WA,West,True,69.0,60–69,$19k–$23k,$45k–$58k,4,Credit,Visa credit,2011,Extra card,$11k–$15k,
3195,1413,Mastercard,Debit,5135176048333370,09/2024,832,YES,1,14927,05/2017,2017,No,2017-05-01,24209,63.900545,63.420545,63.900545,7658.09,12.0,63.900545,63.420545,63.900545,False,39,39.03,-87.05,15285,31170,5,Indiana,IN,Midwest,True,36.0,30–39,$0k–$16k,$30k–$37k,5,Debit,Mastercard debit,2017,Extra card,,$12k–$16k
2754,1413,Visa,Debit,4793567137334721,12/2024,45,NO,1,13760,04/2015,2015,No,2015-04-01,24184,86.252865,84.602865,86.252865,9689.73,12.0,86.252865,84.602865,86.252865,False,39,39.03,-87.05,15285,31170,5,Indiana,IN,Midwest,True,34.0,30–39,$0k–$16k,$30k–$37k,5,Debit,Visa debit,2015,Extra card,,$12k–$16k
2255,1413,Mastercard,Debit,5875822666213917,04/2021,269,YES,2,17023,03/2010,2011,No,2010-03-01,24123,102.440885,101.990885,102.440885,12330.77,12.0,102.440885,101.990885,102.440885,False,39,39.03,-87.05,15285,31170,5,Indiana,IN,Midwest,True,29.0,Under 30,$0k–$16k,$30k–$37k,5,Debit,Mastercard debit,2010,Extra card,,$16k–$20k
3502,1710,Visa,Credit,4945896135256781,05/2021,82,YES,1,11700,06/2010,2014,No,2010-06-01,24126,278.1702,258.0102,278.1702,18807.9,12.0,278.1702,258.0102,278.1702,False,33,43.54,-89.46,19635,40029,3,Wisconsin,WI,Midwest,True,23.0,Under 30,$19k–$23k,$37k–$45k,3,Credit,Visa credit,2010,Extra card,$11k–$15k,
1363,1710,Discover,Credit,6449625285546786,11/2020,985,YES,1,6600,02/2016,2016,No,2016-02-01,24194,155.02464,145.66464,155.02464,9387.48,12.0,155.02464,145.66464,155.02464,False,33,43.54,-89.46,19635,40029,3,Wisconsin,WI,Midwest,True,29.0,Under 30,$19k–$23k,$37k–$45k,3,Credit,Discover credit,2016,Extra card,$6k–$9k,
2708,107,Visa,Credit,4710429105538737,04/2015,958,YES,2,5500,04/2012,2012,No,2012-04-01,24148,133.39764,125.11764,133.39764,8249.98,12.0,133.39764,125.11764,133.39764,False,50,34.29,-94.33,13123,26758,5,Arkansas,AR,South,True,42.0,40–49,$0k–$16k,$0k–$30k,5,Credit,Visa credit,2012,Extra card,$0k–$6k,
255,107,Visa,Debit (Prepaid),4664388076567373,03/2022,796,NO,1,66,01/2010,2011,No,2010-01-01,24121,0.0,0.0,31.92848,4885.96,12.0,0.0,0.0,31.92848,False,50,34.29,-94.33,13123,26758,5,Arkansas,AR,South,True,40.0,40–49,$0k–$16k,$0k–$30k,5,Prepaid,Visa prepaid,2010,Extra card,,
5686,1247,Mastercard,Debit,5905151932957268,07/2023,407,YES,1,18482,11/2013,2013,No,2013-11-01,24167,30.77473,30.77473,30.77473,6468.46,12.0,30.77473,30.77473,30.77473,False,69,35.54,-118.91,21654,44152,5,California,CA,West,True,63.0,60–69,$19k–$23k,$37k–$45k,5,Debit,Mastercard debit,2013,Extra card,,$16k–$20k
3525,1725,Mastercard,Debit,5810332499908324,12/2024,932,YES,1,14056,06/2011,2011,No,2011-06-01,24138,47.64482,45.55482,47.64482,10794.64,12.0,47.64482,45.55482,47.64482,False,49,37.55,-77.46,20917,42652,6,Virginia,VA,South,True,40.0,40–49,$19k–$23k,$37k–$45k,6+,Debit,Mastercard debit,2011,Extra card,,$12k–$16k
6011,1145,Mastercard,Debit,5350628456401491,11/2024,382,YES,1,35169,12/2010,2012,No,2010-12-01,24132,176.915775,144.975775,176.915775,33231.55,12.0,176.915775,144.975775,176.915775,False,43,44.26,-88.39,36825,75080,3,Wisconsin,WI,Midwest,True,34.0,30–39,$28k–$163k,$58k–$280k,3,Debit,Mastercard debit,2010,Extra card,,$27k–$138k
4331,1145,Mastercard,Credit,5309736298494191,03/2022,728,YES,1,17500,08/2010,2011,No,2010-08-01,24128,973.72368,503.20368,973.72368,56097.76,12.0,973.72368,503.20368,973.72368,False,43,44.26,-88.39,36825,75080,3,Wisconsin,WI,Midwest,True,34.0,30–39,$28k–$163k,$58k–$280k,3,Credit,Mastercard credit,2010,Extra card,$15k–$98k,
5615,1357,Mastercard,Debit,5546537643480546,02/2021,748,YES,2,2833,11/2010,2013,No,2010-11-01,24131,69.259905,68.09990499999999,69.259905,7539.81,12.0,69.259905,68.09990499999999,69.259905,False,75,47.2,-122.4,16941,11410,7,Washington,WA,West,True,66.0,60–69,$16k–$19k,$0k–$30k,6+,Debit,Mastercard debit,2010,Extra card,,$0k–$12k
4350,1123,Visa,Debit,4292936340098046,04/2016,106,YES,2,1394,08/2010,2015,No,2010-08-01,24128,51.971125,50.971125,51.971125,7097.25,12.0,51.971125,50.971125,51.971125,False,44,34.8,-79.54,13683,27896,3,North Carolina,NC,South,True,35.0,30–39,$0k–$16k,$0k–$30k,3,Debit,Visa debit,2010,Extra card,,$0k–$12k
4813,546,Mastercard,Debit,5928320194768562,08/2016,838,YES,2,2559,09/2011,2011,No,2011-09-01,24141,51.26903,48.67903,51.26903,11582.06,12.0,51.26903,48.67903,51.26903,False,51,41.68,-71.66,25111,51196,3,Rhode Island,RI,Northeast,True,43.0,40–49,$23k–$28k,$45k–$58k,3,Debit,Mastercard debit,2011,Extra card,,$0k–$12k
4351,430,Visa,Credit,4781372317032583,02/2023,403,YES,1,13400,08/2010,2010,No,2010-08-01,24128,391.84686,233.80686,391.84686,22151.27,12.0,391.84686,233.80686,391.84686,False,52,41.42,-87.35,26168,53350,5,Indiana,IN,Midwest,True,43.0,40–49,$23k–$28k,$45k–$58k,5,Credit,Visa credit,2010,Extra card,$11k–$15k,
2265,61,Visa,Credit,4759060378229068,08/2024,148,YES,1,25200,03/2010,2020,No,2010-03-01,24123,775.46394,774.02394,775.46394,47649.33,12.0,775.46394,774.02394,775.46394,False,44,41.05,-73.74,45812,93406,3,New York,NY,Northeast,True,34.0,30–39,$28k–$163k,$58k–$280k,3,Credit,Visa credit,2010,Extra card,$15k–$98k,
3503,61,Visa,Debit,4873170994873047,12/2021,510,YES,2,19264,06/2010,2010,No,2010-06-01,24126,78.40447,78.16447,78.40447,15239.4,12.0,78.40447,78.16447,78.40447,False,44,41.05,-73.74,45812,93406,3,New York,NY,Northeast,True,34.0,30–39,$28k–$163k,$58k–$280k,3,Debit,Visa debit,2010,Extra card,,$16k–$20k
2709,1621,Visa,Credit,4035574637806082,04/2020,28,NO,3,25100,04/2012,2012,No,2012-04-01,24148,625.60908,618.04908,625.60908,37575.06,12.0,625.60908,618.04908,625.60908,False,66,32.96,-117.12,36323,74059,4,California,CA,West,True,58.0,50–59,$28k–$163k,$58k–$280k,4,Credit,Visa credit,2012,Extra card,$15k–$98k,
2316,1621,Mastercard,Debit,5252385354093904,02/2023,874,YES,2,54842,03/2013,2013,No,2013-03-01,24159,166.3025,163.4625,166.3025,28848.0,12.0,166.3025,163.4625,166.3025,False,66,32.96,-117.12,36323,74059,4,California,CA,West,True,59.0,50–59,$28k–$163k,$58k–$280k,4,Debit,Mastercard debit,2013,Extra card,,$27k–$138k
265,37,Discover,Credit,6845375674595536,02/2024,943,YES,1,0,01/2011,2011,No,2011-01-01,24133,413.9847,404.6247,413.9847,34281.15,12.0,413.9847,404.6247,413.9847,False,41,43.31,-76.57,17013,34690,4,New York,NY,Northeast,True,32.0,30–39,$16k–$19k,$30k–$37k,4,Credit,Discover credit,2011,Extra card,$0k–$6k,
1230,37,Mastercard,Debit,5417518550067026,12/2022,737,YES,1,10608,02/2010,2010,No,2010-02-01,24122,128.145995,125.775995,128.145995,29984.99,12.0,128.145995,125.775995,128.145995,False,41,43.31,-76.57,17013,34690,4,New York,NY,Northeast,True,31.0,30–39,$16k–$19k,$30k–$37k,4,Debit,Mastercard debit,2010,Extra card,,$0k–$12k
4044,1793,Amex,Credit,320032582560720,09/2020,917,YES,2,7300,07/2016,2016,No,2016-07-01,24199,228.4308,170.4708,228.4308,14359.6,12.0,323.4308,265.4708,323.4308,False,37,34.77,-89.44,14367,29297,4,Mississippi,MS,South,True,33.0,30–39,$0k–$16k,$0k–$30k,4,Credit,Amex credit,2016,Extra card,$6k–$9k,
290,1793,Visa,Debit (Prepaid),4525019658850214,10/2022,425,YES,2,60,01/2011,2011,No,2011-01-01,24133,0.0,0.0,73.472245,11804.49,12.0,0.0,0.0,73.472245,True,37,34.77,-89.44,14367,29297,4,Mississippi,MS,South,True,28.0,Under 30,$0k–$16k,$0k–$30k,4,Prepaid,Visa prepaid,2011,Customer's first card,,
4452,1793,Visa,Debit (Prepaid),4319964166566927,01/2023,205,NO,1,69,08/2015,2015,No,2015-08-01,24188,0.0,0.0,38.345405,6053.8099999999995,12.0,0.0,0.0,38.345405,False,37,34.77,-89.44,14367,29297,4,Mississippi,MS,South,True,33.0,30–39,$0k–$16k,$0k–$30k,4,Prepaid,Visa prepaid,2015,Extra card,,
1346,1846,Mastercard,Credit,5618611337229363,12/2021,114,NO,2,6400,02/2014,2014,No,2014-02-01,24170,190.9935,139.8735,190.9935,13311.75,12.0,190.9935,139.8735,190.9935,False,82,36.74,-91.86,14191,33356,4,Missouri,MO,Midwest,True,76.0,70+,$0k–$16k,$30k–$37k,4,Credit,Mastercard credit,2014,Extra card,$6k–$9k,
2373,1846,Mastercard,Debit (Prepaid),5302877087935862,08/2018,213,YES,1,84,03/2018,2018,No,2018-03-01,24219,0.0,0.0,49.46409,4954.18,6.0,0.0,0.0,49.46409,False,82,36.74,-91.86,14191,33356,4,Missouri,MO,Midwest,True,80.0,70+,$0k–$16k,$30k–$37k,4,Prepaid,Mastercard prepaid,2018,Extra card,,
4899,116,Mastercard,Debit (Prepaid),5236777406383687,10/2020,234,YES,1,64,09/2016,2016,No,2016-09-01,24201,0.0,0.0,109.756465,13865.93,12.0,0.0,0.0,109.756465,False,31,42.95,-77.59,32973,67230,2,New York,NY,Northeast,True,28.0,Under 30,$28k–$163k,$58k–$280k,2,Prepaid,Mastercard prepaid,2016,Extra card,,
6072,116,Mastercard,Debit,5463788030135116,12/2024,236,YES,2,37377,12/2012,2012,No,2012-12-01,24156,263.843995,250.263995,263.843995,63300.99,12.0,263.843995,250.263995,263.843995,True,31,42.95,-77.59,32973,67230,2,New York,NY,Northeast,True,24.0,Under 30,$28k–$163k,$58k–$280k,2,Debit,Mastercard debit,2012,Customer's first card,,$27k–$138k
6012,683,Mastercard,Debit,5521151206022377,05/2020,641,YES,2,1633,12/2010,2012,No,2010-12-01,24132,29.60329,28.74329,29.60329,5091.58,12.0,29.60329,28.74329,29.60329,False,61,40.79,-77.85,25031,51039,5,Pennsylvania,PA,Northeast,True,52.0,50–59,$23k–$28k,$45k–$58k,5,Debit,Mastercard debit,2010,Extra card,,$0k–$12k
3099,75,Mastercard,Credit,5689040853282702,10/2021,551,YES,2,9200,05/2011,2011,No,2011-05-01,24137,132.86466,113.78466,132.86466,7547.37,12.0,132.86466,113.78466,132.86466,False,80,29.76,-95.38,18528,22326,4,Texas,TX,South,True,71.0,70+,$16k–$19k,$0k–$30k,4,Credit,Mastercard credit,2011,Extra card,$9k–$11k,
3148,1140,Mastercard,Debit,5554081439634551,07/2022,695,YES,2,22409,05/2014,2014,No,2014-05-01,24173,47.404405,46.394405,47.404405,9371.81,12.0,47.404405,46.394405,47.404405,False,44,38.96,-95.25,27149,55351,6,Kansas,KS,Midwest,True,38.0,30–39,$23k–$28k,$45k–$58k,6+,Debit,Mastercard debit,2014,Extra card,,$20k–$27k
5243,1458,Mastercard,Debit,5016909247780196,06/2020,479,NO,2,11094,10/2011,2011,No,2011-10-01,24142,42.454055,41.184055,42.454055,8298.11,12.0,42.454055,41.184055,42.454055,False,32,30.06,-89.93,17536,35755,4,Louisiana,LA,South,True,24.0,Under 30,$16k–$19k,$30k–$37k,4,Debit,Mastercard debit,2011,Extra card,,$0k–$12k
4814,1458,Mastercard,Debit,5793823082189569,01/2020,210,YES,1,7535,09/2011,2011,No,2011-09-01,24141,46.63574,43.73574,46.63574,11806.48,12.0,46.63574,43.73574,46.63574,False,32,30.06,-89.93,17536,35755,4,Louisiana,LA,South,True,24.0,Under 30,$16k–$19k,$30k–$37k,4,Debit,Mastercard debit,2011,Extra card,,$0k–$12k
5741,976,Visa,Debit,4097569831392145,07/2022,289,YES,1,24296,11/2018,2018,No,2018-11-01,24227,50.889605,48.309605,50.889605,9482.21,12.0,50.889605,48.309605,50.889605,False,67,41.09,-73.42,30736,62669,5,Connecticut,CT,Northeast,True,66.0,60–69,$28k–$163k,$58k–$280k,5,Debit,Visa debit,2018,Extra card,,$20k–$27k
6048,976,Mastercard,Debit,5966652632775568,05/2023,536,YES,1,20816,12/2011,2011,No,2011-12-01,24144,67.55148,66.37148,67.55148,13296.96,12.0,67.55148,66.37148,67.55148,False,67,41.09,-73.42,30736,62669,5,Connecticut,CT,Northeast,True,59.0,50–59,$28k–$163k,$58k–$280k,5,Debit,Mastercard debit,2011,Extra card,,$20k–$27k
3988,983,Visa,Debit,4832794053001176,11/2021,588,YES,1,20839,07/2011,2011,No,2011-07-01,24139,82.53574,78.67574,82.53574,15892.48,12.0,82.53574,78.67574,82.53574,False,77,43.45,-76.5,20447,47993,5,New York,NY,Northeast,True,68.0,60–69,$19k–$23k,$45k–$58k,5,Debit,Visa debit,2011,Extra card,,$20k–$27k
5333,983,Visa,Debit,4481338830716771,10/2022,467,YES,1,28004,10/2018,2018,No,2018-10-01,24226,66.90505999999999,61.26506,66.90505999999999,11058.12,12.0,66.90505999999999,61.26506,66.90505999999999,False,77,43.45,-76.5,20447,47993,5,New York,NY,Northeast,True,76.0,70+,$19k–$23k,$45k–$58k,5,Debit,Visa debit,2018,Extra card,,$27k–$138k
6049,983,Mastercard,Debit,5146883948059613,06/2018,867,YES,2,13657,12/2011,2011,No,2011-12-01,24144,63.206195,59.676195,63.206195,13600.39,12.0,63.206195,59.676195,63.206195,False,77,43.45,-76.5,20447,47993,5,New York,NY,Northeast,True,69.0,60–69,$19k–$23k,$45k–$58k,5,Debit,Mastercard debit,2011,Extra card,,$12k–$16k
3527,287,Mastercard,Debit,5291762862057509,10/2020,269,YES,1,26425,06/2011,2011,No,2011-06-01,24138,72.388145,68.678145,72.388145,9413.29,12.0,72.388145,68.678145,72.388145,False,42,29.31,-95.01,21178,43181,3,Texas,TX,South,True,33.0,30–39,$19k–$23k,$37k–$45k,3,Debit,Mastercard debit,2011,Extra card,,$20k–$27k
4418,1857,Visa,Debit,4568370619528049,07/2023,983,YES,1,47684,08/2013,2013,No,2013-08-01,24164,88.608965,86.998965,88.608965,18180.93,12.0,88.608965,86.998965,88.608965,False,32,40.77,-74.39,47698,97248,5,New Jersey,NJ,Northeast,True,26.0,Under 30,$28k–$163k,$58k–$280k,5,Debit,Visa debit,2013,Extra card,,$27k–$138k
4015,1857,Visa,Credit,4915308819332544,05/2023,776,YES,2,10700,07/2013,2013,No,2013-07-01,24163,359.12394,330.32394,359.12394,20474.33,12.0,359.12394,330.32394,359.12394,False,32,40.77,-74.39,47698,97248,5,New Jersey,NJ,Northeast,True,25.0,Under 30,$28k–$163k,$58k–$280k,5,Credit,Visa credit,2013,Extra card,$9k–$11k,
4785,408,Mastercard,Debit,5335828686031643,02/2015,167,YES,2,785,09/2010,2010,No,2010-09-01,24129,128.733845,126.463845,128.733845,28217.69,12.0,128.733845,126.463845,128.733845,False,58,45.4,-91.84,15371,31343,3,Wisconsin,WI,Midwest,True,49.0,40–49,$0k–$16k,$30k–$37k,3,Debit,Mastercard debit,2010,Extra card,,$0k–$12k
3528,173,Mastercard,Debit,5072626821657978,08/2022,701,YES,2,14701,06/2011,2011,No,2011-06-01,24138,185.949605,180.829605,185.949605,54724.21,12.0,185.949605,180.829605,185.949605,False,63,32.45,-99.73,16665,30399,4,Texas,TX,South,True,54.0,50–59,$16k–$19k,$0k–$30k,4,Debit,Mastercard debit,2011,Extra card,,$12k–$16k
3066,173,Mastercard,Debit (Prepaid),5926977700240338,12/2021,508,YES,2,44,05/2010,2010,No,2010-05-01,24125,0.0,0.0,1.68975,19.5,7.0,0.0,0.0,1.68975,False,63,32.45,-99.73,16665,30399,4,Texas,TX,South,True,53.0,50–59,$16k–$19k,$0k–$30k,4,Prepaid,Mastercard prepaid,2010,Extra card,,
4826,1787,Visa,Debit,4230041150211486,07/2024,872,YES,1,37338,09/2011,2011,No,2011-09-01,24141,91.90644,91.63644,91.90644,16804.88,12.0,91.90644,91.63644,91.90644,False,52,38.04,-84.45,28583,58278,6,Kentucky,KY,South,True,44.0,40–49,$28k–$163k,$58k–$280k,6+,Debit,Visa debit,2011,Extra card,,$27k–$138k
5265,1988,Visa,Debit,4359389213795356,10/2023,546,YES,1,37318,10/2012,2012,No,2012-10-01,24154,74.3944,73.5544,74.3944,19496.8,12.0,74.3944,73.5544,74.3944,False,59,25.77,-80.2,53676,109440,5,Florida,FL,South,True,52.0,50–59,$28k–$163k,$58k–$280k,5,Debit,Visa debit,2012,Extra card,,$27k–$138k
3100,1988,Mastercard,Debit,5565968548709329,07/2024,877,YES,2,30024,05/2011,2011,No,2011-05-01,24137,161.476285,158.926285,161.476285,53677.57,12.0,161.476285,158.926285,161.476285,False,59,25.77,-80.2,53676,109440,5,Florida,FL,South,True,50.0,50–59,$28k–$163k,$58k–$280k,5,Debit,Mastercard debit,2011,Extra card,,$27k–$138k
6063,1988,Visa,Credit,4610405635857644,10/2019,524,YES,2,37400,12/2011,2011,No,2011-12-01,24144,1344.9006000000002,1306.0206,1344.9006000000002,77150.7,12.0,1344.9006000000002,1306.0206,1344.9006000000002,False,59,25.77,-80.2,53676,109440,5,Florida,FL,South,True,51.0,50–59,$28k–$163k,$58k–$280k,5,Credit,Visa credit,2011,Extra card,$15k–$98k,
4352,1250,Visa,Debit,4009698492021262,04/2021,907,YES,2,16261,08/2010,2016,No,2010-08-01,24128,46.33545,45.67545,46.33545,4108.9,12.0,46.33545,45.67545,46.33545,False,85,40.01,-78.36,15262,38499,5,Pennsylvania,PA,Northeast,True,76.0,70+,$0k–$16k,$37k–$45k,5,Debit,Visa debit,2010,Extra card,,$16k–$20k
314,1202,Mastercard,Debit,5905486726598062,10/2014,426,YES,1,1,01/2013,2013,No,2013-01-01,24157,1.05155,1.05155,1.05155,3.1,4.0,1.05155,1.05155,1.05155,False,63,41.83,-87.68,0,4,3,Illinois,IL,Midwest,True,56.0,50–59,$0k–$16k,$0k–$30k,3,Debit,Mastercard debit,2013,Extra card,,$0k–$12k
4438,1202,Visa,Debit,4367131765938550,12/2023,935,NO,2,1,08/2014,2014,No,2014-08-01,24176,0.63101,0.63101,0.63101,2.02,3.0,0.63101,0.63101,0.63101,False,63,41.83,-87.68,0,4,3,Illinois,IL,Midwest,True,58.0,50–59,$0k–$16k,$0k–$30k,3,Debit,Visa debit,2014,Extra card,,$0k–$12k
1333,235,Visa,Debit,4870540675741457,04/2024,716,YES,1,15578,02/2013,2013,No,2013-02-01,24158,63.938565,61.978565,63.938565,8107.13,12.0,63.938565,61.978565,63.938565,False,32,40.71,-73.99,23874,48676,4,New York,NY,Northeast,True,25.0,Under 30,$23k–$28k,$45k–$58k,4,Debit,Visa debit,2013,Extra card,,$12k–$16k
6064,235,Visa,Credit,4112534725146358,10/2018,18,YES,1,25300,12/2011,2017,No,2011-12-01,24144,434.24586,342.08586,434.24586,26254.77,12.0,434.24586,342.08586,434.24586,False,32,40.71,-73.99,23874,48676,4,New York,NY,Northeast,True,24.0,Under 30,$23k–$28k,$45k–$58k,4,Credit,Visa credit,2011,Extra card,$15k–$98k,
4757,1766,Amex,Credit,304236119500152,08/2020,954,YES,1,8200,09/2010,2012,No,2010-09-01,24129,122.00022,118.04022,122.00022,6777.79,12.0,217.00022,213.04022,217.00022,False,62,43.06,-87.96,9995,20377,4,Wisconsin,WI,Midwest,True,53.0,50–59,$0k–$16k,$0k–$30k,4,Credit,Amex credit,2010,Extra card,$6k–$9k,
5665,1702,Visa,Debit,4765160616096366,05/2022,140,YES,2,23343,11/2011,2011,No,2011-11-01,24143,50.23724,48.76724,50.23724,11588.48,12.0,50.23724,48.76724,50.23724,False,53,33.99,-117.53,19851,40470,5,California,CA,West,True,45.0,40–49,$19k–$23k,$37k–$45k,5,Debit,Visa debit,2011,Extra card,,$20k–$27k
5244,1702,Mastercard,Debit,5754587881449040,11/2021,859,YES,2,18624,10/2011,2011,No,2011-10-01,24142,58.50625,55.84625,58.50625,11985.5,12.0,58.50625,55.84625,58.50625,False,53,33.99,-117.53,19851,40470,5,California,CA,West,True,45.0,40–49,$19k–$23k,$37k–$45k,5,Debit,Mastercard debit,2011,Extra card,,$16k–$20k
2755,1702,Visa,Debit,4044157806268502,07/2020,642,YES,1,15145,04/2015,2015,No,2015-04-01,24184,40.937405,39.727405,40.937405,9647.81,12.0,40.937405,39.727405,40.937405,False,53,33.99,-117.53,19851,40470,5,California,CA,West,True,48.0,40–49,$19k–$23k,$37k–$45k,5,Debit,Visa debit,2015,Extra card,,$12k–$16k
2701,1702,Mastercard,Debit,5717363470674555,02/2020,98,YES,2,22787,04/2012,2012,No,2012-04-01,24148,48.08068,46.61068,48.08068,10512.36,12.0,48.08068,46.61068,48.08068,False,53,33.99,-117.53,19851,40470,5,California,CA,West,True,45.0,40–49,$19k–$23k,$37k–$45k,5,Debit,Mastercard debit,2012,Extra card,,$20k–$27k
4842,1142,Visa,Credit,4380226554679223,09/2022,593,YES,2,20600,09/2012,2012,No,2012-09-01,24153,697.97718,668.81718,697.97718,42076.51,12.0,697.97718,668.81718,697.97718,False,52,42.15,-71.13,38878,79272,3,Massachusetts,MA,Northeast,True,45.0,40–49,$28k–$163k,$58k–$280k,3,Credit,Visa credit,2012,Extra card,$15k–$98k,
1294,48,Visa,Debit,4441378583955445,12/2022,568,YES,2,15018,02/2011,2011,No,2011-02-01,24134,60.42683,60.42683,60.42683,13447.66,12.0,60.42683,60.42683,60.42683,False,69,35.11,-106.62,20993,16542,3,New Mexico,NM,West,True,60.0,60–69,$19k–$23k,$0k–$30k,3,Debit,Visa debit,2011,Extra card,,$12k–$16k
6110,1582,Mastercard,Debit,5266773834736915,10/2021,593,YES,2,31292,12/2015,2015,No,2015-12-01,24192,250.84099,241.16099,250.84099,66489.98,12.0,250.84099,241.16099,250.84099,True,23,36.46,-121.82,29174,59479,1,California,CA,West,True,19.0,Under 30,$28k–$163k,$58k–$280k,1,Debit,Mastercard debit,2015,Customer's first card,,$27k–$138k
4049,1862,Visa,Credit,4495571717001479,09/2023,778,YES,2,10200,07/2016,2016,No,2016-07-01,24199,599.99058,531.59058,599.99058,36503.81,12.0,599.99058,531.59058,599.99058,True,25,41.57,-93.61,18568,37864,1,Iowa,IA,Midwest,True,21.0,Under 30,$16k–$19k,$37k–$45k,1,Credit,Visa credit,2016,Customer's first card,$9k–$11k,
4038,277,Mastercard,Debit,5898229848182386,04/2024,150,YES,1,12457,07/2015,2015,No,2015-07-01,24187,49.642035,49.152035,49.642035,5429.07,12.0,49.642035,49.152035,49.642035,False,46,33.77,-89.81,15568,31739,5,Mississippi,MS,South,True,41.0,40–49,$0k–$16k,$30k–$37k,5,Debit,Mastercard debit,2015,Extra card,,$12k–$16k
2350,277,Visa,Debit (Prepaid),4591853850857691,10/2020,593,YES,1,145,03/2015,2015,No,2015-03-01,24183,0.0,0.0,52.400965,4663.93,12.0,0.0,0.0,52.400965,False,46,33.77,-89.81,15568,31739,5,Mississippi,MS,South,True,41.0,40–49,$0k–$16k,$30k–$37k,5,Prepaid,Visa prepaid,2015,Extra card,,
5315,772,Mastercard,Debit,5247649544056704,09/2021,162,YES,1,38814,10/2016,2016,No,2016-10-01,24202,71.30481,69.53481,71.30481,14413.62,12.0,71.30481,69.53481,71.30481,False,62,45.47,-122.37,22599,46075,3,Oregon,OR,West,True,59.0,50–59,$19k–$23k,$45k–$58k,3,Debit,Mastercard debit,2016,Extra card,,$27k–$138k
4858,772,Mastercard,Debit,5073215069137256,12/2024,541,YES,1,15297,09/2013,2013,No,2013-09-01,24165,108.643955,106.473955,108.643955,25869.91,12.0,108.643955,106.473955,108.643955,False,62,45.47,-122.37,22599,46075,3,Oregon,OR,West,True,56.0,50–59,$19k–$23k,$45k–$58k,3,Debit,Mastercard debit,2013,Extra card,,$12k–$16k
3584,1429,Mastercard,Debit,5192728051393602,06/2024,461,YES,1,13201,06/2014,2014,No,2014-06-01,24174,92.149615,85.289615,92.149615,16800.23,12.0,92.149615,85.289615,92.149615,False,62,39.76,-104.87,16459,33556,4,Colorado,CO,West,True,56.0,50–59,$16k–$19k,$30k–$37k,4,Debit,Mastercard debit,2014,Extra card,,$12k–$16k
3140,1429,Visa,Debit,4846690288981542,03/2015,677,YES,1,12353,05/2013,2013,No,2013-05-01,24161,114.403075,107.063075,114.403075,22541.15,12.0,114.403075,107.063075,114.403075,False,62,39.76,-104.87,16459,33556,4,Colorado,CO,West,True,55.0,50–59,$16k–$19k,$30k–$37k,4,Debit,Visa debit,2013,Extra card,,$12k–$16k
3560,1429,Visa,Debit,4981608124910367,02/2024,782,YES,1,18223,06/2012,2012,No,2012-06-01,24150,186.623665,171.283665,186.623665,39743.33,12.0,186.623665,171.283665,186.623665,True,62,39.76,-104.87,16459,33556,4,Colorado,CO,West,True,54.0,50–59,$16k–$19k,$30k–$37k,4,Debit,Visa debit,2012,Customer's first card,,$16k–$20k
2378,1429,Visa,Debit,4284692836848156,02/2020,396,YES,1,18757,03/2018,2018,No,2018-03-01,24219,81.17537999999999,76.23537999999999,81.17537999999999,14842.76,12.0,81.17537999999999,76.23537999999999,81.17537999999999,False,62,39.76,-104.87,16459,33556,4,Colorado,CO,West,True,60.0,60–69,$16k–$19k,$30k–$37k,4,Debit,Visa debit,2018,Extra card,,$16k–$20k
4332,1228,Mastercard,Credit,5961782216187026,11/2024,810,YES,1,7600,08/2010,2010,No,2010-08-01,24128,321.63048,314.43048,321.63048,19691.36,12.0,321.63048,314.43048,321.63048,False,54,30.26,-97.74,23287,47482,5,Texas,TX,South,True,45.0,40–49,$23k–$28k,$45k–$58k,5,Credit,Mastercard credit,2010,Extra card,$6k–$9k,
5273,1228,Mastercard,Debit,5898436387057618,10/2022,793,YES,1,17832,10/2013,2013,No,2013-10-01,24166,45.0168,44.5468,45.0168,5486.6,12.0,45.0168,44.5468,45.0168,False,54,30.26,-97.74,23287,47482,5,Texas,TX,South,True,48.0,40–49,$23k–$28k,$45k–$58k,5,Debit,Mastercard debit,2013,Extra card,,$16k–$20k
4419,1228,Visa,Debit,4499077671227490,02/2021,551,NO,1,30393,08/2013,2013,No,2013-08-01,24164,51.00858,50.03858,51.00858,6262.16,12.0,51.00858,50.03858,51.00858,False,54,30.26,-97.74,23287,47482,5,Texas,TX,South,True,48.0,40–49,$23k–$28k,$45k–$58k,5,Debit,Visa debit,2013,Extra card,,$27k–$138k
4472,1759,Mastercard,Debit,5582577330932323,01/2024,605,YES,2,14801,08/2018,2018,No,2018-08-01,24224,90.877805,89.617805,90.877805,11938.61,12.0,90.877805,89.617805,90.877805,False,87,33.27,-117.28,22270,33279,6,California,CA,West,True,86.0,70+,$19k–$23k,$30k–$37k,6+,Debit,Mastercard debit,2018,Extra card,,$12k–$16k
377,1759,Visa,Debit,4056761456617104,06/2023,343,YES,2,15773,01/2018,2018,No,2018-01-01,24217,123.68362,121.46362,123.68362,16622.24,12.0,123.68362,121.46362,123.68362,False,87,33.27,-117.28,22270,33279,6,California,CA,West,True,85.0,70+,$19k–$23k,$30k–$37k,6+,Debit,Visa debit,2018,Extra card,,$12k–$16k
266,1759,Discover,Credit,6451744848809895,10/2023,409,YES,1,12300,01/2011,2011,No,2011-01-01,24133,220.76406,212.48406,220.76406,13553.67,12.0,220.76406,212.48406,220.76406,False,87,33.27,-117.28,22270,33279,6,California,CA,West,True,78.0,70+,$19k–$23k,$30k–$37k,6+,Credit,Discover credit,2011,Extra card,$11k–$15k,
3588,1058,Visa,Credit,4970700220086771,08/2014,312,YES,2,8000,06/2014,2014,No,2014-06-01,24174,41.5845,39.064499999999995,41.5845,2578.25,4.0,41.5845,39.064499999999995,41.5845,False,61,36.18,-87.34,17261,35196,4,Tennessee,TN,South,True,55.0,50–59,$16k–$19k,$30k–$37k,4,Credit,Visa credit,2014,Extra card,$6k–$9k,
277,1730,Mastercard,Debit,5016922849464007,12/2020,869,YES,1,25429,01/2011,2011,No,2011-01-01,24133,215.410075,207.600075,215.410075,32834.15,12.0,215.410075,207.600075,215.410075,True,52,40.71,-74.06,21642,44128,3,New Jersey,NJ,Northeast,True,43.0,40–49,$19k–$23k,$37k–$45k,3,Debit,Mastercard debit,2011,Customer's first card,,$20k–$27k
357,1730,Mastercard,Debit,5618794869367731,02/2021,271,YES,1,16925,01/2016,2016,No,2016-01-01,24193,94.114285,93.344285,94.114285,9533.57,12.0,94.114285,93.344285,94.114285,False,52,40.71,-74.06,21642,44128,3,New Jersey,NJ,Northeast,True,48.0,40–49,$19k–$23k,$37k–$45k,3,Debit,Mastercard debit,2016,Extra card,,$16k–$20k
5281,1730,Visa,Debit,4084042364575576,06/2023,24,YES,1,19450,10/2013,2013,No,2013-10-01,24166,131.477045,129.117045,131.477045,16079.09,12.0,131.477045,129.117045,131.477045,False,52,40.71,-74.06,21642,44128,3,New Jersey,NJ,Northeast,True,46.0,40–49,$19k–$23k,$37k–$45k,3,Debit,Visa debit,2013,Extra card,,$16k–$20k
3483,895,Mastercard,Debit,5670044732419726,05/2024,368,NO,2,12100,06/2010,2015,No,2010-06-01,24126,58.089145,54.589145,58.089145,11337.29,12.0,58.089145,54.589145,58.089145,False,46,34.23,-116.86,15515,31632,3,California,CA,West,True,36.0,30–39,$0k–$16k,$30k–$37k,3,Debit,Mastercard debit,2010,Extra card,,$12k–$16k
4333,1556,Mastercard,Debit,5225389722526534,09/2023,891,YES,2,24772,08/2010,2010,No,2010-08-01,24128,83.56023499999999,72.430235,83.56023499999999,28792.47,12.0,83.56023499999999,72.430235,83.56023499999999,False,30,46.8,-100.76,23679,48277,4,North Dakota,ND,Midwest,True,21.0,Under 30,$23k–$28k,$45k–$58k,4,Debit,Mastercard debit,2010,Extra card,,$20k–$27k
5321,1972,Amex,Credit,337919115553710,02/2020,7,YES,2,4000,10/2017,2017,No,2017-10-01,24214,76.30866,76.30866,76.30866,5450.37,12.0,171.30866,171.30866,171.30866,False,73,41.47,-81.67,9389,13089,4,Ohio,OH,Midwest,True,71.0,70+,$0k–$16k,$0k–$30k,4,Credit,Amex credit,2017,Extra card,$0k–$6k,
4041,86,Visa,Debit,4293438216088430,04/2022,847,YES,1,7967,07/2015,2015,No,2015-07-01,24187,184.23112,171.00112,184.23112,30649.24,12.0,184.23112,171.00112,184.23112,True,24,33.0,-81.3,11384,23212,3,South Carolina,SC,South,True,19.0,Under 30,$0k–$16k,$0k–$30k,3,Debit,Visa debit,2015,Customer's first card,,$0k–$12k
3178,86,Mastercard,Debit,5738889921774670,06/2019,261,YES,2,12490,05/2016,2016,No,2016-05-01,24197,102.26353,96.73353,102.26353,14374.06,12.0,102.26353,96.73353,102.26353,False,24,33.0,-81.3,11384,23212,3,South Carolina,SC,South,True,20.0,Under 30,$0k–$16k,$0k–$30k,3,Debit,Mastercard debit,2016,Extra card,,$12k–$16k
6115,921,Visa,Debit,4816027381867141,11/2023,163,YES,1,22704,12/2015,2015,No,2015-12-01,24192,44.588195,44.338195,44.588195,12398.39,12.0,44.588195,44.338195,44.588195,False,74,42.98,-77.67,26072,54013,8,New York,NY,Northeast,True,70.0,70+,$23k–$28k,$45k–$58k,6+,Debit,Visa debit,2015,Extra card,,$20k–$27k
3537,921,Visa,Debit,4226627955079711,10/2024,874,YES,1,24069,06/2011,2011,No,2011-06-01,24138,69.484335,69.234335,69.484335,19620.67,12.0,69.484335,69.234335,69.484335,False,74,42.98,-77.67,26072,54013,8,New York,NY,Northeast,True,65.0,60–69,$23k–$28k,$45k–$58k,6+,Debit,Visa debit,2011,Extra card,,$20k–$27k
3135,921,Mastercard,Debit,5415658075753990,03/2024,112,YES,1,41714,05/2013,2013,No,2013-05-01,24161,51.251864999999995,50.991865,51.251864999999995,14011.73,12.0,51.251864999999995,50.991865,51.251864999999995,False,74,42.98,-77.67,26072,54013,8,New York,NY,Northeast,True,67.0,60–69,$23k–$28k,$45k–$58k,6+,Debit,Mastercard debit,2013,Extra card,,$27k–$138k
2718,921,Mastercard,Debit,5838395313903974,06/2024,439,NO,1,21466,04/2013,2013,No,2013-04-01,24160,57.970465,57.716425,57.970465,16179.93,12.0,57.970465,57.716425,57.970465,False,74,42.98,-77.67,26072,54013,8,New York,NY,Northeast,True,67.0,60–69,$23k–$28k,$45k–$58k,6+,Debit,Mastercard debit,2013,Extra card,,$20k–$27k
6013,1254,Mastercard,Debit,5488341441971894,11/2014,689,YES,2,14934,12/2010,2010,No,2010-12-01,24132,37.30443,35.46443,37.30443,4481.86,12.0,37.30443,35.46443,37.30443,False,61,40.12,-88.64,16978,34619,5,Illinois,IL,Midwest,True,52.0,50–59,$16k–$19k,$30k–$37k,5,Debit,Mastercard debit,2010,Extra card,,$12k–$16k
5616,1254,Mastercard,Debit,5141901041171975,11/2024,270,YES,1,20294,11/2010,2010,No,2010-11-01,24131,37.294615,34.994614999999996,37.294615,4319.23,12.0,37.294615,34.994614999999996,37.294615,False,61,40.12,-88.64,16978,34619,5,Illinois,IL,Midwest,True,52.0,50–59,$16k–$19k,$30k–$37k,5,Debit,Mastercard debit,2010,Extra card,,$20k–$27k
4052,212,Amex,Credit,388351194080812,07/2023,188,YES,2,900,07/2017,2017,No,2017-07-01,24211,163.85418,156.29418,163.85418,10304.01,12.0,258.85418,251.29418,258.85418,False,52,32.79,-96.76,13799,28137,6,Texas,TX,South,True,49.0,40–49,$0k–$16k,$0k–$30k,6+,Credit,Amex credit,2017,Extra card,$0k–$6k,
1382,1118,Visa,Debit,4336190352382282,10/2024,795,NO,1,26206,02/2018,2018,No,2018-02-01,24218,60.196805,59.916805,60.196805,16291.61,12.0,60.196805,59.916805,60.196805,False,25,34.06,-118.35,40761,83104,5,California,CA,West,True,23.0,Under 30,$28k–$163k,$58k–$280k,5,Debit,Visa debit,2018,Extra card,,$20k–$27k
5274,1118,Mastercard,Debit,5381899309871296,04/2021,179,YES,1,31113,10/2013,2013,No,2013-10-01,24166,226.63232,224.94232,226.63232,98836.64,12.0,226.63232,224.94232,226.63232,True,25,34.06,-118.35,40761,83104,5,California,CA,West,True,19.0,Under 30,$28k–$163k,$58k–$280k,5,Debit,Mastercard debit,2013,Customer's first card,,$27k–$138k
362,1118,Visa,Credit,4833091752929426,06/2023,461,YES,1,17100,01/2017,2017,No,2017-01-01,24205,1169.52894,1160.88894,1169.52894,69307.83,12.0,1169.52894,1160.88894,1169.52894,False,25,34.06,-118.35,40761,83104,5,California,CA,West,True,22.0,Under 30,$28k–$163k,$58k–$280k,5,Credit,Visa credit,2017,Extra card,$15k–$98k,
3200,1274,Amex,Credit,350211718386898,12/2024,981,YES,2,10700,05/2018,2018,No,2018-05-01,24221,1110.5199,1089.2799,1110.5199,64784.55,12.0,1205.5199,1184.2799,1205.5199,False,49,41.95,-71.7,24260,49464,6,Rhode Island,RI,Northeast,True,47.0,40–49,$23k–$28k,$45k–$58k,6+,Credit,Amex credit,2018,Extra card,$9k–$11k,
3149,1274,Mastercard,Debit,5973716612118375,09/2023,38,YES,1,18573,05/2014,2014,No,2014-05-01,24173,86.01246,84.78246,86.01246,22420.92,12.0,86.01246,84.78246,86.01246,False,49,41.95,-71.7,24260,49464,6,Rhode Island,RI,Northeast,True,43.0,40–49,$23k–$28k,$45k–$58k,6+,Debit,Mastercard debit,2014,Extra card,,$16k–$20k
234,1453,Mastercard,Debit,5453158719013768,11/2011,732,YES,2,4136,01/2010,2010,No,2010-01-01,24121,248.303505,241.703505,248.303505,31207.01,12.0,248.303505,241.703505,248.303505,False,37,33.73,-87.28,17716,36122,2,Alabama,AL,South,True,27.0,Under 30,$16k–$19k,$30k–$37k,2,Debit,Mastercard debit,2010,Extra card,,$0k–$12k
3603,1903,Visa,Credit,4785997992808667,07/2015,707,YES,2,12700,06/2015,2015,No,2015-06-01,24186,38.95272,38.23272,38.95272,2164.04,2.0,38.95272,38.23272,38.95272,False,50,47.68,-122.38,35031,71427,3,Washington,WA,West,True,45.0,40–49,$28k–$163k,$58k–$280k,3,Credit,Visa credit,2015,Extra card,$11k–$15k,
3568,1903,Mastercard,Debit,5809711099663265,05/2020,678,YES,1,54517,06/2013,2013,No,2013-06-01,24162,210.507855,208.847855,210.507855,32479.71,12.0,210.507855,208.847855,210.507855,False,50,47.68,-122.38,35031,71427,3,Washington,WA,West,True,43.0,40–49,$28k–$163k,$58k–$280k,3,Debit,Mastercard debit,2013,Extra card,,$27k–$138k
3085,604,Amex,Credit,359466340825605,11/2024,426,YES,1,16000,05/2011,2011,No,2011-05-01,24137,489.17772,481.61772,489.17772,29288.54,12.0,584.17772,576.61772,584.17772,False,60,39.84,-75.71,34744,70840,4,Pennsylvania,PA,Northeast,True,51.0,50–59,$28k–$163k,$58k–$280k,4,Credit,Amex credit,2011,Extra card,$15k–$98k,
4369,604,Mastercard,Debit,5415760158214134,02/2020,464,NO,2,30713,08/2011,2016,No,2011-08-01,24140,44.696705,42.626705,44.696705,11029.41,12.0,44.696705,42.626705,44.696705,False,60,39.84,-75.71,34744,70840,4,Pennsylvania,PA,Northeast,True,52.0,50–59,$28k–$163k,$58k–$280k,4,Debit,Mastercard debit,2011,Extra card,,$27k–$138k
256,1470,Visa,Debit,4474584531104236,07/2020,20,NO,2,3365,01/2010,2010,No,2010-01-01,24121,45.88666,42.52666,45.88666,7266.32,12.0,45.88666,42.52666,45.88666,False,88,30.79,-98.43,13088,22371,4,Texas,TX,South,True,78.0,70+,$0k–$16k,$0k–$30k,4,Debit,Visa debit,2010,Extra card,,$0k–$12k
2280,1470,Mastercard,Debit,5190888323082478,08/2020,16,YES,1,14856,03/2011,2011,No,2011-03-01,24135,33.841184999999996,31.531185,33.841184999999996,4682.37,12.0,33.841184999999996,31.531185,33.841184999999996,False,88,30.79,-98.43,13088,22371,4,Texas,TX,South,True,79.0,70+,$0k–$16k,$0k–$30k,4,Debit,Mastercard debit,2011,Extra card,,$12k–$16k
4050,1856,Visa,Debit (Prepaid),4561317376278700,06/2023,420,YES,1,85,07/2016,2016,No,2016-07-01,24199,0.0,0.0,55.76101,5741.02,12.0,0.0,0.0,55.76101,False,51,34.93,-78.72,18376,37467,4,North Carolina,NC,South,True,47.0,40–49,$16k–$19k,$37k–$45k,4,Prepaid,Visa prepaid,2016,Extra card,,
3939,1856,Mastercard,Credit,5507421180744978,07/2018,551,YES,1,10600,07/2010,2013,No,2010-07-01,24127,298.12914,294.88914,298.12914,17332.73,12.0,298.12914,294.88914,298.12914,False,51,34.93,-78.72,18376,37467,4,North Carolina,NC,South,True,41.0,40–49,$16k–$19k,$37k–$45k,4,Credit,Mastercard credit,2010,Extra card,$9k–$11k,
257,1856,Visa,Debit,4766091276666910,03/2016,750,YES,2,3909,01/2010,2010,No,2010-01-01,24121,85.32216,84.33216,85.32216,15221.32,12.0,85.32216,84.33216,85.32216,False,51,34.93,-78.72,18376,37467,4,North Carolina,NC,South,True,41.0,40–49,$16k–$19k,$37k–$45k,4,Debit,Visa debit,2010,Extra card,,$0k–$12k
4786,674,Mastercard,Debit,5296739757506993,02/2021,637,YES,1,1407,09/2010,2018,No,2010-09-01,24129,52.058685,51.818684999999995,52.058685,4781.37,12.0,52.058685,51.818684999999995,52.058685,False,63,32.73,-117.08,13805,28147,7,California,CA,West,True,54.0,50–59,$0k–$16k,$0k–$30k,6+,Debit,Mastercard debit,2010,Extra card,,$0k–$12k
2680,674,Mastercard,Debit,5317549941978668,04/2013,455,YES,2,11402,04/2011,2011,No,2011-04-01,24136,40.02285,38.83285,40.02285,3605.7,12.0,40.02285,38.83285,40.02285,False,63,32.73,-117.08,13805,28147,7,California,CA,West,True,54.0,50–59,$0k–$16k,$0k–$30k,6+,Debit,Mastercard debit,2011,Extra card,,$0k–$12k
2651,209,Mastercard,Credit,5758229821813987,06/2020,759,YES,1,8900,04/2010,2010,No,2010-04-01,24124,72.91098,68.95098,72.91098,5020.610000000001,12.0,72.91098,68.95098,72.91098,False,61,31.65,-106.15,14322,29206,6,Texas,TX,South,True,51.0,50–59,$0k–$16k,$0k–$30k,6+,Credit,Mastercard credit,2010,Extra card,$9k–$11k,
258,209,Visa,Credit,4214239191578441,05/2020,231,YES,2,8700,01/2010,2010,No,2010-01-01,24121,112.16592,107.12592,112.16592,7622.44,12.0,112.16592,107.12592,112.16592,False,61,31.65,-106.15,14322,29206,6,Texas,TX,South,True,51.0,50–59,$0k–$16k,$0k–$30k,6+,Credit,Visa credit,2010,Extra card,$9k–$11k,
3038,1633,Amex,Credit,356560829047775,06/2020,388,NO,1,15000,05/2010,2015,No,2010-05-01,24125,313.7535,312.3135,313.7535,19025.75,12.0,408.7535,407.3135,408.7535,False,36,33.38,-111.87,21053,42927,4,Arizona,AZ,West,True,26.0,Under 30,$19k–$23k,$37k–$45k,4,Credit,Amex credit,2010,Extra card,$15k–$98k,
2729,827,Mastercard,Credit,5246519897413642,05/2024,408,YES,2,7100,04/2014,2014,No,2014-04-01,24172,163.21554,140.89554,163.21554,9377.53,12.0,163.21554,140.89554,163.21554,False,61,43.1,-75.23,15194,30984,4,New York,NY,Northeast,True,55.0,50–59,$0k–$16k,$30k–$37k,4,Credit,Mastercard credit,2014,Extra card,$6k–$9k,
3958,414,Visa,Credit,4565053725687198,07/2018,13,YES,1,23500,07/2010,2010,No,2010-07-01,24127,967.74642,967.74642,967.74642,56344.69,12.0,967.74642,967.74642,967.74642,False,45,40.79,-74.47,55362,112875,2,New Jersey,NJ,Northeast,True,35.0,30–39,$28k–$163k,$58k–$280k,2,Credit,Visa credit,2010,Extra card,$15k–$98k,
235,1439,Mastercard,Debit,5289852815253246,11/2017,351,YES,2,10707,01/2010,2010,No,2010-01-01,24121,194.47594,178.48594,194.47594,19738.88,12.0,194.47594,178.48594,194.47594,True,28,36.19,-82.95,14406,29371,2,Tennessee,TN,South,True,18.0,Under 30,$0k–$16k,$0k–$30k,2,Debit,Mastercard debit,2010,Customer's first card,,$0k–$12k
6094,1439,Visa,Debit,4419147752018938,11/2022,287,YES,1,18945,12/2013,2013,No,2013-12-01,24168,118.07648,112.58648,118.07648,7700.96,12.0,118.07648,112.58648,118.07648,False,28,36.19,-82.95,14406,29371,2,Tennessee,TN,South,True,22.0,Under 30,$0k–$16k,$0k–$30k,2,Debit,Visa debit,2013,Extra card,,$16k–$20k
2246,843,Discover,Credit,6423950301741311,03/2023,419,YES,2,6600,03/2010,2011,No,2010-03-01,24123,254.6595,252.1395,254.6595,14522.75,12.0,254.6595,252.1395,254.6595,False,35,41.84,-87.75,13891,28325,6,Illinois,IL,Midwest,True,25.0,Under 30,$0k–$16k,$0k–$30k,6+,Credit,Discover credit,2010,Extra card,$6k–$9k,
4828,843,Visa,Debit,4761252332594713,03/2022,492,YES,1,11996,09/2011,2011,No,2011-09-01,24141,32.45914,32.22914,32.45914,5484.28,12.0,32.45914,32.22914,32.45914,False,35,41.84,-87.75,13891,28325,6,Illinois,IL,Midwest,True,27.0,Under 30,$0k–$16k,$0k–$30k,6+,Debit,Visa debit,2011,Extra card,,$12k–$16k
4370,843,Mastercard,Debit,5413297083203621,10/2021,231,YES,1,18026,08/2011,2011,No,2011-08-01,24140,31.6446,31.4046,31.6446,5608.2,12.0,31.6446,31.4046,31.6446,False,35,41.84,-87.75,13891,28325,6,Illinois,IL,Midwest,True,27.0,Under 30,$0k–$16k,$0k–$30k,6+,Debit,Mastercard debit,2011,Extra card,,$16k–$20k
2325,1008,Visa,Debit,4402133040036554,05/2022,178,YES,1,36515,03/2013,2013,No,2013-03-01,24159,114.81532,114.06532,114.81532,7909.639999999999,12.0,114.81532,114.06532,114.81532,False,52,41.83,-87.68,22296,45462,5,Illinois,IL,Midwest,True,45.0,40–49,$19k–$23k,$45k–$58k,5,Debit,Visa debit,2013,Extra card,,$27k–$138k
6036,1834,Amex,Credit,383502656475032,06/2022,767,YES,1,7300,12/2011,2011,No,2011-12-01,24144,132.38909999999998,120.1491,132.38909999999998,8288.95,12.0,227.3891,215.1491,227.3891,False,32,33.57,-101.87,17444,35565,3,Texas,TX,South,True,24.0,Under 30,$16k–$19k,$30k–$37k,3,Credit,Amex credit,2011,Extra card,$6k–$9k,
5617,1834,Mastercard,Credit,5754024281243654,03/2016,279,YES,1,3300,11/2010,2010,No,2010-11-01,24131,226.90062,207.46062,226.90062,14470.59,12.0,226.90062,207.46062,226.90062,False,32,33.57,-101.87,17444,35565,3,Texas,TX,South,True,23.0,Under 30,$16k–$19k,$30k–$37k,3,Credit,Mastercard credit,2010,Extra card,$0k–$6k,
5714,679,Visa,Debit (Prepaid),4448597956443991,11/2016,934,YES,2,73,11/2015,2015,No,2015-11-01,24191,0.0,0.0,29.483134999999997,2464.27,12.0,0.0,0.0,29.483134999999997,False,57,41.27,-80.13,16809,34272,4,Pennsylvania,PA,Northeast,True,53.0,50–59,$16k–$19k,$30k–$37k,4,Prepaid,Visa prepaid,2015,Extra card,,
5323,398,Mastercard,Debit,5449554854489393,02/2020,419,YES,1,15125,10/2017,2017,No,2017-10-01,24214,25.078615,22.868615,25.078615,6017.23,12.0,25.078615,22.868615,25.078615,False,49,38.51,-121.49,18344,37401,4,California,CA,West,True,47.0,40–49,$16k–$19k,$37k–$45k,4,Debit,Mastercard debit,2017,Extra card,,$12k–$16k
2337,398,Visa,Debit,4729603889258290,02/2020,830,YES,2,16472,03/2014,2014,No,2014-03-01,24171,45.011845,40.571845,45.011845,13737.69,12.0,45.011845,40.571845,45.011845,False,49,38.51,-121.49,18344,37401,4,California,CA,West,True,43.0,40–49,$16k–$19k,$37k–$45k,4,Debit,Visa debit,2014,Extra card,,$16k–$20k
3484,106,Mastercard,Debit,5834792674235708,05/2022,402,YES,1,9471,06/2010,2011,No,2010-06-01,24126,100.84302,98.78302,100.84302,8551.04,12.0,100.84302,98.78302,100.84302,False,52,39.77,-86.14,14691,29957,5,Indiana,IN,Midwest,True,42.0,40–49,$0k–$16k,$0k–$30k,5,Debit,Mastercard debit,2010,Extra card,,$0k–$12k
5310,106,Visa,Debit,4144242905302080,02/2024,279,YES,2,10331,10/2015,2015,No,2015-10-01,24190,63.91992,61.12992,63.91992,5582.84,12.0,63.91992,61.12992,63.91992,False,52,39.77,-86.14,14691,29957,5,Indiana,IN,Midwest,True,48.0,40–49,$0k–$16k,$0k–$30k,5,Debit,Visa debit,2015,Extra card,,$0k–$12k
5739,671,Mastercard,Credit,5667713745804706,02/2020,982,YES,1,8600,11/2018,2018,No,2018-11-01,24227,256.70718,218.54718,256.70718,15966.51,12.0,256.70718,218.54718,256.70718,False,37,35.93,-89.92,16689,34032,2,Arkansas,AR,South,True,36.0,30–39,$16k–$19k,$30k–$37k,2,Credit,Mastercard credit,2018,Extra card,$6k–$9k,
5715,855,Visa,Debit,4118028917520417,03/2022,471,YES,2,11928,11/2015,2015,No,2015-11-01,24191,40.65366,39.67366,40.65366,4983.32,12.0,40.65366,39.67366,40.65366,False,51,32.32,-90.2,11061,22557,5,Mississippi,MS,South,True,47.0,40–49,$0k–$16k,$0k–$30k,5,Debit,Visa debit,2015,Extra card,,$12k–$16k
2702,855,Mastercard,Debit,5060743978360454,08/2021,638,YES,2,13841,04/2012,2012,No,2012-04-01,24148,51.708685,49.448685,51.708685,5104.37,12.0,51.708685,49.448685,51.708685,False,51,32.32,-90.2,11061,22557,5,Mississippi,MS,South,True,43.0,40–49,$0k–$16k,$0k–$30k,5,Debit,Mastercard debit,2012,Extra card,,$12k–$16k
307,80,Visa,Credit,4281238011673204,06/2017,240,YES,2,2800,01/2012,2012,No,2012-01-01,24145,60.279300000000006,54.5193,60.279300000000006,4007.85,12.0,60.279300000000006,54.5193,60.279300000000006,False,82,41.01,-84.47,15090,21815,5,Ohio,OH,Midwest,True,74.0,70+,$0k–$16k,$0k–$30k,5,Credit,Visa credit,2012,Extra card,$0k–$6k,
2689,80,Visa,Debit,4321023718227210,02/2024,881,YES,1,13569,04/2011,2011,No,2011-04-01,24136,53.4689,50.7689,53.4689,6332.8,12.0,53.4689,50.7689,53.4689,False,82,41.01,-84.47,15090,21815,5,Ohio,OH,Midwest,True,73.0,70+,$0k–$16k,$0k–$30k,5,Debit,Visa debit,2011,Extra card,,$12k–$16k
6130,205,Visa,Debit,4705599888998828,05/2021,524,YES,2,25621,12/2016,2016,No,2016-12-01,24204,85.851345,83.771345,85.851345,16048.69,12.0,85.851345,83.771345,85.851345,False,38,47.65,-111.38,19560,39882,4,Montana,MT,West,True,35.0,30–39,$19k–$23k,$37k–$45k,4,Debit,Visa debit,2016,Extra card,,$20k–$27k
3620,205,Mastercard,Debit,5751244963755467,05/2024,167,YES,1,12193,06/2017,2017,No,2017-06-01,24210,58.289069999999995,55.17907,58.289069999999995,11507.14,12.0,58.289069999999995,55.17907,58.289069999999995,False,38,47.65,-111.38,19560,39882,4,Montana,MT,West,True,35.0,30–39,$19k–$23k,$37k–$45k,4,Debit,Mastercard debit,2017,Extra card,,$12k–$16k
3639,205,Visa,Debit,4209063259747210,07/2018,375,YES,1,14247,06/2018,2018,No,2018-06-01,24222,7.64433,6.85433,7.64433,1906.66,2.0,7.64433,6.85433,7.64433,False,38,47.65,-111.38,19560,39882,4,Montana,MT,West,True,36.0,30–39,$19k–$23k,$37k–$45k,4,Debit,Visa debit,2018,Extra card,,$12k–$16k
5266,1490,Visa,Debit,4020577124844597,04/2022,526,YES,1,22856,10/2012,2012,No,2012-10-01,24154,145.719205,139.839205,145.719205,22028.41,12.0,145.719205,139.839205,145.719205,False,30,39.86,-104.86,20522,41839,4,Colorado,CO,West,True,23.0,Under 30,$19k–$23k,$37k–$45k,4,Debit,Visa debit,2012,Extra card,,$20k–$27k
1369,1490,Visa,Debit,4033453235002124,01/2021,434,YES,1,20225,02/2016,2016,No,2016-02-01,24194,72.86902,69.82902,72.86902,9804.04,12.0,72.86902,69.82902,72.86902,False,30,39.86,-104.86,20522,41839,4,Colorado,CO,West,True,26.0,Under 30,$19k–$23k,$37k–$45k,4,Debit,Visa debit,2016,Extra card,,$20k–$27k
3591,1463,Mastercard,Debit,5462773776307346,02/2021,951,YES,2,22357,06/2015,2015,No,2015-06-01,24186,146.04147,128.72146999999998,146.04147,14689.94,12.0,146.04147,128.72146999999998,146.04147,False,80,42.15,-74.53,14515,9766,4,New York,NY,Northeast,True,75.0,70+,$0k–$16k,$0k–$30k,4,Debit,Mastercard debit,2015,Extra card,,$20k–$27k
5245,1463,Mastercard,Credit,5315038417328405,01/2022,772,YES,1,7700,10/2011,2011,No,2011-10-01,24142,544.0086,163.48860000000002,544.0086,31808.7,12.0,544.0086,163.48860000000002,544.0086,False,80,42.15,-74.53,14515,9766,4,New York,NY,Northeast,True,72.0,70+,$0k–$16k,$0k–$30k,4,Credit,Mastercard credit,2011,Extra card,$6k–$9k,
3542,1463,Amex,Credit,386623237356858,09/2023,553,NO,1,5100,06/2012,2012,No,2012-06-01,24150,324.33174,81.69174,324.33174,19252.43,12.0,419.33174,176.69173999999998,419.33174,False,80,42.15,-74.53,14515,9766,4,New York,NY,Northeast,True,72.0,70+,$0k–$16k,$0k–$30k,4,Credit,Amex credit,2012,Extra card,$0k–$6k,
2351,952,Visa,Debit,4295877159831914,02/2024,602,YES,1,58234,03/2015,2015,No,2015-03-01,24183,124.599125,121.909125,124.599125,46547.25,12.0,124.599125,121.909125,124.599125,False,29,42.31,-71.16,62177,126775,2,Massachusetts,MA,Northeast,True,24.0,Under 30,$28k–$163k,$58k–$280k,2,Debit,Visa debit,2015,Extra card,,$27k–$138k
1275,952,Mastercard,Debit,5357953507565192,07/2021,726,YES,2,76966,02/2011,2011,No,2011-02-01,24134,224.750135,219.920135,224.750135,93725.27,12.0,224.750135,219.920135,224.750135,True,29,42.31,-71.16,62177,126775,2,Massachusetts,MA,Northeast,True,20.0,Under 30,$28k–$163k,$58k–$280k,2,Debit,Mastercard debit,2011,Customer's first card,,$27k–$138k
3611,616,Mastercard,Credit,5046466769118356,05/2023,561,YES,2,4500,06/2016,2016,No,2016-06-01,24198,459.7119,388.4319,459.7119,31411.55,12.0,459.7119,388.4319,459.7119,True,45,32.19,-88.05,17076,34817,1,Alabama,AL,South,True,41.0,40–49,$16k–$19k,$30k–$37k,1,Credit,Mastercard credit,2016,Customer's first card,$0k–$6k,
6050,638,Mastercard,Debit,5689155673355585,07/2024,698,YES,1,25551,12/2011,2011,No,2011-12-01,24144,37.31904,35.11904,37.31904,12542.08,12.0,37.31904,35.11904,37.31904,False,65,41.54,-96.13,25102,16889,5,Nebraska,NE,Midwest,True,57.0,50–59,$23k–$28k,$0k–$30k,5,Debit,Mastercard debit,2011,Extra card,,$20k–$27k
4445,638,Amex,Credit,375716098483935,11/2015,431,YES,2,4800,08/2015,2015,No,2015-08-01,24188,136.74707999999998,124.14708,136.74707999999998,8115.06,4.0,231.74708,219.14708,231.74708,False,65,41.54,-96.13,25102,16889,5,Nebraska,NE,Midwest,True,61.0,60–69,$23k–$28k,$0k–$30k,5,Credit,Amex credit,2015,Extra card,$0k–$6k,
315,1366,Mastercard,Credit,5244253968518286,07/2024,684,YES,2,12400,01/2013,2013,No,2013-01-01,24157,631.33524,616.21524,631.33524,40910.18,12.0,631.33524,616.21524,631.33524,True,25,30.33,-81.65,19617,40000,3,Florida,FL,South,True,18.0,Under 30,$19k–$23k,$37k–$45k,3,Credit,Mastercard credit,2013,Customer's first card,$11k–$15k,
2374,1366,Mastercard,Debit,5148677955904141,02/2020,917,YES,1,17691,03/2018,2018,No,2018-03-01,24219,140.355545,138.905545,140.355545,20891.09,12.0,140.355545,138.905545,140.355545,False,25,30.33,-81.65,19617,40000,3,Florida,FL,South,True,23.0,Under 30,$19k–$23k,$37k–$45k,3,Debit,Mastercard debit,2018,Extra card,,$16k–$20k
2364,973,Mastercard,Debit,5570742279358802,02/2021,20,YES,1,16229,03/2017,2017,No,2017-03-01,24207,103.244675,101.964675,103.244675,8112.35,12.0,103.244675,101.964675,103.244675,False,55,34.51,-89.94,12285,25051,4,Mississippi,MS,South,True,52.0,50–59,$0k–$16k,$0k–$30k,4,Debit,Mastercard debit,2017,Extra card,,$16k–$20k
5716,973,Visa,Debit,4515909883803900,11/2024,871,YES,1,8366,11/2015,2015,No,2015-11-01,24191,151.0154,148.59539999999998,151.0154,13033.8,12.0,151.0154,148.59539999999998,151.0154,False,55,34.51,-89.94,12285,25051,4,Mississippi,MS,South,True,51.0,50–59,$0k–$16k,$0k–$30k,4,Debit,Visa debit,2015,Extra card,,$0k–$12k
5706,973,Visa,Debit,4060618518013622,06/2023,39,YES,2,7688,11/2014,2014,No,2014-11-01,24179,269.18333,266.29332999999997,269.18333,23722.66,12.0,269.18333,266.29332999999997,269.18333,False,55,34.51,-89.94,12285,25051,4,Mississippi,MS,South,True,50.0,50–59,$0k–$16k,$0k–$30k,4,Debit,Visa debit,2014,Extra card,,$0k–$12k
3959,1827,Visa,Debit,4277161408897403,02/2024,419,YES,1,30041,07/2010,2011,No,2010-07-01,24127,128.233455,122.193455,128.233455,28001.91,12.0,128.233455,122.193455,128.233455,False,59,33.25,-116.98,22727,46341,6,California,CA,West,True,49.0,40–49,$23k–$28k,$45k–$58k,6+,Debit,Visa debit,2010,Extra card,,$27k–$138k
5246,1827,Mastercard,Debit,5010004900517856,02/2024,908,YES,1,29137,10/2011,2011,No,2011-10-01,24142,65.09803,61.32803,65.09803,13559.06,12.0,65.09803,61.32803,65.09803,False,59,33.25,-116.98,22727,46341,6,California,CA,West,True,51.0,50–59,$23k–$28k,$45k–$58k,6+,Debit,Mastercard debit,2011,Extra card,,$27k–$138k
5727,1827,Mastercard,Debit,5002104504565119,02/2023,917,YES,1,17663,11/2016,2016,No,2016-11-01,24203,54.01245,51.34245,54.01245,12650.9,12.0,54.01245,51.34245,54.01245,False,59,33.25,-116.98,22727,46341,6,California,CA,West,True,56.0,50–59,$23k–$28k,$45k–$58k,6+,Debit,Mastercard debit,2016,Extra card,,$16k–$20k
4464,672,Mastercard,Debit,5392188065665641,10/2021,452,NO,1,8540,08/2017,2017,No,2017-08-01,24212,167.766955,167.016955,167.766955,21802.91,12.0,167.766955,167.016955,167.766955,False,37,35.81,-83.25,11755,23967,4,Tennessee,TN,South,True,35.0,30–39,$0k–$16k,$0k–$30k,4,Debit,Mastercard debit,2017,Extra card,,$0k–$12k
2668,1461,Visa,Debit,4534127090202764,08/2010,827,YES,2,35757,04/2010,2011,No,2010-04-01,24124,19.22546,19.22546,19.22546,1985.92,5.0,19.22546,19.22546,19.22546,False,41,41.24,-81.82,23559,48038,6,Ohio,OH,Midwest,True,31.0,30–39,$23k–$28k,$45k–$58k,6+,Debit,Visa debit,2010,Extra card,,$27k–$138k
5638,256,Visa,Credit,4042007108574831,02/2023,177,YES,1,9400,11/2010,2013,No,2010-11-01,24131,204.74478,204.74478,204.74478,11947.71,12.0,204.74478,204.74478,204.74478,False,75,35.82,-78.31,19485,22850,6,North Carolina,NC,South,True,66.0,60–69,$19k–$23k,$0k–$30k,6+,Credit,Visa credit,2010,Extra card,$9k–$11k,
3989,256,Visa,Debit (Prepaid),4868990994344273,06/2024,248,YES,2,50,07/2011,2011,No,2011-07-01,24139,0.0,0.0,76.1929,8324.8,12.0,0.0,0.0,76.1929,False,75,35.82,-78.31,19485,22850,6,North Carolina,NC,South,True,66.0,60–69,$19k–$23k,$0k–$30k,6+,Prepaid,Visa prepaid,2011,Extra card,,
6089,256,Mastercard,Credit,5764971120736645,02/2020,402,YES,2,1800,12/2013,2013,No,2013-12-01,24168,121.24782,121.24782,121.24782,7187.99,12.0,121.24782,121.24782,121.24782,False,75,35.82,-78.31,19485,22850,6,North Carolina,NC,South,True,69.0,60–69,$19k–$23k,$0k–$30k,6+,Credit,Mastercard credit,2013,Extra card,$0k–$6k,
1276,256,Mastercard,Debit,5355715623674970,12/2024,956,YES,1,27489,02/2011,2011,No,2011-02-01,24134,122.52307,122.52307,122.52307,18160.14,12.0,122.52307,122.52307,122.52307,False,75,35.82,-78.31,19485,22850,6,North Carolina,NC,South,True,66.0,60–69,$19k–$23k,$0k–$30k,6+,Debit,Mastercard debit,2011,Extra card,,$27k–$138k
6015,1837,Mastercard,Debit,5837775089417018,01/2011,189,YES,1,11199,12/2010,2010,No,2010-12-01,24132,7.512409999999999,6.73241,7.512409999999999,1758.82,2.0,7.512409999999999,6.73241,7.512409999999999,False,66,33.97,-118.24,11649,24947,4,California,CA,West,True,57.0,50–59,$0k–$16k,$0k–$30k,4,Debit,Mastercard debit,2010,Extra card,,$0k–$12k
259,1837,Visa,Debit,4205821347854727,05/2020,679,YES,1,8800,01/2010,2010,No,2010-01-01,24121,105.788235,99.978235,105.788235,23346.47,12.0,105.788235,99.978235,105.788235,True,66,33.97,-118.24,11649,24947,4,California,CA,West,True,56.0,50–59,$0k–$16k,$0k–$30k,4,Debit,Visa debit,2010,Customer's first card,,$0k–$12k
5275,1837,Mastercard,Debit (Prepaid),5825065723069699,09/2021,940,YES,1,83,10/2013,2013,No,2013-10-01,24166,0.0,0.0,53.256825,9395.65,12.0,0.0,0.0,53.256825,False,66,33.97,-118.24,11649,24947,4,California,CA,West,True,60.0,60–69,$0k–$16k,$0k–$30k,4,Prepaid,Mastercard prepaid,2013,Extra card,,
2256,1837,Mastercard,Debit,5757614479800979,11/2024,657,NO,1,7217,03/2010,2010,No,2010-03-01,24123,83.07921499999999,75.669215,83.07921499999999,18336.43,12.0,83.07921499999999,75.669215,83.07921499999999,False,66,33.97,-118.24,11649,24947,4,California,CA,West,True,56.0,50–59,$0k–$16k,$0k–$30k,4,Debit,Mastercard debit,2010,Extra card,,$0k–$12k
222,1815,Amex,Credit,371091834390039,02/2020,858,YES,2,17800,01/2010,2011,No,2010-01-01,24121,486.48312,458.04312,486.48312,28779.84,12.0,581.48312,553.04312,581.48312,False,59,41.82,-71.41,30403,61991,4,Rhode Island,RI,Northeast,True,49.0,40–49,$28k–$163k,$58k–$280k,4,Credit,Amex credit,2010,Extra card,$15k–$98k,
4371,1815,Mastercard,Debit (Prepaid),5906678291020827,09/2023,935,YES,2,56,08/2011,2011,No,2011-08-01,24140,0.0,0.0,38.34888,5037.76,12.0,0.0,0.0,38.34888,False,59,41.82,-71.41,30403,61991,4,Rhode Island,RI,Northeast,True,51.0,50–59,$28k–$163k,$58k–$280k,4,Prepaid,Mastercard prepaid,2011,Extra card,,
3976,1579,Mastercard,Credit,5148202936285148,04/2024,384,YES,2,12800,07/2011,2011,No,2011-07-01,24139,178.27326,167.47326,178.27326,10470.07,12.0,178.27326,167.47326,178.27326,False,81,27.95,-82.48,18881,28594,5,Florida,FL,South,True,72.0,70+,$16k–$19k,$0k–$30k,5,Credit,Mastercard credit,2011,Extra card,$11k–$15k,
4879,1954,Visa,Credit,4802501874295829,04/2024,196,YES,2,5900,09/2014,2014,No,2014-09-01,24177,2335.10634,1497.74634,2335.10634,135975.13,12.0,2335.10634,1497.74634,2335.10634,False,47,33.94,-117.95,23740,48406,3,California,CA,West,True,42.0,40–49,$23k–$28k,$45k–$58k,3,Credit,Visa credit,2014,Extra card,$0k–$6k,
316,1954,Mastercard,Debit,5544865210857672,07/2013,422,YES,2,21258,01/2013,2013,No,2013-01-01,24157,234.978425,183.278425,234.978425,77044.85,7.0,234.978425,183.278425,234.978425,True,47,33.94,-117.95,23740,48406,3,California,CA,West,True,40.0,40–49,$23k–$28k,$45k–$58k,3,Debit,Mastercard debit,2013,Customer's first card,,$20k–$27k
3940,1088,Mastercard,Credit,5759964167622790,01/2023,828,YES,1,10700,07/2010,2011,No,2010-07-01,24127,287.61696,287.61696,287.61696,19110.72,12.0,287.61696,287.61696,287.61696,False,49,32.78,-79.99,17158,34982,3,South Carolina,SC,South,True,39.0,30–39,$16k–$19k,$30k–$37k,3,Credit,Mastercard credit,2010,Extra card,$9k–$11k,
6095,1088,Visa,Debit,4661688933459307,06/2016,432,YES,1,15194,12/2013,2013,No,2013-12-01,24168,112.61656,112.363105,112.61656,18905.12,12.0,112.61656,112.363105,112.61656,False,49,32.78,-79.99,17158,34982,3,South Carolina,SC,South,True,43.0,40–49,$16k–$19k,$30k–$37k,3,Debit,Visa debit,2013,Extra card,,$12k–$16k
3082,14,Visa,Debit,4124567693793737,04/2022,870,NO,1,16464,05/2010,2012,No,2010-05-01,24125,31.70397,31.70397,31.70397,7558.94,12.0,31.70397,31.70397,31.70397,False,79,21.39,-158.01,21314,32232,5,Hawaii,HI,West,True,69.0,60–69,$19k–$23k,$30k–$37k,5,Debit,Visa debit,2010,Extra card,,$16k–$20k
5694,162,Visa,Debit,4338781388247802,03/2014,826,YES,2,27266,11/2013,2013,No,2013-11-01,24167,13.77918,13.77918,13.77918,2750.36,5.0,13.77918,13.77918,13.77918,False,37,42.56,-83.38,32423,66111,5,Michigan,MI,Midwest,True,31.0,30–39,$28k–$163k,$58k–$280k,5,Debit,Visa debit,2013,Extra card,,$27k–$138k
3569,162,Mastercard,Credit,5475237541011918,02/2014,774,YES,1,16700,06/2013,2013,No,2013-06-01,24162,174.63978,151.59978,174.63978,10270.21,9.0,174.63978,151.59978,174.63978,False,37,42.56,-83.38,32423,66111,5,Michigan,MI,Midwest,True,30.0,30–39,$28k–$163k,$58k–$280k,5,Credit,Mastercard credit,2013,Extra card,$15k–$98k,
5618,1692,Mastercard,Debit,5554581325182985,01/2022,904,YES,2,7564,11/2010,2013,No,2010-11-01,24131,134.499405,129.289405,134.499405,47787.81,12.0,134.499405,129.289405,134.499405,False,81,41.03,-73.86,74205,162709,3,New York,NY,Northeast,True,72.0,70+,$28k–$163k,$58k–$280k,3,Debit,Mastercard debit,2010,Extra card,,$0k–$12k
3538,380,Visa,Credit,4018146556727350,05/2023,544,NO,2,8000,06/2011,2011,No,2011-06-01,24138,243.37062,225.73062,243.37062,16043.59,12.0,243.37062,225.73062,243.37062,False,46,41.57,-93.61,18568,37857,2,Iowa,IA,Midwest,True,37.0,30–39,$16k–$19k,$37k–$45k,2,Credit,Visa credit,2011,Extra card,$6k–$9k,
4073,141,Visa,Credit,4595319622489775,08/2018,349,NO,1,8000,07/2018,2018,No,2018-07-01,24223,26.29098,26.29098,26.29098,1551.61,2.0,26.29098,26.29098,26.29098,False,70,31.02,-96.48,17356,23082,5,Texas,TX,South,True,68.0,60–69,$16k–$19k,$0k–$30k,5,Credit,Visa credit,2018,Extra card,$6k–$9k,
3941,1348,Mastercard,Debit,5372184619325693,11/2020,785,YES,2,1,07/2010,2010,No,2010-07-01,24127,12.830595,12.830595,12.830595,41.19,12.0,12.830595,12.830595,12.830595,False,83,40.64,-73.94,0,2,6,New York,NY,Northeast,True,73.0,70+,$0k–$16k,$0k–$30k,6+,Debit,Mastercard debit,2010,Extra card,,$0k–$12k
3086,1348,Amex,Credit,313148408217973,10/2021,576,YES,2,0,05/2011,2011,No,2011-05-01,24137,61.98858,61.98858,61.98858,3443.81,12.0,156.98858,156.98858,156.98858,False,83,40.64,-73.94,0,2,6,New York,NY,Northeast,True,74.0,70+,$0k–$16k,$0k–$30k,6+,Credit,Amex credit,2011,Extra card,$0k–$6k,
2669,1348,Visa,Debit,4924159268930796,09/2010,790,YES,1,1,04/2010,2010,No,2010-04-01,24124,5.25831,5.25831,5.25831,16.62,6.0,5.25831,5.25831,5.25831,False,83,40.64,-73.94,0,2,6,New York,NY,Northeast,True,73.0,70+,$0k–$16k,$0k–$30k,6+,Debit,Visa debit,2010,Extra card,,$0k–$12k
4042,1348,Visa,Debit,4139051015604116,08/2018,15,YES,1,1,07/2015,2015,No,2015-07-01,24187,6.10003,6.10003,6.10003,20.06,10.0,6.10003,6.10003,6.10003,False,83,40.64,-73.94,0,2,6,New York,NY,Northeast,True,78.0,70+,$0k–$16k,$0k–$30k,6+,Debit,Visa debit,2015,Extra card,,$0k–$12k
236,1256,Mastercard,Debit (Prepaid),5018794058509930,01/2021,807,YES,2,79,01/2010,2011,No,2010-01-01,24121,0.0,0.0,231.329355,26155.71,12.0,0.0,0.0,231.329355,False,37,41.2,-73.13,27589,56248,4,Connecticut,CT,Northeast,True,27.0,Under 30,$23k–$28k,$45k–$58k,4,Prepaid,Mastercard prepaid,2010,Extra card,,
6116,1256,Visa,Credit,4888697499810645,01/2020,276,YES,2,18500,12/2015,2015,No,2015-12-01,24192,606.6693,590.4693,606.6693,37244.85,12.0,606.6693,590.4693,606.6693,False,37,41.2,-73.13,27589,56248,4,Connecticut,CT,Northeast,True,33.0,30–39,$23k–$28k,$45k–$58k,4,Credit,Visa credit,2015,Extra card,$15k–$98k,
5717,169,Visa,Debit,4032033794787095,07/2022,167,YES,1,10194,11/2015,2015,No,2015-11-01,24191,49.609615,47.411995,49.609615,3879.23,12.0,49.609615,47.411995,49.609615,False,85,33.94,-80.39,14224,30451,4,South Carolina,SC,South,True,81.0,70+,$0k–$16k,$30k–$37k,4,Debit,Visa debit,2015,Extra card,,$0k–$12k
5655,169,Mastercard,Debit (Prepaid),5746544800697198,09/2021,335,YES,2,91,11/2011,2011,No,2011-11-01,24143,0.0,0.0,83.56171499999999,4163.43,12.0,0.0,0.0,83.56171499999999,False,85,33.94,-80.39,14224,30451,4,South Carolina,SC,South,True,77.0,70+,$0k–$16k,$30k–$37k,4,Prepaid,Mastercard prepaid,2011,Extra card,,
2317,169,Mastercard,Debit,5802870059687260,07/2022,990,NO,1,10574,03/2013,2013,No,2013-03-01,24159,61.418595,59.428595,61.418595,3721.19,12.0,61.418595,59.428595,61.418595,False,85,33.94,-80.39,14224,30451,4,South Carolina,SC,South,True,78.0,70+,$0k–$16k,$30k–$37k,4,Debit,Mastercard debit,2013,Extra card,,$0k–$12k
5712,1807,Mastercard,Debit,5678405303384008,03/2022,24,YES,2,26838,11/2015,2015,No,2015-11-01,24191,277.878285,273.318285,277.878285,48655.57,12.0,277.878285,273.318285,277.878285,False,47,40.84,-73.87,25537,52065,5,New York,NY,Northeast,True,43.0,40–49,$23k–$28k,$45k–$58k,5,Debit,Mastercard debit,2015,Extra card,,$27k–$138k
4386,257,Visa,Credit,4575711221736157,11/2024,777,YES,1,8000,08/2011,2011,No,2011-08-01,24140,415.98216,216.90216,415.98216,24626.12,12.0,415.98216,216.90216,415.98216,False,52,34.2,-118.39,15239,31070,4,California,CA,West,True,44.0,40–49,$0k–$16k,$30k–$37k,4,Credit,Visa credit,2011,Extra card,$6k–$9k,
2748,987,Mastercard,Debit (Prepaid),5929319761273570,02/2024,367,YES,1,69,04/2015,2015,No,2015-04-01,24184,0.0,0.0,188.93079,19770.58,12.0,0.0,0.0,188.93079,False,52,39.14,-77.21,30179,61532,4,Maryland,MD,South,True,47.0,40–49,$28k–$163k,$58k–$280k,4,Prepaid,Mastercard prepaid,2015,Extra card,,
373,987,Mastercard,Debit,5920175797699651,08/2021,420,YES,1,21985,01/2018,2018,No,2018-01-01,24217,183.443885,181.143885,183.443885,34470.77,12.0,183.443885,181.143885,183.443885,False,52,39.14,-77.21,30179,61532,4,Maryland,MD,South,True,50.0,50–59,$28k–$163k,$58k–$280k,4,Debit,Mastercard debit,2018,Extra card,,$20k–$27k
237,1141,Mastercard,Debit,5787921795028281,07/2020,29,YES,2,2397,01/2010,2013,No,2010-01-01,24121,156.867705,152.01770499999998,156.867705,15771.41,12.0,156.867705,152.01770499999998,156.867705,False,66,36.48,-80.61,15838,27266,5,North Carolina,NC,South,True,56.0,50–59,$0k–$16k,$0k–$30k,5,Debit,Mastercard debit,2010,Extra card,,$0k–$12k
3624,1141,Visa,Debit,4145457087186133,02/2020,837,YES,1,10466,06/2017,2017,No,2017-06-01,24210,84.504665,80.324665,84.504665,11877.33,12.0,84.504665,80.324665,84.504665,False,66,36.48,-80.61,15838,27266,5,North Carolina,NC,South,True,63.0,60–69,$0k–$16k,$0k–$30k,5,Debit,Visa debit,2017,Extra card,,$0k–$12k
5224,1141,Visa,Debit,4094653186833148,06/2023,298,YES,2,20161,10/2010,2010,No,2010-10-01,24130,79.086915,76.126915,79.086915,9191.83,12.0,79.086915,76.126915,79.086915,False,66,36.48,-80.61,15838,27266,5,North Carolina,NC,South,True,57.0,50–59,$0k–$16k,$0k–$30k,5,Debit,Visa debit,2010,Extra card,,$16k–$20k
1277,1682,Mastercard,Credit,5399068844339829,09/2024,512,YES,1,12600,02/2011,2015,No,2011-02-01,24134,73.67886,73.67886,73.67886,4720.27,12.0,73.67886,73.67886,73.67886,False,57,47.91,-97.07,23910,48750,5,North Dakota,ND,Midwest,True,48.0,40–49,$23k–$28k,$45k–$58k,5,Credit,Mastercard credit,2011,Extra card,$11k–$15k,
238,1682,Mastercard,Credit,5970339574772530,10/2021,757,YES,2,13200,01/2010,2014,No,2010-01-01,24121,130.19634,129.83634,130.19634,7689.13,12.0,130.19634,129.83634,130.19634,False,57,47.91,-97.07,23910,48750,5,North Dakota,ND,Midwest,True,47.0,40–49,$23k–$28k,$45k–$58k,5,Credit,Mastercard credit,2010,Extra card,$11k–$15k,
2365,172,Mastercard,Debit,5195057277840268,10/2020,855,YES,1,19600,03/2017,2017,No,2017-03-01,24207,64.09537,59.88537,64.09537,14630.74,12.0,64.09537,59.88537,64.09537,False,47,39.85,-88.93,22153,45164,3,Illinois,IL,Midwest,True,44.0,40–49,$19k–$23k,$45k–$58k,3,Debit,Mastercard debit,2017,Extra card,,$16k–$20k
1232,172,Mastercard,Debit,5453650582708795,11/2015,531,YES,1,16373,02/2010,2010,No,2010-02-01,24122,59.53855,54.68855,59.53855,10650.1,12.0,59.53855,54.68855,59.53855,False,47,39.85,-88.93,22153,45164,3,Illinois,IL,Midwest,True,37.0,30–39,$19k–$23k,$45k–$58k,3,Debit,Mastercard debit,2010,Extra card,,$16k–$20k
5656,315,Mastercard,Debit (Prepaid),5956867363687567,08/2024,701,YES,1,109,11/2011,2011,No,2011-11-01,24143,0.0,0.0,67.473505,12716.01,12.0,0.0,0.0,67.473505,True,54,40.78,-81.52,20783,42379,3,Ohio,OH,Midwest,True,46.0,40–49,$19k–$23k,$37k–$45k,3,Prepaid,Mastercard prepaid,2011,Customer's first card,,
3121,315,Mastercard,Debit,5948980046719583,05/2024,710,YES,1,22115,05/2012,2012,No,2012-05-01,24149,59.646665,53.786665,59.646665,17978.33,12.0,59.646665,53.786665,59.646665,False,54,40.78,-81.52,20783,42379,3,Ohio,OH,Midwest,True,46.0,40–49,$19k–$23k,$37k–$45k,3,Debit,Mastercard debit,2012,Extra card,,$20k–$27k
279,155,Mastercard,Credit,5689609387142035,02/2021,393,NO,1,7800,01/2011,2011,No,2011-01-01,24133,136.90313999999998,130.06314,136.90313999999998,9366.73,12.0,136.90313999999998,130.06314,136.90313999999998,False,86,31.31,-89.3,14383,9678,6,Mississippi,MS,South,True,77.0,70+,$0k–$16k,$0k–$30k,6+,Credit,Mastercard credit,2011,Extra card,$6k–$9k,
239,155,Mastercard,Debit,5290515548238201,12/2022,813,NO,1,9294,01/2010,2011,No,2010-01-01,24121,110.07351,107.97351,110.07351,19219.02,12.0,110.07351,107.97351,110.07351,False,86,31.31,-89.3,14383,9678,6,Mississippi,MS,South,True,76.0,70+,$0k–$16k,$0k–$30k,6+,Debit,Mastercard debit,2010,Extra card,,$0k–$12k
2281,155,Mastercard,Debit,5358949072497400,12/2011,324,YES,2,12163,03/2011,2011,No,2011-03-01,24135,32.84966,32.60966,32.84966,4893.32,10.0,32.84966,32.60966,32.84966,False,86,31.31,-89.3,14383,9678,6,Mississippi,MS,South,True,77.0,70+,$0k–$16k,$0k–$30k,6+,Debit,Mastercard debit,2011,Extra card,,$12k–$16k
3111,155,Visa,Debit,4972569366952714,01/2020,855,YES,2,14959,05/2011,2011,No,2011-05-01,24137,37.610665,37.370665,37.610665,5100.33,12.0,37.610665,37.370665,37.610665,False,86,31.31,-89.3,14383,9678,6,Mississippi,MS,South,True,77.0,70+,$0k–$16k,$0k–$30k,6+,Debit,Visa debit,2011,Extra card,,$12k–$16k
1260,1305,Visa,Debit,4804168677193110,03/2023,32,YES,2,22025,02/2010,2010,No,2010-02-01,24122,70.504,68.774,70.504,11139.0,12.0,70.504,68.774,70.504,False,46,35.33,-89.88,19115,38971,3,Tennessee,TN,South,True,36.0,30–39,$19k–$23k,$37k–$45k,3,Debit,Visa debit,2010,Extra card,,$20k–$27k
3486,1504,Mastercard,Credit,5039473078606416,09/2024,356,YES,1,6000,06/2010,2011,No,2010-06-01,24126,131.52042,117.84042,131.52042,10228.69,12.0,131.52042,117.84042,131.52042,False,85,33.57,-101.87,12187,12826,5,Texas,TX,South,True,75.0,70+,$0k–$16k,$0k–$30k,5,Credit,Mastercard credit,2010,Extra card,$0k–$6k,
3977,1504,Mastercard,Debit,5508687277469967,01/2020,469,YES,1,8444,07/2011,2011,No,2011-07-01,24139,37.462045,35.782045,37.462045,6530.09,12.0,37.462045,35.782045,37.462045,False,85,33.57,-101.87,12187,12826,5,Texas,TX,South,True,76.0,70+,$0k–$16k,$0k–$30k,5,Debit,Mastercard debit,2011,Extra card,,$0k–$12k
1325,948,Mastercard,Debit,5196909207454962,05/2023,71,YES,1,13035,02/2013,2013,No,2013-02-01,24158,89.98055,89.48055,89.98055,13182.1,12.0,89.98055,89.48055,89.98055,False,53,26.74,-80.12,18205,37119,5,Florida,FL,South,True,46.0,40–49,$16k–$19k,$30k–$37k,5,Debit,Mastercard debit,2013,Extra card,,$12k–$16k
3083,948,Visa,Credit,4763339915481098,06/2023,488,YES,2,8300,05/2010,2010,No,2010-05-01,24125,241.11306,238.23306,241.11306,14099.17,12.0,241.11306,238.23306,241.11306,False,53,26.74,-80.12,18205,37119,5,Florida,FL,South,True,43.0,40–49,$16k–$19k,$30k–$37k,5,Credit,Visa credit,2010,Extra card,$6k–$9k,
1265,948,Amex,Credit,371833102197375,07/2024,591,YES,2,6200,02/2011,2011,No,2011-02-01,24134,213.47136,212.03136,213.47136,12549.52,12.0,308.47136,307.03136,308.47136,False,53,26.74,-80.12,18205,37119,5,Florida,FL,South,True,44.0,40–49,$16k–$19k,$30k–$37k,5,Credit,Amex credit,2011,Extra card,$6k–$9k,
5695,948,Visa,Debit,4948154067393861,03/2024,688,YES,2,11795,11/2013,2013,No,2013-11-01,24167,61.95605,61.69605,61.95605,8696.1,12.0,61.95605,61.69605,61.95605,False,53,26.74,-80.12,18205,37119,5,Florida,FL,South,True,47.0,40–49,$16k–$19k,$30k–$37k,5,Debit,Visa debit,2013,Extra card,,$0k–$12k
3167,862,Mastercard,Credit,5170494527481348,05/2022,731,NO,1,3800,05/2015,2015,No,2015-05-01,24185,868.7718,785.9718,868.7718,53909.1,12.0,868.7718,785.9718,868.7718,True,25,32.42,-96.67,21032,42883,3,Texas,TX,South,True,20.0,Under 30,$19k–$23k,$37k–$45k,3,Credit,Mastercard credit,2015,Customer's first card,$0k–$6k,
4334,1514,Mastercard,Credit,5052545011580809,07/2020,940,NO,1,0,08/2010,2010,No,2010-08-01,24128,75.8628,70.4628,75.8628,4873.6,12.0,75.8628,70.4628,75.8628,False,53,41.37,-82.1,18110,36925,5,Ohio,OH,Midwest,True,44.0,40–49,$16k–$19k,$30k–$37k,5,Credit,Mastercard credit,2010,Extra card,$0k–$6k,
5204,526,Mastercard,Debit,5427548263390254,12/2016,736,YES,1,3224,10/2010,2013,No,2010-10-01,24130,86.92347,86.14347,86.92347,23712.94,12.0,86.92347,86.14347,86.92347,False,51,25.77,-80.2,31625,64481,5,Florida,FL,South,True,42.0,40–49,$28k–$163k,$58k–$280k,5,Debit,Mastercard debit,2010,Extra card,,$0k–$12k
5718,231,Visa,Debit,4551009502548949,05/2023,466,YES,1,11032,11/2015,2015,No,2015-11-01,24191,47.717735,44.887735,47.717735,7172.47,12.0,47.717735,44.887735,47.717735,False,55,35.05,-78.87,17789,36270,5,North Carolina,NC,South,True,51.0,50–59,$16k–$19k,$30k–$37k,5,Debit,Visa debit,2015,Extra card,,$0k–$12k
2352,1509,Visa,Debit,4417739183409950,01/2023,990,NO,1,18138,03/2015,2015,No,2015-03-01,24183,74.065715,74.065715,74.065715,6044.43,12.0,74.065715,74.065715,74.065715,False,67,39.38,-76.55,23096,47087,5,Maryland,MD,South,True,62.0,60–69,$23k–$28k,$45k–$58k,5,Debit,Visa debit,2015,Extra card,,$16k–$20k
1347,1509,Mastercard,Debit,5352211789998935,02/2021,443,YES,1,23238,02/2014,2014,No,2014-02-01,24170,101.630055,101.630055,101.630055,9430.11,12.0,101.630055,101.630055,101.630055,False,67,39.38,-76.55,23096,47087,5,Maryland,MD,South,True,61.0,60–69,$23k–$28k,$45k–$58k,5,Debit,Mastercard debit,2014,Extra card,,$20k–$27k
5276,1509,Mastercard,Debit,5410637796399201,09/2022,983,YES,1,20706,10/2013,2013,No,2013-10-01,24166,130.028085,130.028085,130.028085,10807.17,12.0,130.028085,130.028085,130.028085,False,67,39.38,-76.55,23096,47087,5,Maryland,MD,South,True,61.0,60–69,$23k–$28k,$45k–$58k,5,Debit,Mastercard debit,2013,Extra card,,$20k–$27k
5696,1422,Visa,Debit,4363891861741725,03/2020,662,YES,2,19781,11/2013,2013,No,2013-11-01,24167,43.72032,41.75032,43.72032,5375.64,12.0,43.72032,41.75032,43.72032,False,66,35.51,-78.73,18340,36052,4,North Carolina,NC,South,True,60.0,60–69,$16k–$19k,$30k–$37k,4,Debit,Visa debit,2013,Extra card,,$16k–$20k
3960,1516,Visa,Debit,4776377960241200,12/2022,190,YES,2,25010,07/2010,2010,No,2010-07-01,24127,171.51585999999998,167.85586,171.51585999999998,34147.72,12.0,171.51585999999998,167.85586,171.51585999999998,False,38,37.44,-121.87,33758,68827,2,California,CA,West,True,28.0,Under 30,$28k–$163k,$58k–$280k,2,Debit,Visa debit,2010,Extra card,,$20k–$27k
4410,1649,Mastercard,Credit,5012197802964363,02/2016,674,YES,2,100,08/2013,2013,No,2013-08-01,24164,64.70676,64.70676,64.70676,3594.8199999999997,12.0,64.70676,64.70676,64.70676,False,64,29.79,-95.82,0,399,3,Texas,TX,South,True,58.0,50–59,$0k–$16k,$0k–$30k,3,Credit,Mastercard credit,2013,Extra card,$0k–$6k,
343,583,Amex,Credit,345109128105029,02/2024,963,YES,2,13900,01/2015,2015,No,2015-01-01,24181,229.85082,143.45082,229.85082,14139.49,12.0,324.85082,238.45082,324.85082,False,64,41.76,-88.29,14200,28954,2,Illinois,IL,Midwest,True,59.0,50–59,$0k–$16k,$0k–$30k,2,Credit,Amex credit,2015,Extra card,$11k–$15k,
291,1811,Visa,Debit,4077584980284629,12/2021,84,NO,2,7821,01/2011,2014,No,2011-01-01,24133,100.84168,98.42168,100.84168,31310.36,12.0,100.84168,98.42168,100.84168,False,83,37.34,-122.11,76725,82009,8,California,CA,West,True,74.0,70+,$28k–$163k,$58k–$280k,6+,Debit,Visa debit,2011,Extra card,,$0k–$12k
4894,1811,Discover,Credit,6977627305195042,03/2022,233,YES,2,44200,09/2016,2016,No,2016-09-01,24201,1118.13516,988.53516,1118.13516,64564.0,12.0,1118.13516,988.53516,1118.13516,False,83,37.34,-122.11,76725,82009,8,California,CA,West,True,80.0,70+,$28k–$163k,$58k–$280k,6+,Credit,Discover credit,2016,Extra card,$15k–$98k,
331,1811,Mastercard,Debit (Prepaid),5320344964229690,01/2021,628,YES,1,54,01/2014,2014,No,2014-01-01,24169,0.0,0.0,36.94266,3325.32,12.0,0.0,0.0,36.94266,False,83,37.34,-122.11,76725,82009,8,California,CA,West,True,77.0,70+,$28k–$163k,$58k–$280k,6+,Prepaid,Mastercard prepaid,2014,Extra card,,
3978,1811,Mastercard,Debit,5879372260390616,05/2022,403,YES,1,62519,07/2011,2011,No,2011-07-01,24139,98.82565,96.58565,98.82565,28005.3,12.0,98.82565,96.58565,98.82565,False,83,37.34,-122.11,76725,82009,8,California,CA,West,True,74.0,70+,$28k–$163k,$58k–$280k,6+,Debit,Mastercard debit,2011,Extra card,,$27k–$138k
3141,1811,Visa,Debit,4910341780863441,11/2022,246,YES,1,87408,05/2013,2013,No,2013-05-01,24161,79.206155,77.286155,79.206155,22662.31,12.0,79.206155,77.286155,79.206155,False,83,37.34,-122.11,76725,82009,8,California,CA,West,True,76.0,70+,$28k–$163k,$58k–$280k,6+,Debit,Visa debit,2013,Extra card,,$27k–$138k
5311,1412,Visa,Debit,4621223878831288,06/2016,682,YES,2,19081,10/2015,2015,No,2015-10-01,24190,72.172595,70.102595,72.172595,12938.19,9.0,72.172595,70.102595,72.172595,False,58,36.97,-86.44,26567,54166,5,Kentucky,KY,South,True,54.0,50–59,$23k–$28k,$45k–$58k,5,Debit,Visa debit,2015,Extra card,,$16k–$20k
5687,1412,Mastercard,Debit,5395339623143984,09/2020,501,YES,2,17401,11/2013,2013,No,2013-11-01,24167,102.219665,99.329665,102.219665,21557.33,12.0,102.219665,99.329665,102.219665,False,58,36.97,-86.44,26567,54166,5,Kentucky,KY,South,True,52.0,50–59,$23k–$28k,$45k–$58k,5,Debit,Mastercard debit,2013,Extra card,,$16k–$20k
3067,1412,Mastercard,Credit,5135678062479808,07/2021,505,YES,1,12800,05/2010,2016,No,2010-05-01,24125,812.39472,758.39472,812.39472,48620.04,12.0,812.39472,758.39472,812.39472,False,58,36.97,-86.44,26567,54166,5,Kentucky,KY,South,True,48.0,40–49,$23k–$28k,$45k–$58k,5,Credit,Mastercard credit,2010,Extra card,$11k–$15k,
3942,1412,Mastercard,Debit (Prepaid),5670005225763179,07/2015,698,YES,1,42,07/2010,2011,No,2010-07-01,24127,0.0,0.0,59.960325,4266.65,12.0,0.0,0.0,59.960325,False,58,36.97,-86.44,26567,54166,5,Kentucky,KY,South,True,48.0,40–49,$23k–$28k,$45k–$58k,5,Prepaid,Mastercard prepaid,2010,Extra card,,
2681,177,Mastercard,Credit,5237138657431099,09/2023,589,YES,1,11900,04/2011,2011,No,2011-04-01,24136,757.97784,305.45784000000003,757.97784,45283.88,12.0,757.97784,305.45784000000003,757.97784,False,54,35.1,-90.0,28570,58248,4,Tennessee,TN,South,True,45.0,40–49,$28k–$163k,$58k–$280k,4,Credit,Mastercard credit,2011,Extra card,$11k–$15k,
3539,1577,Visa,Credit,4816860056537332,11/2022,197,YES,1,10100,06/2011,2014,No,2011-06-01,24138,167.01641999999998,162.33642,167.01641999999998,10908.69,12.0,167.01641999999998,162.33642,167.01641999999998,False,53,27.33,-82.54,19983,40745,4,Florida,FL,South,True,44.0,40–49,$19k–$23k,$37k–$45k,4,Credit,Visa credit,2011,Extra card,$9k–$11k,
3504,1577,Visa,Debit,4991364969575729,01/2021,244,YES,2,21999,06/2010,2015,No,2010-06-01,24126,38.407285,37.397285,38.407285,7366.57,12.0,38.407285,37.397285,38.407285,False,53,27.33,-82.54,19983,40745,4,Florida,FL,South,True,43.0,40–49,$19k–$23k,$37k–$45k,4,Debit,Visa debit,2010,Extra card,,$20k–$27k
5992,1609,Amex,Credit,335445013271477,09/2022,999,YES,1,19400,12/2010,2013,No,2010-12-01,24132,290.75759999999997,274.9176,290.75759999999997,19516.2,12.0,385.7576,369.9176,385.7576,False,71,38.78,-77.27,35563,87659,4,Virginia,VA,South,True,62.0,60–69,$28k–$163k,$58k–$280k,4,Credit,Amex credit,2010,Extra card,$15k–$98k,
3510,1609,Amex,Credit,339792898644120,06/2023,936,YES,1,16100,06/2011,2011,No,2011-06-01,24138,186.52986,177.16986,186.52986,11874.77,12.0,281.52986,272.16985999999997,281.52986,False,71,38.78,-77.27,35563,87659,4,Virginia,VA,South,True,62.0,60–69,$28k–$163k,$58k–$280k,4,Credit,Amex credit,2011,Extra card,$15k–$98k,
2353,1762,Visa,Credit,4300321753140483,08/2022,628,YES,2,18400,03/2015,2015,No,2015-03-01,24183,655.17732,650.13732,655.17732,39703.74,12.0,655.17732,650.13732,655.17732,True,29,38.55,-121.49,31184,63583,1,California,CA,West,True,24.0,Under 30,$28k–$163k,$58k–$280k,1,Credit,Visa credit,2015,Customer's first card,$15k–$98k,
2652,1717,Mastercard,Debit,5089930923373798,08/2020,17,YES,1,23956,04/2010,2010,No,2010-04-01,24124,418.73924,343.06924,418.73924,100413.48,12.0,418.73924,343.06924,418.73924,True,67,43.06,-78.27,17665,43070,4,New York,NY,Northeast,True,57.0,50–59,$16k–$19k,$37k–$45k,4,Debit,Mastercard debit,2010,Customer's first card,,$20k–$27k
6122,1717,Mastercard,Debit,5773396250865734,02/2019,800,YES,2,17695,12/2016,2016,No,2016-12-01,24204,166.61666,141.29666,166.61666,36192.32,12.0,166.61666,141.29666,166.61666,False,67,43.06,-78.27,17665,43070,4,New York,NY,Northeast,True,64.0,60–69,$16k–$19k,$37k–$45k,4,Debit,Mastercard debit,2016,Extra card,,$16k–$20k
1383,1717,Visa,Debit,4246551286869282,08/2022,593,YES,2,22765,02/2018,2018,No,2018-02-01,24218,117.46006,98.72006,117.46006,27659.12,12.0,117.46006,98.72006,117.46006,False,67,43.06,-78.27,17665,43070,4,New York,NY,Northeast,True,65.0,60–69,$16k–$19k,$37k–$45k,4,Debit,Visa debit,2018,Extra card,,$20k–$27k
363,1717,Visa,Debit,4515082319612545,02/2020,194,YES,1,15934,01/2017,2017,No,2017-01-01,24205,157.141685,128.941685,157.141685,35001.37,12.0,157.141685,128.941685,157.141685,False,67,43.06,-78.27,17665,43070,4,New York,NY,Northeast,True,64.0,60–69,$16k–$19k,$37k–$45k,4,Debit,Visa debit,2017,Extra card,,$16k–$20k
4893,1668,Visa,Debit,4982899751098466,02/2020,864,YES,1,23240,09/2015,2015,No,2015-09-01,24189,63.87951,60.43951,63.87951,20807.02,12.0,63.87951,60.43951,63.87951,False,92,42.91,-71.12,26541,56099,6,New Hampshire,NH,Northeast,True,88.0,70+,$23k–$28k,$45k–$58k,6+,Debit,Visa debit,2015,Extra card,,$20k–$27k
4440,1668,Visa,Debit,4249726842929939,07/2022,917,YES,1,18828,08/2014,2014,No,2014-08-01,24176,77.27325,72.83324999999999,77.27325,24441.5,12.0,77.27325,72.83324999999999,77.27325,False,92,42.91,-71.12,26541,56099,6,New Hampshire,NH,Northeast,True,87.0,70+,$23k–$28k,$45k–$58k,6+,Debit,Visa debit,2014,Extra card,,$16k–$20k
4803,1668,Visa,Credit,4161722287532690,10/2010,265,YES,1,14000,09/2010,2016,No,2010-09-01,24129,113.39118,106.91118,113.39118,6538.51,2.0,113.39118,106.91118,113.39118,False,92,42.91,-71.12,26541,56099,6,New Hampshire,NH,Northeast,True,83.0,70+,$23k–$28k,$45k–$58k,6+,Credit,Visa credit,2010,Extra card,$11k–$15k,
5260,1293,Mastercard,Debit,5037463911586202,05/2021,117,YES,1,16339,10/2012,2012,No,2012-10-01,24154,553.985895,547.995895,553.985895,130548.79,12.0,553.985895,547.995895,553.985895,True,32,29.45,-95.06,24217,49374,2,Texas,TX,South,True,25.0,Under 30,$23k–$28k,$45k–$58k,2,Debit,Mastercard debit,2012,Customer's first card,,$16k–$20k
1261,361,Visa,Credit,4972676446491092,06/2022,555,NO,2,11500,02/2010,2010,No,2010-02-01,24122,375.81498,334.05498,375.81498,27066.61,12.0,375.81498,334.05498,375.81498,False,43,33.91,-118.34,19153,39052,4,California,CA,West,True,33.0,30–39,$19k–$23k,$37k–$45k,4,Credit,Visa credit,2010,Extra card,$11k–$15k,
260,1659,Visa,Debit,4419460752105618,02/2023,113,YES,1,18116,01/2010,2010,No,2010-01-01,24121,106.386195,104.006195,106.386195,14977.39,12.0,106.386195,104.006195,106.386195,False,94,42.26,-88.13,28147,40787,6,Illinois,IL,Midwest,True,84.0,70+,$23k–$28k,$37k–$45k,6+,Debit,Visa debit,2010,Extra card,,$16k–$20k
3540,1659,Visa,Credit,4445565501557714,09/2020,474,YES,2,12700,06/2011,2011,No,2011-06-01,24138,411.96204,404.76204,411.96204,24794.78,12.0,411.96204,404.76204,411.96204,False,94,42.26,-88.13,28147,40787,6,Illinois,IL,Midwest,True,85.0,70+,$23k–$28k,$37k–$45k,6+,Credit,Visa credit,2011,Extra card,$11k–$15k,
6016,278,Mastercard,Debit,5601819028761095,05/2023,832,NO,1,137669,12/2010,2010,No,2010-12-01,24132,182.37201,180.20201,182.37201,36346.02,12.0,182.37201,180.20201,182.37201,False,59,29.76,-95.38,95039,193768,5,Texas,TX,South,True,50.0,50–59,$28k–$163k,$58k–$280k,5,Debit,Mastercard debit,2010,Extra card,,$27k–$138k
6123,278,Mastercard,Debit,5945500533879840,01/2023,428,YES,1,92828,12/2016,2016,No,2016-12-01,24204,96.14782,95.55782,96.14782,18252.64,12.0,96.14782,95.55782,96.14782,False,59,29.76,-95.38,95039,193768,5,Texas,TX,South,True,56.0,50–59,$28k–$163k,$58k–$280k,5,Debit,Mastercard debit,2016,Extra card,,$27k–$138k
5619,278,Mastercard,Credit,5079922576804283,10/2022,242,YES,2,55300,11/2010,2010,No,2010-11-01,24131,451.24344,419.92344,451.24344,27524.08,12.0,451.24344,419.92344,451.24344,False,59,29.76,-95.38,95039,193768,5,Texas,TX,South,True,50.0,50–59,$28k–$163k,$58k–$280k,5,Credit,Mastercard credit,2010,Extra card,$15k–$98k,
2282,618,Mastercard,Debit,5120169290018670,02/2022,784,YES,1,11591,03/2011,2011,No,2011-03-01,24135,52.60922,52.60922,52.60922,8342.44,12.0,52.60922,52.60922,52.60922,False,32,33.92,-118.2,13632,27795,4,California,CA,West,True,23.0,Under 30,$0k–$16k,$0k–$30k,4,Debit,Mastercard debit,2011,Extra card,,$0k–$12k
4372,618,Mastercard,Debit,5538394493237764,07/2019,115,YES,1,8633,08/2011,2011,No,2011-08-01,24140,43.23619,43.23619,43.23619,6304.38,12.0,43.23619,43.23619,43.23619,False,32,33.92,-118.2,13632,27795,4,California,CA,West,True,24.0,Under 30,$0k–$16k,$0k–$30k,4,Debit,Mastercard debit,2011,Extra card,,$0k–$12k
1311,753,Visa,Credit,4033661530367499,01/2023,95,YES,2,8000,02/2012,2012,No,2012-02-01,24146,211.1985,211.1985,211.1985,12656.25,12.0,211.1985,211.1985,211.1985,False,53,33.24,-87.59,15540,31688,3,Alabama,AL,South,True,45.0,40–49,$0k–$16k,$30k–$37k,3,Credit,Visa credit,2012,Extra card,$6k–$9k,
5644,753,Discover,Credit,6268816898046008,05/2022,829,YES,1,8600,11/2011,2011,No,2011-11-01,24143,270.00648,270.00648,270.00648,17333.36,12.0,270.00648,270.00648,270.00648,False,53,33.24,-87.59,15540,31688,3,Alabama,AL,South,True,45.0,40–49,$0k–$16k,$30k–$37k,3,Credit,Discover credit,2011,Extra card,$6k–$9k,
5697,489,Visa,Debit (Prepaid),4550158721667391,05/2020,764,YES,1,71,11/2013,2013,No,2013-11-01,24167,0.0,0.0,25.76245,3254.9,12.0,0.0,0.0,25.76245,False,36,40.87,-97.59,18024,36753,4,Nebraska,NE,Midwest,True,30.0,30–39,$16k–$19k,$30k–$37k,4,Prepaid,Visa prepaid,2013,Extra card,,
4051,489,Visa,Credit,4174000010311703,07/2023,922,YES,1,14700,07/2016,2016,No,2016-07-01,24199,106.33698,100.57698,106.33698,6802.61,12.0,106.33698,100.57698,106.33698,False,36,40.87,-97.59,18024,36753,4,Nebraska,NE,Midwest,True,32.0,30–39,$16k–$19k,$30k–$37k,4,Credit,Visa credit,2016,Extra card,$15k–$98k,
1233,90,Mastercard,Debit (Prepaid),5454320123258478,03/2020,429,YES,1,102,02/2010,2010,No,2010-02-01,24122,0.0,0.0,83.57905,20228.1,12.0,0.0,0.0,83.57905,False,63,28.37,-80.75,19018,12796,3,Florida,FL,South,True,53.0,50–59,$19k–$23k,$0k–$30k,3,Prepaid,Mastercard prepaid,2010,Extra card,,
1262,376,Visa,Debit,4961188850895805,08/2021,629,NO,1,28884,02/2010,2015,No,2010-02-01,24122,145.59084,141.79084,145.59084,19595.68,12.0,145.59084,141.79084,145.59084,False,50,39.8,-74.62,28433,57975,4,New Jersey,NJ,Northeast,True,40.0,40–49,$23k–$28k,$58k–$280k,4,Debit,Visa debit,2010,Extra card,,$27k–$138k
325,376,Visa,Credit,4846362912981071,03/2013,650,YES,1,9200,01/2013,2013,No,2013-01-01,24157,113.6502,111.1302,113.6502,6511.9,3.0,113.6502,111.1302,113.6502,False,50,39.8,-74.62,28433,57975,4,New Jersey,NJ,Northeast,True,43.0,40–49,$23k–$28k,$58k–$280k,4,Credit,Visa credit,2013,Extra card,$9k–$11k,
240,218,Mastercard,Debit,5031033208388940,03/2024,565,YES,2,11694,01/2010,2012,No,2010-01-01,24121,26.166825,24.746825,26.166825,4210.65,12.0,26.166825,24.746825,26.166825,False,59,40.76,-74.03,16770,34190,7,New Jersey,NJ,Northeast,True,49.0,40–49,$16k–$19k,$30k–$37k,6+,Debit,Mastercard debit,2010,Extra card,,$0k–$12k
6017,218,Mastercard,Credit,5102494493150212,12/2014,615,YES,1,8100,12/2010,2010,No,2010-12-01,24132,153.3321,141.8121,153.3321,9003.449999999999,12.0,153.3321,141.8121,153.3321,False,59,40.76,-74.03,16770,34190,7,New Jersey,NJ,Northeast,True,50.0,50–59,$16k–$19k,$30k–$37k,6+,Credit,Mastercard credit,2010,Extra card,$6k–$9k,
4465,218,Mastercard,Debit,5212081047458870,11/2021,836,YES,1,11647,08/2017,2017,No,2017-08-01,24212,23.273200000000003,22.0732,23.273200000000003,2966.4,12.0,23.273200000000003,22.0732,23.273200000000003,False,59,40.76,-74.03,16770,34190,7,New Jersey,NJ,Northeast,True,57.0,50–59,$16k–$19k,$30k–$37k,6+,Debit,Mastercard debit,2017,Extra card,,$0k–$12k
4859,42,Mastercard,Debit,5585235709223011,09/2020,555,YES,1,10776,09/2013,2013,No,2013-09-01,24165,118.63044,117.31044,118.63044,14172.88,12.0,118.63044,117.31044,118.63044,False,78,30.84,-83.27,12672,8526,3,Georgia,GA,South,True,72.0,70+,$0k–$16k,$0k–$30k,3,Debit,Mastercard debit,2013,Extra card,,$0k–$12k
2742,42,Discover,Credit,6128331852366832,02/2019,56,YES,2,5600,04/2015,2015,No,2015-04-01,24184,94.40838,92.60838,94.40838,6073.91,12.0,94.40838,92.60838,94.40838,False,78,30.84,-83.27,12672,8526,3,Georgia,GA,South,True,73.0,70+,$0k–$16k,$0k–$30k,3,Credit,Discover credit,2015,Extra card,$0k–$6k,
4353,1170,Visa,Debit,4206608050110882,11/2021,873,YES,2,19442,08/2010,2010,No,2010-08-01,24128,123.96092,123.96092,123.96092,20520.84,12.0,123.96092,123.96092,123.96092,False,40,35.4,-80.43,20041,40867,2,North Carolina,NC,South,True,31.0,30–39,$19k–$23k,$37k–$45k,2,Debit,Visa debit,2010,Extra card,,$16k–$20k
4868,1937,Visa,Credit,4478591356446764,10/2024,207,YES,2,5500,09/2013,2013,No,2013-09-01,24165,309.7449,307.5849,309.7449,17602.05,12.0,309.7449,307.5849,309.7449,False,65,38.78,-90.7,25350,17056,5,Missouri,MO,Midwest,True,59.0,50–59,$23k–$28k,$0k–$30k,5,Credit,Visa credit,2013,Extra card,$0k–$6k,
4860,1177,Mastercard,Debit,5167461508736953,09/2021,218,YES,2,25993,09/2013,2013,No,2013-09-01,24165,94.04736,90.11736,94.04736,16420.72,12.0,94.04736,90.11736,94.04736,False,36,39.67,-75.75,31719,64672,4,Delaware,DE,South,True,30.0,30–39,$28k–$163k,$58k–$280k,4,Debit,Mastercard debit,2013,Extra card,,$20k–$27k
4016,1177,Visa,Debit (Prepaid),4031671355735386,05/2022,372,YES,2,59,07/2013,2013,No,2013-07-01,24163,0.0,0.0,85.970185,5523.37,12.0,0.0,0.0,85.970185,False,36,39.67,-75.75,31719,64672,4,Delaware,DE,South,True,29.0,Under 30,$28k–$163k,$58k–$280k,4,Prepaid,Visa prepaid,2013,Extra card,,
3961,397,Visa,Debit,4398726361408174,09/2022,592,YES,1,7159,07/2010,2011,No,2010-07-01,24127,97.7139,95.6539,97.7139,13139.8,12.0,97.7139,95.6539,97.7139,False,30,39.95,-75.16,10016,20424,3,Pennsylvania,PA,Northeast,True,20.0,Under 30,$0k–$16k,$0k–$30k,3,Debit,Visa debit,2010,Extra card,,$0k–$12k
3179,397,Mastercard,Debit,5166788218031494,10/2021,167,YES,1,12172,05/2016,2016,No,2016-05-01,24197,67.792965,66.192965,67.792965,9127.93,12.0,67.792965,66.192965,67.792965,False,30,39.95,-75.16,10016,20424,3,Pennsylvania,PA,Northeast,True,26.0,Under 30,$0k–$16k,$0k–$30k,3,Debit,Mastercard debit,2016,Extra card,,$12k–$16k
3122,566,Mastercard,Debit (Prepaid),5019509763985509,12/2013,156,YES,1,58,05/2012,2012,No,2012-05-01,24149,0.0,0.0,211.683145,16107.29,12.0,0.0,0.0,211.683145,False,60,42.79,-83.62,22680,46244,5,Michigan,MI,Midwest,True,52.0,50–59,$19k–$23k,$45k–$58k,5,Prepaid,Mastercard prepaid,2012,Extra card,,
5666,1332,Visa,Debit,4692209881034936,10/2024,841,YES,1,40914,11/2011,2011,No,2011-11-01,24143,87.17995499999999,86.909955,87.17995499999999,19442.91,12.0,87.17995499999999,86.909955,87.17995499999999,False,63,41.0,-73.66,35269,71909,3,Connecticut,CT,Northeast,True,55.0,50–59,$28k–$163k,$58k–$280k,3,Debit,Visa debit,2011,Extra card,,$27k–$138k
4880,1332,Visa,Debit,4318258273065778,10/2024,152,YES,1,39491,09/2014,2014,No,2014-09-01,24177,62.77979,61.73979,62.77979,11701.58,12.0,62.77979,61.73979,62.77979,False,63,41.0,-73.66,35269,71909,3,Connecticut,CT,Northeast,True,58.0,50–59,$28k–$163k,$58k–$280k,3,Debit,Visa debit,2014,Extra card,,$27k–$138k
5282,1648,Visa,Credit,4699987716360968,06/2022,973,YES,1,36700,10/2013,2013,No,2013-10-01,24166,1452.1815,1295.9415,1452.1815,85280.75,12.0,1452.1815,1295.9415,1452.1815,False,66,40.76,-74.59,91180,185909,5,New Jersey,NJ,Northeast,True,60.0,60–69,$28k–$163k,$58k–$280k,5,Credit,Visa credit,2013,Extra card,$15k–$98k,
4787,17,Mastercard,Debit,5112841703970154,06/2022,367,YES,1,7175,09/2010,2017,No,2010-09-01,24129,227.86821,227.86821,227.86821,39260.42,12.0,227.86821,227.86821,227.86821,False,76,35.73,-81.32,17850,21867,2,North Carolina,NC,South,True,67.0,60–69,$16k–$19k,$0k–$30k,2,Debit,Mastercard debit,2010,Extra card,,$0k–$12k
241,1449,Mastercard,Debit,5134527149271246,02/2022,755,YES,2,11457,01/2010,2016,No,2010-01-01,24121,86.93589,80.65589,86.93589,17888.78,12.0,86.93589,80.65589,86.93589,False,66,32.61,-83.63,15334,28104,3,Georgia,GA,South,True,56.0,50–59,$0k–$16k,$0k–$30k,3,Debit,Mastercard debit,2010,Extra card,,$0k–$12k
5707,1417,Visa,Debit,4755309590277505,07/2021,531,YES,2,37325,11/2014,2014,No,2014-11-01,24179,24.413975,24.413975,24.413975,5572.950000000001,12.0,24.413975,24.413975,24.413975,False,54,42.63,-83.61,25838,52680,5,Michigan,MI,Midwest,True,49.0,40–49,$23k–$28k,$45k–$58k,5,Debit,Visa debit,2014,Extra card,,$27k–$138k
1234,1417,Mastercard,Debit (Prepaid),5082923874323795,02/2021,774,YES,2,85,02/2010,2010,No,2010-02-01,24122,0.0,0.0,23.94512,2716.24,12.0,0.0,0.0,23.94512,False,54,42.63,-83.61,25838,52680,5,Michigan,MI,Midwest,True,44.0,40–49,$23k–$28k,$45k–$58k,5,Prepaid,Mastercard prepaid,2010,Extra card,,
280,267,Mastercard,Debit,5625635561969960,07/2023,310,YES,2,10636,01/2011,2011,No,2011-01-01,24133,92.760975,90.330975,92.760975,17172.95,12.0,92.760975,90.330975,92.760975,True,61,37.96,-83.82,13602,27733,3,Kentucky,KY,South,True,52.0,50–59,$0k–$16k,$0k–$30k,3,Debit,Mastercard debit,2011,Customer's first card,,$0k–$12k
326,267,Visa,Debit,4771456546451310,10/2015,970,YES,1,12891,01/2013,2013,No,2013-01-01,24157,45.08453,44.07453,45.08453,8590.06,12.0,45.08453,44.07453,45.08453,False,61,37.96,-83.82,13602,27733,3,Kentucky,KY,South,True,54.0,50–59,$0k–$16k,$0k–$30k,3,Debit,Visa debit,2013,Extra card,,$12k–$16k
4411,267,Mastercard,Debit,5404831533605189,10/2021,72,YES,1,11885,08/2013,2013,No,2013-08-01,24164,37.23914,36.491205,37.23914,8322.279999999999,12.0,37.23914,36.491205,37.23914,False,61,37.96,-83.82,13602,27733,3,Kentucky,KY,South,True,55.0,50–59,$0k–$16k,$0k–$30k,3,Debit,Mastercard debit,2013,Extra card,,$0k–$12k
261,373,Visa,Debit,4139199465174934,10/2021,9,YES,2,6688,01/2010,2016,No,2010-01-01,24121,96.65527,95.11527,96.65527,17507.54,12.0,96.65527,95.11527,96.65527,False,61,40.59,-84.95,10493,21397,4,Indiana,IN,Midwest,True,51.0,50–59,$0k–$16k,$0k–$30k,4,Debit,Visa debit,2010,Extra card,,$0k–$12k
2283,1772,Mastercard,Debit,5306745473896520,05/2022,271,YES,1,27201,03/2011,2011,No,2011-03-01,24135,111.61266,111.33266,111.61266,15519.32,12.0,111.61266,111.33266,111.61266,False,47,34.09,-117.58,24603,50163,4,California,CA,West,True,38.0,30–39,$23k–$28k,$45k–$58k,4,Debit,Mastercard debit,2011,Extra card,,$27k–$138k
5657,1772,Mastercard,Debit,5626378456369424,05/2023,982,NO,2,16426,11/2011,2011,No,2011-11-01,24143,90.53512,90.53512,90.53512,12544.24,12.0,90.53512,90.53512,90.53512,False,47,34.09,-117.58,24603,50163,4,California,CA,West,True,39.0,30–39,$23k–$28k,$45k–$58k,4,Debit,Mastercard debit,2011,Extra card,,$16k–$20k
294,964,Amex,Credit,340045632784763,02/2020,218,YES,1,13700,01/2012,2012,No,2012-01-01,24145,307.06956,296.26956,307.06956,18733.42,12.0,402.06956,391.26956,402.06956,False,48,40.84,-73.99,22278,45422,4,New Jersey,NJ,Northeast,True,40.0,40–49,$19k–$23k,$45k–$58k,4,Credit,Amex credit,2012,Extra card,$11k–$15k,
2366,1527,Mastercard,Credit,5801798801399788,06/2021,527,YES,2,7100,03/2017,2017,No,2017-03-01,24207,764.2872,764.2872,764.2872,51811.4,12.0,764.2872,764.2872,764.2872,True,66,43.32,-71.18,24779,50523,1,New Hampshire,NH,Northeast,True,63.0,60–69,$23k–$28k,$45k–$58k,1,Credit,Mastercard credit,2017,Customer's first card,$6k–$9k,
3990,455,Visa,Debit,4325994913282358,02/2021,114,NO,1,14959,07/2011,2011,No,2011-07-01,24139,174.061085,162.301085,174.061085,52412.17,12.0,174.061085,162.301085,174.061085,True,41,40.66,-73.73,24412,49776,3,New York,NY,Northeast,True,32.0,30–39,$23k–$28k,$45k–$58k,3,Debit,Visa debit,2011,Customer's first card,,$12k–$16k
4064,455,Visa,Debit,4573359573640504,10/2022,267,YES,2,19713,07/2017,2017,No,2017-07-01,24211,82.49283,76.27283,82.49283,24479.66,12.0,82.49283,76.27283,82.49283,False,41,40.66,-73.73,24412,49776,3,New York,NY,Northeast,True,38.0,30–39,$23k–$28k,$45k–$58k,3,Debit,Visa debit,2017,Extra card,,$16k–$20k
348,455,Mastercard,Debit (Prepaid),5146076432064543,03/2022,662,YES,1,90,01/2015,2015,No,2015-01-01,24181,0.0,0.0,65.12692,8033.84,12.0,0.0,0.0,65.12692,False,41,40.66,-73.73,24412,49776,3,New York,NY,Northeast,True,36.0,30–39,$23k–$28k,$45k–$58k,3,Prepaid,Mastercard prepaid,2015,Extra card,,
3150,328,Mastercard,Debit,5900781818896314,08/2024,694,YES,2,15125,05/2014,2014,No,2014-05-01,24173,111.484575,106.984575,111.484575,29478.15,12.0,111.484575,106.984575,111.484575,False,45,35.19,-80.83,17817,36323,3,North Carolina,NC,South,True,39.0,30–39,$16k–$19k,$30k–$37k,3,Debit,Mastercard debit,2014,Extra card,,$12k–$16k
1263,328,Visa,Credit,4737448001688514,06/2020,626,YES,2,13200,02/2010,2010,No,2010-02-01,24122,919.04994,838.76994,919.04994,52670.33,12.0,919.04994,838.76994,919.04994,False,45,35.19,-80.83,17817,36323,3,North Carolina,NC,South,True,35.0,30–39,$16k–$19k,$30k–$37k,3,Credit,Visa credit,2010,Extra card,$11k–$15k,
364,1282,Visa,Debit,4470396121935962,11/2023,109,YES,1,13193,01/2017,2017,No,2017-01-01,24205,108.711725,104.311725,108.711725,19871.45,12.0,108.711725,104.311725,108.711725,False,34,45.76,-108.57,20231,41249,2,Montana,MT,West,True,31.0,30–39,$19k–$23k,$37k–$45k,2,Debit,Visa debit,2017,Extra card,,$12k–$16k
4815,1282,Mastercard,Debit,5359387075130556,05/2020,975,YES,1,16187,09/2011,2011,No,2011-09-01,24141,196.855045,190.655045,196.855045,42037.09,12.0,196.855045,190.655045,196.855045,True,34,45.76,-108.57,20231,41249,2,Montana,MT,West,True,26.0,Under 30,$19k–$23k,$37k–$45k,2,Debit,Mastercard debit,2011,Customer's first card,,$16k–$20k
2266,1693,Visa,Credit,4745663916245954,08/2023,938,NO,2,29900,03/2010,2017,No,2010-03-01,24123,575.9665200000001,529.88652,575.9665200000001,34962.14,12.0,575.9665200000001,529.88652,575.9665200000001,False,36,33.61,-111.89,36300,74016,2,Arizona,AZ,West,True,26.0,Under 30,$28k–$163k,$58k–$280k,2,Credit,Visa credit,2010,Extra card,$15k–$98k,
2719,360,Mastercard,Debit,5168276651669097,07/2022,939,YES,2,15972,04/2013,2013,No,2013-04-01,24160,160.115655,158.375655,160.115655,21445.31,12.0,160.115655,158.375655,160.115655,False,43,39.22,-74.8,22697,46278,4,New Jersey,NJ,Northeast,True,36.0,30–39,$23k–$28k,$45k–$58k,4,Debit,Mastercard debit,2013,Extra card,,$16k–$20k
4441,360,Visa,Debit,4005308847294610,10/2018,106,YES,1,22342,08/2014,2014,No,2014-08-01,24176,105.635445,104.895445,105.635445,13549.89,12.0,105.635445,104.895445,105.635445,False,43,39.22,-74.8,22697,46278,4,New Jersey,NJ,Northeast,True,38.0,30–39,$23k–$28k,$45k–$58k,4,Debit,Visa debit,2014,Extra card,,$20k–$27k
3592,360,Mastercard,Debit,5008326450243575,04/2020,382,NO,1,21058,06/2015,2015,No,2015-06-01,24186,112.24065,110.29567,112.24065,14516.3,12.0,112.24065,110.29567,112.24065,False,43,39.22,-74.8,22697,46278,4,New Jersey,NJ,Northeast,True,38.0,30–39,$23k–$28k,$45k–$58k,4,Debit,Mastercard debit,2015,Extra card,,$20k–$27k
5205,1794,Mastercard,Debit,5320717372996306,07/2024,264,YES,2,4392,10/2010,2017,No,2010-10-01,24130,217.731935,202.511935,217.731935,56313.869999999995,12.0,217.731935,202.511935,217.731935,True,49,29.45,-98.5,36852,75137,1,Texas,TX,South,True,40.0,40–49,$28k–$163k,$58k–$280k,1,Debit,Mastercard debit,2010,Customer's first card,,$0k–$12k
3069,329,Mastercard,Credit,5376701080589928,10/2020,991,YES,1,12300,05/2010,2013,No,2010-05-01,24125,774.0792,750.6792,774.0792,47804.4,12.0,774.0792,750.6792,774.0792,True,70,34.39,-119.51,21191,36724,4,California,CA,West,True,60.0,60–69,$19k–$23k,$30k–$37k,4,Credit,Mastercard credit,2010,Customer's first card,$11k–$15k,
1362,329,Amex,Credit,337550322941360,04/2024,449,YES,2,11100,02/2016,2016,No,2016-02-01,24194,357.87834,355.71834,357.87834,21764.13,12.0,452.87834,450.71834,452.87834,False,70,34.39,-119.51,21191,36724,4,California,CA,West,True,66.0,60–69,$19k–$23k,$30k–$37k,4,Credit,Amex credit,2016,Extra card,$9k–$11k,
4788,329,Mastercard,Credit,5028747805927867,07/2024,278,YES,1,9500,09/2010,2015,No,2010-09-01,24129,535.73562,533.5756200000001,535.73562,32957.09,12.0,535.73562,533.5756200000001,535.73562,False,70,34.39,-119.51,21191,36724,4,California,CA,West,True,61.0,60–69,$19k–$23k,$30k–$37k,4,Credit,Mastercard credit,2010,Extra card,$9k–$11k,
2361,598,Visa,Credit,4497075414603384,10/2021,609,YES,2,11400,03/2016,2016,No,2016-03-01,24195,1023.45894,1005.45894,1023.45894,58043.83,12.0,1023.45894,1005.45894,1023.45894,False,47,44.22,-71.74,21159,43144,3,New Hampshire,NH,Northeast,True,43.0,40–49,$19k–$23k,$37k–$45k,3,Credit,Visa credit,2016,Extra card,$11k–$15k,
2267,1777,Visa,Credit,4287715741686227,12/2020,945,YES,1,12700,03/2010,2020,No,2010-03-01,24123,340.69446,309.01446,340.69446,20751.47,12.0,340.69446,309.01446,340.69446,False,47,38.83,-77.21,30622,62432,5,Virginia,VA,South,True,37.0,30–39,$28k–$163k,$58k–$280k,5,Credit,Visa credit,2010,Extra card,$11k–$15k,
1207,1777,Discover,Credit,6890958566283018,08/2018,17,YES,2,24400,02/2010,2011,No,2010-02-01,24122,377.85474,348.33474,377.85474,23242.93,12.0,377.85474,348.33474,377.85474,False,47,38.83,-77.21,30622,62432,5,Virginia,VA,South,True,37.0,30–39,$28k–$163k,$58k–$280k,5,Credit,Discover credit,2010,Extra card,$15k–$98k,
308,1872,Visa,Debit,4656088751958530,01/2022,257,YES,1,23300,01/2012,2012,No,2012-01-01,24145,46.30992,45.79992,46.30992,7503.84,12.0,46.30992,45.79992,46.30992,False,62,33.95,-84.54,33093,67470,6,Georgia,GA,South,True,54.0,50–59,$28k–$163k,$58k–$280k,6+,Debit,Visa debit,2012,Extra card,,$20k–$27k
3962,1872,Visa,Credit,4481314542302614,05/2023,653,YES,1,15900,07/2010,2013,No,2010-07-01,24127,198.06138,188.34138,198.06138,12391.41,12.0,198.06138,188.34138,198.06138,False,62,33.95,-84.54,33093,67470,6,Georgia,GA,South,True,52.0,50–59,$28k–$163k,$58k–$280k,6+,Credit,Visa credit,2010,Extra card,$15k–$98k,
2284,799,Mastercard,Credit,5608087801127195,02/2020,715,YES,2,7000,03/2011,2011,No,2011-03-01,24135,593.56764,558.28764,593.56764,37343.98,12.0,593.56764,558.28764,593.56764,True,34,42.88,-78.85,15461,31525,2,New York,NY,Northeast,True,25.0,Under 30,$0k–$16k,$30k–$37k,2,Credit,Mastercard credit,2011,Customer's first card,$6k–$9k,
4457,144,Mastercard,Debit,5962520384384662,11/2022,627,YES,2,14699,08/2016,2016,No,2016-08-01,24200,190.375755,186.765755,190.375755,29591.51,12.0,190.375755,186.765755,190.375755,False,44,34.5,-93.05,15857,32330,4,Arkansas,AR,South,True,41.0,40–49,$0k–$16k,$30k–$37k,4,Debit,Mastercard debit,2016,Extra card,,$12k–$16k
5247,144,Mastercard,Debit,5891798640440029,07/2022,370,YES,2,20289,10/2011,2011,No,2011-10-01,24142,351.98013,344.05012999999997,351.98013,60114.26,12.0,351.98013,344.05012999999997,351.98013,False,44,34.5,-93.05,15857,32330,4,Arkansas,AR,South,True,36.0,30–39,$0k–$16k,$30k–$37k,4,Debit,Mastercard debit,2011,Extra card,,$20k–$27k
2775,793,Visa,Credit,4030904159290027,04/2023,880,YES,1,13700,04/2017,2017,No,2017-04-01,24208,239.79258,235.11258,239.79258,15654.81,12.0,239.79258,235.11258,239.79258,False,73,26.14,-80.13,21084,42593,2,Florida,FL,South,True,70.0,70+,$19k–$23k,$37k–$45k,2,Credit,Visa credit,2017,Extra card,$11k–$15k,
4466,1179,Visa,Debit,4381450999997195,10/2024,135,YES,2,27313,08/2017,2017,No,2017-08-01,24212,19.61962,17.81962,19.61962,4549.24,12.0,19.61962,17.81962,19.61962,False,50,36.67,-76.3,24312,49570,5,Virginia,VA,South,True,48.0,40–49,$23k–$28k,$45k–$58k,5,Debit,Visa debit,2017,Extra card,,$27k–$138k
4760,1179,Discover,Credit,6340588661070812,02/2020,737,YES,1,12900,09/2010,2013,No,2010-09-01,24129,293.89608,256.45608,293.89608,17545.559999999998,12.0,293.89608,256.45608,293.89608,False,50,36.67,-76.3,24312,49570,5,Virginia,VA,South,True,41.0,40–49,$23k–$28k,$45k–$58k,5,Credit,Discover credit,2010,Extra card,$11k–$15k,
5283,114,Visa,Debit,4997086356987452,03/2023,106,YES,2,10676,10/2013,2013,No,2013-10-01,24166,243.750275,241.080275,243.750275,44227.55,12.0,243.750275,241.080275,243.750275,False,47,34.18,-118.39,16892,34441,4,California,CA,West,True,41.0,40–49,$16k–$19k,$30k–$37k,4,Debit,Visa debit,2013,Extra card,,$0k–$12k
3070,114,Mastercard,Debit,5471501151275219,01/2019,875,YES,2,16617,05/2010,2011,No,2010-05-01,24125,353.428,348.97799999999995,353.428,68520.0,12.0,353.428,348.97799999999995,353.428,False,47,34.18,-118.39,16892,34441,4,California,CA,West,True,37.0,30–39,$16k–$19k,$30k–$37k,4,Debit,Mastercard debit,2010,Extra card,,$16k–$20k
6112,1107,Mastercard,Debit,5678186427083264,04/2023,765,YES,1,16678,12/2015,2015,No,2015-12-01,24192,57.184115,57.184115,57.184115,8641.23,12.0,57.184115,57.184115,57.184115,False,71,42.23,-76.34,18323,40516,5,New York,NY,Northeast,True,67.0,60–69,$16k–$19k,$37k–$45k,5,Debit,Mastercard debit,2015,Extra card,,$16k–$20k
6079,517,Visa,Debit,4529198706544196,12/2019,956,YES,1,11254,12/2012,2012,No,2012-12-01,24156,92.887585,87.00758499999999,92.887585,8968.17,12.0,92.887585,87.00758499999999,92.887585,False,33,42.31,-83.21,11773,24009,4,Michigan,MI,Midwest,True,26.0,Under 30,$0k–$16k,$0k–$30k,4,Debit,Visa debit,2012,Extra card,,$0k–$12k
5335,517,Visa,Debit,4624298880024351,05/2023,695,NO,2,10703,10/2018,2018,No,2018-10-01,24226,49.9757,47.0557,49.9757,5298.4,12.0,49.9757,47.0557,49.9757,False,33,42.31,-83.21,11773,24009,4,Michigan,MI,Midwest,True,32.0,30–39,$0k–$16k,$0k–$30k,4,Debit,Visa debit,2018,Extra card,,$0k–$12k
5327,1992,Visa,Debit (Prepaid),4735444171765440,04/2021,440,YES,1,71,10/2017,2017,No,2017-10-01,24214,0.0,0.0,75.355915,8942.83,12.0,0.0,0.0,75.355915,False,63,36.61,-89.81,11636,23725,5,Missouri,MO,Midwest,True,61.0,60–69,$0k–$16k,$0k–$30k,5,Prepaid,Visa prepaid,2017,Extra card,,
4442,1992,Visa,Debit,4464255837780501,09/2016,11,YES,1,13382,08/2014,2014,No,2014-08-01,24176,77.444125,76.194125,77.444125,10052.25,12.0,77.444125,76.194125,77.444125,False,63,36.61,-89.81,11636,23725,5,Missouri,MO,Midwest,True,58.0,50–59,$0k–$16k,$0k–$30k,5,Debit,Visa debit,2014,Extra card,,$12k–$16k
2269,789,Visa,Debit,4466987531926977,04/2024,542,YES,3,15143,03/2010,2014,No,2010-03-01,24123,64.246905,63.806905,64.246905,18504.81,12.0,64.246905,63.806905,64.246905,False,43,39.59,-75.17,24417,49788,3,New Jersey,NJ,Northeast,True,33.0,30–39,$23k–$28k,$45k–$58k,3,Debit,Visa debit,2010,Extra card,,$12k–$16k
3071,742,Mastercard,Credit,5867727546265982,10/2010,868,YES,2,12700,05/2010,2010,No,2010-05-01,24125,345.57642,321.45642000000004,345.57642,22108.69,6.0,345.57642,321.45642000000004,345.57642,False,69,38.74,-77.48,24016,50753,4,Virginia,VA,South,True,59.0,50–59,$23k–$28k,$45k–$58k,4,Credit,Mastercard credit,2010,Extra card,$11k–$15k,
3943,742,Mastercard,Debit,5524375174709990,04/2020,727,NO,2,22839,07/2010,2015,No,2010-07-01,24127,92.517875,86.177875,92.517875,36379.75,12.0,92.517875,86.177875,92.517875,False,69,38.74,-77.48,24016,50753,4,Virginia,VA,South,True,59.0,50–59,$23k–$28k,$45k–$58k,4,Debit,Mastercard debit,2010,Extra card,,$20k–$27k
2713,523,Discover,Credit,6364215863625390,10/2023,14,YES,1,13000,04/2013,2013,No,2013-04-01,24160,1417.33836,1288.81836,1417.33836,85082.02,12.0,1417.33836,1288.81836,1417.33836,True,27,42.77,-86.1,18877,38487,4,Michigan,MI,Midwest,True,20.0,Under 30,$16k–$19k,$37k–$45k,4,Credit,Discover credit,2013,Customer's first card,$11k–$15k,
3612,523,Mastercard,Debit,5690509651153906,05/2022,573,YES,2,20430,06/2016,2016,No,2016-06-01,24198,171.332865,165.82286499999998,171.332865,42842.73,12.0,171.332865,165.82286499999998,171.332865,False,27,42.77,-86.1,18877,38487,4,Michigan,MI,Midwest,True,23.0,Under 30,$16k–$19k,$37k–$45k,4,Debit,Mastercard debit,2016,Extra card,,$20k–$27k
2771,928,Mastercard,Debit,5578069135826637,07/2019,703,YES,1,10882,04/2017,2017,No,2017-04-01,24208,26.450295,26.450295,26.450295,3186.59,12.0,26.450295,26.450295,26.450295,False,59,29.76,-95.38,15862,32347,7,Texas,TX,South,True,56.0,50–59,$16k–$19k,$30k–$37k,6+,Debit,Mastercard debit,2017,Extra card,,$0k–$12k
3572,928,Visa,Debit,4323438857314993,03/2022,40,YES,1,19454,06/2013,2013,No,2013-06-01,24162,50.56373,50.34373,50.56373,6751.46,12.0,50.56373,50.34373,50.56373,False,59,29.76,-95.38,15862,32347,7,Texas,TX,South,True,52.0,50–59,$16k–$19k,$30k–$37k,6+,Debit,Visa debit,2013,Extra card,,$16k–$20k
3152,928,Mastercard,Debit,5075857376370680,02/2020,982,YES,1,19624,05/2014,2014,No,2014-05-01,24173,31.51034,31.51034,31.51034,5521.68,12.0,31.51034,31.51034,31.51034,False,59,29.76,-95.38,15862,32347,7,Texas,TX,South,True,53.0,50–59,$16k–$19k,$30k–$37k,6+,Debit,Mastercard debit,2014,Extra card,,$16k–$20k
1203,928,Amex,Credit,322674119450622,08/2012,250,YES,1,8700,02/2010,2010,No,2010-02-01,24122,111.8484,111.8484,111.8484,7667.8,12.0,206.8484,206.8484,206.8484,False,59,29.76,-95.38,15862,32347,7,Texas,TX,South,True,49.0,40–49,$16k–$19k,$30k–$37k,6+,Credit,Amex credit,2010,Extra card,$9k–$11k,
4335,928,Mastercard,Credit,5170430476017818,06/2023,817,YES,1,7300,08/2010,2013,No,2010-08-01,24128,121.84722,121.84722,121.84722,7635.29,12.0,121.84722,121.84722,121.84722,False,59,29.76,-95.38,15862,32347,7,Texas,TX,South,True,50.0,50–59,$16k–$19k,$30k–$37k,6+,Credit,Mastercard credit,2010,Extra card,$6k–$9k,
3506,1642,Visa,Credit,4941217468452968,03/2015,160,YES,2,12200,06/2010,2010,No,2010-06-01,24126,303.82362,303.82362,303.82362,19343.09,12.0,303.82362,303.82362,303.82362,False,37,39.96,-74.06,19848,40470,5,New Jersey,NJ,Northeast,True,27.0,Under 30,$19k–$23k,$37k–$45k,5,Credit,Visa credit,2010,Extra card,$11k–$15k,
3573,1642,Visa,Credit,4222423291346252,01/2021,67,YES,1,5000,06/2013,2013,No,2013-06-01,24162,146.94048,146.94048,146.94048,8761.36,12.0,146.94048,146.94048,146.94048,False,37,39.96,-74.06,19848,40470,5,New Jersey,NJ,Northeast,True,30.0,30–39,$19k–$23k,$37k–$45k,5,Credit,Visa credit,2013,Extra card,$0k–$6k,
5206,1642,Mastercard,Credit,5451362125568437,03/2020,365,YES,1,11200,10/2010,2010,No,2010-10-01,24130,103.61682,103.61682,103.61682,5809.49,12.0,103.61682,103.61682,103.61682,False,37,39.96,-74.06,19848,40470,5,New Jersey,NJ,Northeast,True,28.0,Under 30,$19k–$23k,$37k–$45k,5,Credit,Mastercard credit,2010,Extra card,$9k–$11k,
6034,1642,Visa,Credit,4759687155885583,07/2016,34,NO,2,11200,12/2010,2011,No,2010-12-01,24132,118.70568,118.70568,118.70568,6964.759999999999,12.0,118.70568,118.70568,118.70568,False,37,39.96,-74.06,19848,40470,5,New Jersey,NJ,Northeast,True,28.0,Under 30,$19k–$23k,$37k–$45k,5,Credit,Visa credit,2010,Extra card,$9k–$11k,
4357,795,Discover,Credit,6917280872761373,04/2020,315,YES,2,16100,08/2011,2011,No,2011-08-01,24140,879.5012399999999,871.58124,879.5012399999999,52682.18,12.0,879.5012399999999,871.58124,879.5012399999999,False,40,32.79,-96.76,37234,75918,2,Texas,TX,South,True,32.0,30–39,$28k–$163k,$58k–$280k,2,Credit,Discover credit,2011,Extra card,$15k–$98k,
6096,237,Visa,Credit,4187289847634833,04/2021,798,NO,2,4300,12/2013,2013,No,2013-12-01,24168,588.99042,528.87042,588.99042,34643.69,12.0,588.99042,528.87042,588.99042,False,42,37.96,-121.76,28733,58584,2,California,CA,West,True,36.0,30–39,$28k–$163k,$58k–$280k,2,Credit,Visa credit,2013,Extra card,$0k–$6k,
3574,237,Visa,Debit,4145423192370462,02/2021,398,NO,1,38900,06/2013,2013,No,2013-06-01,24162,144.237025,136.147025,144.237025,35870.05,12.0,144.237025,136.147025,144.237025,True,42,37.96,-121.76,28733,58584,2,California,CA,West,True,35.0,30–39,$28k–$163k,$58k–$280k,2,Debit,Visa debit,2013,Customer's first card,,$27k–$138k
3593,2,Mastercard,Debit,5458954548704072,07/2024,47,YES,1,9001,06/2015,2015,No,2015-06-01,24186,47.000145,46.760145,47.000145,6137.29,12.0,47.000145,46.760145,47.000145,False,48,40.84,-73.87,13461,27447,5,New York,NY,Northeast,True,43.0,40–49,$0k–$16k,$0k–$30k,5,Debit,Mastercard debit,2015,Extra card,,$0k–$12k
6073,2,Mastercard,Debit,5617443939610345,08/2024,813,YES,2,16491,12/2012,2012,No,2012-12-01,24156,74.988405,74.518405,74.988405,9155.81,12.0,74.988405,74.518405,74.988405,False,48,40.84,-73.87,13461,27447,5,New York,NY,Northeast,True,41.0,40–49,$0k–$16k,$0k–$30k,5,Debit,Mastercard debit,2012,Extra card,,$16k–$20k
3153,313,Mastercard,Debit,5401966281135701,02/2023,737,YES,2,12183,05/2014,2014,No,2014-05-01,24173,118.192525,117.122525,118.192525,16252.05,12.0,118.192525,117.122525,118.192525,False,32,36.73,-95.94,16453,33548,2,Oklahoma,OK,South,True,26.0,Under 30,$16k–$19k,$30k–$37k,2,Debit,Mastercard debit,2014,Extra card,,$12k–$16k
4804,313,Visa,Credit,4142618269549473,12/2022,716,YES,1,8900,09/2010,2016,No,2010-09-01,24129,497.06964,491.30964,497.06964,30725.98,12.0,497.06964,491.30964,497.06964,True,32,36.73,-95.94,16453,33548,2,Oklahoma,OK,South,True,23.0,Under 30,$16k–$19k,$30k–$37k,2,Credit,Visa credit,2010,Customer's first card,$9k–$11k,
4354,989,Visa,Debit,4353181605005049,02/2021,19,YES,2,4707,08/2010,2010,No,2010-08-01,24128,52.104335,51.314335,52.104335,15589.67,12.0,52.104335,51.314335,52.104335,False,78,38.87,-77.4,46175,113514,8,Virginia,VA,South,True,69.0,60–69,$28k–$163k,$58k–$280k,6+,Debit,Visa debit,2010,Extra card,,$0k–$12k
3039,989,Amex,Credit,309385388804488,01/2024,251,YES,1,16200,05/2010,2010,No,2010-05-01,24125,735.00318,733.20318,735.00318,40833.51,12.0,830.00318,828.20318,830.00318,False,78,38.87,-77.4,46175,113514,8,Virginia,VA,South,True,68.0,60–69,$28k–$163k,$58k–$280k,6+,Credit,Amex credit,2010,Extra card,$15k–$98k,
3979,989,Mastercard,Debit,5270284172540389,05/2024,714,YES,3,27178,07/2011,2011,No,2011-07-01,24139,39.398005,38.868005,39.398005,12446.01,12.0,39.398005,38.868005,39.398005,False,78,38.87,-77.4,46175,113514,8,Virginia,VA,South,True,69.0,60–69,$28k–$163k,$58k–$280k,6+,Debit,Mastercard debit,2011,Extra card,,$27k–$138k
2653,1983,Mastercard,Debit,5340780229634197,07/2023,257,YES,1,47211,04/2010,2010,No,2010-04-01,24124,141.67324,139.97323999999998,141.67324,26751.48,12.0,141.67324,139.97323999999998,141.67324,False,50,33.55,-117.78,69236,141161,3,California,CA,West,True,40.0,40–49,$28k–$163k,$58k–$280k,3,Debit,Mastercard debit,2010,Extra card,,$27k–$138k
1384,1091,Visa,Debit,4330882727770787,10/2019,22,YES,1,29685,02/2018,2018,No,2018-02-01,24218,47.266475,46.006475,47.266475,7642.95,12.0,47.266475,46.006475,47.266475,False,32,39.3,-76.61,26431,53890,4,Maryland,MD,South,True,30.0,30–39,$23k–$28k,$45k–$58k,4,Debit,Visa debit,2018,Extra card,,$27k–$138k
3507,1091,Visa,Credit,4724864981660920,08/2024,403,NO,1,12700,06/2010,2013,No,2010-06-01,24126,175.8168,174.0168,175.8168,10581.6,12.0,175.8168,174.0168,175.8168,False,32,39.3,-76.61,26431,53890,4,Maryland,MD,South,True,22.0,Under 30,$23k–$28k,$45k–$58k,4,Credit,Visa credit,2010,Extra card,$11k–$15k,
3101,759,Mastercard,Debit,5565412921641370,09/2024,992,YES,1,25059,05/2011,2011,No,2011-05-01,24137,57.22059,57.22059,57.22059,14590.18,12.0,57.22059,57.22059,57.22059,False,60,35.92,-86.84,36563,74550,4,Tennessee,TN,South,True,51.0,50–59,$28k–$163k,$58k–$280k,4,Debit,Mastercard debit,2011,Extra card,,$20k–$27k
3632,1618,Mastercard,Debit,5677315632040269,01/2020,927,YES,1,21280,06/2018,2018,No,2018-06-01,24222,75.7979,75.7979,75.7979,15568.8,12.0,75.7979,75.7979,75.7979,False,53,40.91,-73.82,34646,70634,4,New York,NY,Northeast,True,51.0,50–59,$28k–$163k,$58k–$280k,4,Debit,Mastercard debit,2018,Extra card,,$20k–$27k
5729,1618,Visa,Debit,4032385619436581,03/2022,88,YES,2,37619,11/2016,2016,No,2016-11-01,24203,96.43939,96.43939,96.43939,22575.78,12.0,96.43939,96.43939,96.43939,False,53,40.91,-73.82,34646,70634,4,New York,NY,Northeast,True,50.0,50–59,$28k–$163k,$58k–$280k,4,Debit,Visa debit,2016,Extra card,,$27k–$138k
5300,1237,Visa,Debit,4967614598666288,12/2020,790,YES,2,16053,10/2014,2014,No,2014-10-01,24178,74.13855,73.05855,74.13855,9494.1,12.0,74.13855,73.05855,74.13855,False,46,42.37,-87.86,15770,32150,6,Illinois,IL,Midwest,True,41.0,40–49,$0k–$16k,$30k–$37k,6+,Debit,Visa debit,2014,Extra card,,$16k–$20k
3944,1237,Mastercard,Debit,5293034450657206,09/2021,829,YES,1,14385,07/2010,2012,No,2010-07-01,24127,86.579015,85.239015,86.579015,9556.03,12.0,86.579015,85.239015,86.579015,False,46,42.37,-87.86,15770,32150,6,Illinois,IL,Midwest,True,36.0,30–39,$0k–$16k,$30k–$37k,6+,Debit,Mastercard debit,2010,Extra card,,$12k–$16k
4012,646,Mastercard,Debit,5084129042406429,05/2022,379,YES,2,15822,07/2013,2013,No,2013-07-01,24163,81.622685,79.352685,81.622685,13786.37,12.0,81.622685,79.352685,81.622685,False,38,41.47,-81.67,21402,43634,3,Ohio,OH,Midwest,True,31.0,30–39,$19k–$23k,$37k–$45k,3,Debit,Mastercard debit,2013,Extra card,,$12k–$16k
6090,646,Mastercard,Debit,5171925674822493,08/2023,349,YES,1,17057,12/2013,2013,No,2013-12-01,24168,63.223985,62.663985,63.223985,11176.97,12.0,63.223985,62.663985,63.223985,False,38,41.47,-81.67,21402,43634,3,Ohio,OH,Midwest,True,32.0,30–39,$19k–$23k,$37k–$45k,3,Debit,Mastercard debit,2013,Extra card,,$16k–$20k
4355,631,Visa,Debit,4085525339324208,09/2023,988,YES,1,1740,08/2010,2010,No,2010-08-01,24128,39.869815,39.649815,39.869815,7301.63,12.0,39.869815,39.649815,39.869815,False,83,35.46,-97.51,17070,33811,7,Oklahoma,OK,South,True,74.0,70+,$16k–$19k,$30k–$37k,6+,Debit,Visa debit,2010,Extra card,,$0k–$12k
2270,738,Visa,Credit,4975397225900594,10/2022,633,YES,2,19300,03/2010,2010,No,2010-03-01,24123,394.48386,378.64386,394.48386,24340.77,12.0,394.48386,378.64386,394.48386,False,57,40.02,-105.25,31377,63974,4,Colorado,CO,West,True,47.0,40–49,$28k–$163k,$58k–$280k,4,Credit,Visa credit,2010,Extra card,$15k–$98k,
5620,459,Mastercard,Debit,5455692825493528,05/2024,886,YES,2,1200,11/2010,2010,No,2010-11-01,24131,99.64297,97.32297,99.64297,17553.94,12.0,99.64297,97.32297,99.64297,False,65,33.36,-81.28,12387,25257,6,South Carolina,SC,South,True,56.0,50–59,$0k–$16k,$0k–$30k,6+,Debit,Mastercard debit,2010,Extra card,,$0k–$12k
3170,459,Visa,Credit,4702160782866812,07/2022,32,YES,1,6300,05/2015,2015,No,2015-05-01,24185,90.51336,89.07336,90.51336,5683.52,12.0,90.51336,89.07336,90.51336,False,65,33.36,-81.28,12387,25257,6,South Carolina,SC,South,True,60.0,60–69,$0k–$16k,$0k–$30k,6+,Credit,Visa credit,2015,Extra card,$6k–$9k,
3625,459,Visa,Debit,4777682501119860,03/2022,841,NO,2,10636,06/2017,2017,No,2017-06-01,24210,49.94922,49.24922,49.94922,8457.44,12.0,49.94922,49.24922,49.94922,False,65,33.36,-81.28,12387,25257,6,South Carolina,SC,South,True,62.0,60–69,$0k–$16k,$0k–$30k,6+,Debit,Visa debit,2017,Extra card,,$0k–$12k
3980,55,Mastercard,Debit,5603953556223249,07/2021,279,YES,2,6056,07/2011,2011,No,2011-07-01,24139,77.68726,77.68726,77.68726,5605.52,12.0,77.68726,77.68726,77.68726,False,61,37.92,-122.34,21869,44583,5,California,CA,West,True,52.0,50–59,$19k–$23k,$45k–$58k,5,Debit,Mastercard debit,2011,Extra card,,$0k–$12k
6037,1370,Discover,Credit,6423896642709968,12/2024,893,YES,1,18400,12/2011,2011,No,2011-12-01,24144,256.3542,244.4742,256.3542,15408.9,12.0,256.3542,244.4742,256.3542,False,62,38.44,-121.3,25949,52908,4,California,CA,West,True,54.0,50–59,$23k–$28k,$45k–$58k,4,Credit,Discover credit,2011,Extra card,$15k–$98k,
3464,1370,Amex,Credit,354174665165986,02/2023,490,YES,2,25100,06/2010,2010,No,2010-06-01,24126,637.63794,627.19794,637.63794,38894.33,12.0,732.63794,722.19794,732.63794,False,62,38.44,-121.3,25949,52908,4,California,CA,West,True,52.0,50–59,$23k–$28k,$45k–$58k,4,Credit,Amex credit,2010,Extra card,$15k–$98k,
4458,897,Mastercard,Debit,5039518885202193,09/2022,731,NO,1,13460,08/2016,2016,No,2016-08-01,24200,158.03319,158.03319,158.03319,18844.38,12.0,158.03319,158.03319,158.03319,True,30,31.07,-83.19,13238,26996,2,Georgia,GA,South,True,27.0,Under 30,$0k–$16k,$0k–$30k,2,Debit,Mastercard debit,2016,Customer's first card,,$12k–$16k
6018,1781,Mastercard,Debit,5271577810389285,11/2023,444,NO,2,14959,12/2010,2013,No,2010-12-01,24132,77.531275,77.531275,77.531275,11958.55,12.0,77.531275,77.531275,77.531275,False,29,42.93,-75.46,17681,36050,3,New York,NY,Northeast,True,20.0,Under 30,$16k–$19k,$30k–$37k,3,Debit,Mastercard debit,2010,Extra card,,$12k–$16k
3129,457,Amex,Credit,323995995043195,03/2021,845,YES,2,4300,05/2013,2013,No,2013-05-01,24161,231.74586,231.74586,231.74586,14419.77,12.0,326.74586,326.74586,326.74586,False,34,35.19,-80.83,17817,36324,4,North Carolina,NC,South,True,27.0,Under 30,$16k–$19k,$30k–$37k,4,Credit,Amex credit,2013,Extra card,$0k–$6k,
2740,160,Visa,Debit,4052223642085368,11/2020,695,YES,1,15204,04/2014,2014,No,2014-04-01,24172,192.855895,189.385895,192.855895,34233.79,12.0,192.855895,189.385895,192.855895,True,44,38.91,-75.43,18622,37965,3,Delaware,DE,South,True,38.0,30–39,$16k–$19k,$37k–$45k,3,Debit,Visa debit,2014,Customer's first card,,$12k–$16k
4914,160,Mastercard,Debit (Prepaid),5097177024373449,03/2020,487,YES,1,79,09/2017,2017,No,2017-09-01,24213,0.0,0.0,104.81432,11495.64,12.0,0.0,0.0,104.81432,False,44,38.91,-75.43,18622,37965,3,Delaware,DE,South,True,42.0,40–49,$16k–$19k,$37k–$45k,3,Prepaid,Mastercard prepaid,2017,Extra card,,
1208,984,Discover,Credit,6617667813539645,06/2022,357,YES,2,6900,02/2010,2015,No,2010-02-01,24122,248.80662,72.76662,248.80662,14439.59,12.0,248.80662,72.76662,248.80662,False,63,28.3,-81.41,16150,32928,5,Florida,FL,South,True,53.0,50–59,$16k–$19k,$30k–$37k,5,Credit,Discover credit,2010,Extra card,$6k–$9k,
3594,1434,Mastercard,Credit,5582873367992936,05/2016,523,YES,1,4300,06/2015,2015,No,2015-06-01,24186,63.56844,63.56844,63.56844,4955.58,12.0,63.56844,63.56844,63.56844,False,62,26.45,-80.08,20055,40891,4,Florida,FL,South,True,57.0,50–59,$19k–$23k,$37k–$45k,4,Credit,Mastercard credit,2015,Extra card,$0k–$6k,
5640,1909,Visa,Debit,4129826777465625,11/2021,941,YES,1,9599,11/2010,2010,No,2010-11-01,24131,133.08937,129.10936999999998,133.08937,12466.74,12.0,133.08937,129.10936999999998,133.08937,False,56,34.02,-118.28,13002,26510,4,California,CA,West,True,47.0,40–49,$0k–$16k,$0k–$30k,4,Debit,Visa debit,2010,Extra card,,$0k–$12k
4017,1909,Visa,Debit,4928809249781808,09/2021,962,YES,1,8177,07/2013,2013,No,2013-07-01,24163,101.21629,98.67629,101.21629,9441.58,12.0,101.21629,98.67629,101.21629,False,56,34.02,-118.28,13002,26510,4,California,CA,West,True,49.0,40–49,$0k–$16k,$0k–$30k,4,Debit,Visa debit,2013,Extra card,,$0k–$12k
5207,1909,Mastercard,Debit,5244932923677516,07/2020,633,YES,2,3658,10/2010,2016,No,2010-10-01,24130,143.86148,140.11148,143.86148,13610.96,12.0,143.86148,140.11148,143.86148,False,56,34.02,-118.28,13002,26510,4,California,CA,West,True,47.0,40–49,$0k–$16k,$0k–$30k,4,Debit,Mastercard debit,2010,Extra card,,$0k–$12k
4057,1356,Mastercard,Debit,5859718770565482,08/2020,127,YES,1,12170,07/2017,2017,No,2017-07-01,24211,138.930265,135.00026499999998,138.930265,18384.53,12.0,138.930265,135.00026499999998,138.930265,False,84,44.99,-91.72,19196,26676,5,Wisconsin,WI,Midwest,True,81.0,70+,$19k–$23k,$0k–$30k,5,Debit,Mastercard debit,2017,Extra card,,$12k–$16k
1264,265,Visa,Credit,4179464821874368,10/2022,376,YES,2,16600,02/2010,2010,No,2010-02-01,24122,278.66358,266.06358,278.66358,19190.31,12.0,278.66358,266.06358,278.66358,False,44,27.8,-97.39,22314,45497,3,Texas,TX,South,True,34.0,30–39,$19k–$23k,$45k–$58k,3,Credit,Visa credit,2010,Extra card,$15k–$98k,
2305,265,Mastercard,Debit,5187470414488999,05/2023,680,NO,1,13900,03/2012,2012,No,2012-03-01,24147,125.292985,123.942985,125.292985,18843.97,12.0,125.292985,123.942985,125.292985,False,44,27.8,-97.39,22314,45497,3,Texas,TX,South,True,36.0,30–39,$19k–$23k,$45k–$58k,3,Debit,Mastercard debit,2012,Extra card,,$12k–$16k
3159,1089,Visa,Debit,4171386450929978,10/2020,702,YES,1,32269,05/2014,2014,No,2014-05-01,24173,108.571205,105.211205,108.571205,27451.41,12.0,108.571205,105.211205,108.571205,False,31,38.22,-85.74,25258,51501,3,Kentucky,KY,South,True,25.0,Under 30,$23k–$28k,$45k–$58k,3,Debit,Visa debit,2014,Extra card,,$27k–$138k
3487,1089,Mastercard,Debit (Prepaid),5992452355066267,07/2010,255,YES,1,68,06/2010,2011,No,2010-06-01,24126,0.0,0.0,20.67972,2128.44,2.0,0.0,0.0,20.67972,True,31,38.22,-85.74,25258,51501,3,Kentucky,KY,South,True,21.0,Under 30,$23k–$28k,$45k–$58k,3,Prepaid,Mastercard prepaid,2010,Customer's first card,,
2682,1089,Mastercard,Debit,5862553540544506,08/2022,206,YES,2,25390,04/2011,2011,No,2011-04-01,24136,183.799465,176.959465,183.799465,48963.93,12.0,183.799465,176.959465,183.799465,False,31,38.22,-85.74,25258,51501,3,Kentucky,KY,South,True,22.0,Under 30,$23k–$28k,$45k–$58k,3,Debit,Mastercard debit,2011,Extra card,,$20k–$27k
4002,614,Mastercard,Debit,5953826141797560,07/2024,781,YES,1,19508,07/2012,2012,No,2012-07-01,24151,36.638535,36.638535,36.638535,6260.07,12.0,36.638535,36.638535,36.638535,False,84,35.4,-80.59,20570,16430,7,North Carolina,NC,South,True,76.0,70+,$19k–$23k,$0k–$30k,6+,Debit,Mastercard debit,2012,Extra card,,$16k–$20k
6065,614,Visa,Debit,4009824948264772,12/2011,343,YES,2,25059,12/2011,2011,No,2011-12-01,24144,3.67999,3.67999,3.67999,639.98,1.0,3.67999,3.67999,3.67999,False,84,35.4,-80.59,20570,16430,7,North Carolina,NC,South,True,76.0,70+,$19k–$23k,$0k–$30k,6+,Debit,Visa debit,2011,Extra card,,$20k–$27k
340,814,Visa,Credit,4458593801378188,07/2024,713,YES,2,7400,01/2014,2014,No,2014-01-01,24169,170.64342,152.28342,170.64342,11592.19,12.0,170.64342,152.28342,170.64342,False,72,27.98,-80.66,15318,16302,4,Florida,FL,South,True,66.0,60–69,$0k–$16k,$0k–$30k,4,Credit,Visa credit,2014,Extra card,$6k–$9k,
4444,814,Visa,Credit,4107536740374307,04/2018,877,YES,1,7700,08/2014,2014,No,2014-08-01,24176,159.7383,156.4983,159.7383,10293.35,12.0,159.7383,156.4983,159.7383,False,72,27.98,-80.66,15318,16302,4,Florida,FL,South,True,67.0,60–69,$0k–$16k,$0k–$30k,4,Credit,Visa credit,2014,Extra card,$6k–$9k,
5267,305,Visa,Debit,4608939462503365,11/2015,656,NO,1,13767,10/2012,2012,No,2012-10-01,24154,285.846125,285.596125,285.846125,35664.25,12.0,285.846125,285.596125,285.846125,False,51,44.37,-73.4,14415,29388,3,New York,NY,Northeast,True,44.0,40–49,$0k–$16k,$0k–$30k,3,Debit,Visa debit,2012,Extra card,,$12k–$16k
341,305,Visa,Debit (Prepaid),4181646920762737,05/2020,86,YES,1,90,01/2014,2014,No,2014-01-01,24169,0.0,0.0,156.25607,16107.14,12.0,0.0,0.0,156.25607,False,51,44.37,-73.4,14415,29388,3,New York,NY,Northeast,True,45.0,40–49,$0k–$16k,$0k–$30k,3,Prepaid,Visa prepaid,2014,Extra card,,
2338,1225,Visa,Credit,4529057760721503,04/2020,270,YES,2,2400,03/2014,2014,No,2014-03-01,24171,241.32797999999997,233.04798,241.32797999999997,14307.11,12.0,241.32797999999997,233.04798,241.32797999999997,False,54,37.97,-122.5,30819,62837,3,California,CA,West,False,48.0,40–49,$28k–$163k,$58k–$280k,3,Credit,Visa credit,2014,Extra card,$0k–$6k,
2690,1405,Visa,Debit (Prepaid),4465717590252409,10/2020,476,YES,2,62,04/2011,2011,No,2011-04-01,24136,0.0,0.0,26.83736,3274.72,12.0,0.0,0.0,26.83736,False,45,47.91,-97.07,23910,48755,8,North Dakota,ND,Midwest,True,36.0,30–39,$23k–$28k,$45k–$58k,6+,Prepaid,Visa prepaid,2011,Extra card,,
4844,1405,Visa,Debit,4700587500082036,01/2023,458,YES,1,26033,09/2012,2012,No,2012-09-01,24153,27.66246,25.95246,27.66246,6184.92,12.0,27.66246,25.95246,27.66246,False,45,47.91,-97.07,23910,48755,8,North Dakota,ND,Midwest,True,38.0,30–39,$23k–$28k,$45k–$58k,6+,Debit,Visa debit,2012,Extra card,,$20k–$27k
5994,1478,Discover,Credit,6113554012285569,03/2022,285,YES,2,14800,12/2010,2011,No,2010-12-01,24132,305.41698,288.13698,305.41698,18952.61,12.0,305.41698,288.13698,305.41698,False,39,38.93,-121.25,21829,44506,3,California,CA,West,True,30.0,30–39,$19k–$23k,$37k–$45k,3,Credit,Discover credit,2010,Extra card,$15k–$98k,
4789,1478,Mastercard,Debit,5418595509569231,09/2024,749,YES,2,4183,09/2010,2010,No,2010-09-01,24129,69.03448,67.25448,69.03448,11765.96,12.0,69.03448,67.25448,69.03448,False,39,38.93,-121.25,21829,44506,3,California,CA,West,True,30.0,30–39,$19k–$23k,$37k–$45k,3,Debit,Mastercard debit,2010,Extra card,,$0k–$12k
1237,1478,Mastercard,Debit,5024480860444789,03/2024,877,YES,1,6732,02/2010,2010,No,2010-02-01,24122,135.749475,131.739475,135.749475,37368.95,12.0,135.749475,131.739475,135.749475,True,39,38.93,-121.25,21829,44506,3,California,CA,West,True,29.0,Under 30,$19k–$23k,$37k–$45k,3,Debit,Mastercard debit,2010,Customer's first card,,$0k–$12k
4412,241,Mastercard,Debit,5648990684688270,09/2020,557,YES,1,18654,08/2013,2013,No,2013-08-01,24164,55.06567,52.93567,55.06567,8062.34,12.0,55.06567,52.93567,55.06567,False,58,34.93,-79.76,15009,30605,5,North Carolina,NC,South,True,52.0,50–59,$0k–$16k,$30k–$37k,5,Debit,Mastercard debit,2013,Extra card,,$16k–$20k
2749,241,Mastercard,Debit,5424175323034310,11/2018,340,YES,1,11143,04/2015,2015,No,2015-04-01,24184,42.95809,41.04809,42.95809,5870.18,12.0,42.95809,41.04809,42.95809,False,58,34.93,-79.76,15009,30605,5,North Carolina,NC,South,True,53.0,50–59,$0k–$16k,$30k–$37k,5,Debit,Mastercard debit,2015,Extra card,,$0k–$12k
3102,1258,Mastercard,Debit,5477831310262429,12/2020,288,YES,1,24326,05/2011,2011,No,2011-05-01,24137,46.4275,43.177499999999995,46.4275,7117.0,12.0,46.4275,43.177499999999995,46.4275,False,79,33.99,-117.53,19851,15470,7,California,CA,West,True,70.0,70+,$19k–$23k,$0k–$30k,6+,Debit,Mastercard debit,2011,Extra card,,$20k–$27k
4830,1258,Visa,Debit,4246770344294430,12/2014,779,YES,1,26158,09/2011,2011,No,2011-09-01,24141,41.456895,40.686895,41.456895,6181.79,12.0,41.456895,40.686895,41.456895,False,79,33.99,-117.53,19851,15470,7,California,CA,West,True,71.0,70+,$19k–$23k,$0k–$30k,6+,Debit,Visa debit,2011,Extra card,,$20k–$27k
3561,1258,Visa,Debit,4709355283958408,11/2022,7,NO,1,14484,06/2012,2012,No,2012-06-01,24150,34.86991,34.07991,34.86991,4441.82,12.0,34.86991,34.07991,34.86991,False,79,33.99,-117.53,19851,15470,7,California,CA,West,True,71.0,70+,$19k–$23k,$0k–$30k,6+,Debit,Visa debit,2012,Extra card,,$12k–$16k
5719,1315,Visa,Debit,4848774820047542,11/2024,454,YES,1,14514,11/2015,2015,No,2015-11-01,24191,89.478135,89.238135,89.478135,6846.27,12.0,89.478135,89.238135,89.478135,False,57,38.61,-88.78,15976,32576,4,Illinois,IL,Midwest,True,53.0,50–59,$16k–$19k,$30k–$37k,4,Debit,Visa debit,2015,Extra card,,$12k–$16k
4790,323,Mastercard,Credit,5017550508372775,09/2018,481,NO,1,5900,09/2010,2011,No,2010-09-01,24129,267.0147,222.7347,267.0147,21869.15,12.0,267.0147,222.7347,267.0147,False,54,36.6,-119.75,13093,26696,5,California,CA,West,True,45.0,40–49,$0k–$16k,$0k–$30k,5,Credit,Mastercard credit,2010,Extra card,$0k–$6k,
6125,979,Mastercard,Credit,5034807492446890,02/2020,628,YES,2,5700,12/2016,2016,No,2016-12-01,24204,181.93446,145.57446000000002,181.93446,11061.47,12.0,181.93446,145.57446000000002,181.93446,False,59,34.06,-117.79,16025,32678,3,California,CA,West,True,56.0,50–59,$16k–$19k,$30k–$37k,3,Credit,Mastercard credit,2016,Extra card,$0k–$6k,
5225,1096,Visa,Debit,4249372985491598,10/2022,678,YES,1,26222,10/2010,2010,No,2010-10-01,24130,229.56476,224.60476,229.56476,39577.52,12.0,229.56476,224.60476,229.56476,False,59,43.04,-76.14,20294,41379,2,New York,NY,Northeast,True,50.0,50–59,$19k–$23k,$37k–$45k,2,Debit,Visa debit,2010,Extra card,,$20k–$27k
4816,1347,Mastercard,Debit,5422366850951714,12/2023,973,YES,2,21802,09/2011,2011,No,2011-09-01,24141,95.085645,90.915645,95.085645,16095.29,12.0,95.085645,90.915645,95.085645,False,64,35.73,-77.92,23756,55418,3,North Carolina,NC,South,True,56.0,50–59,$23k–$28k,$45k–$58k,3,Debit,Mastercard debit,2011,Extra card,,$20k–$27k
3511,1347,Amex,Credit,343289673294707,02/2021,678,YES,2,13100,06/2011,2011,No,2011-06-01,24138,485.86248,451.66248,485.86248,30340.36,12.0,580.86248,546.66248,580.86248,True,64,35.73,-77.92,23756,55418,3,North Carolina,NC,South,True,55.0,50–59,$23k–$28k,$45k–$58k,3,Credit,Amex credit,2011,Customer's first card,$11k–$15k,
5678,1347,Mastercard,Debit,5212401746902609,11/2021,77,YES,2,17079,11/2012,2012,No,2012-11-01,24155,48.3882,47.0482,48.3882,7872.400000000001,12.0,48.3882,47.0482,48.3882,False,64,35.73,-77.92,23756,55418,3,North Carolina,NC,South,True,57.0,50–59,$23k–$28k,$45k–$58k,3,Debit,Mastercard debit,2012,Extra card,,$16k–$20k
349,121,Mastercard,Credit,5346005460523910,12/2021,389,YES,1,10000,01/2015,2015,No,2015-01-01,24181,481.08258,480.93786,481.08258,28945.81,12.0,481.08258,480.93786,481.08258,False,34,44.21,-88.43,22277,45419,3,Wisconsin,WI,Midwest,True,29.0,Under 30,$19k–$23k,$45k–$58k,3,Credit,Mastercard credit,2015,Extra card,$9k–$11k,
2703,1859,Mastercard,Debit,5843937298541003,06/2021,609,YES,1,15976,04/2012,2012,No,2012-04-01,24148,32.749,32.749,32.749,5206.67,12.0,32.749,32.749,32.749,False,68,41.44,-74.42,22621,38689,5,New York,NY,Northeast,True,60.0,60–69,$19k–$23k,$37k–$45k,5,Debit,Mastercard debit,2012,Extra card,,$16k–$20k
4373,77,Mastercard,Debit,5247646091462977,06/2023,180,YES,1,21862,08/2011,2011,No,2011-08-01,24140,53.92727,42.27727,53.92727,13957.54,12.0,53.92727,42.27727,53.92727,False,99,40.24,-76.92,25336,51110,8,Pennsylvania,PA,Northeast,True,91.0,70+,$23k–$28k,$45k–$58k,6+,Debit,Mastercard debit,2011,Extra card,,$20k–$27k
3621,77,Mastercard,Debit,5560170355102541,04/2020,566,NO,2,15988,06/2017,2017,No,2017-06-01,24210,58.41198,41.78198,58.41198,17108.96,12.0,58.41198,41.78198,58.41198,False,99,40.24,-76.92,25336,51110,8,Pennsylvania,PA,Northeast,True,96.0,70+,$23k–$28k,$45k–$58k,6+,Debit,Mastercard debit,2017,Extra card,,$16k–$20k
4837,77,Mastercard,Debit,5443759192548846,12/2014,623,NO,1,17112,09/2012,2012,No,2012-09-01,24153,40.866625,29.746625,40.866625,10003.25,12.0,40.866625,29.746625,40.866625,False,99,40.24,-76.92,25336,51110,8,Pennsylvania,PA,Northeast,True,92.0,70+,$23k–$28k,$45k–$58k,6+,Debit,Mastercard debit,2012,Extra card,,$16k–$20k
5688,77,Mastercard,Debit,5086596988156517,10/2024,171,YES,1,27063,11/2013,2013,No,2013-11-01,24167,38.68536,30.91536,38.68536,10829.72,12.0,38.68536,30.91536,38.68536,False,99,40.24,-76.92,25336,51110,8,Pennsylvania,PA,Northeast,True,93.0,70+,$23k–$28k,$45k–$58k,6+,Debit,Mastercard debit,2013,Extra card,,$27k–$138k
5208,363,Mastercard,Debit (Prepaid),5312039477119395,10/2022,56,YES,1,35,10/2010,2010,No,2010-10-01,24130,0.0,0.0,89.518175,5670.35,12.0,0.0,0.0,89.518175,False,52,27.9,-82.78,23878,48686,3,Florida,FL,South,True,43.0,40–49,$23k–$28k,$45k–$58k,3,Prepaid,Mastercard prepaid,2010,Extra card,,
4434,634,Mastercard,Debit,5268139916584585,12/2022,638,YES,1,22995,08/2014,2014,No,2014-08-01,24176,43.48451,43.224509999999995,43.48451,5442.02,12.0,43.48451,43.224509999999995,43.48451,False,49,41.38,-81.64,24071,49079,4,Ohio,OH,Midwest,True,44.0,40–49,$23k–$28k,$45k–$58k,4,Debit,Mastercard debit,2014,Extra card,,$20k–$27k
3541,634,Visa,Debit,4397605575320998,07/2023,634,YES,1,37620,06/2011,2011,No,2011-06-01,24138,60.20353,59.69353,60.20353,8492.06,12.0,60.20353,59.69353,60.20353,False,49,41.38,-81.64,24071,49079,4,Ohio,OH,Midwest,True,40.0,40–49,$23k–$28k,$45k–$58k,4,Debit,Visa debit,2011,Extra card,,$27k–$138k
2272,634,Visa,Debit,4151208103004284,12/2018,499,YES,1,18220,03/2010,2011,No,2010-03-01,24123,114.92507,113.59507,114.92507,19983.14,12.0,114.92507,113.59507,114.92507,False,49,41.38,-81.64,24071,49079,4,Ohio,OH,Midwest,True,39.0,30–39,$23k–$28k,$45k–$58k,4,Debit,Visa debit,2010,Extra card,,$16k–$20k
333,628,Mastercard,Debit,5614906039254489,10/2021,288,YES,1,47183,01/2014,2014,No,2014-01-01,24169,147.1845,134.40449999999998,147.1845,60265.0,12.0,147.1845,134.40449999999998,147.1845,False,57,40.0,-75.26,52517,107075,3,Pennsylvania,PA,Northeast,True,51.0,50–59,$28k–$163k,$58k–$280k,3,Debit,Mastercard debit,2014,Extra card,,$27k–$138k
3963,756,Visa,Debit,4109920926456573,02/2023,276,YES,1,7721,07/2010,2010,No,2010-07-01,24127,131.18309,122.57309,131.18309,47870.18,12.0,131.18309,122.57309,131.18309,True,66,39.64,-84.08,28466,59251,1,Ohio,OH,Midwest,True,56.0,50–59,$23k–$28k,$58k–$280k,1,Debit,Visa debit,2010,Customer's first card,,$0k–$12k
4817,488,Mastercard,Debit,5535209227360709,01/2019,434,YES,1,12759,09/2011,2011,No,2011-09-01,24141,272.151745,267.371745,272.151745,75433.49,12.0,272.151745,267.371745,272.151745,False,34,27.92,-97.29,15758,32126,2,Texas,TX,South,True,26.0,Under 30,$0k–$16k,$30k–$37k,2,Debit,Mastercard debit,2011,Extra card,,$12k–$16k
1385,863,Visa,Debit (Prepaid),4669769619755993,01/2020,338,YES,1,80,02/2018,2018,No,2018-02-01,24218,0.0,0.0,47.291709999999995,5431.42,12.0,0.0,0.0,47.291709999999995,False,60,35.4,-93.11,16877,34406,3,Arkansas,AR,South,True,58.0,50–59,$16k–$19k,$30k–$37k,3,Prepaid,Visa prepaid,2018,Extra card,,
4861,863,Mastercard,Debit,5946850544837798,01/2023,589,YES,2,18244,09/2013,2013,No,2013-09-01,24165,122.034945,112.054945,122.034945,26133.89,12.0,122.034945,112.054945,122.034945,True,60,35.4,-93.11,16877,34406,3,Arkansas,AR,South,True,54.0,50–59,$16k–$19k,$30k–$37k,3,Debit,Mastercard debit,2013,Customer's first card,,$16k–$20k
2750,863,Mastercard,Debit,5275357240057940,06/2024,107,YES,2,11402,04/2015,2015,No,2015-04-01,24184,81.058885,77.378665,81.058885,14646.77,12.0,81.058885,77.378665,81.058885,False,60,35.4,-93.11,16877,34406,3,Arkansas,AR,South,True,55.0,50–59,$16k–$19k,$30k–$37k,3,Debit,Mastercard debit,2015,Extra card,,$0k–$12k
3570,1854,Mastercard,Credit,5510232749503632,06/2020,400,YES,1,7200,06/2013,2013,No,2013-06-01,24162,1391.21712,1327.13712,1391.21712,84069.84,12.0,1391.21712,1327.13712,1391.21712,True,48,35.06,-85.25,23706,48337,2,Tennessee,TN,South,True,41.0,40–49,$23k–$28k,$45k–$58k,2,Credit,Mastercard credit,2013,Customer's first card,$6k–$9k,
3585,1854,Mastercard,Debit,5821737939719970,07/2021,620,YES,1,22975,06/2014,2014,No,2014-06-01,24174,123.404325,120.044325,123.404325,33998.65,12.0,123.404325,120.044325,123.404325,False,48,35.06,-85.25,23706,48337,2,Tennessee,TN,South,True,42.0,40–49,$23k–$28k,$45k–$58k,2,Debit,Mastercard debit,2014,Extra card,,$20k–$27k
2786,1616,Visa,Debit,4474440079220409,10/2022,166,NO,1,56039,04/2018,2018,No,2018-04-01,24220,56.25272,54.51272,56.25272,12980.44,12.0,56.25272,54.51272,56.25272,False,48,33.0,-97.23,46232,94260,4,Texas,TX,South,True,46.0,40–49,$28k–$163k,$58k–$280k,4,Debit,Visa debit,2018,Extra card,,$27k–$138k
2730,1616,Mastercard,Debit,5724240961290015,12/2023,700,YES,1,28861,04/2014,2014,No,2014-04-01,24172,102.304115,97.674115,102.304115,27740.23,12.0,102.304115,97.674115,102.304115,False,48,33.0,-97.23,46232,94260,4,Texas,TX,South,True,42.0,40–49,$28k–$163k,$58k–$280k,4,Debit,Mastercard debit,2014,Extra card,,$27k–$138k
6066,1284,Amex,Credit,358690297708537,03/2018,877,YES,2,10800,12/2012,2012,No,2012-12-01,24156,416.78028,408.14028,416.78028,24631.46,12.0,511.78028,503.14028,511.78028,False,50,41.76,-70.08,19591,39947,2,Massachusetts,MA,Northeast,True,43.0,40–49,$19k–$23k,$37k–$45k,2,Credit,Amex credit,2012,Extra card,$9k–$11k,
4053,1735,Amex,Credit,370616632244142,06/2018,911,NO,2,5600,07/2017,2017,No,2017-07-01,24211,92.9754,80.3754,92.9754,5466.3,12.0,187.9754,175.3754,187.9754,False,56,27.64,-80.39,17942,36583,6,Florida,FL,South,True,53.0,50–59,$16k–$19k,$30k–$37k,6+,Credit,Amex credit,2017,Extra card,$0k–$6k,
4805,1528,Visa,Debit (Prepaid),4653783977944705,02/2024,233,YES,1,107,09/2010,2015,No,2010-09-01,24129,0.0,0.0,94.46346,18252.92,12.0,0.0,0.0,94.46346,False,78,32.61,-93.28,17311,27992,6,Louisiana,LA,South,True,69.0,60–69,$16k–$19k,$0k–$30k,6+,Prepaid,Visa prepaid,2010,Extra card,,
4845,1528,Visa,Credit,4723544766031693,04/2024,305,YES,2,7800,09/2012,2012,No,2012-09-01,24153,344.33262,82.97261999999999,344.33262,20123.59,12.0,344.33262,82.97261999999999,344.33262,False,78,32.61,-93.28,17311,27992,6,Louisiana,LA,South,True,71.0,70+,$16k–$19k,$0k–$30k,6+,Credit,Visa credit,2012,Extra card,$6k–$9k,
1295,1240,Visa,Credit,4212472982412282,03/2023,449,YES,1,4000,02/2011,2011,No,2011-02-01,24134,258.80688,258.80688,258.80688,17851.16,12.0,258.80688,258.80688,258.80688,False,56,40.26,-81.84,15603,31814,3,Ohio,OH,Midwest,True,47.0,40–49,$0k–$16k,$30k–$37k,3,Credit,Visa credit,2011,Extra card,$0k–$6k,
1361,1240,Visa,Debit,4140779954294938,11/2022,794,YES,2,16638,02/2015,2015,No,2015-02-01,24182,67.02166,67.02166,67.02166,9671.32,12.0,67.02166,67.02166,67.02166,False,56,40.26,-81.84,15603,31814,3,Ohio,OH,Midwest,True,51.0,50–59,$0k–$16k,$30k–$37k,3,Debit,Visa debit,2015,Extra card,,$16k–$20k
3562,932,Amex,Credit,313704088925690,09/2021,425,YES,2,6100,06/2013,2013,No,2013-06-01,24162,175.87529999999998,175.15529999999998,175.87529999999998,10032.85,12.0,270.8753,270.1553,270.8753,False,67,32.36,-92.97,16760,34172,6,Louisiana,LA,South,True,60.0,60–69,$16k–$19k,$30k–$37k,6+,Credit,Amex credit,2013,Extra card,$6k–$9k,
5294,647,Mastercard,Debit,5777074368748266,07/2018,895,YES,2,15512,10/2014,2014,No,2014-10-01,24178,245.855065,245.855065,245.855065,44976.13,12.0,245.855065,245.855065,245.855065,True,31,36.52,-119.39,13194,26900,2,California,CA,West,True,26.0,Under 30,$0k–$16k,$0k–$30k,2,Debit,Mastercard debit,2014,Customer's first card,,$12k–$16k
4460,647,Visa,Debit,4736880733497138,06/2022,632,YES,2,8332,08/2016,2016,No,2016-08-01,24200,135.482685,135.173145,135.482685,24098.37,12.0,135.482685,135.173145,135.482685,False,31,36.52,-119.39,13194,26900,2,California,CA,West,True,28.0,Under 30,$0k–$16k,$0k–$30k,2,Debit,Visa debit,2016,Extra card,,$0k–$12k
317,391,Mastercard,Debit,5396719740758943,08/2021,596,YES,1,23152,01/2013,2013,No,2013-01-01,24157,20.298795,19.558795,20.298795,4709.59,12.0,20.298795,19.558795,20.298795,False,85,33.69,-78.89,19025,35270,6,South Carolina,SC,South,True,78.0,70+,$19k–$23k,$30k–$37k,6+,Debit,Mastercard debit,2013,Extra card,,$20k–$27k
3488,391,Mastercard,Debit,5021628982108623,08/2024,87,YES,1,11812,06/2010,2010,No,2010-06-01,24126,42.707845,40.187845,42.707845,10812.69,12.0,42.707845,40.187845,42.707845,False,85,33.69,-78.89,19025,35270,6,South Carolina,SC,South,True,75.0,70+,$19k–$23k,$30k–$37k,6+,Debit,Mastercard debit,2010,Extra card,,$0k–$12k
3616,391,Visa,Debit,4239166872169819,01/2020,156,YES,2,12483,06/2016,2016,No,2016-06-01,24198,18.673325,17.943325,18.673325,3503.65,12.0,18.673325,17.943325,18.673325,False,85,33.69,-78.89,19025,35270,6,South Carolina,SC,South,True,81.0,70+,$19k–$23k,$30k–$37k,6+,Debit,Visa debit,2016,Extra card,,$12k–$16k
263,986,Visa,Debit,4351221158003580,08/2012,302,YES,2,27317,01/2010,2010,No,2010-01-01,24121,93.1617,90.4217,93.1617,8817.4,12.0,93.1617,90.4217,93.1617,False,32,40.65,-73.58,23550,48010,3,New York,NY,Northeast,True,22.0,Under 30,$23k–$28k,$45k–$58k,3,Debit,Visa debit,2010,Extra card,,$27k–$138k
5295,1944,Mastercard,Debit,5345225563130049,06/2018,321,NO,2,19756,10/2014,2014,No,2014-10-01,24178,50.26011,48.18011,50.26011,7686.22,12.0,50.26011,48.18011,50.26011,False,62,38.95,-84.54,24218,49378,4,Kentucky,KY,South,True,57.0,50–59,$23k–$28k,$45k–$58k,4,Debit,Mastercard debit,2014,Extra card,,$16k–$20k
1304,1944,Mastercard,Debit,5867403593584849,01/2022,493,NO,1,17116,02/2012,2012,No,2012-02-01,24146,62.33055,60.22055,62.33055,9636.53,12.0,62.33055,60.22055,62.33055,False,62,38.95,-84.54,24218,49378,4,Kentucky,KY,South,True,54.0,50–59,$23k–$28k,$45k–$58k,4,Debit,Mastercard debit,2012,Extra card,,$16k–$20k
4046,185,Mastercard,Debit,5916545236079509,07/2024,314,YES,1,16415,07/2016,2016,No,2016-07-01,24199,185.765715,180.505715,185.765715,14879.43,12.0,185.765715,180.505715,185.765715,False,47,40.66,-74.19,15175,30942,3,New Jersey,NJ,Northeast,True,43.0,40–49,$0k–$16k,$30k–$37k,3,Debit,Mastercard debit,2016,Extra card,,$16k–$20k
2711,185,Visa,Credit,4718517475996018,01/2021,492,YES,2,5700,04/2012,2012,No,2012-04-01,24148,265.60404,259.48404,265.60404,16550.78,12.0,265.60404,259.48404,265.60404,False,47,40.66,-74.19,15175,30942,3,New Jersey,NJ,Northeast,True,39.0,30–39,$0k–$16k,$30k–$37k,3,Credit,Visa credit,2012,Extra card,$0k–$6k,
