card_id,rows,first,last
0,3402,2010-01-01 07:07:00,2019-10-31 10:42:00
1,2841,2010-01-01 18:49:00,2019-10-29 12:33:00
2,8028,2010-01-01 09:06:00,2019-10-31 14:22:00
3,2870,2010-01-01 11:33:00,2019-10-30 14:50:00
4,890,2010-01-10 10:45:00,2019-10-22 14:55:00
5,2058,2010-01-01 10:38:00,2019-10-28 10:38:00
8,4150,2010-01-01 16:07:00,2019-10-31 07:59:00
9,5683,2010-01-02 16:30:00,2019-10-31 07:50:00
10,7868,2010-01-01 06:45:00,2019-10-31 06:36:00
11,1939,2010-01-02 07:43:00,2019-10-28 07:53:00
12,2419,2010-01-02 14:51:00,2019-10-20 15:47:00
13,3477,2010-01-01 02:07:00,2019-10-27 19:26:00
14,6081,2010-01-01 05:24:00,2019-10-31 17:23:00
15,2695,2010-01-01 15:48:00,2019-10-30 21:46:00
16,2736,2010-01-01 00:57:00,2019-10-31 14:48:00
17,6056,2010-01-01 08:21:00,2019-10-31 20:03:00
19,2446,2010-01-04 08:13:00,2019-10-29 16:02:00
20,979,2010-01-02 17:47:00,2019-10-02 08:22:00
21,1041,2010-01-01 08:00:00,2012-06-30 14:27:00
22,13089,2010-01-01 08:36:00,2019-10-31 23:33:00
24,4592,2010-01-01 09:26:00,2019-10-31 15:47:00
26,1626,2010-01-12 10:27:00,2019-10-28 11:59:00
27,4645,2010-01-01 17:53:00,2019-10-31 21:30:00
28,9441,2010-01-01 22:06:00,2019-10-31 23:03:00
29,1602,2010-01-06 00:07:00,2019-10-30 12:31:00
30,6387,2010-01-01 12:15:00,2019-10-31 08:54:00
32,4653,2010-01-01 11:11:00,2019-10-31 12:16:00
33,3927,2010-01-01 16:48:00,2019-10-30 14:37:00
34,766,2010-01-03 08:33:00,2019-10-15 11:12:00
35,404,2010-01-01 07:02:00,2011-05-31 09:04:00
36,1725,2010-01-01 07:10:00,2012-10-30 18:34:00
37,3407,2010-01-01 06:41:00,2019-10-31 18:14:00
38,4049,2010-01-01 10:37:00,2019-10-30 16:39:00
39,2713,2010-01-02 12:12:00,2019-10-31 08:35:00
41,4505,2010-01-01 20:33:00,2019-10-30 19:55:00
42,5406,2010-01-01 13:25:00,2019-10-30 06:27:00
43,5832,2010-01-01 05:38:00,2019-10-31 14:22:00
44,2343,2010-01-01 12:52:00,2019-10-29 21:46:00
45,1548,2010-01-05 21:47:00,2019-10-31 03:32:00
46,933,2010-01-11 11:28:00,2019-10-23 01:44:00
48,1516,2010-01-04 09:08:00,2019-10-27 08:50:00
49,1203,2010-01-04 19:17:00,2015-08-31 20:27:00
51,6400,2010-01-02 13:08:00,2019-10-30 09:45:00
52,1399,2010-01-01 13:20:00,2019-10-29 06:56:00
53,2615,2010-01-02 09:16:00,2019-10-31 13:16:00
55,2302,2010-01-01 18:35:00,2019-10-30 18:45:00
56,4511,2010-01-01 19:13:00,2019-10-31 19:09:00
58,2672,2010-01-01 02:16:00,2019-04-25 21:29:00
59,2867,2010-01-01 07:49:00,2019-10-31 11:27:00
60,3780,2010-01-01 01:53:00,2019-10-31 11:47:00
62,2011,2010-01-02 03:33:00,2019-10-31 03:34:00
63,10373,2010-01-01 12:55:00,2019-10-31 21:18:00
65,1155,2010-01-01 01:30:00,2019-10-28 13:44:00
66,1149,2010-01-03 22:52:00,2019-10-31 05:55:00
67,4161,2010-01-01 07:33:00,2019-10-30 11:35:00
69,2753,2010-01-01 19:06:00,2019-10-31 20:07:00
70,1122,2010-01-01 09:27:00,2012-10-01 23:57:00
72,4876,2010-01-01 08:21:00,2019-10-30 11:33:00
75,1388,2010-01-01 14:55:00,2019-10-30 14:40:00
76,110,2010-01-03 20:10:00,2010-04-30 05:07:00
77,175,2010-01-10 21:26:00,2019-09-30 13:51:00
78,2608,2010-01-01 09:51:00,2019-10-31 09:06:00
79,4155,2010-01-01 08:34:00,2019-10-31 12:45:00
80,1294,2010-01-01 09:46:00,2019-10-12 09:33:00
82,3263,2010-01-01 14:12:00,2019-10-30 13:24:00
83,3966,2010-01-01 12:14:00,2019-10-31 20:30:00
84,2648,2010-01-01 12:06:00,2019-10-31 16:30:00
85,2480,2010-01-01 14:08:00,2019-03-31 08:48:00
89,5190,2010-01-01 12:00:00,2019-10-31 01:19:00
90,4877,2010-01-02 16:31:00,2019-10-31 13:03:00
91,3750,2010-01-01 14:10:00,2019-10-31 13:05:00
92,3551,2010-01-02 20:05:00,2019-10-29 06:17:00
93,3454,2010-01-01 14:41:00,2019-10-31 15:04:00
94,3453,2010-01-01 01:13:00,2019-10-31 19:40:00
95,510,2010-01-01 19:51:00,2014-06-28 03:45:00
96,1821,2010-01-01 06:25:00,2019-10-30 23:06:00
97,8183,2010-01-01 06:19:00,2019-10-31 13:06:00
98,2209,2010-01-01 07:08:00,2017-01-31 07:52:00
99,942,2010-01-03 09:05:00,2013-04-30 08:58:00
101,3843,2010-01-01 07:09:00,2019-10-30 14:17:00
102,6655,2010-01-01 00:02:00,2019-10-31 13:15:00
103,3445,2010-01-01 12:50:00,2019-10-30 09:46:00
104,1788,2010-01-01 12:02:00,2019-10-24 11:18:00
106,3040,2010-01-02 20:55:00,2019-10-28 21:19:00
107,1870,2010-01-03 09:57:00,2018-08-29 23:21:00
108,4620,2010-01-02 08:33:00,2019-10-30 12:43:00
109,9271,2010-01-01 09:22:00,2019-10-29 10:23:00
110,1337,2010-01-01 20:09:00,2019-10-30 21:01:00
111,5080,2010-01-01 07:54:00,2019-10-31 13:14:00
112,3504,2010-01-01 03:49:00,2019-10-30 14:10:00
113,7219,2010-01-01 04:27:00,2019-10-31 15:16:00
114,2215,2010-01-03 06:21:00,2019-10-31 12:47:00
115,4640,2010-01-01 04:21:00,2019-10-31 11:11:00
117,2346,2010-01-01 09:29:00,2019-10-29 20:52:00
118,7675,2010-01-01 18:59:00,2019-10-31 16:01:00
119,3857,2010-01-01 13:31:00,2019-10-31 16:38:00
120,1512,2010-01-04 18:45:00,2019-10-31 16:34:00
121,1797,2010-01-02 08:50:00,2019-10-31 22:41:00
122,3365,2010-01-01 09:07:00,2019-10-31 18:17:00
124,3865,2010-01-01 08:24:00,2019-10-31 10:23:00
125,3174,2010-01-02 21:54:00,2019-10-31 22:46:00
126,3303,2010-01-01 12:07:00,2019-10-31 15:31:00
127,7356,2010-01-01 01:01:00,2019-10-31 13:38:00
128,2956,2010-01-02 07:33:00,2019-10-31 08:32:00
129,6442,2010-01-01 12:02:00,2019-10-31 17:44:00
130,1743,2010-01-04 08:09:00,2019-10-30 12:26:00
131,3531,2010-01-02 10:53:00,2019-10-31 14:58:00
132,1395,2010-01-05 07:02:00,2019-10-30 10:15:00
133,1539,2010-01-05 10:35:00,2019-10-30 08:46:00
134,3075,2010-01-01 05:41:00,2019-10-31 14:02:00
135,4804,2010-01-03 12:11:00,2019-10-31 16:47:00
136,1711,2010-01-07 12:58:00,2019-10-29 15:43:00
138,2667,2010-01-02 07:22:00,2019-10-31 15:22:00
139,4246,2010-01-01 07:04:00,2019-10-29 16:13:00
140,3718,2010-01-01 16:21:00,2019-10-31 16:02:00
141,3527,2010-01-05 06:33:00,2019-10-31 06:46:00
142,2135,2010-01-01 22:16:00,2019-10-24 16:26:00
143,1769,2010-01-02 17:37:00,2019-10-31 22:13:00
145,1083,2010-01-05 08:20:00,2012-05-31 17:46:00
146,820,2010-01-01 12:06:00,2019-10-30 20:38:00
147,554,2010-01-01 10:12:00,2010-12-30 10:18:00
148,15715,2010-01-01 05:49:00,2019-10-31 16:06:00
149,2496,2010-01-01 07:09:00,2019-10-23 08:35:00
150,1182,2010-01-01 08:48:00,2013-08-30 00:35:00
152,3405,2010-01-01 02:51:00,2019-10-30 10:59:00
153,2769,2010-01-01 04:52:00,2019-10-28 22:29:00
154,2088,2010-01-02 09:02:00,2019-10-31 14:57:00
155,2139,2010-01-04 11:45:00,2019-10-29 19:30:00
156,4433,2010-01-01 10:15:00,2019-10-31 14:31:00
157,3063,2010-01-02 12:41:00,2013-09-30 11:40:00
159,995,2010-01-01 10:44:00,2011-03-31 17:49:00
160,6917,2010-01-01 07:00:00,2019-10-31 14:51:00
162,2029,2010-01-05 13:51:00,2019-10-31 19:50:00
163,2905,2010-01-01 05:40:00,2019-10-31 18:49:00
164,2764,2010-01-01 06:58:00,2019-10-30 15:49:00
165,4863,2010-01-01 00:07:00,2014-03-31 21:36:00
166,3521,2010-01-01 21:37:00,2019-10-28 16:43:00
167,2396,2010-01-04 14:11:00,2019-10-31 13:24:00
168,4536,2010-01-01 08:56:00,2019-10-31 22:09:00
169,6773,2010-01-01 07:47:00,2018-08-31 11:04:00
170,3328,2010-01-01 11:03:00,2019-10-30 19:13:00
172,5426,2010-01-02 07:02:00,2019-10-31 16:13:00
174,2824,2010-01-01 07:50:00,2019-10-29 02:47:00
175,2461,2010-01-01 07:19:00,2019-10-31 22:44:00
176,5568,2010-01-01 14:26:00,2019-10-31 15:53:00
177,6951,2010-01-01 10:03:00,2019-10-31 12:05:00
178,6545,2010-01-01 11:40:00,2019-10-30 09:27:00
179,5801,2010-01-01 12:14:00,2019-10-31 12:25:00
180,3179,2010-01-01 09:06:00,2019-10-25 09:53:00
181,374,2010-01-02 07:09:00,2011-08-31 07:14:00
182,2569,2010-01-02 13:31:00,2015-04-30 07:56:00
184,1493,2010-01-01 02:52:00,2017-03-29 02:56:00
185,3807,2010-01-01 09:26:00,2015-09-30 15:02:00
187,5732,2010-01-01 10:39:00,2019-10-30 22:05:00
188,2159,2010-01-01 18:57:00,2019-10-31 18:56:00
189,1978,2010-01-02 17:06:00,2019-02-28 12:37:00
190,2138,2010-01-01 09:21:00,2019-10-23 16:16:00
191,1582,2010-01-03 16:48:00,2019-10-30 20:07:00
192,1166,2010-01-01 14:08:00,2019-10-29 11:35:00
193,853,2010-01-01 15:57:00,2014-04-28 14:28:00
195,2851,2010-01-02 10:22:00,2019-10-30 10:57:00
196,262,2010-01-02 11:50:00,2012-07-29 12:08:00
197,5193,2010-01-03 03:39:00,2019-10-30 20:06:00
199,8731,2010-01-01 11:01:00,2019-10-31 14:33:00
200,3444,2010-01-01 20:11:00,2019-10-31 20:11:00
201,11638,2010-01-01 07:46:00,2019-10-30 22:54:00
202,3486,2010-01-01 10:44:00,2019-10-30 16:47:00
203,7837,2010-01-01 07:16:00,2019-10-31 22:54:00
204,5800,2010-01-01 15:19:00,2019-10-31 13:11:00
206,1859,2010-01-03 15:50:00,2019-10-29 22:17:00
207,356,2010-01-03 07:00:00,2012-05-29 22:16:00
208,1575,2010-01-01 21:23:00,2019-10-29 08:11:00
209,668,2010-01-10 11:53:00,2014-08-30 16:35:00
210,3004,2010-01-01 10:57:00,2019-10-30 15:55:00
211,2862,2010-01-02 12:14:00,2019-10-31 12:13:00
212,5172,2010-01-01 07:00:00,2019-10-31 14:58:00
213,714,2010-01-01 17:24:00,2012-08-30 08:26:00
214,11669,2010-01-01 11:48:00,2019-10-31 19:42:00
215,1276,2010-01-05 08:58:00,2019-10-29 21:56:00
216,2775,2010-01-01 07:19:00,2016-09-30 07:07:00
217,3420,2010-01-01 02:57:00,2019-10-31 07:54:00
218,4456,2010-01-02 13:15:00,2019-10-28 12:57:00
220,2689,2010-01-01 19:15:00,2019-06-28 18:45:00
221,6534,2010-01-01 15:57:00,2019-10-31 22:21:00
222,3833,2010-01-02 14:10:00,2019-10-31 14:26:00
223,1552,2010-01-04 18:31:00,2019-10-25 21:04:00
224,12934,2010-01-01 01:46:00,2019-10-31 09:58:00
225,5994,2010-01-01 22:26:00,2019-10-31 02:49:00
226,3477,2010-01-01 10:56:00,2019-10-28 19:36:00
227,5305,2010-01-01 10:12:00,2019-10-30 11:23:00
228,5578,2010-01-01 05:16:00,2019-10-31 22:58:00
229,2148,2010-01-03 14:42:00,2019-06-30 15:29:00
230,835,2010-01-01 10:02:00,2019-10-31 10:06:00
231,10575,2010-01-01 06:59:00,2019-10-31 22:48:00
232,2737,2010-01-01 22:12:00,2019-10-31 22:18:00
233,3941,2010-01-01 09:04:00,2019-10-31 19:11:00
234,2219,2010-01-01 11:43:00,2011-11-30 12:17:00
235,5631,2010-01-01 06:42:00,2017-11-30 06:54:00
236,10750,2010-01-01 11:18:00,2019-10-31 05:31:00
237,5010,2010-01-01 19:36:00,2019-10-30 16:59:00
238,994,2010-01-01 00:37:00,2019-10-29 01:03:00
239,2638,2010-01-01 14:26:00,2019-10-31 13:18:00
240,1332,2010-01-10 06:43:00,2019-10-27 11:56:00
241,3642,2010-01-01 01:54:00,2019-10-31 10:28:00
242,2095,2010-01-03 08:46:00,2019-10-31 11:57:00
243,3344,2010-01-01 05:55:00,2019-10-29 17:09:00
245,1069,2010-01-01 10:43:00,2013-07-28 17:53:00
246,2360,2010-01-01 10:40:00,2019-10-31 10:44:00
247,2491,2010-01-03 02:49:00,2019-10-29 14:01:00
248,7769,2010-01-01 03:17:00,2019-10-31 08:28:00
249,4591,2010-01-01 12:53:00,2019-10-31 15:31:00
250,7689,2010-01-01 08:48:00,2019-10-31 22:57:00
251,2956,2010-01-01 13:49:00,2019-10-31 15:51:00
252,1102,2010-01-01 09:59:00,2019-10-29 06:22:00
253,1177,2010-01-02 09:14:00,2013-01-31 08:52:00
254,3639,2010-01-01 16:44:00,2018-07-08 09:12:00
255,1379,2010-01-02 13:48:00,2019-10-31 12:52:00
256,1672,2010-01-02 18:13:00,2019-10-28 16:02:00
257,2030,2010-01-01 20:20:00,2016-03-31 13:04:00
258,1481,2010-01-01 18:45:00,2019-10-29 16:59:00
259,3691,2010-01-01 11:36:00,2019-10-30 13:08:00
260,4505,2010-01-04 08:57:00,2019-10-31 14:51:00
261,5564,2010-01-03 14:03:00,2019-10-31 17:58:00
263,1178,2010-01-03 01:07:00,2012-08-31 09:39:00
265,4971,2011-01-01 08:13:00,2019-10-30 18:28:00
266,2862,2011-01-01 20:17:00,2019-10-31 05:48:00
269,3013,2011-01-03 13:15:00,2019-10-31 09:19:00
270,1132,2011-01-01 12:38:00,2019-10-30 16:13:00
271,1042,2011-01-01 07:33:00,2019-10-27 07:49:00
272,1709,2011-01-06 09:47:00,2019-10-29 10:59:00
273,1803,2010-10-18 12:45:00,2019-10-30 07:53:00
274,774,2011-01-03 10:06:00,2016-01-30 12:57:00
276,3439,2011-01-01 03:13:00,2019-10-31 12:28:00
277,5905,2011-01-01 12:33:00,2019-10-30 07:21:00
279,2508,2011-01-02 09:40:00,2019-10-31 17:10:00
280,2291,2011-01-01 10:30:00,2019-10-31 16:58:00
281,2055,2010-12-17 14:53:00,2015-05-31 21:59:00
282,2915,2011-01-02 08:09:00,2019-10-29 16:57:00
283,3937,2011-01-01 04:34:00,2019-10-31 05:00:00
284,1170,2011-01-07 11:44:00,2019-10-28 11:33:00
285,5787,2011-01-01 08:15:00,2019-10-30 20:25:00
286,3877,2011-01-02 13:30:00,2019-10-29 13:36:00
287,1002,2011-01-03 13:47:00,2019-10-27 13:09:00
289,4224,2011-01-01 13:18:00,2019-10-26 16:00:00
290,2522,2011-01-02 01:58:00,2019-10-31 16:24:00
291,2680,2011-01-03 08:07:00,2019-10-29 10:51:00
293,1956,2012-01-02 08:05:00,2018-08-27 11:52:00
294,2178,2011-10-12 14:33:00,2019-10-31 08:41:00
295,2842,2012-01-01 09:53:00,2019-10-29 14:41:00
297,7242,2012-01-01 03:02:00,2019-10-31 15:03:00
298,2263,2012-01-04 15:01:00,2019-10-31 11:15:00
299,6917,2012-01-01 09:33:00,2019-10-31 15:08:00
300,6955,2012-01-01 06:37:00,2019-10-31 22:38:00
301,2780,2012-01-01 12:46:00,2019-10-31 08:48:00
303,3607,2011-11-18 15:11:00,2019-10-31 08:50:00
304,4543,2012-01-01 12:12:00,2019-10-31 15:15:00
305,1502,2011-12-07 08:03:00,2019-10-31 16:56:00
306,5834,2012-01-02 06:31:00,2019-10-31 20:48:00
307,512,2012-01-01 08:31:00,2017-06-26 16:57:00
308,1739,2012-01-05 07:00:00,2019-10-30 21:28:00
309,2242,2013-01-03 08:51:00,2019-10-31 06:02:00
311,559,2013-01-03 19:05:00,2014-11-29 08:05:00
312,4834,2013-01-01 11:11:00,2019-10-31 06:20:00
313,2374,2013-01-03 12:51:00,2019-10-31 14:13:00
314,15,2013-01-11 08:57:00,2014-07-17 12:54:00
315,5971,2013-01-01 07:47:00,2019-10-30 12:50:00
316,1009,2012-07-10 07:04:00,2013-07-31 15:07:00
317,682,2013-01-03 22:47:00,2019-10-18 22:57:00
318,3188,2013-01-01 07:15:00,2019-10-31 12:57:00
319,852,2013-01-01 07:57:00,2013-10-31 22:00:00
320,3723,2013-01-02 01:21:00,2019-10-31 15:48:00
322,3093,2013-01-02 14:16:00,2019-10-31 10:34:00
323,1445,2013-01-02 13:27:00,2019-10-31 22:48:00
324,3044,2012-08-05 14:14:00,2019-10-31 18:41:00
325,94,2013-01-01 19:34:00,2013-03-31 14:57:00
326,523,2013-01-01 07:14:00,2015-10-31 06:21:00
327,4520,2014-01-01 00:59:00,2019-10-30 14:37:00
331,876,2014-01-02 14:09:00,2019-10-31 11:39:00
333,4103,2014-01-01 06:55:00,2019-10-31 10:43:00
334,168,2014-01-03 07:26:00,2015-03-31 07:40:00
335,866,2014-01-01 02:31:00,2019-10-31 13:01:00
336,4364,2014-01-02 04:08:00,2019-10-31 20:26:00
337,2207,2014-01-01 14:50:00,2019-10-29 20:57:00
339,3655,2013-11-08 15:08:00,2019-10-31 22:23:00
340,972,2014-01-01 09:29:00,2019-10-29 09:52:00
341,6643,2014-01-01 16:42:00,2019-10-31 16:36:00
342,1371,2015-01-03 07:01:00,2019-10-31 07:26:00
343,1103,2014-10-07 21:33:00,2019-10-31 11:54:00
344,14726,2015-01-01 06:04:00,2019-10-31 21:39:00
346,1614,2014-12-26 17:16:00,2019-10-31 05:43:00
348,1290,2015-01-03 04:05:00,2019-10-31 12:18:00
349,2049,2015-01-02 16:02:00,2019-10-31 00:44:00
350,563,2015-01-13 08:56:00,2019-10-22 11:36:00
351,742,2015-01-18 13:14:00,2019-10-29 12:32:00
352,2105,2016-01-01 03:25:00,2019-10-31 21:39:00
353,2116,2016-01-01 00:23:00,2019-10-30 13:59:00
354,2195,2016-01-01 06:00:00,2019-10-31 09:26:00
355,2650,2016-01-01 10:11:00,2019-10-31 10:28:00
357,1765,2016-01-01 06:53:00,2019-10-31 16:57:00
359,1666,2015-06-22 21:08:00,2019-10-29 13:06:00
360,1606,2017-01-01 23:10:00,2019-10-31 22:25:00
361,1946,2016-11-04 16:39:00,2019-10-30 22:27:00
362,1594,2016-12-28 13:12:00,2019-10-30 18:31:00
363,1883,2017-01-01 09:24:00,2019-10-31 14:59:00
364,1463,2017-01-01 06:40:00,2019-10-31 03:39:00
367,973,2018-01-01 15:19:00,2019-10-31 17:05:00
369,199,2018-01-02 01:42:00,2018-09-30 01:21:00
370,338,2018-01-03 18:42:00,2019-01-31 12:24:00
371,1055,2017-07-19 13:07:00,2019-10-31 11:41:00
372,334,2018-01-03 14:51:00,2019-10-31 14:05:00
373,1501,2018-01-01 13:19:00,2019-10-31 18:43:00
374,709,2018-01-02 06:13:00,2019-10-31 14:24:00
375,569,2018-01-01 14:15:00,2019-10-31 22:11:00
376,347,2018-01-03 04:22:00,2019-10-20 04:12:00
377,926,2018-01-01 09:22:00,2019-10-31 14:46:00
378,239,2019-01-02 07:12:00,2019-10-31 16:59:00
379,271,2019-01-03 10:16:00,2019-10-26 06:44:00
380,261,2018-06-12 18:56:00,2019-10-31 13:24:00
381,209,2019-01-01 11:30:00,2019-10-31 09:38:00
382,358,2019-01-01 17:21:00,2019-10-28 06:54:00
384,405,2018-05-28 14:10:00,2019-10-31 15:00:00
385,83,2018-10-11 02:57:00,2019-10-29 19:22:00
386,100,2019-01-02 08:50:00,2019-10-29 15:27:00
958,5258,2010-01-01 08:27:00,2019-10-31 17:00:00
959,4459,2010-01-03 08:58:00,2019-10-31 19:31:00
961,1908,2010-01-02 06:05:00,2019-10-29 15:58:00
962,4205,2010-01-01 14:58:00,2019-10-30 19:55:00
963,1527,2010-01-03 08:32:00,2019-10-29 22:05:00
965,5345,2010-01-01 09:35:00,2019-10-31 14:21:00
966,2944,2010-01-02 13:41:00,2019-10-30 18:39:00
969,5560,2010-01-01 20:46:00,2019-10-31 08:49:00
972,3890,2010-01-03 13:02:00,2019-10-31 15:04:00
974,3761,2010-01-01 06:03:00,2019-10-31 14:32:00
975,3043,2010-01-01 09:54:00,2019-10-31 20:17:00
976,1377,2010-01-03 07:33:00,2019-10-31 08:13:00
977,2942,2010-01-01 17:09:00,2019-10-29 16:41:00
979,2860,2010-01-02 07:15:00,2019-01-29 07:48:00
983,4707,2010-01-02 09:03:00,2019-10-31 15:50:00
984,2461,2010-01-01 06:51:00,2019-10-31 13:21:00
985,4129,2010-01-06 07:41:00,2019-10-31 07:38:00
986,1557,2010-01-04 18:35:00,2019-10-30 06:45:00
988,5308,2010-01-01 08:15:00,2019-10-31 08:14:00
991,4187,2010-01-04 11:02:00,2019-10-30 13:24:00
993,6600,2010-01-01 09:04:00,2019-10-31 18:07:00
995,6321,2010-01-01 13:18:00,2019-10-31 08:59:00
996,2721,2010-01-04 21:30:00,2019-10-29 12:41:00
998,3585,2010-01-02 09:37:00,2019-10-31 13:11:00
999,2635,2010-01-01 10:29:00,2019-10-31 17:20:00
1000,4065,2010-01-01 06:05:00,2019-10-30 11:37:00
1001,1401,2010-01-02 09:41:00,2019-10-31 07:28:00
1002,7959,2010-01-01 05:51:00,2019-10-31 10:19:00
1003,3654,2010-01-01 08:55:00,2019-10-31 11:07:00
1004,7176,2010-01-02 22:14:00,2019-10-31 11:47:00
1006,5162,2010-01-01 02:06:00,2019-10-31 15:09:00
1008,2520,2010-01-01 16:17:00,2019-10-31 08:57:00
1010,2645,2010-01-04 14:39:00,2019-10-31 01:40:00
1011,4088,2010-01-02 00:32:00,2019-10-31 10:50:00
1012,6832,2010-01-01 14:49:00,2019-07-31 18:19:00
1013,3568,2010-01-01 12:36:00,2015-12-31 17:01:00
1014,6209,2010-01-02 06:01:00,2019-10-31 14:17:00
1015,1424,2010-01-03 17:14:00,2019-10-31 02:11:00
1016,23424,2010-01-01 19:34:00,2019-10-31 19:58:00
1017,9795,2010-01-01 13:19:00,2016-05-31 19:22:00
1020,3789,2010-01-03 16:30:00,2019-10-29 11:47:00
1021,2527,2010-01-01 09:35:00,2019-10-29 20:33:00
1023,3704,2010-01-01 12:52:00,2019-10-31 12:58:00
1025,1143,2010-01-02 14:26:00,2016-03-26 16:45:00
1026,3194,2010-01-01 21:12:00,2019-10-30 11:37:00
1027,8212,2010-01-01 07:47:00,2019-10-31 10:28:00
1028,253,2010-01-02 10:17:00,2011-04-29 11:51:00
1029,4668,2010-01-01 01:41:00,2019-10-31 12:53:00
1030,175,2010-01-01 09:06:00,2010-09-30 09:03:00
1031,5353,2010-01-02 09:19:00,2019-10-31 23:57:00
1032,2261,2010-01-02 22:22:00,2019-10-30 22:08:00
1033,2451,2010-01-03 12:59:00,2019-10-28 12:31:00
1034,3099,2010-01-02 10:09:00,2019-10-31 07:47:00
1037,4158,2010-01-01 07:46:00,2019-10-30 21:19:00
1038,9246,2010-01-01 07:08:00,2019-10-31 14:12:00
1039,1953,2010-01-01 08:01:00,2012-11-30 18:35:00
1042,275,2010-01-02 16:25:00,2010-07-05 17:09:00
1043,1673,2010-01-03 08:36:00,2019-10-29 16:40:00
1044,4673,2010-01-02 17:18:00,2019-10-31 19:41:00
1045,1758,2010-01-07 10:23:00,2019-10-31 16:07:00
1046,6240,2010-01-01 07:45:00,2019-10-31 10:26:00
1047,3007,2010-01-01 09:36:00,2019-10-29 17:50:00
1048,4626,2010-01-01 11:35:00,2019-10-31 22:15:00
1051,1600,2010-01-03 16:14:00,2019-10-31 04:33:00
1052,5312,2010-01-01 21:27:00,2019-10-31 20:49:00
1054,1717,2010-01-01 22:22:00,2019-10-31 21:51:00
1055,2292,2010-01-01 10:31:00,2019-10-31 10:57:00
1058,3776,2010-01-03 17:34:00,2019-10-31 07:41:00
1059,3490,2010-01-01 06:24:00,2019-10-31 17:56:00
1060,5310,2010-01-01 07:49:00,2019-10-31 07:59:00
1062,2106,2010-01-03 20:59:00,2019-10-30 15:32:00
1063,3851,2010-01-01 07:30:00,2019-10-31 07:39:00
1065,1007,2010-01-05 13:11:00,2019-10-28 06:25:00
1066,2197,2010-01-02 16:00:00,2019-10-27 14:42:00
1067,3556,2010-01-01 06:32:00,2019-10-30 03:26:00
1068,1875,2010-01-02 14:30:00,2019-10-31 10:56:00
1069,4938,2010-01-01 02:48:00,2019-10-31 19:41:00
1070,14795,2010-01-01 15:15:00,2019-10-31 15:54:00
1071,4627,2010-01-01 08:25:00,2019-10-31 14:46:00
1072,1582,2010-01-05 06:37:00,2019-10-31 15:46:00
1073,1745,2010-01-02 15:29:00,2019-10-24 09:19:00
1075,4534,2010-01-01 06:38:00,2019-10-31 08:52:00
1076,12980,2010-01-01 08:02:00,2019-10-31 21:26:00
1077,4071,2010-01-02 14:22:00,2019-10-31 15:34:00
1079,4179,2010-01-01 10:38:00,2019-10-31 19:10:00
1080,10241,2010-01-01 07:07:00,2019-10-31 12:14:00
1081,2370,2010-01-02 17:40:00,2012-09-30 17:50:00
1082,5264,2010-01-01 12:25:00,2019-10-31 12:00:00
1086,4447,2010-01-01 12:17:00,2017-06-29 11:58:00
1087,2634,2010-01-01 14:10:00,2019-10-29 16:13:00
1088,4791,2010-01-01 02:40:00,2019-10-31 18:12:00
1090,5020,2010-01-01 14:10:00,2019-10-31 23:12:00
1091,395,2010-01-01 09:56:00,2010-10-31 22:30:00
1092,4112,2010-01-01 07:53:00,2019-10-31 19:44:00
1094,1697,2010-01-01 14:18:00,2019-10-30 13:20:00
1095,4693,2010-01-01 13:30:00,2019-10-30 15:52:00
1096,3381,2010-01-03 13:53:00,2019-10-31 07:15:00
1097,794,2010-01-01 06:07:00,2019-10-30 17:48:00
1098,743,2010-01-01 10:57:00,2011-03-31 23:58:00
1099,3269,2010-01-01 07:06:00,2019-10-31 20:51:00
1100,3166,2010-01-01 13:08:00,2015-03-31 15:23:00
1101,1425,2010-01-03 11:26:00,2013-12-30 17:59:00
1102,2586,2010-01-01 15:37:00,2019-10-31 03:10:00
1104,4040,2010-01-02 12:14:00,2019-10-31 12:31:00
1105,1598,2010-01-01 21:22:00,2017-04-30 08:34:00
1106,1366,2010-01-02 08:24:00,2019-10-31 13:59:00
1107,2907,2010-01-01 06:07:00,2019-10-26 11:06:00
1108,1273,2010-01-01 10:47:00,2019-10-30 16:45:00
1109,11890,2010-01-01 11:46:00,2019-10-31 11:19:00
1110,3916,2010-01-01 06:01:00,2017-01-31 07:58:00
1111,5388,2010-01-01 19:24:00,2019-10-30 15:35:00
1112,1782,2010-01-01 00:21:00,2019-10-27 09:45:00
1114,3734,2010-01-02 16:25:00,2019-10-31 11:28:00
1115,923,2010-01-02 16:38:00,2019-10-13 11:10:00
1116,2035,2010-01-01 03:29:00,2018-10-29 14:20:00
1117,17081,2010-01-01 02:05:00,2019-10-31 12:58:00
1119,5198,2010-01-01 11:12:00,2019-10-31 11:52:00
1120,4221,2010-01-01 18:37:00,2019-10-31 19:38:00
1121,2872,2010-01-02 07:15:00,2019-10-31 07:17:00
1122,4542,2010-01-01 09:26:00,2019-10-30 08:43:00
1123,3860,2010-01-01 15:01:00,2019-10-29 19:03:00
1124,3663,2010-01-02 15:27:00,2019-10-30 18:53:00
1125,2623,2010-01-01 16:38:00,2019-10-29 06:43:00
1126,10965,2010-01-01 09:19:00,2019-10-30 14:17:00
1127,8553,2010-01-01 00:27:00,2017-02-28 14:29:00
1128,5750,2010-01-01 07:07:00,2019-10-28 21:52:00
1129,5593,2010-01-02 16:48:00,2019-10-31 10:57:00
1132,4588,2010-01-02 09:04:00,2019-10-31 23:03:00
1133,5283,2010-01-03 13:57:00,2019-10-30 14:28:00
1134,10890,2010-01-01 06:07:00,2019-10-31 22:30:00
1135,1509,2010-01-02 06:24:00,2019-10-26 14:29:00
1136,3930,2010-01-01 09:28:00,2015-01-31 14:27:00
1138,1686,2010-01-04 08:58:00,2019-10-31 08:30:00
1139,6288,2010-01-01 07:39:00,2019-10-30 07:58:00
1140,13680,2010-01-01 08:39:00,2019-10-31 17:59:00
1141,1884,2010-01-01 13:38:00,2019-10-31 02:16:00
1143,3387,2010-01-01 15:31:00,2019-10-30 18:28:00
1144,694,2010-01-01 16:13:00,2012-10-30 10:04:00
1145,3678,2010-01-01 08:28:00,2019-10-28 09:40:00
1146,1828,2010-01-02 16:54:00,2019-10-30 11:59:00
1147,1070,2010-01-05 11:38:00,2019-10-31 11:09:00
1148,4145,2010-01-01 14:35:00,2019-10-31 14:48:00
1149,3724,2010-01-01 20:30:00,2019-09-26 23:12:00
1150,3581,2010-01-01 13:20:00,2019-10-30 06:07:00
1151,7207,2010-01-01 20:03:00,2019-10-31 08:24:00
1152,2403,2010-01-01 09:52:00,2019-10-31 07:53:00
1153,512,2010-01-16 09:58:00,2019-10-23 05:29:00
1154,219,2010-01-06 12:28:00,2012-03-24 08:39:00
1155,1818,2010-01-01 08:33:00,2015-03-31 10:33:00
1156,7210,2010-01-01 21:05:00,2019-10-30 21:16:00
1157,4985,2010-01-01 11:57:00,2019-10-29 11:34:00
1158,2269,2010-01-01 05:48:00,2019-10-31 05:47:00
1160,6329,2010-01-01 11:26:00,2019-10-31 15:23:00
1161,2039,2010-01-01 13:02:00,2016-11-28 13:11:00
1162,11863,2010-01-01 14:25:00,2019-10-29 21:36:00
1163,3847,2010-01-01 08:25:00,2019-10-31 13:57:00
1165,1361,2010-01-01 15:21:00,2019-10-30 12:42:00
1166,7990,2010-01-01 02:11:00,2019-10-29 18:47:00
1167,1542,2010-01-04 11:14:00,2018-02-27 19:50:00
1168,2830,2010-01-01 11:05:00,2019-10-31 09:12:00
1169,6886,2010-01-03 09:40:00,2014-12-31 13:28:00
1170,3536,2010-01-02 20:44:00,2019-10-31 09:43:00
1171,4449,2010-01-01 10:52:00,2019-10-29 09:37:00
1172,7635,2010-01-01 11:54:00,2019-10-30 12:02:00
1174,4333,2010-01-01 08:54:00,2019-07-02 23:24:00
1175,1814,2010-01-01 14:22:00,2019-10-24 14:15:00
1177,4082,2010-01-01 13:43:00,2019-10-31 23:55:00
1178,2350,2010-01-02 21:22:00,2019-10-26 22:54:00
1179,1453,2010-01-03 14:35:00,2019-10-29 15:55:00
1181,4637,2010-01-01 03:11:00,2019-10-31 16:45:00
1182,4372,2010-01-03 08:01:00,2019-10-31 17:07:00
1183,1900,2010-01-01 08:09:00,2013-02-28 08:29:00
1184,4520,2010-01-01 18:05:00,2019-10-29 16:35:00
1186,929,2010-01-02 10:25:00,2013-11-30 10:53:00
1187,4032,2010-01-01 10:29:00,2019-10-28 10:11:00
1188,2624,2010-01-01 09:13:00,2019-10-29 13:06:00
1190,1688,2010-01-05 22:08:00,2019-10-30 19:29:00
1191,3885,2010-01-01 03:17:00,2019-10-31 16:08:00
1192,24,2010-01-03 13:11:00,2010-01-30 15:50:00
1194,3003,2010-01-02 01:43:00,2019-10-31 09:38:00
1195,10977,2010-01-01 08:52:00,2019-10-31 09:16:00
1196,3786,2010-01-01 08:11:00,2019-10-30 08:11:00
1197,1925,2010-01-02 14:43:00,2019-10-31 10:29:00
1198,5983,2010-01-03 05:58:00,2019-10-31 12:42:00
1199,2453,2010-01-02 14:05:00,2019-10-23 14:59:00
1200,5926,2010-02-01 09:24:00,2019-10-31 06:01:00
1201,1897,2010-02-01 11:53:00,2012-07-31 22:37:00
1203,364,2010-01-24 09:44:00,2012-08-28 10:50:00
1204,2935,2010-02-02 07:28:00,2019-10-26 16:45:00
1206,1762,2010-02-02 13:00:00,2019-10-31 16:25:00
1207,2556,2010-02-01 08:48:00,2018-08-31 11:29:00
1208,1775,2010-02-01 04:54:00,2019-10-30 23:56:00
1209,8591,2010-02-01 06:20:00,2019-10-30 22:11:00
1210,210,2010-02-03 11:19:00,2011-03-30 21:33:00
1211,7279,2010-02-01 14:26:00,2019-10-31 13:35:00
1213,1816,2010-02-02 06:48:00,2015-02-28 11:47:00
1214,5839,2010-02-01 07:11:00,2019-10-31 22:52:00
1215,4980,2010-01-01 09:02:00,2019-10-31 11:35:00
1217,6050,2010-02-01 09:10:00,2019-10-31 19:09:00
1218,6232,2010-02-01 00:51:00,2019-10-31 00:44:00
1220,1321,2010-02-02 08:24:00,2019-10-27 09:16:00
1221,5926,2010-01-17 18:34:00,2019-10-31 21:38:00
1222,13800,2010-01-01 22:44:00,2019-10-31 07:56:00
1223,2834,2010-02-01 15:52:00,2019-10-31 13:38:00
1224,11941,2010-02-01 07:00:00,2019-10-30 11:10:00
1225,2852,2010-01-02 09:32:00,2019-10-30 20:51:00
1226,4296,2010-02-01 07:48:00,2019-10-31 09:39:00
1227,2920,2010-02-01 07:09:00,2019-10-30 11:11:00
1228,1707,2010-02-01 17:31:00,2019-10-30 04:06:00
1229,3296,2010-02-03 16:42:00,2019-10-31 14:36:00
1230,8404,2010-02-01 06:37:00,2019-10-31 08:22:00
1232,1557,2010-01-04 09:53:00,2015-11-30 10:31:00
1233,6074,2010-02-02 15:15:00,2019-10-31 15:17:00
1234,1113,2010-02-07 08:44:00,2019-10-26 18:35:00
1237,3267,2010-01-09 11:41:00,2019-10-31 14:42:00
1238,4342,2010-02-01 02:01:00,2019-10-31 16:42:00
1239,11515,2010-01-05 03:25:00,2019-10-31 17:28:00
1240,1328,2010-02-02 01:01:00,2013-07-31 21:04:00
1241,4426,2010-01-27 10:25:00,2019-10-30 06:58:00
1243,3482,2010-02-01 06:42:00,2019-10-29 23:09:00
1245,1821,2010-02-01 10:36:00,2019-10-31 06:36:00
1246,12198,2010-01-17 11:14:00,2019-10-31 14:03:00
1247,18011,2010-01-16 06:15:00,2019-10-31 21:23:00
1248,2482,2010-02-03 01:23:00,2016-10-30 15:07:00
1250,7026,2010-02-01 21:29:00,2019-10-31 21:21:00
1251,1609,2010-02-03 10:49:00,2019-10-31 13:14:00
1252,7450,2010-02-01 10:16:00,2019-10-30 20:21:00
1253,3291,2010-02-01 21:14:00,2019-10-31 22:03:00
1254,10775,2010-02-01 06:02:00,2019-10-31 12:18:00
1255,2004,2010-02-01 15:14:00,2019-10-30 15:13:00
1256,2091,2010-02-02 10:59:00,2019-10-30 10:14:00
1257,650,2010-01-20 21:01:00,2011-11-30 09:04:00
1258,1215,2010-02-02 08:16:00,2019-10-30 22:49:00
1259,383,2010-02-03 08:51:00,2016-01-29 10:57:00
1260,4102,2010-02-01 09:02:00,2019-10-31 08:57:00
1261,2537,2010-02-01 08:48:00,2019-10-31 09:29:00
1262,6459,2010-02-01 14:42:00,2019-10-31 15:30:00
1263,5647,2010-02-01 13:17:00,2019-10-30 19:15:00
1264,2182,2010-02-01 03:29:00,2019-10-30 16:16:00
1265,1624,2011-02-01 11:01:00,2019-10-31 11:33:00
1266,1615,2011-02-06 06:50:00,2019-07-30 10:50:00
1267,2174,2011-02-02 03:49:00,2019-10-31 22:42:00
1268,3853,2011-01-28 11:06:00,2019-10-31 21:28:00
1270,2621,2011-02-06 13:57:00,2019-10-30 13:44:00
1271,6892,2011-02-01 07:12:00,2019-10-31 19:14:00
1272,4418,2011-02-01 12:24:00,2019-10-31 19:03:00
1273,2438,2011-01-16 11:44:00,2019-08-30 06:34:00
1274,1710,2011-02-03 09:09:00,2016-12-31 09:54:00
1275,6417,2011-02-01 06:38:00,2019-10-31 17:49:00
1276,3876,2011-02-01 09:14:00,2019-10-30 10:03:00
1277,874,2011-02-04 12:38:00,2019-10-30 11:38:00
1278,1772,2011-02-02 13:20:00,2019-10-24 05:08:00
1279,3115,2011-02-04 11:37:00,2019-10-31 08:26:00
1282,4147,2011-02-01 17:33:00,2019-10-31 17:51:00
1283,2016,2011-02-02 17:58:00,2019-10-29 16:27:00
1284,1303,2011-02-01 01:55:00,2019-10-28 21:36:00
1285,5086,2010-11-18 14:30:00,2015-07-31 08:15:00
1286,1839,2011-02-01 09:25:00,2019-10-27 22:16:00
1287,1256,2011-02-03 12:52:00,2019-10-30 10:36:00
1288,1014,2011-02-04 09:32:00,2014-04-30 22:19:00
1289,1729,2011-02-02 14:29:00,2019-10-29 14:07:00
1290,1167,2011-02-03 14:47:00,2019-10-31 08:47:00
1291,1487,2011-02-01 04:20:00,2019-10-31 04:49:00
1294,2442,2010-10-02 15:05:00,2019-10-26 10:36:00
1295,3111,2011-02-01 07:33:00,2019-10-31 15:45:00
1296,1603,2012-02-01 15:26:00,2018-11-30 08:58:00
1297,6132,2012-02-01 09:06:00,2019-10-31 18:30:00
1298,1919,2012-02-01 20:12:00,2019-10-31 17:10:00
1300,1453,2012-02-03 06:45:00,2019-10-28 06:05:00
1301,7285,2012-02-01 11:23:00,2019-10-31 20:53:00
1302,7332,2012-02-01 05:28:00,2019-10-31 07:49:00
1304,2141,2012-02-01 12:14:00,2019-10-31 07:33:00
1306,557,2012-02-01 06:58:00,2019-10-30 21:59:00
1307,2936,2011-06-18 14:54:00,2019-10-31 19:21:00
1308,1813,2012-02-04 18:30:00,2019-10-30 18:55:00
1309,2873,2012-02-01 10:50:00,2019-10-30 11:59:00
1311,2824,2012-02-01 10:41:00,2019-10-30 15:33:00
1313,3905,2012-06-09 13:18:00,2019-10-31 15:51:00
1314,3685,2013-01-22 16:57:00,2019-10-31 09:16:00
1315,1177,2013-02-01 11:11:00,2017-09-29 01:18:00
1317,3327,2012-11-15 15:04:00,2019-10-31 17:39:00
1319,2739,2013-02-02 19:42:00,2019-10-31 03:00:00
1320,6771,2013-01-24 11:26:00,2019-10-31 18:46:00
1321,834,2013-02-03 08:57:00,2019-10-30 08:00:00
1322,3819,2013-02-02 10:26:00,2019-10-31 10:00:00
1323,3369,2013-02-01 10:41:00,2019-10-31 15:03:00
1324,6635,2012-07-17 22:05:00,2019-10-30 20:09:00
1325,1899,2013-02-01 11:37:00,2019-10-30 23:23:00
1328,3650,2013-01-16 06:11:00,2019-10-31 19:29:00
1332,2313,2013-02-02 09:57:00,2019-10-31 19:13:00
1333,3424,2013-02-01 15:27:00,2019-10-31 13:40:00
1334,2600,2014-02-02 09:21:00,2019-10-31 12:37:00
1335,4331,2014-02-02 06:08:00,2019-10-31 07:44:00
1336,1503,2014-02-01 15:26:00,2019-10-30 17:12:00
1337,2727,2014-02-01 20:23:00,2019-10-31 20:48:00
1338,2108,2014-02-01 11:00:00,2019-10-31 12:20:00
1339,124,2014-02-01 18:40:00,2014-03-31 18:20:00
1341,1011,2014-02-04 14:38:00,2018-02-27 16:25:00
1342,1164,2014-02-01 01:03:00,2019-10-29 01:11:00
1344,1602,2014-02-07 12:20:00,2019-10-31 11:14:00
1345,1888,2014-02-05 08:59:00,2019-10-31 09:24:00
1346,1999,2014-02-04 14:24:00,2019-10-30 15:29:00
1347,2112,2014-02-01 16:13:00,2019-10-31 12:43:00
1348,283,2014-02-02 14:50:00,2019-10-27 08:08:00
1350,491,2015-02-01 13:50:00,2015-11-30 13:01:00
1351,5532,2015-02-01 06:08:00,2019-10-31 22:59:00
1352,1017,2015-02-02 12:46:00,2019-10-26 19:02:00
1353,3697,2015-02-01 10:26:00,2019-10-31 15:40:00
1355,1612,2015-02-01 09:31:00,2019-10-31 10:03:00
1356,2149,2014-06-03 07:20:00,2019-10-31 07:34:00
1357,347,2015-02-01 05:28:00,2016-07-25 14:49:00
1358,1151,2015-02-01 14:17:00,2019-10-29 18:04:00
1360,357,2015-02-03 17:50:00,2019-10-25 15:08:00
1361,1574,2015-02-02 06:02:00,2019-10-31 06:02:00
1362,2164,2015-05-25 20:19:00,2019-10-31 14:13:00
1363,543,2016-02-02 11:58:00,2019-10-29 16:58:00
1364,93,2016-02-10 17:36:00,2016-07-31 23:08:00
1365,2679,2016-02-01 09:29:00,2019-10-31 17:28:00
1366,1204,2016-02-02 01:45:00,2019-10-31 12:08:00
1367,1678,2016-02-01 11:39:00,2018-03-31 08:04:00
1368,6259,2016-02-01 12:17:00,2019-10-31 16:57:00
1369,1381,2016-02-02 07:04:00,2019-10-29 11:16:00
1372,435,2017-02-03 06:16:00,2018-01-28 15:08:00
1373,1210,2017-02-01 21:37:00,2019-10-31 22:23:00
1375,1299,2017-02-01 13:00:00,2019-10-31 16:37:00
1376,529,2017-02-01 06:00:00,2019-10-30 21:56:00
1379,1730,2018-02-01 08:11:00,2019-10-31 13:55:00
1380,603,2017-10-30 17:28:00,2019-10-31 10:59:00
1381,455,2018-02-01 15:03:00,2019-10-27 14:13:00
1382,484,2018-02-01 18:12:00,2019-10-31 18:12:00
1383,1089,2018-02-01 14:32:00,2019-10-31 18:09:00
1384,373,2017-11-08 11:17:00,2019-10-29 06:41:00
1385,397,2018-02-01 12:00:00,2019-10-31 07:10:00
1386,121,2019-02-02 10:28:00,2019-10-28 16:02:00
1388,451,2019-02-01 14:53:00,2019-10-31 14:56:00
1389,181,2019-02-03 22:14:00,2019-10-31 22:08:00
1391,193,2019-02-01 16:14:00,2019-10-31 08:06:00
2002,3795,2010-01-02 06:15:00,2019-10-30 16:29:00
2003,2061,2010-01-02 06:20:00,2019-10-31 07:14:00
2006,2615,2010-01-01 10:48:00,2019-10-28 03:51:00
2009,864,2010-01-01 12:53:00,2019-10-30 09:18:00
2011,273,2010-01-01 10:57:00,2011-03-28 18:10:00
2012,2230,2010-01-04 08:41:00,2019-10-27 16:17:00
2014,6216,2010-01-01 04:49:00,2019-10-31 16:49:00
2015,9842,2010-01-01 09:12:00,2019-10-31 11:03:00
2017,7879,2010-01-01 16:27:00,2019-10-31 10:05:00
2018,9808,2010-01-01 08:57:00,2019-10-31 07:04:00
2019,9305,2010-01-01 11:11:00,2019-10-31 15:00:00
2020,2186,2010-01-01 10:03:00,2019-10-31 20:58:00
2021,4464,2010-01-01 10:02:00,2019-10-31 13:57:00
2022,3595,2010-01-01 22:27:00,2019-10-31 15:43:00
2023,2065,2010-01-01 01:48:00,2019-10-31 01:37:00
2024,9397,2010-01-01 07:10:00,2019-10-31 19:11:00
2025,1653,2010-01-05 14:48:00,2019-10-31 14:57:00
2026,4161,2010-01-01 07:02:00,2019-10-31 02:58:00
2027,2935,2010-01-03 07:41:00,2019-10-31 11:18:00
2028,2408,2010-01-04 19:53:00,2017-12-31 09:56:00
2029,7386,2010-01-01 06:52:00,2019-10-31 17:16:00
2030,3960,2010-01-01 08:16:00,2013-08-31 23:45:00
2032,5451,2010-01-01 21:01:00,2017-08-31 21:12:00
2033,1930,2010-01-01 16:47:00,2019-10-31 15:49:00
2034,6695,2010-01-01 06:19:00,2019-10-31 20:57:00
2035,2719,2010-01-04 22:42:00,2019-10-25 07:29:00
2036,4378,2010-01-01 14:12:00,2019-10-30 14:14:00
2037,2502,2010-01-02 06:28:00,2019-10-31 06:45:00
2038,1512,2010-01-03 00:20:00,2019-10-08 00:27:00
2039,12566,2010-01-01 09:15:00,2019-10-31 21:55:00
2040,17206,2010-01-01 11:04:00,2019-10-31 14:19:00
2041,6156,2010-01-01 07:11:00,2019-10-31 22:50:00
2042,15496,2010-01-01 06:59:00,2019-10-31 19:22:00
2043,5265,2010-01-01 08:02:00,2019-10-31 10:39:00
2044,1081,2010-01-02 06:56:00,2019-10-31 14:27:00
2045,1052,2010-01-08 07:01:00,2014-04-30 20:57:00
2047,1999,2010-01-01 10:26:00,2019-10-30 10:58:00
2048,4693,2010-01-04 14:47:00,2019-10-31 17:25:00
2050,1639,2010-01-11 11:13:00,2019-10-30 14:31:00
2051,1975,2010-01-02 13:21:00,2019-10-29 08:06:00
2052,2443,2010-01-02 09:59:00,2019-10-30 23:45:00
2053,4398,2010-01-03 17:56:00,2019-10-31 11:14:00
2054,4351,2010-01-01 15:15:00,2019-10-31 15:13:00
2055,2377,2010-01-03 09:59:00,2019-10-29 14:49:00
2056,5098,2010-01-01 09:29:00,2019-10-31 11:16:00
2058,3529,2010-01-01 06:36:00,2019-10-31 06:56:00
2059,6920,2010-01-01 05:10:00,2019-10-31 16:16:00
2060,2458,2010-01-01 09:16:00,2019-10-29 22:22:00
2062,1754,2010-01-02 16:41:00,2019-10-31 09:59:00
2063,2486,2010-01-02 15:53:00,2019-10-28 09:10:00
2065,1637,2010-01-01 11:22:00,2019-10-29 11:12:00
2066,909,2010-01-15 15:24:00,2019-10-31 23:56:00
2067,4710,2010-01-02 10:43:00,2019-10-31 10:54:00
2068,1732,2010-01-02 10:26:00,2019-10-31 14:31:00
2069,5646,2010-01-01 08:32:00,2018-04-30 08:10:00
2070,2942,2010-01-02 03:02:00,2019-10-31 13:53:00
2072,3018,2010-01-03 12:07:00,2019-10-31 10:45:00
2073,709,2010-01-01 09:03:00,2012-10-31 09:58:00
2074,1113,2010-01-03 04:25:00,2019-10-30 23:12:00
2075,349,2010-01-01 09:16:00,2012-08-21 12:48:00
2076,1099,2010-01-03 05:27:00,2019-10-25 05:55:00
2078,2438,2010-01-04 15:47:00,2019-10-31 21:37:00
2079,4968,2010-01-01 09:35:00,2019-10-31 16:41:00
2080,407,2010-01-13 20:13:00,2019-10-25 14:12:00
2081,6981,2010-01-01 21:34:00,2019-10-31 11:21:00
2082,2078,2010-01-04 15:40:00,2019-10-30 19:41:00
2083,3437,2010-01-01 14:30:00,2019-10-31 14:58:00
2085,3328,2010-01-01 21:40:00,2019-10-31 23:49:00
2086,814,2010-01-04 06:51:00,2019-10-30 18:55:00
2087,3702,2010-01-03 08:04:00,2019-10-31 09:34:00
2088,4714,2010-01-01 20:00:00,2019-06-30 12:41:00
2090,3395,2010-01-01 09:35:00,2019-10-25 17:32:00
2091,3803,2010-01-02 19:44:00,2019-10-30 09:52:00
2092,2398,2010-01-01 03:32:00,2015-12-31 11:18:00
2093,4793,2010-01-01 00:32:00,2019-10-31 22:09:00
2094,2960,2010-01-02 18:13:00,2019-10-29 13:50:00
2096,1036,2010-01-02 13:10:00,2019-10-30 13:08:00
2099,3255,2010-01-01 10:36:00,2019-10-31 18:57:00
2100,1939,2010-01-01 14:32:00,2019-10-31 16:14:00
2101,2556,2010-01-03 07:41:00,2019-10-31 13:56:00
2102,1326,2010-01-02 11:54:00,2019-10-31 11:43:00
2105,560,2010-01-05 15:26:00,2012-12-31 15:36:00
2106,2534,2010-01-01 15:53:00,2019-10-29 15:50:00
2107,3743,2010-01-01 21:47:00,2019-10-31 21:34:00
2108,759,2010-01-04 15:29:00,2019-10-14 13:00:00
2109,1749,2010-01-03 19:37:00,2019-10-30 16:46:00
2110,6098,2010-01-01 11:54:00,2019-10-31 12:29:00
2112,1405,2010-01-01 01:19:00,2011-05-31 17:49:00
2113,3229,2010-01-01 09:43:00,2019-10-29 09:43:00
2114,4342,2010-01-01 12:01:00,2019-10-30 18:30:00
2115,6715,2010-01-01 18:36:00,2019-10-31 11:26:00
2116,3175,2010-01-01 10:07:00,2019-10-31 09:21:00
2117,3452,2010-01-02 14:10:00,2019-10-29 12:54:00
2118,2913,2010-01-01 07:36:00,2019-10-25 13:18:00
2119,4940,2010-01-01 14:42:00,2019-10-29 13:20:00
2120,708,2010-01-02 15:29:00,2019-10-28 09:22:00
2121,2803,2010-01-01 13:58:00,2019-10-28 19:58:00
2122,8776,2010-01-01 06:23:00,2019-10-31 12:47:00
2124,4097,2010-01-01 13:42:00,2019-10-31 11:35:00
2125,3013,2010-01-02 11:00:00,2019-10-30 19:14:00
2126,3598,2010-01-01 07:29:00,2019-10-31 13:16:00
2127,314,2010-01-19 22:41:00,2015-02-14 22:17:00
2128,1334,2010-01-04 09:53:00,2019-10-27 12:33:00
2129,4764,2010-01-01 11:56:00,2019-10-31 21:26:00
2130,2788,2010-01-02 10:42:00,2019-10-28 10:55:00
2131,1201,2010-01-06 06:44:00,2019-10-31 07:50:00
2133,5678,2010-01-01 07:24:00,2019-10-30 15:11:00
2134,1323,2010-01-02 12:48:00,2019-10-28 13:22:00
2135,1986,2010-01-01 07:07:00,2016-05-29 21:09:00
2136,7486,2010-01-01 11:22:00,2019-10-31 09:48:00
2137,3503,2010-01-01 09:55:00,2019-10-31 19:35:00
2138,934,2010-01-04 15:05:00,2012-03-31 22:15:00
2139,3748,2010-01-02 01:25:00,2019-10-30 19:26:00
2140,3225,2010-01-01 00:14:00,2019-10-31 01:44:00
2141,3770,2010-01-03 05:31:00,2019-10-29 12:13:00
2142,1616,2010-01-01 18:17:00,2019-10-31 12:36:00
2143,74,2010-01-01 09:19:00,2015-12-18 22:03:00
2144,2600,2010-01-01 11:17:00,2019-10-31 09:22:00
2145,1909,2010-01-01 11:25:00,2017-03-30 11:16:00
2146,7701,2010-01-01 07:03:00,2019-10-31 15:59:00
2147,5834,2010-01-01 14:52:00,2019-10-31 18:27:00
2148,5730,2010-01-01 14:33:00,2019-10-31 08:59:00
2149,3220,2010-01-01 11:15:00,2019-10-30 20:49:00
2152,2793,2010-01-02 22:37:00,2014-05-31 20:26:00
2153,489,2010-01-04 06:46:00,2012-08-31 06:26:00
2154,3272,2010-01-01 12:54:00,2018-12-31 14:46:00
2155,3059,2010-01-01 09:37:00,2019-10-30 15:26:00
2156,11194,2010-01-01 11:28:00,2019-10-31 18:32:00
2157,1912,2010-01-02 17:15:00,2019-10-31 14:30:00
2158,6755,2010-01-01 12:15:00,2019-10-31 16:55:00
2160,2165,2010-01-01 02:35:00,2019-10-31 02:46:00
2161,5083,2010-01-01 13:52:00,2019-10-28 13:45:00
2163,951,2010-01-01 14:47:00,2019-10-31 15:47:00
2164,1345,2010-01-02 14:08:00,2018-04-27 09:21:00
2165,2154,2010-01-01 14:00:00,2019-10-31 06:33:00
2166,3930,2010-01-02 13:16:00,2019-10-30 16:03:00
2168,9114,2010-01-01 16:33:00,2019-10-31 20:15:00
2169,6223,2010-01-01 17:13:00,2019-10-31 15:05:00
2170,1741,2010-01-03 07:33:00,2019-10-31 07:41:00
2171,867,2010-01-03 07:59:00,2019-10-31 11:54:00
2172,1260,2010-01-01 08:36:00,2014-06-29 08:58:00
2174,495,2010-01-02 12:48:00,2012-02-28 16:03:00
2175,4252,2010-01-01 14:49:00,2015-02-28 19:39:00
2176,1677,2010-01-04 16:10:00,2019-10-19 06:02:00
2177,6427,2010-01-01 04:01:00,2019-10-31 12:16:00
2178,2387,2010-01-01 13:36:00,2019-10-23 04:10:00
2179,3433,2010-01-04 11:16:00,2019-10-30 09:38:00
2180,1575,2010-01-02 19:44:00,2019-10-31 12:23:00
2181,3428,2010-01-01 02:45:00,2019-10-31 22:03:00
2182,5474,2010-01-01 00:36:00,2019-10-31 01:00:00
2183,7019,2010-01-01 14:25:00,2019-10-31 14:54:00
2184,2528,2010-01-01 16:58:00,2019-10-30 22:48:00
2185,3632,2010-01-02 12:51:00,2019-10-28 19:44:00
2186,3746,2010-01-02 16:34:00,2019-10-30 12:44:00
2187,1163,2010-01-01 12:45:00,2019-10-26 12:09:00
2188,4879,2010-01-01 06:38:00,2019-10-31 15:58:00
2189,7210,2010-01-01 14:23:00,2019-10-31 15:29:00
2190,3577,2010-01-02 12:22:00,2019-10-30 16:11:00
2191,1079,2010-01-01 10:49:00,2013-11-28 13:16:00
2192,3799,2010-01-01 13:49:00,2019-10-31 13:02:00
2195,1974,2010-01-02 10:14:00,2019-10-31 10:00:00
2197,1296,2010-01-02 14:04:00,2019-10-26 14:11:00
2198,4362,2010-01-01 09:07:00,2019-10-30 07:57:00
2201,3653,2010-01-01 15:43:00,2019-10-28 12:20:00
2202,3677,2010-01-01 22:05:00,2019-10-30 05:12:00
2203,3585,2010-01-03 07:20:00,2019-10-30 17:39:00
2204,3694,2010-01-01 11:23:00,2019-10-31 11:53:00
2206,1389,2010-01-01 22:14:00,2019-10-31 15:09:00
2207,4953,2010-01-02 15:50:00,2019-10-30 21:40:00
2209,102,2010-01-03 09:58:00,2010-04-28 10:06:00
2210,5939,2010-01-01 11:20:00,2017-05-30 20:51:00
2211,3006,2010-01-01 18:21:00,2019-10-31 06:33:00
2212,4995,2010-01-01 10:08:00,2019-10-30 10:24:00
2213,9315,2010-01-01 13:00:00,2019-10-31 16:24:00
2215,2321,2010-01-02 18:13:00,2019-10-27 06:59:00
2216,6768,2010-01-01 08:55:00,2019-10-31 14:50:00
2217,1813,2010-01-01 19:32:00,2019-10-28 10:55:00
2218,3491,2010-01-01 09:20:00,2019-10-31 07:56:00
2219,297,2010-01-05 22:07:00,2019-10-24 06:43:00
2220,6726,2010-01-01 16:00:00,2019-10-31 08:27:00
2223,7251,2010-01-01 06:40:00,2019-10-30 07:49:00
2224,1981,2010-01-01 10:55:00,2019-10-30 11:06:00
2225,2604,2010-01-01 12:33:00,2019-10-30 22:36:00
2226,5307,2010-01-01 23:47:00,2019-10-30 12:24:00
2227,3237,2010-01-01 13:50:00,2019-10-28 13:56:00
2228,4926,2010-01-01 01:40:00,2019-10-31 21:28:00
2229,661,2010-01-01 09:50:00,2011-09-30 02:49:00
2230,678,2010-01-01 21:12:00,2012-03-30 21:36:00
2231,3859,2010-01-03 16:03:00,2019-10-30 17:58:00
2232,4775,2010-01-02 11:12:00,2019-06-30 19:35:00
2233,1041,2010-01-01 20:32:00,2019-10-31 16:58:00
2234,460,2010-01-02 14:04:00,2014-04-27 19:39:00
2235,770,2010-01-04 18:21:00,2019-10-28 17:48:00
2237,6662,2010-01-01 10:35:00,2019-10-31 10:58:00
2238,2327,2010-01-01 09:41:00,2019-10-28 11:03:00
2239,9270,2010-01-01 21:52:00,2019-10-31 21:35:00
2240,3257,2010-01-02 12:44:00,2019-10-31 11:17:00
2241,3444,2010-01-01 12:08:00,2019-10-31 11:50:00
2242,1504,2010-02-09 13:08:00,2019-10-30 15:14:00
2243,1042,2010-01-29 15:56:00,2012-04-29 20:38:00
2244,1566,2010-03-02 16:54:00,2019-10-31 02:04:00
2245,1104,2010-03-01 00:21:00,2019-10-30 15:56:00
2246,2684,2010-01-26 20:45:00,2019-10-29 14:11:00
2248,3742,2010-03-01 09:58:00,2016-03-31 16:11:00
2249,6763,2010-03-01 07:15:00,2019-10-31 10:49:00
2250,4032,2010-03-01 06:18:00,2019-10-31 06:24:00
2251,3130,2010-03-03 08:01:00,2019-10-31 13:12:00
2252,1592,2010-03-02 06:48:00,2017-09-29 14:58:00
2253,10925,2010-03-01 15:41:00,2019-10-31 10:51:00
2254,1216,2010-03-01 16:30:00,2016-12-25 15:38:00
2255,5393,2010-03-01 11:23:00,2019-10-28 22:48:00
2256,3425,2010-03-04 14:06:00,2019-10-30 12:35:00
2258,3554,2010-03-02 04:16:00,2019-10-31 09:58:00
2259,5958,2010-03-01 10:42:00,2019-10-31 10:13:00
2260,1364,2010-03-01 09:06:00,2019-10-30 23:12:00
2261,7305,2010-03-01 07:57:00,2019-10-31 07:34:00
2262,1388,2010-03-03 21:46:00,2019-10-30 20:42:00
2263,6193,2010-03-01 16:27:00,2019-10-30 16:11:00
2264,1914,2010-03-01 21:23:00,2019-10-29 11:48:00
2265,5040,2010-03-01 06:28:00,2019-10-31 12:43:00
2266,5006,2010-03-01 13:14:00,2019-10-31 16:48:00
2267,3246,2010-03-01 12:39:00,2019-10-30 09:59:00
2269,2792,2010-03-02 07:18:00,2019-10-31 11:05:00
2270,2468,2010-03-01 08:40:00,2019-10-31 15:10:00
2272,2509,2010-03-01 06:40:00,2018-12-29 17:39:00
2273,5241,2011-01-07 07:37:00,2019-10-30 13:38:00
2274,1105,2011-03-03 10:40:00,2019-10-31 10:09:00
2275,1299,2011-03-02 10:43:00,2019-10-31 10:17:00
2276,4629,2011-03-01 07:45:00,2019-10-29 08:22:00
2278,4555,2011-03-02 13:55:00,2018-09-29 13:45:00
2279,1223,2011-03-01 06:43:00,2019-10-31 08:24:00
2280,1427,2011-03-01 11:14:00,2019-10-29 11:26:00
2281,170,2011-03-01 13:00:00,2011-12-31 10:01:00
2282,1661,2011-03-01 13:15:00,2019-10-29 18:25:00
2283,3461,2011-03-01 10:34:00,2019-10-31 19:44:00
2284,5462,2011-03-01 12:31:00,2019-10-31 15:44:00
2287,791,2011-03-01 10:22:00,2013-01-31 11:12:00
2289,1142,2011-03-01 10:17:00,2019-10-30 14:56:00
2290,5240,2011-03-01 06:34:00,2019-10-31 08:37:00
2291,2543,2011-02-17 02:07:00,2019-10-31 08:12:00
2295,1992,2011-10-16 04:40:00,2019-10-31 11:35:00
2296,3855,2012-03-01 09:33:00,2019-10-31 09:55:00
2297,1346,2012-03-01 07:27:00,2015-08-09 04:18:00
2298,1529,2012-03-01 08:03:00,2016-10-30 08:41:00
2300,989,2012-03-07 07:26:00,2019-10-27 12:39:00
2302,1286,2012-03-01 14:44:00,2019-10-28 21:41:00
2303,2369,2011-09-14 01:37:00,2014-12-31 16:26:00
2304,1901,2012-03-03 09:02:00,2019-10-31 10:17:00
2305,4315,2012-03-01 07:22:00,2019-10-26 10:03:00
2306,3315,2012-03-02 09:36:00,2019-10-31 12:11:00
2307,3368,2012-03-02 08:13:00,2019-10-31 05:14:00
2308,2020,2012-03-01 19:50:00,2019-10-29 00:21:00
2309,3214,2013-03-01 13:44:00,2019-10-31 06:26:00
2310,3026,2013-03-01 10:40:00,2019-10-31 14:24:00
2311,2570,2013-03-02 13:51:00,2018-05-31 21:32:00
2312,3493,2013-02-17 10:23:00,2019-10-31 21:50:00
2313,4812,2013-03-01 09:20:00,2019-10-31 14:18:00
2315,1961,2013-03-03 06:53:00,2019-10-26 12:48:00
2316,4725,2013-03-01 06:15:00,2019-10-31 12:51:00
2317,1471,2012-07-24 16:04:00,2019-10-31 03:15:00
2318,2559,2013-03-01 13:57:00,2019-10-31 18:27:00
2319,1299,2013-03-03 07:18:00,2016-01-31 08:29:00
2320,1822,2013-03-01 15:38:00,2019-10-30 23:23:00
2321,807,2013-03-01 15:19:00,2019-10-22 20:59:00
2322,403,2013-03-01 09:30:00,2013-08-31 06:18:00
2323,1262,2013-03-03 11:27:00,2019-10-27 11:54:00
2324,7734,2013-03-01 06:04:00,2019-10-31 20:14:00
2325,3727,2012-05-09 16:26:00,2019-10-31 15:05:00
2326,1356,2014-03-01 08:38:00,2016-10-28 22:40:00
2327,1986,2014-03-01 09:37:00,2019-10-31 09:47:00
2328,1138,2014-03-03 08:38:00,2019-10-30 15:57:00
2330,1410,2014-03-01 06:01:00,2019-10-31 12:09:00
2331,389,2014-03-01 12:07:00,2015-01-31 12:23:00
2333,2852,2014-03-01 08:05:00,2019-10-30 08:06:00
2335,3579,2014-03-01 11:22:00,2019-10-30 11:18:00
2336,650,2014-03-07 16:34:00,2019-10-30 16:48:00
2337,1095,2014-03-02 16:52:00,2019-10-29 15:30:00
2338,1605,2014-03-03 21:41:00,2019-10-30 09:10:00
2339,393,2015-03-08 10:49:00,2019-10-25 12:10:00
2340,1057,2015-03-04 11:44:00,2019-10-27 11:41:00
2341,209,2015-03-01 12:40:00,2015-06-30 09:37:00
2342,479,2015-03-10 19:37:00,2019-10-30 17:21:00
2343,2784,2015-01-21 20:35:00,2018-10-31 18:55:00
2345,497,2014-07-16 12:43:00,2015-07-31 21:35:00
2346,1671,2015-03-01 08:26:00,2019-10-31 14:07:00
2347,540,2015-03-04 06:02:00,2019-10-30 19:46:00
2350,1171,2015-03-01 07:00:00,2019-10-28 06:53:00
2351,2569,2015-03-01 02:38:00,2019-10-31 06:37:00
2352,1602,2015-03-01 08:35:00,2019-10-30 09:28:00
2353,3814,2014-05-21 22:10:00,2019-10-31 21:37:00
2355,1800,2016-03-01 13:46:00,2019-10-28 13:43:00
2357,2787,2016-03-01 08:41:00,2019-10-31 17:28:00
2358,544,2016-03-01 13:12:00,2019-10-30 15:43:00
2359,988,2016-03-01 07:55:00,2017-08-29 07:46:00
2360,2218,2016-03-01 07:34:00,2019-10-31 07:32:00
2361,3797,2016-03-01 10:10:00,2019-10-31 13:29:00
2362,882,2017-03-02 06:40:00,2019-10-30 10:12:00
2363,198,2017-03-01 20:52:00,2018-08-30 15:48:00
2364,1292,2017-03-01 16:49:00,2019-10-27 12:27:00
2365,708,2017-03-04 18:53:00,2019-10-31 14:57:00
2366,2345,2017-03-01 21:50:00,2019-10-31 12:25:00
2369,1053,2017-03-02 12:56:00,2019-10-31 15:30:00
2370,348,2018-03-01 10:37:00,2019-10-31 19:29:00
2372,791,2018-03-01 09:34:00,2019-10-29 10:40:00
2373,238,2018-03-01 12:43:00,2018-08-31 19:49:00
2374,1122,2018-03-02 06:30:00,2019-10-31 18:43:00
2376,1028,2018-03-01 07:10:00,2019-10-31 11:58:00
2378,620,2018-03-03 15:52:00,2019-10-31 16:24:00
2379,348,2019-03-01 04:44:00,2019-10-31 23:56:00
2380,142,2019-03-01 20:56:00,2019-10-31 15:22:00
2381,268,2019-03-01 08:15:00,2019-10-30 22:21:00
2382,710,2019-03-01 10:37:00,2019-10-31 10:44:00
2383,228,2019-03-02 10:44:00,2019-10-29 09:46:00
2384,77,2019-03-03 08:22:00,2019-10-31 08:12:00
2385,170,2019-03-02 00:02:00,2019-10-30 14:10:00
2386,170,2019-03-05 11:45:00,2019-10-31 15:34:00
2387,732,2019-03-01 12:01:00,2019-10-31 14:38:00
2388,54,2019-03-06 01:37:00,2019-06-24 13:02:00
2389,165,2019-03-02 16:12:00,2019-10-28 17:24:00
2392,1625,2010-01-02 13:03:00,2019-10-30 14:34:00
2394,1134,2010-01-05 17:57:00,2019-10-19 09:51:00
2395,1390,2010-01-12 18:23:00,2019-10-27 14:59:00
2396,1064,2010-01-01 10:45:00,2013-03-30 18:17:00
2397,2809,2010-01-01 17:13:00,2019-10-31 10:36:00
2398,3650,2010-01-02 16:54:00,2019-10-31 22:35:00
2399,1439,2010-01-01 08:57:00,2019-10-13 09:22:00
2400,2511,2010-01-03 07:37:00,2019-10-31 22:54:00
2401,3075,2010-01-04 14:07:00,2019-10-29 15:39:00
2403,2877,2010-01-01 14:41:00,2019-10-30 17:25:00
2404,2313,2010-01-01 04:54:00,2019-10-27 04:34:00
2405,2447,2010-01-01 19:34:00,2019-10-27 11:14:00
2406,3728,2010-01-01 14:35:00,2019-10-31 22:34:00
2407,2587,2010-01-02 02:54:00,2019-10-30 09:09:00
2408,30672,2010-01-01 05:38:00,2018-02-28 15:40:00
2409,1691,2010-01-02 10:49:00,2019-10-25 14:26:00
2410,140,2010-01-02 22:06:00,2010-10-30 22:22:00
2411,3731,2010-01-02 18:23:00,2019-10-29 16:32:00
2412,3682,2010-01-02 07:00:00,2019-10-31 15:43:00
2413,2646,2010-01-01 11:22:00,2012-12-31 21:55:00
2416,3429,2010-01-02 13:09:00,2019-10-15 06:07:00
2417,1894,2010-01-01 15:45:00,2019-10-31 04:18:00
2418,3452,2010-01-01 02:25:00,2019-10-31 10:14:00
2419,1404,2010-01-01 11:50:00,2019-10-30 22:06:00
2420,285,2010-01-01 14:48:00,2010-10-28 14:48:00
2423,1796,2010-01-04 10:47:00,2019-10-30 23:52:00
2424,1664,2010-01-01 09:06:00,2019-10-28 00:03:00
2425,1882,2010-01-01 13:38:00,2018-04-28 21:15:00
2426,15437,2010-01-01 14:38:00,2019-10-31 12:59:00
2427,2066,2010-01-02 17:02:00,2019-10-30 08:13:00
2428,7631,2010-01-01 06:49:00,2019-10-31 09:09:00
2429,16000,2010-01-01 10:07:00,2019-10-31 21:19:00
2430,4165,2010-01-03 16:08:00,2019-10-29 16:49:00
2431,1321,2010-01-03 14:25:00,2019-10-30 10:32:00
2432,2618,2010-01-04 11:42:00,2017-01-28 07:29:00
2433,4009,2010-01-01 09:12:00,2019-10-31 09:17:00
2434,3427,2010-01-01 15:15:00,2019-10-31 16:27:00
2435,8756,2010-01-01 19:39:00,2019-10-31 19:51:00
2436,4131,2010-01-04 01:09:00,2019-10-31 23:46:00
2437,2350,2010-01-02 14:09:00,2019-10-31 13:57:00
2438,3078,2010-01-01 16:32:00,2014-07-30 14:50:00
2439,2188,2010-01-01 12:23:00,2019-10-31 21:02:00
2440,1592,2010-01-02 09:56:00,2019-10-29 09:53:00
2441,2912,2010-01-01 18:32:00,2018-01-31 13:25:00
2442,1339,2010-01-03 12:22:00,2019-10-31 07:43:00
2443,6863,2010-01-01 11:33:00,2019-10-31 20:11:00
2445,1288,2010-01-01 12:01:00,2019-10-30 11:18:00
2446,8101,2010-01-01 09:31:00,2019-10-31 10:13:00
2447,1311,2010-01-01 13:38:00,2019-10-16 19:43:00
2449,3589,2010-01-01 09:02:00,2019-10-31 12:13:00
2450,3552,2010-01-01 06:20:00,2019-10-29 21:55:00
2451,2652,2010-01-01 06:37:00,2019-10-31 16:06:00
2452,3788,2010-01-01 01:19:00,2019-10-30 01:01:00
2453,1595,2010-01-04 06:55:00,2019-10-25 07:44:00
2454,1503,2010-01-04 12:22:00,2019-10-28 15:43:00
2456,775,2010-01-03 17:41:00,2013-12-30 12:46:00
2457,1889,2010-01-01 14:53:00,2019-10-30 12:02:00
2458,2689,2010-01-02 13:25:00,2019-10-31 13:20:00
2459,1575,2010-01-02 07:11:00,2019-10-30 10:22:00
2460,2976,2010-01-03 05:02:00,2019-10-31 09:27:00
2461,4338,2010-01-01 13:48:00,2019-10-30 17:38:00
2464,8281,2010-01-01 00:31:00,2019-10-31 00:49:00
2465,2315,2010-01-03 04:12:00,2018-02-27 16:57:00
2466,2033,2010-01-02 06:52:00,2019-10-29 06:59:00
2467,3644,2010-01-01 20:45:00,2019-10-28 21:26:00
2470,3927,2010-01-01 08:48:00,2019-10-28 23:09:00
2471,2770,2010-01-01 21:31:00,2019-10-31 07:51:00
2472,10482,2010-01-01 07:16:00,2019-10-31 17:53:00
2473,3018,2010-01-03 15:42:00,2019-10-30 15:59:00
2474,3747,2010-01-01 10:35:00,2019-10-31 21:03:00
2475,2401,2010-01-04 12:40:00,2019-10-30 22:26:00
2476,265,2010-01-01 10:32:00,2010-08-29 14:59:00
2477,3385,2010-01-03 08:05:00,2019-10-30 21:45:00
2478,7183,2010-01-01 12:50:00,2019-10-31 20:20:00
2480,2342,2010-01-01 09:24:00,2019-10-31 11:10:00
2481,1221,2010-01-10 06:56:00,2019-10-22 16:52:00
2483,1411,2010-01-04 15:04:00,2019-10-29 04:43:00
2484,3879,2010-01-03 14:32:00,2019-10-30 16:20:00
2485,5816,2010-01-01 15:15:00,2019-10-31 19:33:00
2486,2387,2010-01-02 10:02:00,2019-10-30 09:26:00
2487,1524,2010-01-02 12:34:00,2019-10-28 15:08:00
2488,117,2010-01-01 12:07:00,2010-04-03 00:27:00
2489,5135,2010-01-01 12:20:00,2019-10-31 10:44:00
2491,3404,2010-01-01 15:49:00,2017-08-31 15:53:00
2492,8158,2010-01-01 12:03:00,2019-10-31 21:28:00
2493,1898,2010-01-01 02:14:00,2015-04-30 09:12:00
2494,1280,2010-01-02 17:17:00,2019-10-27 06:03:00
2495,1899,2010-01-02 10:19:00,2019-10-31 14:56:00
2496,3831,2010-01-01 12:31:00,2014-10-31 06:39:00
2497,1173,2010-01-05 21:31:00,2019-10-31 12:10:00
2498,3437,2010-01-01 20:03:00,2019-10-31 20:27:00
2500,8537,2010-01-01 08:01:00,2019-10-31 13:51:00
2501,1120,2010-01-02 06:09:00,2019-10-19 15:20:00
2502,4891,2010-01-01 10:11:00,2019-10-31 15:04:00
2504,3395,2010-01-01 07:37:00,2019-10-31 11:37:00
2505,3670,2010-01-01 07:46:00,2019-10-31 16:46:00
2506,1518,2010-01-01 13:01:00,2019-10-31 19:17:00
2508,3351,2010-01-01 05:12:00,2019-10-30 20:02:00
2509,19203,2010-01-01 07:17:00,2019-10-31 22:27:00
2510,2490,2010-01-03 23:46:00,2019-10-31 22:37:00
2511,1633,2010-01-01 01:19:00,2019-10-28 12:49:00
2512,2570,2010-01-01 10:39:00,2019-10-31 11:09:00
2513,5086,2010-01-02 01:53:00,2019-10-31 06:36:00
2514,1815,2010-01-02 23:55:00,2019-10-28 12:19:00
2515,7481,2010-01-01 09:30:00,2018-12-31 19:38:00
2516,637,2010-01-01 14:50:00,2013-06-27 12:59:00
2517,980,2010-01-15 12:58:00,2019-10-31 12:02:00
2518,2560,2010-01-01 20:50:00,2019-10-31 06:08:00
2519,6621,2010-01-01 22:18:00,2019-10-31 16:05:00
2520,3537,2010-01-01 18:37:00,2019-10-30 17:39:00
2522,1197,2010-01-04 16:30:00,2019-10-28 15:49:00
2523,2286,2010-01-01 15:57:00,2019-10-26 15:32:00
2525,1007,2010-01-04 07:04:00,2015-10-29 18:53:00
2526,13629,2010-01-01 06:02:00,2019-10-31 21:52:00
2527,2479,2010-01-01 01:37:00,2019-10-31 12:19:00
2528,1061,2010-01-02 13:17:00,2019-10-21 15:45:00
2529,3258,2010-01-01 16:44:00,2019-10-31 19:36:00
2530,17510,2010-01-01 06:59:00,2019-10-31 10:47:00
2531,11889,2010-01-01 04:28:00,2019-10-31 17:09:00
2532,4711,2010-01-06 11:01:00,2019-10-29 15:18:00
2535,2533,2010-01-01 12:58:00,2016-05-31 22:43:00
2536,7324,2010-01-01 12:30:00,2019-10-30 22:08:00
2537,1828,2010-01-04 16:19:00,2019-10-29 11:55:00
2538,5237,2010-01-01 14:03:00,2019-10-31 13:02:00
2539,4274,2010-01-01 01:40:00,2014-11-30 17:44:00
2541,2530,2010-01-02 06:33:00,2019-10-31 12:25:00
2542,2354,2010-01-02 14:20:00,2014-06-29 14:10:00
2543,5057,2010-01-01 20:05:00,2019-10-31 09:50:00
2544,2373,2010-01-02 13:33:00,2019-10-31 06:38:00
2545,1096,2010-01-02 08:07:00,2019-10-31 12:08:00
2546,8668,2010-01-01 11:47:00,2019-10-31 11:35:00
2547,9263,2010-01-01 07:04:00,2019-10-31 07:45:00
2548,2170,2010-01-01 11:19:00,2019-10-31 11:17:00
2549,5105,2010-01-01 12:58:00,2019-10-30 10:13:00
2551,2950,2010-01-01 09:41:00,2019-10-31 13:54:00
2552,4580,2010-01-01 22:52:00,2019-10-31 22:40:00
2553,671,2010-01-02 08:21:00,2011-11-30 11:43:00
2554,7714,2010-01-01 12:31:00,2019-10-31 08:47:00
2555,3227,2010-01-02 11:46:00,2019-10-30 11:46:00
2556,5271,2010-01-01 12:10:00,2019-10-31 06:10:00
2558,2301,2010-01-01 06:55:00,2019-10-25 11:42:00
2559,434,2010-01-01 07:01:00,2010-08-31 16:46:00
2560,1733,2010-01-04 04:31:00,2019-10-31 11:36:00
2561,6191,2010-01-01 09:02:00,2019-10-31 16:45:00
2562,7942,2010-01-01 04:06:00,2019-10-31 19:30:00
2563,128,2010-01-02 10:12:00,2010-09-24 06:44:00
2564,3642,2010-01-02 14:45:00,2019-10-31 09:18:00
2565,403,2010-01-01 08:11:00,2012-06-23 08:23:00
2568,1414,2010-01-01 05:57:00,2015-03-29 11:14:00
2569,1537,2010-01-07 07:44:00,2019-10-28 10:24:00
2570,5560,2010-01-01 09:59:00,2019-07-31 09:35:00
2571,1935,2010-01-03 16:19:00,2016-03-31 17:29:00
2572,1687,2010-01-02 15:30:00,2019-10-29 20:29:00
2573,7439,2010-01-01 06:50:00,2019-10-30 13:37:00
2574,4134,2010-01-02 08:19:00,2019-10-31 08:27:00
2575,5408,2010-01-01 12:27:00,2019-10-29 11:42:00
2576,4003,2010-01-02 15:57:00,2019-10-31 16:21:00
2578,1608,2010-01-06 06:01:00,2019-10-31 12:23:00
2579,3384,2010-01-01 06:01:00,2017-04-30 06:37:00
2580,3329,2010-01-04 06:26:00,2016-08-30 20:31:00
2581,7517,2010-01-01 16:59:00,2019-10-30 17:19:00
2582,4218,2010-01-02 11:20:00,2019-10-30 22:14:00
2583,10622,2010-01-01 18:33:00,2019-10-31 03:50:00
2584,3082,2010-01-01 11:52:00,2019-10-31 21:19:00
2586,3647,2010-01-01 06:51:00,2019-10-31 08:12:00
2587,2339,2010-01-01 12:47:00,2019-10-28 12:31:00
2588,1689,2010-01-01 10:35:00,2019-10-25 17:07:00
2590,998,2010-01-08 12:13:00,2015-11-30 12:38:00
2591,4933,2010-01-01 08:13:00,2019-10-31 08:04:00
2592,7218,2010-01-01 16:40:00,2019-10-31 16:42:00
2593,2620,2010-01-01 08:56:00,2019-10-30 08:30:00
2594,3565,2010-01-01 12:28:00,2019-10-28 07:15:00
2595,878,2010-01-02 15:03:00,2019-10-31 15:15:00
2596,3227,2010-01-01 12:12:00,2019-10-31 08:08:00
2597,4655,2010-01-01 16:18:00,2019-10-31 13:42:00
2598,1237,2010-01-19 06:33:00,2019-10-21 21:26:00
2599,5282,2010-01-03 12:47:00,2019-10-31 13:17:00
2600,1533,2010-01-04 02:27:00,2018-11-27 13:55:00
2601,322,2010-01-02 13:52:00,2010-08-31 21:36:00
2602,1415,2010-01-01 11:07:00,2014-03-31 18:42:00
2603,4035,2010-01-01 07:12:00,2019-10-31 13:06:00
2604,5690,2010-01-01 08:08:00,2019-10-31 12:57:00
2605,1688,2010-01-02 15:45:00,2019-10-29 21:47:00
2607,3694,2010-01-01 08:37:00,2019-10-31 12:15:00
2608,7189,2010-01-01 22:20:00,2019-09-30 18:52:00
2610,2389,2010-01-02 14:59:00,2019-10-29 10:04:00
2611,6331,2010-01-02 07:24:00,2016-12-30 13:01:00
2612,1154,2010-01-01 14:20:00,2019-10-29 06:57:00
2613,3245,2010-01-01 15:29:00,2019-10-31 22:45:00
2614,2108,2010-01-04 18:58:00,2019-10-30 18:15:00
2615,2435,2010-01-01 17:15:00,2019-10-30 12:26:00
2616,2822,2010-01-01 09:10:00,2019-10-28 15:43:00
2617,6288,2010-01-01 03:36:00,2019-10-31 15:33:00
2619,5273,2010-01-01 08:00:00,2019-10-30 15:14:00
2620,3277,2010-01-01 12:16:00,2017-11-30 12:07:00
2622,3792,2010-01-01 21:49:00,2019-10-30 08:41:00
2624,3892,2010-01-01 08:35:00,2019-10-30 13:52:00
2626,2742,2010-01-01 14:07:00,2019-10-30 22:57:00
2627,4961,2010-03-25 21:37:00,2019-10-30 11:03:00
2628,2964,2010-04-01 16:33:00,2019-10-31 13:24:00
2629,327,2010-04-01 08:16:00,2010-09-30 14:59:00
2631,1795,2010-04-03 13:00:00,2019-10-30 04:43:00
2632,3279,2010-04-02 23:16:00,2019-10-30 14:43:00
2633,10002,2010-04-01 02:28:00,2019-10-31 12:59:00
2634,6968,2010-04-01 03:06:00,2019-10-31 18:50:00
2635,3918,2010-04-01 15:48:00,2019-10-31 22:22:00
2637,4054,2010-04-01 10:28:00,2019-10-31 14:18:00
2638,8683,2010-04-01 12:44:00,2019-10-31 14:58:00
2639,3311,2010-03-06 04:33:00,2019-10-30 18:08:00
2640,2759,2010-04-01 12:11:00,2018-07-29 18:27:00
2642,2126,2010-04-01 22:10:00,2019-10-30 11:05:00
2643,6554,2010-04-02 10:46:00,2019-10-31 13:52:00
2644,6530,2010-03-25 17:58:00,2019-10-31 17:02:00
2645,1364,2010-04-01 00:25:00,2018-06-30 08:57:00
2646,3776,2010-03-18 20:58:00,2019-10-31 22:56:00
2647,8857,2010-04-03 13:43:00,2019-10-31 15:57:00
2648,2497,2010-04-02 16:29:00,2019-10-28 16:56:00
2649,2134,2010-04-01 12:46:00,2019-10-30 09:02:00
2650,12844,2010-02-07 19:03:00,2019-10-31 21:26:00
2651,1400,2010-04-03 16:04:00,2019-10-31 16:44:00
2652,15516,2010-04-01 09:05:00,2019-10-31 15:08:00
2653,6499,2010-04-01 10:22:00,2019-10-31 10:35:00
2656,1277,2010-03-19 16:25:00,2019-10-28 10:59:00
2657,5268,2010-04-01 13:46:00,2019-10-31 14:01:00
2658,1570,2010-04-03 11:39:00,2018-04-28 17:18:00
2659,1908,2010-04-01 08:30:00,2019-10-22 20:44:00
2660,2024,2010-04-05 06:52:00,2019-10-31 07:39:00
2661,1836,2010-04-02 10:46:00,2019-10-25 22:16:00
2662,4159,2010-03-24 07:02:00,2019-10-31 02:33:00
2663,5358,2010-04-01 01:06:00,2019-10-31 13:07:00
2664,2009,2010-04-03 13:27:00,2019-10-30 20:16:00
2665,1755,2010-04-01 09:16:00,2019-10-31 22:55:00
2666,3002,2010-03-23 01:51:00,2019-10-29 21:47:00
2667,2289,2010-04-01 12:01:00,2019-10-26 13:41:00
2668,95,2010-04-02 11:24:00,2010-08-31 23:34:00
2669,25,2010-04-08 04:23:00,2010-09-26 05:36:00
2670,3652,2011-04-01 11:46:00,2019-10-29 19:44:00
2671,2339,2011-04-01 06:18:00,2019-10-31 17:23:00
2672,2039,2011-03-18 10:45:00,2019-01-31 14:20:00
2673,3694,2011-04-01 10:03:00,2019-10-31 22:09:00
2674,4199,2011-04-02 15:52:00,2019-10-31 10:50:00
2675,6093,2011-04-01 19:18:00,2019-10-31 23:24:00
2676,1898,2011-04-01 08:17:00,2019-07-27 07:08:00
2677,5184,2011-04-02 00:03:00,2019-10-30 18:51:00
2678,2438,2011-04-02 00:48:00,2019-10-31 11:24:00
2679,862,2011-04-03 06:03:00,2019-10-22 05:50:00
2680,406,2011-04-01 14:41:00,2013-04-30 06:01:00
2681,4104,2011-04-01 15:45:00,2019-10-31 16:20:00
2682,5362,2011-02-21 01:24:00,2019-10-31 11:28:00
2683,6236,2011-04-01 12:13:00,2019-10-31 15:57:00
2684,3512,2011-04-02 17:51:00,2019-10-31 11:24:00
2685,3735,2011-04-01 22:05:00,2019-10-31 22:08:00
2686,3505,2010-08-07 07:26:00,2019-10-30 08:19:00
2687,4973,2011-04-02 22:37:00,2019-10-31 15:46:00
2688,3672,2011-04-01 07:00:00,2019-10-31 06:47:00
2689,2172,2011-04-02 11:11:00,2019-10-30 08:44:00
2690,885,2011-04-04 00:37:00,2019-10-08 13:18:00
2691,1729,2012-04-01 22:14:00,2019-10-26 07:25:00
2692,1759,2012-04-02 10:03:00,2019-10-30 06:45:00
2693,4594,2012-04-02 18:29:00,2019-10-31 18:00:00
2694,915,2012-04-02 09:19:00,2019-10-31 08:42:00
2695,2009,2012-04-02 12:17:00,2019-10-30 15:19:00
2696,3409,2012-04-02 15:55:00,2019-10-31 14:51:00
2697,918,2012-04-05 13:14:00,2019-10-31 21:32:00
2698,4833,2012-04-01 13:11:00,2019-10-31 13:39:00
2699,4866,2012-04-01 07:30:00,2019-10-31 06:04:00
2700,3423,2012-04-01 08:36:00,2019-10-31 13:20:00
2701,1555,2012-04-02 00:55:00,2019-10-25 13:47:00
2702,1744,2012-04-02 07:41:00,2019-10-31 19:18:00
2703,1215,2012-03-24 17:08:00,2019-10-31 13:55:00
2704,2599,2012-04-01 17:08:00,2019-02-28 17:20:00
2705,639,2012-04-08 12:35:00,2019-10-26 11:35:00
2706,2704,2011-08-28 10:26:00,2019-10-31 15:28:00
2707,1185,2011-06-17 12:36:00,2019-10-15 22:45:00
2708,479,2012-04-04 21:48:00,2015-04-25 09:47:00
2709,3618,2012-04-02 10:20:00,2019-10-31 21:05:00
2711,3176,2012-04-01 11:19:00,2019-10-29 03:47:00
2712,3727,2013-04-01 07:45:00,2018-09-30 22:33:00
2713,5955,2013-04-01 07:51:00,2019-10-30 07:50:00
2715,684,2013-04-02 19:25:00,2016-05-31 16:54:00
2716,1516,2013-04-01 10:21:00,2019-10-29 10:27:00
2718,1311,2013-04-06 08:21:00,2019-10-30 07:32:00
2719,4035,2013-04-01 15:03:00,2019-10-31 09:16:00
2720,2399,2013-04-02 18:38:00,2019-10-31 14:08:00
2721,5018,2013-04-01 22:27:00,2019-10-31 13:39:00
2722,538,2013-04-04 19:35:00,2019-10-29 03:13:00
2723,1841,2014-04-01 00:29:00,2019-10-31 00:02:00
2724,4824,2014-04-01 08:52:00,2019-10-31 07:13:00
2725,1485,2014-04-04 16:04:00,2019-10-29 11:01:00
2726,2584,2014-04-04 11:57:00,2019-10-31 13:23:00
2727,1377,2014-04-02 08:47:00,2019-10-31 13:48:00
2728,4932,2014-04-01 07:07:00,2019-10-31 07:24:00
2729,813,2014-04-01 08:58:00,2019-10-26 16:27:00
2730,2064,2014-04-02 18:37:00,2019-10-28 16:09:00
2731,1137,2014-04-09 13:53:00,2019-10-30 06:08:00
2732,3668,2014-04-01 04:44:00,2019-10-31 09:38:00
2733,1696,2014-03-30 02:28:00,2019-10-30 14:49:00
2734,4646,2014-04-01 14:49:00,2019-10-31 18:51:00
2735,1055,2014-04-01 00:30:00,2019-10-31 16:32:00
2737,622,2014-04-01 20:02:00,2016-04-29 13:30:00
2738,875,2014-04-01 15:59:00,2019-10-31 12:45:00
2740,4362,2014-04-01 10:45:00,2019-10-31 20:09:00
2741,1381,2015-04-01 18:15:00,2019-10-30 18:55:00
2742,589,2015-03-01 07:17:00,2019-02-24 09:35:00
2743,2512,2015-04-01 07:28:00,2019-10-30 07:24:00
2744,785,2015-04-03 03:36:00,2019-10-31 05:10:00
2745,94,2015-04-04 22:24:00,2015-06-30 19:03:00
2746,1025,2015-04-02 10:55:00,2019-10-31 17:30:00
2747,2018,2015-04-04 04:09:00,2019-10-30 03:47:00
2748,3526,2015-04-01 07:36:00,2019-10-29 14:34:00
2749,788,2015-04-02 15:40:00,2018-11-29 21:03:00
2750,1433,2015-04-03 01:37:00,2019-10-31 15:52:00
2752,438,2015-04-02 15:48:00,2016-04-30 13:22:00
2753,3453,2015-04-02 15:50:00,2019-10-31 18:54:00
2754,1637,2015-04-01 04:13:00,2019-10-31 16:56:00
2755,840,2015-04-03 19:30:00,2019-10-31 13:35:00
2756,580,2016-04-02 10:41:00,2019-10-30 11:28:00
2757,833,2016-04-03 16:04:00,2019-10-30 22:20:00
2758,144,2016-04-02 14:56:00,2019-10-07 16:39:00
2760,1996,2016-03-21 21:52:00,2019-10-31 21:27:00
2763,170,2016-04-01 16:45:00,2017-01-31 03:19:00
2764,2459,2016-04-02 12:02:00,2019-10-31 06:33:00
2765,1058,2016-04-01 07:00:00,2019-10-30 08:35:00
2766,637,2016-04-03 16:16:00,2019-10-31 12:15:00
2767,875,2017-03-28 21:50:00,2019-10-27 14:15:00
2768,266,2017-04-02 06:46:00,2019-10-25 15:22:00
2769,1641,2017-03-22 06:35:00,2019-10-31 17:03:00
2771,314,2017-04-01 22:40:00,2019-07-31 22:55:00
2772,684,2017-02-04 07:00:00,2019-10-30 19:48:00
2773,249,2017-04-01 09:08:00,2018-12-31 11:29:00
2774,881,2017-04-01 20:28:00,2019-04-28 10:05:00
2775,1060,2016-09-11 19:29:00,2019-10-30 14:43:00
2776,389,2018-04-10 14:36:00,2019-10-31 07:59:00
2778,193,2018-04-02 16:16:00,2019-10-30 15:50:00
2779,361,2018-04-03 12:42:00,2019-10-29 10:56:00
2786,392,2018-04-01 17:02:00,2019-10-31 16:17:00
2787,151,2018-06-03 22:25:00,2019-10-31 13:39:00
2788,126,2019-04-10 20:16:00,2019-10-31 11:02:00
2789,285,2019-04-02 13:37:00,2019-10-31 22:57:00
2790,4808,2010-01-01 20:39:00,2019-10-30 11:14:00
2791,4005,2010-01-01 04:17:00,2019-10-31 19:02:00
2792,2545,2010-01-01 19:58:00,2019-10-31 09:26:00
2793,2438,2010-01-01 09:01:00,2017-04-30 06:29:00
2796,3697,2010-01-01 04:58:00,2019-10-30 16:37:00
2797,820,2010-01-01 01:47:00,2019-10-31 15:23:00
2798,1443,2010-01-12 14:23:00,2019-10-31 08:29:00
2799,2789,2010-01-01 07:18:00,2019-10-31 12:26:00
2800,5345,2010-01-01 14:54:00,2019-10-31 19:14:00
2802,1117,2010-01-01 14:54:00,2013-10-30 11:16:00
2803,4017,2010-01-01 14:15:00,2019-10-31 15:25:00
2804,16376,2010-01-01 07:06:00,2019-10-31 19:11:00
2805,3814,2010-01-03 10:12:00,2019-10-31 01:19:00
2807,1609,2010-01-06 22:45:00,2019-10-23 12:03:00
2808,8269,2010-01-01 06:10:00,2019-10-31 13:34:00
2810,1395,2010-01-01 08:05:00,2019-10-26 07:58:00
2812,2100,2010-01-01 06:32:00,2019-10-31 06:54:00
2813,2284,2010-01-01 06:37:00,2019-10-31 10:42:00
2814,15,2010-01-03 09:11:00,2010-02-26 22:28:00
2815,4417,2010-01-01 01:07:00,2019-10-31 17:02:00
2817,5360,2010-01-01 09:56:00,2019-10-31 13:40:00
2818,1790,2010-01-03 12:18:00,2019-10-31 12:23:00
2820,2752,2010-01-03 13:06:00,2019-10-31 15:34:00
2822,7528,2010-01-01 05:05:00,2019-10-31 13:38:00
2823,9841,2010-01-01 04:44:00,2019-10-31 16:17:00
2824,4062,2010-01-01 16:59:00,2019-10-27 22:49:00
2826,2721,2010-01-12 11:52:00,2019-10-30 20:57:00
2827,8682,2010-01-01 18:04:00,2019-10-31 21:46:00
2828,1967,2010-01-03 11:51:00,2019-10-29 14:03:00
2829,6504,2010-01-01 06:15:00,2019-10-31 06:16:00
2830,15691,2010-01-01 10:28:00,2019-10-31 22:17:00
2831,503,2010-01-04 06:22:00,2015-05-28 15:26:00
2832,1922,2010-01-03 19:02:00,2019-10-31 19:50:00
2833,2695,2010-01-12 20:33:00,2019-10-31 15:56:00
2834,5742,2010-01-02 06:51:00,2019-10-29 13:37:00
2835,1933,2010-01-02 19:11:00,2013-11-28 19:13:00
2836,1933,2010-01-01 06:14:00,2019-10-29 12:53:00
2838,10203,2010-01-01 04:05:00,2019-10-31 16:14:00
2839,1870,2010-01-01 08:48:00,2019-10-31 13:37:00
2841,3219,2010-01-03 13:31:00,2019-10-26 13:22:00
2842,3808,2010-01-01 09:18:00,2019-10-30 17:37:00
2845,2491,2010-01-01 19:42:00,2019-10-30 20:38:00
2846,1341,2010-01-05 14:41:00,2019-10-28 14:06:00
2847,6671,2010-01-02 09:56:00,2019-10-29 16:08:00
2848,6670,2010-01-01 01:54:00,2019-10-31 07:15:00
2850,2136,2010-01-01 10:36:00,2019-10-26 10:44:00
2851,1838,2010-01-03 13:42:00,2019-10-29 22:55:00
2852,4820,2010-01-01 16:36:00,2019-10-30 17:08:00
2853,4337,2010-01-01 18:39:00,2019-10-31 19:02:00
2854,2138,2010-01-05 12:41:00,2016-07-30 12:50:00
2855,820,2010-01-03 12:10:00,2014-10-31 06:04:00
2856,2052,2010-01-01 11:41:00,2019-10-29 14:52:00
2857,63,2010-01-01 21:39:00,2010-02-27 07:42:00
2858,2117,2010-01-05 19:27:00,2019-04-30 08:17:00
2859,3553,2010-01-01 08:37:00,2019-10-25 09:42:00
2860,6638,2010-01-01 00:05:00,2019-10-31 14:21:00
2861,7286,2010-01-01 19:19:00,2019-10-31 10:20:00
2865,4888,2010-01-01 22:35:00,2019-10-31 08:33:00
2866,2030,2010-01-03 09:46:00,2019-10-31 11:46:00
2868,2785,2010-01-01 13:00:00,2019-10-31 22:19:00
2870,2220,2010-01-01 16:41:00,2019-10-31 14:51:00
2871,1700,2010-01-01 08:33:00,2019-10-30 10:26:00
2872,3073,2010-01-01 07:35:00,2019-10-29 22:15:00
2873,1854,2010-01-02 09:11:00,2019-10-29 18:13:00
2875,10173,2010-01-01 22:37:00,2019-10-31 14:51:00
2876,3908,2010-01-01 14:12:00,2019-10-30 12:57:00
2877,10762,2010-01-01 02:08:00,2019-10-31 07:53:00
2878,3783,2010-01-01 09:14:00,2019-10-29 09:03:00
2879,1507,2010-01-01 12:24:00,2019-10-30 19:31:00
2880,1694,2010-01-01 20:17:00,2013-07-30 16:41:00
2882,2621,2010-01-02 15:38:00,2019-10-31 02:56:00
2883,1219,2010-01-01 13:11:00,2019-10-31 09:11:00
2885,10057,2010-01-01 11:29:00,2019-10-31 16:11:00
2886,2253,2010-01-03 09:32:00,2015-03-31 14:20:00
2887,3283,2010-01-04 09:28:00,2019-10-30 14:50:00
2888,3044,2010-01-01 16:49:00,2019-10-31 20:32:00
2889,1512,2010-01-01 20:28:00,2019-10-30 05:15:00
2890,13160,2010-01-01 06:33:00,2019-10-31 18:09:00
2891,1857,2010-01-02 06:56:00,2018-05-28 09:02:00
2892,1769,2010-01-01 03:26:00,2019-10-29 03:20:00
2893,3454,2010-01-01 11:17:00,2019-10-31 20:08:00
2894,1655,2010-01-01 10:37:00,2017-11-30 12:44:00
2895,2816,2010-01-01 17:40:00,2016-12-31 14:57:00
2896,931,2010-01-07 05:30:00,2013-01-29 13:02:00
2897,1001,2010-01-01 11:35:00,2012-10-31 12:47:00
2898,3170,2010-01-01 14:25:00,2019-10-30 14:20:00
2899,4762,2010-01-01 06:09:00,2019-10-31 14:10:00
2900,6823,2010-01-01 21:02:00,2019-10-31 16:28:00
2902,1378,2010-01-03 11:05:00,2019-10-23 19:34:00
2904,2222,2010-01-02 14:15:00,2019-10-31 22:49:00
2905,3494,2010-01-01 08:25:00,2017-03-29 06:56:00
2906,6100,2010-01-01 01:58:00,2019-10-31 17:07:00
2907,2418,2010-01-04 10:03:00,2019-10-30 10:07:00
2908,2514,2010-01-04 17:37:00,2019-10-30 22:43:00
2910,1667,2010-01-02 10:50:00,2018-04-29 21:57:00
2911,416,2010-01-01 06:45:00,2010-08-31 17:35:00
2913,2364,2010-01-01 10:08:00,2013-02-28 23:03:00
2914,3130,2010-01-01 08:53:00,2019-10-30 06:46:00
2915,6129,2010-01-02 00:49:00,2019-10-26 07:31:00
2916,1974,2010-01-01 07:47:00,2013-06-30 16:50:00
2917,2214,2010-01-01 07:09:00,2019-10-30 08:59:00
2918,1777,2010-01-02 06:07:00,2018-06-26 06:11:00
2919,709,2010-01-02 14:43:00,2013-12-30 21:55:00
2920,10969,2010-01-01 15:48:00,2019-10-31 20:29:00
2921,2985,2010-01-01 04:31:00,2019-10-29 22:05:00
2922,1667,2010-01-01 18:35:00,2016-07-30 22:41:00
2923,1658,2010-01-05 02:43:00,2019-10-26 22:48:00
2925,3139,2010-01-01 06:31:00,2019-10-29 18:50:00
2927,6720,2010-01-02 09:39:00,2019-10-31 16:35:00
2929,4467,2010-01-01 09:18:00,2019-10-28 01:38:00
2930,5582,2010-01-02 08:11:00,2019-10-31 08:59:00
2931,2167,2010-01-01 20:21:00,2019-10-29 08:34:00
2932,2355,2010-01-01 08:03:00,2019-10-31 08:09:00
2933,1217,2010-01-01 08:25:00,2019-10-31 13:49:00
2934,9354,2010-01-01 06:47:00,2019-10-31 14:35:00
2936,7143,2010-01-05 03:14:00,2019-10-31 16:27:00
2938,2009,2010-01-01 02:13:00,2019-10-31 23:12:00
2939,1650,2010-01-03 18:12:00,2018-02-24 06:10:00
2940,5028,2010-01-01 03:52:00,2019-10-29 23:50:00
2941,2592,2010-01-01 08:23:00,2019-10-30 11:29:00
2942,2982,2010-01-02 21:01:00,2019-10-31 21:23:00
2943,4165,2010-01-02 11:38:00,2019-10-31 09:55:00
2944,3646,2010-01-01 12:43:00,2019-10-28 16:57:00
2945,5235,2010-01-01 07:23:00,2019-10-31 22:39:00
2947,4038,2010-01-05 09:19:00,2019-10-31 07:18:00
2948,2218,2010-01-01 12:31:00,2019-10-30 23:26:00
2949,3703,2010-01-02 13:28:00,2019-10-30 11:08:00
2950,7719,2010-01-02 10:14:00,2019-10-31 14:11:00
2951,2324,2010-01-02 22:10:00,2019-10-29 19:21:00
2952,3409,2010-01-01 21:23:00,2019-10-29 22:51:00
2953,2888,2010-01-01 17:00:00,2019-10-31 15:11:00
2954,6644,2010-01-01 20:00:00,2019-10-30 22:18:00
2955,2651,2010-01-01 10:13:00,2019-10-31 13:57:00
2956,4464,2010-01-01 12:03:00,2019-10-31 15:45:00
2957,5876,2010-01-01 11:13:00,2019-10-31 19:47:00
2958,6321,2010-01-01 02:40:00,2019-10-31 19:53:00
2959,2073,2010-01-04 20:50:00,2019-10-31 20:46:00
2960,5652,2010-01-01 05:10:00,2019-10-31 16:43:00
2961,738,2010-01-01 07:01:00,2011-04-29 07:21:00
2962,8103,2010-01-01 11:10:00,2019-10-31 23:33:00
2963,1361,2010-01-01 08:01:00,2013-03-31 06:41:00
2965,3554,2010-01-01 05:46:00,2019-10-30 16:14:00
2966,2037,2010-01-04 09:07:00,2019-10-31 16:50:00
2968,1900,2010-01-01 16:35:00,2019-10-28 11:12:00
2969,13710,2010-01-01 01:03:00,2019-10-31 21:58:00
2972,1631,2010-01-01 00:01:00,2019-10-31 23:22:00
2973,7241,2010-01-01 09:56:00,2019-10-31 14:36:00
2975,3130,2010-01-01 16:37:00,2019-10-28 16:12:00
2976,2426,2010-01-01 07:28:00,2019-10-30 09:41:00
2977,1299,2010-01-03 09:27:00,2013-10-27 18:18:00
2978,3200,2010-01-01 13:41:00,2019-10-31 13:22:00
2979,134,2010-01-02 00:15:00,2010-06-30 07:58:00
2980,2988,2010-01-01 07:07:00,2013-05-31 10:13:00
2981,6549,2010-01-01 11:43:00,2019-10-31 18:38:00
2982,1449,2010-01-01 19:35:00,2013-04-29 20:00:00
2983,3688,2010-01-01 14:54:00,2019-10-30 14:42:00
2984,9367,2010-01-01 11:37:00,2019-10-31 21:36:00
2985,3878,2010-01-01 09:09:00,2019-10-31 11:21:00
2986,1475,2010-01-03 10:22:00,2019-10-29 10:23:00
2988,6382,2010-01-01 11:13:00,2019-10-31 16:40:00
2989,2622,2010-01-02 06:36:00,2019-10-31 14:23:00
2990,895,2010-01-01 07:27:00,2012-04-29 14:37:00
2991,167,2010-01-01 10:57:00,2010-05-31 16:23:00
2993,1279,2010-01-04 11:33:00,2016-06-30 08:17:00
2995,3569,2010-01-01 19:17:00,2019-10-29 14:15:00
2996,817,2010-01-05 09:34:00,2019-10-30 16:04:00
2997,8199,2010-01-01 12:13:00,2019-10-31 13:50:00
2998,3447,2010-01-01 06:10:00,2019-10-31 11:31:00
2999,6280,2010-01-02 03:49:00,2019-10-31 03:46:00
3000,2817,2010-01-01 13:56:00,2019-10-27 18:15:00
3001,2845,2010-01-01 10:33:00,2019-10-30 16:03:00
3002,1729,2010-01-08 14:18:00,2019-10-31 07:41:00
3003,1890,2010-01-06 18:11:00,2019-10-31 04:39:00
3004,5187,2010-01-01 00:48:00,2019-10-31 15:50:00
3006,4728,2010-01-01 14:13:00,2019-10-31 21:27:00
3007,2399,2010-01-03 13:39:00,2019-10-27 14:54:00
3008,2214,2010-01-01 12:26:00,2019-10-30 12:24:00
3010,3144,2010-01-01 10:23:00,2019-10-31 07:53:00
3011,894,2010-01-03 22:34:00,2019-10-31 11:58:00
3012,7509,2010-01-01 15:31:00,2019-10-30 19:27:00
3015,3818,2010-01-01 19:51:00,2019-10-31 11:17:00
3016,3938,2010-01-01 09:44:00,2019-10-31 10:24:00
3018,11773,2010-01-01 08:05:00,2019-10-31 22:36:00
3020,1717,2010-01-01 11:05:00,2019-10-30 16:59:00
3021,3655,2010-01-03 10:46:00,2019-10-31 18:57:00
3022,13079,2010-01-01 08:47:00,2019-10-31 17:28:00
3023,2570,2010-01-01 17:45:00,2019-10-31 00:04:00
3024,1868,2010-01-03 06:20:00,2019-10-27 09:13:00
3025,1526,2010-01-01 10:37:00,2019-10-25 05:30:00
3026,1737,2010-01-02 10:15:00,2019-10-29 06:06:00
3027,2202,2010-01-03 06:35:00,2019-10-27 13:11:00
3028,1814,2010-01-01 07:19:00,2019-10-30 14:59:00
3030,3091,2010-01-01 19:04:00,2019-10-30 12:17:00
3031,5274,2010-01-01 07:26:00,2019-10-31 10:46:00
3032,2372,2010-01-01 07:47:00,2015-10-31 07:42:00
3034,6914,2010-05-01 11:55:00,2019-10-31 20:07:00
3035,2539,2010-05-01 10:13:00,2019-10-29 13:20:00
3036,3947,2010-05-03 21:19:00,2019-10-31 08:42:00
3037,341,2010-05-01 11:40:00,2014-08-24 15:27:00
3038,3141,2010-05-02 08:30:00,2019-10-31 08:59:00
3039,1950,2010-05-01 05:44:00,2019-10-30 13:20:00
3040,2458,2010-05-01 22:18:00,2019-10-31 15:40:00
3041,3185,2010-05-01 09:32:00,2019-10-31 14:43:00
3042,6918,2010-05-01 18:42:00,2019-10-31 09:07:00
3043,985,2010-05-01 12:01:00,2011-07-31 08:15:00
3044,2933,2010-04-30 23:23:00,2019-10-28 12:49:00
3046,3471,2010-05-01 07:04:00,2015-06-28 12:06:00
3047,4061,2010-03-22 22:49:00,2019-10-31 15:18:00
3048,3120,2010-05-01 07:08:00,2019-10-31 18:20:00
3049,1216,2010-05-05 13:01:00,2019-10-22 12:31:00
3050,3837,2010-05-01 22:19:00,2019-10-30 20:20:00
3051,7034,2010-05-01 08:58:00,2019-10-30 13:25:00
3052,3416,2010-05-01 12:55:00,2019-10-29 17:42:00
3053,5592,2010-05-01 15:45:00,2019-10-31 19:38:00
3054,2398,2010-05-03 09:15:00,2019-10-26 11:54:00
3055,775,2010-04-28 13:01:00,2014-12-30 06:28:00
3056,6193,2010-05-01 06:16:00,2019-10-31 19:19:00
3057,1317,2010-05-08 21:37:00,2019-10-30 08:23:00
3060,1418,2010-03-31 12:30:00,2019-10-30 19:24:00
3062,4829,2010-05-02 19:28:00,2019-10-31 15:52:00
3063,4972,2010-05-03 13:01:00,2019-10-30 18:11:00
3064,3608,2010-05-01 02:29:00,2019-10-31 08:25:00
3066,129,2010-06-23 15:15:00,2019-10-30 15:54:00
3067,5284,2010-05-02 08:15:00,2019-10-27 14:23:00
3069,7093,2010-05-01 00:20:00,2019-10-31 15:47:00
3070,14364,2010-05-01 00:36:00,2019-01-31 15:40:00
3071,198,2010-04-25 00:55:00,2010-10-29 13:26:00
3073,3460,2010-05-07 09:57:00,2019-10-31 23:39:00
3074,2215,2010-04-23 13:03:00,2018-09-30 07:24:00
3075,1534,2010-05-02 10:07:00,2015-09-30 08:55:00
3076,8690,2010-05-01 06:02:00,2019-10-31 05:43:00
3078,946,2010-05-01 12:22:00,2012-08-31 18:56:00
3079,2448,2010-05-07 06:22:00,2019-10-31 06:29:00
3080,1336,2010-05-04 21:27:00,2015-02-27 20:10:00
3081,4746,2010-05-02 18:07:00,2019-10-31 15:36:00
3082,1751,2010-05-03 05:31:00,2019-10-30 13:28:00
3083,1995,2010-05-01 22:08:00,2019-10-31 18:15:00
3084,2457,2011-05-03 10:35:00,2019-10-30 15:55:00
3085,2954,2011-05-02 22:58:00,2019-10-31 21:34:00
3086,4173,2011-05-04 20:41:00,2019-10-31 08:30:00
3087,3124,2011-05-02 08:41:00,2019-10-31 16:33:00
3088,1942,2011-05-01 06:53:00,2019-10-31 02:51:00
3089,913,2011-05-02 10:24:00,2015-04-30 19:05:00
3091,3534,2011-05-02 19:47:00,2019-10-30 09:25:00
3092,5757,2011-05-01 12:32:00,2019-10-31 16:22:00
3093,4342,2011-04-30 18:07:00,2019-10-31 14:57:00
3094,7525,2011-05-01 11:00:00,2019-10-31 17:36:00
3095,813,2011-05-01 07:33:00,2017-01-31 10:28:00
3096,8172,2011-05-01 06:55:00,2019-10-31 21:47:00
3097,4289,2011-05-01 19:38:00,2019-10-31 12:31:00
3098,4415,2011-03-24 05:29:00,2019-10-31 19:28:00
3099,1716,2010-07-01 22:59:00,2019-10-31 06:11:00
3100,3154,2011-02-09 15:07:00,2019-10-30 16:09:00
3101,3006,2011-05-04 01:40:00,2019-10-29 14:03:00
3102,1581,2011-05-05 13:15:00,2019-10-31 08:43:00
3103,1298,2011-05-01 13:52:00,2019-10-28 10:57:00
3104,1168,2011-05-01 14:37:00,2019-10-31 10:26:00
3105,4138,2011-05-01 11:43:00,2019-10-30 10:38:00
3106,2169,2011-01-28 12:48:00,2019-10-30 17:46:00
3107,1453,2011-05-01 05:38:00,2019-10-29 15:29:00
3108,4236,2011-05-03 20:33:00,2019-10-31 20:34:00
3109,2958,2011-05-01 12:05:00,2019-10-31 16:36:00
3110,2377,2011-05-01 11:02:00,2019-10-31 08:42:00
3111,1960,2011-01-03 04:03:00,2019-10-30 23:15:00
3112,813,2012-05-05 07:59:00,2017-03-31 21:02:00
3113,2471,2012-05-01 04:15:00,2019-10-31 18:21:00
3115,3058,2012-05-01 09:53:00,2019-01-31 12:32:00
3116,5492,2012-05-01 08:44:00,2019-10-31 14:08:00
3117,2159,2012-05-03 07:56:00,2019-10-28 18:01:00
3119,2101,2011-05-31 06:18:00,2017-09-30 10:30:00
3121,2143,2012-05-04 06:18:00,2019-10-30 16:19:00
3122,1624,2012-05-01 01:29:00,2013-12-31 20:16:00
3124,4659,2012-05-01 06:55:00,2019-10-31 14:44:00
3126,7922,2011-07-03 15:24:00,2019-10-31 14:48:00
3127,1000,2012-05-01 08:38:00,2019-01-28 08:40:00
3128,4142,2012-05-01 22:15:00,2019-10-29 23:12:00
3129,895,2013-05-04 16:34:00,2019-10-26 16:46:00
3130,10830,2013-02-23 22:50:00,2019-10-31 13:00:00
3131,1418,2013-05-01 16:02:00,2019-10-29 16:21:00
3132,2295,2013-05-01 19:20:00,2018-01-31 21:26:00
3133,1413,2013-05-01 19:28:00,2019-10-30 08:45:00
3134,4574,2012-04-23 18:19:00,2018-12-31 06:04:00
3135,1324,2013-05-04 12:13:00,2019-10-31 17:15:00
3136,3438,2013-05-01 08:00:00,2019-10-31 13:49:00
3137,6117,2013-05-01 14:04:00,2019-10-31 15:57:00
3138,2754,2013-05-01 01:03:00,2019-10-31 15:03:00
3139,5596,2013-05-01 14:21:00,2019-10-31 14:21:00
3140,867,2013-05-01 11:46:00,2015-03-31 06:14:00
3141,1636,2012-07-14 10:30:00,2019-10-30 11:34:00
3143,1183,2014-05-01 22:56:00,2019-10-30 15:48:00
3144,411,2014-05-02 14:13:00,2019-10-28 21:29:00
3145,1712,2014-05-01 11:36:00,2019-10-30 05:46:00
3146,1466,2014-05-01 04:23:00,2019-10-31 15:32:00
3147,99,2014-05-02 09:00:00,2014-08-29 09:47:00
3148,1143,2014-05-01 14:02:00,2019-10-31 19:50:00
3149,2219,2014-05-01 06:33:00,2019-10-30 15:07:00
3150,2675,2014-05-02 12:27:00,2019-10-31 19:37:00
3152,854,2014-05-05 15:41:00,2019-10-31 22:37:00
3153,3144,2014-04-20 17:46:00,2019-10-31 16:54:00
3156,829,2014-05-01 19:28:00,2018-07-31 13:02:00
3157,202,2014-05-02 20:22:00,2015-06-28 09:05:00
3158,749,2014-05-01 07:15:00,2015-10-31 08:06:00
3159,2670,2014-05-01 15:13:00,2019-10-31 09:45:00
3160,1246,2015-05-02 19:01:00,2019-10-31 15:31:00
3161,1764,2015-05-02 18:56:00,2019-10-31 17:01:00
3162,504,2015-05-01 17:39:00,2015-10-30 17:38:00
3163,1574,2015-05-03 08:27:00,2019-10-31 20:56:00
3164,937,2015-05-04 20:55:00,2019-10-31 22:23:00
3165,77,2015-05-08 12:40:00,2015-10-31 21:53:00
3166,1876,2015-05-02 06:29:00,2019-10-31 13:05:00
3167,7579,2015-05-01 10:24:00,2019-10-31 14:45:00
3168,980,2015-05-01 13:16:00,2019-10-31 05:14:00
3170,503,2015-03-05 15:11:00,2019-10-31 12:41:00
3172,1960,2016-05-02 06:02:00,2019-10-31 06:23:00
3173,1032,2016-05-02 11:49:00,2019-10-29 16:23:00
3174,1979,2016-05-01 19:37:00,2019-10-30 18:32:00
3175,1571,2016-05-01 11:48:00,2019-10-30 11:42:00
3176,2697,2016-05-01 16:38:00,2019-10-31 18:41:00
3177,1020,2016-03-28 08:08:00,2019-10-29 21:10:00
3178,1601,2016-05-02 00:08:00,2019-06-30 11:54:00
3179,1145,2016-03-14 16:12:00,2019-10-30 05:32:00
3181,848,2016-05-01 11:48:00,2019-10-31 19:03:00
3184,144,2016-05-03 00:47:00,2016-09-04 17:24:00
3185,1507,2016-05-01 13:45:00,2019-10-29 13:41:00
3186,487,2016-05-01 06:25:00,2019-03-30 10:41:00
3187,559,2016-05-02 05:07:00,2019-10-30 14:36:00
3189,766,2017-05-02 12:59:00,2019-10-31 21:17:00
3190,843,2017-05-05 20:04:00,2019-10-31 09:48:00
3191,513,2017-05-04 10:33:00,2019-10-29 10:35:00
3192,994,2017-05-01 10:19:00,2019-10-31 20:14:00
3194,369,2017-05-01 16:05:00,2019-10-30 08:58:00
3195,746,2016-08-14 17:55:00,2019-10-31 19:29:00
3198,201,2017-05-04 13:56:00,2019-03-25 17:58:00
3200,1030,2018-05-01 08:32:00,2019-10-31 21:24:00
3201,338,2018-05-04 16:02:00,2019-10-31 01:12:00
3202,183,2019-05-01 14:18:00,2019-10-27 10:46:00
3203,145,2019-05-01 18:16:00,2019-10-30 07:11:00
3204,1618,2010-01-08 20:16:00,2019-10-27 07:36:00
3206,11511,2010-01-01 03:32:00,2019-10-31 21:05:00
3208,2908,2010-01-01 14:23:00,2019-10-31 16:09:00
3209,3953,2010-01-01 07:13:00,2019-10-30 04:59:00
3210,2135,2010-01-01 15:32:00,2019-10-28 16:31:00
3211,832,2010-01-01 22:15:00,2019-10-31 08:05:00
3212,2915,2010-01-02 07:03:00,2019-10-29 12:55:00
3213,4154,2010-01-01 15:01:00,2019-10-31 20:16:00
3214,737,2010-01-01 10:24:00,2015-05-22 14:17:00
3215,2877,2010-01-01 12:28:00,2019-10-29 17:50:00
3216,5213,2010-01-01 13:45:00,2019-10-31 17:22:00
3218,1466,2010-01-02 07:03:00,2019-10-28 13:01:00
3219,3423,2010-01-01 14:14:00,2019-10-29 13:46:00
3220,3717,2010-01-02 14:32:00,2019-10-31 17:30:00
3221,9463,2010-01-01 10:44:00,2019-10-31 15:07:00
3224,2725,2010-01-02 10:51:00,2019-10-30 14:16:00
3225,3512,2010-01-01 06:33:00,2019-10-28 06:58:00
3226,7647,2010-01-01 13:01:00,2019-10-31 13:01:00
3229,1780,2010-01-01 14:16:00,2019-10-31 16:26:00
3230,3060,2010-01-01 12:49:00,2019-10-31 16:11:00
3231,3307,2010-01-01 13:06:00,2019-10-31 13:52:00
3232,1512,2010-01-03 08:17:00,2017-05-30 18:52:00
3233,27619,2010-01-01 04:54:00,2019-10-31 20:21:00
3234,2225,2010-01-01 09:15:00,2019-10-23 20:02:00
3235,2584,2010-01-02 13:51:00,2019-10-28 16:26:00
3236,965,2010-01-04 11:40:00,2018-03-21 16:10:00
3237,948,2010-01-01 08:17:00,2019-10-31 11:21:00
3238,3470,2010-01-01 06:52:00,2019-10-28 10:50:00
3239,30520,2010-01-01 10:02:00,2019-10-31 22:43:00
3241,1212,2010-01-01 21:31:00,2011-08-31 22:01:00
3242,3606,2010-01-01 07:01:00,2019-10-31 15:32:00
3243,1550,2010-01-03 05:08:00,2019-10-31 05:18:00
3244,3833,2010-01-03 01:05:00,2019-10-31 11:57:00
3245,3429,2010-01-01 03:32:00,2019-10-26 14:28:00
3247,2070,2010-01-02 17:26:00,2019-10-29 12:16:00
3248,718,2010-01-13 10:45:00,2019-10-29 13:44:00
3250,3032,2010-01-01 09:36:00,2019-10-31 11:29:00
3251,2917,2010-01-01 04:17:00,2012-07-31 21:19:00
3252,2945,2010-01-01 12:44:00,2019-10-30 11:02:00
3253,6266,2010-01-01 08:16:00,2019-10-31 20:42:00
3254,790,2010-01-04 08:39:00,2019-10-23 19:50:00
3255,4554,2010-01-01 13:44:00,2019-10-31 09:22:00
3256,3298,2010-01-01 03:08:00,2019-10-29 21:12:00
3257,8922,2010-01-03 09:51:00,2019-10-31 12:51:00
3258,1327,2010-01-01 17:37:00,2019-10-31 17:51:00
3259,10255,2010-01-02 21:02:00,2019-10-31 07:53:00
3261,2144,2010-01-01 10:58:00,2019-10-31 08:33:00
3262,2182,2010-01-04 07:37:00,2019-10-31 16:12:00
3263,2475,2010-01-01 06:19:00,2019-10-30 18:13:00
3264,1284,2010-01-02 08:21:00,2019-10-30 11:37:00
3265,4051,2010-01-02 17:57:00,2019-10-31 09:48:00
3266,2360,2010-01-02 06:53:00,2019-10-31 04:22:00
3267,15639,2010-01-01 07:23:00,2019-10-31 14:38:00
3268,13351,2010-01-01 07:46:00,2019-10-31 17:56:00
3269,665,2010-01-02 12:28:00,2012-12-30 16:54:00
3270,3316,2010-01-01 11:40:00,2019-10-30 20:59:00
3271,3792,2010-01-01 07:02:00,2019-10-29 13:14:00
3272,7165,2010-01-01 13:28:00,2019-10-31 19:44:00
3273,6294,2010-01-02 12:25:00,2019-10-31 13:27:00
3275,14707,2010-01-01 14:53:00,2019-10-31 17:18:00
3278,4838,2010-01-02 17:13:00,2019-10-31 19:01:00
3279,2647,2010-01-01 11:08:00,2019-10-29 10:37:00
3280,7000,2010-01-01 12:53:00,2019-10-31 15:57:00
3282,1842,2010-01-02 08:41:00,2019-02-27 11:07:00
3283,2427,2010-01-02 13:05:00,2019-10-31 20:46:00
3285,3526,2010-01-03 12:40:00,2019-10-31 12:25:00
3286,2861,2010-01-04 09:58:00,2019-10-30 14:00:00
3287,9937,2010-01-01 07:20:00,2019-10-31 07:06:00
3288,5159,2010-01-01 07:20:00,2019-10-31 22:36:00
3289,2721,2010-01-02 09:23:00,2019-10-28 10:50:00
3290,3244,2010-01-01 10:54:00,2019-10-30 18:12:00
3291,4943,2010-01-01 07:55:00,2019-10-31 15:49:00
3292,232,2010-01-01 14:29:00,2010-06-30 14:02:00
3293,4972,2010-01-01 13:30:00,2019-10-31 06:06:00
3294,1823,2010-01-03 09:44:00,2019-10-27 12:27:00
3295,2571,2010-01-02 18:14:00,2019-10-29 12:12:00
3296,2286,2010-01-01 09:08:00,2019-10-22 09:55:00
3297,3435,2010-01-04 12:51:00,2019-10-31 14:52:00
3298,2868,2010-01-01 06:47:00,2019-10-31 07:05:00
3299,688,2010-01-01 11:00:00,2012-06-29 14:24:00
3301,10068,2010-01-02 06:19:00,2019-10-31 11:53:00
3303,4148,2010-01-01 12:25:00,2019-10-31 17:54:00
3304,3774,2010-01-03 00:46:00,2019-10-31 14:21:00
3305,1764,2010-01-02 10:47:00,2019-10-29 11:38:00
3306,2485,2010-01-03 04:21:00,2019-10-31 16:09:00
3308,6222,2010-01-01 18:36:00,2019-10-31 21:07:00
3309,1760,2010-01-01 14:39:00,2019-10-31 14:26:00
3310,3537,2010-01-01 08:07:00,2019-10-31 07:33:00
3311,1418,2010-01-01 09:07:00,2013-08-30 13:51:00
3314,2050,2010-01-07 09:19:00,2019-10-29 07:39:00
3315,905,2010-01-04 20:44:00,2019-10-29 15:42:00
3317,7117,2010-01-01 00:53:00,2019-10-30 08:40:00
3318,13454,2010-01-01 11:36:00,2019-10-31 14:30:00
3319,6378,2010-01-01 15:28:00,2019-10-31 14:40:00
3320,1066,2010-01-02 17:40:00,2019-10-27 07:47:00
3322,7706,2010-01-01 05:56:00,2019-10-31 15:46:00
3324,4214,2010-01-01 12:15:00,2019-10-31 14:26:00
3325,575,2010-01-04 12:58:00,2016-02-16 12:51:00
3326,4574,2010-01-01 11:52:00,2019-10-29 11:05:00
3327,3159,2010-01-04 14:36:00,2019-10-31 18:01:00
3329,3159,2010-01-01 10:12:00,2018-01-30 15:56:00
3330,972,2010-01-02 13:48:00,2012-03-31 13:33:00
3332,3621,2010-01-01 14:31:00,2019-10-31 09:03:00
3333,2795,2010-01-01 21:34:00,2019-10-31 21:47:00
3334,3937,2010-01-01 06:44:00,2019-10-29 10:26:00
3336,1591,2010-01-01 07:39:00,2015-05-31 12:42:00
3337,3933,2010-01-04 16:18:00,2019-10-29 14:25:00
3338,970,2010-01-01 08:01:00,2019-10-28 05:57:00
3339,1995,2010-01-02 13:08:00,2019-10-30 13:38:00
3340,3114,2010-01-02 20:11:00,2019-10-31 14:07:00
3342,6592,2010-01-02 02:17:00,2019-10-31 08:41:00
3343,1127,2010-01-03 14:52:00,2019-10-16 14:43:00
3344,4340,2010-01-01 05:56:00,2019-10-30 06:25:00
3346,771,2010-01-01 22:42:00,2012-04-30 23:13:00
3348,2102,2010-01-03 11:24:00,2019-10-30 14:37:00
3350,1379,2010-01-01 15:54:00,2012-03-31 22:47:00
3354,1207,2010-01-01 08:45:00,2012-08-29 07:22:00
3355,3440,2010-01-01 19:33:00,2019-10-27 10:49:00
3356,3314,2010-01-03 06:42:00,2019-10-31 13:22:00
3357,5877,2010-01-02 15:52:00,2019-10-31 11:29:00
3361,5355,2010-01-03 10:09:00,2019-10-30 07:24:00
3362,2743,2010-01-01 20:25:00,2019-10-30 09:44:00
3363,5185,2010-01-01 12:13:00,2019-10-31 21:11:00
3364,7075,2010-01-01 01:07:00,2019-10-31 16:36:00
3365,6008,2010-01-01 18:36:00,2019-10-31 18:32:00
3366,1259,2010-01-01 10:43:00,2019-10-27 09:30:00
3367,4938,2010-01-01 12:11:00,2019-10-30 20:37:00
3368,2314,2010-01-01 12:59:00,2019-10-29 13:29:00
3369,2316,2010-01-01 07:54:00,2019-10-31 12:08:00
3370,1697,2010-01-05 15:25:00,2019-10-29 09:22:00
3371,769,2010-01-01 09:39:00,2011-07-12 16:55:00
3372,3959,2010-01-01 11:36:00,2019-10-31 19:01:00
3374,2405,2010-01-01 11:52:00,2019-10-29 22:33:00
3375,3496,2010-01-01 06:14:00,2019-10-30 22:25:00
3376,554,2010-01-01 11:04:00,2011-05-30 12:03:00
3377,540,2010-01-09 15:33:00,2012-10-31 22:21:00
3378,1907,2010-01-09 13:30:00,2019-10-29 13:30:00
3379,1396,2010-01-03 15:28:00,2019-10-31 15:30:00
3380,4273,2010-01-01 07:27:00,2019-10-31 11:26:00
3381,2744,2010-01-01 18:23:00,2019-10-26 18:22:00
3382,2826,2010-01-01 07:11:00,2013-01-31 21:54:00
3383,14182,2010-01-01 02:57:00,2019-10-31 18:48:00
3384,4088,2010-01-01 15:35:00,2019-10-31 16:17:00
3385,5794,2010-01-01 10:31:00,2019-10-31 08:07:00
3386,3689,2010-01-01 08:02:00,2019-10-31 20:03:00
3387,1834,2010-01-01 03:27:00,2019-10-31 04:19:00
3388,1186,2010-01-04 07:30:00,2019-10-30 09:14:00
3389,1462,2010-01-01 12:59:00,2013-01-31 16:02:00
3390,1009,2010-01-05 08:25:00,2019-10-28 07:13:00
3391,4096,2010-01-01 20:06:00,2019-10-31 19:35:00
3392,1607,2010-01-01 13:35:00,2019-10-25 15:50:00
3394,1666,2010-01-01 20:43:00,2019-10-30 14:45:00
3395,2485,2010-01-01 20:13:00,2019-10-29 21:28:00
3396,1770,2010-01-01 23:55:00,2012-02-28 18:58:00
3397,1481,2010-01-01 08:18:00,2019-10-26 18:34:00
3398,16958,2010-01-01 00:30:00,2019-10-31 16:55:00
3399,2451,2010-01-01 11:01:00,2019-10-31 16:35:00
3400,1850,2010-01-03 15:29:00,2018-08-30 09:07:00
3402,1429,2010-01-04 15:03:00,2019-10-31 15:12:00
3403,3488,2010-01-02 07:47:00,2019-10-29 08:03:00
3404,1618,2010-01-04 11:29:00,2019-10-27 12:55:00
3407,5547,2010-01-02 08:14:00,2019-10-31 14:38:00
3408,302,2010-01-09 14:35:00,2013-01-22 12:48:00
3409,756,2010-01-02 12:03:00,2013-10-30 14:21:00
3410,2415,2010-01-01 09:14:00,2018-01-27 09:16:00
3411,2210,2010-01-01 03:52:00,2019-10-30 00:52:00
3412,3626,2010-01-01 12:34:00,2019-10-31 15:08:00
3413,2489,2010-01-01 06:45:00,2014-03-31 21:05:00
3414,2195,2010-01-01 21:25:00,2019-10-31 11:22:00
3415,6608,2010-01-01 03:16:00,2019-10-31 13:53:00
3416,179,2010-01-03 09:13:00,2010-12-26 19:37:00
3417,5327,2010-01-01 20:43:00,2019-10-31 08:32:00
3418,6160,2010-01-01 11:05:00,2019-10-31 11:55:00
3419,1829,2010-01-03 06:09:00,2019-10-24 10:11:00
3420,1605,2010-01-01 06:30:00,2019-10-26 11:37:00
3421,182,2010-01-03 11:37:00,2010-05-30 11:36:00
3422,1252,2010-01-05 10:52:00,2019-10-27 08:52:00
3423,1728,2010-01-02 09:24:00,2017-03-24 03:19:00
3424,8881,2010-01-02 19:31:00,2018-12-31 17:21:00
3426,2615,2010-01-04 14:31:00,2019-10-28 06:33:00
3427,7575,2010-01-01 20:58:00,2019-10-31 21:53:00
3428,2949,2010-01-01 15:00:00,2019-10-29 15:39:00
3429,4163,2010-01-01 20:14:00,2019-10-31 20:26:00
3430,478,2010-01-01 12:15:00,2011-01-31 14:25:00
3431,4157,2010-01-01 12:54:00,2019-10-29 14:55:00
3433,5850,2010-01-01 10:46:00,2019-10-31 15:15:00
3434,2747,2010-01-01 16:30:00,2019-10-31 16:02:00
3435,2978,2010-01-03 06:47:00,2019-10-31 11:26:00
3436,2722,2010-01-01 09:21:00,2014-06-30 11:14:00
3437,1123,2010-01-01 23:09:00,2019-10-30 13:49:00
3438,4557,2010-01-01 08:33:00,2019-10-31 21:04:00
3439,4968,2010-01-01 00:45:00,2019-10-31 08:35:00
3440,3836,2010-01-01 10:55:00,2019-10-31 16:41:00
3441,5469,2010-01-02 12:49:00,2019-10-31 07:59:00
3442,7203,2010-01-01 00:57:00,2019-10-31 11:04:00
3443,6435,2010-01-01 21:23:00,2019-10-31 15:46:00
3444,2920,2010-01-02 16:59:00,2019-10-29 08:51:00
3445,1312,2010-01-02 01:26:00,2013-05-31 11:19:00
3446,5355,2010-01-01 09:42:00,2019-10-31 09:55:00
3447,106,2010-01-01 10:18:00,2010-02-28 13:51:00
3448,3342,2010-01-02 14:30:00,2019-10-29 14:59:00
3449,2165,2010-01-02 16:46:00,2019-10-31 19:54:00
3450,15896,2010-01-01 13:03:00,2019-10-31 22:41:00
3451,2958,2010-01-01 14:08:00,2019-10-28 07:23:00
3452,1361,2010-01-03 08:37:00,2019-10-30 16:46:00
3453,7114,2010-01-01 23:14:00,2019-10-31 21:18:00
3454,3937,2010-01-01 02:08:00,2019-10-30 08:13:00
3455,3281,2010-01-01 15:08:00,2019-10-31 14:28:00
3456,3029,2010-01-02 10:52:00,2019-10-31 11:26:00
3457,2558,2010-01-01 08:34:00,2019-10-26 09:34:00
3458,2897,2010-01-01 17:38:00,2019-10-31 15:07:00
3461,3385,2010-01-01 22:01:00,2019-06-28 12:56:00
3463,8708,2010-02-26 06:18:00,2019-10-31 21:35:00
3464,2486,2010-02-26 22:21:00,2019-10-30 15:12:00
3465,1093,2010-06-01 07:39:00,2019-10-24 13:04:00
3466,6728,2010-06-01 09:18:00,2019-10-30 08:51:00
3467,3771,2010-05-04 07:15:00,2019-10-31 14:03:00
3468,4074,2010-06-01 15:57:00,2016-06-30 09:17:00
3469,3617,2010-06-01 12:52:00,2019-10-31 08:52:00
3470,5322,2010-06-01 06:24:00,2019-10-31 14:53:00
3471,3762,2010-05-25 17:06:00,2019-10-31 15:10:00
3472,7366,2010-06-01 11:19:00,2019-10-31 16:31:00
3473,4499,2010-06-01 11:21:00,2019-10-31 12:53:00
3474,3846,2010-06-02 14:47:00,2019-10-31 09:13:00
3475,2472,2010-06-01 03:27:00,2019-10-31 16:27:00
3476,1335,2010-06-01 07:34:00,2019-10-26 09:49:00
3477,1072,2010-06-02 16:05:00,2013-09-30 18:22:00
3478,5913,2010-06-01 08:03:00,2019-10-31 10:24:00
3479,4406,2010-04-25 20:07:00,2019-10-31 16:26:00
3480,2962,2010-05-23 13:55:00,2019-10-31 10:14:00
3483,3149,2010-06-01 03:14:00,2019-10-30 03:08:00
3484,3834,2010-06-01 16:09:00,2019-10-31 13:25:00
3486,1534,2010-06-01 16:01:00,2019-10-21 15:02:00
3487,97,2010-06-01 05:42:00,2010-07-31 06:45:00
3488,1231,2010-06-04 22:04:00,2019-10-30 19:10:00
3489,4009,2010-06-02 13:03:00,2018-04-29 13:55:00
3490,2388,2010-02-13 13:59:00,2019-10-29 06:57:00
3492,4798,2010-06-01 07:02:00,2019-10-31 15:39:00
3493,850,2010-06-01 07:52:00,2019-10-28 09:02:00
3494,1027,2010-06-04 07:12:00,2019-10-26 09:56:00
3495,2397,2010-03-15 14:45:00,2019-10-31 18:26:00
3496,8550,2010-05-07 10:46:00,2019-10-31 09:50:00
3498,5850,2010-06-01 07:30:00,2019-10-31 13:24:00
3499,1064,2010-06-04 18:17:00,2019-10-24 04:52:00
3500,5225,2010-06-01 15:13:00,2019-10-27 15:07:00
3501,6718,2010-06-01 09:24:00,2019-10-31 19:07:00
3502,2093,2010-06-01 20:56:00,2019-10-30 22:55:00
3503,3280,2010-06-02 07:35:00,2019-10-29 06:42:00
3504,1091,2010-06-02 08:45:00,2019-10-28 14:25:00
3506,1239,2010-03-06 15:47:00,2015-03-31 08:32:00
3507,1429,2010-04-26 09:25:00,2019-10-29 18:26:00
3508,924,2011-06-01 15:06:00,2019-10-31 16:47:00
3509,3399,2011-06-01 10:15:00,2019-10-31 10:14:00
3510,1547,2011-02-25 22:33:00,2019-10-29 15:53:00
3511,2467,2011-06-01 04:10:00,2019-10-31 08:38:00
3513,2483,2011-06-04 06:20:00,2019-10-31 13:58:00
3514,4605,2011-05-16 22:24:00,2019-10-28 13:38:00
3515,3677,2011-06-01 09:26:00,2019-10-29 11:48:00
3516,5006,2011-05-10 15:37:00,2019-10-31 13:22:00
3517,1351,2011-06-03 16:10:00,2019-10-31 15:03:00
3518,1844,2011-06-03 17:34:00,2019-10-31 11:52:00
3520,1996,2011-06-01 10:05:00,2019-10-31 14:04:00
3521,13287,2011-06-01 12:18:00,2019-10-31 21:28:00
3522,3638,2011-06-01 15:47:00,2019-10-31 16:17:00
3523,1139,2011-06-01 22:17:00,2019-10-30 22:02:00
3524,3592,2011-06-02 09:47:00,2019-10-31 21:23:00
3525,1922,2011-06-01 09:09:00,2019-10-30 10:33:00
3527,2786,2011-06-01 00:27:00,2019-10-31 00:21:00
3528,6908,2011-06-01 10:35:00,2019-10-31 20:57:00
3530,14973,2011-06-01 09:16:00,2019-10-31 12:02:00
3531,2683,2011-06-01 10:44:00,2019-04-30 18:48:00
3532,4673,2011-06-01 06:48:00,2019-10-30 06:59:00
3534,532,2011-06-01 08:34:00,2011-12-31 23:47:00
3535,679,2011-06-01 13:59:00,2019-10-29 18:30:00
3537,1909,2011-05-12 19:25:00,2019-10-30 16:10:00
3538,4683,2011-06-01 09:41:00,2019-10-31 09:37:00
3539,1602,2011-04-13 22:11:00,2019-10-30 11:42:00
3540,6564,2011-05-13 10:31:00,2019-10-31 15:39:00
3541,2032,2011-06-01 19:52:00,2019-10-30 05:02:00
3542,2547,2012-06-04 09:14:00,2019-10-31 12:29:00
3543,629,2012-06-01 16:28:00,2014-04-30 19:13:00
3544,2233,2012-06-01 11:45:00,2019-10-31 12:43:00
3545,1666,2012-06-03 09:28:00,2019-10-28 09:03:00
3546,1940,2012-05-26 01:21:00,2019-10-31 18:04:00
3547,3153,2012-06-01 20:32:00,2016-03-31 20:41:00
3548,2056,2012-06-01 22:08:00,2019-10-31 17:19:00
3549,3162,2012-06-02 23:32:00,2019-10-31 23:39:00
3550,2397,2012-06-02 08:39:00,2019-10-31 23:56:00
3551,864,2012-06-06 12:12:00,2019-10-31 08:27:00
3554,384,2012-06-06 09:44:00,2014-07-31 08:55:00
3555,1433,2012-06-01 07:15:00,2018-04-29 07:05:00
3556,9801,2012-06-01 09:05:00,2019-10-30 02:49:00
3557,1355,2012-06-04 19:10:00,2019-10-29 10:21:00
3558,54,2012-05-18 13:07:00,2012-08-30 14:38:00
3559,1350,2012-06-05 12:37:00,2019-10-30 12:38:00
3560,3845,2012-01-23 16:53:00,2019-10-30 19:04:00
3561,1359,2012-06-02 09:24:00,2019-10-30 18:41:00
3562,1126,2013-06-02 18:39:00,2019-10-28 06:40:00
3563,1454,2013-06-03 07:20:00,2019-10-29 17:24:00
3564,3561,2013-06-01 06:15:00,2019-10-31 01:24:00
3565,4340,2013-06-01 06:16:00,2019-10-31 14:38:00
3566,1965,2013-06-02 12:13:00,2018-12-31 21:02:00
3567,3943,2013-06-01 12:07:00,2019-10-31 21:01:00
3568,6001,2013-06-01 09:42:00,2019-10-31 18:26:00
3569,113,2013-06-01 11:34:00,2014-02-26 11:48:00
3570,3783,2013-06-01 16:56:00,2019-10-31 06:43:00
3571,2452,2013-06-01 06:46:00,2019-10-30 12:54:00
3572,1080,2013-06-01 06:12:00,2019-10-25 22:56:00
3573,3012,2013-06-01 01:22:00,2019-10-31 09:29:00
3574,3278,2012-05-11 09:11:00,2019-10-30 08:20:00
3575,1368,2014-06-02 12:17:00,2019-10-31 16:43:00
3576,1428,2014-06-04 16:43:00,2019-10-31 08:40:00
3577,2653,2014-06-01 07:31:00,2019-10-31 06:00:00
3578,1189,2014-06-01 07:27:00,2019-10-31 20:15:00
3579,2734,2014-06-02 07:47:00,2019-10-31 12:01:00
3580,341,2014-06-01 12:35:00,2015-08-31 14:00:00
3581,8283,2014-06-01 07:57:00,2019-10-31 17:20:00
3582,483,2014-06-04 11:34:00,2018-07-31 14:25:00
3583,2872,2013-04-10 22:47:00,2019-10-31 11:30:00
3584,2406,2013-06-12 12:30:00,2019-10-30 12:09:00
3585,2954,2014-06-01 12:52:00,2019-10-31 11:33:00
3587,1544,2014-06-01 08:37:00,2019-10-30 09:23:00
3588,51,2014-06-09 08:55:00,2014-09-02 08:51:00
3589,270,2015-06-01 19:35:00,2019-03-24 23:02:00
3590,4007,2014-06-08 21:50:00,2019-10-31 16:31:00
3591,2961,2015-06-01 09:14:00,2019-10-31 20:57:00
3592,2604,2015-06-01 13:05:00,2019-10-31 18:16:00
3593,1062,2015-05-14 14:18:00,2019-10-30 14:58:00
3594,72,2015-06-15 02:58:00,2016-05-28 10:41:00
3595,1735,2015-06-01 07:41:00,2019-10-30 12:50:00
3596,9798,2015-06-01 06:13:00,2019-10-31 18:19:00
3597,969,2015-03-25 14:05:00,2019-10-30 14:48:00
3598,421,2015-06-02 20:40:00,2019-10-30 19:53:00
3600,555,2015-06-12 20:00:00,2019-10-30 10:50:00
3601,1908,2015-06-01 15:53:00,2019-10-31 11:05:00
3602,4489,2015-04-11 10:56:00,2019-10-31 12:01:00
3603,48,2015-06-01 12:57:00,2015-07-27 22:35:00
3604,2386,2016-01-14 09:12:00,2019-10-31 22:27:00
3606,250,2016-06-05 10:33:00,2019-10-30 10:43:00
3607,2964,2016-06-01 08:02:00,2019-10-31 21:57:00
3608,896,2016-04-19 19:42:00,2019-10-30 14:07:00
3609,603,2016-06-05 17:35:00,2019-10-30 22:51:00
3611,2968,2016-05-20 20:50:00,2019-10-31 17:45:00
3612,2623,2016-06-01 08:27:00,2019-10-31 23:51:00
3613,1279,2016-06-01 09:44:00,2019-10-30 16:41:00
3614,556,2016-06-02 10:40:00,2019-10-29 19:28:00
3615,579,2016-06-01 11:09:00,2019-10-27 17:52:00
3616,299,2016-06-08 10:43:00,2019-10-30 19:25:00
3618,660,2017-06-02 13:01:00,2019-10-31 13:07:00
3620,685,2017-06-02 08:30:00,2019-10-28 13:57:00
3621,614,2017-06-02 21:37:00,2019-10-28 16:06:00
3623,905,2017-06-01 22:58:00,2019-10-30 22:33:00
3624,960,2017-06-01 12:37:00,2019-10-31 12:38:00
3625,590,2017-06-01 09:33:00,2019-10-30 21:58:00
3626,652,2017-07-20 21:54:00,2019-10-31 16:29:00
3627,248,2018-03-03 01:36:00,2019-10-28 20:15:00
3631,323,2018-06-04 14:21:00,2019-10-31 16:27:00
3632,453,2018-06-01 11:12:00,2019-10-30 17:26:00
3633,1341,2017-07-23 14:06:00,2019-10-31 18:53:00
3634,762,2018-06-04 14:18:00,2019-10-31 13:30:00
3635,1033,2018-06-01 06:31:00,2019-10-31 08:50:00
3637,366,2018-06-02 14:29:00,2019-10-31 08:58:00
3638,109,2018-06-02 01:29:00,2019-10-31 14:09:00
3639,34,2018-06-08 12:46:00,2018-07-26 09:37:00
3640,38,2019-06-01 15:48:00,2019-08-04 21:59:00
3642,84,2018-02-06 15:45:00,2019-10-30 09:26:00
3643,30,2019-06-03 12:32:00,2019-10-30 17:27:00
3644,135,2019-06-01 09:48:00,2019-10-31 21:19:00
3645,211,2018-03-18 19:28:00,2019-10-31 19:26:00
3646,7494,2010-01-01 13:13:00,2019-10-31 21:06:00
3647,2417,2010-01-01 16:07:00,2019-10-28 18:18:00
3648,2126,2010-01-04 14:31:00,2019-10-30 15:35:00
3649,1160,2010-01-01 14:14:00,2019-10-24 07:55:00
3651,6364,2010-01-01 06:18:00,2019-10-31 16:56:00
3652,1477,2010-01-01 17:57:00,2019-10-30 15:04:00
3653,2289,2010-01-01 20:40:00,2019-10-27 07:59:00
3655,9687,2010-01-01 09:49:00,2019-10-31 21:22:00
3657,2717,2010-01-04 07:46:00,2019-10-30 07:36:00
3658,1289,2010-01-02 07:17:00,2019-10-28 08:39:00
3659,3521,2010-01-01 19:10:00,2019-10-28 13:00:00
3660,1690,2010-01-02 13:14:00,2019-10-28 16:11:00
3663,1929,2010-01-03 17:03:00,2019-10-30 03:03:00
3664,2440,2010-01-03 19:18:00,2019-10-31 09:21:00
3665,6365,2010-01-01 07:23:00,2019-10-31 09:58:00
3667,2615,2010-01-01 18:26:00,2015-10-31 18:02:00
3668,4519,2010-01-01 19:20:00,2016-01-31 19:11:00
3669,1788,2010-01-07 13:22:00,2019-10-31 07:30:00
3670,2408,2010-01-03 10:03:00,2019-10-31 08:01:00
3671,3310,2010-01-01 22:31:00,2019-10-31 14:56:00
3673,16023,2010-01-01 09:28:00,2019-10-31 19:27:00
3674,2456,2010-01-03 19:53:00,2019-10-31 16:41:00
3675,5581,2010-01-03 07:30:00,2019-10-31 19:19:00
3677,7691,2010-01-01 13:12:00,2019-10-31 21:18:00
3678,3343,2010-01-01 07:56:00,2019-10-31 11:58:00
3679,7714,2010-01-01 18:08:00,2019-10-31 16:35:00
3680,1559,2010-01-01 16:50:00,2019-10-14 10:50:00
3681,2945,2010-01-04 08:23:00,2019-10-31 07:30:00
3682,1694,2010-01-01 12:11:00,2014-04-26 10:22:00
3684,905,2010-01-01 15:56:00,2019-10-29 08:07:00
3685,6848,2010-01-01 08:58:00,2019-10-31 16:03:00
3686,2366,2010-01-01 13:53:00,2019-10-30 22:43:00
3687,2173,2010-01-01 18:47:00,2019-10-30 13:54:00
3688,5477,2010-01-02 07:55:00,2019-10-31 10:42:00
3689,1343,2010-01-01 07:15:00,2019-10-31 11:39:00
3690,2911,2010-01-03 07:34:00,2014-09-30 09:17:00
3691,3061,2010-01-01 12:20:00,2019-10-31 21:43:00
3692,1622,2010-01-02 13:24:00,2019-10-26 13:14:00
3693,2850,2010-01-04 09:34:00,2019-10-31 06:17:00
3695,18163,2010-01-01 17:37:00,2019-10-31 18:35:00
3697,695,2010-01-03 15:45:00,2017-04-29 23:36:00
3698,3220,2010-01-02 08:31:00,2019-10-30 22:34:00
3700,4117,2010-01-01 10:39:00,2019-10-30 15:10:00
3701,2340,2010-01-03 06:23:00,2019-10-30 09:51:00
3702,2635,2010-01-01 06:42:00,2019-10-30 13:26:00
3704,4997,2010-01-01 16:02:00,2015-11-07 09:55:00
3705,1542,2010-01-10 22:00:00,2019-10-26 00:42:00
3706,3164,2010-01-04 07:48:00,2019-10-29 17:11:00
3707,3500,2010-01-01 09:17:00,2019-10-31 20:02:00
3708,6447,2010-01-01 08:58:00,2019-10-31 11:33:00
3709,6086,2010-01-02 22:37:00,2019-10-31 22:37:00
3710,9049,2010-01-02 21:45:00,2019-10-31 21:55:00
3711,4925,2010-01-01 10:43:00,2019-10-31 14:26:00
3714,8985,2010-01-01 11:05:00,2019-10-31 18:51:00
3715,761,2010-01-01 06:30:00,2013-07-30 15:13:00
3716,3500,2010-01-01 06:07:00,2019-10-31 20:40:00
3717,1142,2010-01-01 15:35:00,2019-10-19 08:28:00
3718,1176,2010-01-01 07:48:00,2012-06-30 15:20:00
3719,10848,2010-01-01 08:22:00,2019-10-31 07:54:00
3722,1411,2010-01-01 05:12:00,2019-10-30 15:17:00
3723,5674,2010-01-03 05:36:00,2019-10-31 23:54:00
3724,7361,2010-01-01 08:04:00,2019-10-31 20:38:00
3725,2391,2010-01-02 13:12:00,2019-10-29 13:00:00
3726,229,2010-01-05 16:03:00,2011-02-27 10:34:00
3727,3964,2010-01-02 04:15:00,2019-10-31 14:04:00
3729,2647,2010-01-01 09:43:00,2019-10-30 16:03:00
3730,1343,2010-01-01 17:52:00,2019-10-31 18:44:00
3731,3396,2010-01-03 01:36:00,2019-10-31 09:47:00
3732,2269,2010-01-01 11:20:00,2019-10-31 07:53:00
3733,4900,2010-01-01 10:43:00,2019-10-31 13:57:00
3734,1602,2010-01-01 15:11:00,2019-10-27 05:06:00
3735,2077,2010-01-03 10:07:00,2019-10-30 15:14:00
3737,2999,2010-01-02 07:34:00,2019-10-31 18:51:00
3738,10034,2010-01-01 05:59:00,2019-10-31 17:04:00
3739,6364,2010-01-01 06:06:00,2019-10-31 16:18:00
3741,2152,2010-01-02 06:07:00,2019-10-30 20:36:00
3742,11350,2010-01-01 00:43:00,2019-10-31 10:41:00
3743,7609,2010-01-01 21:59:00,2019-10-31 22:22:00
3744,3437,2010-01-02 07:26:00,2019-10-31 10:51:00
3745,1057,2010-01-01 10:45:00,2011-10-31 12:48:00
3746,3934,2010-01-01 14:31:00,2019-10-31 16:40:00
3747,3249,2010-01-03 07:11:00,2019-10-31 13:55:00
3748,2052,2010-01-01 12:14:00,2019-10-29 13:09:00
3749,5008,2010-01-01 12:35:00,2019-10-31 19:31:00
3750,6736,2010-01-01 07:54:00,2019-10-31 11:38:00
3751,1624,2010-01-01 16:30:00,2019-10-31 11:50:00
3752,4719,2010-01-01 14:43:00,2019-10-31 14:59:00
3753,2601,2010-01-04 17:47:00,2019-10-30 17:45:00
3754,555,2010-01-02 05:22:00,2019-10-31 11:34:00
3755,2638,2010-01-01 07:09:00,2019-10-30 15:14:00
3757,4076,2010-01-01 14:22:00,2019-10-29 21:35:00
3758,2484,2010-01-01 07:46:00,2019-10-30 14:00:00
3760,4918,2010-01-03 15:43:00,2019-10-31 17:05:00
3761,83,2010-01-06 05:50:00,2010-10-30 17:08:00
3763,4119,2010-01-01 05:43:00,2014-12-31 21:19:00
3764,3556,2010-01-01 01:08:00,2019-10-31 10:34:00
3766,9661,2010-01-01 13:32:00,2016-06-30 22:29:00
3767,528,2010-01-01 12:02:00,2010-06-30 17:23:00
3768,2540,2010-01-01 09:41:00,2019-10-31 09:45:00
3769,5460,2010-01-02 07:44:00,2019-10-31 12:16:00
3770,1993,2010-01-02 13:05:00,2019-10-31 12:21:00
3771,3387,2010-01-01 13:02:00,2019-10-31 20:01:00
3772,1432,2010-01-03 13:08:00,2019-10-27 13:43:00
3773,9180,2010-01-01 13:47:00,2019-10-30 16:29:00
3774,1957,2010-01-06 04:57:00,2019-10-30 14:05:00
3775,1220,2010-01-02 11:47:00,2019-10-30 17:24:00
3776,4602,2010-01-01 17:53:00,2018-02-28 11:41:00
3777,593,2010-01-03 06:41:00,2011-11-19 11:52:00
3778,1671,2010-01-02 11:33:00,2016-08-30 02:43:00
3779,1620,2010-01-02 19:44:00,2019-10-30 19:53:00
3780,1544,2010-01-01 14:34:00,2019-10-31 20:04:00
3781,3351,2010-01-03 11:56:00,2019-10-31 16:11:00
3787,2254,2010-01-02 00:00:00,2019-10-31 19:06:00
3788,2205,2010-01-01 07:37:00,2019-10-31 21:35:00
3789,4010,2010-01-02 06:18:00,2019-10-31 06:05:00
3790,1408,2010-01-01 22:57:00,2013-04-29 13:13:00
3791,2784,2010-01-02 07:58:00,2019-10-31 14:30:00
3792,3138,2010-01-01 08:31:00,2019-07-31 13:16:00
3793,3732,2010-01-01 08:07:00,2019-10-31 22:16:00
3794,1349,2010-01-01 16:14:00,2019-10-28 22:10:00
3795,2897,2010-01-02 07:58:00,2019-10-30 23:47:00
3797,4556,2010-01-02 08:29:00,2019-10-31 15:37:00
3798,3635,2010-01-02 09:35:00,2019-10-30 12:51:00
3799,4162,2010-01-01 15:46:00,2019-10-31 15:01:00
3800,5332,2010-01-01 12:10:00,2019-10-31 11:30:00
3801,25420,2010-01-01 10:21:00,2019-10-31 16:53:00
3802,2185,2010-01-04 08:50:00,2019-10-28 19:19:00
3803,1218,2010-01-08 07:29:00,2019-10-30 06:24:00
3804,2308,2010-01-05 11:08:00,2019-10-31 11:02:00
3805,2932,2010-01-02 18:55:00,2019-10-31 16:43:00
3806,2301,2010-01-03 19:57:00,2019-10-26 17:54:00
3807,2167,2010-01-01 10:02:00,2019-10-31 09:50:00
3808,4210,2010-01-02 12:30:00,2019-10-31 22:43:00
3810,1807,2010-01-03 16:51:00,2019-10-29 22:11:00
3811,8112,2010-01-03 07:47:00,2019-10-31 13:41:00
3813,3782,2010-01-02 14:33:00,2019-10-31 08:15:00
3814,6669,2010-01-01 22:22:00,2019-10-31 11:47:00
3816,1827,2010-01-01 08:47:00,2019-10-31 08:45:00
3817,627,2010-01-01 12:48:00,2012-11-30 13:01:00
3818,5466,2010-01-02 18:03:00,2019-10-31 22:55:00
3819,3407,2010-01-02 13:58:00,2019-10-30 19:06:00
3821,3084,2010-01-04 11:16:00,2019-10-30 09:51:00
3822,8088,2010-01-01 12:51:00,2019-10-31 22:44:00
3823,4126,2010-01-01 07:10:00,2019-10-31 08:50:00
3826,7714,2010-01-01 07:39:00,2019-10-31 08:19:00
3828,2890,2010-01-02 16:29:00,2013-09-30 18:29:00
3829,1052,2010-01-02 08:43:00,2019-10-31 01:53:00
3830,1983,2010-01-01 07:53:00,2019-10-31 15:54:00
3831,2085,2010-01-03 21:47:00,2019-10-31 11:54:00
3832,4093,2010-01-01 17:41:00,2019-10-31 20:16:00
3833,10087,2010-01-01 06:22:00,2019-10-31 10:28:00
3834,4967,2010-01-01 14:05:00,2019-10-31 21:30:00
3835,959,2010-01-05 17:34:00,2016-01-30 11:25:00
3836,1768,2010-01-01 10:30:00,2019-10-30 10:09:00
3837,1608,2010-01-02 07:45:00,2019-10-28 14:12:00
3839,4750,2010-01-01 15:54:00,2019-10-31 09:58:00
3840,2285,2010-01-02 10:52:00,2018-05-30 17:32:00
3841,6334,2010-01-01 09:27:00,2019-10-31 09:51:00
3842,4491,2010-01-01 06:55:00,2013-09-30 07:34:00
3843,1554,2010-01-01 10:45:00,2019-10-23 05:58:00
3844,3493,2010-01-01 08:10:00,2019-10-30 09:52:00
3845,7594,2010-01-01 09:33:00,2019-10-31 06:01:00
3846,8636,2010-01-02 12:27:00,2019-10-31 16:53:00
3848,2299,2010-01-01 19:42:00,2019-10-27 06:26:00
3849,1339,2010-01-04 12:42:00,2019-10-29 17:07:00
3850,736,2010-01-01 16:26:00,2012-05-29 14:15:00
3851,5156,2010-01-01 20:40:00,2019-10-31 20:48:00
3852,432,2010-01-01 20:53:00,2011-05-31 12:01:00
3853,2661,2010-01-04 09:07:00,2019-10-28 22:00:00
3854,4201,2010-01-01 07:37:00,2019-10-31 13:58:00
3855,1377,2010-01-09 08:34:00,2019-10-23 14:35:00
3856,2860,2010-01-01 13:07:00,2019-10-31 12:41:00
3857,1097,2010-01-01 04:25:00,2016-07-31 04:09:00
3858,1726,2010-01-01 13:23:00,2018-01-05 16:20:00
3859,958,2010-01-01 15:18:00,2019-10-29 14:38:00
3860,3695,2010-01-01 06:13:00,2019-10-29 16:59:00
3861,1590,2010-01-04 06:57:00,2019-10-31 06:43:00
3862,4813,2010-01-01 17:25:00,2019-10-31 17:15:00
3863,3437,2010-01-02 09:45:00,2019-10-31 14:57:00
3864,8484,2010-01-01 21:37:00,2019-10-31 16:19:00
3865,1593,2010-01-01 07:33:00,2019-10-30 14:22:00
3866,4726,2010-01-03 14:35:00,2019-10-30 12:50:00
3867,2840,2010-01-01 12:13:00,2019-10-30 17:29:00
3868,4303,2010-01-01 13:24:00,2019-10-31 08:04:00
3869,5880,2010-01-01 00:48:00,2019-10-30 17:45:00
3870,2718,2010-01-01 11:08:00,2019-10-31 15:17:00
3871,2585,2010-01-01 22:45:00,2019-10-31 16:55:00
3873,2017,2010-01-02 19:42:00,2019-10-31 20:39:00
3874,3674,2010-01-01 18:19:00,2019-10-30 17:29:00
3875,3997,2010-01-01 10:20:00,2019-10-31 12:55:00
3876,5049,2010-01-01 14:32:00,2019-10-30 14:18:00
3877,5064,2010-01-01 09:44:00,2019-10-30 09:59:00
3878,2514,2010-01-01 18:23:00,2019-10-29 13:29:00
3879,1431,2010-01-04 16:01:00,2019-10-21 12:15:00
3880,16848,2010-01-01 08:22:00,2019-10-31 16:22:00
3881,9363,2010-01-01 00:46:00,2019-10-31 08:13:00
3882,4448,2010-01-01 12:15:00,2019-10-31 16:56:00
3883,4682,2010-01-01 07:13:00,2019-10-28 13:28:00
3884,3768,2010-01-01 15:10:00,2019-10-29 07:19:00
3885,176,2010-01-08 07:37:00,2014-01-16 17:34:00
3886,6498,2010-01-01 07:10:00,2019-10-29 15:47:00
3887,417,2010-01-01 12:47:00,2013-01-31 16:55:00
3888,3868,2010-01-02 09:19:00,2019-10-31 14:40:00
3889,2923,2010-01-03 16:14:00,2019-10-29 09:57:00
3890,908,2010-01-05 09:31:00,2012-11-30 16:04:00
3891,1120,2010-01-03 16:54:00,2016-06-30 17:15:00
3892,10732,2010-01-02 16:24:00,2019-10-31 20:35:00
3893,3884,2010-01-02 12:14:00,2019-10-31 17:30:00
3895,1635,2010-01-03 14:42:00,2019-10-28 17:33:00
3896,1582,2010-01-01 22:07:00,2019-10-28 14:32:00
3897,4017,2010-01-02 11:12:00,2019-10-31 22:51:00
3898,7620,2010-01-02 07:31:00,2019-10-31 06:17:00
3900,1420,2010-01-03 13:23:00,2019-10-31 13:04:00
3901,2669,2010-01-05 18:54:00,2019-10-31 11:02:00
3902,477,2010-01-06 06:01:00,2016-07-31 14:07:00
3903,1081,2010-01-06 16:43:00,2019-10-31 15:45:00
3904,977,2010-01-02 17:38:00,2015-09-30 05:01:00
3905,1714,2010-01-05 22:29:00,2019-10-22 19:36:00
3906,5475,2010-01-02 18:53:00,2019-10-30 23:18:00
3907,1403,2010-01-01 17:59:00,2019-10-29 20:54:00
3908,2063,2010-01-01 18:25:00,2014-09-29 12:20:00
3910,8096,2010-01-01 06:25:00,2017-12-31 21:01:00
3911,4222,2010-01-01 16:40:00,2019-10-31 16:35:00
3912,3172,2010-01-01 00:23:00,2019-10-31 18:50:00
3913,4201,2010-01-01 08:50:00,2019-10-30 06:58:00
3914,5528,2010-01-01 22:56:00,2019-10-31 22:29:00
3915,3603,2010-01-01 00:06:00,2019-10-30 15:07:00
3916,3017,2010-01-03 20:58:00,2019-10-30 09:14:00
3917,1094,2010-01-17 07:30:00,2019-10-31 06:19:00
3918,4005,2010-01-02 11:45:00,2019-10-29 18:55:00
3919,2528,2010-01-01 06:33:00,2019-10-30 07:21:00
3920,1213,2010-01-03 16:25:00,2018-11-23 16:06:00
3921,4206,2010-01-01 03:53:00,2019-10-31 12:43:00
3922,4236,2010-07-05 07:36:00,2019-10-29 22:23:00
3923,4730,2010-02-15 16:32:00,2019-10-31 06:29:00
3924,8608,2010-06-08 22:38:00,2019-10-31 12:21:00
3925,119,2010-02-12 15:26:00,2010-12-30 13:41:00
3926,222,2010-07-01 21:39:00,2011-10-27 11:46:00
3927,6766,2010-06-14 11:23:00,2019-10-31 21:25:00
3928,804,2010-07-01 14:22:00,2014-02-28 15:13:00
3929,3393,2010-07-01 13:48:00,2019-10-31 16:20:00
3930,448,2010-07-01 06:17:00,2014-12-30 02:50:00
3931,8146,2010-06-05 16:07:00,2019-10-28 13:28:00
3932,3056,2010-06-28 17:52:00,2019-10-30 14:01:00
3933,7899,2010-07-01 05:19:00,2019-10-31 16:22:00
3934,5272,2010-06-14 04:46:00,2019-10-30 23:28:00
3935,3691,2010-02-28 13:51:00,2019-10-31 16:16:00
3936,796,2010-07-03 12:59:00,2019-10-26 11:54:00
3937,812,2010-07-01 13:51:00,2019-10-30 14:12:00
3939,2816,2010-07-02 13:04:00,2018-07-31 10:25:00
3940,3219,2010-07-02 13:56:00,2019-10-31 09:54:00
3941,508,2010-07-11 08:37:00,2019-10-26 08:32:00
3942,1425,2010-07-04 10:01:00,2015-07-29 13:03:00
3943,5053,2010-06-25 11:16:00,2019-10-29 12:47:00
3944,3676,2010-07-03 12:18:00,2019-10-29 07:41:00
3946,8445,2010-07-01 08:19:00,2019-10-31 11:25:00
3947,3108,2010-07-02 07:05:00,2019-10-31 07:26:00
3948,1907,2010-07-03 13:14:00,2019-10-31 08:58:00
3949,1458,2010-07-03 14:42:00,2018-12-30 11:41:00
3950,2549,2010-07-01 11:08:00,2019-10-31 23:06:00
3951,9841,2010-01-21 11:54:00,2019-10-31 19:33:00
3952,2131,2010-07-01 09:20:00,2019-10-31 08:10:00
3953,4638,2010-07-02 15:34:00,2019-10-31 09:32:00
3954,2651,2010-07-03 03:03:00,2019-10-27 07:29:00
3956,7333,2010-07-02 11:58:00,2019-10-31 13:06:00
3957,4083,2010-07-01 22:58:00,2019-10-29 22:39:00
3958,3836,2010-05-14 15:52:00,2018-07-31 19:31:00
3959,3034,2010-07-01 07:51:00,2019-10-30 20:42:00
3960,7360,2010-02-28 22:01:00,2019-10-30 10:03:00
3961,3794,2010-07-01 07:20:00,2019-10-30 18:10:00
3962,1855,2010-07-02 18:42:00,2019-10-25 12:57:00
3963,5481,2010-07-01 05:03:00,2019-10-29 11:19:00
3964,596,2011-07-01 14:10:00,2012-12-30 14:26:00
3965,5661,2011-07-01 09:15:00,2019-10-31 09:12:00
3966,1730,2010-03-06 13:10:00,2019-10-28 16:04:00
3967,4183,2011-07-02 08:23:00,2019-10-31 11:45:00
3968,7405,2011-07-01 23:36:00,2019-10-31 23:45:00
3969,4774,2011-07-01 18:51:00,2019-10-31 19:14:00
3970,3728,2011-06-12 09:07:00,2019-10-31 16:36:00
3971,94,2011-07-02 08:33:00,2011-11-30 15:44:00
3972,91,2011-07-25 16:01:00,2019-10-15 16:08:00
3973,206,2011-07-01 12:28:00,2011-12-03 09:46:00
3974,2993,2011-07-01 15:58:00,2019-10-31 15:36:00
3976,1283,2011-06-18 15:46:00,2019-10-31 08:59:00
3977,1916,2011-05-18 16:58:00,2019-10-31 14:05:00
3978,2483,2011-07-02 06:59:00,2019-10-30 06:57:00
3979,1228,2011-07-03 11:34:00,2019-10-31 10:25:00
3980,3270,2011-07-03 18:06:00,2019-10-31 18:21:00
3981,3368,2011-07-01 14:37:00,2019-10-31 15:56:00
3982,4682,2011-06-05 09:01:00,2019-10-31 08:56:00
3983,3226,2011-07-01 13:07:00,2019-10-31 17:05:00
3984,2083,2011-07-04 05:54:00,2019-10-31 06:09:00
3986,7457,2010-07-02 16:22:00,2019-10-30 11:44:00
3987,896,2011-07-07 07:00:00,2019-10-12 02:32:00
3988,2641,2011-07-01 15:48:00,2019-10-31 10:04:00
3989,2874,2011-07-01 10:38:00,2019-10-30 09:35:00
3990,4692,2011-05-14 14:15:00,2019-10-26 11:39:00
3991,3491,2011-06-06 08:49:00,2019-10-31 18:11:00
3992,725,2012-07-06 03:13:00,2019-10-29 13:09:00
3993,4617,2012-07-02 23:02:00,2019-10-31 14:34:00
3994,187,2012-07-02 08:31:00,2013-01-08 01:27:00
3995,467,2012-07-02 10:16:00,2019-10-28 14:27:00
3996,4530,2012-07-01 16:29:00,2019-10-31 10:16:00
3997,2668,2012-07-01 06:55:00,2019-10-30 14:31:00
3999,9312,2012-07-01 08:48:00,2019-10-31 14:03:00
4000,3450,2012-07-01 10:35:00,2019-10-30 11:21:00
4001,5913,2012-07-01 07:24:00,2019-10-30 22:02:00
4002,1969,2012-07-02 17:44:00,2019-10-31 17:04:00
4003,3498,2012-03-05 15:17:00,2019-10-31 13:48:00
4004,2107,2012-07-02 05:43:00,2019-10-31 21:11:00
4005,1541,2013-07-01 18:19:00,2017-01-30 10:08:00
4006,376,2013-07-02 11:06:00,2015-11-30 12:38:00
4008,1010,2013-07-03 05:26:00,2019-10-28 05:13:00
4009,271,2013-07-11 08:50:00,2015-11-02 21:44:00
4010,2118,2013-07-01 08:53:00,2019-10-28 20:00:00
4011,1470,2013-07-01 01:17:00,2017-04-29 15:06:00
4012,1954,2013-07-01 00:45:00,2019-10-31 15:56:00
4013,298,2013-03-10 20:59:00,2014-04-30 16:06:00
4014,1427,2013-07-02 04:44:00,2019-10-29 10:26:00
4015,1618,2013-07-02 10:20:00,2019-10-30 07:10:00
4016,2052,2013-07-02 07:51:00,2019-10-31 16:40:00
4017,3969,2013-07-01 08:23:00,2019-10-31 06:52:00
4018,608,2013-05-27 17:49:00,2019-10-28 10:41:00
4020,1742,2014-07-01 11:05:00,2019-10-31 11:00:00
4021,710,2014-07-02 14:37:00,2017-01-30 11:46:00
4022,1288,2014-06-16 16:33:00,2019-10-31 15:17:00
4023,1862,2014-07-01 08:15:00,2019-10-31 10:45:00
4024,90,2014-07-01 10:10:00,2014-12-31 15:47:00
4025,809,2014-07-02 18:57:00,2018-05-31 16:38:00
4026,1834,2013-04-07 22:59:00,2019-10-31 18:49:00
4027,1700,2014-07-01 16:14:00,2019-10-31 16:11:00
4028,1879,2014-07-02 17:50:00,2019-10-31 17:45:00
4029,1562,2014-07-01 05:22:00,2019-10-31 19:10:00
4030,923,2014-07-01 14:31:00,2017-04-30 04:35:00
4032,1596,2015-05-05 08:17:00,2019-10-31 10:31:00
4033,1205,2015-07-01 10:24:00,2019-10-28 15:42:00
4034,1667,2015-07-01 09:25:00,2019-10-31 18:44:00
4035,603,2015-07-03 04:53:00,2019-10-26 14:58:00
4036,1591,2015-07-01 21:51:00,2019-10-31 13:55:00
4037,1308,2015-07-01 14:41:00,2019-02-28 17:46:00
4038,1120,2015-07-01 08:21:00,2019-10-31 07:57:00
4039,2131,2015-07-01 13:37:00,2019-10-31 13:23:00
4040,676,2015-07-01 22:46:00,2019-10-31 21:38:00
4041,2586,2015-07-01 00:26:00,2019-10-31 16:30:00
4042,90,2015-07-05 08:32:00,2018-08-30 08:57:00
4044,673,2016-07-02 12:03:00,2019-10-30 15:07:00
4045,1039,2016-07-01 08:38:00,2019-10-31 17:45:00
4046,2883,2016-07-01 10:48:00,2019-10-31 10:20:00
4047,2405,2016-07-01 07:09:00,2019-10-31 13:02:00
4048,482,2016-07-01 01:03:00,2019-10-21 01:22:00
4049,4457,2016-07-01 11:22:00,2019-10-31 23:02:00
4050,1066,2016-07-02 15:34:00,2019-10-31 07:28:00
4051,409,2016-07-09 06:49:00,2019-10-26 23:55:00
4052,640,2017-07-02 07:00:00,2019-10-31 02:13:00
4053,97,2017-07-03 07:49:00,2018-06-24 07:00:00
4054,790,2017-07-01 10:59:00,2019-10-30 08:03:00
4056,988,2017-07-01 16:09:00,2019-10-30 13:19:00
4057,1502,2017-07-01 04:24:00,2019-10-31 21:14:00
4058,1205,2017-07-01 12:17:00,2019-10-30 20:27:00
4059,413,2017-07-02 13:42:00,2019-10-31 13:12:00
4060,641,2017-07-03 06:36:00,2019-10-31 10:13:00
4061,682,2017-06-16 03:03:00,2019-10-30 22:49:00
4062,2979,2017-07-01 01:44:00,2019-10-31 11:17:00
4063,1128,2017-07-01 13:14:00,2019-10-31 15:23:00
4064,815,2017-07-01 07:29:00,2019-10-31 13:45:00
4067,431,2018-07-01 10:00:00,2019-10-31 10:12:00
4068,182,2018-07-01 12:08:00,2018-12-31 10:51:00
4069,1208,2018-07-01 16:49:00,2019-10-31 11:30:00
4071,454,2018-07-01 17:39:00,2019-10-31 11:37:00
4073,20,2018-07-01 09:46:00,2018-08-31 21:01:00
4075,64,2019-07-01 11:25:00,2019-10-28 15:38:00
4076,174,2019-07-01 07:13:00,2019-10-31 19:53:00
4077,71,2019-07-01 09:05:00,2019-07-31 19:25:00
4078,46,2019-07-05 11:04:00,2019-10-29 15:50:00
4081,58,2019-07-01 07:14:00,2019-10-31 17:31:00
4082,377,2019-07-01 06:07:00,2019-10-31 19:57:00
4083,4464,2010-01-01 14:31:00,2019-10-30 08:11:00
4085,7060,2010-01-01 17:24:00,2019-10-31 20:48:00
4086,3501,2010-01-03 07:52:00,2019-10-31 15:10:00
4087,6845,2010-01-01 08:59:00,2019-10-29 14:30:00
4088,3542,2010-01-02 15:16:00,2019-10-30 16:10:00
4090,2541,2010-01-02 13:43:00,2019-10-30 16:01:00
4091,1344,2010-01-04 09:39:00,2019-10-31 14:11:00
4093,2586,2010-01-09 15:41:00,2019-10-29 14:01:00
4096,2402,2010-01-02 06:48:00,2019-10-31 08:57:00
4097,2491,2010-01-03 14:34:00,2019-10-28 13:45:00
4098,5327,2010-01-01 14:04:00,2019-10-29 17:44:00
4099,5407,2010-01-01 22:24:00,2019-10-31 21:54:00
4100,3296,2010-01-02 14:55:00,2019-10-31 12:50:00
4101,2606,2010-01-03 14:48:00,2019-10-31 08:34:00
4102,2529,2010-01-01 20:35:00,2019-10-26 15:36:00
4103,1935,2010-01-01 07:34:00,2019-10-31 21:21:00
4104,5902,2010-01-01 02:31:00,2019-10-31 07:08:00
4105,1889,2010-01-03 13:51:00,2019-10-30 14:44:00
4106,1080,2010-01-06 19:52:00,2019-10-31 21:02:00
4107,6941,2010-01-01 16:11:00,2019-08-31 10:09:00
4108,1011,2010-01-01 15:04:00,2019-10-29 20:22:00
4109,2574,2010-01-01 12:56:00,2019-10-30 20:56:00
4110,10274,2010-01-01 07:15:00,2019-10-31 15:34:00
4111,3322,2010-01-02 13:17:00,2019-10-28 13:40:00
4112,1247,2010-01-07 06:59:00,2019-10-27 08:38:00
4113,2021,2010-01-01 19:21:00,2019-10-29 13:35:00
4114,2569,2010-01-01 12:44:00,2019-10-30 06:17:00
4115,1153,2010-01-14 18:11:00,2019-10-31 16:41:00
4116,6243,2010-01-02 04:37:00,2019-10-31 04:45:00
4117,2187,2010-01-02 11:56:00,2019-10-30 11:26:00
4118,3416,2010-01-01 11:52:00,2019-10-31 16:20:00
4119,4316,2010-01-01 12:33:00,2019-10-31 10:24:00
4121,8197,2010-01-01 07:20:00,2019-10-31 06:52:00
4122,2168,2010-01-01 06:23:00,2019-10-30 22:26:00
4124,2082,2010-01-01 01:48:00,2019-10-31 13:36:00
4125,1544,2010-01-07 12:54:00,2019-10-29 00:01:00
4126,4003,2010-01-01 09:44:00,2019-10-31 06:21:00
4127,987,2010-01-01 08:22:00,2014-06-29 07:44:00
4132,9550,2010-01-01 10:44:00,2019-10-31 17:52:00
4133,7239,2010-01-01 06:01:00,2019-10-31 16:57:00
4134,5561,2010-01-02 18:25:00,2019-10-31 18:13:00
4136,3047,2010-01-02 08:33:00,2019-10-30 21:03:00
4138,2463,2010-01-02 09:27:00,2019-10-30 23:16:00
4139,1326,2010-01-02 07:07:00,2019-10-29 11:23:00
4141,6759,2010-01-01 22:30:00,2019-10-31 06:45:00
4143,9950,2010-01-01 11:25:00,2019-10-31 13:01:00
4145,3502,2010-01-04 15:18:00,2019-10-31 19:13:00
4146,11448,2010-01-01 07:24:00,2019-10-31 16:54:00
4147,12281,2010-01-01 06:55:00,2019-10-31 22:48:00
4150,3386,2010-01-03 02:33:00,2019-10-31 10:42:00
4151,2200,2010-01-02 13:13:00,2019-02-27 14:39:00
4152,4765,2010-01-01 13:20:00,2019-10-31 13:24:00
4153,331,2010-01-01 09:34:00,2010-10-31 21:03:00
4155,714,2010-01-01 01:41:00,2012-01-31 09:53:00
4156,4632,2010-01-01 09:11:00,2019-10-31 21:21:00
4158,5461,2010-01-01 10:44:00,2019-10-28 17:08:00
4159,4331,2010-01-01 16:21:00,2019-10-31 17:45:00
4161,1687,2010-01-01 08:41:00,2014-12-31 16:07:00
4162,4345,2010-01-01 21:25:00,2019-10-30 13:29:00
4163,1924,2010-01-06 10:47:00,2019-10-31 08:11:00
4164,3056,2010-01-01 06:55:00,2019-10-30 08:50:00
4165,4128,2010-01-02 08:55:00,2019-10-31 09:44:00
4166,9297,2010-01-01 02:22:00,2019-10-31 13:49:00
4167,3385,2010-01-01 13:22:00,2019-10-31 16:27:00
4168,2733,2010-01-03 13:03:00,2019-10-30 04:20:00
4169,7518,2010-01-01 14:34:00,2019-10-31 08:52:00
4170,5020,2010-01-02 07:11:00,2019-10-31 19:08:00
4171,1585,2010-01-01 13:29:00,2014-10-31 19:49:00
4172,34,2010-01-01 11:33:00,2010-02-13 11:19:00
4175,3399,2010-01-01 07:26:00,2019-10-30 19:02:00
4176,893,2010-01-02 09:14:00,2015-05-31 09:45:00
4177,838,2010-01-11 11:05:00,2019-10-22 13:49:00
4179,5778,2010-01-03 16:16:00,2019-10-31 18:58:00
4180,3755,2010-01-01 12:56:00,2019-10-31 08:09:00
4181,1087,2010-01-01 06:43:00,2011-02-28 17:13:00
4182,3942,2010-01-01 23:42:00,2019-10-31 11:32:00
4183,14934,2010-01-01 02:57:00,2019-10-31 20:54:00
4184,7204,2010-01-02 09:43:00,2019-10-31 10:26:00
4185,3617,2010-01-01 12:36:00,2019-10-31 21:50:00
4187,12943,2010-01-01 12:33:00,2019-04-30 16:51:00
4188,3789,2010-01-01 12:45:00,2019-10-31 16:55:00
4189,1485,2010-01-04 09:46:00,2019-10-31 15:53:00
4192,3973,2010-01-03 08:12:00,2019-10-29 14:46:00
4193,1665,2010-01-01 14:37:00,2019-10-27 14:30:00
4194,2460,2010-01-01 05:40:00,2019-10-31 12:28:00
4195,1651,2010-01-01 08:32:00,2019-10-30 22:12:00
4196,327,2010-01-02 14:06:00,2010-08-31 18:55:00
4197,4056,2010-01-01 11:28:00,2019-10-31 19:38:00
4199,3695,2010-01-01 03:03:00,2019-10-28 03:34:00
4201,4459,2010-01-01 08:34:00,2019-10-30 22:56:00
4202,3110,2010-01-01 10:33:00,2019-10-31 15:20:00
4205,5705,2010-01-01 18:37:00,2019-10-31 15:18:00
4207,2620,2010-01-05 15:23:00,2019-10-30 12:32:00
4208,1095,2010-01-01 11:33:00,2019-10-30 21:46:00
4209,1481,2010-01-01 12:30:00,2019-10-28 14:56:00
4210,3856,2010-01-01 11:08:00,2019-10-29 09:43:00
4211,2332,2010-01-02 21:31:00,2019-10-30 19:51:00
4212,6562,2010-01-01 11:47:00,2019-10-31 22:31:00
4213,1461,2010-01-02 18:58:00,2019-10-30 16:25:00
4214,4945,2010-01-01 13:20:00,2019-10-31 11:27:00
4215,1955,2010-01-02 08:41:00,2019-10-27 14:14:00
4217,2848,2010-01-03 02:01:00,2019-10-30 16:13:00
4218,3051,2010-01-01 16:16:00,2019-10-31 15:04:00
4219,3254,2010-01-01 07:48:00,2019-10-31 07:11:00
4220,5869,2010-01-02 01:57:00,2019-10-31 06:30:00
4221,2962,2010-01-01 09:49:00,2019-10-31 08:31:00
4222,4669,2010-01-01 17:01:00,2019-10-31 16:37:00
4223,2072,2010-01-02 13:37:00,2019-10-30 21:23:00
4225,5321,2010-01-01 09:39:00,2019-10-30 16:18:00
4226,616,2010-01-04 20:07:00,2017-03-30 12:51:00
4227,4589,2010-01-01 05:09:00,2019-10-31 22:26:00
4228,4138,2010-01-01 00:43:00,2019-10-31 09:42:00
4229,1459,2010-01-05 14:32:00,2019-10-30 19:24:00
4230,2941,2010-01-02 07:31:00,2019-10-31 17:51:00
4231,2210,2010-01-01 22:13:00,2016-12-30 13:18:00
4232,10398,2010-01-01 05:36:00,2019-10-31 09:10:00
4233,1985,2010-01-02 12:42:00,2019-10-30 15:23:00
4234,6742,2010-01-01 11:41:00,2019-10-31 11:34:00
4235,11954,2010-01-01 08:58:00,2019-10-31 23:19:00
4236,1765,2010-01-02 15:56:00,2019-10-22 07:54:00
4237,10150,2010-01-01 13:31:00,2019-10-30 21:02:00
4239,1830,2010-01-01 08:16:00,2011-11-30 12:57:00
4240,1851,2010-01-01 17:00:00,2019-10-30 06:27:00
4241,7060,2010-01-01 08:00:00,2019-10-31 21:32:00
4242,2475,2010-01-01 15:53:00,2019-10-31 01:41:00
4243,1373,2010-01-02 09:22:00,2014-04-30 06:36:00
4245,3560,2010-01-01 11:47:00,2019-10-31 11:41:00
4246,2319,2010-01-01 11:25:00,2019-10-31 13:27:00
4249,9187,2010-01-01 09:30:00,2019-10-31 10:35:00
4250,14490,2010-01-01 07:17:00,2019-10-31 12:55:00
4251,3637,2010-01-01 11:30:00,2019-10-30 15:36:00
4252,3641,2010-01-01 11:51:00,2019-10-31 17:13:00
4254,1093,2010-01-03 18:17:00,2019-10-27 18:20:00
4257,2969,2010-01-01 09:01:00,2019-10-31 22:20:00
4259,3644,2010-01-04 13:04:00,2019-10-31 17:59:00
4260,9229,2010-01-01 20:17:00,2019-10-30 21:49:00
4261,5175,2010-01-01 02:28:00,2019-10-29 15:47:00
4262,3237,2010-01-05 11:02:00,2019-10-31 06:37:00
4264,3103,2010-01-01 08:55:00,2019-10-31 09:15:00
4266,2116,2010-01-01 11:51:00,2019-10-26 11:40:00
4267,2083,2010-01-02 11:10:00,2019-10-27 12:33:00
4268,3692,2010-01-01 11:41:00,2019-10-31 21:26:00
4270,2043,2010-01-01 10:33:00,2019-10-29 11:24:00
4271,4939,2010-01-01 11:26:00,2019-10-31 20:14:00
4272,1919,2010-01-01 12:15:00,2015-12-31 15:49:00
4273,5445,2010-01-01 22:07:00,2019-10-30 15:27:00
4274,1414,2010-01-01 10:19:00,2019-10-30 18:08:00
4275,4489,2010-01-02 00:11:00,2018-05-30 18:34:00
4276,6235,2010-01-01 10:07:00,2019-10-31 12:29:00
4278,5757,2010-01-01 11:24:00,2019-10-29 22:08:00
4279,379,2010-01-04 09:42:00,2012-12-27 14:59:00
4280,421,2010-01-04 13:02:00,2019-10-25 14:46:00
4281,2640,2010-01-01 01:11:00,2012-12-31 10:44:00
4283,3939,2010-01-01 09:59:00,2019-10-28 12:34:00
4284,4239,2010-01-01 02:39:00,2017-05-28 10:03:00
4286,3986,2010-01-01 08:59:00,2019-10-31 19:39:00
4288,2044,2010-01-01 11:48:00,2019-10-31 11:04:00
4289,4281,2010-01-01 08:36:00,2019-10-31 12:29:00
4290,15038,2010-01-01 04:39:00,2019-10-31 18:10:00
4291,2016,2010-01-01 10:17:00,2019-10-23 19:58:00
4292,1452,2010-01-01 07:03:00,2019-10-30 07:06:00
4293,2008,2010-01-01 00:49:00,2019-10-28 15:19:00
4294,9513,2010-01-01 07:25:00,2019-10-31 20:41:00
4295,3103,2010-01-01 02:00:00,2018-04-30 22:30:00
4296,2758,2010-01-01 17:51:00,2019-10-31 17:31:00
4297,4896,2010-01-01 10:22:00,2019-10-30 15:37:00
4298,2576,2010-01-05 09:32:00,2019-10-31 19:16:00
4299,722,2010-01-04 10:34:00,2019-10-31 20:54:00
4301,1894,2010-01-01 15:13:00,2019-10-31 14:42:00
4302,3480,2010-01-01 11:59:00,2019-10-28 11:39:00
4303,2635,2010-01-03 09:58:00,2018-08-30 03:43:00
4306,2468,2010-01-02 17:51:00,2019-10-29 13:11:00
4307,1479,2010-01-02 13:43:00,2012-11-29 15:46:00
4309,5586,2010-01-01 05:43:00,2019-10-31 11:05:00
4310,5623,2010-01-01 07:57:00,2019-10-31 23:46:00
4311,1673,2010-01-05 15:38:00,2019-10-29 15:45:00
4314,7998,2010-01-01 16:09:00,2019-10-31 16:04:00
4315,4684,2010-01-01 09:24:00,2019-10-31 09:03:00
4316,804,2010-08-03 16:41:00,2019-10-29 15:35:00
4318,4415,2010-08-01 13:03:00,2019-10-31 13:38:00
4319,1038,2010-08-02 13:47:00,2012-01-30 12:53:00
4320,2754,2010-08-01 10:35:00,2018-12-31 18:07:00
4321,3577,2010-08-01 06:27:00,2019-10-31 08:47:00
4322,739,2010-08-03 19:06:00,2013-08-30 12:19:00
4323,3604,2010-08-03 02:04:00,2019-10-31 07:10:00
4324,164,2010-08-03 07:18:00,2011-05-26 17:47:00
4325,3868,2010-08-01 13:19:00,2019-10-31 10:04:00
4326,6913,2010-08-01 08:37:00,2019-10-31 18:37:00
4327,2157,2010-08-01 11:10:00,2019-10-29 14:51:00
4328,1872,2010-08-03 01:43:00,2019-10-29 12:38:00
4329,2292,2010-08-03 08:17:00,2019-10-29 09:09:00
4331,7409,2010-03-10 09:54:00,2019-10-31 15:51:00
4332,4017,2010-08-01 10:07:00,2019-10-30 22:46:00
4333,3539,2010-08-01 10:52:00,2019-10-30 14:04:00
4334,995,2010-08-01 12:42:00,2019-10-28 21:19:00
4335,2165,2010-08-01 10:04:00,2019-10-30 11:14:00
4336,344,2010-08-01 16:22:00,2013-02-26 15:26:00
4337,2619,2010-08-01 14:19:00,2019-10-31 20:20:00
4338,3951,2010-08-01 22:24:00,2019-10-29 23:10:00
4339,5104,2010-08-01 10:25:00,2019-10-31 15:06:00
4340,8655,2010-08-01 17:44:00,2019-10-31 20:55:00
4341,4982,2010-04-25 11:42:00,2019-10-31 13:05:00
4342,4483,2010-06-24 22:02:00,2019-10-31 16:37:00
4343,228,2010-08-01 10:23:00,2011-09-22 14:36:00
4344,2035,2010-08-03 11:31:00,2019-10-29 13:17:00
4345,6080,2010-08-01 03:51:00,2019-10-31 15:36:00
4346,1195,2010-08-03 08:23:00,2013-08-31 10:44:00
4348,2131,2010-08-02 14:12:00,2015-05-31 18:13:00
4350,1524,2010-08-01 10:37:00,2016-04-29 10:54:00
4351,3572,2010-08-01 14:51:00,2019-10-31 00:16:00
4352,2087,2010-08-01 14:20:00,2019-10-31 07:18:00
4353,5565,2010-06-17 03:22:00,2019-10-31 09:10:00
4354,1512,2010-08-04 12:42:00,2019-10-20 10:09:00
4355,1654,2010-08-03 20:45:00,2019-10-28 12:20:00
4356,2197,2011-08-01 21:06:00,2019-10-31 22:35:00
4357,5801,2011-05-04 10:59:00,2019-10-31 23:09:00
4358,3323,2010-02-27 06:22:00,2019-10-30 18:13:00
4359,1567,2011-08-01 06:35:00,2019-10-31 09:55:00
4360,379,2011-08-06 02:02:00,2013-12-30 19:45:00
4361,1019,2011-08-01 15:50:00,2019-10-27 21:31:00
4362,3050,2011-07-27 15:56:00,2019-10-30 20:56:00
4364,3031,2011-08-03 13:35:00,2019-10-28 16:03:00
4367,1283,2011-08-01 13:30:00,2019-10-27 16:57:00
4369,1775,2011-08-02 16:13:00,2019-10-30 16:05:00
4370,1392,2011-08-03 15:31:00,2019-10-30 19:01:00
4371,1455,2011-08-04 07:00:00,2019-10-30 16:56:00
4372,1554,2011-08-02 16:15:00,2019-07-31 12:06:00
4373,2164,2011-08-05 16:09:00,2019-10-31 14:50:00
4376,76,2011-07-31 04:58:00,2011-09-30 15:29:00
4377,25,2011-08-01 06:40:00,2011-10-31 07:20:00
4378,2058,2011-08-01 15:46:00,2019-10-29 06:04:00
4379,3478,2011-08-01 02:13:00,2019-10-31 06:29:00
4381,3016,2011-08-01 08:01:00,2019-10-31 13:30:00
4382,1705,2011-08-03 15:39:00,2018-08-31 21:18:00
4383,1566,2011-08-01 19:29:00,2019-10-31 07:22:00
4384,2981,2011-08-01 15:09:00,2019-10-31 15:13:00
4385,4863,2011-01-19 19:43:00,2019-10-31 19:34:00
4386,2988,2011-08-01 08:35:00,2019-10-30 08:54:00
4387,3308,2012-08-01 11:48:00,2019-10-31 12:24:00
4389,2615,2012-08-02 14:23:00,2019-10-31 12:00:00
4390,1890,2012-08-02 18:06:00,2019-10-31 00:06:00
4391,1015,2012-08-03 08:43:00,2019-10-28 08:43:00
4392,1088,2012-08-01 16:09:00,2019-10-31 04:47:00
4394,3183,2012-08-01 17:54:00,2019-10-30 17:48:00
4396,1167,2012-08-01 06:47:00,2017-05-30 06:56:00
4397,2201,2012-08-01 20:28:00,2019-10-29 20:34:00
4398,3531,2012-08-02 10:26:00,2019-10-30 06:21:00
4399,4037,2012-08-01 15:41:00,2019-10-31 14:49:00
4400,3105,2012-08-02 11:58:00,2017-01-31 18:26:00
4401,1425,2013-08-01 08:39:00,2019-10-30 10:56:00
4402,232,2013-08-04 06:50:00,2015-07-29 06:13:00
4404,2289,2013-07-30 19:03:00,2019-10-31 22:19:00
4405,947,2013-08-08 05:55:00,2019-10-30 15:00:00
4407,1834,2013-08-02 15:36:00,2017-11-29 16:03:00
4409,1213,2013-08-02 07:01:00,2019-10-28 13:45:00
4410,196,2013-08-04 13:06:00,2016-02-17 21:03:00
4411,1350,2013-08-01 15:50:00,2019-10-31 21:32:00
4412,1445,2013-05-19 16:38:00,2019-10-31 22:48:00
4414,2301,2013-05-25 10:31:00,2019-10-28 10:51:00
4416,191,2013-08-01 05:19:00,2013-11-29 16:47:00
4417,1161,2013-01-28 17:47:00,2015-11-30 12:05:00
4418,2716,2013-08-01 11:19:00,2019-10-31 15:44:00
4419,1287,2013-08-01 21:48:00,2019-10-25 10:48:00
4421,1448,2014-07-14 15:14:00,2019-10-31 12:57:00
4422,386,2014-08-16 16:57:00,2019-10-30 16:54:00
4423,1251,2014-08-03 11:32:00,2019-10-31 11:46:00
4424,746,2014-04-24 22:25:00,2019-10-24 02:00:00
4425,4707,2014-08-01 21:14:00,2019-10-31 06:33:00
4426,1910,2014-08-01 06:30:00,2019-10-31 10:54:00
4428,1614,2014-08-03 02:18:00,2019-10-31 09:29:00
4429,1437,2013-04-24 11:12:00,2019-10-27 16:08:00
4431,501,2014-08-02 15:48:00,2017-01-31 03:46:00
4432,890,2014-08-02 19:37:00,2019-10-31 20:15:00
4433,1927,2014-08-01 01:03:00,2019-10-31 16:55:00
4434,1134,2014-08-01 06:11:00,2019-10-31 06:15:00
4435,2143,2014-08-01 13:00:00,2019-08-31 08:14:00
4436,886,2014-08-02 04:10:00,2016-03-31 22:59:00
4437,2128,2014-08-04 11:17:00,2019-10-30 22:01:00
4438,36,2015-02-28 08:58:00,2019-09-16 08:30:00
4440,1453,2014-08-03 12:58:00,2019-10-31 12:46:00
4441,2135,2014-08-02 06:54:00,2018-10-31 12:23:00
4442,797,2014-08-01 16:38:00,2016-09-29 15:40:00
4444,585,2014-08-06 13:43:00,2018-04-30 11:40:00
4445,87,2015-02-09 21:05:00,2015-11-27 12:04:00
4446,944,2015-08-04 07:43:00,2019-10-31 16:18:00
4447,2059,2015-08-02 15:59:00,2018-05-30 12:49:00
4448,2943,2015-08-02 21:43:00,2019-10-31 08:04:00
4449,1498,2015-08-01 12:19:00,2019-10-30 05:10:00
4450,1032,2015-07-17 14:47:00,2019-10-31 13:51:00
4451,2338,2015-08-01 17:59:00,2019-10-31 16:29:00
4452,759,2015-08-01 14:13:00,2019-10-31 11:15:00
4454,353,2016-08-06 14:38:00,2019-10-26 20:31:00
4455,1025,2016-08-01 09:05:00,2019-10-31 21:50:00
4456,1424,2016-08-01 05:23:00,2019-10-30 10:32:00
4457,2979,2016-08-01 10:03:00,2019-10-31 10:47:00
4458,2527,2015-05-24 11:36:00,2019-10-31 17:12:00
4459,891,2016-08-01 14:10:00,2019-10-31 17:25:00
4460,3586,2015-04-10 15:45:00,2019-10-31 10:37:00
4461,826,2017-08-01 10:23:00,2019-01-31 21:32:00
4462,88,2017-08-04 05:33:00,2017-10-30 20:39:00
4463,736,2017-08-01 09:58:00,2019-10-30 10:14:00
4464,1930,2017-08-01 22:34:00,2019-10-30 12:15:00
4465,247,2017-08-02 14:25:00,2019-10-28 11:32:00
4466,215,2017-08-05 11:04:00,2019-10-27 08:51:00
4467,255,2018-08-01 09:56:00,2019-10-30 09:44:00
4468,379,2018-08-03 11:17:00,2019-10-31 16:49:00
4469,170,2018-08-04 09:33:00,2019-10-24 09:40:00
4470,275,2018-08-02 20:01:00,2019-10-31 16:00:00
4472,530,2018-08-01 10:10:00,2019-10-30 20:14:00
4473,825,2018-08-01 16:54:00,2019-10-31 16:41:00
4474,94,2018-08-03 07:09:00,2019-10-30 07:19:00
4475,250,2018-08-02 11:26:00,2019-10-31 13:22:00
4476,858,2018-08-01 14:01:00,2019-10-31 22:19:00
4478,66,2019-08-03 09:46:00,2019-10-31 15:44:00
4480,56,2019-08-01 12:35:00,2019-10-27 22:33:00
4481,212,2019-03-21 15:22:00,2019-10-31 21:45:00
4482,40,2019-08-02 12:56:00,2019-10-31 12:56:00
4484,81,2019-08-01 12:15:00,2019-10-30 09:12:00
4485,145,2019-08-01 17:47:00,2019-10-31 15:29:00
4486,4798,2010-01-02 22:45:00,2019-10-31 15:59:00
4488,1172,2010-01-01 00:56:00,2019-10-31 12:57:00
4489,1280,2010-01-02 21:16:00,2019-10-31 00:41:00
4490,1007,2010-01-03 12:11:00,2019-10-30 17:31:00
4491,2155,2010-01-02 14:49:00,2019-10-28 15:25:00
4492,2639,2010-01-01 08:42:00,2019-10-31 08:56:00
4493,4531,2010-01-02 07:36:00,2019-10-28 12:02:00
4494,1216,2010-01-01 16:19:00,2014-01-31 06:28:00
4495,3103,2010-01-01 21:19:00,2019-10-30 20:18:00
4496,3937,2010-01-02 22:31:00,2019-10-31 16:28:00
4497,2025,2010-01-02 04:15:00,2019-10-27 09:24:00
4498,2118,2010-01-01 07:12:00,2019-10-30 09:52:00
4500,5034,2010-01-02 16:54:00,2019-10-28 16:45:00
4501,3187,2010-01-01 18:07:00,2019-10-31 15:52:00
4502,8379,2010-01-01 21:54:00,2019-10-31 20:49:00
4503,1688,2010-01-02 17:59:00,2019-10-27 15:57:00
4506,2692,2010-01-02 21:02:00,2019-10-30 22:33:00
4508,6318,2010-01-01 07:45:00,2019-10-31 11:50:00
4510,3071,2010-01-02 17:01:00,2019-10-31 08:21:00
4511,2118,2010-01-04 19:56:00,2019-10-27 20:13:00
4512,2081,2010-01-01 20:59:00,2019-10-27 09:31:00
4513,5916,2010-01-01 09:40:00,2019-10-31 12:46:00
4514,653,2010-01-02 22:19:00,2012-10-29 12:38:00
4515,1843,2010-01-04 17:34:00,2019-10-28 07:20:00
4516,3042,2010-01-01 06:29:00,2019-10-31 14:03:00
4517,1053,2010-01-03 15:46:00,2019-10-17 16:09:00
4518,2759,2010-01-01 07:09:00,2019-10-31 09:59:00
4519,2104,2010-01-01 09:04:00,2019-10-30 14:51:00
4520,6708,2010-01-01 20:58:00,2019-10-31 21:37:00
4521,5017,2010-01-01 14:42:00,2019-10-29 08:30:00
4522,3057,2010-01-01 09:56:00,2019-10-30 04:49:00
4523,2220,2010-01-01 08:56:00,2019-10-30 19:01:00
4524,2493,2010-01-02 16:41:00,2019-10-29 10:49:00
4525,1757,2010-01-01 23:39:00,2019-10-31 11:55:00
4526,1527,2010-01-06 14:08:00,2019-10-29 22:10:00
4528,2691,2010-01-01 10:43:00,2019-10-30 06:48:00
4529,727,2010-01-02 15:09:00,2012-11-28 11:08:00
4530,1434,2010-01-03 02:41:00,2019-10-31 15:32:00
4531,4369,2010-01-01 05:15:00,2019-10-31 07:23:00
4532,3087,2010-01-01 03:08:00,2019-10-30 08:52:00
4533,3785,2010-01-01 11:29:00,2019-10-31 08:13:00
4534,3130,2010-01-01 08:41:00,2019-10-31 23:34:00
4535,3436,2010-01-02 17:05:00,2019-10-28 17:55:00
4536,7901,2010-01-01 10:50:00,2019-10-31 10:33:00
4538,2885,2010-01-01 12:58:00,2019-10-31 12:05:00
4539,1010,2010-01-10 20:16:00,2019-10-29 01:19:00
4540,4322,2010-01-01 01:54:00,2019-10-28 20:29:00
4541,7800,2010-01-01 15:07:00,2019-10-31 15:11:00
4542,4731,2010-01-01 13:10:00,2019-10-29 16:47:00
4543,4670,2010-01-01 06:41:00,2019-10-31 06:50:00
4544,4377,2010-01-02 10:08:00,2019-10-31 14:12:00
4546,2416,2010-01-01 07:13:00,2019-10-29 20:36:00
4547,5094,2010-01-01 15:58:00,2019-10-31 20:06:00
4548,5247,2010-01-01 14:17:00,2019-10-31 10:16:00
4549,3225,2010-01-01 15:43:00,2019-10-31 21:33:00
4550,2242,2010-01-01 13:30:00,2019-10-31 09:12:00
4553,4615,2010-01-01 06:20:00,2019-10-31 14:33:00
4555,2435,2010-01-01 22:34:00,2019-10-24 06:54:00
4557,5602,2010-01-01 06:21:00,2019-10-31 23:26:00
4558,3811,2010-01-01 08:14:00,2019-10-31 12:36:00
4559,3714,2010-01-02 00:58:00,2019-10-31 09:43:00
4560,7701,2010-01-01 07:51:00,2019-10-31 16:53:00
4561,2667,2010-01-01 07:33:00,2019-10-30 06:26:00
4563,2883,2010-01-01 12:42:00,2019-10-31 16:10:00
4564,2129,2010-01-01 08:04:00,2014-09-30 18:29:00
4565,14915,2010-01-01 07:02:00,2019-10-31 16:21:00
4566,4960,2010-01-02 12:16:00,2019-10-31 15:42:00
4567,1615,2010-01-14 08:32:00,2019-10-31 23:55:00
4568,2105,2010-01-01 07:05:00,2019-10-30 07:51:00
4570,4042,2010-01-02 11:43:00,2019-10-31 11:48:00
4571,1396,2010-01-01 10:19:00,2019-10-19 16:40:00
4572,12680,2010-01-01 08:31:00,2019-10-31 16:55:00
4573,7550,2010-01-01 06:00:00,2019-10-31 20:36:00
4574,3797,2010-01-01 13:27:00,2019-10-29 11:25:00
4575,3918,2010-01-01 00:02:00,2019-10-31 14:00:00
4576,8835,2010-01-01 19:02:00,2019-10-31 12:24:00
4577,2275,2010-01-01 13:18:00,2019-10-27 12:19:00
4578,537,2010-01-02 14:58:00,2012-09-29 09:44:00
4579,7077,2010-01-01 08:35:00,2019-10-31 14:31:00
4580,3998,2010-01-02 13:58:00,2019-10-31 16:48:00
4581,1681,2010-01-02 20:45:00,2017-05-05 10:55:00
4582,1840,2010-01-01 22:52:00,2019-10-28 15:17:00
4583,951,2010-01-01 07:36:00,2019-10-20 14:26:00
4584,5066,2010-01-01 05:26:00,2019-10-30 22:05:00
4585,4377,2010-01-01 08:51:00,2019-10-31 08:33:00
4586,1554,2010-01-07 00:59:00,2019-10-27 11:05:00
4587,2484,2010-01-01 06:43:00,2019-10-28 13:59:00
4588,5328,2010-01-01 12:01:00,2019-10-31 12:48:00
4590,1191,2010-01-01 08:00:00,2019-10-24 08:25:00
4591,3437,2010-01-01 13:16:00,2019-10-31 13:03:00
4592,3826,2010-01-01 09:20:00,2019-10-31 20:04:00
4594,1346,2010-01-02 09:17:00,2019-10-30 14:42:00
4595,121,2010-01-03 06:23:00,2010-03-31 06:23:00
4597,3861,2010-01-01 08:05:00,2019-10-31 08:15:00
4599,2410,2010-01-01 14:56:00,2019-10-31 14:32:00
4600,649,2010-01-02 14:17:00,2012-06-28 15:12:00
4601,5535,2010-01-01 02:35:00,2015-07-31 16:45:00
4602,1911,2010-01-01 03:56:00,2019-10-31 15:28:00
4604,6456,2010-01-01 08:36:00,2016-12-30 22:40:00
4605,5790,2010-01-01 08:59:00,2019-10-31 13:58:00
4606,3399,2010-01-01 07:42:00,2019-10-31 12:22:00
4607,1856,2010-01-03 00:32:00,2019-10-25 15:16:00
4608,2769,2010-01-01 18:11:00,2019-10-30 13:25:00
4609,3527,2010-01-02 08:15:00,2019-10-31 20:29:00
4611,3567,2010-01-01 07:39:00,2017-08-31 10:49:00
4613,1625,2010-01-01 12:42:00,2019-10-29 06:03:00
4614,5975,2010-01-01 09:33:00,2019-10-31 09:48:00
4615,5120,2010-01-02 12:03:00,2019-10-31 23:21:00
4616,721,2010-01-02 10:02:00,2019-10-22 10:02:00
4617,2708,2010-01-01 14:26:00,2019-10-31 14:35:00
4621,293,2010-01-01 05:55:00,2011-06-28 20:48:00
4622,2025,2010-01-01 05:30:00,2019-10-27 16:14:00
4623,5784,2010-01-01 06:57:00,2017-05-31 13:29:00
4624,1411,2010-01-02 07:31:00,2019-10-31 15:35:00
4625,2450,2010-01-01 12:21:00,2019-10-29 12:36:00
4626,11478,2010-01-01 05:15:00,2019-10-31 19:58:00
4629,4922,2010-01-04 10:30:00,2019-10-31 21:30:00
4632,3729,2010-01-03 06:43:00,2019-10-30 09:18:00
4634,5123,2010-01-01 12:44:00,2019-10-31 06:55:00
4635,2183,2010-01-07 09:12:00,2019-10-31 09:24:00
4636,4254,2010-01-01 18:25:00,2019-10-31 23:31:00
4638,3538,2010-01-01 08:15:00,2019-10-31 13:43:00
4639,5903,2010-01-01 13:10:00,2019-10-28 21:33:00
4641,5904,2010-01-01 12:08:00,2019-10-31 17:43:00
4643,593,2010-01-01 17:31:00,2011-10-31 16:58:00
4644,1654,2010-01-01 19:40:00,2019-10-31 14:56:00
4645,5500,2010-01-01 22:06:00,2019-10-31 14:02:00
4646,2385,2010-01-01 13:01:00,2019-10-30 04:55:00
4647,2273,2010-01-02 00:25:00,2019-10-31 11:46:00
4648,2535,2010-01-02 16:41:00,2013-07-30 22:24:00
4649,3806,2010-01-02 06:33:00,2019-10-31 11:25:00
4650,2585,2010-01-05 11:27:00,2017-10-29 13:46:00
4652,5274,2010-01-01 11:58:00,2019-10-31 16:15:00
4653,4773,2010-01-01 10:12:00,2019-10-31 19:49:00
4655,1202,2010-01-09 08:23:00,2019-10-25 21:14:00
4657,657,2010-01-04 10:24:00,2019-10-31 09:34:00
4660,3189,2010-01-01 06:38:00,2019-10-28 07:24:00
4661,3714,2010-01-01 11:01:00,2019-10-31 11:08:00
4662,4206,2010-01-01 06:10:00,2019-10-31 06:01:00
4663,11277,2010-01-01 07:42:00,2019-10-31 18:54:00
4666,1277,2010-01-01 05:19:00,2019-10-30 13:19:00
4667,1308,2010-01-01 02:22:00,2019-10-31 11:36:00
4668,1873,2010-01-06 12:47:00,2019-10-30 20:58:00
4669,1889,2010-01-01 16:30:00,2019-10-30 22:57:00
4670,1261,2010-01-03 20:49:00,2019-10-28 11:58:00
4671,2200,2010-01-01 10:35:00,2019-10-31 16:51:00
4672,4564,2010-01-01 06:09:00,2015-06-30 19:54:00
4673,437,2010-01-01 04:13:00,2010-11-30 04:00:00
4674,2840,2010-01-01 02:15:00,2019-10-29 21:58:00
4675,2545,2010-01-01 08:22:00,2019-10-30 08:32:00
4676,2846,2010-01-02 04:46:00,2019-10-31 16:27:00
4678,2308,2010-01-02 07:28:00,2019-10-31 12:21:00
4679,1186,2010-01-01 21:21:00,2016-08-30 12:49:00
4680,2973,2010-01-01 06:16:00,2019-10-27 06:50:00
4681,2455,2010-01-01 16:38:00,2019-10-30 13:31:00
4683,4499,2010-01-02 19:39:00,2019-10-31 22:29:00
4684,158,2010-01-05 22:48:00,2011-01-31 23:52:00
4685,11407,2010-01-01 09:04:00,2019-10-31 16:56:00
4686,3637,2010-01-01 01:06:00,2019-10-31 15:44:00
4687,6520,2010-01-01 12:05:00,2016-03-31 16:47:00
4689,11515,2010-01-01 07:38:00,2019-09-30 21:13:00
4690,4140,2010-01-01 02:05:00,2019-10-29 17:40:00
4691,1500,2010-01-02 09:34:00,2019-10-24 16:00:00
4692,2760,2010-01-01 06:04:00,2016-07-28 12:51:00
4693,2589,2010-01-01 10:04:00,2019-10-31 07:43:00
4694,1765,2010-01-01 11:00:00,2012-12-31 14:35:00
4695,3386,2010-01-01 14:29:00,2014-02-28 18:57:00
4696,2496,2010-01-01 12:51:00,2019-10-29 00:52:00
4698,1810,2010-01-02 12:05:00,2019-10-31 12:28:00
4700,2749,2010-01-01 18:47:00,2019-10-30 21:49:00
4701,2720,2010-01-01 22:14:00,2019-10-31 21:33:00
4702,2741,2010-01-01 09:35:00,2019-10-31 20:18:00
4703,939,2010-01-01 09:07:00,2019-10-22 12:23:00
4704,6521,2010-01-01 07:09:00,2019-10-31 08:34:00
4705,3100,2010-01-02 08:30:00,2019-10-30 11:16:00
4706,7232,2010-01-01 04:45:00,2019-10-31 07:49:00
4707,4974,2010-01-01 19:08:00,2019-10-31 10:16:00
4708,3958,2010-01-01 22:40:00,2019-10-30 20:51:00
4709,2376,2010-01-02 13:27:00,2019-10-29 16:47:00
4710,6794,2010-01-01 02:12:00,2019-10-31 11:59:00
4711,6095,2010-01-01 11:36:00,2019-10-31 11:50:00
4712,1687,2010-01-04 16:07:00,2019-10-30 08:19:00
4713,2228,2010-01-01 13:52:00,2019-10-31 18:16:00
4714,602,2010-01-01 13:25:00,2015-04-26 12:28:00
4715,7637,2010-01-01 09:41:00,2019-10-31 16:56:00
4716,4808,2010-01-01 06:26:00,2019-10-30 14:19:00
4717,5738,2010-01-01 00:34:00,2019-10-31 12:46:00
4718,5991,2010-01-01 16:44:00,2019-10-31 19:48:00
4719,1880,2010-01-06 16:33:00,2019-01-30 12:37:00
4722,1463,2010-01-01 10:48:00,2019-10-31 16:39:00
4723,3684,2010-01-01 10:36:00,2019-10-31 12:08:00
4724,994,2010-01-05 09:06:00,2019-10-28 09:13:00
4725,2651,2010-01-01 04:38:00,2019-10-29 04:54:00
4726,197,2010-01-02 09:25:00,2010-09-28 15:51:00
4727,143,2010-01-01 20:48:00,2010-10-31 19:17:00
4728,2879,2010-01-01 14:08:00,2019-10-28 14:18:00
4729,2077,2010-01-01 11:06:00,2019-10-30 16:27:00
4730,4674,2010-01-01 02:33:00,2019-10-31 19:20:00
4731,3358,2010-01-01 12:08:00,2019-10-31 06:59:00
4734,5566,2010-01-01 12:54:00,2019-10-31 19:12:00
4735,3466,2010-01-01 12:34:00,2019-10-29 08:38:00
4736,3407,2010-01-01 06:30:00,2019-10-31 13:25:00
4737,4906,2010-01-02 15:42:00,2016-05-31 08:58:00
4738,1117,2010-01-04 11:22:00,2019-10-31 11:26:00
4740,960,2010-01-06 16:56:00,2014-02-27 16:58:00
4741,5233,2010-01-02 12:11:00,2016-07-31 21:06:00
4742,2343,2010-01-01 17:53:00,2019-10-31 14:44:00
4743,1251,2010-01-01 08:36:00,2019-10-27 10:18:00
4744,1007,2010-01-02 09:51:00,2012-12-28 22:34:00
4746,6093,2010-01-02 12:22:00,2019-10-31 19:51:00
4747,6731,2010-01-01 18:10:00,2019-10-31 17:46:00
4748,5137,2010-01-01 11:48:00,2019-10-29 08:12:00
4750,5552,2010-01-01 09:27:00,2019-10-31 21:00:00
4751,1665,2010-01-02 13:24:00,2019-10-30 13:19:00
4752,4056,2010-01-01 05:20:00,2019-10-29 09:28:00
4753,3828,2010-01-01 15:25:00,2019-10-30 18:40:00
4754,1603,2010-01-07 11:11:00,2019-10-24 05:07:00
4755,6612,2010-01-01 01:22:00,2019-10-31 13:50:00
4756,2443,2010-03-13 12:20:00,2019-10-31 22:20:00
4757,1367,2010-09-01 11:20:00,2019-10-30 10:40:00
4758,2806,2010-09-01 11:07:00,2019-10-30 07:29:00
4759,317,2010-09-04 12:02:00,2012-01-31 18:26:00
4760,2216,2010-09-02 14:12:00,2019-10-31 14:51:00
4761,6710,2010-09-01 12:14:00,2019-10-31 13:33:00
4764,2456,2010-09-02 02:27:00,2019-10-30 21:34:00
4765,855,2010-09-01 16:50:00,2019-10-11 11:09:00
4766,2326,2010-09-03 16:30:00,2019-10-31 17:36:00
4768,3576,2010-09-02 13:51:00,2019-10-31 08:33:00
4769,3301,2010-09-01 18:30:00,2019-10-30 19:19:00
4770,1599,2010-09-11 07:17:00,2019-10-31 06:00:00
4771,5652,2010-06-19 06:19:00,2019-10-31 16:20:00
4774,2215,2010-09-02 06:48:00,2019-10-30 21:57:00
4775,1223,2010-09-01 21:03:00,2019-10-30 14:28:00
4776,609,2010-06-17 20:16:00,2019-10-29 14:35:00
4778,5428,2010-09-01 08:07:00,2019-10-30 21:48:00
4780,3089,2010-09-01 04:14:00,2019-10-28 09:47:00
4781,6087,2010-09-01 18:20:00,2019-10-31 20:48:00
4782,3723,2010-02-04 10:24:00,2019-10-30 21:27:00
4783,4448,2010-09-01 07:05:00,2019-10-30 18:32:00
4784,1082,2010-09-06 20:24:00,2019-10-23 08:13:00
4785,2617,2010-08-07 09:34:00,2015-02-27 21:05:00
4786,2317,2010-09-02 10:13:00,2019-10-31 10:27:00
4787,10188,2010-09-01 06:11:00,2019-10-31 10:42:00
4788,6476,2010-09-01 06:41:00,2019-10-30 19:04:00
4789,2724,2010-09-01 03:33:00,2019-10-31 08:42:00
4790,4396,2010-09-02 17:29:00,2018-09-29 15:38:00
4791,7207,2010-09-01 08:42:00,2019-08-31 12:10:00
4793,2287,2010-09-01 16:16:00,2019-10-29 21:24:00
4794,3900,2010-09-01 10:19:00,2019-10-31 13:04:00
4795,1283,2010-04-30 18:18:00,2019-10-30 08:12:00
4796,6364,2010-04-30 20:41:00,2019-10-31 07:21:00
4797,1288,2010-09-01 11:50:00,2019-10-29 16:27:00
4799,1728,2010-09-01 09:22:00,2019-10-27 09:18:00
4800,794,2010-09-03 08:54:00,2019-10-29 08:55:00
4803,91,2010-09-01 10:43:00,2010-10-31 12:04:00
4804,4370,2010-09-01 08:02:00,2019-10-31 20:47:00
4805,4011,2010-09-01 09:02:00,2019-10-31 20:11:00
4806,913,2011-08-21 05:03:00,2019-10-28 23:21:00
4807,913,2011-09-15 15:25:00,2019-10-27 23:02:00
4808,6559,2011-09-01 20:23:00,2019-10-31 20:23:00
4810,2134,2011-09-01 19:28:00,2019-10-31 16:26:00
4811,3302,2011-09-01 10:54:00,2019-10-31 23:18:00
4812,414,2011-09-01 06:30:00,2012-06-30 06:53:00
4813,1159,2011-09-01 20:05:00,2016-08-28 16:11:00
4814,1571,2011-09-01 02:05:00,2019-10-31 08:12:00
4815,6354,2011-09-02 03:36:00,2019-10-31 04:06:00
4816,2084,2011-08-30 21:53:00,2019-10-31 09:34:00
4817,8977,2011-09-01 10:28:00,2019-01-31 18:46:00
4818,3405,2011-03-10 21:59:00,2019-10-25 17:29:00
4819,3755,2011-08-25 15:26:00,2019-10-31 12:47:00
4820,1449,2011-09-02 06:37:00,2016-03-31 22:21:00
4821,871,2011-09-01 13:18:00,2014-10-28 23:51:00
4822,2327,2011-09-01 06:34:00,2019-10-31 10:43:00
4824,1897,2011-04-26 15:24:00,2019-10-30 12:49:00
4825,1125,2011-09-03 10:47:00,2019-10-31 21:50:00
4826,3648,2011-09-02 21:05:00,2019-10-30 21:23:00
4828,1437,2011-09-01 10:57:00,2019-10-31 07:01:00
4830,581,2011-09-01 06:47:00,2015-01-06 02:59:00
4831,3728,2012-07-17 14:08:00,2019-10-31 10:58:00
4833,4015,2012-09-01 15:22:00,2019-10-31 13:07:00
4834,972,2012-09-04 15:04:00,2019-10-28 09:11:00
4835,963,2012-09-01 14:30:00,2019-10-27 14:44:00
4837,437,2012-09-02 00:11:00,2014-12-31 13:51:00
4838,601,2012-09-01 08:14:00,2013-09-29 09:03:00
4839,1109,2012-09-01 07:06:00,2019-10-30 07:13:00
4840,6458,2012-09-01 07:48:00,2019-10-30 07:49:00
4841,1648,2012-09-01 20:24:00,2019-10-29 20:25:00
4842,2605,2012-09-02 01:49:00,2019-10-31 02:02:00
4844,1040,2012-09-01 06:09:00,2019-10-28 05:48:00
4845,3177,2012-09-01 09:17:00,2019-10-30 14:50:00
4846,2076,2013-08-05 14:07:00,2019-10-30 12:59:00
4847,1311,2013-09-01 09:12:00,2019-10-30 18:07:00
4848,2030,2013-09-01 06:21:00,2019-10-31 08:04:00
4849,1835,2013-09-01 16:58:00,2019-10-31 13:43:00
4851,6095,2013-09-01 08:18:00,2019-10-31 12:16:00
4852,3605,2013-09-01 11:41:00,2019-10-31 19:18:00
4853,763,2013-09-01 00:02:00,2014-11-30 21:34:00
4854,470,2013-09-02 13:04:00,2014-12-31 11:42:00
4855,403,2013-07-29 12:12:00,2016-04-30 07:05:00
4856,5230,2013-09-01 11:19:00,2019-10-31 20:33:00
4857,1435,2013-08-15 13:30:00,2017-02-28 20:43:00
4858,2647,2013-09-01 10:31:00,2019-10-30 17:15:00
4859,3951,2013-09-01 22:52:00,2019-10-31 22:13:00
4860,2647,2013-09-02 12:17:00,2019-10-30 16:04:00
4861,2361,2013-05-01 18:21:00,2019-10-31 12:27:00
4862,725,2013-09-01 11:16:00,2019-05-29 11:18:00
4863,786,2013-09-04 11:59:00,2018-04-27 11:41:00
4864,1371,2013-09-04 07:25:00,2019-10-26 14:27:00
4866,1288,2013-09-01 06:05:00,2017-12-30 13:27:00
4867,579,2013-09-01 20:31:00,2015-01-31 08:11:00
4868,1268,2013-09-02 10:56:00,2019-10-30 14:55:00
4869,1436,2014-06-17 17:09:00,2019-10-30 17:11:00
4870,1368,2014-09-01 06:28:00,2019-10-31 06:45:00
4871,2255,2014-09-01 10:06:00,2019-10-31 18:58:00
4872,599,2014-09-02 22:05:00,2019-10-30 21:03:00
4873,1038,2014-09-01 11:08:00,2019-10-30 21:18:00
4874,974,2014-09-03 19:06:00,2019-10-28 14:43:00
4876,5147,2014-09-01 07:14:00,2019-10-31 07:15:00
4877,3754,2014-02-08 02:56:00,2019-10-31 18:28:00
4878,309,2014-09-01 06:15:00,2014-11-30 11:19:00
4879,8599,2014-09-01 05:20:00,2019-10-31 05:18:00
4880,1490,2014-09-02 15:09:00,2019-10-31 10:21:00
4881,1353,2015-05-28 17:42:00,2019-10-29 07:44:00
4882,3013,2015-08-12 21:03:00,2019-10-31 16:53:00
4886,790,2015-09-02 10:12:00,2019-10-31 16:47:00
4888,204,2015-09-07 15:40:00,2019-10-17 00:37:00
4889,843,2015-09-01 09:01:00,2019-10-31 07:23:00
4890,484,2015-09-01 12:52:00,2016-08-31 16:20:00
4891,634,2015-08-27 17:43:00,2019-10-29 18:22:00
4892,592,2015-09-01 21:41:00,2019-10-31 07:11:00
4893,1121,2015-09-01 13:26:00,2019-10-29 15:47:00
4894,2455,2016-09-01 07:36:00,2019-10-31 22:07:00
4896,1276,2016-07-30 16:48:00,2019-10-31 11:19:00
4897,910,2016-09-01 14:19:00,2019-10-31 14:08:00
4898,652,2016-09-03 08:39:00,2019-10-29 10:55:00
4899,1550,2016-09-02 10:29:00,2019-10-31 10:16:00
4900,220,2016-09-02 08:24:00,2017-09-30 08:10:00
4901,1104,2016-09-01 14:50:00,2019-10-30 19:24:00
4902,853,2017-09-02 07:45:00,2019-10-29 13:55:00
4905,842,2017-09-02 07:06:00,2019-10-30 08:59:00
4906,757,2017-09-01 14:52:00,2019-10-30 22:29:00
4908,210,2017-09-05 07:29:00,2019-10-31 14:12:00
4909,112,2017-09-02 23:42:00,2017-12-31 08:43:00
4913,559,2017-09-03 22:07:00,2019-10-31 10:43:00
4914,1133,2017-09-01 10:21:00,2019-10-29 20:43:00
4915,111,2017-09-01 20:39:00,2017-12-31 09:40:00
4918,944,2018-09-01 07:47:00,2019-10-31 22:07:00
4920,799,2018-07-20 14:52:00,2019-10-31 21:31:00
4921,22,2019-07-10 22:16:00,2019-10-30 11:05:00
4922,30,2019-09-02 12:29:00,2019-10-29 07:14:00
4923,22,2019-09-08 07:06:00,2019-10-26 06:51:00
4924,29,2019-09-02 09:45:00,2019-10-31 13:11:00
4926,53,2019-09-02 05:25:00,2019-10-31 09:01:00
4927,36,2019-09-02 08:09:00,2019-10-30 05:46:00
4928,2087,2010-01-01 20:32:00,2019-10-31 14:20:00
4929,5226,2010-01-01 15:00:00,2019-10-31 10:02:00
4930,4723,2010-01-01 08:43:00,2019-10-31 07:05:00
4931,760,2010-01-03 01:53:00,2019-10-26 01:40:00
4932,3084,2010-01-06 13:40:00,2019-10-31 09:00:00
4933,948,2010-01-05 15:36:00,2019-10-13 06:12:00
4934,3788,2010-01-02 19:00:00,2019-10-31 07:08:00
4935,854,2010-01-01 13:28:00,2019-10-26 13:22:00
4936,1059,2010-01-04 07:14:00,2019-10-24 19:22:00
4937,4639,2010-01-02 12:38:00,2019-10-31 21:24:00
4938,31552,2010-01-01 02:17:00,2019-10-31 18:07:00
4940,2349,2010-01-01 16:47:00,2019-10-31 21:25:00
4941,795,2010-01-01 10:21:00,2019-10-20 10:59:00
4942,3449,2010-01-01 14:41:00,2019-10-26 03:29:00
4943,1336,2010-01-05 16:02:00,2019-10-26 16:08:00
4944,6219,2010-01-01 08:50:00,2019-10-30 16:23:00
4945,3967,2010-01-01 16:50:00,2019-10-31 10:49:00
4946,6620,2010-01-01 17:13:00,2019-10-30 09:30:00
4947,3067,2010-01-01 06:30:00,2019-10-28 07:56:00
4948,11396,2010-01-01 07:44:00,2019-10-31 16:53:00
4949,12340,2010-01-01 13:51:00,2019-10-31 18:58:00
4950,6889,2010-01-02 18:02:00,2019-10-31 17:10:00
4952,3488,2010-01-01 18:51:00,2019-10-31 11:59:00
4954,2269,2010-01-01 12:23:00,2014-09-30 15:28:00
4955,1242,2010-01-01 10:45:00,2019-10-27 10:19:00
4956,2688,2010-01-01 10:42:00,2019-10-30 17:27:00
4957,3357,2010-01-01 11:26:00,2019-10-31 19:04:00
4958,6290,2010-01-01 08:43:00,2019-10-31 11:13:00
4959,2073,2010-01-01 10:46:00,2019-10-31 09:23:00
4960,8679,2010-01-01 06:47:00,2019-10-31 21:26:00
4962,7531,2010-01-01 06:53:00,2019-10-30 19:48:00
4963,1657,2010-01-02 15:24:00,2019-10-30 14:17:00
4964,2499,2010-01-01 13:30:00,2019-10-31 07:33:00
4965,1556,2010-01-01 06:55:00,2019-10-31 16:34:00
4967,2458,2010-01-01 06:11:00,2019-10-31 13:44:00
4968,2413,2010-01-03 11:04:00,2019-03-31 12:29:00
4969,8339,2010-01-01 14:02:00,2019-10-31 16:52:00
4971,2424,2010-01-02 10:42:00,2019-10-31 10:13:00
4973,5839,2010-01-01 11:42:00,2018-02-28 15:38:00
4974,4023,2010-01-01 17:11:00,2019-10-31 17:19:00
4976,10705,2010-01-01 05:48:00,2019-10-31 16:53:00
4977,3846,2010-01-01 11:45:00,2019-10-31 18:19:00
4979,1710,2010-01-03 12:13:00,2019-10-23 22:03:00
4980,15037,2010-01-01 11:32:00,2019-10-31 14:52:00
4981,7350,2010-01-01 06:35:00,2019-10-31 21:02:00
4982,5592,2010-01-01 08:58:00,2019-10-31 20:58:00
4983,3716,2010-01-01 07:38:00,2019-10-31 12:30:00
4984,4992,2010-01-02 11:26:00,2019-10-31 14:49:00
4985,4150,2010-01-01 06:02:00,2016-05-06 15:50:00
4986,2145,2010-01-01 11:53:00,2019-10-31 10:28:00
4990,3264,2010-01-01 13:09:00,2019-10-31 10:05:00
4991,1558,2010-01-06 11:42:00,2019-10-31 15:39:00
4992,404,2010-01-27 13:51:00,2019-10-09 22:58:00
4993,13173,2010-01-01 06:03:00,2019-10-31 12:04:00
4994,1002,2010-01-11 18:07:00,2019-10-31 05:56:00
4995,1652,2010-01-01 15:10:00,2019-10-30 17:37:00
4997,4996,2010-01-01 12:31:00,2019-10-31 12:57:00
4998,2308,2010-01-02 10:56:00,2019-10-31 11:46:00
4999,2220,2010-01-04 09:29:00,2019-10-31 09:08:00
5000,1656,2010-01-06 15:02:00,2019-10-31 19:56:00
5001,12031,2010-01-01 10:21:00,2019-10-31 23:54:00
5002,92,2010-01-04 06:15:00,2010-08-28 20:36:00
5003,12986,2010-01-01 06:59:00,2019-10-31 15:23:00
5004,1580,2010-01-01 14:19:00,2013-08-29 13:45:00
5005,2190,2010-01-05 09:38:00,2019-10-30 13:25:00
5006,1832,2010-01-02 14:59:00,2019-10-29 14:49:00
5007,377,2010-01-01 20:14:00,2011-04-04 11:18:00
5009,6229,2010-01-01 17:49:00,2019-10-30 17:38:00
5010,2729,2010-01-02 09:22:00,2018-07-30 08:37:00
5011,2538,2010-01-12 04:13:00,2019-10-31 18:28:00
5012,6087,2010-01-02 13:11:00,2019-10-31 15:39:00
5013,9005,2010-01-01 09:41:00,2019-10-31 19:05:00
5014,4541,2010-01-01 09:44:00,2019-10-30 09:16:00
5015,2532,2010-01-01 15:14:00,2019-10-31 08:47:00
5016,6479,2010-01-01 17:45:00,2019-10-28 18:39:00
5017,3603,2010-01-05 05:52:00,2019-10-30 06:46:00
5018,1674,2010-01-01 18:04:00,2019-10-29 12:46:00
5022,2155,2010-01-05 11:06:00,2019-10-29 11:28:00
5023,2938,2010-01-02 14:35:00,2019-10-31 18:59:00
5024,2234,2010-01-03 11:15:00,2019-10-31 14:55:00
5025,1593,2010-01-03 04:50:00,2019-10-29 04:41:00
5026,636,2010-01-13 13:23:00,2019-10-24 13:03:00
5027,7382,2010-01-01 09:03:00,2019-10-31 09:23:00
5029,2909,2010-01-01 18:36:00,2018-09-30 18:57:00
5030,3304,2010-01-04 04:54:00,2019-10-28 10:06:00
5031,3130,2010-01-01 12:10:00,2019-10-31 20:24:00
5032,1941,2010-01-01 19:04:00,2019-10-31 19:13:00
5033,4381,2010-01-04 06:50:00,2019-10-31 06:30:00
5034,5137,2010-01-01 07:42:00,2018-02-27 14:07:00
5036,2092,2010-01-01 13:11:00,2012-04-30 21:05:00
5037,932,2010-01-03 14:04:00,2014-09-30 17:27:00
5038,6376,2010-01-01 07:09:00,2019-10-30 17:21:00
5039,1586,2010-01-05 13:06:00,2019-10-29 10:43:00
5040,2646,2010-01-01 10:34:00,2019-10-31 13:54:00
5041,152,2010-01-01 16:09:00,2010-08-05 11:59:00
5042,4359,2010-01-01 11:33:00,2019-10-31 08:07:00
5043,1522,2010-01-02 11:42:00,2013-10-27 11:26:00
5045,1730,2010-01-02 07:47:00,2019-10-28 06:20:00
5046,7703,2010-01-01 06:06:00,2019-10-31 07:58:00
5047,1649,2010-01-01 09:57:00,2019-10-28 14:48:00
5048,7962,2010-01-01 07:18:00,2019-10-31 19:44:00
5049,1307,2010-01-01 11:12:00,2019-09-25 07:22:00
5050,3676,2010-01-01 08:50:00,2019-10-31 05:52:00
5051,176,2010-01-16 06:32:00,2012-03-31 06:27:00
5052,2399,2010-01-01 06:09:00,2019-10-31 07:17:00
5053,5057,2010-01-01 13:24:00,2019-10-31 14:28:00
5056,4590,2010-01-01 08:27:00,2019-10-31 14:06:00
5057,1484,2010-01-06 12:46:00,2019-10-31 07:48:00
5058,2754,2010-01-03 01:44:00,2019-10-31 07:15:00
5060,1443,2010-01-03 08:29:00,2019-10-30 08:00:00
5061,6682,2010-01-01 00:23:00,2019-10-31 12:08:00
5062,2878,2010-01-02 22:05:00,2019-10-30 17:22:00
5063,2917,2010-01-01 08:23:00,2019-10-31 07:28:00
5064,2575,2010-01-02 13:55:00,2019-10-31 16:10:00
5066,2044,2010-01-01 04:18:00,2019-10-30 20:53:00
5069,2718,2010-01-01 23:02:00,2019-10-30 16:37:00
5070,1781,2010-01-01 12:35:00,2013-12-31 08:12:00
5071,2191,2010-01-01 13:27:00,2019-10-26 21:39:00
5072,1806,2010-01-02 16:54:00,2019-10-31 06:37:00
5073,4085,2010-01-01 15:14:00,2019-10-04 14:22:00
5074,7654,2010-01-01 07:17:00,2019-10-31 07:39:00
5075,3801,2010-01-01 19:40:00,2019-10-30 04:10:00
5076,867,2010-01-02 12:57:00,2019-10-26 15:16:00
5078,2578,2010-01-01 06:27:00,2019-10-31 12:06:00
5079,4676,2010-01-01 16:14:00,2019-10-31 09:23:00
5080,3786,2010-01-01 10:24:00,2019-10-31 11:28:00
5082,2180,2010-01-04 09:14:00,2019-10-31 23:28:00
5084,2307,2010-01-01 18:54:00,2019-10-28 20:23:00
5086,3829,2010-01-01 09:17:00,2019-10-31 07:49:00
5087,57,2010-01-01 09:16:00,2010-03-03 08:50:00
5088,4374,2010-01-01 12:19:00,2019-03-31 20:51:00
5089,3272,2010-01-01 07:28:00,2019-10-31 10:27:00
5090,11536,2010-01-01 07:37:00,2019-10-31 18:16:00
5091,2405,2010-01-01 20:47:00,2019-10-31 10:40:00
5093,2417,2010-01-03 06:32:00,2019-10-31 22:24:00
5096,620,2010-01-01 12:06:00,2011-03-31 12:01:00
5097,3969,2010-01-01 05:38:00,2019-10-31 10:47:00
5098,1600,2010-01-06 13:17:00,2019-10-29 13:07:00
5099,2896,2010-01-01 15:36:00,2019-10-29 07:22:00
5100,1499,2010-01-04 07:31:00,2019-10-29 07:50:00
5101,3790,2010-01-02 07:26:00,2019-10-29 08:47:00
5102,4419,2010-01-01 06:03:00,2019-10-31 06:36:00
5103,1029,2010-01-05 14:31:00,2019-10-27 22:50:00
5104,3648,2010-01-01 08:05:00,2019-10-31 09:30:00
5105,1207,2010-01-02 13:30:00,2019-10-31 12:22:00
5106,579,2010-01-03 06:49:00,2014-09-26 16:22:00
5107,5016,2010-01-01 06:49:00,2019-10-29 19:28:00
5108,4401,2010-01-05 02:49:00,2019-10-31 11:17:00
5109,10440,2010-01-01 14:38:00,2019-10-31 16:54:00
5110,4502,2010-01-03 09:29:00,2019-10-31 02:25:00
5111,2024,2010-01-01 08:29:00,2019-10-31 08:22:00
5112,2484,2010-01-01 18:33:00,2019-10-31 19:32:00
5113,1877,2010-01-01 04:21:00,2019-10-30 13:10:00
5114,3592,2010-01-01 08:44:00,2019-10-31 09:00:00
5115,3427,2010-01-02 09:20:00,2019-10-31 21:10:00
5116,15711,2010-01-01 06:10:00,2019-10-31 16:29:00
5117,1998,2010-01-04 07:31:00,2019-10-31 10:54:00
5118,2488,2010-01-01 18:48:00,2019-10-31 15:56:00
5119,1240,2010-01-02 17:53:00,2017-07-30 15:10:00
5120,4134,2010-01-02 14:42:00,2019-10-31 14:53:00
5121,4137,2010-01-01 17:48:00,2019-10-30 09:47:00
5122,1837,2010-01-01 16:22:00,2019-10-24 23:13:00
5123,10484,2010-01-03 09:53:00,2019-10-31 10:43:00
5124,3117,2010-01-05 08:31:00,2019-10-30 20:15:00
5125,4371,2010-01-01 04:51:00,2019-10-30 16:11:00
5126,2909,2010-01-02 11:47:00,2015-06-30 08:16:00
5127,1658,2010-01-03 11:21:00,2019-10-26 15:18:00
5128,1104,2010-01-01 11:40:00,2019-10-29 18:44:00
5129,7020,2010-01-01 10:09:00,2019-10-31 09:46:00
5130,8825,2010-01-01 10:32:00,2019-10-30 15:15:00
5131,7504,2010-01-01 00:21:00,2019-10-31 09:28:00
5132,2245,2010-01-06 10:26:00,2019-10-31 14:17:00
5133,5372,2010-01-02 18:15:00,2019-07-31 14:01:00
5134,2658,2010-01-02 13:15:00,2019-10-31 13:54:00
5135,2543,2010-01-01 08:26:00,2019-10-29 15:33:00
5136,3154,2010-01-02 11:21:00,2019-10-31 09:39:00
5138,2292,2010-01-01 12:26:00,2019-09-03 23:27:00
5139,3867,2010-01-01 17:44:00,2019-10-31 15:38:00
5140,6340,2010-01-01 09:55:00,2019-10-31 08:48:00
5142,7361,2010-01-01 11:05:00,2019-10-31 19:33:00
5144,7256,2010-01-01 14:32:00,2019-10-29 14:30:00
5146,11535,2010-01-01 08:43:00,2019-10-31 21:06:00
5147,12996,2010-01-01 16:32:00,2019-10-31 13:07:00
5148,6014,2010-01-01 11:36:00,2019-10-31 11:21:00
5149,9356,2010-01-01 06:07:00,2019-10-31 10:38:00
5151,6092,2010-01-01 10:44:00,2019-10-29 05:13:00
5152,2118,2010-01-05 09:28:00,2019-10-31 09:48:00
5153,6599,2010-01-01 07:43:00,2019-10-31 18:02:00
5154,2985,2010-01-01 02:44:00,2019-10-30 14:34:00
5155,4103,2010-01-02 17:36:00,2019-10-28 22:43:00
5156,10108,2010-01-01 16:12:00,2019-04-30 11:59:00
5157,1065,2010-01-03 11:27:00,2019-10-29 11:28:00
5158,2997,2010-01-03 14:47:00,2019-10-31 18:34:00
5159,568,2010-01-01 07:11:00,2019-10-27 06:14:00
5160,4019,2010-01-01 12:06:00,2015-06-30 16:06:00
5161,2356,2010-01-04 21:51:00,2019-10-28 21:46:00
5162,10314,2010-01-01 07:05:00,2019-10-31 13:28:00
5163,3889,2010-01-01 14:17:00,2019-10-31 07:26:00
5164,3524,2010-01-01 11:35:00,2019-10-27 07:24:00
5165,2837,2010-01-01 12:30:00,2019-10-31 21:56:00
5167,7973,2010-01-01 10:29:00,2019-10-31 23:33:00
5168,7004,2010-01-01 23:14:00,2019-10-31 23:24:00
5170,1108,2010-01-02 03:41:00,2016-03-29 15:59:00
5171,892,2010-01-02 11:17:00,2019-01-28 06:36:00
5172,5307,2010-01-03 14:03:00,2019-10-31 11:52:00
5173,8718,2010-01-01 10:35:00,2019-10-31 14:05:00
5174,5666,2010-01-01 21:12:00,2019-10-31 16:28:00
5175,9328,2010-01-01 10:59:00,2019-10-31 17:48:00
5176,4107,2010-01-01 14:49:00,2019-10-31 08:46:00
5177,3005,2010-01-02 01:12:00,2019-10-31 18:37:00
5178,2462,2010-01-03 14:08:00,2019-10-31 23:52:00
5179,19305,2010-01-01 10:32:00,2019-10-31 16:57:00
5180,2159,2010-01-01 11:16:00,2019-10-30 16:43:00
5181,1339,2010-01-01 16:22:00,2012-10-31 16:28:00
5182,1979,2010-01-03 06:57:00,2019-10-26 07:26:00
5183,660,2010-10-06 15:52:00,2019-10-31 03:38:00
5184,2905,2010-10-01 07:06:00,2019-10-31 16:54:00
5185,5364,2010-10-01 06:37:00,2019-10-31 07:19:00
5186,1718,2010-09-19 15:31:00,2014-09-30 13:00:00
5187,25,2010-10-01 18:46:00,2010-10-31 21:24:00
5189,1523,2010-10-09 13:13:00,2019-10-29 14:55:00
5190,1246,2010-07-29 17:23:00,2019-10-29 06:55:00
5191,6144,2010-10-06 01:58:00,2019-10-31 16:11:00
5192,1832,2010-10-03 07:59:00,2014-08-31 07:33:00
5193,1344,2010-10-01 14:09:00,2019-10-31 10:24:00
5194,1483,2010-10-01 07:37:00,2017-02-27 01:27:00
5195,1161,2010-08-10 18:35:00,2019-10-25 16:08:00
5196,297,2010-10-02 18:28:00,2011-12-31 13:49:00
5197,1634,2010-10-02 07:24:00,2019-10-31 07:06:00
5198,2719,2010-10-04 14:09:00,2019-10-31 14:03:00
5199,3673,2010-10-01 15:43:00,2019-10-30 18:41:00
5200,1212,2010-10-05 11:05:00,2019-10-30 18:37:00
5201,804,2010-10-12 15:00:00,2019-10-31 18:45:00
5204,2193,2010-10-01 19:11:00,2016-12-30 13:30:00
5205,9161,2010-10-02 16:39:00,2019-10-31 08:41:00
5206,3366,2010-10-01 18:31:00,2019-10-31 16:12:00
5207,5866,2010-10-01 03:06:00,2019-10-31 17:14:00
5208,4697,2010-10-03 11:28:00,2019-10-31 18:16:00
5209,2669,2010-10-01 20:57:00,2019-10-31 20:51:00
5210,1520,2010-10-02 10:44:00,2019-10-28 07:19:00
5211,2997,2010-10-02 10:33:00,2019-05-31 07:41:00
5214,4342,2010-10-01 10:32:00,2019-10-28 16:40:00
5215,3505,2010-10-01 12:05:00,2017-11-30 08:08:00
5216,2295,2010-10-12 16:20:00,2019-10-31 19:39:00
5217,2162,2010-10-02 18:41:00,2016-03-30 08:59:00
5218,308,2010-10-01 19:13:00,2012-11-30 17:35:00
5220,1276,2010-10-03 17:02:00,2019-10-30 17:39:00
5221,2135,2010-10-05 09:22:00,2019-10-31 09:34:00
5222,3129,2010-09-17 06:59:00,2018-09-29 15:03:00
5223,8412,2010-07-26 00:21:00,2019-10-31 12:36:00
5224,4367,2010-10-01 08:05:00,2019-10-31 16:52:00
5225,9770,2010-10-01 08:11:00,2019-10-31 19:31:00
5226,2113,2011-09-20 18:51:00,2019-10-30 10:40:00
5227,738,2011-10-20 06:48:00,2019-10-23 21:50:00
5228,1937,2011-04-02 18:05:00,2019-10-31 11:07:00
5229,1003,2011-09-26 16:33:00,2014-03-31 11:29:00
5230,186,2011-10-01 12:28:00,2011-12-31 08:58:00
5231,1946,2011-10-01 07:54:00,2019-10-28 11:39:00
5232,8495,2011-10-01 07:37:00,2019-10-31 16:32:00
5233,2353,2011-10-01 07:10:00,2016-01-31 15:53:00
5234,2034,2011-10-02 12:02:00,2019-10-31 16:22:00
5236,1263,2011-09-27 20:33:00,2016-12-29 09:28:00
5237,3668,2011-10-01 17:47:00,2019-10-30 17:58:00
5239,200,2011-10-03 07:28:00,2012-10-28 07:21:00
5240,3455,2011-10-01 10:51:00,2019-10-31 13:20:00
5241,1956,2011-10-03 16:31:00,2016-09-30 16:56:00
5242,1548,2011-08-21 15:18:00,2019-10-28 06:30:00
5243,1566,2011-10-11 08:01:00,2019-10-31 09:54:00
5244,1617,2011-10-02 09:40:00,2019-10-30 13:10:00
5245,3023,2011-04-06 01:08:00,2019-10-31 16:41:00
5246,2253,2011-10-07 10:08:00,2019-10-29 08:18:00
5247,11010,2011-10-01 07:54:00,2019-10-31 06:46:00
5248,2762,2011-10-07 08:04:00,2019-10-30 19:29:00
5249,1519,2011-10-02 06:45:00,2019-10-27 11:29:00
5250,1520,2011-10-02 12:26:00,2019-10-28 08:50:00
5251,80,2011-09-12 13:28:00,2011-11-30 23:45:00
5253,852,2011-10-10 04:20:00,2019-10-22 06:04:00
5254,2522,2011-10-01 03:27:00,2019-10-31 07:32:00
5257,3521,2012-10-01 09:13:00,2019-10-31 09:40:00
5258,819,2012-10-01 01:47:00,2018-08-28 06:40:00
5259,4263,2012-10-01 04:19:00,2019-10-31 09:53:00
5260,17670,2012-09-18 20:59:00,2019-10-31 20:00:00
5261,2845,2012-10-01 11:04:00,2019-10-30 14:56:00
5262,3075,2012-10-01 02:23:00,2019-10-30 23:08:00
5263,1142,2012-10-01 14:09:00,2018-08-31 07:52:00
5264,2055,2012-10-02 13:02:00,2018-01-02 10:50:00
5265,2238,2012-10-01 01:03:00,2019-10-31 19:24:00
5266,3464,2012-10-01 11:06:00,2019-10-29 16:11:00
5267,3168,2012-07-03 19:47:00,2015-11-30 09:50:00
5268,57,2013-10-02 08:06:00,2013-11-29 06:20:00
5270,3034,2013-10-02 08:33:00,2019-10-31 19:47:00
5272,1086,2013-10-02 14:01:00,2019-10-31 12:12:00
5273,1270,2013-10-03 11:20:00,2019-10-31 20:25:00
5274,4096,2013-09-12 20:11:00,2019-10-29 13:32:00
5275,1657,2013-10-05 08:17:00,2019-10-30 13:40:00
5276,2424,2013-10-01 11:57:00,2019-10-31 12:10:00
5277,1668,2013-07-25 18:41:00,2018-10-04 15:53:00
5278,1070,2013-10-08 19:30:00,2019-10-31 18:56:00
5279,3163,2013-10-01 19:28:00,2019-10-31 21:12:00
5281,3129,2013-10-02 08:47:00,2019-10-31 09:46:00
5282,5275,2013-07-14 12:53:00,2019-10-31 10:14:00
5283,8964,2013-10-01 13:24:00,2019-10-31 18:58:00
5285,1333,2014-08-31 08:56:00,2019-10-30 20:31:00
5286,3403,2014-10-01 12:15:00,2019-10-31 16:22:00
5288,1041,2014-10-01 04:41:00,2016-11-30 15:04:00
5289,1202,2014-10-03 18:13:00,2019-10-31 11:14:00
5290,1797,2014-09-28 09:38:00,2019-10-30 22:00:00
5291,3198,2014-10-01 09:58:00,2019-10-31 11:38:00
5292,4546,2014-10-01 06:51:00,2019-10-31 11:37:00
5293,1751,2014-10-01 22:03:00,2019-10-31 08:40:00
5294,4354,2014-06-27 18:40:00,2018-07-30 06:55:00
5295,838,2014-10-06 15:22:00,2018-06-29 09:12:00
5297,1149,2014-10-01 05:08:00,2019-10-31 10:59:00
5298,3880,2014-10-01 07:18:00,2019-10-31 19:16:00
5299,929,2014-10-02 10:27:00,2019-10-27 15:48:00
5300,1969,2014-10-05 06:55:00,2019-10-31 20:08:00
5301,974,2015-06-16 11:48:00,2019-10-29 09:39:00
5302,1004,2015-10-02 12:03:00,2019-10-31 11:42:00
5304,252,2015-10-01 07:38:00,2017-04-29 12:42:00
5305,2532,2015-10-01 11:44:00,2019-10-31 11:43:00
5306,278,2015-10-05 12:46:00,2016-10-31 22:59:00
5310,1264,2015-10-01 11:27:00,2019-10-30 11:06:00
5311,322,2015-10-01 12:39:00,2016-06-30 13:44:00
5312,898,2016-10-01 02:34:00,2019-10-31 13:17:00
5313,1748,2016-10-01 02:41:00,2019-10-31 19:59:00
5314,402,2016-10-01 11:47:00,2018-04-29 08:44:00
5315,1038,2016-10-01 07:58:00,2019-10-31 07:37:00
5317,880,2016-10-03 00:08:00,2019-10-31 09:21:00
5318,1247,2016-10-01 14:30:00,2019-10-31 12:10:00
5320,120,2017-10-02 06:36:00,2017-12-31 22:34:00
5321,325,2017-10-01 22:57:00,2019-10-29 12:29:00
5322,1186,2017-10-01 00:56:00,2019-10-31 18:04:00
5323,266,2017-10-03 14:37:00,2019-10-23 16:59:00
5324,88,2017-10-01 07:39:00,2018-05-28 18:28:00
5325,1983,2016-03-25 00:10:00,2019-10-31 14:50:00
5326,173,2017-10-01 06:12:00,2019-10-21 18:22:00
5327,756,2017-10-01 08:53:00,2019-10-28 23:23:00
5329,906,2018-10-03 18:07:00,2019-10-31 18:46:00
5333,334,2018-10-02 14:49:00,2019-10-31 20:12:00
5335,266,2018-10-04 07:20:00,2019-10-27 21:06:00
5336,35,2019-10-01 11:12:00,2019-10-31 21:37:00
5338,42,2019-10-01 09:37:00,2019-10-30 16:26:00
5339,4,2019-10-01 12:10:00,2019-10-30 22:27:00
5340,52,2019-10-01 06:52:00,2019-10-31 06:52:00
5342,27,2019-10-01 20:36:00,2019-10-31 20:37:00
5344,15,2019-10-01 22:45:00,2019-10-28 09:42:00
5345,39,2019-10-03 09:01:00,2019-10-31 09:37:00
5347,2212,2010-01-01 13:14:00,2019-10-31 21:24:00
5348,2475,2010-01-01 10:27:00,2019-10-31 12:20:00
5349,2118,2010-01-01 16:21:00,2019-10-30 20:42:00
5350,2521,2010-01-02 16:56:00,2019-10-30 18:07:00
5351,2574,2010-01-01 15:57:00,2019-10-31 20:24:00
5352,1831,2010-01-03 06:31:00,2019-10-30 10:53:00
5353,2109,2010-01-04 08:15:00,2019-10-29 14:20:00
5354,938,2010-01-05 09:10:00,2019-10-28 16:28:00
5357,1506,2010-01-02 14:48:00,2019-10-28 14:11:00
5358,6432,2010-01-01 07:51:00,2019-10-31 22:59:00
5359,16069,2010-01-01 08:34:00,2019-10-31 13:12:00
5361,5662,2010-01-01 03:57:00,2019-10-31 12:40:00
5362,3634,2010-01-01 06:56:00,2019-10-28 16:58:00
5363,4318,2010-01-01 16:36:00,2019-10-31 16:40:00
5364,4277,2010-01-01 16:07:00,2014-08-10 22:46:00
5365,1962,2010-01-02 10:59:00,2019-10-30 14:40:00
5366,2909,2010-01-01 21:26:00,2017-06-26 09:48:00
5367,1634,2010-01-02 16:47:00,2019-10-30 04:10:00
5370,92,2010-01-04 14:17:00,2010-11-30 07:44:00
5371,7505,2010-01-01 06:08:00,2019-10-31 16:00:00
5372,2573,2010-01-02 20:54:00,2019-10-31 13:19:00
5373,2374,2010-01-02 14:30:00,2019-10-28 15:19:00
5374,2067,2010-01-04 16:16:00,2019-10-31 18:24:00
5375,2160,2010-01-01 07:17:00,2019-10-28 21:53:00
5376,2411,2010-01-03 15:38:00,2019-10-29 19:08:00
5377,4662,2010-01-01 16:33:00,2019-10-29 20:25:00
5378,4486,2010-01-02 12:37:00,2019-10-29 08:30:00
5380,2195,2010-01-02 16:23:00,2019-10-28 12:41:00
5381,831,2010-01-01 09:25:00,2012-09-30 13:13:00
5382,2560,2010-01-02 14:52:00,2019-10-30 11:05:00
5383,1524,2010-01-03 18:58:00,2019-10-28 13:02:00
5384,7108,2010-01-01 17:42:00,2019-10-31 20:57:00
5385,1417,2010-01-01 05:52:00,2019-10-30 11:58:00
5386,2266,2010-01-04 12:52:00,2019-10-31 13:33:00
5388,3946,2010-01-01 13:09:00,2019-10-30 13:28:00
5389,3915,2010-01-01 13:20:00,2017-02-28 14:27:00
5391,4488,2010-01-02 20:23:00,2019-10-31 21:26:00
5392,2441,2010-01-05 07:30:00,2019-10-31 14:36:00
5393,8794,2010-01-01 12:22:00,2019-10-31 11:19:00
5394,676,2010-01-09 21:33:00,2019-10-23 21:37:00
5396,3047,2010-01-02 11:14:00,2018-04-30 14:01:00
5397,1624,2010-01-06 15:59:00,2019-10-29 16:25:00
5398,2379,2010-01-01 08:21:00,2019-10-31 09:15:00
5399,1542,2010-01-01 13:44:00,2018-05-30 21:02:00
5400,3895,2010-01-02 07:30:00,2019-10-30 22:32:00
5403,3002,2010-01-01 08:31:00,2019-10-30 19:22:00
5404,3881,2010-01-01 23:44:00,2019-10-31 07:17:00
5405,334,2010-01-01 08:05:00,2012-07-28 08:43:00
5406,2640,2010-01-01 19:55:00,2019-10-31 16:37:00
5407,2197,2010-01-02 07:39:00,2019-10-30 06:29:00
5408,2938,2010-01-05 12:00:00,2019-10-31 08:23:00
5409,1175,2010-01-04 09:16:00,2019-10-29 11:03:00
5411,1709,2010-01-01 20:30:00,2017-07-30 18:55:00
5412,751,2010-01-01 08:10:00,2010-11-30 21:52:00
5413,15013,2010-01-01 11:33:00,2019-10-31 19:28:00
5414,3008,2010-01-02 21:42:00,2019-10-31 22:12:00
5418,6876,2010-01-02 08:39:00,2019-10-31 09:09:00
5419,4306,2010-01-01 08:52:00,2019-10-31 16:01:00
5420,2369,2010-01-04 20:39:00,2019-10-31 06:41:00
5421,2178,2010-01-01 15:38:00,2019-10-27 09:14:00
5422,1658,2010-01-02 13:27:00,2019-10-31 21:01:00
5423,3011,2010-01-04 17:33:00,2019-10-25 23:19:00
5424,2238,2010-01-03 10:41:00,2019-10-31 12:52:00
5425,683,2010-01-02 19:19:00,2012-12-28 11:03:00
5426,5396,2010-01-01 07:52:00,2019-10-31 20:21:00
5427,2003,2010-01-01 06:40:00,2013-12-31 20:29:00
5428,1834,2010-01-01 06:33:00,2019-10-24 08:34:00
5429,5463,2010-01-01 06:26:00,2019-10-30 14:21:00
5430,3465,2010-01-01 08:10:00,2019-10-29 11:49:00
5432,3561,2010-01-01 08:41:00,2019-10-31 11:48:00
5434,4214,2010-01-01 06:16:00,2019-10-30 14:38:00
5435,4722,2010-01-01 16:41:00,2019-10-31 17:53:00
5438,4607,2010-01-01 12:58:00,2019-10-31 18:53:00
5439,1859,2010-01-02 14:15:00,2019-10-27 19:48:00
5440,3659,2010-01-02 13:23:00,2019-10-31 22:53:00
5441,6053,2010-01-02 14:31:00,2019-10-31 13:03:00
5442,11410,2010-01-01 06:39:00,2019-10-31 16:20:00
5443,3523,2010-01-01 08:36:00,2019-10-31 23:58:00
5444,1718,2010-01-01 06:37:00,2012-03-31 12:48:00
5446,2316,2010-01-02 18:22:00,2019-10-31 18:05:00
5448,1975,2010-01-03 22:38:00,2019-10-31 03:21:00
5449,2984,2010-01-01 08:06:00,2019-10-31 11:27:00
5450,6125,2010-01-01 18:40:00,2019-10-31 06:42:00
5451,1025,2010-01-01 15:56:00,2019-10-27 16:07:00
5452,1285,2010-01-01 06:38:00,2012-12-29 06:48:00
5453,3154,2010-01-01 12:52:00,2019-10-31 13:56:00
5454,3823,2010-01-01 08:04:00,2019-10-31 11:41:00
5455,1118,2010-01-01 10:12:00,2019-10-22 15:50:00
5457,1233,2010-01-02 20:09:00,2019-10-23 16:28:00
5458,1282,2010-01-01 06:59:00,2014-02-28 10:58:00
5459,7097,2010-01-01 06:33:00,2019-10-31 09:53:00
5460,5235,2010-01-01 09:42:00,2018-10-31 16:52:00
5461,1176,2010-01-03 14:30:00,2017-11-25 03:17:00
5462,2820,2010-01-01 11:10:00,2019-10-31 19:38:00
5463,2868,2010-01-01 07:02:00,2019-10-31 11:39:00
5464,6431,2010-01-01 09:37:00,2019-10-31 18:12:00
5465,803,2010-01-06 15:56:00,2019-10-31 17:56:00
5466,3271,2010-01-02 13:58:00,2019-10-31 16:38:00
5470,3120,2010-01-01 23:34:00,2019-10-28 23:21:00
5471,2325,2010-01-01 12:09:00,2019-10-31 08:56:00
5472,3804,2010-01-03 12:45:00,2019-10-31 15:04:00
5473,1095,2010-01-04 04:38:00,2019-10-31 13:49:00
5474,5548,2010-01-01 10:35:00,2019-10-31 16:32:00
5475,1386,2010-01-01 23:26:00,2019-10-22 19:09:00
5476,4758,2010-01-01 08:49:00,2019-10-31 16:31:00
5477,3050,2010-01-04 10:45:00,2019-10-30 10:00:00
5479,4617,2010-01-01 08:19:00,2019-10-31 08:53:00
5480,4168,2010-01-03 07:09:00,2019-10-30 10:26:00
5481,1995,2010-01-01 06:10:00,2019-10-31 09:25:00
5482,8695,2010-01-01 02:17:00,2019-10-30 19:43:00
5483,2849,2010-01-01 10:17:00,2013-01-31 16:37:00
5486,4493,2010-01-01 11:49:00,2019-10-31 07:24:00
5487,2595,2010-01-01 11:11:00,2019-10-31 10:14:00
5488,5818,2010-01-03 08:03:00,2019-10-31 22:24:00
5489,3782,2010-01-02 08:33:00,2019-10-30 13:54:00
5490,1593,2010-01-01 15:44:00,2019-10-27 15:23:00
5492,2605,2010-01-01 00:32:00,2015-01-30 18:47:00
5493,1124,2010-01-01 08:01:00,2019-10-30 20:58:00
5495,3821,2010-01-01 10:00:00,2016-01-31 15:32:00
5496,3522,2010-01-02 14:40:00,2019-10-31 16:47:00
5497,3321,2010-01-01 07:10:00,2019-10-29 18:20:00
5498,4295,2010-01-01 11:50:00,2018-11-29 15:36:00
5499,10737,2010-01-01 08:01:00,2019-10-31 18:54:00
5500,2872,2010-01-03 05:02:00,2019-10-31 09:51:00
5501,2845,2010-01-02 20:26:00,2019-10-31 17:21:00
5502,5866,2010-01-01 11:59:00,2019-10-31 09:01:00
5503,2133,2010-01-04 13:28:00,2019-10-31 17:41:00
5504,2836,2010-01-06 08:27:00,2019-10-28 13:41:00
5505,5137,2010-01-01 09:31:00,2019-10-31 07:03:00
5506,2265,2010-01-01 11:14:00,2019-10-30 12:27:00
5508,6264,2010-01-01 02:25:00,2019-10-31 19:10:00
5509,1477,2010-01-06 09:02:00,2019-10-30 22:47:00
5511,5922,2010-01-09 22:52:00,2019-10-31 06:08:00
5512,5169,2010-01-01 05:57:00,2019-10-31 18:41:00
5513,1111,2010-01-03 09:06:00,2019-10-30 06:10:00
5514,1908,2010-01-02 06:33:00,2019-10-30 11:14:00
5515,1741,2010-01-04 12:44:00,2016-02-28 12:33:00
5518,7389,2010-01-02 06:19:00,2019-10-31 13:14:00
5519,4299,2010-01-03 11:56:00,2019-10-30 15:53:00
5520,1567,2010-01-04 11:07:00,2019-10-30 18:07:00
5521,4036,2010-01-01 09:31:00,2019-10-28 14:16:00
5523,1369,2010-01-02 18:11:00,2019-10-31 18:02:00
5524,4084,2010-01-01 17:57:00,2019-10-31 14:39:00
5525,2937,2010-01-01 21:00:00,2019-10-28 16:51:00
5526,1619,2010-01-01 06:51:00,2011-10-31 20:26:00
5527,4665,2010-01-02 10:23:00,2016-08-31 22:25:00
5528,1774,2010-01-01 06:17:00,2018-10-03 20:50:00
5529,2360,2010-01-03 03:47:00,2019-10-30 15:37:00
5530,4479,2010-01-01 07:57:00,2015-03-31 13:06:00
5532,4901,2010-01-01 10:35:00,2019-10-30 18:09:00
5534,3162,2010-01-02 05:22:00,2019-01-30 03:00:00
5535,777,2010-01-03 15:56:00,2014-01-31 15:48:00
5537,133,2010-01-01 18:51:00,2010-05-30 10:54:00
5538,4670,2010-01-01 21:19:00,2019-10-31 11:12:00
5539,6070,2010-01-01 08:50:00,2019-10-31 09:26:00
5541,6700,2010-01-01 15:19:00,2019-10-31 10:28:00
5543,3746,2010-01-01 10:48:00,2019-10-29 07:59:00
5547,2096,2010-01-01 13:37:00,2019-10-29 13:04:00
5548,2569,2010-01-01 10:26:00,2019-10-30 10:29:00
5549,3854,2010-01-01 07:21:00,2019-10-31 19:43:00
5550,1589,2010-01-01 14:06:00,2017-10-30 21:41:00
5551,2007,2010-01-01 10:47:00,2019-10-31 11:52:00
5552,3149,2010-01-01 13:28:00,2016-01-28 09:07:00
5554,1613,2010-01-01 10:13:00,2019-10-28 16:36:00
5555,858,2010-01-01 10:03:00,2011-02-28 15:05:00
5556,2657,2010-01-01 21:19:00,2019-10-31 21:32:00
5557,1552,2010-01-01 10:55:00,2019-10-30 18:15:00
5558,1485,2010-01-01 18:14:00,2019-10-20 11:04:00
5559,5342,2010-01-01 08:50:00,2019-10-31 13:06:00
5560,3884,2010-01-02 10:47:00,2019-10-31 10:18:00
5561,6617,2010-01-02 15:11:00,2019-10-31 07:41:00
5562,9434,2010-01-01 05:04:00,2019-10-31 14:53:00
5563,1462,2010-01-05 12:35:00,2017-04-30 22:30:00
5565,906,2010-01-11 20:52:00,2019-10-31 20:40:00
5566,283,2010-01-01 11:30:00,2010-07-31 22:45:00
5568,5841,2010-01-02 10:45:00,2019-10-31 15:12:00
5569,2141,2010-01-01 18:57:00,2019-10-29 07:49:00
5570,19965,2010-01-01 06:19:00,2019-10-31 16:41:00
5571,1015,2010-01-01 15:07:00,2013-07-16 03:22:00
5574,2529,2010-01-02 02:11:00,2019-10-31 19:07:00
5575,2809,2010-01-02 15:09:00,2019-10-31 23:36:00
5577,1175,2010-01-01 01:11:00,2012-09-29 20:18:00
5578,3026,2010-01-01 17:11:00,2019-10-30 14:30:00
5579,3970,2010-01-01 06:50:00,2019-10-30 06:53:00
5580,284,2010-01-08 07:49:00,2012-01-28 10:26:00
5581,927,2010-01-01 08:08:00,2013-10-30 06:10:00
5582,12942,2010-01-02 12:47:00,2019-10-31 17:40:00
5584,3367,2010-01-01 17:03:00,2019-10-31 18:26:00
5585,2646,2010-01-04 09:04:00,2019-10-29 11:45:00
5586,6600,2010-01-01 07:21:00,2019-10-31 13:40:00
5587,2831,2010-01-02 18:50:00,2019-10-31 22:28:00
5588,6251,2010-01-01 06:44:00,2016-12-29 18:15:00
5589,2175,2010-01-02 15:30:00,2019-10-27 14:15:00
5590,1986,2010-01-04 02:06:00,2019-10-26 12:24:00
5591,3241,2010-01-01 12:43:00,2019-10-30 12:38:00
5592,7001,2010-01-01 16:21:00,2019-10-30 17:57:00
5593,2221,2010-11-01 11:40:00,2015-10-31 23:12:00
5595,922,2010-11-01 02:50:00,2019-10-30 10:49:00
5596,88,2010-11-03 09:56:00,2011-05-30 05:53:00
5597,11701,2010-11-01 07:08:00,2019-10-31 16:16:00
5599,3871,2010-11-01 06:06:00,2019-10-31 14:46:00
5600,2133,2010-11-02 11:01:00,2019-10-31 11:14:00
5601,1958,2010-11-01 14:53:00,2019-10-31 22:20:00
5602,3077,2010-11-01 14:00:00,2019-10-27 14:39:00
5603,2389,2010-11-02 06:18:00,2019-10-31 06:53:00
5604,2616,2010-11-01 06:39:00,2019-10-30 06:55:00
5605,6003,2010-11-01 07:24:00,2019-10-31 07:19:00
5606,3532,2010-11-01 08:05:00,2019-10-30 22:51:00
5607,2152,2010-11-01 04:05:00,2019-10-29 09:02:00
5608,3226,2010-11-01 08:34:00,2019-10-31 12:08:00
5609,1771,2010-11-01 12:21:00,2018-06-30 13:07:00
5610,2511,2010-11-04 19:06:00,2017-12-30 10:44:00
5611,53,2010-11-01 06:21:00,2010-11-30 14:50:00
5612,1509,2010-11-02 12:41:00,2019-10-27 12:21:00
5613,1499,2010-11-03 16:08:00,2019-10-27 16:09:00
5614,1409,2010-11-07 15:57:00,2019-10-31 10:04:00
5615,5505,2010-11-01 15:55:00,2019-10-31 14:12:00
5616,2021,2010-11-01 14:36:00,2019-10-31 19:47:00
5617,956,2010-10-24 21:37:00,2016-03-31 15:18:00
5618,6519,2010-11-01 06:05:00,2019-10-30 11:43:00
5619,1961,2010-07-21 16:01:00,2019-10-29 12:02:00
5620,3821,2010-09-25 09:53:00,2019-10-31 13:19:00
5621,2423,2010-11-01 00:29:00,2019-10-31 16:50:00
5622,1182,2010-11-05 18:57:00,2019-10-27 09:36:00
5624,1174,2010-11-02 17:33:00,2019-10-24 13:08:00
5625,101,2010-11-01 18:57:00,2010-12-31 06:55:00
5626,1280,2010-11-04 12:29:00,2019-10-31 22:53:00
5628,4318,2010-11-01 12:56:00,2019-10-31 10:33:00
5629,5991,2010-11-01 05:06:00,2019-10-31 21:54:00
5630,3048,2010-11-01 11:13:00,2019-10-30 11:12:00
5631,3692,2010-11-02 12:20:00,2019-10-28 12:13:00
5632,3922,2010-11-01 01:10:00,2019-10-31 15:46:00
5633,949,2010-11-08 11:50:00,2019-10-30 12:54:00
5634,7577,2010-03-05 14:20:00,2019-10-31 11:12:00
5635,3431,2010-11-01 07:37:00,2016-07-02 19:54:00
5636,3572,2010-11-02 20:51:00,2019-10-30 07:55:00
5638,1700,2010-11-01 10:24:00,2019-10-31 10:18:00
5640,5661,2010-11-01 14:20:00,2019-10-31 11:57:00
5641,2104,2011-11-02 22:59:00,2019-10-31 22:15:00
5642,2160,2011-09-19 18:37:00,2019-10-31 06:31:00
5643,1901,2011-11-01 09:58:00,2019-10-31 07:14:00
5644,3044,2011-11-01 16:33:00,2019-10-30 17:31:00
5645,4495,2011-11-02 11:02:00,2019-10-31 03:29:00
5646,1816,2011-11-01 10:53:00,2019-10-31 16:56:00
5648,1718,2011-11-02 10:35:00,2019-10-31 14:39:00
5650,4753,2011-11-01 00:56:00,2019-10-31 00:14:00
5651,2527,2011-11-02 07:16:00,2019-10-30 13:51:00
5652,1348,2011-11-04 08:24:00,2019-10-30 17:46:00
5653,30,2011-11-02 15:07:00,2011-11-30 10:49:00
5654,5700,2011-06-29 08:04:00,2019-10-31 11:21:00
5655,2081,2011-11-01 14:16:00,2019-10-31 08:41:00
5656,2001,2011-11-01 11:03:00,2019-10-27 08:14:00
5657,3104,2011-11-01 20:00:00,2019-10-31 14:22:00
5658,1947,2011-11-02 07:16:00,2019-10-29 07:45:00
5659,3649,2011-03-12 07:36:00,2019-10-29 21:41:00
5660,7138,2011-10-14 21:40:00,2019-10-31 23:22:00
5661,1476,2011-11-01 09:26:00,2015-07-31 07:08:00
5662,1261,2011-11-01 00:58:00,2019-10-30 21:11:00
5663,3528,2011-11-01 08:10:00,2019-10-30 22:36:00
5664,1016,2011-11-14 02:50:00,2019-10-27 08:13:00
5665,1566,2011-11-01 11:37:00,2019-10-31 19:59:00
5666,2570,2011-11-01 10:07:00,2019-10-31 15:31:00
5667,1437,2012-06-01 21:59:00,2019-05-31 23:53:00
5668,585,2012-11-01 09:33:00,2013-07-31 09:31:00
5669,950,2012-11-01 12:46:00,2019-10-31 14:50:00
5670,3998,2012-11-01 06:29:00,2019-10-30 13:37:00
5671,3638,2012-11-01 11:30:00,2019-10-30 17:39:00
5672,2044,2012-10-25 20:48:00,2019-10-29 09:39:00
5673,6255,2012-11-02 06:40:00,2019-10-31 06:38:00
5674,1244,2012-11-01 19:44:00,2019-10-31 19:33:00
5675,1162,2012-11-01 10:06:00,2019-10-25 15:53:00
5676,3013,2012-11-01 13:07:00,2019-10-30 10:13:00
5678,1501,2012-11-02 09:49:00,2019-10-31 01:48:00
5679,6190,2012-11-01 14:38:00,2019-10-31 18:04:00
5681,2599,2012-11-02 11:04:00,2019-10-31 06:56:00
5683,1007,2013-11-01 03:28:00,2015-07-31 03:10:00
5684,1100,2013-11-03 14:33:00,2015-08-31 15:25:00
5685,2961,2013-11-02 10:42:00,2019-10-31 20:09:00
5686,912,2013-11-08 09:04:00,2019-10-29 13:32:00
5687,4090,2013-11-03 11:15:00,2019-10-31 21:19:00
5688,1751,2013-11-01 14:17:00,2019-10-30 16:06:00
5689,1171,2013-11-04 16:20:00,2019-10-29 13:45:00
5691,3579,2013-11-01 13:24:00,2019-10-31 09:01:00
5694,66,2013-11-02 08:44:00,2014-03-31 19:01:00
5695,1592,2013-11-01 12:17:00,2019-10-31 09:58:00
5696,1644,2013-11-01 12:36:00,2019-10-31 23:39:00
5697,930,2013-11-03 09:12:00,2019-10-31 23:59:00
5698,788,2014-11-02 09:02:00,2019-10-28 09:41:00
5699,4613,2014-11-01 07:19:00,2019-10-30 18:54:00
5700,2907,2014-11-01 16:29:00,2019-10-31 17:53:00
5701,1846,2014-08-02 14:30:00,2019-10-31 11:38:00
5703,1613,2014-11-01 14:56:00,2019-10-29 19:49:00
5704,903,2014-11-02 08:21:00,2019-10-31 08:00:00
5706,3608,2014-11-01 06:27:00,2019-10-31 08:17:00
5707,629,2014-11-07 16:15:00,2019-10-31 08:41:00
5708,327,2015-11-03 06:07:00,2019-10-14 13:43:00
5709,1059,2015-11-01 20:48:00,2019-10-30 09:32:00
5710,552,2015-11-03 08:36:00,2018-03-31 08:45:00
5711,484,2015-11-01 08:05:00,2016-10-31 14:46:00
5712,5180,2015-11-01 12:47:00,2019-10-31 15:43:00
5713,998,2015-06-18 12:36:00,2019-10-27 07:44:00
5714,151,2015-11-03 05:35:00,2016-11-26 21:23:00
5715,848,2015-11-01 07:31:00,2019-10-27 10:22:00
5716,2189,2015-11-01 09:03:00,2019-10-31 11:26:00
5717,808,2015-11-01 14:05:00,2019-10-30 09:45:00
5718,898,2015-11-01 10:53:00,2019-10-30 20:02:00
5719,1769,2015-11-01 11:53:00,2019-10-31 12:22:00
5720,301,2016-11-06 21:05:00,2019-10-15 16:33:00
5722,618,2016-11-01 07:35:00,2019-10-29 07:38:00
5723,793,2016-11-03 12:14:00,2019-10-29 16:39:00
5724,1149,2016-11-01 06:57:00,2019-10-28 10:45:00
5727,651,2016-11-04 20:34:00,2019-10-31 20:35:00
5728,686,2016-11-02 18:52:00,2019-10-31 16:54:00
5729,1154,2016-11-01 08:08:00,2019-10-29 04:02:00
5731,191,2017-11-03 13:02:00,2018-08-31 10:30:00
5736,185,2018-11-02 07:13:00,2019-10-31 15:50:00
5737,241,2018-11-01 06:35:00,2019-10-31 12:56:00
5739,382,2018-11-01 03:23:00,2019-10-31 12:25:00
5741,231,2018-11-01 11:32:00,2019-10-28 14:28:00
5747,6588,2010-01-01 18:38:00,2019-10-29 16:47:00
5748,3304,2010-01-03 08:18:00,2019-10-28 19:39:00
5749,2655,2010-01-03 09:25:00,2019-10-30 19:50:00
5750,5173,2010-01-02 16:02:00,2019-10-31 15:07:00
5752,1894,2010-01-02 16:33:00,2019-10-31 16:24:00
5753,1510,2010-01-02 11:35:00,2019-10-26 13:26:00
5754,6119,2010-01-02 14:15:00,2019-10-28 13:41:00
5755,5718,2010-01-01 10:16:00,2019-10-30 19:18:00
5756,3393,2010-01-01 12:37:00,2019-10-28 21:44:00
5757,9227,2010-01-02 09:31:00,2019-10-31 15:11:00
5758,3489,2010-01-02 17:14:00,2019-10-31 17:27:00
5759,3037,2010-01-02 15:08:00,2019-10-31 08:26:00
5760,1532,2010-01-01 14:47:00,2018-10-29 08:21:00
5761,2902,2010-01-05 11:02:00,2019-10-31 04:16:00
5762,8835,2010-01-01 17:02:00,2019-10-31 16:47:00
5763,5756,2010-01-01 11:05:00,2019-10-30 19:09:00
5765,741,2010-01-07 08:58:00,2019-10-27 10:32:00
5766,8293,2010-01-01 10:53:00,2019-10-31 14:05:00
5767,3785,2010-01-01 12:54:00,2019-10-30 08:11:00
5768,3756,2010-01-01 01:25:00,2019-10-31 14:44:00
5769,1156,2010-01-02 07:01:00,2019-10-28 11:39:00
5770,2076,2010-01-06 08:41:00,2019-10-31 08:01:00
5771,1968,2010-01-01 22:03:00,2019-10-31 09:41:00
5772,2138,2010-01-01 22:55:00,2019-10-27 08:46:00
5773,3940,2010-01-01 10:07:00,2019-10-30 19:09:00
5774,2544,2010-01-02 15:02:00,2019-10-31 16:58:00
5775,2707,2010-01-03 07:26:00,2018-06-29 12:54:00
5776,739,2010-01-05 08:06:00,2019-10-23 13:44:00
5777,9502,2010-01-02 16:56:00,2019-10-31 16:40:00
5778,2458,2010-01-01 08:49:00,2019-10-25 15:24:00
5779,7092,2010-01-01 05:57:00,2019-10-31 12:00:00
5781,29,2010-01-04 11:30:00,2016-04-20 11:49:00
5782,13999,2010-01-01 07:06:00,2019-10-31 22:15:00
5783,3443,2010-01-01 16:22:00,2019-10-28 15:52:00
5784,334,2010-01-01 02:32:00,2010-07-31 19:10:00
5785,7588,2010-01-01 09:09:00,2019-10-31 09:19:00
5786,4344,2010-01-02 06:30:00,2019-10-31 21:27:00
5787,8651,2010-01-01 06:01:00,2019-10-31 22:23:00
5788,919,2010-01-02 15:28:00,2019-10-29 21:49:00
5789,3230,2010-01-01 16:47:00,2019-10-31 22:10:00
5790,6029,2010-01-01 07:57:00,2019-10-31 23:33:00
5791,4692,2010-01-01 12:31:00,2019-10-28 20:44:00
5792,12167,2010-01-01 07:28:00,2019-10-31 11:37:00
5793,1121,2010-01-01 13:26:00,2019-10-28 14:00:00
5795,2299,2010-01-03 23:05:00,2019-10-28 14:02:00
5797,9942,2010-01-01 18:36:00,2019-10-29 19:26:00
5798,7038,2010-01-01 07:26:00,2019-10-31 19:00:00
5799,6024,2010-01-01 06:08:00,2019-10-29 11:52:00
5801,1750,2010-01-03 23:24:00,2019-10-31 11:15:00
5802,3204,2010-01-01 10:02:00,2018-04-30 18:35:00
5803,2648,2010-01-02 12:33:00,2019-10-28 21:26:00
5804,2686,2010-01-01 04:58:00,2019-10-30 04:48:00
5805,3469,2010-01-01 08:32:00,2014-01-31 18:07:00
5806,1147,2010-01-05 18:23:00,2019-10-28 15:50:00
5807,2760,2010-01-01 04:30:00,2019-10-29 06:51:00
5808,1214,2010-01-05 10:26:00,2019-10-28 09:57:00
5809,2690,2010-01-02 00:35:00,2019-10-29 17:42:00
5810,4132,2010-01-03 14:53:00,2019-10-28 14:50:00
5812,2921,2010-01-01 12:48:00,2019-10-31 12:31:00
5813,2409,2010-01-01 16:41:00,2019-10-31 06:45:00
5814,2673,2010-01-02 07:41:00,2019-10-31 10:18:00
5815,2597,2010-01-01 09:01:00,2019-10-30 20:16:00
5816,3907,2010-01-01 08:40:00,2019-10-31 08:29:00
5817,8442,2010-01-01 11:11:00,2019-10-31 13:27:00
5818,7634,2010-01-01 09:04:00,2019-10-31 14:42:00
5819,351,2010-01-02 10:37:00,2011-07-31 06:02:00
5821,2573,2010-01-03 07:35:00,2019-10-31 07:33:00
5822,3907,2010-01-01 07:37:00,2012-12-31 22:17:00
5824,3383,2010-01-01 12:58:00,2019-10-31 14:13:00
5825,7537,2010-01-01 07:13:00,2019-10-31 16:22:00
5826,6202,2010-01-02 14:24:00,2019-10-31 23:45:00
5827,1364,2010-01-01 12:18:00,2018-05-26 09:23:00
5828,1813,2010-01-01 20:54:00,2014-02-28 10:23:00
5829,5180,2010-01-01 17:01:00,2019-10-30 19:08:00
5830,4328,2010-01-01 07:11:00,2019-10-31 19:53:00
5833,945,2010-01-01 17:21:00,2011-04-30 17:23:00
5834,1922,2010-01-05 23:17:00,2019-10-30 15:03:00
5835,3569,2010-01-02 22:00:00,2019-10-29 08:20:00
5836,10617,2010-01-01 03:02:00,2017-10-30 22:17:00
5837,3805,2010-01-01 14:23:00,2019-10-31 15:29:00
5838,5853,2010-01-02 09:35:00,2019-10-28 21:59:00
5839,3164,2010-01-02 13:47:00,2019-10-31 17:44:00
5840,1913,2010-01-01 10:11:00,2019-10-30 15:35:00
5841,7852,2010-01-01 22:39:00,2019-10-30 15:27:00
5842,1610,2010-01-03 08:58:00,2019-10-31 08:32:00
5843,2734,2010-01-04 13:21:00,2019-10-27 16:25:00
5844,4223,2010-01-02 15:52:00,2019-10-30 11:26:00
5845,3612,2010-01-01 14:02:00,2019-10-31 17:29:00
5846,1534,2010-01-01 17:35:00,2019-10-31 17:33:00
5847,8022,2010-01-04 15:33:00,2019-10-31 12:06:00
5850,5001,2010-01-01 15:01:00,2019-10-31 16:25:00
5851,2083,2010-01-01 07:21:00,2019-10-29 10:08:00
5852,3351,2010-01-01 16:55:00,2019-10-31 21:09:00
5853,999,2010-01-08 10:37:00,2019-10-29 11:46:00
5855,2595,2010-01-01 13:44:00,2019-10-29 13:33:00
5856,2743,2010-01-02 09:31:00,2019-10-31 14:56:00
5857,4931,2010-01-01 07:06:00,2019-10-31 11:23:00
5859,5219,2010-01-01 08:35:00,2019-10-31 15:59:00
5860,3608,2010-01-01 08:37:00,2019-10-31 06:31:00
5862,2361,2010-01-02 09:45:00,2019-10-31 10:58:00
5863,2389,2010-01-03 22:05:00,2019-10-31 08:54:00
5864,2205,2010-01-01 07:11:00,2016-03-29 08:39:00
5865,4007,2010-01-01 08:38:00,2019-10-31 20:19:00
5867,4069,2010-01-02 11:36:00,2019-10-31 13:02:00
5869,1895,2010-01-01 10:35:00,2019-10-31 10:54:00
5870,1600,2010-01-03 11:01:00,2019-10-25 20:44:00
5872,3432,2010-01-01 09:50:00,2019-10-31 09:31:00
5873,5767,2010-01-01 12:25:00,2019-10-31 18:43:00
5876,6731,2010-01-01 01:56:00,2019-10-31 15:12:00
5877,3035,2010-01-01 16:48:00,2019-10-31 21:23:00
5878,6252,2010-01-01 09:41:00,2019-10-31 09:57:00
5879,5422,2010-01-01 12:21:00,2019-10-31 14:39:00
5880,4820,2010-01-01 18:46:00,2019-10-30 18:50:00
5881,14104,2010-01-01 04:14:00,2019-10-31 20:58:00
5882,1758,2010-01-01 20:07:00,2019-10-31 09:33:00
5883,799,2010-01-03 22:17:00,2019-10-14 21:42:00
5884,9918,2010-01-01 12:11:00,2019-10-31 18:49:00
5885,1607,2010-01-01 10:37:00,2011-05-31 16:40:00
5886,1822,2010-01-02 21:16:00,2019-10-31 10:25:00
5887,9525,2010-01-01 14:42:00,2019-10-31 20:34:00
5888,2692,2010-01-03 06:43:00,2019-10-29 03:46:00
5889,2584,2010-01-01 13:05:00,2019-10-30 09:25:00
5891,2937,2010-01-03 11:16:00,2019-10-31 15:08:00
5893,966,2010-01-03 06:53:00,2019-10-27 06:30:00
5894,3215,2010-01-01 09:59:00,2019-10-29 20:52:00
5897,9203,2010-01-02 10:04:00,2019-10-31 16:42:00
5898,6424,2010-01-02 15:55:00,2019-10-31 15:42:00
5899,1455,2010-01-01 17:08:00,2014-10-31 15:17:00
5903,1675,2010-01-01 04:38:00,2019-10-27 11:12:00
5904,7402,2010-01-01 06:16:00,2019-10-30 10:33:00
5905,2270,2010-01-01 13:08:00,2019-10-30 16:14:00
5906,2833,2010-01-01 13:36:00,2019-10-28 14:33:00
5907,3424,2010-01-01 17:33:00,2019-10-31 17:02:00
5909,9262,2010-01-01 06:18:00,2019-10-31 17:40:00
5910,8421,2010-01-02 01:32:00,2016-09-30 14:30:00
5912,507,2010-01-04 15:17:00,2014-01-24 15:03:00
5913,1261,2010-01-06 08:48:00,2019-10-29 08:52:00
5914,1536,2010-01-01 22:07:00,2014-09-29 11:33:00
5915,1717,2010-01-02 15:31:00,2019-10-28 15:56:00
5916,2559,2010-01-01 19:46:00,2019-10-29 07:44:00
5917,3740,2010-01-01 04:31:00,2019-10-31 13:48:00
5918,6060,2010-01-01 07:35:00,2019-10-31 11:28:00
5919,671,2010-01-03 11:11:00,2011-10-26 15:27:00
5921,3432,2010-01-01 08:04:00,2019-10-30 10:25:00
5922,561,2010-01-01 13:04:00,2013-07-25 13:04:00
5925,1745,2010-01-01 10:08:00,2019-10-31 10:47:00
5926,3123,2010-01-03 10:10:00,2019-10-31 21:23:00
5927,1174,2010-01-03 09:29:00,2019-10-31 09:47:00
5928,4422,2010-01-01 10:04:00,2019-10-28 11:22:00
5929,2177,2010-01-02 14:47:00,2019-10-31 12:55:00
5930,805,2010-01-10 08:06:00,2019-10-29 06:58:00
5931,3280,2010-01-02 07:13:00,2019-10-30 16:22:00
5933,3100,2010-01-03 12:32:00,2019-10-31 11:05:00
5934,1971,2010-01-14 06:55:00,2019-10-31 15:16:00
5935,6567,2010-01-01 06:51:00,2019-10-31 05:51:00
5936,2081,2010-01-07 14:03:00,2019-10-31 14:16:00
5937,5333,2010-01-01 09:45:00,2019-10-31 06:29:00
5938,2075,2010-01-02 12:15:00,2019-10-30 09:48:00
5939,2015,2010-01-06 06:47:00,2019-10-31 07:48:00
5940,4525,2010-01-01 13:49:00,2017-03-31 14:17:00
5941,3142,2010-01-02 10:15:00,2019-10-31 12:06:00
5942,5026,2010-01-01 12:17:00,2019-10-31 22:15:00
5943,3206,2010-01-01 15:05:00,2017-09-30 14:38:00
5944,2555,2010-01-01 06:21:00,2019-10-30 01:45:00
5945,5508,2010-01-01 10:40:00,2019-10-31 18:59:00
5946,3479,2010-01-01 10:38:00,2019-10-30 06:17:00
5947,3400,2010-01-03 12:09:00,2019-10-31 15:22:00
5948,1434,2010-01-02 14:20:00,2019-10-30 11:32:00
5949,3288,2010-01-02 07:15:00,2019-10-31 13:29:00
5950,5219,2010-01-01 08:22:00,2019-10-31 19:21:00
5951,2156,2010-01-01 16:45:00,2019-10-31 16:55:00
5952,8343,2010-01-01 00:38:00,2019-10-31 18:39:00
5954,899,2010-01-04 11:43:00,2019-10-30 06:24:00
5955,722,2010-01-02 13:24:00,2012-04-30 18:56:00
5956,2172,2010-01-05 14:53:00,2019-10-31 15:39:00
5957,2453,2010-01-01 11:55:00,2019-10-29 15:38:00
5960,6972,2010-01-01 06:18:00,2017-02-27 13:17:00
5961,1049,2010-01-01 20:21:00,2019-10-28 10:14:00
5962,3431,2010-01-01 06:44:00,2018-12-31 08:14:00
5963,5431,2010-01-01 14:49:00,2019-10-30 11:37:00
5964,4558,2010-01-02 18:43:00,2019-10-30 06:06:00
5965,2587,2010-01-01 07:34:00,2019-10-31 11:57:00
5966,6896,2010-01-01 08:42:00,2019-10-29 19:29:00
5967,5464,2010-01-01 09:56:00,2019-10-31 19:24:00
5968,1415,2010-01-01 08:08:00,2019-10-28 16:57:00
5969,7372,2010-01-01 07:12:00,2019-10-31 17:16:00
5970,3413,2010-01-01 15:24:00,2013-05-31 13:17:00
5971,11598,2010-01-01 17:59:00,2019-10-31 17:54:00
5972,2181,2010-01-01 06:13:00,2019-10-31 06:02:00
5973,1445,2010-01-03 23:37:00,2019-10-29 21:08:00
5974,3268,2010-01-01 13:41:00,2019-10-31 14:49:00
5976,4042,2010-01-01 09:49:00,2013-09-30 22:05:00
5977,3484,2010-01-02 12:38:00,2019-10-30 21:44:00
5978,3162,2010-01-01 05:51:00,2019-10-31 05:42:00
5979,4040,2010-01-01 08:59:00,2019-10-26 08:35:00
5980,2837,2010-01-01 06:49:00,2019-03-29 10:24:00
5981,4957,2010-01-01 08:25:00,2019-10-26 10:53:00
5982,16734,2010-01-01 07:05:00,2019-10-31 07:56:00
5984,4132,2010-01-02 07:13:00,2019-10-31 12:59:00
5985,2964,2010-01-01 20:18:00,2019-10-31 20:01:00
5986,3548,2010-01-01 08:59:00,2017-04-28 20:25:00
5987,2648,2010-01-03 08:28:00,2019-10-29 15:10:00
5988,2903,2010-01-01 22:39:00,2019-10-31 22:48:00
5989,1829,2010-01-02 12:15:00,2019-10-31 15:10:00
5990,1703,2010-01-01 09:52:00,2019-10-25 12:08:00
5991,1344,2010-11-26 10:12:00,2012-07-31 15:36:00
5992,1615,2010-08-28 03:01:00,2019-10-31 16:44:00
5993,1518,2010-12-03 07:26:00,2019-10-31 20:48:00
5994,3283,2010-12-01 08:57:00,2019-10-31 21:12:00
5995,5904,2010-12-01 07:27:00,2019-10-31 18:47:00
5996,2560,2010-12-01 07:06:00,2017-10-30 14:44:00
5998,1722,2010-12-01 05:25:00,2015-04-30 18:21:00
5999,5529,2010-12-01 06:34:00,2019-10-31 16:20:00
6000,1806,2010-12-02 11:33:00,2019-10-24 12:43:00
6002,1956,2010-12-01 22:22:00,2019-10-31 22:18:00
6003,1891,2010-12-07 07:28:00,2019-10-31 09:13:00
6004,4280,2010-10-28 16:36:00,2019-10-30 10:48:00
6005,3823,2010-12-01 08:03:00,2019-10-31 08:27:00
6006,10679,2010-12-01 03:29:00,2019-10-31 13:55:00
6007,2884,2010-12-01 13:42:00,2019-10-29 13:49:00
6008,1837,2010-12-02 10:57:00,2019-10-31 13:19:00
6010,4150,2010-12-02 11:42:00,2019-10-31 12:36:00
6011,10373,2010-12-01 09:56:00,2019-10-31 23:39:00
6012,1447,2010-12-02 09:37:00,2019-10-31 09:35:00
6013,732,2010-12-04 03:33:00,2014-12-08 06:29:00
6015,35,2010-12-01 12:48:00,2011-01-26 13:16:00
6016,5935,2010-12-02 05:58:00,2019-10-30 07:14:00
6017,647,2010-12-03 07:17:00,2014-12-27 14:15:00
6018,4368,2010-12-02 14:44:00,2019-10-31 22:45:00
6019,1371,2010-12-02 12:49:00,2019-10-27 13:52:00
6021,3802,2010-08-07 13:38:00,2019-10-31 18:20:00
6022,1427,2010-12-01 07:23:00,2019-10-31 07:16:00
6023,7547,2010-12-01 14:31:00,2019-10-31 12:43:00
6024,115,2010-12-02 17:33:00,2011-07-31 11:17:00
6025,3588,2010-12-02 14:42:00,2019-10-30 17:20:00
6026,2277,2010-12-05 07:04:00,2019-10-29 13:05:00
6027,6330,2010-12-01 09:13:00,2019-10-31 15:56:00
6029,5961,2010-12-01 14:51:00,2019-10-31 19:26:00
6031,8335,2010-12-01 09:39:00,2019-10-31 21:43:00
6032,4072,2010-12-01 16:01:00,2019-10-31 15:21:00
6033,1441,2010-12-12 22:04:00,2019-10-30 13:44:00
6034,1617,2010-12-03 05:33:00,2016-08-05 21:15:00
6035,4528,2011-12-01 13:03:00,2019-10-31 13:00:00
6036,1732,2011-12-01 14:27:00,2019-10-31 20:45:00
6037,1753,2011-12-02 16:39:00,2019-10-28 11:27:00
6038,2416,2011-11-17 14:08:00,2019-10-31 15:27:00
6040,4028,2011-12-01 05:03:00,2019-10-31 12:56:00
6041,10490,2011-12-01 15:12:00,2019-10-31 19:58:00
6042,1462,2011-12-01 14:44:00,2019-10-26 10:47:00
6043,2103,2011-12-01 10:24:00,2019-10-29 13:56:00
6044,2914,2011-11-28 15:20:00,2019-10-31 11:31:00
6045,5401,2011-12-01 08:50:00,2019-10-31 14:10:00
6046,3671,2011-12-02 08:45:00,2019-10-31 10:27:00
6047,1278,2011-12-01 07:05:00,2019-10-31 06:54:00
6048,2362,2011-12-01 11:17:00,2019-10-31 06:40:00
6049,2022,2011-12-01 02:41:00,2018-06-29 22:07:00
6050,1299,2011-12-01 13:04:00,2019-10-28 15:41:00
6051,2555,2011-07-30 16:46:00,2019-10-30 17:37:00
6052,1868,2011-12-03 11:29:00,2019-10-29 20:10:00
6053,2158,2011-12-03 14:20:00,2019-10-30 19:56:00
6054,6542,2011-12-01 10:46:00,2019-10-31 12:59:00
6055,1430,2011-12-02 17:43:00,2019-10-30 17:50:00
6056,7828,2011-12-01 06:15:00,2019-10-31 21:05:00
6057,4172,2011-12-03 09:02:00,2019-10-30 15:00:00
6058,5293,2011-12-01 11:37:00,2019-10-31 08:22:00
6059,942,2011-12-02 12:02:00,2019-10-29 13:21:00
6060,2155,2011-12-01 08:26:00,2014-06-30 17:21:00
6061,1472,2011-12-02 07:59:00,2019-10-30 20:51:00
6062,5073,2011-12-01 05:11:00,2019-10-31 06:40:00
6063,6621,2011-12-01 01:19:00,2019-10-31 16:11:00
6064,2575,2011-07-10 15:16:00,2018-11-06 05:58:00
6065,21,2011-12-01 15:00:00,2011-12-30 14:47:00
6066,1863,2012-05-10 21:09:00,2018-04-04 14:29:00
6068,3394,2012-12-01 08:52:00,2019-10-29 11:54:00
6069,4390,2012-09-04 12:20:00,2019-10-31 15:37:00
6070,1721,2012-12-02 00:20:00,2019-07-30 11:51:00
6071,1618,2012-12-02 13:10:00,2019-10-28 12:44:00
6072,6666,2012-08-27 11:54:00,2019-10-31 06:15:00
6073,1970,2012-12-01 21:10:00,2019-10-30 18:22:00
6074,2767,2012-12-01 20:33:00,2019-10-30 23:33:00
6075,1313,2012-12-01 09:20:00,2019-10-31 09:05:00
6076,2336,2012-12-01 12:07:00,2019-10-30 12:07:00
6077,294,2012-12-02 08:57:00,2013-07-30 13:47:00
6078,2142,2012-12-02 11:52:00,2019-10-31 07:01:00
6079,2779,2012-12-01 06:06:00,2019-10-31 06:02:00
6080,3613,2013-08-26 22:21:00,2019-10-31 20:54:00
6081,4182,2013-07-30 17:34:00,2019-10-31 04:44:00
6083,1539,2013-12-01 12:49:00,2019-10-29 12:31:00
6084,1838,2013-12-02 06:23:00,2019-10-31 07:51:00
6085,501,2013-12-02 11:39:00,2019-10-21 13:25:00
6086,793,2013-12-01 08:36:00,2015-06-30 16:17:00
6087,31,2013-12-01 09:53:00,2013-12-31 11:00:00
6088,1464,2013-12-01 06:22:00,2019-10-28 16:25:00
6089,854,2013-09-11 20:40:00,2019-10-31 19:14:00
6090,1732,2013-12-01 11:24:00,2019-10-31 18:15:00
6092,969,2013-12-01 15:03:00,2017-11-25 15:18:00
6093,2503,2013-12-01 15:23:00,2019-10-30 10:59:00
6094,3822,2013-12-01 09:01:00,2019-10-31 09:27:00
6095,1412,2013-12-01 07:29:00,2016-06-30 07:04:00
6096,2164,2013-09-12 22:11:00,2019-10-30 11:57:00
6097,477,2014-08-01 22:19:00,2018-06-26 14:55:00
6098,500,2014-12-03 13:41:00,2019-10-30 10:20:00
6101,1541,2014-12-01 09:09:00,2019-10-31 12:41:00
6102,5224,2014-12-01 09:15:00,2019-10-31 17:58:00
6103,3018,2014-12-01 22:22:00,2019-10-31 00:24:00
6105,916,2015-12-01 19:13:00,2019-10-28 13:59:00
6106,1774,2015-08-13 17:34:00,2019-10-30 10:28:00
6107,16,2015-12-01 13:59:00,2015-12-30 14:15:00
6108,7764,2015-12-01 07:37:00,2019-10-31 20:32:00
6109,586,2015-12-01 23:12:00,2019-10-26 11:40:00
6110,4330,2015-07-20 19:28:00,2019-10-31 16:12:00
6112,1070,2015-12-02 07:46:00,2019-10-31 16:03:00
6114,2350,2015-12-01 06:07:00,2019-10-31 16:28:00
6115,754,2015-12-02 07:45:00,2019-10-27 23:13:00
6116,3049,2015-12-01 06:16:00,2019-10-31 22:43:00
6118,3176,2016-12-01 09:51:00,2019-10-30 22:55:00
6119,614,2016-12-02 10:34:00,2019-10-30 14:43:00
6120,1348,2016-09-14 22:55:00,2019-10-31 11:20:00
6121,1105,2016-12-01 12:00:00,2019-10-29 10:42:00
6122,1466,2016-12-01 07:56:00,2019-02-28 11:12:00
6123,1266,2016-07-31 08:23:00,2019-10-31 15:20:00
6125,386,2016-12-02 14:29:00,2019-10-26 11:43:00
6127,1552,2016-12-02 15:02:00,2019-10-31 22:15:00
6128,902,2016-12-02 08:27:00,2019-09-30 21:51:00
6129,372,2016-12-01 08:49:00,2018-05-31 09:54:00
6130,1021,2016-12-01 10:02:00,2019-10-30 09:47:00
6131,382,2017-12-01 11:48:00,2019-10-31 08:45:00
6133,1247,2017-12-01 10:41:00,2019-10-31 12:06:00
6134,365,2017-12-01 06:34:00,2019-10-28 18:56:00
6137,637,2018-12-01 06:33:00,2019-10-31 13:26:00
6138,287,2018-12-02 13:35:00,2019-10-30 14:20:00
6144,1,2019-10-20 23:15:00,2019-10-20 23:15:00
