card_id,client_id,card_type,credit_limit,open_m,before,after,control_change,own_card_y1,incremental
281,708,Credit,98100,24133,199.17974999999996,1598.861245,-5.727553574803157,1520.1684,1405.4090485748031
269,427,Debit (Prepaid),79,24133,20.63994,31.917659999999994,-5.727553574803157,0.0,17.00527357480315
283,1378,Debit,21757,24133,558.0800100000001,593.5569699999999,-5.727553574803157,99.542435,41.204513574802895
270,103,Debit,15023,24133,266.194545,288.82005999999996,-5.727553574803157,23.325895,28.353068574803107
284,636,Debit,12057,24133,98.73943500000003,104.05090499999999,-5.727553574803157,26.89654,11.039023574803114
271,252,Debit (Prepaid),35,24133,673.0075750000001,654.4639299999999,-5.727553574803157,0.0,-12.81609142519704
272,1229,Debit,19238,24133,680.566835,729.8695200000001,-5.727553574803157,56.08806,55.03023857480327
273,940,Debit,26534,24133,454.33750999999995,435.32853999999986,-5.727553574803157,38.20226,-13.281416425196934
286,764,Debit,16109,24133,772.4174400000002,515.0627949999998,-5.727553574803157,105.73721499999999,-251.6270914251972
287,1345,Debit,16857,24133,679.381435,630.2122400000001,-5.727553574803157,22.147305,-43.441641425196785
274,1695,Debit,20838,24133,512.294705,492.3820749999999,-5.727553574803157,36.467355,-14.185076425196993
276,947,Debit (Prepaid),79,24133,237.13883499999997,175.5432049999999,-5.727553574803157,0.0,-55.868076425196925
289,1788,Debit,26255,24133,224.52852500000003,279.28870000000006,-5.727553574803157,139.58354,60.48772857480319
265,37,Credit,0,24133,269.670955,580.8208850000001,-5.727553574803157,413.9847,316.87748357480325
266,1759,Credit,12300,24133,775.100735,748.0712549999996,-5.727553574803157,220.76406,-21.30192642519722
279,155,Credit,7800,24133,110.07351,232.04605499999997,-5.727553574803157,136.90313999999998,127.70009857480312
291,1811,Debit,7821,24133,345.671355,382.269375,-5.727553574803157,100.84168,42.32557357480318
1278,1746,Debit,28508,24134,87.90964,90.18646499999998,-5.528564814528601,43.615465,7.805389814528589
1266,217,Credit,6500,24134,409.46455,474.00242,-5.528564814528601,111.3777,70.0664348145286
1267,217,Debit,2650,24134,409.46455,474.00242,-5.528564814528601,77.04681,70.0664348145286
1268,985,Credit,16000,24134,1738.49418,1747.9746,-5.528564814528601,894.2787,15.008984814528695
1279,996,Debit,27231,24134,881.0375899999998,881.6877249999998,-5.528564814528601,69.268255,6.178699814528579
1282,852,Credit,4400,24134,677.7527949999999,724.9182449999998,-5.528564814528601,225.44352,52.694014814528565
1283,1958,Debit (Prepaid),62,24134,456.01981,341.0768000000001,-5.528564814528601,0.0,-109.4144451854713
1284,1973,Debit,13202,24134,110.753585,112.19976000000005,-5.528564814528601,37.760954999999996,6.974739814528655
1270,743,Debit,11664,24134,118.22121,127.29631999999998,-5.528564814528601,69.78048,14.603674814528581
1286,1148,Credit,9400,24134,572.03802,625.2784200000001,-5.528564814528601,329.67126,58.768964814528736
1271,0,Debit,31490,24134,1016.2207800000001,825.32539,-5.528564814528601,170.96814999999998,-185.36682518547153
1287,282,Credit,7300,24134,221.04373,281.68656,-5.528564814528601,93.51216,66.17139481452858
1272,1830,Debit,12782,24134,680.5678200000001,501.6968399999997,-5.528564814528601,84.431775,-173.34241518547176
1273,1456,Credit,7200,24134,805.7389350000001,802.7864250000002,-5.528564814528601,331.26066,2.576054814528754
1288,343,Debit,38385,24134,346.80224499999997,323.32889000000006,-5.528564814528601,62.38632,-17.944790185471312
1289,40,Debit (Prepaid),58,24134,204.85650499999997,182.6180549999999,-5.528564814528601,0.0,-16.709885185471457
1290,385,Debit,2210,24134,432.75478999999996,358.4669400000001,-5.528564814528601,44.5378,-68.75928518547127
1291,20,Debit,16465,24134,478.16867499999995,368.4288950000001,-5.528564814528601,31.88288,-104.21121518547122
1274,914,Debit,17522,24134,411.9807500000001,468.68653500000005,-5.528564814528601,46.476119999999995,62.234349814528535
1294,48,Debit,15018,24134,89.397715,118.013465,-5.528564814528601,60.42683,34.14431481452859
1276,256,Debit,27489,24134,720.5840999999999,545.14669,-5.528564814528601,122.52306999999999,-169.90884518547128
1277,1682,Credit,12600,24134,536.8107299999999,499.54996000000006,-5.528564814528601,73.67886,-31.732205185471265
1265,948,Credit,6200,24134,492.69096,507.7762200000001,-5.528564814528601,213.47136,20.613824814528662
1295,1240,Credit,4000,24134,177.93553499999996,393.15022499999986,-5.528564814528601,258.80688,220.7432548145285
2273,1664,Credit,21900,24135,331.22333499999996,696.565,-4.178775772058829,426.69594,369.5204407720589
2287,747,Debit,21952,24135,178.05604499999998,210.23674500000004,-4.178775772058829,100.20353,36.359475772058886
2274,1362,Debit (Prepaid),44,24135,519.479515,553.1568950000003,-4.178775772058829,0.0,37.85615577205914
2275,1163,Credit,22200,24135,562.17096,619.3445399999997,-4.178775772058829,268.96698,61.3523557720585
2276,1646,Debit,11153,24135,343.63241999999997,340.8328949999999,-4.178775772058829,138.75787499999998,1.3792507720587555
2279,905,Debit (Prepaid),77,24135,1064.92107,1018.2526749999997,-4.178775772058829,0.0,-42.489619227941546
2289,385,Debit,24298,24135,400.58868999999993,372.4352400000001,-4.178775772058829,43.91564,-23.974674227941023
2290,609,Debit,19436,24135,409.48254000000003,413.14341000000013,-4.178775772058829,129.21501,7.839645772058931
2291,802,Credit,21400,24135,879.3491399999999,1114.1035200000001,-4.178775772058829,531.61686,238.93315577205902
2280,1470,Debit,14856,24135,141.48274999999998,132.01659999999998,-4.178775772058829,33.841184999999996,-5.28737422794117
2281,155,Debit,12163,24135,120.88766000000001,239.92974499999997,-4.178775772058829,32.84966,123.22086077205878
2282,618,Debit,11591,24135,94.94511999999997,122.62752,-4.178775772058829,52.60922,31.861175772058857
2283,1772,Debit,27201,24135,693.4469399999999,791.56768,-4.178775772058829,111.61265999999999,102.2995157720589
2673,1977,Debit (Prepaid),91,24136,578.557405,400.22669499999984,-4.519956361671483,0.0,-173.8107536383287
2674,1758,Credit,3800,24136,326.6700249999999,564.909515,-4.519956361671483,338.56469999999996,242.75944636167165
2683,229,Debit,20827,24136,666.2714400000002,613.0161550000001,-4.519956361671483,161.361775,-48.73532863832859
2684,1546,Debit,19015,24136,379.268945,423.149755,-4.519956361671483,43.560115,48.400766361671536
2670,942,Credit,20800,24136,264.41139000000004,861.98576,-4.519956361671483,700.31448,602.0943263616715
2672,1882,Credit,13600,24136,141.69300500000003,506.50549,-4.519956361671483,438.23232,369.33244136167144
2685,1757,Debit,12628,24136,478.73916,385.17355499999985,-4.519956361671483,84.65772,-89.04564863832869
2686,469,Credit,13700,24136,208.86779499999994,636.6920499999999,-4.519956361671483,500.35859999999997,432.3442113616714
2687,1736,Debit,2289,24136,710.6267350000002,773.0711599999997,-4.519956361671483,152.94438,66.96438136167106
2675,1662,Debit,29948,24136,316.01535,377.9188299999999,-4.519956361671483,187.06642499999998,66.42343636167138
2676,260,Debit,21007,24136,0.0,67.190435,-4.519956361671483,67.190435,71.71039136167147
2677,1129,Credit,7600,24136,315.81558499999994,848.9860800000001,-4.519956361671483,651.789,537.6904513616716
2678,28,Credit,16400,24136,143.83119,472.81193500000006,-4.519956361671483,391.57002,333.50070136167153
2671,79,Credit,12200,24136,137.83743499999997,438.39838000000003,-4.519956361671483,354.60792,305.0809013616715
2679,132,Debit,15022,24136,56.05857000000001,74.92104499999999,-4.519956361671483,32.351504999999996,23.382431361671465
2680,674,Debit,11402,24136,427.24962500000004,435.12049,-4.519956361671483,40.02285,12.390821361671463
2689,80,Debit,13569,24136,313.21815000000004,317.66224000000005,-4.519956361671483,53.4689,8.9640463616715
2681,177,Credit,11900,24136,223.00104499999998,866.440595,-4.519956361671483,757.97784,647.9595063616715
2682,1089,Debit,25390,24136,0.461245,183.79946500000003,-4.519956361671483,183.799465,187.85817636167153
2690,1405,Debit (Prepaid),62,24136,699.0086049999999,641.4409000000002,-4.519956361671483,0.0,-53.04774863832822
3087,1296,Credit,19800,24137,705.1825200000001,795.9575950000001,-6.326025923836404,235.37394,97.10110092383641
3084,1913,Credit,17700,24137,768.66912,895.4186400000001,-6.326025923836404,313.96013999999997,133.07554592383647
3088,684,Credit,8800,24137,64.587415,327.6275350000001,-6.326025923836404,244.48932000000002,269.36614592383654
3091,733,Debit,2656,24137,1226.9828000000002,1213.2421250000002,-6.326025923836404,89.328525,-7.414649076163606
3092,662,Debit (Prepaid),110,24137,302.747485,185.90654500000005,-6.326025923836404,0.0,-110.51491407616354
3103,869,Debit,19792,24137,0.0,76.09416999999999,-6.326025923836404,35.338735,82.42019592383639
3104,869,Debit (Prepaid),76,24137,0.0,76.09416999999999,-6.326025923836404,0.0,82.42019592383639
3089,1644,Credit,8900,24137,588.1773450000001,598.9163049999999,-6.326025923836404,191.15225999999998,17.064985923836197
3093,1131,Credit,14600,24137,130.01357000000002,1009.6070650000001,-6.326025923836404,896.7266999999999,885.9195209238364
3105,776,Debit,25020,24137,219.47286500000007,224.91125000000005,-6.326025923836404,113.43062,11.764410923836387
3106,1213,Debit,13905,24137,398.01707999999996,249.36948999999993,-6.326025923836404,48.26179,-142.32156407616364
3107,832,Debit,20776,24137,135.620985,135.27141999999998,-6.326025923836404,68.821765,5.976460923836392
3095,1281,Credit,10100,24137,69.815135,184.34974499999998,-6.326025923836404,135.09684000000001,120.86063592383638
3108,992,Debit,23636,24137,989.43984,619.7210950000001,-6.326025923836404,110.619895,-363.3927190761635
3109,592,Debit,15504,24137,734.4263150000002,744.233485,-6.326025923836404,66.259815,16.13319592383622
3096,161,Debit,13612,24137,293.0021449999999,336.276585,-6.326025923836404,168.96979,49.60046592383649
3097,1533,Debit,27594,24137,1087.1747999999998,787.3839749999995,-6.326025923836404,112.68295499999999,-293.46479907616384
3110,913,Credit,6900,24137,81.38516999999999,189.80326,-6.326025923836404,134.46126,114.7441159238364
3098,1771,Debit,27534,24137,174.579645,214.00144499999996,-6.326025923836404,108.88360499999999,45.747825923836366
3099,75,Credit,9200,24137,455.80947,436.2802599999999,-6.326025923836404,132.86466,-13.203184076163687
3100,1988,Debit,30024,24137,344.20549000000005,843.2834849999998,-6.326025923836404,161.476285,505.4040209238362
3085,604,Credit,16000,24137,161.017855,574.9915000000001,-6.326025923836404,489.17772,420.2996709238365
3086,1348,Credit,0,24137,152.709245,137.4036600000001,-6.326025923836404,61.98858,-8.979559076163518
3111,155,Debit,14959,24137,135.382635,243.15272499999995,-6.326025923836404,37.610665,114.09611592383635
3101,759,Debit,25059,24137,161.202085,168.11840500000008,-6.326025923836404,57.22059,13.242345923836474
3102,1258,Debit,24326,24137,463.04963,436.02758499999993,-6.326025923836404,46.4275,-20.696019076163644
3513,46,Debit,24191,24138,98.33588000000003,123.89108499999995,-4.794727829670342,63.750865,30.34993282967026
3514,1564,Debit,15820,24138,329.32123000000007,341.25178000000017,-4.794727829670342,103.2205,16.72527782967044
3508,1508,Credit,8700,24138,244.74895500000005,241.53290000000004,-4.794727829670342,85.58514,1.5786728296703307
3530,1931,Credit,17300,24138,0.0,2134.5278399999997,-4.794727829670342,2134.5278399999997,2139.32256782967
3515,1227,Debit (Prepaid),67,24138,681.3808200000001,575.15742,-4.794727829670342,0.0,-101.42867217032975
3517,869,Debit,17602,24138,4.9259450000000005,77.87716999999999,-4.794727829670342,44.26105,77.74595282967033
3531,1495,Debit,42241,24138,895.00394,821.0533150000001,-4.794727829670342,80.24719499999999,-69.1558971703295
3518,1213,Debit (Prepaid),67,24138,376.6690699999999,245.26722499999994,-4.794727829670342,0.0,-126.60711717032964
3532,1376,Debit,22641,24138,871.3522800000001,673.608365,-4.794727829670342,169.519625,-192.94918717032968
3520,249,Debit,14725,24138,318.41751500000004,334.43625000000003,-4.794727829670342,43.08339,20.813462829670335
3521,502,Debit,415,24138,1016.3932199999999,831.1848800000002,-4.794727829670342,335.97157999999996,-180.41361217032934
3522,1843,Debit,12189,24138,877.6077250000001,986.8139799999999,-4.794727829670342,97.75119,114.00098282967016
3509,1006,Credit,10900,24138,225.05154499999998,531.502115,-4.794727829670342,394.19676000000004,311.2452978296704
3523,343,Credit,12300,24138,335.43598999999995,325.009895,-4.794727829670342,88.75583999999999,-5.631367170329633
3534,860,Debit,21885,24138,361.32407,375.7316549999998,-4.794727829670342,119.08788999999999,19.202312829670156
3535,1820,Debit,16726,24138,240.27991499999996,236.8589500000001,-4.794727829670342,14.930555,1.373762829670489
3524,1398,Credit,20100,24138,820.525365,1003.934345,-4.794727829670342,412.0956,188.20370782967038
3525,1725,Debit,14056,24138,240.66931499999998,241.38443500000005,-4.794727829670342,47.64482,5.509847829670412
3527,287,Debit,26425,24138,207.99596000000003,216.40762000000007,-4.794727829670342,72.388145,13.206387829670383
3528,173,Debit,14701,24138,0.0,185.949605,-4.794727829670342,185.949605,190.74433282967033
3537,921,Debit,24069,24138,356.80953999999986,348.66164,-4.794727829670342,69.484335,-3.353172170329537
3538,380,Credit,8000,24138,481.4226,482.4907200000001,-4.794727829670342,243.37062,5.862847829670478
3539,1577,Credit,10100,24138,156.27715499999996,237.84733,-4.794727829670342,167.01641999999998,86.36490282967037
3510,1609,Credit,16100,24138,385.38379999999995,490.02950499999986,-4.794727829670342,186.52986,109.44043282967024
3540,1659,Credit,12700,24138,1265.2442499999997,1253.0644750000004,-4.794727829670342,411.96204,-7.385047170329039
3541,634,Debit,37620,24138,584.4929649999999,553.3950349999998,-4.794727829670342,60.20353,-26.30320217032979
3966,203,Credit,2600,24139,458.64,562.5273600000002,-4.108504416107398,198.41022,107.99586441610757
3981,1769,Debit,20206,24139,543.6787400000001,554.9158700000003,-4.108504416107398,100.352645,15.345634416107604
3982,602,Credit,9500,24139,309.8850249999999,719.91581,-4.108504416107398,529.50636,414.13928941610743
3967,1591,Debit,17332,24139,595.84031,708.9179250000004,-4.108504416107398,104.521,117.18611941610777
3968,1610,Debit,8580,24139,522.55404,416.1113250000003,-4.108504416107398,187.196505,-102.33421058389229
3969,808,Debit,17042,24139,22.36688,280.0731,-4.108504416107398,128.76522,261.8147244161074
3984,515,Debit,27053,24139,203.79752999999997,204.73916000000003,-4.108504416107398,49.775805,5.050134416107459
3965,716,Credit,5200,24139,864.7398,844.8028199999999,-4.108504416107398,427.3245,-15.828475583892665
3964,1106,Credit,11000,24139,204.2371799999999,407.35848499999986,-4.108504416107398,236.84094,207.22980941610734
3971,250,Debit,10412,24139,581.7916400000001,562.6769899999999,-4.108504416107398,20.08563,-15.006145583892813
3987,1430,Credit,400,24139,533.5750050000001,563.8350899999997,-4.108504416107398,180.657,34.36858941610695
3972,1302,Debit (Prepaid),13,24139,453.42286,539.4088149999998,-4.108504416107398,0.0,90.09445941610716
3973,400,Debit,16687,24139,263.41434000000004,42.57589999999999,-4.108504416107398,42.5759,-216.72993558389265
3974,1994,Debit (Prepaid),63,24139,398.99646,618.4407749999998,-4.108504416107398,0.0,223.55281941610718
3988,983,Debit,20839,24139,172.94889999999998,201.2323550000001,-4.108504416107398,82.53574,32.39195941610752
3989,256,Debit (Prepaid),50,24139,686.71047,490.24459,-4.108504416107398,0.0,-192.35737558389258
3976,1579,Credit,12800,24139,399.67499500000014,504.08074999999985,-4.108504416107398,178.27326,108.51425941610711
3977,1504,Debit,8444,24139,401.6546800000001,361.4298,-4.108504416107398,37.462045,-36.1163755838927
3978,1811,Debit,62519,24139,361.031565,402.75731999999994,-4.108504416107398,98.82565,45.83425941610734
3979,989,Debit,27178,24139,2399.54875,2383.15738,-4.108504416107398,39.398005,-12.282865583892427
3980,55,Debit,6056,24139,439.2616250000002,492.3607199999998,-4.108504416107398,77.68726,57.20759941610698
4358,811,Debit,35750,24140,236.56444000000005,279.30443499999996,-3.5904331464380035,139.177505,46.33042814643791
4359,1669,Credit,5000,24140,452.900155,508.0078900000002,-3.5904331464380035,229.09788,58.69816814643822
4376,1765,Debit,18042,24140,190.658045,634.1747799999998,-3.5904331464380035,15.95656,447.1071681464378
4360,575,Credit,15100,24140,441.32462999999984,419.5425200000002,-3.5904331464380035,159.96006,-18.191676853561646
4361,636,Debit,1218,24140,99.039815,106.98775,-3.5904331464380035,25.360615,11.538368146438005
4377,721,Credit,6700,24140,374.08935,399.72871,-3.5904331464380035,13.585139999999999,29.229793146437956
4378,1131,Debit,23898,24140,365.07902,1027.7011500000003,-3.5904331464380035,52.463595,666.2125631464384
4356,865,Credit,2000,24140,1215.1760400000005,973.0701549999999,-3.5904331464380035,414.9027,-238.5154518535626
4379,760,Debit (Prepaid),59,24140,857.9719799999998,670.0044600000001,-3.5904331464380035,0.0,-184.37708685356168
4362,774,Debit,1669,24140,136.40486000000004,167.28978,-3.5904331464380035,90.84949999999999,34.47535314643797
4381,1764,Debit,23538,24140,495.93636000000004,332.2748550000001,-3.5904331464380035,71.781195,-160.0710718535619
4382,225,Debit,16523,24140,402.145835,501.1071300000001,-3.5904331464380035,54.524119999999996,102.55172814643812
4383,1430,Debit,25726,24140,528.0063750000002,579.6513399999997,-3.5904331464380035,34.83085,55.235398146437504
4364,483,Debit,13224,24140,464.68386000000004,276.33179500000006,-3.5904331464380035,76.613335,-184.76163185356197
4384,988,Credit,17100,24140,739.4959799999999,789.1914600000001,-3.5904331464380035,398.00988,53.285913146438205
4367,216,Debit (Prepaid),80,24140,67.384435,51.43953000000002,-3.5904331464380035,0.0,-12.354471853561973
4385,1437,Credit,11400,24140,327.70485499999995,628.06546,-3.5904331464380035,362.39022,303.95103814643807
4369,604,Debit,30713,24140,259.54634999999996,607.87075,-3.5904331464380035,44.696705,351.91483314643807
4370,843,Debit,18026,24140,336.91519500000004,324.4227550000003,-3.5904331464380035,31.6446,-8.902006853561756
4371,1815,Debit (Prepaid),56,24140,514.9378299999998,405.0576050000003,-3.5904331464380035,0.0,-106.28979185356154
4386,257,Credit,8000,24140,127.03148,484.2473350000001,-3.5904331464380035,415.98216,360.8062881464381
4372,618,Debit,8633,24140,104.21317499999999,127.13834499999999,-3.5904331464380035,43.23619,26.515603146437996
4357,795,Credit,16100,24140,357.0611849999999,1092.42099,-3.5904331464380035,879.5012399999999,738.9502381464382
4373,77,Debit,21862,24140,1210.2759849999998,1246.7253149999997,-3.5904331464380035,53.92727,40.03976314643792
4818,1492,Credit,27000,24141,153.23790499999998,528.7967150000001,-3.8350964010282826,436.1049,379.3939064010284
4806,1905,Credit,5800,24141,212.92505500000004,241.56773500000003,-3.8350964010282826,68.11056,32.477776401028265
4819,427,Debit,11093,24141,21.130315,104.065355,-3.8350964010282826,104.065355,86.77013640102828
4807,1997,Debit,25048,24141,919.5161600000001,920.2734099999996,-3.8350964010282826,20.355245,4.592346401027713
4808,1765,Credit,7500,24141,192.239375,654.6658499999999,-3.8350964010282826,518.18346,466.26157140102816
4810,1246,Debit,16257,24141,355.48669500000005,424.57389,-3.8350964010282826,55.491725,72.92229140102823
4820,1757,Debit,16642,24141,438.94988499999994,341.94127500000013,-3.8350964010282826,56.10843,-93.17351359897152
4821,222,Debit,46521,24141,132.73616,137.90413999999993,-3.8350964010282826,67.394145,9.003076401028197
4822,282,Debit,4302,24141,260.5141249999999,303.607195,-3.8350964010282826,65.31959,46.92816640102835
4811,525,Debit,13257,24141,188.610765,270.04315499999996,-3.8350964010282826,86.584895,85.26748640102825
4812,366,Debit,23042,24141,610.1233400000001,552.9083050000004,-3.8350964010282826,89.825205,-53.379938598971435
4824,303,Credit,15600,24141,1483.9460199999999,1562.8760800000005,-3.8350964010282826,363.58614,82.76515640102888
4825,1549,Credit,8800,24141,494.48432,462.20944999999995,-3.8350964010282826,189.31716,-28.439773598971797
4813,546,Debit,2559,24141,484.9527249999999,468.68949499999985,-3.8350964010282826,51.26903,-12.428133598971739
4814,1458,Debit,7535,24141,105.553785,128.47237999999996,-3.8350964010282826,46.63574,26.753691401028235
4826,1787,Debit,37338,24141,825.70834,849.6202699999997,-3.8350964010282826,91.90643999999999,27.747026401027924
4828,843,Debit,11996,24141,326.4567900000001,328.98059000000023,-3.8350964010282826,32.45914,6.358896401028391
4830,1258,Debit,26158,24141,476.4051149999999,430.7361599999999,-3.8350964010282826,41.456895,-41.8338585989717
4816,1347,Debit,21802,24141,151.99031499999998,552.9259050000001,-3.8350964010282826,95.085645,404.77068640102834
4817,488,Debit,12759,24141,581.8545549999999,574.3273650000002,-3.8350964010282826,272.151745,-3.692093598971395
5231,1492,Debit,12915,24142,191.25094999999996,540.7345550000001,-4.612233793969846,51.028605,354.09583879396996
5226,1913,Credit,16700,24142,825.2357400000001,855.56862,-4.612233793969846,191.60784,34.94511379396978
5232,909,Debit,5204,24142,700.6221199999998,706.2537950000003,-4.612233793969846,178.81925999999999,10.243908793970387
5248,1576,Debit,15807,24142,108.74013499999998,148.84161,-4.612233793969846,71.904845,44.71370879396987
5233,582,Debit,19536,24142,0.0,112.85641999999999,-4.612233793969846,112.85641999999999,117.46865379396984
5251,1223,Debit,86262,24142,0.44535999999999376,22.933525000000003,-4.612233793969846,22.933524999999996,27.100398793969855
5234,334,Debit,14227,24142,395.4610799999999,260.2583850000002,-4.612233793969846,55.480665,-130.5904612060299
5236,201,Debit,11679,24142,278.12067,218.86028499999986,-4.612233793969846,48.982225,-54.648151206030306
5237,865,Debit,24546,24142,1264.2485400000003,881.2969250000001,-4.612233793969846,147.992405,-378.33938120603034
5227,230,Credit,8700,24142,350.9381100000001,386.8930200000001,-4.612233793969846,79.5636,40.567143793969834
5228,791,Credit,10100,24142,115.43555500000001,357.6490150000001,-4.612233793969846,179.23194,246.8256937939699
5239,249,Debit,14104,24142,315.1110450000001,337.23892,-4.612233793969846,40.36934,26.74010879396975
5240,525,Debit,15900,24142,209.11875999999998,271.25567,-4.612233793969846,92.01850999999999,66.74914379396988
5241,1994,Debit,23768,24142,550.0650599999999,650.7765849999998,-4.612233793969846,84.378865,105.32375879396979
5229,1384,Credit,15000,24142,200.1740399999999,519.531635,-4.612233793969846,399.53340000000003,323.96982879397
5242,589,Debit,14094,24142,70.491095,85.33351499999993,-4.612233793969846,45.72825,19.45465379396978
5253,69,Credit,10800,24142,330.1639550000001,369.27523500000007,-4.612233793969846,77.2452,43.723513793969815
5230,1241,Credit,16500,24142,333.56436999999994,586.4690850000001,-4.612233793969846,286.52112,257.51694879396996
5254,810,Debit,7014,24142,780.1988099999996,807.80818,-4.612233793969846,67.129135,32.2216037939702
5243,1458,Debit,11094,24142,104.72952500000001,129.77024999999995,-4.612233793969846,42.454055,29.652958793969784
5244,1702,Debit,18624,24142,0.0,128.164115,-4.612233793969846,58.50625,132.77634879396985
5245,1463,Credit,7700,24142,377.13077499999997,928.0436399999998,-4.612233793969846,544.0086,555.5250987939696
5246,1827,Debit,29137,24142,690.9413199999997,759.4214099999999,-4.612233793969846,65.09803,73.0923237939701
5247,144,Debit,20289,24142,0.0,351.98013,-4.612233793969846,351.98013,356.5923637939698
5645,871,Debit (Prepaid),91,24143,597.0860349999997,532.8899599999997,-5.300892074663399,0.0,-58.89518292533655
5646,1508,Debit (Prepaid),95,24143,254.4877950000001,220.21938000000023,-5.300892074663399,0.0,-28.967522925336464
5658,659,Debit,10538,24143,426.8138399999999,398.3130849999999,-5.300892074663399,80.558725,-23.199862925336628
5641,1378,Credit,3100,24143,589.4459649999999,593.9725600000002,-5.300892074663399,226.43676,9.827487074663669
5642,1956,Credit,9500,24143,174.69801500000003,271.5668249999999,-5.300892074663399,167.30154,102.16970207466325
5648,619,Debit,23220,24143,174.52242999999999,164.68735499999997,-5.300892074663399,44.004435,-4.534182925336618
5650,605,Debit,14541,24143,551.1056349999999,539.0594049999999,-5.300892074663399,120.15973,-6.745337925336638
5643,401,Credit,9700,24143,574.5163050000001,606.70402,-5.300892074663399,201.57552,37.488607074663314
5660,1797,Debit,16008,24143,565.4077399999998,658.5994849999997,-5.300892074663399,190.50438499999998,98.49263707466336
5661,199,Credit,16900,24143,184.40465499999988,587.6355550000003,-5.300892074663399,450.81468,408.5317920746638
5651,1102,Debit,5414,24143,1445.8477349999998,1369.9055750000007,-5.300892074663399,62.79427,-70.64126792533575
5662,1173,Credit,16900,24143,581.3993100000002,693.173155,-5.300892074663399,255.01031999999998,117.0747370746631
5663,1541,Debit,10627,24143,589.7056249999999,697.3321000000001,-5.300892074663399,100.49816,112.92736707466354
5664,576,Debit,26471,24143,661.8361999999998,616.3426250000002,-5.300892074663399,32.86692,-40.19268292533622
5652,1646,Credit,9900,24143,302.62215499999985,373.30466,-5.300892074663399,126.16919999999999,75.98339707466356
5653,1604,Credit,11200,24143,612.0718,586.8086149999995,-5.300892074663399,15.68556,-19.96229292533719
5654,556,Debit,23688,24143,270.08394000000004,308.3344050000003,-5.300892074663399,146.36219499999999,43.55135707466365
5665,1702,Debit,23343,24143,7.81496,136.17201,-5.300892074663399,50.23724,133.6579420746634
5655,169,Debit (Prepaid),91,24143,137.69865,96.17933499999998,-5.300892074663399,0.0,-36.218422925336604
5644,753,Credit,8600,24143,0.0,420.27066,-5.300892074663399,270.00648,425.57155207466343
5666,1332,Debit,40914,24143,140.39229999999995,176.14275500000002,-5.300892074663399,87.17995499999999,41.051347074663475
5657,1772,Debit,16426,24143,702.2479749999999,868.4230350000003,-5.300892074663399,90.53511999999999,171.47595207466378
6051,1586,Credit,11800,24144,1039.3154999999997,1053.9244800000004,-4.214465429594274,392.66892,18.82344542959493
6035,1340,Credit,11200,24144,2412.8747100000014,2406.8439899999994,-4.214465429594274,1118.1276,-1.8162545704077466
6052,972,Credit,16800,24144,630.474855,619.6028699999999,-4.214465429594274,212.78232,-6.657519570405835
6053,561,Debit,16531,24144,384.31885499999987,431.55810499999995,-4.214465429594274,73.07301,51.453715429594354
6040,112,Debit,16320,24144,1181.0722099999998,1157.3236150000002,-4.214465429594274,117.64104,-19.534129570405295
6055,1226,Debit (Prepaid),64,24144,759.9206349999997,691.1189750000003,-4.214465429594274,0.0,-64.58719457040513
6056,1207,Debit,17010,24144,1337.3749800000003,1024.815885,-4.214465429594274,210.426045,-308.344629570406
6057,394,Debit,22015,24144,429.155215,448.41020000000015,-4.214465429594274,111.970355,23.46945042959442
6058,1963,Debit,21692,24144,1609.612295,1522.8651899999995,-4.214465429594274,152.40260999999998,-82.5326395704061
6059,980,Credit,5800,24144,306.02430500000014,281.0564649999999,-4.214465429594274,97.04934,-20.753374570405978
6043,1853,Debit,4340,24144,301.4207650000001,305.43371,-4.214465429594274,56.09847,8.227410429594219
6044,1635,Debit,14348,24144,178.69238999999996,328.3375499999999,-4.214465429594274,78.46161,153.85962542959422
6045,1330,Debit,21820,24144,390.57052000000004,416.0240449999999,-4.214465429594274,131.139075,29.667990429594116
6046,773,Debit (Prepaid),101,24144,187.08785499999993,126.26308499999993,-4.214465429594274,0.0,-56.61030457040573
6047,1840,Credit,13200,24144,448.9059149999998,446.0429899999999,-4.214465429594274,112.72464000000001,1.351540429594369
6061,1416,Credit,11900,24144,691.7174299999997,708.2601849999996,-4.214465429594274,330.38586,20.757220429594216
6062,1437,Debit,13193,24144,416.80912,618.3060450000002,-4.214465429594274,138.826165,205.71139042959442
6048,976,Debit,20816,24144,1087.9818300000002,943.6733549999999,-4.214465429594274,67.55148,-140.094009570406
6049,983,Debit,13657,24144,182.37847000000002,199.29056000000008,-4.214465429594274,63.206195,21.126555429594337
6063,1988,Credit,37400,24144,384.44629499999996,1566.2751300000004,-4.214465429594274,1344.9006000000002,1186.0433004295949
6064,235,Credit,25300,24144,185.45106999999996,553.5691250000001,-4.214465429594274,434.24586,372.3325204295944
6036,1834,Credit,7300,24144,333.1907,400.5602200000001,-4.214465429594274,132.38909999999998,71.58398542959435
6050,638,Debit,25551,24144,119.73491499999996,109.75660000000002,-4.214465429594274,37.31904,-5.7638495704056645
6037,1370,Credit,18400,24144,776.8359449999999,752.81025,-4.214465429594274,256.3542,-19.811229570405654
6065,614,Debit,25059,24144,324.53257499999984,334.95278500000006,-4.214465429594274,3.67999,14.634675429594498
301,1116,Credit,8700,24145,1373.77839,1267.4907299999995,-3.0526025320886796,542.62476,-103.23505746791173
295,1769,Debit (Prepaid),78,24145,549.3957200000001,498.9086749999999,-3.0526025320886796,0.0,-47.434442467911516
303,4,Debit,27520,24145,850.6177149999999,852.3817500000005,-3.0526025320886796,73.37146,4.816637532089283
297,1686,Debit,48003,24145,3875.5308600000008,2808.2445599999974,-3.0526025320886796,222.45438000000001,-1064.2336974679147
304,1039,Credit,4900,24145,338.227925,713.0323849999999,-3.0526025320886796,492.2289,377.8570625320885
298,729,Debit,17795,24145,425.55640500000004,518.315645,-3.0526025320886796,64.987815,95.81184253208866
305,198,Credit,6900,24145,517.12542,579.6075599999997,-3.0526025320886796,311.08014000000003,65.53474253208842
299,1797,Debit,27243,24145,577.3784249999997,658.1977449999997,-3.0526025320886796,174.66770499999998,83.87192253208875
300,1797,Debit,16279,24145,577.3784249999997,658.1977449999997,-3.0526025320886796,169.625125,83.87192253208875
306,1873,Debit (Prepaid),60,24145,913.3802950000003,760.5531199999996,-3.0526025320886796,0.0,-149.774572467912
293,321,Credit,3300,24145,280.5823799999999,389.803765,-3.0526025320886796,277.54056,112.2739875320888
307,80,Credit,2800,24145,315.08051000000006,376.514735,-3.0526025320886796,60.279300000000006,64.4868275320886
294,964,Credit,13700,24145,159.00396000000012,406.98217,-3.0526025320886796,307.06956,251.03081253208856
308,1872,Debit,23300,24145,543.939485,579.2328150000001,-3.0526025320886796,46.30992,38.34593253208876
1296,688,Credit,6600,24146,563.70762,539.3271850000001,-3.9718068023255837,168.8355,-20.408628197674336
1298,697,Debit,20195,24146,102.27758,105.67157499999993,-3.9718068023255837,61.176339999999996,7.3658018023255165
1300,678,Credit,8600,24146,275.2907399999999,295.8269399999999,-3.9718068023255837,147.56436,24.508006802325593
1306,1016,Credit,200,24146,44.958000000000006,68.78628499999998,-3.9718068023255837,35.72262,27.800091802325557
1301,1066,Debit,20060,24146,426.678035,449.60258999999996,-3.9718068023255837,219.237935,26.896361802325526
1308,1444,Debit,42670,24146,279.64845,290.33038,-3.9718068023255837,58.19259,14.65373680232555
1309,1635,Credit,15000,24146,183.91863999999998,357.26006999999987,-3.9718068023255837,208.51488,177.31323680232546
1302,197,Debit,17889,24146,55.989504999999994,351.7059949999999,-3.9718068023255837,173.44777,299.6882968023255
1311,753,Credit,8000,24146,107.04978,427.13028,-3.9718068023255837,211.19850000000002,324.05230680232563
1304,1944,Debit,17116,24146,502.083435,507.1592450000003,-3.9718068023255837,62.33055,9.047616802325859
2296,877,Debit,11973,24147,887.6104199999997,628.846515,-3.5614013321799263,105.28591499999999,-255.20250366781988
2297,1586,Credit,5700,24147,1029.77334,1062.02988,-3.5614013321799263,350.0577,35.81794133218001
2298,1723,Debit (Prepaid),74,24147,154.63966000000002,104.44962999999996,-3.5614013321799263,0.0,-46.62862866782014
2300,601,Credit,6700,24147,278.72377000000006,326.29766000000006,-3.5614013321799263,118.36998,51.13529133217993
2295,791,Credit,7900,24147,211.43627499999997,319.8601000000001,-3.5614013321799263,121.78944,111.98522633218006
2306,199,Debit,32423,24147,297.39323999999993,640.0618500000004,-3.5614013321799263,65.597675,346.23001133218037
2307,1541,Debit,17383,24147,618.289305,685.5148899999999,-3.5614013321799263,94.714405,70.78698633217984
2302,944,Debit,66930,24147,1471.9856999999995,1384.4144499999998,-3.5614013321799263,38.728474999999996,-84.00984866781981
2308,554,Debit,27376,24147,775.420985,786.9208999999998,-3.5614013321799263,68.27456,15.0613163321798
2303,476,Credit,10100,24147,337.76034,739.0716950000003,-3.5614013321799263,535.22208,404.87275633218024
2304,859,Debit,20354,24147,458.9971850000003,405.380905,-3.5614013321799263,73.88165,-50.054878667820375
2305,265,Debit,13900,24147,467.7026400000001,407.6714049999998,-3.5614013321799263,125.29298499999999,-56.46983366782034
2691,217,Debit,16538,24148,459.02132499999993,438.9272699999999,-3.8321414641203653,49.499755,-16.26191353587966
2704,985,Credit,300,24148,1675.1034,1684.9204199999995,-3.8321414641203653,562.16898,13.649161464119867
2705,1303,Debit,31662,24148,472.93649999999997,339.8599049999999,-3.8321414641203653,16.258925,-129.2444535358797
2692,477,Credit,14400,24148,582.7433399999996,682.2117000000001,-3.8321414641203653,373.10220000000004,103.30050146412079
2693,1207,Credit,16800,24148,1273.29661,999.7900000000004,-3.8321414641203653,347.47974,-269.6744685358793
2706,261,Debit,23781,24148,1132.138555,787.8555700000002,-3.8321414641203653,120.389465,-340.45084353587947
2694,1229,Debit (Prepaid),74,24148,749.6497100000003,675.8490899999997,-3.8321414641203653,0.0,-69.96847853588018
2695,696,Debit,28601,24148,191.586585,237.515765,-3.8321414641203653,58.07635,49.76132146412034
2696,473,Debit,10005,24148,272.19168,201.3739549999999,-3.8321414641203653,94.715675,-66.98558353587974
2697,220,Credit,23500,24148,487.5224049999998,409.9054100000001,-3.8321414641203653,203.75892000000002,-73.78485353587938
2698,402,Debit,14749,24148,249.0279799999999,294.7006650000001,-3.8321414641203653,146.56623,49.50482646412054
2699,1190,Debit,19919,24148,877.1594049999999,574.5085750000001,-3.8321414641203653,119.474735,-298.81868853587946
2700,1788,Credit,7100,24148,273.05383000000006,519.72624,-3.8321414641203653,330.02496,250.50455146412025
2707,132,Credit,0,24148,74.92104499999999,147.03477999999998,-3.8321414641203653,110.04246,75.94587646412036
2708,107,Credit,5500,24148,53.36899,165.1891,-3.8321414641203653,133.39764,115.65225146412037
2709,1621,Credit,25100,24148,720.3689999999997,681.6645249999999,-3.8321414641203653,625.60908,-34.872333535879406
2701,1702,Debit,22787,24148,56.942805,145.168505,-3.8321414641203653,48.08068,92.05784146412039
2702,855,Debit,13841,24148,141.92605,164.72806500000002,-3.8321414641203653,51.708685,26.634156464120377
2703,1859,Debit,15976,24148,437.094885,480.42480499999976,-3.8321414641203653,32.749,47.16206146412016
2711,185,Credit,5700,24148,581.49162,626.3067599999999,-3.8321414641203653,265.60404,48.6472814641203
3115,1116,Debit,29333,24149,1279.5992649999998,1297.2593949999996,-2.340179850746259,106.69141499999999,20.000309850746014
3124,586,Debit,30952,24149,413.62236,434.98741,-2.340179850746259,135.50269,23.705229850746257
3116,577,Debit,17936,24149,603.8080199999999,472.4776899999997,-2.340179850746259,159.19021,-128.99015014925396
3112,826,Credit,19400,24149,501.41052000000025,365.2446249999998,-2.340179850746259,145.81655999999998,-133.82571514925417
3117,1371,Debit,23807,24149,716.4801999999999,536.5774399999998,-2.340179850746259,82.02329499999999,-177.5625801492538
3126,828,Credit,4100,24149,1010.2548599999998,1039.52628,-2.340179850746259,499.55057999999997,31.611599850746522
3127,797,Debit,42491,24149,135.56431999999998,156.50166999999993,-2.340179850746259,43.15234,23.277529850746213
3119,747,Debit,16565,24149,211.30434500000004,217.59789499999982,-2.340179850746259,80.387175,8.633729850746041
3128,1148,Debit,11068,24149,645.78132,353.79285500000015,-2.340179850746259,109.208675,-289.64828514925364
3113,920,Credit,10000,24149,249.22205999999994,211.08311999999978,-2.340179850746259,101.33676,-35.7987601492539
3121,315,Debit,22115,24149,0.0,59.646665000000006,-2.340179850746259,59.646665,61.986844850746266
3122,566,Debit (Prepaid),58,24149,1081.8178199999998,875.0159999999996,-2.340179850746259,0.0,-204.46164014925387
3554,348,Credit,13300,24150,335.60624999999993,360.3356600000001,-3.347827443181797,166.10094,28.07723744318194
3543,1684,Debit,13756,24150,333.716345,407.2929300000002,-3.347827443181797,69.490735,76.92441244318199
3544,1584,Debit,14539,24150,55.53472000000001,123.84371999999995,-3.347827443181797,63.944314999999996,71.65682744318174
3545,1227,Credit,13500,24150,575.15742,591.3964550000001,-3.347827443181797,307.58832,19.586862443181854
3555,519,Debit (Prepaid),72,24150,146.492505,94.44955499999992,-3.347827443181797,0.0,-48.695122556818276
3546,1513,Credit,8900,24150,803.815245,952.194035,-3.347827443181797,386.36748,151.72661744318177
3547,564,Debit,14179,24150,951.0849000000003,602.4719500000001,-3.347827443181797,182.79511,-345.26512255681837
3548,832,Credit,10900,24150,137.90944,557.5296650000001,-3.347827443181797,479.54808,422.96805244318193
3557,118,Debit,20653,24150,345.7460799999999,401.16495,-3.347827443181797,35.796245,58.76669744318188
3549,949,Credit,8000,24150,215.13139,724.6438800000003,-3.347827443181797,593.37972,512.8603174431821
3558,120,Credit,14000,24150,134.40213500000004,200.17049500000002,-3.347827443181797,102.80088,69.11618744318177
3559,449,Debit,14277,24150,468.8455299999998,420.61993000000007,-3.347827443181797,58.594335,-44.87777255681796
3551,385,Debit,29219,24150,361.96682,392.09785499999987,-3.347827443181797,29.074885,33.47886244318168
3542,1463,Credit,5100,24150,752.9378399999997,907.9659349999997,-3.347827443181797,324.33174,158.3759224431818
3561,1258,Debit,14484,24150,447.26342,498.9214099999997,-3.347827443181797,34.86991,55.0058174431815
4003,1493,Credit,4400,24151,1090.9819800000002,1184.2680599999999,-3.375256882022443,566.21952,96.66133688202207
3993,1323,Debit,19267,24151,232.902445,442.0227400000001,-3.375256882022443,103.08412,212.49555188202257
3994,1104,Debit,19695,24151,851.4193350000002,794.5134000000003,-3.375256882022443,40.46431,-53.530678117977445
3995,1731,Debit,18244,24151,249.49216000000007,262.349775,-3.375256882022443,16.84919,16.232871882022394
3996,1587,Debit,35968,24151,2040.8972399999993,1483.0687749999988,-3.375256882022443,142.25993499999998,-554.4532081179781
3997,704,Debit,50774,24151,2168.6218750000003,2194.236275,-3.375256882022443,136.65714,28.989656882022373
3992,1636,Credit,4600,24151,311.54566,339.96479999999985,-3.375256882022443,61.10946,31.794396882022298
4000,1196,Debit,15017,24151,774.97362,550.1658750000004,-3.375256882022443,113.879355,-221.43248811797716
4004,1130,Credit,11400,24151,830.1623799999995,853.7500399999999,-3.375256882022443,321.00642,26.96291688202281
4002,614,Debit,19508,24151,337.2454999999998,359.0709200000001,-3.375256882022443,36.638535,25.200676882022734
4394,1341,Debit,22474,24152,647.7120500000005,663.812185,-3.6668893103447964,92.804215,19.76702431034425
4389,421,Debit,33070,24152,772.1262199999999,788.9956049999996,-3.6668893103447964,92.62017999999999,20.536274310344535
4390,519,Debit (Prepaid),65,24152,141.59137,88.35735999999991,-3.6668893103447964,0.0,-49.5671206896553
4387,1067,Credit,8500,24152,494.658185,623.3335,-3.6668893103447964,163.5975,132.34220431034475
4396,1979,Credit,14200,24152,124.47580500000007,403.9094600000001,-3.6668893103447964,342.27396,283.10054431034484
4397,124,Debit,12639,24152,154.69836500000008,191.97749499999998,-3.6668893103447964,93.635865,40.946019310344695
4398,112,Debit,13060,24152,1132.1392600000006,1282.3868899999998,-3.6668893103447964,102.656165,153.91451931034396
4391,797,Debit,24550,24152,136.81684499999997,161.786565,-3.6668893103447964,36.6125,28.63660931034482
4399,1736,Debit,16332,24152,759.4947500000001,728.9330549999997,-3.6668893103447964,96.65693,-26.89480568965553
4392,1571,Debit,22532,24152,136.81348500000001,140.001125,-3.6668893103447964,36.249285,6.854529310344784
4400,1,Debit,18105,24152,577.1908799999998,447.6439299999997,-3.6668893103447964,153.80922999999999,-125.88006068965524
4831,663,Credit,17400,24153,320.0505249999999,857.5450899999997,-4.586608011049702,685.54854,542.0811730110496
4838,335,Debit,25307,24153,223.9613199999999,252.76515499999994,-4.586608011049702,127.277755,33.390443011049754
4833,639,Debit,14850,24153,416.72572,464.62449500000025,-4.586608011049702,161.09001,52.48538301104993
4834,1307,Credit,21900,24153,899.3920999999996,1001.0944250000002,-4.586608011049702,218.91384,106.28893301105036
4835,3,Debit (Prepaid),62,24153,0.0,0.0,-4.586608011049702,0.0,4.586608011049702
4839,1810,Credit,9800,24153,549.5639400000003,586.2430799999997,-4.586608011049702,95.55588,41.2657480110491
4840,1435,Debit,34818,24153,1342.7226000000005,1019.3904300000008,-4.586608011049702,248.78433,-318.74556198895
4841,170,Debit,15638,24153,422.653995,459.5776149999997,-4.586608011049702,57.99833,41.51022801104939
4842,1142,Credit,20600,24153,180.890715,796.076575,-4.586608011049702,697.97718,619.7724680110498
4844,1405,Debit,26033,24153,660.2362049999999,654.6843200000008,-4.586608011049702,27.66246,-0.9652769889494728
4837,77,Debit,17112,24153,1235.26444,1242.59213,-4.586608011049702,40.866625,11.914298011049777
4845,1528,Credit,7800,24153,1427.0735100000002,1300.6191,-4.586608011049702,344.33262,-121.86780198895057
5261,675,Debit,12754,24154,454.61843999999996,459.87482999999986,-3.852944640486713,133.64067,9.10933464048661
5262,1382,Credit,1900,24154,524.8036500000001,600.9786549999999,-3.852944640486713,221.44428,80.02794964048654
5263,659,Debit (Prepaid),96,24154,390.83407999999986,510.0001299999999,-3.852944640486713,0.0,123.01899464048675
5264,1770,Credit,0,24154,180.16478,504.26028,-3.852944640486713,341.36982,327.94844464048674
5257,1654,Credit,11800,24154,2273.7367799999997,2267.1192599999986,-3.852944640486713,592.5438,-2.764575359514437
5258,366,Credit,6200,24154,560.2934900000002,709.3620599999995,-3.852944640486713,161.2809,152.92151464048595
5265,1988,Debit,37318,24154,1374.018685,1556.0450049999997,-3.852944640486713,74.3944,185.87926464048644
5266,1490,Debit,22856,24154,576.7122599999996,489.500485,-3.852944640486713,145.719205,-83.35883035951282
5267,305,Debit,13767,24154,0.544565,285.84612500000003,-3.852944640486713,285.846125,289.1545046404868
5679,970,Debit,25942,24155,762.4438200000002,561.0606699999998,-3.84643553551911,187.12002999999999,-197.53671446448124
5681,1193,Debit,34013,24155,278.64730499999996,288.9985550000001,-3.84643553551911,92.45362,14.197685535519273
5668,716,Debit (Prepaid),60,24155,840.0587400000002,718.4473200000007,-3.84643553551911,0.0,-117.76498446448039
5669,1095,Debit,19332,24155,118.8041950000001,127.1878799999999,-3.84643553551911,35.466745,12.230120535518896
5670,760,Debit,17393,24155,695.6533800000002,567.3623049999997,-3.84643553551911,121.567825,-124.44463946448144
5672,1871,Debit,13764,24155,166.59703000000002,180.98956999999996,-3.84643553551911,92.321485,18.23897553551905
5673,364,Debit,15612,24155,1097.6831999999995,791.7896000000001,-3.84643553551911,168.33908,-302.0471644644803
5674,1421,Debit (Prepaid),65,24155,45.597515,61.92307000000001,-3.84643553551911,0.0,20.171990535519118
5667,839,Credit,6600,24155,93.85396500000002,478.78989,-3.84643553551911,420.07608,388.7823605355191
5675,1245,Debit (Prepaid),66,24155,434.7172549999998,427.58955500000025,-3.84643553551911,0.0,-3.2812644644804396
5676,802,Debit,27701,24155,1028.2485599999998,816.5827850000001,-3.84643553551911,139.09158499999998,-207.8193394644806
5678,1347,Debit,17079,24155,579.7356850000001,502.8782950000001,-3.84643553551911,48.3882,-73.0109544644809
6074,1660,Debit (Prepaid),76,24156,365.08913999999993,191.95163999999988,-3.1640533261104857,0.0,-169.97344667388955
6075,246,Debit,26110,24156,871.2793350000002,890.6503850000004,-3.1640533261104857,34.15176,22.535103326110683
6068,1379,Debit,18784,24156,820.2941400000002,875.8635299999992,-3.1640533261104857,94.175855,58.73344332610946
6076,261,Debit,30650,24156,916.8045299999999,863.37887,-3.1640533261104857,80.376075,-50.261606673889396
6077,1604,Debit,11578,24156,581.4080349999995,606.5777350000001,-3.1640533261104857,55.127415,28.33375332611109
6070,554,Debit,32676,24156,759.5340449999999,806.8485600000008,-3.1640533261104857,49.763445,50.47856832611142
6078,1741,Debit,11510,24156,619.8911799999998,585.6592699999999,-3.1640533261104857,61.14174,-31.067856673889484
6071,723,Debit,18450,24156,284.0128450000002,324.82594000000006,-3.1640533261104857,47.970255,43.977148326110346
6079,517,Debit,11254,24156,203.45328000000006,219.55160499999988,-3.1640533261104857,92.887585,19.262378326110305
6073,2,Debit,16491,24156,372.87043499999993,366.61636499999963,-3.1640533261104857,74.988405,-3.0900166738898114
6066,1284,Credit,10800,24156,182.18351,509.366935,-3.1640533261104857,416.78028,330.3474783261105
318,1323,Credit,8700,24157,239.441035,707.8190850000001,-1.4988358737863798,559.00368,469.8768858737865
311,826,Debit,23403,24157,431.56764,438.44778500000007,-1.4988358737863798,66.27276499999999,8.378980873786464
312,571,Debit,13019,24157,287.8971600000001,336.42643499999974,-1.4988358737863798,166.691135,50.02811087378602
319,1727,Debit,19636,24157,545.6967200000001,547.4548650000002,-1.4988358737863798,144.907215,3.256980873786393
320,706,Credit,12500,24157,879.6823200000001,838.7622000000001,-1.4988358737863798,384.83189999999996,-39.42128412621362
313,1652,Debit,26678,24157,178.091795,186.70319,-1.4988358737863798,96.32113,10.110230873786396
322,868,Credit,5000,24157,198.41038999999978,744.1154750000003,-1.4988358737863798,644.46894,547.2039208737868
309,274,Credit,16500,24157,548.8014000000003,558.7748300000001,-1.4988358737863798,250.51014,11.47226587378616
323,260,Debit,13342,24157,59.411464999999986,89.601545,-1.4988358737863798,40.91389,31.688915873786396
324,1677,Credit,2400,24157,265.67340499999983,619.2115299999998,-1.4988358737863798,454.8276,355.03696087378637
314,1202,Debit,1,24157,199.16262000000012,204.26146999999992,-1.4988358737863798,1.05155,6.59768587378618
325,376,Credit,9200,24157,1254.9301200000004,1144.5121000000008,-1.4988358737863798,113.65020000000001,-108.91918412621324
326,267,Debit,12891,24157,93.17556999999996,106.62139999999994,-1.4988358737863798,45.08453,14.944665873786352
317,391,Debit,23152,24157,264.4900500000001,249.57672000000014,-1.4988358737863798,20.298795,-13.414494126213594
1328,1155,Credit,6100,24158,261.71208500000023,786.25395,-0.39254242489267405,612.75888,524.9344074248925
1313,1603,Debit,14223,24158,70.50984000000005,131.32993000000022,-0.39254242489267405,131.32993,61.21263242489284
1314,565,Debit,18090,24158,259.58839999999987,289.38248,-0.39254242489267405,148.878495,30.186622424892796
1315,1755,Credit,9400,24158,495.8693850000003,479.5246599999996,-0.39254242489267405,137.0601,-15.952182575108047
1317,338,Debit,50127,24158,67.57415499999999,292.97759500000006,-0.39254242489267405,141.39262,225.79598242489274
1332,479,Debit,43767,24158,506.4661249999999,644.411515,-0.39254242489267405,75.67275,138.33793242489276
1319,748,Debit,18204,24158,444.49703999999974,388.85985500000015,-0.39254242489267405,86.23395500000001,-55.244642575106916
1320,1098,Debit,11121,24158,1714.7846800000007,1702.510545,-0.39254242489267405,193.340005,-11.881592575107895
1321,385,Debit,17907,24158,384.2843149999999,369.9366849999999,-0.39254242489267405,26.03075,-13.955087575107306
1322,819,Debit,11818,24158,481.9438799999996,471.92669999999976,-0.39254242489267405,108.99557999999999,-9.624637575107151
1323,751,Credit,14900,24158,666.3897,754.9372799999996,-0.39254242489267405,348.76764000000003,88.94012242489237
1333,235,Debit,15578,24158,593.6159600000001,604.04538,-0.39254242489267405,63.938565,10.821962424892611
1325,948,Debit,13035,24158,465.30773999999997,395.68230500000027,-0.39254242489267405,89.98055,-69.23289257510703
2318,811,Debit,33375,24159,273.34759999999994,304.72384999999997,0.45574899785639805,95.04030999999999,30.92050100214363
2309,1219,Credit,18000,24159,237.31155,992.4551449999999,0.45574899785639805,847.76688,754.6878460021435
2319,746,Credit,9800,24159,763.5511799999995,844.62354,0.45574899785639805,286.96734,80.61661100214417
2310,1227,Debit,27132,24159,627.7078800000002,489.2635000000005,0.45574899785639805,103.33954,-138.9001289978561
2320,581,Debit,11885,24159,162.67007,169.7974549999999,0.45574899785639805,62.25037,6.671636002143492
2311,1053,Debit,21166,24159,1287.5129999999995,1143.8098950000003,0.45574899785639805,117.966495,-144.15885399785554
2312,356,Debit,15771,24159,379.59027000000015,414.5554749999999,0.45574899785639805,128.073935,34.509456002143345
2321,755,Debit,11869,24159,107.49025499999999,121.41561500000006,0.45574899785639805,30.3617,13.46961100214367
2322,52,Debit,23014,24159,495.6228049999995,521.9250999999997,0.45574899785639805,95.68521,25.84654600214379
2313,1407,Debit,20816,24159,1048.863980000001,1078.5005200000005,0.45574899785639805,105.45606,29.180791002143117
2323,1810,Credit,7200,24159,539.0557199999998,577.7841600000004,0.45574899785639805,138.7728,38.27269100214415
2315,242,Debit,19728,24159,181.0682349999999,201.90504999999985,0.45574899785639805,70.149615,20.381066002143548
2324,1802,Credit,8400,24159,409.3591100000002,1645.3353749999999,0.45574899785639805,1399.67856,1235.5205160021435
2316,1621,Debit,54842,24159,694.86264,519.7769600000001,0.45574899785639805,166.3025,-175.54142899785631
2325,1008,Debit,36515,24159,451.8584900000003,508.59009500000025,0.45574899785639805,114.81532,56.27585600214355
2317,169,Debit,10574,24159,84.87991499999998,126.18714999999986,0.45574899785639805,61.418594999999996,40.85148600214348
2715,1520,Debit (Prepaid),86,24160,1078.8098100000002,1098.0228249999996,1.1481971153846342,0.0,18.064817884614726
2712,1176,Credit,13400,24160,341.1089699999998,871.7627549999995,1.1481971153846342,627.8274,529.5055878846151
2716,561,Debit (Prepaid),69,24160,445.5958800000001,437.963035,1.1481971153846342,0.0,-8.781042115384723
2720,73,Debit,17252,24160,853.86996,627.4733049999995,1.1481971153846342,85.116025,-227.5448521153851
2722,184,Debit,20773,24160,334.32519,367.0779749999999,1.1481971153846342,15.75627,31.60458788461527
2718,921,Debit,21466,24160,358.3723199999997,366.3510849999998,1.1481971153846342,57.970465000000004,6.830567884615433
2719,360,Debit,15972,24160,262.833355,339.02317000000016,1.1481971153846342,160.115655,75.04161788461555
3132,356,Debit,39192,24161,379.70063000000005,420.18562499999985,0.6786963670212912,119.18267999999999,39.80629863297851
3131,872,Credit,4100,24161,695.0897850000001,769.455125,0.6786963670212912,201.93642,73.68664363297854
3133,506,Debit,17995,24161,815.3078400000002,846.0965649999994,0.6786963670212912,47.775295,30.11002863297791
3134,371,Credit,27600,24161,413.4931750000003,1854.1561550000004,0.6786963670212912,1647.53118,1439.9842836329788
3139,1138,Credit,5600,24161,0.0,968.59404,0.6786963670212912,968.59404,967.9153436329786
3140,1429,Debit,12353,24161,177.97046,234.53615500000006,0.6786963670212912,114.403075,55.886998632978774
3135,921,Debit,41714,24161,354.0976049999998,371.1377149999996,0.6786963670212912,51.251864999999995,16.361413632978508
3141,1811,Debit,87408,24161,410.6148050000004,391.4597299999996,0.6786963670212912,79.206155,-19.8337713670221
3129,457,Credit,4300,24161,797.2463250000003,813.9268800000004,0.6786963670212912,231.74586,16.00185863297885
3563,1492,Debit,23049,24162,552.71179,459.83653500000014,0.2930516221985013,50.87977,-93.16830662219832
3564,1024,Debit,33103,24162,525.8304349999996,656.354605,0.2930516221985013,116.789425,130.23111837780186
3565,1594,Debit,22420,24162,0.0,147.92817999999994,0.2930516221985013,147.92818,147.63512837780144
3566,891,Debit,11037,24162,299.9474500000001,309.65264000000025,0.2930516221985013,76.60029,9.412138377801629
3571,728,Debit,10289,24162,126.23557499999998,140.16122500000006,0.2930516221985013,69.13039,13.632598377801575
3567,359,Debit (Prepaid),59,24162,695.69838,524.887995,0.2930516221985013,0.0,-171.1034366221985
3568,1903,Debit,54517,24162,843.5482200000001,765.7542149999999,0.2930516221985013,210.507855,-78.0870566221987
3569,162,Credit,16700,24162,573.17867,675.9710499999997,0.2930516221985013,174.63978,102.49932837780113
3572,928,Debit,19454,24162,347.3934250000003,375.0939550000003,0.2930516221985013,50.56373,27.407478377801457
3573,1642,Credit,5000,24162,563.0466300000005,617.2201800000003,0.2930516221985013,146.94048,53.880498377801246
3562,932,Credit,6100,24162,706.21261,669.9014350000002,0.2930516221985013,175.87529999999998,-36.604226622198325
4013,657,Debit,22861,24163,138.82898,142.01866499999983,-0.529128711395124,63.409555,3.718813711394951
4006,1425,Debit (Prepaid),100,24163,418.30628499999966,439.8387950000001,-0.529128711395124,0.0,22.06163871139558
4008,994,Debit,12917,24163,174.96270999999996,181.3383550000001,-0.529128711395124,26.036865,6.904773711395258
4009,1031,Credit,5600,24163,575.9292300000002,630.9156800000001,-0.529128711395124,155.61522,55.515578711395
4010,704,Debit,47330,24163,2194.236275,2208.9652750000023,-0.529128711395124,97.26231,15.258128711397212
4011,773,Debit,21448,24163,123.78709999999978,164.89762999999994,-0.529128711395124,81.6617,41.63965871139528
4005,655,Credit,7700,24163,273.569085,450.46630500000026,-0.529128711395124,264.26916,177.4263487113954
4014,859,Debit,14695,24163,440.4558949999998,552.1174650000005,-0.529128711395124,47.327510000000004,112.19069871139578
4015,1857,Credit,10700,24163,874.6014749999995,941.8397549999991,-0.529128711395124,359.12394,67.7674087113947
4016,1177,Debit (Prepaid),59,24163,617.5861200000008,578.3060300000002,-0.529128711395124,0.0,-38.75096128860553
4012,646,Debit,15822,24163,561.7488599999999,387.55478000000016,-0.529128711395124,81.622685,-173.66495128860464
4017,1909,Debit,8177,24163,647.7196250000006,690.5003800000004,-0.529128711395124,101.21629,43.309883711394896
4414,1742,Debit,24123,24164,513.0660799999998,540.3343449999998,-1.887499447983031,49.384965,29.15576444798296
4404,1473,Debit,16791,24164,134.50862499999994,160.66907499999996,-1.887499447983031,76.786755,28.047949447983058
4405,869,Debit,19811,24164,87.24788,93.92301999999995,-1.887499447983031,28.74446,8.562639447982987
4416,954,Debit,18254,24164,387.37457000000006,400.7667750000003,-1.887499447983031,36.732225,15.279704447983248
4407,1712,Debit,35175,24164,377.4625249999999,389.56969500000014,-1.887499447983031,104.28182,13.994669447983254
4409,980,Debit,14213,24164,271.48979999999995,312.07151500000055,-1.887499447983031,37.795915,42.46921444798363
4402,977,Credit,4000,24164,373.632115,385.43639499999995,-1.887499447983031,102.97836,13.691779447982979
4417,1623,Credit,9300,24164,477.6350400000001,454.8357000000001,-1.887499447983031,260.73666000000003,-20.911840552016997
4418,1857,Debit,47684,24164,895.1340299999993,949.8440949999995,-1.887499447983031,88.608965,56.597564447983245
4419,1228,Debit,30393,24164,506.77384000000006,570.0466000000001,-1.887499447983031,51.00858,65.1602594479831
4410,1649,Credit,100,24164,32.999325,84.95538499999999,-1.887499447983031,64.70676,53.843559447983026
4411,267,Debit,11885,24164,104.39745499999995,104.43881999999994,-1.887499447983031,37.23914,1.9288644479830157
4412,241,Debit,18654,24164,504.20543999999995,470.02048000000036,-1.887499447983031,55.06567,-32.29746055201656
4862,13,Credit,3500,24165,281.0989599999999,304.4431949999997,0.2857010159574421,141.1884,23.058533984042356
4847,1976,Debit (Prepaid),57,24165,263.1955200000001,236.06157500000006,0.2857010159574421,0.0,-27.419646015957483
4863,1916,Debit,10211,24165,325.54311500000017,338.23530500000015,0.2857010159574421,39.630025,12.40648898404254
4848,530,Debit,10970,24165,280.91808000000003,287.9655099999999,0.2857010159574421,81.049615,6.761728984042407
4864,659,Debit,17649,24165,490.3501449999999,436.8791100000001,0.2857010159574421,49.94189,-53.756736015957244
4849,1104,Credit,11400,24165,811.3200449999999,805.4023200000001,0.2857010159574421,327.44646,-6.203426015957233
4851,856,Debit,62861,24165,339.7684750000001,365.20315500000004,0.2857010159574421,182.534245,25.148978984042515
4852,64,Debit,17612,24165,891.1778400000007,797.859105,0.2857010159574421,128.63116499999998,-93.60443601595819
4866,433,Debit (Prepaid),96,24165,583.7792400000001,499.7368799999999,0.2857010159574421,0.0,-84.32806101595759
4853,1797,Debit,16003,24165,663.0869599999996,676.3543799999998,0.2857010159574421,137.50339499999998,12.981718984042686
4867,157,Debit,13438,24165,247.62665500000003,251.08031499999993,0.2857010159574421,85.94112,3.167958984042458
4846,1210,Credit,8600,24165,208.3894299999999,481.204025,0.2857010159574421,345.32748,272.52889398404267
4854,538,Debit,11906,24165,480.0970749999999,517.4193150000001,0.2857010159574421,74.63503,37.03653898404275
4855,980,Debit,16789,24165,275.13432,322.4332150000005,0.2857010159574421,32.25795,47.01319398404303
4856,1150,Debit,20111,24165,830.2458350000002,788.3610649999996,0.2857010159574421,119.03805,-42.170471015958015
4857,550,Debit,21988,24165,554.2091050000006,622.1520699999996,0.2857010159574421,91.08115,67.6572639840416
4858,772,Debit,15297,24165,0.0,108.643955,0.2857010159574421,108.64395499999999,108.35825398404256
4859,42,Debit,10776,24165,336.86603999999977,293.0945400000003,0.2857010159574421,118.63044,-44.057201015956934
4868,1937,Credit,5500,24165,683.5610700000009,812.4697099999998,0.2857010159574421,309.7449,128.62293898404153
4860,1177,Debit,25993,24165,601.3828800000008,590.7008400000004,0.2857010159574421,94.04736,-10.967741015957813
5277,811,Debit,53036,24166,285.28913499999976,316.8044500000002,-0.3695753821656053,73.209565,31.88489038216605
5268,1024,Debit,31807,24166,647.3627199999999,601.4188099999997,-0.3695753821656053,12.329235,-45.57433461783458
5270,1194,Debit,19122,24166,650.5714350000001,626.8609349999997,-0.3695753821656053,105.041085,-23.34092461783476
5278,575,Credit,6800,24166,438.0859499999999,500.9172450000001,-0.3695753821656053,199.42074,63.20087038216579
5279,356,Debit,18395,24166,393.5712800000001,417.9763449999998,-0.3695753821656053,105.29067,24.774640382165302
5272,164,Debit,28425,24166,340.7226700000001,341.66070000000036,-0.3695753821656053,40.302765,1.3076053821658589
5273,1228,Debit,17832,24166,502.4346250000001,562.3006800000003,-0.3695753821656053,45.0168,60.235630382165795
5281,1730,Debit,19450,24166,216.749935,254.28702499999986,-0.3695753821656053,131.477045,37.90666538216547
5275,1837,Debit (Prepaid),83,24166,182.27773500000018,133.1807550000001,-0.3695753821656053,0.0,-48.72740461783448
5276,1509,Debit,20706,24166,504.55242,488.6748649999993,-0.3695753821656053,130.028085,-15.507979617835106
5282,1648,Credit,36700,24166,520.2566949999998,1759.3724099999995,-0.3695753821656053,1452.1815000000001,1239.4852903821652
5283,114,Debit,10676,24166,719.9663999999998,754.1893399999994,-0.3695753821656053,243.750275,34.59251538216526
5689,972,Credit,2600,24167,663.5968299999997,615.0661499999997,-0.3498424573560831,115.49789999999999,-48.18083754264399
5691,1253,Debit,39764,24167,453.63357500000006,465.0630149999997,-0.3498424573560831,114.074835,11.779282457355741
5683,1063,Debit,28805,24167,784.6212400000002,853.511395,-0.3498424573560831,117.43099,69.23999745735591
5684,476,Debit,21282,24167,733.696085,746.2633700000004,-0.3498424573560831,78.179805,12.917127457356393
5685,1488,Debit,28580,24167,557.13798,424.18618000000015,-0.3498424573560831,127.6549,-132.60195754264373
5686,1247,Debit,18482,24167,528.3603799999999,451.6206999999997,-0.3498424573560831,30.774729999999998,-76.38983754264405
5694,162,Debit,27266,24167,632.4318399999995,646.5394649999994,-0.3498424573560831,13.77918,14.457467457355953
5695,948,Debit,11795,24167,415.8066100000003,368.2762100000002,-0.3498424573560831,61.95605,-47.18055754264402
5696,1422,Debit,19781,24167,518.9903349999997,432.35763499999985,-0.3498424573560831,43.72032,-86.2828575426438
5687,1412,Debit,17401,24167,931.6822100000009,978.0474449999988,-0.3498424573560831,102.21966499999999,46.71507745735402
5697,489,Debit (Prepaid),71,24167,342.8806999999995,291.9690449999998,-0.3498424573560831,0.0,-50.56181254264357
5688,77,Debit,27063,24167,1223.76546,1002.4293500000003,-0.3498424573560831,38.68536,-220.98626754264365
6084,602,Debit,24739,24168,735.1985749999994,751.9323299999996,-1.5717966117021354,67.868175,18.305551611702338
6083,1518,Credit,7100,24168,613.3163399999999,604.0263600000003,-1.5717966117021354,196.25057999999999,-7.718183388297424
6085,1303,Debit,25292,24168,323.99749499999996,425.475915,-1.5717966117021354,13.43823,103.05021661170217
6086,452,Debit (Prepaid),57,24168,332.5341450000001,249.97407500000008,-1.5717966117021354,0.0,-80.98827338829786
6087,1662,Debit (Prepaid),58,24168,363.30024000000003,361.8590250000002,-1.5717966117021354,0.0,0.1305816117023062
6088,415,Debit,11818,24168,319.1347649999997,303.9320599999994,-1.5717966117021354,51.909205,-13.63090838829813
6080,134,Credit,4700,24168,15.409259999999904,835.3715400000003,-1.5717966117021354,835.37154,821.5340766117025
6092,286,Debit,17973,24168,139.36183999999997,147.760585,-1.5717966117021354,72.348265,9.970541611702155
6093,1135,Debit,19830,24168,713.2640400000005,702.8730950000004,-1.5717966117021354,124.569095,-8.819148388297966
6094,1439,Debit,18945,24168,191.34918500000015,235.68050500000004,-1.5717966117021354,118.07648,45.903116611702025
6089,256,Credit,1800,24168,439.00689000000034,480.04700500000035,-1.5717966117021354,121.24781999999999,42.61191161170215
6095,1088,Debit,15194,24168,636.4803599999993,451.37746000000016,-1.5717966117021354,112.61655999999999,-183.53110338829705
6096,237,Credit,4300,24168,97.81023,701.018605,-1.5717966117021354,588.99042,604.780171611702
6090,646,Debit,17057,24168,511.769225,393.05783500000007,-1.5717966117021354,63.223985,-117.1395933882978
327,379,Credit,8400,24169,478.07979,889.01457,-1.5820487710970503,538.15266,412.5168287710971
334,684,Debit,20770,24169,281.7472499999998,329.93476,-1.5820487710970503,30.257915,49.76955877109725
335,1095,Debit,15158,24169,126.96637999999984,142.57449000000014,-1.5820487710970503,32.71784,17.190158771097344
336,534,Debit,32659,24169,309.87801000000013,319.4463299999999,-1.5820487710970503,160.265045,11.150368771096794
339,1585,Debit,14708,24169,260.746785,372.55870999999985,-1.5820487710970503,179.903345,113.39397377109691
331,1811,Debit (Prepaid),54,24169,402.1501249999999,380.6534399999998,-1.5820487710970503,0.0,-19.91463622890302
340,814,Credit,7400,24169,649.6468499999999,595.6889350000001,-1.5820487710970503,170.64342,-52.37586622890268
341,305,Debit (Prepaid),90,24169,287.964285,170.69493499999993,-1.5820487710970503,0.0,-115.68730122890304
333,628,Debit,47183,24169,0.0,147.18449999999996,-1.5820487710970503,147.18449999999999,148.766548771097
1336,11,Debit,51012,24170,677.4988300000005,701.7957049999995,-2.6570966876310305,59.60428,26.953971687630123
1337,1300,Debit,10691,24170,374.5652099999995,420.71344999999997,-2.6570966876310305,94.838965,48.805336687631474
1338,1809,Debit,27308,24170,949.9896750000003,874.5130400000003,-2.6570966876310305,81.99897,-72.81953831236896
1339,200,Debit,18552,24170,606.7546200000004,595.9683099999993,-2.6570966876310305,25.593309999999995,-8.129213312370064
1341,1151,Debit,429,24170,159.42355500000002,143.5783049999999,-2.6570966876310305,48.112605,-13.188153312369105
1334,156,Credit,5200,24170,233.38943999999992,237.42755999999986,-2.6570966876310305,117.34344,6.695216687630966
1348,1598,Credit,3400,24170,220.17652499999997,208.7394300000003,-2.6570966876310305,44.87706,-8.779998312368628
1342,1823,Debit,37468,24170,867.4220450000003,726.0969799999993,-2.6570966876310305,56.909715,-138.66796831236988
1335,137,Credit,9700,24170,392.47853999999984,1073.4126749999996,-2.6570966876310305,809.27406,683.5912316876307
1344,794,Debit,12501,24170,0.0,63.40395000000002,-2.6570966876310305,63.40395,66.06104668763105
1345,661,Debit,13193,24170,80.31384000000001,236.58345499999996,-2.6570966876310305,80.060135,158.92671168763096
1346,1846,Credit,6400,24170,326.4627600000001,349.41167999999993,-2.6570966876310305,190.99349999999998,25.60601668763085
1347,1509,Debit,23238,24170,496.03895999999986,531.4531499999994,-2.6570966876310305,101.630055,38.07128668763054
2326,1596,Debit,16398,24171,996.5973600000007,754.3254550000001,-3.5332656112852585,111.45851499999999,-238.73863938871526
2327,1976,Debit,17767,24171,239.50406500000008,248.77269,-3.5332656112852585,82.291235,12.801890611285188
2328,1371,Credit,13900,24171,451.6899449999994,554.4736900000003,-3.5332656112852585,245.7459,106.31701061128612
2333,494,Credit,12700,24171,638.1165600000006,696.4736400000002,-3.5332656112852585,389.01329999999996,61.8903456112848
2335,1106,Debit,16927,24171,193.28797500000007,257.57401000000004,-3.5332656112852585,130.72248,67.81930061128523
2330,1335,Debit (Prepaid),54,24171,229.284735,234.00743,-3.5332656112852585,0.0,8.255960611285246
2336,1515,Credit,7700,24171,448.0921300000002,477.46156500000006,-3.5332656112852585,132.27372,32.9027006112851
2331,359,Debit,31163,24171,591.8907599999998,593.8668950000001,-3.5332656112852585,85.504955,5.509400611285599
2337,398,Debit,16472,24171,134.14279,132.62792000000002,-3.5332656112852585,45.011845,2.018395611285285
2338,1225,Credit,2400,24171,793.7511150000005,709.3104249999997,-3.5332656112852585,241.32797999999997,-80.90742438871555
2731,825,Debit,21968,24172,1162.2575650000003,1102.0218299999988,-3.771403335067633,45.729985,-56.46433166493394
2732,1718,Debit,31463,24172,572.212935,615.1388599999996,-3.771403335067633,138.802345,46.69732833506718
2733,1484,Credit,12800,24172,843.1873300000007,804.6461050000003,-3.771403335067633,268.13736,-34.76982166493276
2723,1684,Debit,16899,24172,397.652695,451.67303000000015,-3.771403335067633,66.37414,57.79173833506779
2734,918,Debit,12057,24172,196.64342999999997,210.81441999999993,-3.771403335067633,113.56617,17.942393335067592
2735,1201,Debit,38317,24172,164.4934199999999,167.8556349999999,-3.771403335067633,55.946085,7.133618335067625
2724,580,Debit,14471,24172,326.4589749999998,366.8566649999998,-3.771403335067633,184.45129,44.16909333506764
2725,124,Debit,23999,24172,192.19842499999982,211.037195,-3.771403335067633,62.81229,22.610173335067813
2726,1432,Debit,25740,24172,693.9690099999998,654.745555,-3.771403335067633,103.84852,-35.4520516649322
2737,1908,Debit,23053,24172,1247.0065799999993,1201.3271800000002,-3.771403335067633,66.39605,-41.907996664931446
2738,449,Debit,13368,24172,419.5070999999998,398.9441250000009,-3.771403335067633,33.63452,-16.791571664931283
2727,1477,Debit,18171,24172,351.8663449999997,392.12848499999996,-3.771403335067633,53.07724,44.033543335067904
2728,1020,Debit,26317,24172,377.4658949999998,402.08339,-3.771403335067633,196.18407,28.38889833506782
2729,827,Credit,7100,24172,370.6467750000004,416.89171499999975,-3.771403335067633,163.21554,50.01634333506699
2730,1616,Debit,28861,24172,903.2160600000007,784.6581950000018,-3.771403335067633,102.304115,-114.78646166493122
3144,1128,Credit,11100,24173,367.2901500000007,329.45842500000003,-3.3128778079332024,46.17306,-34.51884719206748
3156,1353,Debit,22566,24173,313.25813000000016,331.0377999999996,-3.3128778079332024,39.189454999999995,21.092547807932643
3145,530,Debit,11475,24173,282.19620499999974,301.93584499999974,-3.3128778079332024,60.11972,23.05251780793321
3143,1156,Credit,2500,24173,1446.1268950000003,1348.351555000001,-3.3128778079332024,351.41184000000004,-94.46246219206603
3146,1915,Debit,34453,24173,1039.4909700000017,1145.2181549999996,-3.3128778079332024,57.18826,109.04006280793112
3147,1459,Credit,4000,24173,545.3563750000001,550.4432549999992,-3.3128778079332024,31.040100000000002,8.399757807932357
3157,1993,Debit,54768,24173,202.80602999999974,207.12737500000048,-3.3128778079332024,39.338409999999996,7.634222807933949
3158,660,Debit,16820,24173,371.8537199999997,341.7812299999998,-3.3128778079332024,104.29030999999999,-26.7596121920667
3148,1140,Debit,22409,24173,537.750215,578.6125650000004,-3.3128778079332024,47.404405,44.17522780793354
3149,1274,Debit,18573,24173,379.83712500000024,370.80251,-3.3128778079332024,86.01246,-5.721737192067056
3150,328,Debit,15125,24173,926.2472400000001,577.6347150000001,-3.3128778079332024,111.484575,-345.2996471920668
3152,928,Debit,19624,24173,360.4349950000003,322.25712999999996,-3.3128778079332024,31.51034,-34.86498719206713
3153,313,Debit,12183,24173,424.28348500000016,406.03448500000036,-3.3128778079332024,118.19252499999999,-14.936122192066595
3159,1089,Debit,32269,24173,192.327725,219.35058000000004,-3.3128778079332024,108.57120499999999,30.33573280793325
3575,145,Credit,2000,24174,295.70939999999985,302.6253599999998,-2.6431796914225876,162.17064,9.559139691422516
3576,1317,Credit,6300,24174,142.88394499999987,280.899775,-2.6431796914225876,165.94344,140.65900969142268
3577,678,Debit,16703,24174,324.6264000000001,231.44051999999988,-2.6431796914225876,99.81264,-90.54270030857764
3578,1958,Debit,17957,24174,329.362345,334.6692150000001,-2.6431796914225876,42.854525,7.950049691422705
3580,1012,Debit,14531,24174,104.67674499999998,124.84920000000002,-2.6431796914225876,63.79055,22.81563469142263
3581,53,Debit,16923,24174,1268.739000000001,905.8170650000011,-2.6431796914225876,279.05634499999996,-360.2787553085773
3582,343,Credit,10800,24174,347.1188549999995,362.4549449999997,-2.6431796914225876,76.22316000000001,17.97926969142283
3583,1335,Debit,32036,24174,218.267715,243.41257000000002,-2.6431796914225876,121.58184,27.788034691422595
3587,419,Debit,16731,24174,420.0833100000002,477.67786999999953,-2.6431796914225876,62.202675,60.23773969142191
3584,1429,Debit,13201,24174,236.77121500000004,252.7110799999998,-2.6431796914225876,92.149615,18.58304469142236
3588,1058,Credit,8000,24174,704.4573999999993,697.9575,-2.6431796914225876,41.5845,-3.8567203085767554
3585,1854,Debit,22975,24174,1391.21712,835.4972850000006,-2.6431796914225876,123.404325,-553.0766553085768
4020,675,Debit,11194,24175,434.11704999999995,426.6437450000001,-1.432939028361325,65.27928,-6.040365971638543
4021,530,Debit,12031,24175,289.98005999999975,304.6964899999998,-1.432939028361325,58.3175,16.149369028361384
4018,1945,Credit,5900,24175,202.93323500000008,215.62449000000004,-1.432939028361325,76.96008,14.12419402836128
4022,124,Debit,13482,24175,201.8353199999998,211.62204499999996,-1.432939028361325,48.12654,11.219664028361485
4023,1193,Debit,38290,24175,277.4780850000001,289.43103500000007,-1.432939028361325,72.4594,13.385889028361312
4026,1809,Credit,14600,24175,884.4925150000004,966.4267,-1.432939028361325,306.64152,83.36712402836093
4024,729,Debit,14626,24175,502.0615250000001,479.6556700000001,-1.432939028361325,19.097305,-20.97291597163865
4027,74,Debit,19746,24175,112.49672500000003,139.87868500000013,-1.432939028361325,67.015155,28.81489902836143
4028,865,Debit,27832,24175,834.2850649999991,887.9025199999996,-1.432939028361325,82.480215,55.05039402836184
4029,248,Debit,9741,24175,95.78218000000004,128.86385000000007,-1.432939028361325,60.153265,34.514609028361356
4025,1861,Debit,22405,24175,606.7545249999998,600.6983000000005,-1.432939028361325,48.52733,-4.623285971638033
4030,1563,Debit,11902,24175,494.7895850000002,530.3640450000003,-1.432939028361325,65.91406,37.00739902836137
4421,1844,Credit,13100,24176,359.8462450000002,407.36423000000013,-0.9049119473684116,144.98172,48.422896947368365
4435,1301,Debit,29503,24176,211.69872,287.06134999999983,-0.9049119473684116,130.391845,76.26754194736824
4422,1728,Credit,13900,24176,354.9959550000001,389.34370499999955,-0.9049119473684116,114.67206,35.25266194736786
4436,1073,Debit (Prepaid),84,24176,216.05899999999997,138.76188000000002,-0.9049119473684116,0.0,-76.39220805263153
4425,1543,Debit,47709,24176,1433.6818749999984,1414.602429999999,-0.9049119473684116,140.7406,-18.174533052630984
4423,1022,Credit,6800,24176,717.71549,828.6753599999993,-0.9049119473684116,321.77538,111.86478194736765
4426,721,Debit,12827,24176,382.0704149999997,375.96095999999943,-0.9049119473684116,78.457865,-5.204543052631841
4437,1699,Debit,31896,24176,875.8729449999992,904.1917900000008,-0.9049119473684116,48.462505,29.223756947370013
4428,1652,Debit,14253,24176,184.56907,197.57878500000015,-0.9049119473684116,61.348285,13.914626947368554
4429,1871,Debit,20277,24176,169.73222499999997,188.87678999999991,-0.9049119473684116,66.05884,20.049476947368355
4431,1964,Credit,11600,24176,510.9655100000002,529.2363150000006,-0.9049119473684116,176.64768,19.17571694736875
4432,794,Debit (Prepaid),71,24176,34.20051500000001,58.38119499999999,-0.9049119473684116,0.0,25.085591947368393
4424,819,Credit,9900,24176,423.17317499999945,518.2250100000001,-0.9049119473684116,196.74648,95.95674694736908
4433,879,Debit,10966,24176,406.4492100000002,394.27564499999994,-0.9049119473684116,74.30474,-11.26865305263187
4438,1202,Debit,1,24176,207.05237499999998,204.33862999999985,-0.9049119473684116,0.63101,-1.8088330526317193
4440,1668,Debit,18828,24176,204.31004499999972,233.81702500000029,-0.9049119473684116,77.27325,30.41189194736898
4441,360,Debit,22342,24176,337.7325250000001,358.5790500000003,-0.9049119473684116,105.63544499999999,21.751436947368568
4442,1992,Debit,13382,24176,351.693675,343.842895,-0.9049119473684116,77.444125,-6.945868052631575
4444,814,Credit,7700,24176,595.8940549999998,581.6742950000007,-0.9049119473684116,159.7383,-13.31484805263063
4434,634,Debit,22995,24176,530.0219099999995,588.04988,-0.9049119473684116,43.48451,58.93288194736896
4870,898,Credit,9500,24177,174.72842000000003,287.00239999999985,-3.274314612565444,169.44227999999998,115.54829461256527
4876,1424,Debit (Prepaid),84,24177,506.7413999999992,262.33937999999944,-3.274314612565444,0.0,-241.12770538743433
4869,311,Credit,6600,24177,373.6326600000002,338.16257999999993,-3.274314612565444,178.06212,-32.19576538743483
4877,639,Credit,12400,24177,432.6565849999997,789.341645,-3.274314612565444,484.57908,359.9593746125657
4871,1376,Debit,26531,24177,719.3437200000003,678.9550750000008,-3.274314612565444,90.04227999999999,-37.114330387434094
4872,480,Credit,23400,24177,683.8906699999998,969.1304549999995,-3.274314612565444,208.57283999999999,288.5140996125652
4878,1166,Debit,14574,24177,706.46634,650.4345599999997,-3.274314612565444,55.27212,-52.757465387434806
4873,1245,Credit,6900,24177,439.4002500000006,426.62902000000076,-3.274314612565444,148.02498,-9.496915387434388
4874,1488,Credit,8500,24177,427.97992999999974,459.8257750000007,-3.274314612565444,182.3994,35.12015961256641
4879,1954,Credit,5900,24177,0.0,2335.1063400000003,-3.274314612565444,2335.10634,2338.3806546125656
4880,1332,Debit,39491,24177,170.96193500000015,184.59843,-3.274314612565444,62.77979,16.9108096125653
5286,1075,Debit,26753,24178,938.831255,959.5871250000005,-2.601695186528513,143.735645,23.357565186528927
5297,946,Credit,8700,24178,459.3438900000001,509.25027,-2.601695186528513,146.31156000000001,52.508075186528416
5285,1029,Credit,3600,24178,124.03498500000006,422.13944000000004,-2.601695186528513,345.49812000000003,300.7061501865285
5288,1694,Debit,23995,24178,947.8323,687.6449199999997,-2.601695186528513,100.64836,-257.5856848134718
5298,547,Debit,14995,24178,0.0,191.1612300000001,-2.601695186528513,191.16123,193.7629251865286
5289,1362,Debit,31192,24178,452.7862949999999,500.8762300000003,-2.601695186528513,35.60374,50.69163018652894
5290,469,Debit,26162,24178,649.9005099999997,686.9717299999993,-2.601695186528513,71.15449,39.6729151865281
5291,213,Debit,18074,24178,1125.4940999999994,759.9705249999988,-2.601695186528513,145.200505,-362.9218798134721
5299,807,Debit (Prepaid),62,24178,122.04798999999986,84.035665,-2.601695186528513,0.0,-35.410629813471346
5292,1138,Debit,13235,24178,915.9224399999999,768.5860299999999,-2.601695186528513,195.83377,-144.7347148134715
5293,802,Debit,20886,24178,766.2182249999996,674.2333900000012,-2.601695186528513,68.035025,-89.38313981346987
5300,1237,Debit,16053,24178,732.4155000000001,841.1360250000002,-2.601695186528513,74.13855,111.3222201865287
5295,1944,Debit,19756,24178,554.022015,668.5792700000002,-2.601695186528513,50.26011,117.15895018652868
5701,1946,Credit,12500,24179,188.63233999999977,453.0330949999999,-1.4090800667351246,313.6905,265.8098350667352
5698,1031,Debit,16220,24179,625.6783449999998,591.3536750000003,-1.4090800667351246,35.04474,-32.91558993326439
5703,704,Debit,49425,24179,2242.8216150000026,2170.072514999998,-1.4090800667351246,79.181285,-71.34001993326942
5700,452,Debit,24274,24179,249.73452999999995,320.2660800000001,-1.4090800667351246,143.88048,71.94063006673528
5704,115,Debit,34284,24179,912.9630699999993,1003.3207600000005,-1.4090800667351246,39.21936,91.76677006673631
5706,973,Debit,7688,24179,489.8932199999997,482.82658999999967,-1.4090800667351246,269.18333,-5.6575499332649075
5707,1417,Debit,37325,24179,523.1248249999994,635.2162049999997,-1.4090800667351246,24.413975,113.50046006673543
6101,421,Debit,16094,24180,860.5756350000001,822.0087800000019,-3.0762727823408853,67.406605,-35.49058221765733
6097,1669,Credit,11400,24180,638.9437850000002,461.1426599999995,-3.0762727823408853,209.48868,-174.72485221765976
6102,1534,Debit,27771,24180,443.48301500000025,484.3999249999997,-3.0762727823408853,236.63900999999998,43.99318278234035
6098,1557,Credit,9000,24180,267.73503000000005,251.91676500000017,-3.0762727823408853,101.4876,-12.741992217658998
6103,1585,Debit,14830,24180,372.5610899999998,392.868205,-3.0762727823408853,121.781455,23.383387782341067
346,657,Debit,15331,24181,129.91554999999983,148.6901499999999,-2.9171028271983945,77.474385,21.691702827198473
342,1028,Credit,14600,24181,1081.4556199999997,1071.6450250000007,-2.9171028271983945,500.78718,-6.893492172800617
350,797,Debit,20779,24181,164.78332499999988,164.40744999999993,-2.9171028271983945,31.358045,2.5412278271984436
351,449,Debit,21594,24181,389.93239500000027,456.62807500000054,-2.9171028271983945,28.51331,69.61278282719866
343,583,Credit,13900,24181,135.51315000000005,318.87402999999995,-2.9171028271983945,229.85082,186.2779828271983
348,455,Debit (Prepaid),90,24181,184.00830499999995,132.85158500000023,-2.9171028271983945,0.0,-48.23961717280133
349,121,Credit,10000,24181,227.12250500000005,621.3062149999998,-2.9171028271983945,481.08258,397.1008128271982
1352,1027,Debit,35279,24182,620.5607300000011,676.5243999999998,-1.193072548518921,47.48119,57.15674254851765
1350,571,Credit,7200,24182,330.1357049999999,648.89174,-1.193072548518921,397.31796,319.949107548519
1351,428,Credit,8800,24182,0.0,1106.389259999999,-1.193072548518921,1106.38926,1107.582332548518
1355,747,Credit,6100,24182,206.37224000000003,369.6842550000001,-1.193072548518921,223.69824,164.50508754851901
1356,338,Debit,31747,24182,275.7504949999998,298.74597500000004,-1.193072548518921,101.47426499999999,24.18855254851919
1357,33,Credit,9000,24182,703.3969949999996,642.75306,-1.193072548518921,258.25806,-59.45086245148068
1358,286,Debit,23009,24182,145.30159999999995,154.89215500000023,-1.193072548518921,47.68046,10.7836275485192
1360,1741,Credit,8500,24182,597.0481549999995,605.2292399999997,-1.193072548518921,116.51796,9.374157548519088
1361,1240,Debit,16638,24182,428.6511699999994,461.0903549999998,-1.193072548518921,67.02166,33.63225754851933
2341,1283,Debit,24111,24183,1048.015980000001,715.3274850000007,0.33104353421856964,46.075615,-333.0195385342189
2340,1494,Credit,4400,24183,92.251735,275.1913349999999,0.33104353421856964,170.07623999999998,182.60855646578136
2342,1973,Debit (Prepaid),78,24183,113.7391350000002,100.43617000000017,0.33104353421856964,0.0,-13.634008534218598
2346,442,Debit,19525,24183,305.58287999999993,317.51547000000005,0.33104353421856964,78.36238,11.60154646578155
2347,601,Credit,5400,24183,284.89574000000016,324.266065,0.33104353421856964,92.19186,39.03928146578129
2343,1381,Debit,21357,24183,902.3902099999996,823.2983149999991,0.33104353421856964,131.106865,-79.42293853421904
2339,1820,Credit,5900,24183,242.39220499999965,282.832985,0.33104353421856964,113.06358,40.109736465781786
2350,277,Debit (Prepaid),145,24183,354.3244400000003,420.0563450000004,0.33104353421856964,0.0,65.40086146578153
2351,952,Debit,58234,24183,228.30053499999985,248.5624899999999,0.33104353421856964,124.599125,19.930911465781488
2352,1509,Debit,18138,24183,525.4710499999997,477.81060999999954,0.33104353421856964,74.065715,-47.99148353421868
2743,1406,Debit,9431,24184,285.9692399999999,237.92399999999998,-0.8710844597349884,112.94982,-47.174155540264934
2744,1201,Debit,61355,24184,167.8556349999999,169.17644999999982,-0.8710844597349884,41.50549,2.1918994597349135
2745,21,Debit,13383,24184,111.85274499999991,132.12803500000018,-0.8710844597349884,19.16876,21.146374459735256
2741,1034,Credit,11800,24184,929.3559350000005,1032.4207400000005,-0.8710844597349884,460.33614,103.93588945973497
2752,1964,Debit,14960,24184,521.7866000000004,621.0530200000007,-0.8710844597349884,90.166315,100.13750445973537
2746,1697,Debit (Prepaid),63,24184,212.4599250000001,171.96735500000023,-0.8710844597349884,0.0,-39.6214855402649
2747,709,Debit,19915,24184,194.96960999999993,237.71921000000003,-0.8710844597349884,122.319755,43.62068445973509
2754,1413,Debit,13760,24184,504.75921000000017,399.25679999999966,-0.8710844597349884,86.252865,-104.63132554026552
2755,1702,Debit,15145,24184,145.29306000000008,143.61772000000002,-0.8710844597349884,40.937405,-0.8042555402650741
2748,987,Debit (Prepaid),69,24184,631.6546949999997,481.88135499999953,-0.8710844597349884,0.0,-148.9022555402652
2742,42,Credit,5600,24184,318.27264500000024,351.6398049999998,-0.8710844597349884,94.40838,34.238244459734545
2749,241,Debit,11143,24184,467.18818000000056,502.1913749999999,-0.8710844597349884,42.95809,35.87427945973431
2750,863,Debit,11402,24184,130.16070499999995,154.77452499999998,-0.8710844597349884,81.058885,25.48490445973502
3162,1314,Debit,12605,24185,383.77441499999986,481.1206400000001,-1.3356082200811488,111.37276499999999,98.68183322008139
3168,354,Debit,15206,24185,237.05620499999986,218.11650500000042,-1.3356082200811488,53.718605,-17.6040917799183
3160,1446,Credit,2600,24185,130.03740499999998,279.4756900000001,-1.3356082200811488,187.06428,150.77389322008128
3163,433,Debit,10179,24185,477.1571399999998,420.42979999999943,-1.3356082200811488,69.16394,-55.39173177991922
3161,104,Credit,6300,24185,667.0461600000003,690.8835600000007,-1.3356082200811488,346.82382,25.173008220081492
3164,1851,Debit,64059,24185,125.38265999999999,138.80924000000095,-1.3356082200811488,48.50238,14.762188220082116
3165,1571,Debit,30704,24185,131.59046999999998,146.1368500000001,-1.3356082200811488,15.490929999999999,15.881988220081261
3166,1500,Debit (Prepaid),69,24185,627.9483500000001,502.4804200000003,-1.3356082200811488,0.0,-124.13232177991864
3170,459,Credit,6300,24185,360.1601149999999,386.2555699999989,-1.3356082200811488,90.51335999999999,27.43106322008014
3595,1301,Debit,20031,24186,271.0089049999999,295.993715,-2.1235529524772607,111.04002,27.108362952477357
3596,1776,Credit,11100,24186,2439.69678,2479.1158799999976,-2.1235529524772607,1246.3704,41.542652952474604
3597,3,Debit,13515,24186,0.7051,48.568,-2.1235529524772607,48.568,49.98645295247726
3598,1281,Credit,6600,24186,152.51166000000012,175.70643999999993,-2.1235529524772607,40.01274,25.31833295247707
3589,1281,Credit,3600,24186,152.51166000000012,175.70643999999993,-2.1235529524772607,36.240480000000005,25.31833295247707
3600,576,Debit,21070,24186,592.0039450000004,589.5141850000005,-2.1235529524772607,25.41272,-0.3662070475226722
3602,1703,Credit,8700,24186,1391.681880000001,1252.64808,-2.1235529524772607,588.7467,-136.9102470475238
3603,1903,Credit,12700,24186,770.1203349999996,779.9189150000002,-2.1235529524772607,38.95272,11.922132952477845
3591,1463,Debit,22357,24186,886.3669599999989,855.4990450000009,-2.1235529524772607,146.04147,-28.74436204752073
3592,360,Debit,21058,24186,343.41763000000014,403.9419700000001,-2.1235529524772607,112.24064999999999,62.6478929524772
3593,2,Debit,9001,24186,352.4386800000002,377.26269499999967,-2.1235529524772607,47.000145,26.947567952476724
3594,1434,Credit,4300,24186,211.7866650000003,230.10744999999997,-2.1235529524772607,63.56844,20.44433795247692
4033,1520,Credit,1100,24187,1027.2025399999984,1025.358444999999,-2.415318930373402,444.2985,0.5712239303739319
4039,1394,Credit,8500,24187,293.3675000000003,637.5360799999999,-2.415318930373402,439.62822,346.583898930373
4034,474,Credit,14600,24187,1253.2870850000018,1235.3676149999992,-2.415318930373402,549.1215,-15.504151069629145
4040,584,Credit,6500,24187,373.639555,316.688615,-2.415318930373402,82.09062,-54.53562106962654
4035,27,Debit (Prepaid),61,24187,464.3702849999995,509.69045499999993,-2.415318930373402,0.0,47.73548893037382
4032,1908,Credit,2900,24187,1330.5558200000005,1184.6180249999989,-2.415318930373402,547.87104,-143.52247606962825
4036,1989,Credit,14300,24187,1507.860104999998,1400.1522949999999,-2.415318930373402,518.42106,-105.29249106962466
4037,1135,Debit,22482,24187,734.48153,780.2846349999991,-2.415318930373402,79.87407,48.21842393037245
4038,277,Debit,12457,24187,365.94421500000044,406.016615,-2.415318930373402,49.642035,42.487718930372964
4042,1348,Debit,1,24187,165.34504500000003,194.2289649999999,-2.415318930373402,6.10003,31.299238930373278
4446,1371,Debit,26329,24188,530.9216500000002,500.612075,-2.0343250702811555,54.694810000000004,-28.275249929719067
4447,425,Debit,28069,24188,387.33680500000014,411.47561500000074,-2.0343250702811555,140.047665,26.17313507028176
4451,452,Debit,19264,24188,287.1910600000001,377.8159199999998,-2.0343250702811555,129.25912,92.65918507028083
4449,677,Debit,34826,24188,816.6499199999998,589.7155700000012,-2.0343250702811555,114.82283,-224.9000249297175
4450,286,Debit,12254,24188,150.09513000000015,165.51090999999997,-2.0343250702811555,39.166889999999995,17.45010507028097
4452,1793,Debit (Prepaid),69,24188,0.0,12.803759999999999,-2.0343250702811555,0.0,14.838085070281155
4445,638,Credit,4800,24188,134.69800499999997,227.02905499999986,-2.0343250702811555,136.74707999999998,94.36537507028105
4886,227,Debit,25330,24189,935.3653050000003,823.8233,-2.1079037524851088,43.43078,-109.43410124751513
4882,803,Debit,20552,24189,0.24362999999999999,166.01982500000003,-2.1079037524851088,166.019825,167.88409875248513
4888,1731,Debit (Prepaid),81,24189,243.34652500000038,264.21942500000046,-2.1079037524851088,0.0,22.98080375248518
4889,807,Debit (Prepaid),91,24189,87.98716000000002,63.93954499999995,-2.1079037524851088,0.0,-21.939711247514957
4881,1125,Credit,13200,24189,42.796435,537.2795100000001,-2.1079037524851088,445.78854,496.5909787524852
4890,988,Debit,18579,24189,720.7776000000008,447.83413000000064,-2.1079037524851088,109.47031,-270.83556624751503
4891,1416,Credit,10500,24189,831.4188500000005,745.4989750000004,-2.1079037524851088,223.66278,-83.81197124751493
4892,1998,Debit,328,24189,79.73802000000006,103.57866000000001,-2.1079037524851088,31.3524,25.948543752485058
4893,1668,Debit,23240,24189,236.0114050000002,227.2770800000003,-2.1079037524851088,63.87951,-6.62642124751479
5304,659,Debit,14977,24190,495.1710699999999,465.58097000000043,-2.4035232937685462,37.312905,-27.18657670623089
5305,1283,Debit,34839,24190,849.3391150000016,695.9599900000003,-2.4035232937685462,130.02865,-150.97560170623274
5301,1086,Credit,5400,24190,129.53485,477.32761500000015,-2.4035232937685462,419.184,350.1962882937687
5306,1589,Debit,8912,24190,112.35499499999999,111.62728500000009,-2.4035232937685462,53.99335,1.6758132937686439
5302,359,Credit,17200,24190,637.3731300000004,573.75036,-2.4035232937685462,326.64528,-61.21924670623186
5310,106,Debit,10331,24190,452.59567000000015,432.2271799999994,-2.4035232937685462,63.91992,-17.9649667062322
5311,1412,Debit,19081,24190,869.6682799999999,941.4430850000017,-2.4035232937685462,72.172595,74.17832829377038
5708,1876,Debit,29037,24191,212.54874000000018,235.25475000000006,-3.046361870714985,15.794,25.752371870714864
5709,1919,Debit,28125,24191,774.7004899999984,615.3657300000013,-3.046361870714985,57.50588,-156.28839812928203
5710,661,Debit,22789,24191,255.18739499999995,214.27149499999996,-3.046361870714985,49.168659999999996,-37.86953812928501
5711,751,Debit,19488,24191,833.0697,727.33961,-3.046361870714985,102.95723,-102.68372812928503
5713,1825,Credit,11300,24191,606.7652500000004,584.4258500000005,-3.046361870714985,222.54011999999997,-19.293038129284856
5714,679,Debit (Prepaid),73,24191,252.44380499999988,238.68197999999984,-3.046361870714985,0.0,-10.715463129285059
5715,855,Debit,11928,24191,162.21168999999998,167.95080000000007,-3.046361870714985,40.65366,8.785471870715082
5716,973,Debit,8366,24191,482.82658999999967,559.8052299999995,-3.046361870714985,151.0154,80.0250018707148
5717,169,Debit,10194,24191,103.82417500000008,135.13412000000005,-3.046361870714985,49.609615,34.35630687071495
5712,1807,Debit,26838,24191,1752.0469199999989,1085.785245,-3.046361870714985,277.878285,-663.2153131292838
5718,231,Debit,11032,24191,458.16557000000034,411.74370499999986,-3.046361870714985,47.717735,-43.3755031292855
5719,1315,Debit,14514,24191,416.85717999999997,421.44315000000006,-3.046361870714985,89.478135,7.632331870715074
6105,1602,Credit,7200,24192,360.9025200000003,419.66873999999984,-1.5579198970587997,220.74714,60.32413989705832
6106,688,Debit,17848,24192,581.8671800000002,573.31563,-1.5579198970587997,96.466375,-6.993630102941334
6107,1184,Debit,27876,24192,234.61014999999975,220.0826800000002,-1.5579198970587997,3.58854,-12.96955010294074
6108,997,Debit (Prepaid),57,24192,1713.8890800000008,959.1863400000002,-1.5579198970587997,0.0,-753.1448201029418
6109,1571,Debit,16325,24192,142.59055,149.81605000000002,-1.5579198970587997,30.600289999999998,8.78341989705881
6114,137,Debit,28179,24192,1078.6701750000007,1095.5874499999995,-1.5579198970587997,137.45256,18.47519489705768
6115,921,Debit,22704,24192,354.0799299999994,360.2049399999996,-1.5579198970587997,44.588195,7.682929897059002
6116,1256,Credit,18500,24192,381.4559999999997,606.6693,-1.5579198970587997,606.6693,226.77121989705915
6112,1107,Debit,16678,24192,469.2817649999997,418.09758000000056,-1.5579198970587997,57.184115,-49.62626510294036
353,335,Debit,34385,24193,223.6583399999995,255.93521499999997,-1.0950175295275022,128.98632999999998,33.371892529527976
352,1544,Credit,4400,24193,280.61080499999997,937.3413900000003,-1.0950175295275022,777.65688,657.8256025295277
354,890,Debit,19573,24193,694.1392199999996,532.1817600000004,-1.0950175295275022,120.31026,-160.86244247047168
355,1221,Debit,14892,24193,544.3316999999993,460.7520499999996,-1.0950175295275022,142.34465,-82.48463247047218
359,1881,Debit,18548,24193,500.76126999999997,534.9718350000003,-1.0950175295275022,117.536045,35.30558252952782
357,1730,Debit,16925,24193,262.1857450000001,284.03602000000024,-1.0950175295275022,94.114285,22.945292529527627
1364,217,Debit,9737,24194,413.6446149999997,487.52866499999936,-2.0013946960783926,20.208025,75.88544469607805
1365,1586,Debit,17587,24194,1151.5725000000011,744.9806299999991,-2.0013946960783926,153.97367,-404.59047530392365
1367,856,Credit,26800,24194,363.1941999999997,1645.44215,-2.0013946960783926,1469.90502,1284.2493446960789
1368,1654,Debit,36502,24194,2270.4290999999994,1473.5449699999954,-2.0013946960783926,332.41067,-794.8827353039256
1363,1710,Credit,6600,24194,390.62817999999993,395.3263900000002,-2.0013946960783926,155.02464,6.699604696078637
1369,1490,Debit,20225,24194,463.2706699999994,544.7819850000005,-2.0013946960783926,72.86902,83.5127096960795
1362,329,Credit,11100,24194,1076.4480600000006,1023.4526400000004,-2.0013946960783926,357.87834,-50.9940253039218
2359,1314,Credit,15000,24195,410.22487999999976,799.5523950000002,-2.407987043902429,529.54902,391.73550204390284
2355,608,Debit,1044,24195,146.85887000000002,149.76590499999986,-2.407987043902429,78.341435,5.315022043902266
2360,1435,Debit,38837,24195,1019.553644999999,1127.7987449999991,-2.407987043902429,138.52407,110.65308704390252
2357,197,Debit,11919,24195,331.7801549999999,358.9826600000001,-2.407987043902429,172.91992499999998,29.61049204390263
2358,1076,Credit,7500,24195,408.6403,369.73102500000005,-2.407987043902429,146.83751999999998,-36.50128795609755
2361,598,Credit,11400,24195,446.0912750000007,1284.2877400000007,-2.407987043902429,1023.45894,840.6044520439024
2756,299,Credit,8300,24196,75.81078000000008,230.2366349999998,-2.1799627038834877,183.10806,156.60581770388322
2760,563,Debit,18241,24196,1082.0907050000005,1043.1726399999998,-2.1799627038834877,122.670635,-36.73810229611726
2757,755,Credit,4900,24196,118.60273499999994,276.95314500000006,-2.1799627038834877,206.76114,160.53037270388361
2758,1598,Credit,8700,24196,188.1243599999998,188.16832499999987,-2.1799627038834877,25.04898,2.2239277038835588
2765,1034,Debit,21102,24196,1032.4207400000005,1052.2010400000008,-2.1799627038834877,69.90858,21.96026270388384
2763,748,Debit,20067,24196,373.0251750000002,328.9498949999993,-2.1799627038834877,36.20424,-41.89531729611744
2766,649,Debit,14558,24196,329.94085500000006,347.40046499999926,-2.1799627038834877,43.842214999999996,19.63957270388269
3172,461,Debit,20913,24197,458.14688499999966,480.4993750000003,-0.692337810993248,132.947575,23.04482781099392
3173,519,Debit,18526,24197,82.33491000000015,129.6170850000001,-0.692337810993248,65.03365,47.97451281099319
3174,942,Debit,27720,24197,742.9166949999999,887.9611399999994,-0.692337810993248,77.14794499999999,145.7367828109928
3175,565,Debit,17599,24197,302.11764000000016,319.70037999999977,-0.692337810993248,110.580165,18.27507781099285
3176,850,Debit,23072,24197,305.079765,323.46700500000003,-0.692337810993248,171.37695499999998,19.079577810993268
3181,1446,Debit,9915,24197,279.4756900000001,329.47731499999975,-0.692337810993248,52.18201,50.6939628109929
3177,198,Debit,13689,24197,565.4862299999995,426.1195800000005,-0.692337810993248,65.51622,-138.67431218900578
3184,1552,Credit,11300,24197,160.85118,349.03346999999997,-0.692337810993248,214.70651999999998,188.87462781099322
3185,1604,Debit,13754,24197,635.2137499999999,626.5892600000002,-0.692337810993248,87.74444,-7.932152189006448
3186,496,Debit,22516,24197,306.87945999999965,326.2605499999995,-0.692337810993248,34.796079999999996,20.073427810993106
3187,839,Debit,25650,24197,337.4394699999998,479.03997000000004,-0.692337810993248,29.417075,142.2928378109935
3178,86,Debit,12490,24197,167.95143000000002,205.91118,-0.692337810993248,102.26353,38.65208781099324
3179,397,Debit,12172,24197,173.22043499999984,203.88166,-0.692337810993248,67.792965,31.35356281099342
3606,1981,Debit,20743,24198,262.3846999999996,310.03941499999974,0.09373967726395702,14.326979999999999,47.56097532273617
3613,851,Credit,8100,24198,447.80885999999964,535.6774800000003,0.09373967726395702,250.94178,87.77488032273669
3614,1945,Debit,10318,24198,260.6410050000002,269.53348000000005,0.09373967726395702,33.074915,8.79873532273592
3607,87,Debit,20417,24198,675.3697200000001,440.7212049999994,0.09373967726395702,184.011145,-234.74225467726473
3608,113,Credit,14200,24198,170.679035,544.4814000000001,0.09373967726395702,477.94842000000006,373.70862532273617
3615,712,Debit,14858,24198,377.4427449999996,356.19987000000083,0.09373967726395702,40.206775,-21.336614677262734
3609,1360,Debit,19619,24198,238.96722999999974,232.58067000000005,0.09373967726395702,38.84236,-6.480299677263647
3612,523,Debit,20430,24198,1406.5524000000005,868.4320049999997,0.09373967726395702,171.332865,-538.2141346772648
3616,391,Debit,12483,24198,241.60598500000015,275.23415999999975,0.09373967726395702,18.673325,33.534435322735646
4047,571,Debit,16647,24199,475.1773500000004,325.9088399999996,-1.324461934865901,124.01181,-147.9440480651349
4045,1646,Debit,12470,24199,346.56648999999993,362.06416000000036,-1.324461934865901,58.68164,16.822131934866327
4048,1823,Debit,31842,24199,826.1881200000007,953.8687550000013,-1.324461934865901,32.963409999999996,129.00509693486651
4044,1793,Credit,7300,24199,0.0,228.43079999999998,-1.324461934865901,228.4308,229.75526193486587
4050,1856,Debit (Prepaid),85,24199,425.33890999999994,425.3929849999995,-1.324461934865901,0.0,1.378536934865458
4051,489,Credit,14700,24199,323.8861850000003,272.8165949999998,-1.324461934865901,106.33698000000001,-49.745128065134615
4046,185,Debit,16415,24199,593.7296400000005,575.7972749999985,-1.324461934865901,185.765715,-16.607903065136036
4455,1660,Debit,12082,24200,224.37792000000013,244.47496,-0.9151479904306229,64.38676,21.0121879904305
4454,675,Credit,8000,24200,389.36915999999974,398.3447449999999,-0.9151479904306229,90.30492,9.89073299043076
4456,641,Debit,17946,24200,457.2632849999991,456.79277500000035,-0.9151479904306229,95.63266999999999,0.44463799043188323
4459,1195,Debit,22765,24200,731.32906,735.1079899999995,-0.9151479904306229,62.50766,4.694077990430114
4457,144,Debit,14699,24200,357.3689899999997,375.89499500000034,-0.9151479904306229,190.375755,19.441152990431245
4460,647,Debit,8332,24200,255.924925,272.56906000000004,-0.9151479904306229,135.482685,17.559282990430656
4896,844,Credit,8900,24201,15.378660000000082,477.53981999999996,-2.0742574281609363,477.53981999999996,464.2354174281608
4897,1184,Debit,21120,24201,222.62265500000012,232.94128999999998,-2.0742574281609363,59.770375,12.392892428160796
4900,1764,Debit,15658,24201,342.1891050000004,410.12844000000086,-2.0742574281609363,45.766385,70.01359242816142
4898,1861,Debit,32325,24201,550.9891999999995,604.4220799999998,-2.0742574281609363,36.2533,55.50713742816123
4901,1488,Debit,14249,24201,441.8179150000001,403.0665549999999,-2.0742574281609363,78.422885,-36.67710257183927
4899,116,Debit (Prepaid),64,24201,256.00559499999986,174.16038000000003,-2.0742574281609363,0.0,-79.77095757183889
4894,1811,Credit,44200,24201,371.7117500000004,1316.4912100000001,-2.0742574281609363,1118.13516,946.8537174281607
5312,140,Debit,13428,24202,232.61996500000032,230.65177000000017,-1.2881157552581552,57.997440000000005,-0.6800792447419954
5313,461,Debit,33642,24202,466.25394499999993,484.74051000000054,-1.2881157552581552,125.78766,19.774680755258764
5317,677,Debit,25429,24202,595.7773250000009,501.6696099999999,-1.2881157552581552,57.12661,-92.81959924474285
5314,1646,Debit,10671,24202,326.3628849999998,405.9638950000003,-1.2881157552581552,53.85778,80.8891257552587
5318,1881,Debit,17583,24202,565.8481200000001,506.27016500000036,-1.2881157552581552,82.30074,-58.28983924474159
5315,772,Debit,38814,24202,102.08610500000006,144.07041999999996,-1.2881157552581552,71.30481,43.27243075525805
5722,1928,Credit,14800,24203,572.1692699999999,607.3015799999994,-2.7313230842912115,234.57456000000002,37.86363308429072
5720,744,Credit,14400,24203,384.73750000000064,416.0979900000002,-2.7313230842912115,97.20756,34.091813084290784
5728,1644,Credit,9400,24203,575.613045,602.2323049999986,-2.7313230842912115,213.57738,29.350583084289788
5723,955,Debit,13254,24203,82.54506499999998,111.95630000000001,-2.7313230842912115,59.719845,32.142558084291245
5724,1583,Debit (Prepaid),84,24203,0.0,0.0,-2.7313230842912115,0.0,2.7313230842912115
5727,1827,Debit,17663,24203,690.5005250000004,721.9419150000003,-2.7313230842912115,54.01245,34.17271308429117
5729,1618,Debit,37619,24203,137.41169500000012,191.69195500000012,-2.7313230842912115,96.43938999999999,57.01158308429121
6127,1852,Debit (Prepaid),91,24204,822.4087699999982,945.1059650000007,-3.607268202087326,0.0,126.30446320208979
6128,1594,Credit,5700,24204,162.70186,332.0675950000001,-3.607268202087326,209.91006000000002,172.9730032020874
6118,1833,Debit,16064,24204,0.0,227.2618850000001,-3.607268202087326,227.261885,230.86915320208743
6119,561,Debit,14054,24204,408.4641849999998,375.82685500000025,-3.607268202087326,45.502425,-29.03006179791224
6129,261,Debit,32285,24204,889.3496500000001,808.2946250000014,-3.607268202087326,53.314595000000004,-77.44775679791142
6120,134,Credit,9400,24204,693.0027,895.4908199999995,-3.607268202087326,493.2891,206.09538820208684
6121,709,Debit,26564,24204,236.40197000000012,253.98401499999977,-3.607268202087326,82.49902,21.18931320208698
6130,205,Debit,25621,24204,193.11365000000046,204.2609349999998,-3.607268202087326,85.851345,14.754553202086655
6122,1717,Debit,17695,24204,468.26680500000066,486.49892,-3.607268202087326,166.61666,21.839383202086665
6123,278,Debit,92828,24204,1308.8728899999987,1291.6016400000026,-3.607268202087326,96.14782,-13.663981797908818
6125,979,Credit,5700,24204,444.1237149999997,397.0603599999995,-3.607268202087326,181.93446,-43.4560867979129
360,1662,Debit,20447,24205,367.3969049999996,390.65825999999925,-3.8343883679246162,131.201385,27.095743367924257
361,96,Credit,24300,24205,3138.4982700000073,3248.7402449999936,-3.8343883679246162,991.332,114.07636336791089
362,1118,Credit,17100,24205,235.98405999999983,1284.4353350000001,-3.8343883679246162,1169.52894,1052.285663367925
363,1717,Debit,15934,24205,470.38449000000037,485.0499100000002,-3.8343883679246162,157.141685,18.49980836792443
364,1282,Debit,13193,24205,192.03118000000006,224.97157500000026,-3.8343883679246162,108.711725,36.77478336792481
1375,1340,Debit,36546,24206,2628.8485450000026,2505.6457450000053,-2.9791151231061606,113.78591999999999,-120.22368487689114
1376,649,Debit,46342,24206,337.9696499999991,376.82413999999926,-2.9791151231061606,40.285105,41.83360512310633
1372,1121,Debit,51951,24206,1120.55472,1151.4288000000006,-2.9791151231061606,95.82552,33.853195123106666
1373,884,Debit (Prepaid),68,24206,678.9066249999992,562.1338500000002,-2.9791151231061606,0.0,-113.79365987689285
2362,1046,Credit,7300,24207,555.0760450000002,585.2304999999988,-3.843453404154937,199.9413,33.99790840415344
2369,1236,Credit,8800,24207,243.0011300000001,373.8856999999996,-3.843453404154937,207.45792,134.7280234041544
2363,1416,Debit,14865,24207,773.5049899999995,785.8923349999977,-3.843453404154937,28.88167,16.230798404153212
2364,973,Debit,16229,24207,566.236449999999,574.0840050000011,-3.843453404154937,103.244675,11.69100840415704
2365,172,Debit,19600,24207,113.32835,118.32282499999997,-3.843453404154937,64.09537,8.837928404154903
2767,1560,Debit,15492,24208,488.62355000000025,280.79866500000026,-4.447444197356051,72.855465,-203.37744080264395
2768,684,Debit,13946,24208,320.6341549999995,285.8917700000002,-4.447444197356051,26.316665,-30.294940802643282
2772,942,Credit,5300,24208,896.315814999999,804.679215000001,-4.447444197356051,316.19484,-87.18915580264195
2773,712,Debit,18316,24208,339.3033500000006,399.8602400000009,-4.447444197356051,29.193559999999998,65.00433419735634
2774,641,Debit,18401,24208,444.71092999999973,474.75499999999965,-4.447444197356051,88.956965,34.49151419735597
2769,275,Debit,31873,24208,1253.5494449999987,1276.5831099999996,-4.447444197356051,140.318595,27.481109197356886
2775,793,Credit,13700,24208,474.9343200000003,474.3903600000003,-4.447444197356051,239.79258000000002,3.9034841973560805
2771,928,Debit,10882,24208,344.8768750000004,376.6114699999998,-4.447444197356051,26.450295,36.18203919735549
3189,1301,Debit,22297,24209,295.774775,315.3507649999999,-5.855497528248609,77.78935,25.431487528248542
3190,1555,Credit,2300,24209,0.0,453.63222,-5.855497528248609,453.63222,459.48771752824865
3191,50,Debit,29474,24209,371.2444700000001,312.58550999999943,-5.855497528248609,43.73335,-52.803462471752056
3192,123,Debit,15305,24209,257.49485500000014,265.22352,-5.855497528248609,82.81005,13.584162528248473
3198,497,Credit,12500,24209,661.4701150000001,736.0176550000006,-5.855497528248609,141.28524,80.40303752824909
3194,801,Debit,15042,24209,411.12426000000005,340.9775400000008,-5.855497528248609,30.20351,-64.29122247175067
3195,1413,Debit,14927,24209,501.8014950000006,512.4890799999998,-5.855497528248609,63.900545,16.543082528247826
3623,350,Debit,19256,24210,754.3927399999993,683.7182400000002,-7.353040308123257,74.22557,-63.321459691875916
3618,1737,Debit,27888,24210,222.8774649999998,234.29066000000012,-7.353040308123257,59.73792,18.76623530812357
3620,205,Debit,12193,24210,197.1003850000002,199.36490999999978,-7.353040308123257,58.289069999999995,9.61756530812285
3624,1141,Debit,10466,24210,234.12342500000022,248.78814999999986,-7.353040308123257,84.504665,22.01776530812289
3625,459,Debit,10636,24210,363.89471000000094,383.1464850000002,-7.353040308123257,49.94922,26.604815308122525
3621,77,Debit,15988,24210,343.5129400000005,337.73101999999926,-7.353040308123257,58.41198,1.5711203081219924
4054,563,Credit,6100,24211,1006.1359849999999,1145.6208199999992,-7.376900865921787,445.84344,146.86173586592108
4058,145,Debit,15240,24211,261.7770599999999,201.93036499999994,-7.376900865921787,102.238805,-52.46979413407817
4059,1371,Debit (Prepaid),140,24211,580.1857350000014,478.76082999999926,-7.376900865921787,0.0,-94.04800413408034
4060,797,Credit,4400,24211,164.02125499999954,525.029125,-7.376900865921787,422.91071999999997,368.3847708659223
4061,1523,Debit,13438,24211,240.39244499999995,246.34176499999967,-7.376900865921787,63.492464999999996,13.326220865921503
4056,1712,Debit,25985,24211,368.77506499999936,386.8536300000005,-7.376900865921787,86.048525,25.45546586592295
4063,1121,Debit,31535,24211,1159.091124999999,1197.1730000000016,-7.376900865921787,94.95286999999999,45.458775865924366
4052,212,Credit,900,24211,152.76713000000018,277.0038249999998,-7.376900865921787,163.85417999999999,131.61359586592138
4064,455,Debit,19713,24211,118.92094500000007,166.68288499999983,-7.376900865921787,82.49283,55.13884086592154
4057,1356,Debit,12170,24211,604.5289199999993,449.31092499999886,-7.376900865921787,138.930265,-147.84109413407865
4053,1735,Credit,5600,24211,327.54739499999914,345.6274349999994,-7.376900865921787,92.9754,25.456940865922068
4461,547,Debit,16102,24212,200.32508500000006,234.80716000000018,-7.493734023255804,121.465195,41.97580902325593
4462,1209,Credit,4300,24212,1281.946425000002,1190.4819100000004,-7.493734023255804,136.87398,-83.97078097674569
4463,368,Credit,13000,24212,546.9532200000003,559.5162500000006,-7.493734023255804,278.13096,20.056764023256058
4464,672,Debit,8540,24212,329.7357150000007,347.1893949999994,-7.493734023255804,167.766955,24.947414023254517
4465,218,Debit,11647,24212,302.3960900000002,406.3834450000004,-7.493734023255804,23.273200000000003,111.481089023256
4466,1179,Debit,27313,24212,380.2680499999992,398.6204749999997,-7.493734023255804,19.61962,25.8461590232563
4905,1116,Debit,23253,24213,1388.7558299999982,1282.8143099999998,-6.1896249487895565,78.383825,-99.75189505120893
4906,1880,Debit,9532,24213,477.1894599999996,554.6902000000005,-6.1896249487895565,75.060225,83.69036494879042
4915,906,Debit,26850,24213,532.5283749999999,474.3943900000004,-6.1896249487895565,23.262055,-51.94436005120993
4902,354,Credit,9000,24213,217.1747650000002,458.26678500000025,-6.1896249487895565,320.76234,247.2816449487896
4908,684,Debit,17536,24213,348.5669449999998,265.88338999999974,-6.1896249487895565,21.637895,-76.49393005121051
4909,1317,Debit,12793,24213,240.64413499999978,250.224915,-6.1896249487895565,23.917645,15.770404948789789
4913,1589,Debit,13064,24213,106.68665000000004,114.92232999999993,-6.1896249487895565,59.208885,14.425304948789446
4914,160,Debit (Prepaid),79,24213,193.02959500000003,124.53611500000011,-6.1896249487895565,0.0,-62.30385505121036
5324,629,Debit,29793,24214,1244.8901699999997,979.6602650000023,-6.553815185185163,20.31885,-258.67608981481226
5320,1248,Credit,11000,24214,553.5538200000001,605.0073600000005,-6.553815185185163,85.78692000000001,58.007355185185595
5326,1060,Credit,6500,24214,314.6713399999999,354.42755499999976,-6.553815185185163,110.19852,46.31003018518505
5322,1963,Debit,17220,24214,1515.412374999998,1572.232299999996,-6.553815185185163,123.659965,63.37374018518313
5321,1972,Credit,4000,24214,265.3677399999999,294.1591699999999,-6.553815185185163,76.30866,35.345245185185156
5323,398,Debit,15125,24214,129.65116999999987,132.22644000000014,-6.553815185185163,25.078615,9.129085185185437
5327,1992,Debit (Prepaid),71,24214,333.87193999999954,260.7936550000004,-6.553815185185163,0.0,-66.52446981481398
5731,1875,Debit,13694,24215,172.73686499999963,170.86513999999943,-6.291871766605145,43.731715,4.420146766604948
6134,1492,Debit,29734,24216,496.2606849999993,629.2350800000004,-6.202600096685055,40.41297,139.17699509668614
6131,821,Credit,3900,24216,121.8254649999999,201.33318499999996,-6.202600096685055,122.49575999999999,85.71032009668512
6133,425,Debit,43973,24216,406.1642649999999,408.4258650000006,-6.202600096685055,106.195725,8.464200096685781
374,1115,Debit,9921,24217,153.17723,203.44570499999986,-5.324332129798833,97.428935,55.592807129798686
375,1769,Credit,9900,24217,561.53613,559.8680350000013,-5.324332129798833,177.1569,3.6562371298002034
367,1789,Debit,12564,24217,225.10944500000005,256.6466300000004,-5.324332129798833,120.144655,36.861517129799196
369,575,Debit,25121,24217,504.6722050000003,474.1817549999996,-5.324332129798833,42.041275,-25.16611787020186
370,1809,Debit (Prepaid),94,24217,838.6254850000005,919.8450899999998,-5.324332129798833,0.0,86.54393712979815
371,368,Debit,22132,24217,542.0858400000011,600.8247950000004,-5.324332129798833,124.237715,64.06328712979818
372,944,Debit,72274,24217,1341.7785099999965,1418.0931949999976,-5.324332129798833,46.786475,81.63901712980002
376,20,Credit,13000,24217,404.1253399999996,387.96218,-5.324332129798833,116.6823,-10.838827870200774
377,1759,Debit,15773,24217,710.1935249999979,757.6214899999995,-5.324332129798833,123.68361999999999,52.75229712980051
373,987,Debit,21985,24217,492.5673649999999,543.67958,-5.324332129798833,183.443885,56.43654712979894
1379,1727,Debit (Prepaid),102,24218,528.0784449999992,345.12124999999924,-5.690146591743042,0.0,-177.26704840825693
1380,1552,Debit,13866,24218,168.54797500000018,169.75671499999999,-5.690146591743042,79.817185,6.898886591742849
1381,764,Debit,20467,24218,495.29468500000075,506.5866500000002,-5.690146591743042,61.636075,16.982111591742477
1382,1118,Debit,26206,24218,1369.9578350000002,1724.6104250000008,-5.690146591743042,60.196805,360.34273659174363
1383,1717,Debit,22765,24218,488.6026200000001,491.8670050000005,-5.690146591743042,117.46006,8.954531591743443
1384,1091,Debit,29685,24218,536.4621600000019,542.2427050000006,-5.690146591743042,47.266475,11.470691591741751
1385,863,Debit (Prepaid),80,24218,148.7983799999999,115.19573500000013,-5.690146591743042,0.0,-27.912498408256727
2376,127,Debit,10702,24219,1181.6976800000011,965.9179050000012,-5.648744963302695,139.164045,-210.13103003669727
2372,1675,Debit,37722,24219,161.90602000000013,192.38510500000007,-5.648744963302695,99.6431,36.12782996330264
2370,433,Credit,12600,24219,447.5415400000006,532.8012450000015,-5.648744963302695,228.339,90.90844996330354
2373,1846,Debit (Prepaid),84,24219,341.0207999999998,265.56678000000056,-5.648744963302695,0.0,-69.80527503669653
2378,1429,Debit,18757,24219,212.43085499999916,249.58893999999987,-5.648744963302695,81.17537999999999,42.80682996330341
2374,1366,Debit,17691,24219,619.2370799999994,465.90372499999967,-5.648744963302695,140.355545,-147.68461003669705
2776,1492,Credit,17600,24220,557.6100199999992,616.4712550000008,-5.962076852534513,245.72214,64.82331185253618
2778,346,Debit,37318,24220,503.14331999999877,568.465005,-5.962076852534513,25.066755,71.28376185253576
2779,369,Debit (Prepaid),72,24220,1294.6247999999978,1035.4226399999989,-5.962076852534513,0.0,-253.2400831474644
2786,1616,Debit,56039,24220,805.570964999999,797.5790250000018,-5.962076852534513,56.252720000000004,-2.0298631474626445
3201,1823,Credit,12400,24221,770.9515599999995,830.7240700000002,-5.847106922018339,379.48932,65.61961692201903
3200,1274,Credit,10700,24221,381.3757849999997,1327.837924999999,-5.847106922018339,1110.5199,952.3092469220176
3626,870,Credit,0,24222,264.5039499999998,627.5574499999998,-4.553244725776963,451.09062,367.60674472577693
3627,1397,Credit,13600,24222,504.66350000000057,418.33016,-4.553244725776963,164.83896,-81.78009527422363
3633,840,Credit,17100,24222,427.7221000000004,2453.14009,-4.553244725776963,2306.98818,2029.9712347257764
3634,582,Credit,12500,24222,0.0,523.9472399999999,-4.553244725776963,523.94724,528.5004847257768
3635,1575,Debit (Prepaid),74,24222,638.264944999999,529.416580000001,-4.553244725776963,0.0,-104.29512027422105
3631,1444,Debit,50521,24222,290.1897100000001,298.24501999999984,-4.553244725776963,55.170885,12.608554725776699
3637,1196,Debit,14623,24222,529.77812,587.6800399999993,-4.553244725776963,57.44426,62.4551647257763
3638,1823,Debit (Prepaid),65,24222,745.4610349999994,852.0883750000003,-4.553244725776963,0.0,111.18058472577788
3639,205,Debit,14247,24222,199.36490999999978,201.09410000000003,-4.553244725776963,7.64433,6.2824347257772075
3632,1618,Debit,21280,24222,194.18407000000002,234.23835000000008,-4.553244725776963,75.7979,44.607524725777026
4067,63,Debit (Prepaid),66,24223,337.67991500000016,291.00271999999995,-4.159697536563068,0.0,-42.517497463437145
4071,565,Debit,16080,24223,319.5282649999999,328.9685249999993,-4.159697536563068,76.03253,13.599957536562467
4068,59,Debit,14939,24223,473.63621500000045,470.0313799999999,-4.159697536563068,38.856615,0.5548625365625197
4069,1251,Debit,20619,24223,0.0,170.922465,-4.159697536563068,170.922465,175.08216253656306
4073,141,Credit,8000,24223,496.24500999999964,486.0848950000004,-4.159697536563068,26.29098,-6.000417463436155
4473,1543,Debit,39389,24224,1396.7148549999965,1381.10952,-4.734354691189842,149.15838499999998,-10.870980308806715
4474,684,Debit (Prepaid),61,24224,270.08781499999986,326.4962349999996,-4.734354691189842,0.0,61.142774691189594
4469,1276,Debit,17688,24224,626.8187750000006,549.0136400000001,-4.734354691189842,32.49345,-73.07078030881068
4467,549,Credit,7100,24224,720.2781000000014,731.8760399999983,-4.734354691189842,252.03006000000002,16.332294691186767
4475,146,Debit,30320,24224,506.272285,617.596770000001,-4.734354691189842,41.99591,116.05883969119084
4470,1871,Debit,14639,24224,189.66832499999964,190.25879499999974,-4.734354691189842,49.378215,5.324824691189938
4468,816,Credit,9200,24224,153.1483599999999,343.41057999999975,-4.734354691189842,247.02066,194.9965746911897
4476,1117,Debit,19824,24224,318.67558499999996,328.33139499999925,-4.734354691189842,167.8913,14.390164691189135
4472,1759,Debit,14801,24224,743.4946249999975,810.2453700000005,-4.734354691189842,90.877805,71.48509969119284
4918,1727,Debit,27066,24225,385.48440499999924,422.8431300000002,-5.522764214350616,139.47813,42.881489214351575
4920,860,Credit,22100,24225,388.7212100000006,886.9117799999999,-5.522764214350616,667.10016,503.7133342143499
5329,1727,Debit,21218,24226,373.20405499999924,425.4845949999999,-5.317133504079802,146.692985,57.59767350408046
5333,983,Debit,28004,24226,190.0304900000001,196.46635499999934,-5.317133504079802,66.90505999999999,11.752998504079041
5335,517,Debit,10703,24226,324.5250500000002,244.06390999999985,-5.317133504079802,49.9757,-75.14400649592054
5736,1358,Debit (Prepaid),71,24227,0.0,0.0,-5.554180773755684,0.0,5.554180773755684
5737,242,Debit,19788,24227,194.79017500000032,197.02028499999983,-5.554180773755684,52.844635,7.784290773755197
5741,976,Debit,24296,24227,1025.3047150000002,998.5706500000015,-5.554180773755684,50.889605,-21.179884226243054
5739,671,Credit,8600,24227,644.4955800000007,574.1218799999997,-5.554180773755684,256.70718,-64.81951922624532
