card_id,client_id,open_m,opened,card_type,credit_limit,existing_customer,year,day_one_segment,observed_customer
4524,825,24033,2002-09-01,Debit,24295,False,2002,Debit,True
2731,825,24172,2014-04-01,Debit,21968,True,2014,Debit,True
3701,825,24043,2003-07-01,Debit,46414,True,2003,Debit,True
42,825,24037,2003-01-01,Credit,12400,True,2003,Debit,True
4659,825,24105,2008-09-01,Debit (Prepaid),28,True,2008,Debit,True
4537,1746,24045,2003-09-01,Credit,27500,True,2003,Debit,True
1278,1746,24134,2011-02-01,Debit,28508,True,2011,Debit,True
3687,1746,24043,2003-07-01,Debit,9022,False,2003,Debit,True
3465,1746,24126,2010-06-01,Debit (Prepaid),54,True,2010,Debit,True
3754,1746,24079,2006-07-01,Debit (Prepaid),99,True,2006,Debit,True
5144,1718,24118,2009-10-01,Debit,31599,True,2009,Debit,True
2029,1718,24027,2002-03-01,Debit,27480,False,2002,Debit,True
2379,1718,24231,2019-03-01,Debit,26743,True,2019,Debit,True
2732,1718,24172,2014-04-01,Debit,31463,True,2014,Debit,True
4706,1718,24117,2009-09-01,Debit,16055,True,2009,Debit,True
281,708,24133,2011-01-01,Credit,98100,True,2011,Prepaid,True
1106,708,24086,2007-02-01,Debit (Prepaid),62,False,2007,Prepaid,True
5621,708,24131,2010-11-01,Debit,132439,True,2010,Prepaid,True
5165,708,24118,2009-10-01,Debit,125723,True,2009,Prepaid,True
5757,1164,24000,1999-12-01,Debit,34900,False,1999,Debit,True
27,68,24025,2002-01-01,Credit,9900,False,2002,Core credit,True
4648,68,24093,2007-09-01,Debit,21587,True,2007,Core credit,True
5435,68,24071,2005-11-01,Credit,15800,True,2005,Core credit,True
3287,1075,24066,2005-06-01,Debit,29964,False,2005,Debit,True
4761,1075,24129,2010-09-01,Credit,11200,True,2010,Debit,True
5286,1075,24178,2014-10-01,Debit,26753,True,2014,Debit,True
744,1711,24241,2020-01-01,Debit,17480,False,2020,Debit,False
5559,1116,24119,2009-11-01,Debit,26546,True,2009,Premium credit,True
4905,1116,24213,2017-09-01,Debit,23253,True,2017,Premium credit,True
79,1116,24061,2005-01-01,Credit,16100,False,2005,Premium credit,True
301,1116,24145,2012-01-01,Credit,8700,True,2012,Premium credit,True
3115,1116,24149,2012-05-01,Debit,29333,True,2012,Premium credit,True
3880,1752,24115,2009-07-01,Debit,9496,False,2009,Debit,True
1766,192,24242,2020-02-01,Debit,25499,False,2020,Debit,False
1767,192,24242,2020-02-01,Debit,18641,False,2020,Debit,False
745,640,24241,2020-01-01,Debit,26019,False,2020,Debit,False
1459,1679,24242,2020-02-01,Debit,25845,False,2020,Debit,False
138,1094,24085,2007-01-01,Debit,2365,True,2007,Debit,True
3755,1094,24079,2006-07-01,Debit,18684,False,2006,Debit,True
1768,1094,24242,2020-02-01,Credit,7400,True,2020,Debit,True
5924,1590,24108,2008-12-01,Debit,4147,False,2008,Debit,False
6074,1660,24156,2012-12-01,Debit (Prepaid),76,True,2012,Debit,True
5923,1660,24108,2008-12-01,Credit,4700,True,2008,Debit,True
4223,1660,24092,2007-08-01,Credit,5800,True,2007,Debit,True
4455,1660,24200,2016-08-01,Debit,12082,True,2016,Debit,True
3234,1660,24030,2002-06-01,Credit,6000,True,2002,Debit,True
1005,1660,24026,2002-02-01,Debit,620,False,2002,Debit,True
151,1747,24097,2008-01-01,Debit,14499,True,2008,Premium credit,False
4198,1747,24092,2007-08-01,Debit,12332,True,2007,Premium credit,False
4403,1747,24164,2013-08-01,Debit,18424,True,2013,Premium credit,False
4120,1747,24044,2003-08-01,Credit,15400,False,2003,Premium credit,False
4224,1747,24092,2007-08-01,Debit,14548,True,2007,Premium credit,False
4895,1747,24201,2016-09-01,Credit,10100,True,2016,Premium credit,False
1028,153,24050,2004-02-01,Credit,11200,False,2004,Premium credit,True
5956,153,24120,2009-12-01,Debit,20291,True,2009,Premium credit,True
107,153,24073,2006-01-01,Debit,32092,True,2006,Premium credit,True
440,153,24241,2020-01-01,Debit,20463,True,2020,Premium credit,True
746,429,24241,2020-01-01,Debit,15802,False,2020,Premium credit,False
1769,429,24242,2020-02-01,Debit,4612,True,2020,Premium credit,False
421,429,24241,2020-01-01,Credit,19900,False,2020,Premium credit,False
974,511,24002,2000-02-01,Debit (Prepaid),73,True,2000,Debit,True
4707,511,24117,2009-09-01,Debit,11858,True,2009,Debit,True
7,511,23977,1998-01-01,Debit,9664,False,1998,Debit,True
2212,511,24111,2009-03-01,Debit,8367,True,2009,Debit,True
1038,511,24050,2004-02-01,Credit,6100,True,2004,Debit,True
1460,309,24242,2020-02-01,Debit,9944,True,2020,Core credit,False
747,309,24241,2020-01-01,Credit,7900,False,2020,Core credit,False
1770,309,24242,2020-02-01,Credit,5600,True,2020,Core credit,False
748,777,24241,2020-01-01,Debit,68400,False,2020,Debit,False
441,777,24241,2020-01-01,Debit,77237,False,2020,Debit,False
3679,1946,24031,2002-07-01,Debit,4488,False,2002,Debit,True
5701,1946,24179,2014-11-01,Credit,12500,True,2014,Debit,True
4510,1674,24021,2001-09-01,Debit,23432,False,2001,Debit,True
2873,1674,24065,2005-05-01,Credit,8800,True,2005,Debit,True
1461,482,24242,2020-02-01,Credit,12100,False,2020,Premium credit,False
442,877,24241,2020-01-01,Debit,9708,True,2020,Premium credit,True
3877,877,24115,2009-07-01,Credit,12000,False,2009,Premium credit,True
2296,877,24147,2012-03-01,Debit,11973,True,2012,Premium credit,True
5048,128,24082,2006-10-01,Debit,13601,False,2006,Debit,True
1462,128,24242,2020-02-01,Credit,7800,True,2020,Debit,True
4269,775,24104,2008-08-01,Debit,17816,False,2008,Debit,False
5188,1536,24130,2010-10-01,Debit,17707,True,2010,Core credit,False
2874,1536,24065,2005-05-01,Credit,9500,False,2005,Core credit,False
3041,140,24125,2010-05-01,Debit,19110,True,2010,Debit,True
5312,140,24202,2016-10-01,Debit,13428,True,2016,Debit,True
4150,140,24068,2005-08-01,Debit,24608,False,2005,Debit,True
152,140,24097,2008-01-01,Debit,13441,True,2008,Debit,True
443,1884,24241,2020-01-01,Debit (Prepaid),74,False,2020,Prepaid,False
3377,1874,24102,2008-06-01,Debit,17872,True,2008,Premium credit,True
5789,1874,24048,2003-12-01,Credit,12900,False,2003,Premium credit,True
2106,1874,24075,2006-03-01,Debit,25264,True,2006,Premium credit,True
2078,1874,24063,2005-03-01,Debit,20634,True,2005,Premium credit,True
5866,1310,24084,2006-12-01,Credit,12200,False,2006,Premium credit,False
173,1310,24097,2008-01-01,Credit,5500,True,2008,Premium credit,False
1771,1689,24242,2020-02-01,Credit,6600,True,2020,Debit,False
6132,1689,24216,2017-12-01,Debit,25815,False,2017,Debit,False
327,379,24169,2014-01-01,Credit,8400,True,2014,Debit,True
2019,379,24015,2001-03-01,Debit,21628,False,2001,Debit,True
3881,379,24115,2009-07-01,Debit,24232,True,2009,Debit,True
1166,34,24110,2009-02-01,Debit,10775,True,2009,Prepaid,True
3342,34,24090,2007-06-01,Debit (Prepaid),105,False,2007,Prepaid,True
5622,822,24131,2010-11-01,Credit,7100,True,2010,Core credit,True
5424,822,24071,2005-11-01,Debit,29351,True,2005,Core credit,True
2558,822,24100,2008-04-01,Debit,15125,True,2008,Core credit,True
5385,822,24047,2003-11-01,Credit,8000,False,2003,Core credit,True
5596,822,24131,2010-11-01,Debit (Prepaid),83,True,2010,Core credit,True
3991,1499,24151,2012-07-01,Credit,23700,False,2012,Premium credit,True
6126,1780,24204,2016-12-01,Credit,700,False,2016,Core credit,False
3756,1806,24079,2006-07-01,Debit,7488,False,2006,Debit,False
971,811,23990,1999-02-01,Credit,24900,False,1999,Premium credit,True
2079,811,24063,2005-03-01,Debit,30971,True,2005,Premium credit,True
387,811,24241,2020-01-01,Credit,24400,True,2020,Premium credit,True
444,811,24241,2020-01-01,Debit,53549,True,2020,Premium credit,True
5277,811,24166,2013-10-01,Debit,53036,True,2013,Premium credit,True
4358,811,24140,2011-08-01,Debit,35750,True,2011,Premium credit,True
2318,811,24159,2013-03-01,Debit,33375,True,2013,Premium credit,True
6019,1844,24132,2010-12-01,Debit (Prepaid),22,True,2010,Debit,True
4421,1844,24176,2014-08-01,Credit,13100,True,2014,Debit,True
3702,1844,24043,2003-07-01,Debit,16516,False,2003,Debit,True
2854,1844,24053,2004-05-01,Credit,15700,True,2004,Debit,True
4114,1844,24044,2003-08-01,Debit,21058,True,2003,Debit,True
28,1852,24025,2002-01-01,Debit,36425,False,2002,Debit,True
6127,1852,24204,2016-12-01,Debit (Prepaid),91,True,2016,Debit,True
2477,1852,24064,2005-04-01,Credit,13400,True,2005,Debit,True
2632,1852,24124,2010-04-01,Credit,21600,True,2010,Debit,True
1463,1231,24242,2020-02-01,Debit,9090,False,2020,Debit,False
5679,970,24155,2012-11-01,Debit,25942,True,2012,Premium credit,True
1012,970,24038,2003-02-01,Credit,10700,False,2003,Premium credit,True
1464,970,24242,2020-02-01,Credit,4900,True,2020,Premium credit,True
1465,381,24242,2020-02-01,Credit,18100,False,2020,Premium credit,False
388,1134,24241,2020-01-01,Credit,7200,False,2020,Core credit,False
3708,1296,24055,2004-07-01,Debit,22660,True,2004,Debit,True
3087,1296,24137,2011-05-01,Credit,19800,True,2011,Debit,True
67,1296,24061,2005-01-01,Credit,15500,True,2005,Debit,True
80,1296,24061,2005-01-01,Debit (Prepaid),13,True,2005,Debit,True
3665,1296,24019,2001-07-01,Debit,4317,False,2001,Debit,True
2014,1880,24003,2000-03-01,Debit,14719,False,2000,Debit,True
4906,1880,24213,2017-09-01,Debit,9532,True,2017,Debit,True
3757,1880,24079,2006-07-01,Credit,10900,True,2006,Debit,True
5365,322,24023,2001-11-01,Credit,6200,True,2001,Debit,True
5425,322,24071,2005-11-01,Debit,2903,True,2005,Debit,True
5758,322,24000,1999-12-01,Debit,4355,False,1999,Debit,True
5482,461,24095,2007-11-01,Debit,28963,False,2007,Debit,True
3172,461,24197,2016-05-01,Debit,20913,True,2016,Debit,True
1209,461,24122,2010-02-01,Debit,23344,True,2010,Debit,True
5313,461,24202,2016-10-01,Debit,33642,True,2016,Debit,True
4762,1165,24129,2010-09-01,Debit,14695,False,2010,Debit,False
126,1448,24085,2007-01-01,Credit,13200,False,2007,Premium credit,True
4685,1448,24105,2008-09-01,Debit,29950,True,2008,Premium credit,True
5907,1448,24096,2007-12-01,Credit,4600,True,2007,Premium credit,True
2428,1288,24028,2002-04-01,Debit,10051,False,2002,Debit,True
1013,1288,24038,2003-02-01,Debit,9796,True,2003,Debit,True
5145,1178,24118,2009-10-01,Debit,17826,True,2009,Debit,False
5854,1178,24084,2006-12-01,Debit,19086,False,2006,Debit,False
5296,1178,24178,2014-10-01,Debit,17345,True,2014,Debit,False
1327,1178,24158,2013-02-01,Debit,17976,True,2013,Debit,False
383,1178,24229,2019-01-01,Debit,16447,True,2019,Debit,False
5129,1391,24106,2008-10-01,Debit,29573,True,2008,Debit,True
5995,1391,24132,2010-12-01,Debit (Prepaid),98,True,2010,Debit,True
4107,1391,24032,2002-08-01,Debit,2559,False,2002,Debit,True
36,1391,24037,2003-01-01,Debit,6552,True,2003,Debit,True
445,838,24241,2020-01-01,Credit,13800,False,2020,Premium credit,False
1466,54,24242,2020-02-01,Debit,16375,True,2020,Debit,False
749,54,24241,2020-01-01,Debit,14213,False,2020,Debit,False
1772,54,24242,2020-02-01,Debit (Prepaid),73,True,2020,Debit,False
3801,1452,24091,2007-07-01,Debit,53466,False,2007,Debit,True
282,1602,24133,2011-01-01,Credit,6600,False,2011,Core credit,True
6105,1602,24192,2015-12-01,Credit,7200,True,2015,Core credit,True
446,1938,24241,2020-01-01,Debit,2868,False,2020,Core credit,False
422,1938,24241,2020-01-01,Credit,3400,False,2020,Core credit,False
5231,1492,24142,2011-10-01,Debit,12915,True,2011,Debit,True
2615,1492,24112,2009-04-01,Debit (Prepaid),84,True,2009,Debit,True
2776,1492,24220,2018-04-01,Credit,17600,True,2018,Debit,True
5452,1492,24083,2006-11-01,Debit,31542,False,2006,Debit,True
3563,1492,24162,2013-06-01,Debit,23049,True,2013,Debit,True
6134,1492,24216,2017-12-01,Debit,29734,True,2017,Debit,True
4818,1492,24141,2011-09-01,Credit,27000,True,2011,Debit,True
2171,1492,24099,2008-03-01,Debit (Prepaid),18,True,2008,Debit,True
6106,688,24192,2015-12-01,Debit,17848,True,2015,Debit,True
3042,688,24125,2010-05-01,Debit,25563,False,2010,Debit,True
5209,688,24130,2010-10-01,Credit,12000,True,2010,Debit,True
1296,688,24146,2012-02-01,Credit,6600,True,2012,Debit,True
389,749,24241,2020-01-01,Credit,5600,False,2020,Core credit,False
1773,749,24242,2020-02-01,Debit,11873,True,2020,Core credit,False
1467,749,24242,2020-02-01,Credit,7200,True,2020,Core credit,False
1395,643,24242,2020-02-01,Credit,10000,True,2020,Core credit,True
5597,643,24131,2010-11-01,Credit,500,False,2010,Core credit,True
1468,1219,24242,2020-02-01,Debit,22697,True,2020,Debit,True
2309,1219,24159,2013-03-01,Credit,18000,True,2013,Debit,True
3466,1219,24126,2010-06-01,Debit,32903,False,2010,Debit,True
2804,1198,23993,1999-05-01,Debit,12764,False,1999,Debit,True
1388,1198,24230,2019-02-01,Credit,6300,True,2019,Debit,True
4660,898,24105,2008-09-01,Debit,7541,True,2008,Debit,True
3356,898,24090,2007-06-01,Debit,1266,False,2007,Debit,True
4870,898,24177,2014-09-01,Credit,9500,True,2014,Debit,True
3467,882,24126,2010-06-01,Debit,1837,True,2010,Debit,True
1079,882,24074,2006-02-01,Debit,17453,False,2006,Debit,True
2977,348,24101,2008-05-01,Debit,28283,False,2008,Debit,True
3073,348,24125,2010-05-01,Credit,13500,True,2010,Debit,True
3554,348,24150,2012-06-01,Credit,13300,True,2012,Debit,True
2597,633,24112,2009-04-01,Debit,17941,False,2009,Debit,True
3489,1493,24126,2010-06-01,Credit,14400,False,2010,Premium credit,True
4003,1493,24151,2012-07-01,Credit,4400,True,2012,Premium credit,True
1469,1493,24242,2020-02-01,Credit,13000,True,2020,Premium credit,True
1774,1493,24242,2020-02-01,Debit,22701,True,2020,Premium credit,True
1470,1161,24242,2020-02-01,Credit,16100,False,2020,Premium credit,False
1471,1161,24242,2020-02-01,Debit,7629,False,2020,Premium credit,False
2691,217,24148,2012-04-01,Debit,16538,True,2012,Core credit,True
174,217,24097,2008-01-01,Debit,22746,True,2008,Core credit,True
1364,217,24194,2016-02-01,Debit,9737,True,2016,Core credit,True
1266,217,24134,2011-02-01,Credit,6500,True,2011,Core credit,True
1267,217,24134,2011-02-01,Debit,2650,True,2011,Core credit,True
207,217,24109,2009-01-01,Credit,8200,True,2009,Core credit,True
5448,217,24083,2006-11-01,Credit,6200,False,2006,Core credit,True
5449,1877,24083,2006-11-01,Credit,22600,True,2006,Debit,True
2107,1877,24075,2006-03-01,Debit,6940,True,2006,Debit,True
2398,1877,23956,1996-04-01,Debit,23408,False,1996,Debit,True
5414,1877,24059,2004-11-01,Credit,9700,True,2004,Debit,True
3758,668,24079,2006-07-01,Debit,10538,True,2006,Debit,True
4097,668,24020,2001-08-01,Debit,6853,False,2001,Debit,True
5778,668,24036,2002-12-01,Debit,607,True,2002,Debit,True
4318,668,24128,2010-08-01,Credit,0,True,2010,Debit,True
5015,668,24058,2004-10-01,Debit,8253,True,2004,Debit,True
750,533,24241,2020-01-01,Debit,8492,False,2020,Debit,False
242,203,24121,2010-01-01,Credit,9100,True,2010,Core credit,True
3966,203,24139,2011-07-01,Credit,2600,True,2011,Core credit,True
5375,203,24035,2002-11-01,Credit,7300,False,2002,Core credit,True
5166,1738,24118,2009-10-01,Credit,15000,False,2009,Premium credit,False
1472,1738,24242,2020-02-01,Credit,18700,True,2020,Premium credit,False
751,1738,24241,2020-01-01,Debit,21458,True,2020,Premium credit,False
5623,1738,24131,2010-11-01,Credit,15700,True,2010,Premium credit,False
6099,713,24180,2014-12-01,Debit,20765,False,2014,Debit,False
1473,713,24242,2020-02-01,Debit,18101,True,2020,Debit,False
1775,713,24242,2020-02-01,Credit,8400,True,2020,Debit,False
447,713,24241,2020-01-01,Debit,1737,True,2020,Debit,False
1474,1631,24242,2020-02-01,Credit,20900,True,2020,Premium credit,False
1776,1631,24242,2020-02-01,Credit,23700,True,2020,Premium credit,False
448,1631,24241,2020-01-01,Credit,17500,False,2020,Premium credit,False
5978,1487,24120,2009-12-01,Debit,26083,True,2009,Premium credit,True
2978,1487,24101,2008-05-01,Debit,31589,True,2008,Premium credit,True
4946,1487,24010,2000-10-01,Credit,24200,False,2000,Premium credit,True
1475,1265,24242,2020-02-01,Debit,18321,False,2020,Debit,False
5376,370,24035,2002-11-01,Debit,7551,False,2002,Debit,True
4127,370,24056,2004-08-01,Debit,15377,True,2004,Debit,True
5093,370,24094,2007-10-01,Debit,12990,True,2007,Debit,True
3490,370,24126,2010-06-01,Debit,8509,True,2010,Debit,True
5702,1014,24179,2014-11-01,Debit,96907,True,2014,Prepaid,False
2200,1014,24099,2008-03-01,Credit,43900,True,2008,Prepaid,False
5436,1014,24071,2005-11-01,Debit (Prepaid),76,False,2005,Prepaid,False
449,290,24241,2020-01-01,Debit,50915,False,2020,Debit,False
1777,290,24242,2020-02-01,Debit,31767,True,2020,Debit,False
3862,985,24103,2008-07-01,Credit,13200,False,2008,Premium credit,True
1268,985,24134,2011-02-01,Credit,16000,True,2011,Premium credit,True
752,985,24241,2020-01-01,Debit,18132,True,2020,Premium credit,True
2704,985,24148,2012-04-01,Credit,300,True,2012,Premium credit,True
2808,135,24005,2000-05-01,Debit,2236,False,2000,Debit,True
4791,135,24129,2010-09-01,Debit,21591,True,2010,Debit,True
1476,307,24242,2020-02-01,Debit,11521,True,2020,Core credit,False
753,307,24241,2020-01-01,Credit,8600,False,2020,Core credit,False
4112,1783,24044,2003-08-01,Credit,9800,True,2003,Debit,True
1154,1783,24098,2008-02-01,Credit,11300,True,2008,Debit,True
2598,1783,24112,2009-04-01,Credit,8400,True,2009,Debit,True
10,1783,23989,1999-01-01,Debit,16597,False,1999,Debit,True
4655,1783,24105,2008-09-01,Credit,9400,True,2008,Debit,True
5908,1321,24096,2007-12-01,Debit,18702,False,2007,Debit,False
3357,1511,24090,2007-06-01,Debit,24806,False,2007,Debit,True
5502,1511,24095,2007-11-01,Debit,19856,True,2007,Debit,True
1238,900,24122,2010-02-01,Debit (Prepaid),68,True,2010,Core credit,True
3412,900,24114,2009-06-01,Credit,4900,False,2009,Core credit,True
1477,953,24242,2020-02-01,Debit,13390,False,2020,Core credit,False
1396,953,24242,2020-02-01,Credit,8400,False,2020,Core credit,False
1297,233,24146,2012-02-01,Credit,13700,False,2012,Premium credit,True
3605,406,24198,2016-06-01,Credit,4200,False,2016,Core credit,False
5167,1069,24118,2009-10-01,Debit,2292,False,2009,Debit,True
3922,1069,24127,2010-07-01,Credit,8800,True,2010,Debit,True
5453,180,24083,2006-11-01,Credit,7600,True,2006,Core credit,True
2888,180,24065,2005-05-01,Credit,6200,False,2005,Core credit,True
3208,996,23994,1999-06-01,Credit,12900,False,1999,Premium credit,True
4661,996,24105,2008-09-01,Debit,18820,True,2008,Premium credit,True
3277,996,24054,2004-06-01,Debit,16167,True,2004,Premium credit,True
1107,996,24086,2007-02-01,Credit,4200,True,2007,Premium credit,True
3310,996,24078,2006-06-01,Debit,18861,True,2006,Premium credit,True
1279,996,24134,2011-02-01,Debit,27231,True,2011,Premium credit,True
1778,1866,24242,2020-02-01,Debit,24390,False,2020,Debit,False
1478,1866,24242,2020-02-01,Debit,3106,False,2020,Debit,False
2108,1981,24075,2006-03-01,Debit,13595,True,2006,Debit,True
5143,1981,24118,2009-10-01,Credit,12300,True,2009,Debit,True
4151,1981,24068,2005-08-01,Credit,12300,True,2005,Debit,True
3606,1981,24198,2016-06-01,Debit,20743,True,2016,Debit,True
3248,1981,24042,2003-06-01,Debit,17706,True,2003,Debit,True
2996,1981,24113,2009-05-01,Debit,20962,True,2009,Debit,True
4,1981,23965,1997-01-01,Debit,19439,False,1997,Debit,True
3257,870,24042,2003-06-01,Debit,30160,False,2003,Debit,True
3626,870,24222,2018-06-01,Credit,0,True,2018,Debit,True
1039,870,24050,2004-02-01,Debit,28937,True,2004,Debit,True
2080,16,24063,2005-03-01,Debit (Prepaid),22,True,2005,Debit,True
49,16,24049,2004-01-01,Debit,1575,True,2004,Debit,True
4964,16,24034,2002-10-01,Debit,7562,True,2002,Debit,True
4093,16,23996,1999-08-01,Debit,17211,False,1999,Debit,True
2979,16,24101,2008-05-01,Credit,9500,True,2008,Debit,True
3513,46,24138,2011-06-01,Debit,24191,True,2011,Prepaid,True
3732,46,24067,2005-07-01,Debit (Prepaid),68,False,2005,Prepaid,True
2925,46,24089,2007-05-01,Debit,8037,True,2007,Prepaid,True
1167,46,24110,2009-02-01,Debit (Prepaid),97,True,2009,Prepaid,True
450,800,24241,2020-01-01,Debit,15555,True,2020,Debit,False
2759,800,24196,2016-04-01,Debit,18242,False,2016,Debit,False
1779,800,24242,2020-02-01,Debit (Prepaid),62,True,2020,Debit,False
754,800,24241,2020-01-01,Debit,16715,True,2020,Debit,False
1479,1968,24242,2020-02-01,Debit (Prepaid),46,False,2020,Prepaid,False
1298,697,24146,2012-02-01,Debit,20195,True,2012,Debit,True
3640,697,24234,2019-06-01,Debit,39818,True,2019,Debit,True
3074,697,24125,2010-05-01,Debit,33736,False,2010,Debit,True
4239,1269,24104,2008-08-01,Debit,17850,True,2008,Premium credit,True
4147,1269,24068,2005-08-01,Credit,11300,False,2005,Premium credit,True
3075,1782,24125,2010-05-01,Debit,1981,True,2010,Debit,True
4289,1782,24116,2009-08-01,Debit,15695,True,2009,Debit,True
2172,1782,24099,2008-03-01,Debit,23475,False,2008,Debit,True
5366,1977,24023,2001-11-01,Credit,12900,True,2001,Debit,True
2673,1977,24136,2011-04-01,Debit (Prepaid),91,True,2011,Debit,True
965,1977,23990,1999-02-01,Debit,15341,False,1999,Debit,True
4763,1734,24129,2010-09-01,Debit,42116,False,2010,Debit,False
451,1734,24241,2020-01-01,Debit,39312,True,2020,Debit,False
3300,1913,24066,2005-06-01,Debit,21370,False,2005,Debit,True
5226,1913,24142,2011-10-01,Credit,16700,True,2011,Debit,True
5477,1913,24095,2007-11-01,Credit,17800,True,2007,Debit,True
5877,1913,24096,2007-12-01,Credit,16200,True,2007,Debit,True
3084,1913,24137,2011-05-01,Credit,17700,True,2011,Debit,True
13,858,24001,2000-01-01,Credit,14600,False,2000,Premium credit,True
4735,858,24117,2009-09-01,Credit,10700,True,2009,Premium credit,True
2633,858,24124,2010-04-01,Debit (Prepaid),89,True,2010,Premium credit,True
4173,606,24080,2006-08-01,Debit,11398,False,2006,Debit,False
5925,1564,24108,2008-12-01,Credit,8200,True,2008,Core credit,True
4240,1564,24104,2008-08-01,Credit,6100,False,2008,Core credit,True
3514,1564,24138,2011-06-01,Debit,15820,True,2011,Core credit,True
1480,1109,24242,2020-02-01,Debit,9774,False,2020,Debit,False
3136,1301,24161,2013-05-01,Debit,22833,False,2013,Debit,True
755,1301,24241,2020-01-01,Debit,48502,True,2020,Debit,True
2787,1301,24232,2019-04-01,Debit,34888,True,2019,Debit,True
4435,1301,24176,2014-08-01,Debit,29503,True,2014,Debit,True
378,1301,24229,2019-01-01,Debit,19570,True,2019,Debit,True
3189,1301,24209,2017-05-01,Debit,22297,True,2017,Debit,True
3595,1301,24186,2015-06-01,Debit,20031,True,2015,Debit,True
1481,1301,24242,2020-02-01,Debit,30323,True,2020,Debit,True
390,1301,24241,2020-01-01,Credit,19000,True,2020,Debit,True
4065,1399,24223,2018-07-01,Debit,18162,False,2018,Debit,False
756,1399,24241,2020-01-01,Debit (Prepaid),54,True,2020,Debit,False
1482,1399,24242,2020-02-01,Credit,8700,True,2020,Debit,False
452,1399,24241,2020-01-01,Debit,14295,True,2020,Debit,False
5743,1775,24239,2019-11-01,Debit,17620,True,2019,Debit,True
344,1775,24181,2015-01-01,Debit,17201,False,2015,Debit,True
423,1775,24241,2020-01-01,Credit,8300,True,2020,Debit,True
5542,1673,24107,2008-11-01,Debit,17853,False,2008,Debit,False
2777,1673,24220,2018-04-01,Debit,10794,True,2018,Debit,False
5598,1673,24131,2010-11-01,Debit,15832,True,2010,Debit,False
3759,1957,24079,2006-07-01,Debit (Prepaid),26,False,2006,Prepaid,True
5483,1957,24095,2007-11-01,Credit,16300,True,2007,Prepaid,True
453,1033,24241,2020-01-01,Debit,14836,False,2020,Debit,False
454,1033,24241,2020-01-01,Debit,13972,False,2020,Debit,False
3564,1024,24162,2013-06-01,Debit,33103,True,2013,Premium credit,True
4241,1024,24104,2008-08-01,Debit,20847,True,2008,Premium credit,True
5268,1024,24166,2013-10-01,Debit,31807,True,2013,Premium credit,True
1006,1024,24026,2002-02-01,Credit,16100,False,2002,Premium credit,True
2825,1441,24029,2002-05-01,Debit,28894,True,2002,Prepaid,False
1007,1441,24026,2002-02-01,Debit (Prepaid),61,False,2002,Prepaid,False
4792,1441,24129,2010-09-01,Credit,12500,True,2010,Prepaid,False
2599,1103,24112,2009-04-01,Debit,15409,True,2009,Core credit,True
4984,1103,24046,2003-10-01,Credit,5300,False,2003,Core credit,True
2895,1103,24077,2006-05-01,Debit,13469,True,2006,Core credit,True
455,431,24241,2020-01-01,Debit,16524,False,2020,Debit,False
456,431,24241,2020-01-01,Debit,29526,False,2020,Debit,False
1483,431,24242,2020-02-01,Debit,16407,True,2020,Debit,False
3378,165,24102,2008-06-01,Debit (Prepaid),61,True,2008,Debit,True
5146,165,24118,2009-10-01,Debit,40628,True,2009,Debit,True
2559,165,24100,2008-04-01,Debit,24980,False,2008,Debit,True
1484,353,24242,2020-02-01,Debit,10290,True,2020,Prepaid,False
5328,353,24226,2018-10-01,Debit (Prepaid),84,False,2018,Prepaid,False
2154,1758,24087,2007-03-01,Debit,13725,False,2007,Debit,True
4686,1758,24105,2008-09-01,Debit,8278,True,2008,Debit,True
3440,1758,24114,2009-06-01,Debit,13514,True,2009,Debit,True
2674,1758,24136,2011-04-01,Credit,3800,True,2011,Debit,True
2478,1266,24064,2005-04-01,Debit,15119,False,2005,Debit,True
457,1943,24241,2020-01-01,Debit (Prepaid),81,False,2020,Premium credit,False
458,1943,24241,2020-01-01,Debit,34183,False,2020,Premium credit,False
757,1943,24241,2020-01-01,Credit,22200,False,2020,Premium credit,False
1485,792,24242,2020-02-01,Debit,15117,True,2020,Prepaid,False
3491,792,24126,2010-06-01,Debit (Prepaid),81,False,2010,Prepaid,False
3249,1055,24042,2003-06-01,Debit,1543,False,2003,Debit,False
459,1159,24241,2020-01-01,Debit,22821,False,2020,Debit,False
1780,1159,24242,2020-02-01,Credit,13200,True,2020,Debit,False
460,1159,24241,2020-01-01,Debit,16330,False,2020,Debit,False
758,1159,24241,2020-01-01,Debit (Prepaid),39,False,2020,Debit,False
5484,1115,24095,2007-11-01,Credit,6400,True,2007,Core credit,True
2809,1115,24005,2000-05-01,Credit,3500,False,2000,Core credit,True
6138,1115,24228,2018-12-01,Debit,12606,True,2018,Core credit,True
374,1115,24217,2018-01-01,Debit,9921,True,2018,Core credit,True
4225,1115,24092,2007-08-01,Debit (Prepaid),96,True,2007,Core credit,True
1014,1115,24038,2003-02-01,Debit,18964,True,2003,Core credit,True
2526,38,24088,2007-04-01,Debit,3711,False,2007,Debit,True
1352,1027,24182,2015-02-01,Debit,35279,True,2015,Debit,True
5543,1027,24107,2008-11-01,Credit,13800,True,2008,Debit,True
3671,1027,24031,2002-07-01,Debit,24215,False,2002,Debit,True
5503,11,24095,2007-11-01,Credit,19400,True,2007,Premium credit,True
2096,11,24063,2005-03-01,Debit (Prepaid),30,True,2005,Premium credit,True
243,11,24121,2010-01-01,Debit,17208,True,2010,Premium credit,True
18,11,24013,2001-01-01,Credit,18300,False,2001,Premium credit,True
1336,11,24170,2014-02-01,Debit,51012,True,2014,Premium credit,True
189,11,24109,2009-01-01,Credit,15000,True,2009,Premium credit,True
2910,871,24077,2006-05-01,Credit,7600,True,2006,Core credit,True
2081,871,24063,2005-03-01,Debit,8052,False,2005,Core credit,True
2082,871,24063,2005-03-01,Credit,8600,False,2005,Core credit,True
5336,871,24238,2019-10-01,Debit,20128,True,2019,Core credit,True
3831,871,24103,2008-07-01,Credit,9000,True,2008,Core credit,True
5645,871,24143,2011-11-01,Debit (Prepaid),91,True,2011,Core credit,True
958,746,23954,1996-02-01,Credit,6800,False,1996,Core credit,True
3043,746,24125,2010-05-01,Debit (Prepaid),93,True,2010,Core credit,True
2319,746,24159,2013-03-01,Credit,9800,True,2013,Core credit,True
3492,746,24126,2010-06-01,Credit,6700,True,2010,Core credit,True
108,1520,24073,2006-01-01,Credit,9800,False,2006,Core credit,True
3329,1520,24078,2006-06-01,Debit,24544,True,2006,Core credit,True
2956,1520,24101,2008-05-01,Debit,22639,True,2008,Core credit,True
4033,1520,24187,2015-07-01,Credit,1100,True,2015,Core credit,True
2715,1520,24160,2013-04-01,Debit (Prepaid),86,True,2013,Core credit,True
2655,1372,24124,2010-04-01,Debit,2330,False,2010,Debit,False
1781,1372,24242,2020-02-01,Credit,5900,True,2020,Debit,False
5909,1799,24096,2007-12-01,Debit,47372,True,2007,Prepaid,True
3076,1799,24125,2010-05-01,Debit,28127,True,2010,Prepaid,True
4595,1799,24081,2006-09-01,Debit (Prepaid),28,False,2006,Prepaid,True
1782,1799,24242,2020-02-01,Debit,62081,True,2020,Prepaid,True
4806,1905,24141,2011-09-01,Credit,5800,True,2011,Debit,True
3902,1905,24115,2009-07-01,Credit,6700,True,2009,Debit,True
2127,1905,24075,2006-03-01,Credit,6700,True,2006,Debit,True
5807,1905,24060,2004-12-01,Debit,1424,False,2004,Debit,True
1486,130,24242,2020-02-01,Debit (Prepaid),58,True,2020,Core credit,False
3785,130,24079,2006-07-01,Credit,19400,True,2006,Core credit,False
6020,130,24132,2010-12-01,Debit,4052,True,2010,Core credit,False
2468,130,24052,2004-04-01,Credit,9300,False,2004,Core credit,False
1783,1990,24242,2020-02-01,Credit,9600,False,2020,Core credit,False
1487,1990,24242,2020-02-01,Debit,16923,False,2020,Core credit,False
461,593,24241,2020-01-01,Credit,7700,False,2020,Core credit,False
1488,540,24242,2020-02-01,Debit,146,False,2020,Debit,False
2997,1155,24113,2009-05-01,Debit,12091,True,2009,Core credit,True
4596,1155,24081,2006-09-01,Debit,11157,True,2006,Core credit,True
5784,1155,24036,2002-12-01,Credit,7100,False,2002,Core credit,True
4319,1155,24128,2010-08-01,Debit,7612,True,2010,Core credit,True
1328,1155,24158,2013-02-01,Credit,6100,True,2013,Core credit,True
5941,663,24108,2008-12-01,Debit,27706,True,2008,Debit,True
2173,663,24099,2008-03-01,Debit (Prepaid),45,True,2008,Debit,True
975,663,24002,2000-02-01,Debit,2046,False,2000,Debit,True
4831,663,24153,2012-09-01,Credit,17400,True,2012,Debit,True
5926,663,24108,2008-12-01,Debit,26231,True,2008,Debit,True
3358,1987,24090,2007-06-01,Credit,18300,True,2007,Premium credit,True
3668,1987,24019,2001-07-01,Credit,13900,False,2001,Premium credit,True
3209,1484,23994,1999-06-01,Credit,17200,False,1999,Premium credit,True
5058,1484,24082,2006-10-01,Debit,14217,True,2006,Premium credit,True
2527,1484,24088,2007-04-01,Debit,39533,True,2007,Premium credit,True
4242,1484,24104,2008-08-01,Debit,3141,True,2008,Premium credit,True
2733,1484,24172,2014-04-01,Credit,12800,True,2014,Premium credit,True
4764,1484,24129,2010-09-01,Debit,38342,True,2010,Premium credit,True
462,417,24241,2020-01-01,Credit,3000,False,2020,Core credit,False
1784,298,24242,2020-02-01,Debit,16486,False,2020,Debit,False
463,306,24241,2020-01-01,Debit,28868,False,2020,Debit,False
464,306,24241,2020-01-01,Debit,51836,False,2020,Debit,False
1785,607,24242,2020-02-01,Credit,8900,True,2020,Debit,False
1489,607,24242,2020-02-01,Credit,9900,True,2020,Debit,False
759,607,24241,2020-01-01,Debit,22935,True,2020,Debit,False
1786,607,24242,2020-02-01,Credit,7900,True,2020,Debit,False
6100,607,24180,2014-12-01,Debit,17336,False,2014,Debit,False
3981,1769,24139,2011-07-01,Debit,20206,True,2011,Core credit,True
375,1769,24217,2018-01-01,Credit,9900,True,2018,Core credit,True
295,1769,24145,2012-01-01,Debit (Prepaid),78,True,2012,Core credit,True
5599,1769,24131,2010-11-01,Debit,17335,True,2010,Core credit,True
43,1769,24037,2003-01-01,Credit,9700,False,2003,Core credit,True
5820,698,24060,2004-12-01,Debit,25048,False,2004,Debit,False
2332,698,24171,2014-03-01,Debit,25214,True,2014,Debit,False
1490,698,24242,2020-02-01,Debit,33580,True,2020,Debit,False
2286,896,24135,2011-03-01,Debit,1952,False,2011,Debit,False
3882,1975,24115,2009-07-01,Debit,18491,False,2009,Debit,True
4336,1975,24128,2010-08-01,Credit,9800,True,2010,Debit,True
5957,1975,24120,2009-12-01,Credit,0,True,2009,Debit,True
267,645,24133,2011-01-01,Debit,5857,True,2011,Debit,False
5094,645,24094,2007-10-01,Debit,10366,True,2007,Debit,False
2469,645,24052,2004-04-01,Debit,10161,True,2004,Debit,False
68,645,24061,2005-01-01,Debit,9297,True,2005,Debit,False
3703,645,24043,2003-07-01,Debit,12434,False,2003,Debit,False
5600,227,24131,2010-11-01,Debit,29973,True,2010,Debit,True
4886,227,24189,2015-09-01,Debit,25330,True,2015,Debit,True
2512,227,24076,2006-04-01,Debit,52609,False,2006,Debit,True
5867,227,24084,2006-12-01,Credit,25200,True,2006,Debit,True
5750,84,23964,1996-12-01,Debit,11832,False,1996,Debit,True
2580,84,24100,2008-04-01,Credit,5400,True,2008,Debit,True
3417,84,24114,2009-06-01,Debit,3384,True,2009,Debit,True
3543,1684,24150,2012-06-01,Debit,13756,True,2012,Core credit,True
94,1684,24073,2006-01-01,Debit,9263,True,2006,Core credit,True
2723,1684,24172,2014-04-01,Debit,16899,True,2014,Core credit,True
3278,1684,24054,2004-06-01,Credit,5700,False,2004,Core credit,True
2140,1684,24087,2007-03-01,Debit (Prepaid),46,True,2007,Core credit,True
1491,745,24242,2020-02-01,Credit,11400,False,2020,Premium credit,False
5646,1508,24143,2011-11-01,Debit (Prepaid),95,True,2011,Debit,True
1108,1508,24086,2007-02-01,Credit,10700,True,2007,Debit,True
3508,1508,24138,2011-06-01,Credit,8700,True,2011,Debit,True
3279,1508,24054,2004-06-01,Debit,12150,False,2004,Debit,True
3617,1158,24210,2017-06-01,Credit,7800,True,2017,Debit,False
1329,1158,24158,2013-02-01,Debit,13761,False,2013,Debit,False
3946,1427,24127,2010-07-01,Debit,45377,False,2010,Debit,True
465,352,24241,2020-01-01,Debit,18091,False,2020,Debit,False
466,352,24241,2020-01-01,Debit,14514,False,2020,Debit,False
1492,1948,24242,2020-02-01,Credit,15900,True,2020,Premium credit,False
760,1948,24241,2020-01-01,Credit,13000,False,2020,Premium credit,False
761,1948,24241,2020-01-01,Debit,17905,False,2020,Premium credit,False
5624,724,24131,2010-11-01,Credit,7000,True,2010,Debit,True
2656,724,24124,2010-04-01,Credit,7100,True,2010,Debit,True
2876,724,24065,2005-05-01,Debit,16476,False,2005,Debit,True
5868,724,24084,2006-12-01,Credit,7200,True,2006,Debit,True
5996,543,24132,2010-12-01,Credit,11800,True,2010,Debit,True
4320,543,24128,2010-08-01,Debit,6832,True,2010,Debit,True
4708,543,24117,2009-09-01,Debit,6222,False,2009,Debit,True
2920,1559,24089,2007-05-01,Credit,13300,True,2007,Debit,True
5797,1559,24048,2003-12-01,Debit,2942,False,2003,Debit,True
3301,1559,24066,2005-06-01,Debit,33539,True,2005,Debit,True
1787,1199,24242,2020-02-01,Credit,14000,True,2020,Debit,False
762,1199,24241,2020-01-01,Debit,20160,False,2020,Debit,False
467,1745,24241,2020-01-01,Debit,35466,False,2020,Debit,False
1788,1745,24242,2020-02-01,Debit,24677,True,2020,Debit,False
1789,1745,24242,2020-02-01,Debit,16520,True,2020,Debit,False
5028,1950,24070,2005-10-01,Debit,6708,False,2005,Debit,False
328,1950,24169,2014-01-01,Credit,1200,True,2014,Debit,False
4374,1950,24140,2011-08-01,Debit,10903,True,2011,Debit,False
1312,1950,24158,2013-02-01,Debit,6710,True,2013,Debit,False
5730,1950,24215,2017-11-01,Debit,10841,True,2017,Debit,False
763,1397,24241,2020-01-01,Debit (Prepaid),40,True,2020,Debit,True
2957,1397,24101,2008-05-01,Debit,29340,False,2008,Debit,True
3627,1397,24222,2018-06-01,Credit,13600,True,2018,Debit,True
3044,1397,24125,2010-05-01,Credit,7700,True,2010,Debit,True
5401,873,24059,2004-11-01,Debit,18803,True,2004,Debit,False
3205,873,23982,1998-06-01,Debit,28405,False,1998,Debit,False
1269,873,24134,2011-02-01,Debit,15521,True,2011,Debit,False
20,1728,24013,2001-01-01,Credit,3800,False,2001,Core credit,True
3493,1728,24126,2010-06-01,Credit,10900,True,2010,Core credit,True
153,1728,24097,2008-01-01,Debit,1930,True,2008,Core credit,True
4422,1728,24176,2014-08-01,Credit,13900,True,2014,Core credit,True
223,299,24121,2010-01-01,Debit,5575,True,2010,Debit,True
2756,299,24196,2016-04-01,Credit,8300,True,2016,Debit,True
208,299,24109,2009-01-01,Debit,13009,False,2009,Debit,True
468,299,24241,2020-01-01,Debit,12029,True,2020,Debit,True
764,299,24241,2020-01-01,Credit,6100,True,2020,Debit,True
4414,1742,24164,2013-08-01,Debit,24123,True,2013,Debit,True
1155,1742,24098,2008-02-01,Credit,14700,True,2008,Debit,True
5869,1742,24084,2006-12-01,Debit (Prepaid),12,True,2006,Debit,True
4559,1742,24057,2004-09-01,Debit,11737,False,2004,Debit,True
2005,1004,23967,1997-03-01,Debit,14366,False,1997,Debit,False
345,1004,24181,2015-01-01,Debit,17272,True,2015,Debit,False
3672,1004,24031,2002-07-01,Debit,13605,True,2002,Debit,False
3742,301,24067,2005-07-01,Credit,21000,False,2005,Premium credit,True
1493,1011,24242,2020-02-01,Debit,21470,False,2020,Debit,False
4915,906,24213,2017-09-01,Debit,26850,True,2017,Premium credit,True
1190,906,24110,2009-02-01,Credit,10400,True,2009,Premium credit,True
5095,906,24094,2007-10-01,Credit,8000,True,2007,Premium credit,True
2409,906,24004,2000-04-01,Credit,13000,False,2000,Premium credit,True
3760,906,24079,2006-07-01,Debit,5840,True,2006,Premium credit,True
2174,906,24099,2008-03-01,Debit (Prepaid),68,True,2008,Premium credit,True
4756,110,24129,2010-09-01,Credit,16000,True,2010,Debit,True
3240,110,24030,2002-06-01,Debit,32223,True,2002,Debit,True
5189,110,24130,2010-10-01,Debit,13323,True,2010,Debit,True
4103,110,24020,2001-08-01,Debit,576,False,2001,Debit,True
2547,1073,24088,2007-04-01,Debit,25977,False,2007,Debit,True
4436,1073,24176,2014-08-01,Debit (Prepaid),84,True,2014,Debit,True
4597,705,24081,2006-09-01,Debit (Prepaid),23,True,2006,Core credit,True
5359,705,23999,1999-11-01,Credit,5200,False,1999,Core credit,True
3311,820,24078,2006-06-01,Debit (Prepaid),66,True,2006,Premium credit,True
5040,820,24082,2006-10-01,Credit,1200,True,2006,Premium credit,True
127,820,24085,2007-01-01,Debit,20759,True,2007,Premium credit,True
3224,820,24018,2001-06-01,Credit,15100,False,2001,Premium credit,True
469,820,24241,2020-01-01,Credit,11100,True,2020,Premium credit,True
470,1188,24241,2020-01-01,Debit (Prepaid),52,False,2020,Prepaid,False
4548,1128,24057,2004-09-01,Debit,15110,False,2004,Debit,True
4765,1128,24129,2010-09-01,Credit,10600,True,2010,Debit,True
4583,1128,24069,2005-09-01,Credit,8600,True,2005,Debit,True
4316,1128,24128,2010-08-01,Credit,8400,True,2010,Debit,True
3144,1128,24173,2014-05-01,Credit,11100,True,2014,Debit,True
1139,1479,24098,2008-02-01,Credit,2800,False,2008,Core credit,True
6128,1594,24204,2016-12-01,Credit,5700,True,2016,Debit,True
3241,1594,24030,2002-06-01,Debit,12252,False,2002,Debit,True
3565,1594,24162,2013-06-01,Debit,22420,True,2013,Debit,True
5029,1485,24070,2005-10-01,Debit,3715,False,2005,Debit,True
4298,1485,24116,2009-08-01,Debit (Prepaid),67,True,2009,Debit,True
3819,1485,24091,2007-07-01,Debit,26460,True,2007,Debit,True
4736,1485,24117,2009-09-01,Debit,12783,True,2009,Debit,True
88,1390,24073,2006-01-01,Credit,21400,False,2006,Premium credit,False
3359,1390,24090,2007-06-01,Credit,13600,True,2007,Premium credit,False
5269,1390,24166,2013-10-01,Debit,46201,True,2013,Premium credit,False
2657,644,24124,2010-04-01,Credit,7700,False,2010,Core credit,True
5020,1912,24070,2005-10-01,Debit,18937,False,2005,Debit,False
3544,1584,24150,2012-06-01,Debit,14539,True,2012,Debit,True
6038,1584,24144,2011-12-01,Debit,21723,False,2011,Debit,True
1494,1803,24242,2020-02-01,Debit,16858,False,2020,Debit,False
1790,1824,24242,2020-02-01,Debit,22143,True,2020,Debit,False
1791,1824,24242,2020-02-01,Debit (Prepaid),61,True,2020,Debit,False
5721,1824,24203,2016-11-01,Debit,15683,False,2016,Debit,False
471,340,24241,2020-01-01,Debit (Prepaid),65,False,2020,Prepaid,False
4922,650,24237,2019-09-01,Debit,12139,True,2019,Debit,True
3669,650,24019,2001-07-01,Debit,10130,False,2001,Debit,True
3717,650,24055,2004-07-01,Credit,7300,True,2004,Debit,True
5580,650,24119,2009-11-01,Debit (Prepaid),57,True,2009,Debit,True
3494,650,24126,2010-06-01,Credit,3800,True,2010,Debit,True
3837,650,24103,2008-07-01,Debit (Prepaid),121,True,2008,Debit,True
1080,762,24074,2006-02-01,Debit,13569,False,2006,Debit,True
472,1061,24241,2020-01-01,Debit,15358,False,2020,Debit,False
5356,1931,23999,1999-11-01,Debit,9550,False,1999,Debit,True
3530,1931,24138,2011-06-01,Credit,17300,True,2011,Debit,True
4199,702,24092,2007-08-01,Credit,15000,True,2007,Prepaid,True
3863,702,24103,2008-07-01,Debit (Prepaid),106,True,2008,Prepaid,True
2258,702,24123,2010-03-01,Credit,20100,True,2010,Prepaid,True
4096,702,24008,2000-08-01,Debit (Prepaid),50,False,2000,Prepaid,True
2175,918,24099,2008-03-01,Debit,10843,False,2008,Debit,True
2734,918,24172,2014-04-01,Debit,12057,True,2014,Debit,True
3202,1137,24233,2019-05-01,Credit,11100,True,2019,Core credit,True
3718,1137,24055,2004-07-01,Debit,13969,True,2004,Core credit,True
3688,1137,24043,2003-07-01,Credit,7600,False,2003,Core credit,True
765,66,24241,2020-01-01,Debit,9578,True,2020,Debit,False
1792,66,24242,2020-02-01,Debit,16711,True,2020,Debit,False
6136,66,24228,2018-12-01,Debit,15435,False,2018,Debit,False
391,66,24241,2020-01-01,Credit,14300,True,2020,Debit,False
2743,1406,24184,2015-04-01,Debit,9431,True,2015,Core credit,True
3883,1406,24115,2009-07-01,Credit,6100,False,2009,Core credit,True
5186,437,24130,2010-10-01,Credit,17400,True,2010,Debit,True
5454,437,24083,2006-11-01,Debit,35500,True,2006,Debit,True
3271,437,24054,2004-06-01,Debit,27687,False,2004,Debit,True
1495,806,24242,2020-02-01,Debit,40073,True,2020,Debit,False
1496,806,24242,2020-02-01,Credit,22000,True,2020,Debit,False
766,806,24241,2020-01-01,Debit,8509,False,2020,Debit,False
3566,891,24162,2013-06-01,Debit,11037,True,2013,Debit,True
2141,891,24087,2007-03-01,Debit,16986,False,2007,Debit,True
5096,891,24094,2007-10-01,Credit,8800,True,2007,Debit,True
4321,891,24128,2010-08-01,Debit,8212,True,2010,Debit,True
4649,891,24093,2007-09-01,Debit,24270,True,2007,Debit,True
767,1191,24241,2020-01-01,Debit,12586,False,2020,Debit,False
365,701,24217,2018-01-01,Credit,11800,False,2018,Premium credit,False
2042,1147,24039,2003-03-01,Debit,18050,False,2003,Debit,True
3924,1147,24127,2010-07-01,Credit,21800,True,2010,Debit,True
1497,1625,24242,2020-02-01,Debit (Prepaid),97,False,2020,Prepaid,False
2557,1664,24100,2008-04-01,Credit,19600,False,2008,Premium credit,True
2273,1664,24135,2011-03-01,Credit,21900,True,2011,Premium credit,True
5544,1664,24107,2008-11-01,Credit,21400,True,2008,Premium credit,True
5147,1664,24118,2009-10-01,Debit,34572,True,2009,Premium credit,True
1498,1273,24242,2020-02-01,Credit,11700,False,2020,Premium credit,False
154,1009,24097,2008-01-01,Credit,8500,False,2008,Core credit,True
4709,1009,24117,2009-09-01,Debit,19928,True,2009,Core credit,True
5601,1009,24131,2010-11-01,Debit,9902,True,2010,Core credit,True
1008,1341,24026,2002-02-01,Credit,11000,True,2002,Debit,True
4766,1341,24129,2010-09-01,Credit,6300,True,2010,Debit,True
4394,1341,24152,2012-08-01,Debit,22474,True,2012,Debit,True
4098,1341,24020,2001-08-01,Debit,24926,False,2001,Debit,True
1499,925,24242,2020-02-01,Debit (Prepaid),77,False,2020,Prepaid,False
768,824,24241,2020-01-01,Credit,9100,True,2020,Debit,False
5958,824,24120,2009-12-01,Debit,10838,True,2009,Debit,False
473,824,24241,2020-01-01,Debit,1940,True,2020,Debit,False
3838,824,24103,2008-07-01,Debit,100,False,2008,Debit,False
5074,563,24094,2007-10-01,Debit,23231,True,2007,Prepaid,True
2097,563,24063,2005-03-01,Debit,17323,True,2005,Prepaid,True
1060,563,24062,2005-02-01,Credit,11800,True,2005,Prepaid,True
4054,563,24211,2017-07-01,Credit,6100,True,2017,Prepaid,True
2760,563,24196,2016-04-01,Debit,18241,True,2016,Prepaid,True
2864,563,24053,2004-05-01,Debit (Prepaid),100,False,2004,Prepaid,True
5485,1612,24095,2007-11-01,Credit,12700,False,2007,Premium credit,False
2581,1700,24100,2008-04-01,Credit,4600,False,2008,Core credit,True
474,963,24241,2020-01-01,Debit,21106,True,2020,Core credit,True
1500,963,24242,2020-02-01,Debit,16417,True,2020,Core credit,True
1353,963,24182,2015-02-01,Credit,6500,False,2015,Core credit,True
475,904,24241,2020-01-01,Credit,5600,False,2020,Core credit,False
2297,1586,24147,2012-03-01,Credit,5700,True,2012,Premium credit,True
6051,1586,24144,2011-12-01,Credit,11800,True,2011,Premium credit,True
1122,1586,24086,2007-02-01,Credit,20700,False,2007,Premium credit,True
1365,1586,24194,2016-02-01,Debit,17587,True,2016,Premium credit,True
5168,1286,24118,2009-10-01,Debit,24651,True,2009,Debit,True
5798,1286,24048,2003-12-01,Debit,27727,False,2003,Debit,True
5518,719,24107,2008-11-01,Debit,21727,False,2008,Debit,True
6021,719,24132,2010-12-01,Credit,13900,True,2010,Debit,True
4075,719,24235,2019-07-01,Credit,10300,True,2019,Debit,True
769,1469,24241,2020-01-01,Debit (Prepaid),16,False,2020,Prepaid,False
770,930,24241,2020-01-01,Debit,9146,False,2020,Debit,False
1501,930,24242,2020-02-01,Credit,5000,True,2020,Debit,False
2761,1814,24196,2016-04-01,Debit,17895,True,2016,Premium credit,False
4375,1814,24140,2011-08-01,Debit (Prepaid),59,True,2011,Premium credit,False
1040,1814,24050,2004-02-01,Credit,11800,False,2004,Premium credit,False
2298,1723,24147,2012-03-01,Debit (Prepaid),74,True,2012,Debit,True
4099,1723,24020,2001-08-01,Debit,13168,False,2001,Debit,True
2479,1723,24064,2005-04-01,Debit,12431,True,2005,Debit,True
1502,1377,24242,2020-02-01,Debit,21478,True,2020,Debit,False
4598,1377,24081,2006-09-01,Debit,4583,False,2006,Debit,False
1793,1377,24242,2020-02-01,Debit (Prepaid),11,True,2020,Debit,False
5097,470,24094,2007-10-01,Credit,5800,True,2007,Debit,True
2896,470,24077,2006-05-01,Debit,2704,True,2006,Debit,True
3733,470,24067,2005-07-01,Debit,7581,False,2005,Debit,True
1794,1804,24242,2020-02-01,Credit,10200,True,2020,Core credit,False
476,1804,24241,2020-01-01,Debit,9984,False,2020,Core credit,False
1795,1804,24242,2020-02-01,Debit,2174,True,2020,Core credit,False
771,1804,24241,2020-01-01,Credit,200,False,2020,Core credit,False
1503,229,24242,2020-02-01,Credit,7900,True,2020,Premium credit,True
2683,229,24136,2011-04-01,Debit,20827,True,2011,Premium credit,True
1504,229,24242,2020-02-01,Debit (Prepaid),74,True,2020,Premium credit,True
1796,229,24242,2020-02-01,Debit,52585,True,2020,Premium credit,True
5942,229,24108,2008-12-01,Credit,16700,False,2008,Premium credit,True
4139,1512,24056,2004-08-01,Debit,32030,True,2004,Debit,True
4923,1512,24237,2019-09-01,Debit (Prepaid),64,True,2019,Debit,True
95,1512,24073,2006-01-01,Debit (Prepaid),78,True,2006,Debit,True
2582,1512,24100,2008-04-01,Credit,18500,True,2008,Debit,True
5049,1512,24082,2006-10-01,Debit,26357,True,2006,Debit,True
5190,1512,24130,2010-10-01,Debit,28864,True,2010,Debit,True
976,1512,24002,2000-02-01,Debit,19651,False,2000,Debit,True
3689,1512,24043,2003-07-01,Debit,52179,True,2003,Debit,True
4425,1543,24176,2014-08-01,Debit,47709,True,2014,Premium credit,True
4687,1543,24105,2008-09-01,Debit,54128,True,2008,Premium credit,True
4473,1543,24224,2018-08-01,Debit,39389,True,2018,Premium credit,True
3864,1543,24103,2008-07-01,Credit,29800,False,2008,Premium credit,True
424,147,24241,2020-01-01,Credit,19100,True,2020,Debit,True
3013,147,24113,2009-05-01,Debit,2819,False,2009,Debit,True
772,147,24241,2020-01-01,Credit,12100,True,2020,Debit,True
2634,147,24124,2010-04-01,Credit,18000,True,2010,Debit,True
1109,1941,24086,2007-02-01,Credit,8700,True,2007,Debit,True
2940,1941,24089,2007-05-01,Debit (Prepaid),30,True,2007,Debit,True
2030,1941,24027,2002-03-01,Debit,22248,False,2002,Debit,True
2031,901,24027,2002-03-01,Debit (Prepaid),69,False,2002,Prepaid,True
3729,901,24067,2005-07-01,Credit,9600,True,2005,Prepaid,True
4152,901,24068,2005-08-01,Debit,4319,True,2005,Prepaid,True
773,191,24241,2020-01-01,Debit,24079,False,2020,Debit,False
477,12,24241,2020-01-01,Debit,10058,False,2020,Debit,False
2782,1828,24220,2018-04-01,Debit,974,True,2018,Debit,False
3090,1828,24137,2011-05-01,Debit,1212,False,2011,Debit,False
2783,29,24220,2018-04-01,Credit,2700,True,2018,Debit,False
3045,29,24125,2010-05-01,Debit,16113,False,2010,Debit,False
4477,181,24236,2019-08-01,Credit,13700,False,2019,Premium credit,False
1061,995,24062,2005-02-01,Debit,19097,False,2005,Debit,False
1505,1218,24242,2020-02-01,Debit,12874,False,2020,Debit,False
3302,186,24066,2005-06-01,Credit,8900,False,2005,Core credit,False
4490,171,23961,1996-09-01,Debit (Prepaid),46,False,1996,Prepaid,True
3704,171,24043,2003-07-01,Debit,13116,True,2003,Prepaid,True
1239,171,24122,2010-02-01,Debit,21022,True,2010,Prepaid,True
774,1401,24241,2020-01-01,Credit,13200,False,2020,Premium credit,False
1506,1401,24242,2020-02-01,Debit,12569,True,2020,Premium credit,False
2911,1314,24077,2006-05-01,Credit,10100,True,2006,Debit,True
1081,1314,24074,2006-02-01,Debit,15714,False,2006,Debit,True
2359,1314,24195,2016-03-01,Credit,15000,True,2016,Debit,True
1140,1314,24098,2008-02-01,Debit,14664,True,2008,Debit,True
3162,1314,24185,2015-05-01,Debit,12605,True,2015,Debit,True
5455,1560,24083,2006-11-01,Credit,500,True,2006,Premium credit,True
2767,1560,24208,2017-04-01,Debit,15492,True,2017,Premium credit,True
2528,1560,24088,2007-04-01,Credit,12800,True,2007,Premium credit,True
1507,1560,24242,2020-02-01,Credit,3300,True,2020,Premium credit,True
5769,1560,24024,2001-12-01,Credit,15500,False,2001,Premium credit,True
2501,1560,24076,2006-04-01,Credit,4100,True,2006,Premium credit,True
2635,613,24124,2010-04-01,Debit,18764,True,2010,Premium credit,True
775,613,24241,2020-01-01,Debit,33302,True,2020,Premium credit,True
3799,613,24091,2007-07-01,Credit,12600,False,2007,Premium credit,True
1191,613,24110,2009-02-01,Debit,28320,True,2009,Premium credit,True
2176,346,24099,2008-03-01,Debit,2883,True,2008,Debit,True
2440,346,24040,2003-04-01,Debit,28886,False,2003,Debit,True
192,346,24109,2009-01-01,Credit,14400,True,2009,Debit,True
3379,346,24102,2008-06-01,Debit (Prepaid),86,True,2008,Debit,True
5927,346,24108,2008-12-01,Credit,11800,True,2008,Debit,True
4115,346,24044,2003-08-01,Credit,18900,True,2003,Debit,True
2778,346,24220,2018-04-01,Debit,37318,True,2018,Debit,True
5256,812,24154,2012-10-01,Credit,2400,False,2012,Core credit,False
4862,13,24165,2013-09-01,Credit,3500,True,2013,Premium credit,True
2109,13,24075,2006-03-01,Credit,10400,False,2006,Premium credit,True
2941,13,24089,2007-05-01,Debit,10629,True,2007,Premium credit,True
4270,13,24104,2008-08-01,Debit (Prepaid),64,True,2008,Premium credit,True
4165,602,24068,2005-08-01,Debit,13361,False,2005,Debit,True
6084,602,24168,2013-12-01,Debit,24739,True,2013,Debit,True
5979,602,24120,2009-12-01,Debit,12978,True,2009,Debit,True
3982,602,24139,2011-07-01,Credit,9500,True,2011,Debit,True
346,657,24181,2015-01-01,Debit,15331,True,2015,Debit,True
2420,657,24016,2001-04-01,Debit,16725,False,2001,Debit,True
4013,657,24163,2013-07-01,Debit,22861,True,2013,Debit,True
4662,657,24105,2008-09-01,Debit,24186,True,2008,Debit,True
155,909,24097,2008-01-01,Debit (Prepaid),21,True,2008,Debit,True
3719,909,24055,2004-07-01,Debit,32075,False,2004,Debit,True
4663,909,24105,2008-09-01,Debit,3934,True,2008,Debit,True
5232,909,24142,2011-10-01,Debit,5204,True,2011,Debit,True
2583,909,24100,2008-04-01,Debit,11239,True,2008,Debit,True
1508,183,24242,2020-02-01,Credit,11200,False,2020,Premium credit,False
1797,183,24242,2020-02-01,Debit,10430,False,2020,Premium credit,False
1798,183,24242,2020-02-01,Credit,9400,False,2020,Premium credit,False
478,1792,24241,2020-01-01,Debit,18296,False,2020,Debit,False
1440,1792,24242,2020-02-01,Credit,4300,True,2020,Debit,False
5744,1599,24239,2019-11-01,Credit,7500,False,2019,Core credit,False
776,1599,24241,2020-01-01,Debit,22811,True,2020,Core credit,False
777,1599,24241,2020-01-01,Debit,9865,True,2020,Core credit,False
44,1267,24037,2003-01-01,Debit,27584,False,2003,Debit,True
4299,1267,24116,2009-08-01,Debit (Prepaid),50,True,2009,Debit,True
3926,1267,24127,2010-07-01,Debit,23152,True,2010,Debit,True
3802,1267,24091,2007-07-01,Debit,11108,True,2007,Debit,True
1509,411,24242,2020-02-01,Debit,37192,True,2020,Prepaid,False
4832,411,24153,2012-09-01,Debit (Prepaid),59,False,2012,Prepaid,False
5021,350,24070,2005-10-01,Debit,24413,True,2005,Premium credit,True
3709,350,24055,2004-07-01,Debit,27491,True,2004,Premium credit,True
2865,350,24053,2004-05-01,Credit,12100,False,2004,Premium credit,True
3623,350,24210,2017-06-01,Debit,19256,True,2017,Premium credit,True
479,1323,24241,2020-01-01,Debit,12053,True,2020,Debit,True
318,1323,24157,2013-01-01,Credit,8700,True,2013,Debit,True
3993,1323,24151,2012-07-01,Debit,19267,True,2012,Debit,True
2980,1323,24101,2008-05-01,Debit,14074,False,2008,Debit,True
1799,934,24242,2020-02-01,Credit,0,True,2020,Debit,False
1800,934,24242,2020-02-01,Credit,12300,True,2020,Debit,False
480,934,24241,2020-01-01,Debit,2055,False,2020,Debit,False
4389,421,24152,2012-08-01,Debit,33070,True,2012,Debit,True
6101,421,24180,2014-12-01,Debit,16094,True,2014,Debit,True
5560,421,24119,2009-11-01,Debit,19651,True,2009,Debit,True
1510,421,24242,2020-02-01,Debit,23875,True,2020,Debit,True
2177,421,24099,2008-03-01,Credit,10600,True,2008,Debit,True
4153,421,24068,2005-08-01,Debit,26774,False,2005,Debit,True
5075,421,24094,2007-10-01,Debit,7842,True,2007,Debit,True
4080,223,24235,2019-07-01,Debit (Prepaid),55,True,2019,Premium credit,False
2926,223,24089,2007-05-01,Credit,12600,False,2007,Premium credit,False
2636,223,24124,2010-04-01,Debit,16647,True,2010,Premium credit,False
5682,223,24167,2013-11-01,Credit,8600,True,2013,Premium credit,False
268,223,24133,2011-01-01,Credit,15900,True,2011,Premium credit,False
2167,223,24099,2008-03-01,Credit,5800,True,2008,Premium credit,False
481,1402,24241,2020-01-01,Debit,31845,True,2020,Premium credit,False
296,1402,24145,2012-01-01,Credit,25300,False,2012,Premium credit,False
2299,1402,24147,2012-03-01,Debit,35299,True,2012,Premium credit,False
482,1650,24241,2020-01-01,Debit,7488,False,2020,Premium credit,False
483,1650,24241,2020-01-01,Credit,10200,False,2020,Premium credit,False
1801,1650,24242,2020-02-01,Credit,15300,True,2020,Premium credit,False
3657,354,24007,2000-07-01,Debit,23798,False,2000,Debit,True
1168,354,24110,2009-02-01,Debit,20859,True,2009,Debit,True
2924,354,24089,2007-05-01,Credit,9200,True,2007,Debit,True
4518,354,24033,2002-09-01,Debit,35681,True,2002,Debit,True
4902,354,24213,2017-09-01,Credit,9000,True,2017,Debit,True
3168,354,24185,2015-05-01,Debit,15206,True,2015,Debit,True
4907,314,24213,2017-09-01,Credit,19800,False,2017,Premium credit,False
1511,1457,24242,2020-02-01,Credit,5400,True,2020,Debit,False
1512,1457,24242,2020-02-01,Debit,15834,True,2020,Debit,False
484,1457,24241,2020-01-01,Debit,15688,False,2020,Debit,False
1513,1457,24242,2020-02-01,Credit,12200,True,2020,Debit,False
5519,1613,24107,2008-11-01,Credit,12500,True,2008,Prepaid,True
4549,1613,24057,2004-09-01,Debit,5796,True,2004,Prepaid,True
4538,1613,24045,2003-09-01,Debit (Prepaid),109,False,2003,Prepaid,True
1802,1613,24242,2020-02-01,Debit,15747,True,2020,Prepaid,True
485,945,24241,2020-01-01,Credit,11900,False,2020,Premium credit,False
1397,945,24242,2020-02-01,Credit,12700,True,2020,Premium credit,False
3983,586,24139,2011-07-01,Credit,20300,False,2011,Premium credit,True
1514,586,24242,2020-02-01,Debit (Prepaid),75,True,2020,Premium credit,True
1515,586,24242,2020-02-01,Debit,15163,True,2020,Premium credit,True
3124,586,24149,2012-05-01,Debit,30952,True,2012,Premium credit,True
5928,119,24108,2008-12-01,Debit,13177,False,2008,Debit,True
5980,119,24120,2009-12-01,Credit,2500,True,2009,Debit,True
379,119,24229,2019-01-01,Debit,20819,True,2019,Debit,True
3014,1312,24113,2009-05-01,Debit,10599,False,2009,Debit,False
1156,1529,24098,2008-02-01,Debit,38171,True,2008,Debit,True
3927,1529,24127,2010-07-01,Debit,61324,True,2010,Debit,True
4985,1529,24046,2003-10-01,Debit,31362,False,2003,Debit,True
1803,326,24242,2020-02-01,Debit,15569,False,2020,Debit,False
2326,1596,24171,2014-03-01,Debit,16398,True,2014,Core credit,True
21,1596,24013,2001-01-01,Credit,6600,False,2001,Core credit,True
995,1596,24026,2002-02-01,Credit,6600,True,2002,Core credit,True
2637,1596,24124,2010-04-01,Debit (Prepaid),59,True,2010,Core credit,True
2958,714,24101,2008-05-01,Debit (Prepaid),42,False,2008,Prepaid,True
2616,714,24112,2009-04-01,Debit (Prepaid),119,True,2009,Prepaid,True
3720,887,24055,2004-07-01,Debit,24250,True,2004,Premium credit,False
1024,887,24038,2003-02-01,Credit,12400,False,2003,Premium credit,False
4875,887,24177,2014-09-01,Credit,6500,True,2014,Premium credit,False
5997,887,24132,2010-12-01,Credit,13900,True,2010,Premium credit,False
4006,1425,24163,2013-07-01,Debit (Prepaid),100,True,2013,Prepaid,True
1141,1425,24098,2008-02-01,Credit,8000,True,2008,Prepaid,True
2600,1425,24112,2009-04-01,Debit (Prepaid),49,True,2009,Prepaid,True
2851,1425,24053,2004-05-01,Credit,2900,True,2004,Prepaid,True
3835,1425,24103,2008-07-01,Credit,10400,True,2008,Prepaid,True
1015,1425,24038,2003-02-01,Debit (Prepaid),37,False,2003,Prepaid,True
5929,1425,24108,2008-12-01,Debit,13606,True,2008,Prepaid,True
5386,1425,24047,2003-11-01,Debit,13347,True,2003,Prepaid,True
1047,1645,24062,2005-02-01,Debit (Prepaid),54,False,2005,Prepaid,True
5878,1645,24096,2007-12-01,Debit,23402,True,2007,Prepaid,True
778,1645,24241,2020-01-01,Debit,30393,True,2020,Prepaid,True
2213,1863,24111,2009-03-01,Debit,1298,False,2009,Debit,True
5855,1576,24084,2006-12-01,Debit (Prepaid),101,True,2006,Debit,True
5821,1576,24060,2004-12-01,Debit (Prepaid),70,True,2004,Debit,True
486,1576,24241,2020-01-01,Debit,15163,True,2020,Debit,True
2480,1576,24064,2005-04-01,Debit (Prepaid),107,True,2005,Debit,True
5169,1576,24118,2009-10-01,Debit,21107,True,2009,Debit,True
5248,1576,24142,2011-10-01,Debit,15807,True,2011,Debit,True
380,1576,24229,2019-01-01,Debit,18689,True,2019,Debit,True
2441,1576,24040,2003-04-01,Debit,15839,False,2003,Debit,True
2658,1268,24124,2010-04-01,Credit,5900,True,2010,Debit,True
4965,1268,24034,2002-10-01,Debit,11726,False,2002,Debit,True
5520,1268,24107,2008-11-01,Debit,13537,True,2008,Debit,True
1804,1268,24242,2020-02-01,Debit,10609,True,2020,Debit,True
3820,1565,24091,2007-07-01,Credit,2000,False,2007,Core credit,False
3743,1842,24067,2005-07-01,Debit,4817,False,2005,Debit,True
5426,1842,24071,2005-11-01,Credit,1300,True,2005,Debit,True
1516,664,24242,2020-02-01,Debit,1684,False,2020,Core credit,False
1805,664,24242,2020-02-01,Credit,2000,False,2020,Core credit,False
4154,485,24068,2005-08-01,Credit,13200,False,2005,Premium credit,False
1517,485,24242,2020-02-01,Debit,11641,True,2020,Premium credit,False
1082,244,24074,2006-02-01,Credit,7100,False,2006,Core credit,True
5953,244,24120,2009-12-01,Credit,8500,True,2009,Core credit,True
5521,145,24107,2008-11-01,Credit,6000,False,2008,Core credit,True
3575,145,24174,2014-06-01,Credit,2000,True,2014,Core credit,True
4058,145,24211,2017-07-01,Debit,15240,True,2017,Core credit,True
2110,866,24075,2006-03-01,Debit,7272,False,2006,Debit,True
1806,866,24242,2020-02-01,Debit,9542,True,2020,Debit,True
3337,866,24090,2007-06-01,Credit,4500,True,2007,Debit,True
4710,1424,24117,2009-09-01,Credit,8000,False,2009,Core credit,True
4876,1424,24177,2014-09-01,Debit (Prepaid),84,True,2014,Core credit,True
487,1424,24241,2020-01-01,Debit,9957,True,2020,Core credit,True
3046,1424,24125,2010-05-01,Credit,8300,True,2010,Core credit,True
5625,427,24131,2010-11-01,Debit,11739,False,2010,Debit,True
269,427,24133,2011-01-01,Debit (Prepaid),79,True,2011,Debit,True
4819,427,24141,2011-09-01,Debit,11093,True,2011,Debit,True
5210,684,24130,2010-10-01,Debit,20447,False,2010,Debit,True
3088,684,24137,2011-05-01,Credit,8800,True,2011,Debit,True
2768,684,24208,2017-04-01,Debit,13946,True,2017,Debit,True
6022,684,24132,2010-12-01,Debit,25529,True,2010,Debit,True
4474,684,24224,2018-08-01,Debit (Prepaid),61,True,2018,Debit,True
4908,684,24213,2017-09-01,Debit,17536,True,2017,Debit,True
334,684,24169,2014-01-01,Debit,20770,True,2014,Debit,True
488,1643,24241,2020-01-01,Debit (Prepaid),22,False,2020,Prepaid,False
1337,1300,24170,2014-02-01,Debit,10691,True,2014,Debit,True
2601,1300,24112,2009-04-01,Debit (Prepaid),75,True,2009,Debit,True
156,1300,24097,2008-01-01,Credit,4900,True,2008,Debit,True
5754,1300,23976,1997-12-01,Debit,14661,False,1997,Debit,True
1518,283,24242,2020-02-01,Credit,6900,True,2020,Core credit,False
779,283,24241,2020-01-01,Credit,5400,False,2020,Core credit,False
1519,355,24242,2020-02-01,Debit,2725,True,2020,Premium credit,False
1387,355,24230,2019-02-01,Credit,19600,False,2019,Premium credit,False
3303,1669,24066,2005-06-01,Debit,2572,True,2005,Premium credit,True
4359,1669,24140,2011-08-01,Credit,5000,True,2011,Premium credit,True
2456,1669,24052,2004-04-01,Credit,10300,False,2004,Premium credit,True
6097,1669,24180,2014-12-01,Credit,11400,True,2014,Premium credit,True
4664,937,24105,2008-09-01,Debit,9230,False,2008,Debit,False
2055,845,24051,2004-03-01,Debit,11203,True,2004,Debit,True
4599,845,24081,2006-09-01,Debit,12369,True,2006,Debit,True
5943,845,24108,2008-12-01,Credit,7900,True,2008,Debit,True
2855,845,24053,2004-05-01,Debit,20362,True,2004,Debit,True
4491,845,23961,1996-09-01,Debit,13529,False,1996,Debit,True
1204,1518,24122,2010-02-01,Credit,16800,True,2010,Core credit,True
6083,1518,24168,2013-12-01,Credit,7100,True,2013,Core credit,True
2584,1518,24100,2008-04-01,Credit,9600,False,2008,Core credit,True
2056,1591,24051,2004-03-01,Debit (Prepaid),113,True,2004,Debit,True
489,1591,24241,2020-01-01,Debit,16818,True,2020,Debit,True
2043,1591,24039,2003-03-01,Debit,12358,False,2003,Debit,True
5919,1591,24108,2008-12-01,Credit,8100,True,2008,Debit,True
2847,1591,24041,2003-05-01,Credit,9800,True,2003,Debit,True
3967,1591,24139,2011-07-01,Debit,17332,True,2011,Debit,True
1520,1172,24242,2020-02-01,Credit,6000,False,2020,Core credit,False
4290,1629,24116,2009-08-01,Debit,18776,False,2009,Debit,True
5249,675,24142,2011-10-01,Credit,9300,False,2011,Core credit,True
4454,675,24200,2016-08-01,Credit,8000,True,2016,Core credit,True
4020,675,24175,2014-07-01,Debit,11194,True,2014,Core credit,True
5261,675,24154,2012-10-01,Debit,12754,True,2012,Core credit,True
5250,675,24142,2011-10-01,Credit,9700,False,2011,Core credit,True
3116,577,24149,2012-05-01,Debit,17936,True,2012,Core credit,True
2627,577,24124,2010-04-01,Credit,8500,False,2010,Core credit,True
302,854,24145,2012-01-01,Debit,24826,False,2012,Debit,False
4121,1261,24044,2003-08-01,Debit,27091,False,2003,Debit,True
3515,1227,24138,2011-06-01,Debit (Prepaid),67,True,2011,Premium credit,True
122,1227,24085,2007-01-01,Credit,14600,False,2007,Premium credit,True
3545,1227,24150,2012-06-01,Credit,13500,True,2012,Premium credit,True
2310,1227,24159,2013-03-01,Debit,27132,True,2013,Premium credit,True
5602,840,24131,2010-11-01,Debit,10400,True,2010,Debit,True
2083,840,24063,2005-03-01,Debit,43169,True,2005,Debit,True
37,840,24037,2003-01-01,Debit,5269,True,2003,Debit,True
2416,840,24016,2001-04-01,Debit,48370,False,2001,Debit,True
3633,840,24222,2018-06-01,Credit,17100,True,2018,Debit,True
4992,840,24046,2003-10-01,Debit (Prepaid),65,True,2003,Debit,True
3091,733,24137,2011-05-01,Debit,2656,True,2011,Premium credit,True
2529,733,24088,2007-04-01,Credit,7800,True,2007,Premium credit,True
3707,733,24055,2004-07-01,Credit,13400,False,2004,Premium credit,True
1048,733,24062,2005-02-01,Debit,16726,True,2005,Premium credit,True
2098,454,24063,2005-03-01,Debit,30162,False,2005,Debit,False
4767,454,24129,2010-09-01,Debit,19970,True,2010,Debit,False
5735,454,24227,2018-11-01,Debit,31199,True,2018,Debit,False
5456,454,24083,2006-11-01,Debit,14983,True,2006,Debit,False
5287,454,24178,2014-10-01,Debit,18491,True,2014,Debit,False
2201,961,24099,2008-03-01,Debit,23094,True,2008,Premium credit,True
4584,961,24069,2005-09-01,Credit,18300,False,2005,Premium credit,True
1389,961,24230,2019-02-01,Debit,31907,True,2019,Premium credit,True
2202,961,24099,2008-03-01,Debit,32761,True,2008,Premium credit,True
4665,768,24105,2008-09-01,Debit,11105,False,2008,Debit,False
490,817,24241,2020-01-01,Debit,32267,False,2020,Debit,False
491,817,24241,2020-01-01,Debit,30670,False,2020,Debit,False
5910,78,24096,2007-12-01,Debit (Prepaid),83,False,2007,Prepaid,True
1157,1334,24098,2008-02-01,Debit,13821,True,2008,Premium credit,True
2866,1334,24053,2004-05-01,Credit,14400,False,2004,Premium credit,True
3761,1334,24079,2006-07-01,Credit,13300,True,2006,Premium credit,True
209,1334,24109,2009-01-01,Credit,9300,True,2009,Premium credit,True
3968,1610,24139,2011-07-01,Debit,8580,True,2011,Core credit,True
5879,1610,24096,2007-12-01,Credit,6600,False,2007,Core credit,True
2585,108,24100,2008-04-01,Debit,12783,False,2008,Debit,False
1299,108,24146,2012-02-01,Debit,14321,True,2012,Debit,False
4070,108,24223,2018-07-01,Debit,14488,True,2018,Debit,False
780,108,24241,2020-01-01,Debit,16116,True,2020,Debit,False
4972,1308,24034,2002-10-01,Credit,14800,False,2002,Premium credit,False
6023,780,24132,2010-12-01,Debit (Prepaid),43,False,2010,Prepaid,True
1375,1340,24206,2017-02-01,Debit,36546,True,2017,Debit,True
3272,1340,24054,2004-06-01,Debit,18462,False,2004,Debit,True
2954,1340,24101,2008-05-01,Credit,13300,True,2008,Debit,True
2178,1340,24099,2008-03-01,Debit (Prepaid),36,True,2008,Debit,True
6035,1340,24144,2011-12-01,Credit,11200,True,2011,Debit,True
1016,1888,24038,2003-02-01,Debit,30074,False,2003,Debit,True
1017,1888,24038,2003-02-01,Debit,7589,False,2003,Debit,True
1169,1888,24110,2009-02-01,Debit,27112,True,2009,Debit,True
2179,247,24099,2008-03-01,Credit,16700,True,2008,Debit,True
1240,247,24122,2010-02-01,Debit,24968,True,2010,Debit,True
4155,247,24068,2005-08-01,Debit,16751,True,2005,Debit,True
5191,247,24130,2010-10-01,Debit,12852,True,2010,Debit,True
2137,247,24087,2007-03-01,Credit,10200,True,2007,Debit,True
2084,247,24063,2005-03-01,Debit,21922,False,2005,Debit,True
781,238,24241,2020-01-01,Credit,5600,False,2020,Core credit,False
3762,915,24079,2006-07-01,Debit,9609,False,2006,Debit,False
492,1927,24241,2020-01-01,Debit (Prepaid),62,True,2020,Debit,False
5647,1927,24143,2011-11-01,Debit,12194,False,2011,Debit,False
493,1658,24241,2020-01-01,Debit,12636,False,2020,Core credit,False
782,1658,24241,2020-01-01,Credit,0,False,2020,Core credit,False
1170,1208,24110,2009-02-01,Debit,8024,True,2009,Debit,True
2203,1208,24099,2008-03-01,Debit,8902,True,2008,Debit,True
2449,1208,24040,2003-04-01,Debit,8081,False,2003,Debit,True
494,1255,24241,2020-01-01,Debit,9773,False,2020,Debit,False
1521,1255,24242,2020-02-01,Debit,13130,True,2020,Debit,False
495,85,24241,2020-01-01,Debit,9953,False,2020,Debit,False
3923,1382,24127,2010-07-01,Credit,9000,True,2010,Debit,True
2838,1382,24041,2003-05-01,Debit,11415,False,2003,Debit,True
5262,1382,24154,2012-10-01,Credit,1900,True,2012,Debit,True
1110,1382,24086,2007-02-01,Debit (Prepaid),54,True,2007,Debit,True
1522,1932,24242,2020-02-01,Debit,405,False,2020,Debit,False
1210,1217,24122,2010-02-01,Debit,23907,True,2010,Debit,True
5030,1217,24070,2005-10-01,Credit,15500,True,2005,Debit,True
4086,1217,23960,1996-08-01,Debit,3415,False,1996,Debit,True
1123,514,24086,2007-02-01,Credit,8500,True,2007,Debit,True
2155,514,24087,2007-03-01,Debit,11473,True,2007,Debit,True
5759,514,24000,1999-12-01,Debit,23932,False,1999,Debit,True
4322,514,24128,2010-08-01,Debit,9614,True,2010,Debit,True
5959,232,24120,2009-12-01,Debit,58709,True,2009,Prepaid,False
2214,232,24111,2009-03-01,Debit (Prepaid),98,False,2009,Prepaid,False
3125,232,24149,2012-05-01,Debit,24401,True,2012,Prepaid,False
4174,445,24080,2006-08-01,Debit,3628,False,2006,Debit,False
1807,1206,24242,2020-02-01,Debit,47359,True,2020,Premium credit,False
244,1206,24121,2010-01-01,Debit,41205,True,2010,Premium credit,False
194,1206,24109,2009-01-01,Credit,17400,False,2009,Premium credit,False
4469,1276,24224,2018-08-01,Debit,17688,True,2018,Premium credit,True
5076,1276,24094,2007-10-01,Credit,15000,True,2007,Premium credit,True
996,1276,24026,2002-02-01,Debit,27075,True,2002,Premium credit,True
5954,1276,24120,2009-12-01,Credit,13700,True,2009,Premium credit,True
2009,1276,23979,1998-03-01,Credit,19000,False,1998,Premium credit,True
193,875,24109,2009-01-01,Credit,14300,False,2009,Premium credit,True
3495,875,24126,2010-06-01,Credit,7600,True,2010,Premium credit,True
2380,875,24231,2019-03-01,Debit,13788,True,2019,Premium credit,True
496,875,24241,2020-01-01,Debit,20801,True,2020,Premium credit,True
2684,1546,24136,2011-04-01,Debit,19015,True,2011,Core credit,True
245,1546,24121,2010-01-01,Debit,2181,True,2010,Core credit,True
5504,1546,24095,2007-11-01,Credit,6400,False,2007,Core credit,True
6024,1546,24132,2010-12-01,Debit (Prepaid),78,True,2010,Core credit,True
497,422,24241,2020-01-01,Debit (Prepaid),63,False,2020,Core credit,False
1523,422,24242,2020-02-01,Debit,12907,True,2020,Core credit,False
498,422,24241,2020-01-01,Credit,6500,False,2020,Core credit,False
1441,422,24242,2020-02-01,Credit,7100,True,2020,Core credit,False
3380,519,24102,2008-06-01,Debit,12353,False,2008,Debit,True
4390,519,24152,2012-08-01,Debit (Prepaid),65,True,2012,Debit,True
3555,519,24150,2012-06-01,Debit (Prepaid),72,True,2012,Debit,True
3173,519,24197,2016-05-01,Debit,18526,True,2016,Debit,True
2867,1408,24053,2004-05-01,Debit,6513,False,2004,Debit,False
5522,1408,24107,2008-11-01,Debit,5044,True,2008,Debit,False
3821,1204,24091,2007-07-01,Debit,25079,False,2007,Debit,True
2788,1204,24232,2019-04-01,Debit,39578,True,2019,Debit,True
210,1204,24109,2009-01-01,Debit,36641,True,2009,Debit,True
783,276,24241,2020-01-01,Debit,1083,False,2020,Debit,False
1524,276,24242,2020-02-01,Debit,9628,True,2020,Debit,False
392,1133,24241,2020-01-01,Credit,13500,True,2020,Debit,True
5211,1133,24130,2010-10-01,Debit,12512,True,2010,Debit,True
2586,1133,24100,2008-04-01,Debit,21442,False,2008,Debit,True
195,1133,24109,2009-01-01,Debit (Prepaid),69,True,2009,Debit,True
784,1035,24241,2020-01-01,Debit,22700,False,2020,Debit,False
1808,1035,24242,2020-02-01,Debit (Prepaid),60,True,2020,Debit,False
4688,710,24105,2008-09-01,Debit (Prepaid),80,False,2008,Prepaid,False
3155,710,24173,2014-05-01,Credit,1300,True,2014,Prepaid,False
4395,710,24152,2012-08-01,Debit,40984,True,2012,Prepaid,False
5233,582,24142,2011-10-01,Debit,19536,True,2011,Debit,True
2010,582,23991,1999-03-01,Debit,9044,False,1999,Debit,True
3634,582,24222,2018-06-01,Credit,12500,True,2018,Debit,True
5880,821,24096,2007-12-01,Debit,2338,False,2007,Debit,True
6131,821,24216,2017-12-01,Credit,3900,True,2017,Debit,True
59,1352,24049,2004-01-01,Debit,12528,True,2004,Debit,True
2403,1352,23992,1999-04-01,Debit,19756,True,1999,Debit,True
5355,1352,23987,1998-11-01,Debit,2042,False,1998,Debit,True
3286,831,24066,2005-06-01,Credit,8300,False,2005,Core credit,True
4156,831,24068,2005-08-01,Debit,8571,True,2005,Core credit,True
499,936,24241,2020-01-01,Debit,19369,False,2020,Core credit,False
785,936,24241,2020-01-01,Debit (Prepaid),70,False,2020,Core credit,False
1525,936,24242,2020-02-01,Debit,15127,True,2020,Core credit,False
425,936,24241,2020-01-01,Credit,9400,False,2020,Core credit,False
1809,936,24242,2020-02-01,Credit,5400,True,2020,Core credit,False
3312,578,24078,2006-06-01,Debit,17167,False,2006,Debit,False
4807,1997,24141,2011-09-01,Debit,25048,True,2011,Premium credit,True
5786,1997,24048,2003-12-01,Credit,25600,False,2003,Premium credit,True
3343,1997,24090,2007-06-01,Debit,17257,True,2007,Premium credit,True
2481,1997,24064,2005-04-01,Debit,31829,True,2005,Premium credit,True
5106,1997,24106,2008-10-01,Debit,3991,True,2008,Premium credit,True
5457,1997,24083,2006-11-01,Debit,3991,True,2006,Premium credit,True
5808,1997,24060,2004-12-01,Debit,34953,True,2004,Premium credit,True
1378,258,24218,2018-02-01,Debit,21726,True,2018,Debit,False
3197,258,24209,2017-05-01,Debit,15063,False,2017,Debit,False
500,258,24241,2020-01-01,Debit,12596,True,2020,Debit,False
2912,851,24077,2006-05-01,Debit,6335,False,2006,Debit,True
4243,851,24104,2008-08-01,Debit (Prepaid),43,True,2008,Debit,True
3613,851,24198,2016-06-01,Credit,8100,True,2016,Debit,True
1241,851,24122,2010-02-01,Credit,8900,True,2010,Debit,True
4148,1951,24068,2005-08-01,Credit,16000,False,2005,Premium credit,False
4157,1951,24068,2005-08-01,Debit,19304,False,2005,Premium credit,False
3360,1951,24090,2007-06-01,Debit,36548,True,2007,Premium credit,False
1142,1951,24098,2008-02-01,Debit,10354,True,2008,Premium credit,False
3188,1951,24209,2017-05-01,Credit,8000,True,2017,Premium credit,False
501,1978,24241,2020-01-01,Debit,1559,False,2020,Debit,False
1526,1978,24242,2020-02-01,Debit,15100,True,2020,Debit,False
4948,1897,24022,2001-10-01,Debit,51302,False,2001,Debit,True
3690,1897,24043,2003-07-01,Debit (Prepaid),80,True,2003,Debit,True
4337,972,24128,2010-08-01,Credit,15800,True,2010,Debit,True
6052,972,24144,2011-12-01,Credit,16800,True,2011,Debit,True
4166,972,24068,2005-08-01,Debit,2508,False,2005,Debit,True
5689,972,24167,2013-11-01,Credit,2600,True,2013,Debit,True
2482,1010,24064,2005-04-01,Debit,4851,False,2005,Debit,False
3047,1243,24125,2010-05-01,Credit,7300,True,2010,Debit,True
3884,1243,24115,2009-07-01,Debit,18540,False,2009,Debit,True
3928,1243,24127,2010-07-01,Debit,4072,True,2010,Debit,True
1527,1243,24242,2020-02-01,Debit,1744,True,2020,Debit,True
3885,1243,24115,2009-07-01,Debit (Prepaid),33,False,2009,Debit,True
2327,1976,24171,2014-03-01,Debit,17767,True,2014,Debit,True
4847,1976,24165,2013-09-01,Debit (Prepaid),57,True,2013,Debit,True
4338,1976,24128,2010-08-01,Debit,23011,True,2010,Debit,True
1171,1976,24110,2009-02-01,Debit,21160,False,2009,Debit,True
502,1976,24241,2020-01-01,Debit,21291,True,2020,Debit,True
2784,91,24220,2018-04-01,Credit,19100,False,2018,Premium credit,False
2790,1606,23957,1996-05-01,Debit,7834,False,1996,Debit,True
2735,1201,24172,2014-04-01,Debit,38317,True,2014,Debit,True
16,1201,24001,2000-01-01,Debit,55693,False,2000,Debit,True
4793,1201,24129,2010-09-01,Debit,40710,True,2010,Debit,True
2744,1201,24184,2015-04-01,Debit,61355,True,2015,Debit,True
503,1887,24241,2020-01-01,Credit,5300,False,2020,Premium credit,False
504,1887,24241,2020-01-01,Credit,15800,False,2020,Premium credit,False
505,195,24241,2020-01-01,Debit,26219,False,2020,Debit,False
1442,195,24242,2020-02-01,Credit,20400,True,2020,Debit,False
1528,874,24242,2020-02-01,Debit,28066,True,2020,Premium credit,False
786,874,24241,2020-01-01,Credit,19500,False,2020,Premium credit,False
506,874,24241,2020-01-01,Credit,15100,False,2020,Premium credit,False
5790,1317,24048,2003-12-01,Debit,9059,False,2003,Debit,True
3576,1317,24174,2014-06-01,Credit,6300,True,2014,Debit,True
4909,1317,24213,2017-09-01,Debit,12793,True,2017,Debit,True
1529,1317,24242,2020-02-01,Credit,7800,True,2020,Debit,True
1280,1311,24134,2011-02-01,Credit,14000,False,2011,Premium credit,False
1530,785,24242,2020-02-01,Debit (Prepaid),80,True,2020,Premium credit,False
507,785,24241,2020-01-01,Credit,15400,False,2020,Premium credit,False
2638,662,24124,2010-04-01,Debit,28747,False,2010,Debit,True
3092,662,24137,2011-05-01,Debit (Prepaid),110,True,2011,Debit,True
5107,847,24106,2008-10-01,Debit (Prepaid),112,True,2008,Prepaid,True
3416,847,24114,2009-06-01,Credit,9700,True,2009,Prepaid,True
5581,847,24119,2009-11-01,Credit,8600,True,2009,Prepaid,True
987,847,24014,2001-02-01,Debit (Prepaid),43,False,2001,Prepaid,True
5998,847,24132,2010-12-01,Debit,19629,True,2010,Prepaid,True
4531,847,24045,2003-09-01,Credit,3400,True,2003,Prepaid,True
1531,685,24242,2020-02-01,Debit,20769,True,2020,Debit,False
1398,685,24242,2020-02-01,Credit,12100,True,2020,Debit,False
1532,685,24242,2020-02-01,Debit,16371,True,2020,Debit,False
1533,685,24242,2020-02-01,Credit,12500,True,2020,Debit,False
1534,685,24242,2020-02-01,Debit,18976,True,2020,Debit,False
508,685,24241,2020-01-01,Debit,30119,False,2020,Debit,False
2354,617,24195,2016-03-01,Debit,26147,False,2016,Debit,False
1810,23,24242,2020-02-01,Debit (Prepaid),74,False,2020,Prepaid,False
787,339,24241,2020-01-01,Credit,7100,False,2020,Core credit,False
1811,339,24242,2020-02-01,Debit,13964,True,2020,Core credit,False
1062,280,24062,2005-02-01,Credit,12000,True,2005,Debit,True
5856,280,24084,2006-12-01,Debit,14710,True,2006,Debit,True
2959,280,24101,2008-05-01,Credit,5600,True,2008,Debit,True
123,280,24085,2007-01-01,Credit,13600,True,2007,Debit,True
2826,280,24029,2002-05-01,Debit,14592,False,2002,Debit,True
4404,1473,24164,2013-08-01,Debit,16791,True,2013,Debit,True
3839,1473,24103,2008-07-01,Debit,15909,False,2008,Debit,True
1535,1473,24242,2020-02-01,Debit,13466,True,2020,Debit,True
5108,65,24106,2008-10-01,Debit,5066,True,2008,Debit,True
4585,65,24069,2005-09-01,Debit,13452,False,2005,Debit,True
788,1353,24241,2020-01-01,Debit,17652,True,2020,Debit,True
3156,1353,24173,2014-05-01,Debit,22566,True,2014,Debit,True
1536,1353,24242,2020-02-01,Debit (Prepaid),101,True,2020,Debit,True
4200,1353,24092,2007-08-01,Debit,17860,True,2007,Debit,True
1812,1353,24242,2020-02-01,Debit,13635,True,2020,Debit,True
3725,1353,24067,2005-07-01,Credit,12800,True,2005,Debit,True
966,1353,23990,1999-02-01,Debit,12076,False,1999,Debit,True
1537,736,24242,2020-02-01,Credit,13500,True,2020,Prepaid,False
509,736,24241,2020-01-01,Debit (Prepaid),38,False,2020,Prepaid,False
510,736,24241,2020-01-01,Debit (Prepaid),100,False,2020,Prepaid,False
4482,1670,24236,2019-08-01,Debit,24501,True,2019,Debit,True
3304,1670,24066,2005-06-01,Credit,15100,True,2005,Debit,True
5809,1670,24060,2004-12-01,Debit,14709,False,2004,Debit,True
5603,1670,24131,2010-11-01,Debit,45782,True,2010,Debit,True
511,1776,24241,2020-01-01,Debit,18292,True,2020,Premium credit,True
4938,1776,23998,1999-10-01,Credit,13400,False,1999,Premium credit,True
3596,1776,24186,2015-06-01,Credit,11100,True,2015,Premium credit,True
1813,1474,24242,2020-02-01,Debit,33397,False,2020,Debit,False
2032,951,24027,2002-03-01,Debit (Prepaid),80,False,2002,Prepaid,True
2942,951,24089,2007-05-01,Credit,5400,True,2007,Prepaid,True
2628,951,24124,2010-04-01,Credit,11000,True,2010,Prepaid,True
3330,951,24078,2006-06-01,Debit,8374,True,2006,Prepaid,True
3418,1818,24114,2009-06-01,Debit,23691,False,2009,Debit,True
2259,1818,24123,2010-03-01,Debit,15817,True,2010,Debit,True
4711,1818,24117,2009-09-01,Debit,36912,True,2009,Debit,True
1814,1450,24242,2020-02-01,Debit,36976,False,2020,Debit,False
512,1524,24241,2020-01-01,Debit,52121,False,2020,Debit,False
367,1789,24217,2018-01-01,Debit,12564,True,2018,Debit,True
5130,1789,24106,2008-10-01,Debit,15981,False,2008,Debit,True
5911,767,24096,2007-12-01,Debit,12758,True,2007,Debit,False
513,767,24241,2020-01-01,Debit (Prepaid),24,True,2020,Debit,False
2111,767,24075,2006-03-01,Debit,13209,False,2006,Debit,False
514,678,24241,2020-01-01,Debit,11254,True,2020,Core credit,True
3577,678,24174,2014-06-01,Debit,16703,True,2014,Core credit,True
3040,678,24125,2010-05-01,Credit,7300,False,2010,Core credit,True
1300,678,24146,2012-02-01,Credit,8600,True,2012,Core credit,True
960,471,23966,1997-02-01,Debit,17173,False,1997,Debit,False
4415,471,24164,2013-08-01,Credit,22000,True,2013,Debit,False
5402,471,24059,2004-11-01,Debit,29739,True,2004,Debit,False
3048,757,24125,2010-05-01,Debit,12905,True,2010,Debit,True
4175,757,24080,2006-08-01,Debit,447,False,2006,Debit,True
5458,757,24083,2006-11-01,Debit,22100,True,2006,Debit,True
3947,757,24127,2010-07-01,Debit,7616,True,2010,Debit,True
515,1724,24241,2020-01-01,Debit,17665,True,2020,Debit,False
5337,1724,24238,2019-10-01,Debit,12551,False,2019,Debit,False
1399,1724,24242,2020-02-01,Credit,7400,True,2020,Debit,False
1313,1603,24158,2013-02-01,Debit,14223,True,2013,Premium credit,True
2138,1603,24087,2007-03-01,Credit,11200,False,2007,Premium credit,True
2381,1603,24231,2019-03-01,Credit,14000,True,2019,Premium credit,True
5981,1603,24120,2009-12-01,Debit (Prepaid),79,True,2009,Premium credit,True
1815,224,24242,2020-02-01,Debit,13547,False,2020,Debit,False
1538,808,24242,2020-02-01,Debit,12626,True,2020,Debit,True
3969,808,24139,2011-07-01,Debit,17042,True,2011,Debit,True
3516,808,24138,2011-06-01,Debit,11930,False,2011,Debit,True
5427,1326,24071,2005-11-01,Debit,10442,False,2005,Debit,True
5561,1326,24119,2009-11-01,Debit,23296,True,2009,Debit,True
5212,158,24130,2010-10-01,Debit,19555,False,2010,Debit,False
516,158,24241,2020-01-01,Debit,22310,True,2020,Debit,False
5722,1928,24203,2016-11-01,Credit,14800,True,2016,Debit,True
2434,1928,24028,2002-04-01,Credit,11300,True,2002,Debit,True
2442,1928,24040,2003-04-01,Debit (Prepaid),31,True,2003,Debit,True
4493,1928,23985,1998-09-01,Debit,24090,False,1998,Debit,True
2112,1575,24075,2006-03-01,Debit,18138,False,2006,Debit,True
3635,1575,24222,2018-06-01,Debit (Prepaid),74,True,2018,Debit,True
224,1575,24121,2010-01-01,Debit,23016,True,2010,Debit,True
5582,1575,24119,2009-11-01,Debit,35791,True,2009,Debit,True
1539,1608,24242,2020-02-01,Debit,15116,False,2020,Debit,False
5843,1455,24072,2005-12-01,Credit,8000,False,2005,Core credit,True
1386,1455,24230,2019-02-01,Credit,2200,True,2019,Core credit,True
789,1455,24241,2020-01-01,Credit,6800,True,2020,Core credit,True
2960,1455,24101,2008-05-01,Debit,427,True,2008,Core credit,True
997,1916,24026,2002-02-01,Debit,22112,True,2002,Core credit,True
4863,1916,24165,2013-09-01,Debit,10211,True,2013,Core credit,True
5077,1916,24094,2007-10-01,Debit,11940,True,2007,Core credit,True
2395,1916,23932,1994-04-01,Credit,7400,False,1994,Core credit,True
3305,1916,24066,2005-06-01,Debit (Prepaid),64,True,2005,Core credit,True
2856,1916,24053,2004-05-01,Debit,7343,True,2004,Core credit,True
3258,1916,24042,2003-06-01,Credit,5500,True,2003,Core credit,True
157,1617,24097,2008-01-01,Debit,3843,False,2008,Debit,True
517,143,24241,2020-01-01,Debit (Prepaid),72,False,2020,Prepaid,False
1540,143,24242,2020-02-01,Debit,21227,True,2020,Prepaid,False
1541,143,24242,2020-02-01,Debit,21943,True,2020,Prepaid,False
5003,1176,24058,2004-10-01,Debit,47833,False,2004,Debit,True
2712,1176,24160,2013-04-01,Credit,13400,True,2013,Debit,True
2629,1176,24124,2010-04-01,Credit,21700,True,2010,Debit,True
5270,1194,24166,2013-10-01,Debit,19122,True,2013,Premium credit,True
3644,1194,24234,2019-06-01,Debit,17245,True,2019,Premium credit,True
5999,1194,24132,2010-12-01,Debit,17564,True,2010,Premium credit,True
4614,1194,24081,2006-09-01,Credit,14100,False,2006,Premium credit,True
393,423,24241,2020-01-01,Credit,11400,False,2020,Premium credit,False
1542,423,24242,2020-02-01,Debit,18281,True,2020,Premium credit,False
2724,580,24172,2014-04-01,Debit,14471,True,2014,Premium credit,True
5109,580,24106,2008-10-01,Debit,11399,True,2008,Premium credit,True
2961,580,24101,2008-05-01,Credit,12400,False,2008,Premium credit,True
303,4,24145,2012-01-01,Debit,27520,True,2012,Debit,True
5391,4,24047,2003-11-01,Debit,38648,False,2003,Debit,True
1083,4,24074,2006-02-01,Debit,41051,True,2006,Debit,True
3413,4,24114,2009-06-01,Credit,19300,True,2009,Debit,True
4201,4,24092,2007-08-01,Debit,9683,True,2007,Debit,True
3344,530,24090,2007-06-01,Debit,15061,False,2007,Debit,True
5110,530,24106,2008-10-01,Debit,16652,True,2008,Debit,True
4848,530,24165,2013-09-01,Debit,10970,True,2013,Debit,True
4926,530,24237,2019-09-01,Debit,15458,True,2019,Debit,True
3145,530,24173,2014-05-01,Debit,11475,True,2014,Debit,True
4021,530,24175,2014-07-01,Debit,12031,True,2014,Debit,True
5779,1826,24036,2002-12-01,Debit (Prepaid),49,False,2002,Prepaid,True
4666,595,24105,2008-09-01,Debit,14408,True,2008,Debit,True
3049,595,24125,2010-05-01,Debit,18035,True,2010,Debit,True
4667,595,24105,2008-09-01,Debit,16786,True,2008,Debit,True
2128,595,24075,2006-03-01,Debit,12009,False,2006,Debit,True
4423,1022,24176,2014-08-01,Credit,6800,True,2014,Premium credit,True
2504,1022,24076,2006-04-01,Credit,10300,False,2006,Premium credit,True
5148,1022,24118,2009-10-01,Debit,16274,True,2009,Premium credit,True
518,1108,24241,2020-01-01,Credit,28000,False,2020,Premium credit,False
790,1108,24241,2020-01-01,Debit,4201,False,2020,Premium credit,False
2525,246,24088,2007-04-01,Credit,25300,False,2007,Premium credit,True
1158,246,24098,2008-02-01,Debit,40350,True,2008,Premium credit,True
3400,246,24102,2008-06-01,Credit,22500,True,2008,Premium credit,True
6075,246,24156,2012-12-01,Debit,26110,True,2012,Premium credit,True
519,270,24241,2020-01-01,Debit (Prepaid),46,False,2020,Debit,False
1543,270,24242,2020-02-01,Debit,24886,True,2020,Debit,False
1816,270,24242,2020-02-01,Debit,12257,True,2020,Debit,False
520,270,24241,2020-01-01,Debit,27489,False,2020,Debit,False
5626,1945,24131,2010-11-01,Credit,9700,True,2010,Debit,True
3381,1945,24102,2008-06-01,Debit,11712,False,2008,Debit,True
4018,1945,24175,2014-07-01,Credit,5900,True,2014,Debit,True
3614,1945,24198,2016-06-01,Debit,10318,True,2016,Debit,True
3763,1540,24079,2006-07-01,Debit,3836,False,2006,Debit,True
3496,1540,24126,2010-06-01,Credit,13200,True,2010,Debit,True
5562,1540,24119,2009-11-01,Debit (Prepaid),56,True,2009,Debit,True
394,1149,24241,2020-01-01,Credit,13800,False,2020,Premium credit,False
521,1438,24241,2020-01-01,Debit,7767,False,2020,Debit,False
3077,409,24125,2010-05-01,Debit,14999,False,2010,Debit,False
4007,409,24163,2013-07-01,Debit,9281,True,2013,Debit,False
5690,409,24167,2013-11-01,Debit,15512,True,2013,Debit,False
1817,694,24242,2020-02-01,Debit (Prepaid),67,True,2020,Debit,False
5583,694,24119,2009-11-01,Debit,10564,False,2009,Debit,False
2371,382,24219,2018-03-01,Debit,13206,True,2018,Debit,False
5415,382,24059,2004-11-01,Debit,11809,False,2004,Debit,False
2103,382,24075,2006-03-01,Credit,8800,True,2006,Debit,False
5324,629,24214,2017-10-01,Debit,29793,True,2017,Premium credit,True
5523,629,24107,2008-11-01,Debit (Prepaid),80,True,2008,Premium credit,True
2560,629,24100,2008-04-01,Debit,24739,True,2008,Premium credit,True
4712,629,24117,2009-09-01,Debit,32447,True,2009,Premium credit,True
124,629,24085,2007-01-01,Credit,20900,False,2007,Premium credit,True
5392,1211,24047,2003-11-01,Debit,23912,True,2003,Core credit,True
2400,1211,23980,1998-04-01,Credit,8200,False,1998,Core credit,True
3721,1211,24055,2004-07-01,Debit,119,True,2004,Core credit,True
5563,1211,24119,2009-11-01,Debit,19137,True,2009,Core credit,True
5524,823,24107,2008-11-01,Debit,13609,True,2008,Core credit,True
2868,823,24053,2004-05-01,Credit,8600,False,2004,Core credit,True
1400,1304,24242,2020-02-01,Credit,27000,True,2020,Premium credit,False
426,1304,24241,2020-01-01,Credit,17500,False,2020,Premium credit,False
791,1304,24241,2020-01-01,Credit,21000,False,2020,Premium credit,False
2639,89,24124,2010-04-01,Debit,9401,True,2010,Debit,True
5584,89,24119,2009-11-01,Debit,17146,True,2009,Debit,True
2998,89,24113,2009-05-01,Debit,10863,False,2009,Debit,True
2640,89,24124,2010-04-01,Debit,9742,True,2010,Debit,True
1544,1751,24242,2020-02-01,Credit,4600,True,2020,Debit,False
792,1751,24241,2020-01-01,Debit,29925,False,2020,Debit,False
5377,888,24035,2002-11-01,Debit,10305,False,2002,Debit,True
4668,81,24105,2008-09-01,Credit,13300,True,2008,Premium credit,True
2897,81,24077,2006-05-01,Debit (Prepaid),48,True,2006,Premium credit,True
96,81,24073,2006-01-01,Credit,0,True,2006,Premium credit,True
4525,81,24033,2002-09-01,Credit,10600,False,2002,Premium credit,True
2962,81,24101,2008-05-01,Debit,1778,True,2008,Premium credit,True
793,1021,24241,2020-01-01,Debit,47523,False,2020,Debit,False
522,1021,24241,2020-01-01,Debit (Prepaid),82,False,2020,Debit,False
3112,826,24149,2012-05-01,Credit,19400,True,2012,Premium credit,True
311,826,24157,2013-01-01,Debit,23403,True,2013,Premium credit,True
69,826,24061,2005-01-01,Credit,13900,False,2005,Premium credit,True
4966,87,24034,2002-10-01,Debit (Prepaid),95,False,2002,Prepaid,True
3607,87,24198,2016-06-01,Debit,20417,True,2016,Prepaid,True
109,87,24073,2006-01-01,Credit,6300,True,2006,Prepaid,True
6118,1833,24204,2016-12-01,Debit,16064,True,2016,Debit,True
1545,1833,24242,2020-02-01,Debit (Prepaid),98,True,2020,Debit,True
2345,1833,24183,2015-03-01,Debit,16386,False,2015,Debit,True
1818,1833,24242,2020-02-01,Credit,10100,True,2020,Debit,True
794,1833,24241,2020-01-01,Debit,3472,True,2020,Debit,True
395,829,24241,2020-01-01,Credit,7700,True,2020,Core credit,False
523,829,24241,2020-01-01,Debit,11018,True,2020,Core credit,False
3636,829,24222,2018-06-01,Credit,8200,False,2018,Core credit,False
3840,1879,24103,2008-07-01,Debit,4976,True,2008,Core credit,True
5399,1879,24059,2004-11-01,Credit,4100,False,2004,Core credit,True
4560,236,24057,2004-09-01,Debit,6076,False,2004,Debit,True
1546,1619,24242,2020-02-01,Credit,8000,True,2020,Core credit,True
1443,1619,24242,2020-02-01,Credit,14600,True,2020,Core credit,True
5111,1619,24106,2008-10-01,Credit,8300,False,2008,Core credit,True
3015,1619,24113,2009-05-01,Debit,19054,True,2009,Core credit,True
1547,1146,24242,2020-02-01,Debit,29265,False,2020,Debit,False
1548,1146,24242,2020-02-01,Debit,22245,False,2020,Debit,False
1549,1146,24242,2020-02-01,Debit,17028,False,2020,Debit,False
1172,803,24110,2009-02-01,Debit (Prepaid),67,True,2009,Premium credit,True
3222,803,24018,2001-06-01,Credit,15300,False,2001,Premium credit,True
4882,803,24189,2015-09-01,Debit,20552,True,2015,Premium credit,True
524,193,24241,2020-01-01,Debit (Prepaid),32,False,2020,Prepaid,False
297,1686,24145,2012-01-01,Debit,48003,True,2012,Premium credit,True
2617,1686,24112,2009-04-01,Credit,16300,False,2009,Premium credit,True
2999,1686,24113,2009-05-01,Credit,10800,True,2009,Premium credit,True
89,1959,24073,2006-01-01,Credit,11100,False,2006,Premium credit,True
1281,1342,24134,2011-02-01,Debit (Prepaid),64,False,2011,Prepaid,False
2070,1371,24051,2004-03-01,Credit,17300,False,2004,Premium credit,True
2328,1371,24171,2014-03-01,Credit,13900,True,2014,Premium credit,True
3117,1371,24149,2012-05-01,Debit,23807,True,2012,Premium credit,True
4059,1371,24211,2017-07-01,Debit (Prepaid),140,True,2017,Premium credit,True
4446,1371,24188,2015-08-01,Debit,26329,True,2015,Premium credit,True
3929,1371,24127,2010-07-01,Debit,25224,True,2010,Premium credit,True
4387,1067,24152,2012-08-01,Credit,8500,True,2012,Premium credit,True
1063,1067,24062,2005-02-01,Credit,11200,False,2005,Premium credit,True
3382,1067,24102,2008-06-01,Debit,14576,True,2008,Premium credit,True
3016,1067,24113,2009-05-01,Credit,9000,True,2009,Premium credit,True
1819,1067,24242,2020-02-01,Debit,21409,True,2020,Premium credit,True
2602,1019,24112,2009-04-01,Debit,7406,True,2009,Core credit,True
5170,1019,24118,2009-10-01,Credit,3300,True,2009,Core credit,True
5112,1019,24106,2008-10-01,Credit,7300,False,2008,Core credit,True
4794,1019,24129,2010-09-01,Debit,4386,True,2010,Core credit,True
6025,1568,24132,2010-12-01,Credit,13000,True,2010,Debit,True
977,1568,24002,2000-02-01,Debit,14418,False,2000,Debit,True
3000,1568,24113,2009-05-01,Debit,9120,True,2009,Debit,True
2913,1765,24077,2006-05-01,Debit,11588,False,2006,Debit,True
4808,1765,24141,2011-09-01,Credit,7500,True,2011,Debit,True
4376,1765,24140,2011-08-01,Debit,18042,True,2011,Debit,True
5731,1875,24215,2017-11-01,Debit,13694,True,2017,Debit,True
4100,1875,24020,2001-08-01,Debit,15849,False,2001,Debit,True
4167,1875,24068,2005-08-01,Debit,16566,True,2005,Debit,True
5955,1875,24120,2009-12-01,Credit,10400,True,2009,Debit,True
1550,1111,24242,2020-02-01,Credit,9200,True,2020,Core credit,False
1551,1111,24242,2020-02-01,Debit,17967,True,2020,Core credit,False
396,1111,24241,2020-01-01,Credit,8400,False,2020,Core credit,False
525,1160,24241,2020-01-01,Debit,14168,False,2020,Debit,False
1820,1160,24242,2020-02-01,Debit,3149,True,2020,Debit,False
1552,1574,24242,2020-02-01,Debit,13161,False,2020,Debit,False
1041,189,24050,2004-02-01,Credit,11700,False,2004,Premium credit,False
1370,189,24206,2017-02-01,Debit,17678,True,2017,Premium credit,False
4887,189,24189,2015-09-01,Debit (Prepaid),81,True,2015,Premium credit,False
4055,189,24211,2017-07-01,Debit,26231,True,2017,Premium credit,False
2367,466,24207,2017-03-01,Credit,7700,True,2017,Core credit,False
5467,466,24083,2006-11-01,Credit,6800,False,2006,Core credit,False
2247,466,24123,2010-03-01,Debit,736,True,2010,Core credit,False
5263,659,24154,2012-10-01,Debit (Prepaid),96,True,2012,Prepaid,True
5304,659,24190,2015-10-01,Debit,14977,True,2015,Prepaid,True
1821,659,24242,2020-02-01,Debit,13162,True,2020,Prepaid,True
4864,659,24165,2013-09-01,Debit,17649,True,2013,Prepaid,True
5658,659,24143,2011-11-01,Debit,10538,True,2011,Prepaid,True
5486,659,24095,2007-11-01,Credit,10500,True,2007,Prepaid,True
128,659,24085,2007-01-01,Debit (Prepaid),74,False,2007,Prepaid,True
4973,942,24034,2002-10-01,Debit,39441,False,2002,Debit,True
3174,942,24197,2016-05-01,Debit,27720,True,2016,Debit,True
2670,942,24136,2011-04-01,Credit,20800,True,2011,Debit,True
2772,942,24208,2017-04-01,Credit,5300,True,2017,Debit,True
22,1234,24013,2001-01-01,Debit (Prepaid),65,False,2001,Prepaid,True
1822,841,24242,2020-02-01,Debit,20182,True,2020,Core credit,False
795,841,24241,2020-01-01,Credit,8700,False,2020,Core credit,False
796,1388,24241,2020-01-01,Credit,23300,False,2020,Premium credit,False
797,1388,24241,2020-01-01,Debit,8989,False,2020,Premium credit,False
1553,1056,24242,2020-02-01,Debit,41816,True,2020,Debit,False
798,1056,24241,2020-01-01,Debit,16202,True,2020,Debit,False
3586,1056,24174,2014-06-01,Debit,39457,False,2014,Debit,False
3441,345,24114,2009-06-01,Credit,7900,False,2009,Core credit,True
1084,308,24074,2006-02-01,Credit,7400,False,2006,Core credit,False
3628,308,24222,2018-06-01,Debit (Prepaid),107,True,2018,Core credit,False
2421,1922,24016,2001-04-01,Debit (Prepaid),24,False,2001,Prepaid,False
3280,1156,24054,2004-06-01,Debit,88743,True,2004,Premium credit,True
12,1156,23989,1999-01-01,Credit,57200,False,1999,Premium credit,True
3143,1156,24173,2014-05-01,Credit,2500,True,2014,Premium credit,True
4128,1156,24056,2004-08-01,Debit,151223,True,2004,Premium credit,True
175,1156,24097,2008-01-01,Credit,61100,True,2008,Premium credit,True
3764,561,24079,2006-07-01,Debit,26960,True,2006,Core credit,True
6053,561,24144,2011-12-01,Debit,16531,True,2011,Core credit,True
2716,561,24160,2013-04-01,Debit (Prepaid),69,True,2013,Core credit,True
6119,561,24204,2016-12-01,Debit,14054,True,2016,Core credit,True
4575,561,24069,2005-09-01,Credit,9100,False,2005,Core credit,True
526,507,24241,2020-01-01,Debit (Prepaid),74,False,2020,Prepaid,False
5316,1522,24202,2016-10-01,Credit,23000,True,2016,Premium credit,False
5213,1522,24130,2010-10-01,Credit,21900,False,2010,Premium credit,False
368,1522,24217,2018-01-01,Credit,11200,True,2018,Premium credit,False
5545,695,24107,2008-11-01,Debit,22676,False,2008,Debit,False
3442,285,24114,2009-06-01,Debit (Prepaid),65,True,2009,Core credit,True
4196,285,24092,2007-08-01,Credit,12000,True,2007,Core credit,True
2156,285,24087,2007-03-01,Debit,20723,True,2007,Core credit,True
2927,285,24089,2007-05-01,Credit,11500,True,2007,Core credit,True
5747,285,23904,1991-12-01,Credit,7300,False,1991,Core credit,True
5041,113,24082,2006-10-01,Credit,14400,True,2006,Debit,True
3608,113,24198,2016-06-01,Credit,14200,True,2016,Debit,True
3705,113,24043,2003-07-01,Debit,18818,True,2003,Debit,True
4586,113,24069,2005-09-01,Debit,20509,True,2005,Debit,True
4526,113,24033,2002-09-01,Debit,17510,False,2002,Debit,True
4937,1039,23986,1998-10-01,Debit,3335,False,1998,Debit,True
5791,1039,24048,2003-12-01,Debit,4598,True,2003,Debit,True
304,1039,24145,2012-01-01,Credit,4900,True,2012,Debit,True
5004,1039,24058,2004-10-01,Debit,18498,True,2004,Debit,True
2943,176,24089,2007-05-01,Debit,7312,True,2007,Debit,True
2603,176,24112,2009-04-01,Debit,34799,True,2009,Debit,True
972,176,23990,1999-02-01,Debit,19882,False,1999,Debit,True
6026,176,24132,2010-12-01,Debit (Prepaid),57,True,2010,Debit,True
2049,1104,24039,2003-03-01,Debit,14383,True,2003,Debit,True
4507,1104,24009,2000-09-01,Debit,20666,False,2000,Debit,True
4768,1104,24129,2010-09-01,Credit,8600,True,2010,Debit,True
4849,1104,24165,2013-09-01,Credit,11400,True,2013,Debit,True
3994,1104,24151,2012-07-01,Debit,19695,True,2012,Debit,True
5766,1104,24012,2000-12-01,Debit,16578,True,2000,Debit,True
5297,946,24178,2014-10-01,Credit,8700,True,2014,Debit,True
5403,946,24059,2004-11-01,Credit,10600,True,2004,Debit,True
97,946,24073,2006-01-01,Debit,12925,True,2006,Debit,True
4487,946,23937,1994-09-01,Debit,906,False,1994,Debit,True
527,1465,24241,2020-01-01,Credit,11600,True,2020,Debit,False
4903,1465,24213,2017-09-01,Credit,10700,True,2017,Debit,False
1173,1465,24110,2009-02-01,Debit,42142,False,2009,Debit,False
1554,25,24242,2020-02-01,Credit,4000,False,2020,Core credit,False
1350,571,24182,2015-02-01,Credit,7200,True,2015,Debit,True
312,571,24157,2013-01-01,Debit,13019,True,2013,Debit,True
4047,571,24199,2016-07-01,Debit,16647,True,2016,Debit,True
5960,571,24120,2009-12-01,Debit,12247,False,2009,Debit,True
528,1396,24241,2020-01-01,Debit (Prepaid),23,False,2020,Prepaid,False
799,1396,24241,2020-01-01,Debit (Prepaid),91,False,2020,Prepaid,False
1555,1396,24242,2020-02-01,Debit (Prepaid),77,True,2020,Prepaid,False
1823,599,24242,2020-02-01,Debit,82677,True,2020,Premium credit,False
800,599,24241,2020-01-01,Credit,23400,False,2020,Premium credit,False
529,599,24241,2020-01-01,Debit,72868,False,2020,Premium credit,False
4539,1074,24045,2003-09-01,Debit,15029,True,2003,Debit,True
3903,1074,24115,2009-07-01,Credit,9700,True,2009,Debit,True
5961,1074,24120,2009-12-01,Debit,6847,True,2009,Debit,True
2044,1074,24039,2003-03-01,Credit,4800,True,2003,Debit,True
4108,1074,24032,2002-08-01,Debit,17294,False,2002,Debit,True
5680,214,24155,2012-11-01,Credit,0,False,2012,Core credit,False
5005,771,24058,2004-10-01,Debit,5857,True,2004,Debit,True
4986,771,24046,2003-10-01,Debit,17536,False,2003,Debit,True
3803,771,24091,2007-07-01,Debit (Prepaid),61,True,2007,Debit,True
5104,520,24106,2008-10-01,Credit,13300,True,2008,Debit,True
2020,520,24015,2001-03-01,Debit,34278,False,2001,Debit,True
4129,520,24056,2004-08-01,Debit,38235,True,2004,Debit,True
3948,520,24127,2010-07-01,Debit,1587,True,2010,Debit,True
2659,520,24124,2010-04-01,Debit,28156,True,2010,Debit,True
5468,288,24083,2006-11-01,Credit,6500,False,2006,Core credit,False
6039,288,24144,2011-12-01,Debit,4324,True,2011,Core credit,False
3497,288,24126,2010-06-01,Debit,1112,True,2010,Core credit,False
1824,1979,24242,2020-02-01,Credit,19600,True,2020,Debit,True
2548,1979,24088,2007-04-01,Debit,15182,True,2007,Debit,True
4396,1979,24152,2012-08-01,Credit,14200,True,2012,Debit,True
2812,1979,24017,2001-05-01,Debit,30065,False,2001,Debit,True
1825,1253,24242,2020-02-01,Credit,10600,True,2020,Debit,True
5691,1253,24167,2013-11-01,Debit,39764,True,2013,Debit,True
3841,1253,24103,2008-07-01,Debit,27208,True,2008,Debit,True
2248,1253,24123,2010-03-01,Debit,29637,True,2010,Debit,True
1556,1253,24242,2020-02-01,Debit,24442,True,2020,Debit,True
2561,1253,24100,2008-04-01,Debit,28390,False,2008,Debit,True
4869,311,24177,2014-09-01,Credit,6600,True,2014,Debit,True
4094,311,23996,1999-08-01,Debit,11510,False,1999,Debit,True
4600,311,24081,2006-09-01,Credit,6400,True,2006,Debit,True
93,311,24073,2006-01-01,Credit,1800,True,2006,Debit,True
81,1346,24061,2005-01-01,Credit,1500,False,2005,Core credit,False
801,1346,24241,2020-01-01,Debit,14813,True,2020,Core credit,False
2877,1622,24065,2005-05-01,Debit,40176,False,2005,Debit,True
90,852,24073,2006-01-01,Credit,10300,False,2006,Premium credit,True
1282,852,24134,2011-02-01,Credit,4400,True,2011,Premium credit,True
4187,852,24080,2006-08-01,Debit,15878,True,2006,Premium credit,True
4039,1394,24187,2015-07-01,Credit,8500,True,2015,Debit,True
530,1394,24241,2020-01-01,Debit,18022,True,2020,Debit,True
3468,1394,24126,2010-06-01,Debit,19597,False,2010,Debit,True
6027,1394,24132,2010-12-01,Debit,51504,True,2010,Debit,True
82,957,24061,2005-01-01,Debit,28717,True,2005,Debit,True
5042,957,24082,2006-10-01,Credit,7100,True,2006,Debit,True
4532,957,24045,2003-09-01,Debit,27974,False,2003,Debit,True
5078,515,24094,2007-10-01,Debit,6629,True,2007,Debit,True
5487,515,24095,2007-11-01,Debit,2093,True,2007,Debit,True
3984,515,24139,2011-07-01,Debit,27053,True,2011,Debit,True
3235,515,24030,2002-06-01,Debit,15800,False,2002,Debit,True
2831,1303,24029,2002-05-01,Debit,20699,False,2002,Debit,True
2705,1303,24148,2012-04-01,Debit,31662,True,2012,Debit,True
6000,1303,24132,2010-12-01,Credit,18900,True,2010,Debit,True
5059,1303,24082,2006-10-01,Credit,14200,True,2006,Debit,True
6085,1303,24168,2013-12-01,Debit,25292,True,2013,Debit,True
1557,1303,24242,2020-02-01,Debit,19299,True,2020,Debit,True
4226,1303,24092,2007-08-01,Debit,27215,True,2007,Debit,True
3765,1287,24079,2006-07-01,Debit,10934,False,2006,Debit,False
5564,296,24119,2009-11-01,Credit,20300,True,2009,Core credit,False
4939,296,23998,1999-10-01,Credit,9700,False,1999,Core credit,False
3331,296,24078,2006-06-01,Debit (Prepaid),87,True,2006,Core credit,False
1330,1059,24158,2013-02-01,Credit,11700,True,2013,Debit,False
2641,1059,24124,2010-04-01,Debit,16460,False,2010,Debit,False
4483,1059,24236,2019-08-01,Debit,27036,True,2019,Debit,False
5641,1378,24143,2011-11-01,Credit,3100,True,2011,Premium credit,True
283,1378,24133,2011-01-01,Debit,21757,True,2011,Premium credit,True
4227,1378,24092,2007-08-01,Debit,15925,True,2007,Premium credit,True
2921,1378,24089,2007-05-01,Credit,10100,False,2007,Premium credit,True
4066,1297,24223,2018-07-01,Debit,20660,True,2018,Debit,False
1242,1297,24122,2010-02-01,Debit,18301,False,2010,Debit,False
5627,1297,24131,2010-11-01,Credit,14200,True,2010,Debit,False
5982,1727,24120,2009-12-01,Debit,24230,True,2009,Debit,True
319,1727,24157,2013-01-01,Debit,19636,True,2013,Debit,True
1379,1727,24218,2018-02-01,Debit (Prepaid),102,True,2018,Debit,True
5329,1727,24226,2018-10-01,Debit,21218,True,2018,Debit,True
4918,1727,24225,2018-09-01,Debit,27066,True,2018,Debit,True
3766,1727,24079,2006-07-01,Debit,19723,False,2006,Debit,True
1826,310,24242,2020-02-01,Debit,21990,True,2020,Debit,False
531,310,24241,2020-01-01,Debit,26251,False,2020,Debit,False
1359,673,24182,2015-02-01,Debit,14614,True,2015,Debit,False
2422,673,24016,2001-04-01,Credit,12800,True,2001,Debit,False
978,673,24002,2000-02-01,Debit,17897,False,2000,Debit,False
1827,673,24242,2020-02-01,Credit,8700,True,2020,Debit,False
4570,1283,24069,2005-09-01,Credit,19500,False,2005,Premium credit,True
2341,1283,24183,2015-03-01,Debit,24111,True,2015,Premium credit,True
5305,1283,24190,2015-10-01,Debit,34839,True,2015,Premium credit,True
3469,1283,24126,2010-06-01,Credit,12800,True,2010,Premium credit,True
5404,1239,24059,2004-11-01,Credit,9600,False,2004,Core credit,True
3744,1239,24067,2005-07-01,Debit,15112,True,2005,Core credit,True
532,1239,24241,2020-01-01,Credit,11100,True,2020,Core credit,True
1243,1239,24122,2010-02-01,Debit,14295,True,2010,Core credit,True
533,1691,24241,2020-01-01,Credit,5400,False,2020,Core credit,False
225,1078,24121,2010-01-01,Debit,18092,True,2010,Debit,True
5488,1078,24095,2007-11-01,Debit,23244,False,2007,Debit,True
4397,124,24152,2012-08-01,Debit,12639,True,2012,Debit,True
4022,124,24175,2014-07-01,Debit,13482,True,2014,Debit,True
3050,124,24125,2010-05-01,Debit,13022,False,2010,Debit,True
2725,124,24172,2014-04-01,Debit,23999,True,2014,Debit,True
2819,99,24017,2001-05-01,Debit,12837,False,2001,Debit,False
3345,99,24090,2007-06-01,Debit,25177,True,2007,Debit,False
2869,99,24053,2004-05-01,Credit,18800,True,2004,Debit,False
2736,1722,24172,2014-04-01,Credit,3900,False,2014,Core credit,False
427,562,24241,2020-01-01,Credit,7200,False,2020,Core credit,False
3250,750,24042,2003-06-01,Debit,11749,False,2003,Debit,True
4550,750,24057,2004-09-01,Debit (Prepaid),77,True,2004,Debit,True
5251,1223,24142,2011-10-01,Debit,86262,True,2011,Debit,True
1042,1223,24050,2004-02-01,Debit,92939,False,2004,Debit,True
384,1223,24229,2019-01-01,Debit,64613,True,2019,Debit,True
1828,1319,24242,2020-02-01,Debit,27305,False,2020,Debit,False
4271,575,24104,2008-08-01,Debit,24546,True,2008,Premium credit,True
369,575,24217,2018-01-01,Debit,25121,True,2018,Premium credit,True
3663,575,24019,2001-07-01,Credit,17000,False,2001,Premium credit,True
5278,575,24166,2013-10-01,Credit,6800,True,2013,Premium credit,True
4360,575,24140,2011-08-01,Credit,15100,True,2011,Premium credit,True
3842,428,24103,2008-07-01,Credit,14300,False,2008,Premium credit,True
1351,428,24182,2015-02-01,Credit,8800,True,2015,Premium credit,True
3126,828,24149,2012-05-01,Credit,4100,True,2012,Core credit,True
4235,828,24104,2008-08-01,Credit,9500,True,2008,Core credit,True
3767,828,24079,2006-07-01,Credit,8500,False,2006,Core credit,True
1829,1580,24242,2020-02-01,Debit,21741,False,2020,Debit,False
1830,1580,24242,2020-02-01,Debit,1741,False,2020,Debit,False
1558,1570,24242,2020-02-01,Debit (Prepaid),74,True,2020,Prepaid,False
1831,1570,24242,2020-02-01,Credit,8700,True,2020,Prepaid,False
534,1570,24241,2020-01-01,Debit (Prepaid),63,False,2020,Prepaid,False
221,846,24121,2010-01-01,Credit,18400,True,2010,Core credit,True
2789,846,24232,2019-04-01,Credit,9700,True,2019,Core credit,True
3886,846,24115,2009-07-01,Credit,13800,True,2009,Core credit,True
3443,846,24114,2009-06-01,Credit,0,False,2009,Core credit,True
1244,666,24122,2010-02-01,Debit,22501,False,2010,Debit,False
4838,335,24153,2012-09-01,Debit,25307,True,2012,Debit,True
5131,335,24106,2008-10-01,Debit,23401,False,2008,Debit,True
353,335,24193,2016-01-01,Debit,34385,True,2016,Debit,True
5016,639,24058,2004-10-01,Debit,15485,False,2004,Debit,True
129,639,24085,2007-01-01,Debit,14156,True,2007,Debit,True
4877,639,24177,2014-09-01,Credit,12400,True,2014,Debit,True
4833,639,24153,2012-09-01,Debit,14850,True,2012,Debit,True
3673,386,24031,2002-07-01,Debit,25093,False,2002,Debit,True
535,886,24241,2020-01-01,Debit,19991,False,2020,Debit,False
536,297,24241,2020-01-01,Debit (Prepaid),29,False,2020,Prepaid,False
1832,1860,24242,2020-02-01,Debit,28422,True,2020,Prepaid,False
1833,1860,24242,2020-02-01,Credit,10100,True,2020,Prepaid,False
4244,1860,24104,2008-08-01,Debit (Prepaid),40,False,2008,Prepaid,False
211,581,24109,2009-01-01,Debit,12589,True,2009,Debit,True
2320,581,24159,2013-03-01,Debit,11885,True,2013,Debit,True
3691,581,24043,2003-07-01,Debit,18820,False,2003,Debit,True
4615,1910,24081,2006-09-01,Debit,8562,True,2006,Prepaid,True
5505,1910,24095,2007-11-01,Debit,5933,True,2007,Prepaid,True
3242,1910,24030,2002-06-01,Debit (Prepaid),33,False,2002,Prepaid,True
3288,1910,24066,2005-06-01,Debit,10764,True,2005,Prepaid,True
1559,731,24242,2020-02-01,Credit,8900,True,2020,Debit,True
5659,731,24143,2011-11-01,Debit,6781,False,2011,Debit,True
802,731,24241,2020-01-01,Debit,12116,True,2020,Debit,True
1111,21,24086,2007-02-01,Debit,21131,False,2007,Debit,True
2745,21,24184,2015-04-01,Debit,13383,True,2015,Debit,True
4769,21,24129,2010-09-01,Debit (Prepaid),58,True,2010,Debit,True
5777,273,24036,2002-12-01,Credit,14600,False,2002,Premium credit,True
397,63,24241,2020-01-01,Credit,6600,True,2020,Debit,True
2805,63,23993,1999-05-01,Debit,23806,False,1999,Debit,True
60,63,24049,2004-01-01,Debit,17082,True,2004,Debit,True
5489,63,24095,2007-11-01,Debit,16422,True,2007,Debit,True
4632,63,24093,2007-09-01,Debit,15353,True,2007,Debit,True
4067,63,24223,2018-07-01,Debit (Prepaid),66,True,2018,Debit,True
537,786,24241,2020-01-01,Debit,7221,False,2020,Debit,False
1834,786,24242,2020-02-01,Debit,21032,True,2020,Debit,False
538,1886,24241,2020-01-01,Credit,11900,False,2020,Premium credit,False
803,1886,24241,2020-01-01,Debit,15328,False,2020,Premium credit,False
270,103,24133,2011-01-01,Debit,15023,True,2011,Debit,True
5113,103,24106,2008-10-01,Credit,8500,True,2008,Debit,True
3930,103,24127,2010-07-01,Debit,17667,True,2010,Debit,True
110,103,24073,2006-01-01,Debit,20549,True,2006,Debit,True
967,103,23990,1999-02-01,Debit,1738,False,1999,Debit,True
5681,1193,24155,2012-11-01,Debit,34013,True,2012,Debit,True
4023,1193,24175,2014-07-01,Debit,38290,True,2014,Debit,True
5962,1193,24120,2009-12-01,Debit,17718,True,2009,Debit,True
4533,1193,24045,2003-09-01,Debit,25878,False,2003,Debit,True
2963,1193,24101,2008-05-01,Debit,22858,True,2008,Debit,True
5881,585,24096,2007-12-01,Debit,19913,False,2007,Debit,True
1560,1532,24242,2020-02-01,Debit,18648,False,2020,Debit,False
3215,1958,24006,2000-06-01,Debit,9676,False,2000,Debit,True
3680,1958,24031,2002-07-01,Credit,4900,True,2002,Debit,True
1283,1958,24134,2011-02-01,Debit (Prepaid),62,True,2011,Debit,True
3578,1958,24174,2014-06-01,Debit,17957,True,2014,Debit,True
3843,1958,24103,2008-07-01,Credit,13100,True,2008,Debit,True
4594,744,24081,2006-09-01,Credit,10700,True,2006,Core credit,True
5720,744,24203,2016-11-01,Credit,14400,True,2016,Core credit,True
4571,744,24069,2005-09-01,Credit,20400,True,2005,Core credit,True
4158,744,24068,2005-08-01,Debit,1816,True,2005,Core credit,True
2849,744,24053,2004-05-01,Credit,2200,False,2004,Core credit,True
4140,1836,24056,2004-08-01,Credit,4600,False,2004,Core credit,False
2450,477,24040,2003-04-01,Debit (Prepaid),91,False,2003,Prepaid,True
2692,477,24148,2012-04-01,Credit,14400,True,2012,Prepaid,True
1064,477,24062,2005-02-01,Debit,18647,True,2005,Prepaid,True
4168,477,24068,2005-08-01,Credit,18100,True,2005,Prepaid,True
3419,477,24114,2009-06-01,Debit (Prepaid),35,True,2009,Prepaid,True
1835,1713,24242,2020-02-01,Debit,19079,False,2020,Debit,False
804,1506,24241,2020-01-01,Debit,10686,False,2020,Debit,False
1836,1506,24242,2020-02-01,Debit,30000,True,2020,Debit,False
3706,357,24043,2003-07-01,Debit,41221,True,2003,Premium credit,True
2085,357,24063,2005-03-01,Debit,29170,True,2005,Premium credit,True
5481,357,24095,2007-11-01,Credit,19800,True,2007,Premium credit,True
2832,357,24029,2002-05-01,Credit,14500,False,2002,Premium credit,True
4883,535,24189,2015-09-01,Credit,12200,False,2015,Premium credit,False
1085,778,24074,2006-02-01,Debit,1500,True,2006,Premium credit,False
3228,778,24018,2001-06-01,Credit,13700,False,2001,Premium credit,False
539,778,24241,2020-01-01,Debit,15895,True,2020,Premium credit,False
1837,950,24242,2020-02-01,Credit,3000,False,2020,Core credit,False
2562,1080,24100,2008-04-01,Debit,1470,True,2008,Core credit,True
5844,1080,24072,2005-12-01,Credit,5500,False,2005,Core credit,True
1838,1197,24242,2020-02-01,Debit,4326,True,2020,Debit,False
1839,1197,24242,2020-02-01,Credit,13600,True,2020,Debit,False
540,1197,24241,2020-01-01,Debit,37002,False,2020,Debit,False
4689,711,24105,2008-09-01,Debit,9562,False,2008,Debit,True
3995,1731,24151,2012-07-01,Debit,18244,True,2012,Debit,True
4888,1731,24189,2015-09-01,Debit (Prepaid),81,True,2015,Debit,True
34,1731,24037,2003-01-01,Credit,13700,True,2003,Debit,True
5930,1731,24108,2008-12-01,Credit,6000,True,2008,Debit,True
2797,1731,23981,1998-05-01,Debit,16409,False,1998,Debit,True
4616,1731,24081,2006-09-01,Debit,15822,True,2006,Debit,True
5810,451,24060,2004-12-01,Debit,1447,False,2004,Debit,True
3768,451,24079,2006-07-01,Credit,6600,True,2006,Debit,True
3786,1290,24079,2006-07-01,Credit,15700,False,2006,Premium credit,False
3629,1290,24222,2018-06-01,Debit,26704,True,2018,Premium credit,False
2530,1817,24088,2007-04-01,Debit,43033,False,2007,Debit,True
1444,56,24242,2020-02-01,Credit,5800,True,2020,Core credit,False
805,56,24241,2020-01-01,Credit,6900,False,2020,Core credit,False
4949,1383,24022,2001-10-01,Debit,17432,False,2001,Debit,True
3146,1915,24173,2014-05-01,Debit,34453,True,2014,Premium credit,True
4116,1915,24044,2003-08-01,Credit,14800,False,2003,Premium credit,True
5031,1915,24070,2005-10-01,Debit,2603,True,2005,Premium credit,True
2113,1915,24075,2006-03-01,Debit,11568,True,2006,Premium credit,True
3229,1882,24018,2001-06-01,Debit,35943,False,2001,Debit,True
2672,1882,24136,2011-04-01,Credit,13600,True,2011,Debit,True
5882,1882,24096,2007-12-01,Debit,8671,True,2007,Debit,True
3556,1467,24150,2012-06-01,Debit,24498,False,2012,Debit,True
5132,1791,24106,2008-10-01,Debit,21751,True,2008,Debit,True
2215,1791,24111,2009-03-01,Debit,18021,True,2009,Debit,True
4587,1791,24069,2005-09-01,Debit,7830,False,2005,Debit,True
2142,447,24087,2007-03-01,Debit,17980,True,2007,Debit,True
4617,447,24081,2006-09-01,Credit,9000,True,2006,Debit,True
5405,447,24059,2004-11-01,Debit,16034,True,2004,Debit,True
3692,447,24043,2003-07-01,Debit,323,False,2003,Debit,True
3865,447,24103,2008-07-01,Debit,6611,True,2008,Debit,True
4967,1640,24034,2002-10-01,Debit,14231,False,2002,Debit,True
5171,1640,24118,2009-10-01,Credit,11400,True,2009,Debit,True
1065,1640,24062,2005-02-01,Credit,5900,True,2005,Debit,True
4795,636,24129,2010-09-01,Debit,3915,True,2010,Debit,True
3420,636,24114,2009-06-01,Debit,8882,False,2009,Debit,True
4361,636,24140,2011-08-01,Debit,1218,True,2011,Debit,True
284,636,24133,2011-01-01,Debit,12057,True,2011,Debit,True
4169,782,24068,2005-08-01,Debit,13435,False,2005,Debit,True
3051,782,24125,2010-05-01,Debit,13055,True,2010,Debit,True
2216,782,24111,2009-03-01,Debit (Prepaid),85,True,2009,Debit,True
29,316,24025,2002-01-01,Credit,1200,False,2002,Core credit,True
2038,316,24027,2002-03-01,Credit,10500,True,2002,Core credit,True
4125,316,24056,2004-08-01,Credit,9300,True,2004,Core credit,True
5857,316,24084,2006-12-01,Debit,14056,True,2006,Core credit,True
1211,1192,24122,2010-02-01,Debit,2001,False,2010,Debit,True
541,787,24241,2020-01-01,Debit (Prepaid),80,False,2020,Prepaid,False
1561,787,24242,2020-02-01,Credit,19500,True,2020,Prepaid,False
1562,251,24242,2020-02-01,Debit,14797,True,2020,Debit,False
806,251,24241,2020-01-01,Debit,14420,False,2020,Debit,False
1563,1351,24242,2020-02-01,Credit,13600,False,2020,Premium credit,False
3769,490,24079,2006-07-01,Debit,3013,False,2006,Debit,True
5963,490,24120,2009-12-01,Debit,22304,True,2009,Debit,True
176,490,24097,2008-01-01,Debit,30242,True,2008,Debit,True
5133,490,24106,2008-10-01,Debit,12948,True,2008,Debit,True
1564,1935,24242,2020-02-01,Debit,20695,True,2020,Debit,False
542,1935,24241,2020-01-01,Debit,23716,False,2020,Debit,False
1840,1935,24242,2020-02-01,Debit,17223,True,2020,Debit,False
4601,387,24081,2006-09-01,Debit (Prepaid),49,False,2006,Prepaid,True
3103,869,24137,2011-05-01,Debit,19792,True,2011,Prepaid,True
3104,869,24137,2011-05-01,Debit (Prepaid),76,True,2011,Prepaid,True
4405,869,24164,2013-08-01,Debit,19811,True,2013,Prepaid,True
3517,869,24138,2011-06-01,Debit,17602,True,2011,Prepaid,True
5490,869,24095,2007-11-01,Debit (Prepaid),96,False,2007,Prepaid,True
1565,1865,24242,2020-02-01,Credit,36900,False,2020,Premium credit,False
1841,268,24242,2020-02-01,Debit,14263,True,2020,Debit,False
1566,268,24242,2020-02-01,Debit,3013,True,2020,Debit,False
543,268,24241,2020-01-01,Debit,17789,False,2020,Debit,False
6067,1124,24156,2012-12-01,Debit,7184,True,2012,Core credit,False
5437,1124,24071,2005-11-01,Debit (Prepaid),62,True,2005,Core credit,False
4130,1124,24056,2004-08-01,Credit,8300,False,2004,Core credit,False
1245,721,24122,2010-02-01,Credit,11900,True,2010,Debit,True
3949,721,24127,2010-07-01,Credit,2000,True,2010,Debit,True
4426,721,24176,2014-08-01,Debit,12827,True,2014,Debit,True
2563,721,24100,2008-04-01,Credit,10800,True,2008,Debit,True
3361,721,24090,2007-06-01,Debit,8400,False,2007,Debit,True
4377,721,24140,2011-08-01,Credit,6700,True,2011,Debit,True
158,813,24097,2008-01-01,Debit,13417,False,2008,Debit,False
2587,152,24100,2008-04-01,Debit (Prepaid),60,True,2008,Premium credit,True
2848,152,24041,2003-05-01,Credit,10300,False,2003,Premium credit,True
1401,152,24242,2020-02-01,Credit,4900,True,2020,Premium credit,True
4272,1896,24104,2008-08-01,Debit,9073,True,2008,Premium credit,True
2944,1896,24089,2007-05-01,Debit,19635,True,2007,Premium credit,True
1124,1896,24086,2007-02-01,Debit,21207,True,2007,Premium credit,True
4974,1896,24034,2002-10-01,Credit,14000,False,2002,Premium credit,True
4529,1896,24045,2003-09-01,Credit,14400,True,2003,Premium credit,True
1567,1028,24242,2020-02-01,Debit (Prepaid),72,True,2020,Debit,True
139,1028,24085,2007-01-01,Credit,24600,True,2007,Debit,True
2878,1028,24065,2005-05-01,Debit,43289,False,2005,Debit,True
2564,1028,24100,2008-04-01,Debit,16475,True,2008,Debit,True
342,1028,24181,2015-01-01,Credit,14600,True,2015,Debit,True
544,922,24241,2020-01-01,Debit (Prepaid),28,False,2020,Prepaid,False
4770,549,24129,2010-09-01,Credit,12600,True,2010,Debit,True
98,549,24073,2006-01-01,Debit,15416,False,2006,Debit,True
4467,549,24224,2018-08-01,Credit,7100,True,2018,Debit,True
2588,549,24100,2008-04-01,Credit,16200,True,2008,Debit,True
5459,565,24083,2006-11-01,Debit,17689,False,2006,Debit,True
1314,565,24158,2013-02-01,Debit,18090,True,2013,Debit,True
4071,565,24223,2018-07-01,Debit,16080,True,2018,Debit,True
3175,565,24197,2016-05-01,Debit,17599,True,2016,Debit,True
5829,1980,24072,2005-12-01,Debit,12224,False,2005,Debit,True
545,1494,24241,2020-01-01,Debit,8998,True,2020,Debit,True
3579,1494,24174,2014-06-01,Debit,10726,False,2014,Debit,True
1842,1494,24242,2020-02-01,Credit,6300,True,2020,Debit,True
2340,1494,24183,2015-03-01,Credit,4400,True,2015,Debit,True
5830,1809,24072,2005-12-01,Debit,18089,False,2005,Debit,True
2114,1809,24075,2006-03-01,Debit,10683,True,2006,Debit,True
4026,1809,24175,2014-07-01,Credit,14600,True,2014,Debit,True
370,1809,24217,2018-01-01,Debit (Prepaid),94,True,2018,Debit,True
1338,1809,24170,2014-02-01,Debit,27308,True,2014,Debit,True
3866,1809,24103,2008-07-01,Credit,17900,True,2008,Debit,True
2981,637,24101,2008-05-01,Debit,26410,True,2008,Premium credit,True
3745,637,24067,2005-07-01,Credit,28600,False,2005,Premium credit,True
2115,637,24075,2006-03-01,Debit,41057,True,2006,Premium credit,True
3078,637,24125,2010-05-01,Debit,3864,True,2010,Premium credit,True
1402,1770,24242,2020-02-01,Credit,8400,True,2020,Debit,True
6054,1770,24144,2011-12-01,Debit,5024,False,2011,Debit,True
1843,1770,24242,2020-02-01,Debit,10607,True,2020,Debit,True
5264,1770,24154,2012-10-01,Credit,0,True,2012,Debit,True
4427,527,24176,2014-08-01,Credit,10500,False,2014,Premium credit,False
546,1139,24241,2020-01-01,Debit,19185,False,2020,Debit,False
177,1459,24097,2008-01-01,Credit,7100,False,2008,Core credit,True
3147,1459,24173,2014-05-01,Credit,4000,True,2014,Core credit,True
3383,1459,24102,2008-06-01,Debit,12708,True,2008,Core credit,True
352,1544,24193,2016-01-01,Credit,4400,True,2016,Debit,True
3137,1544,24161,2013-05-01,Debit,16017,False,2013,Debit,True
547,1174,24241,2020-01-01,Debit,2066,False,2020,Debit,False
6040,112,24144,2011-12-01,Debit,16320,True,2011,Core credit,True
4398,112,24152,2012-08-01,Debit,13060,True,2012,Core credit,True
1134,112,24098,2008-02-01,Credit,8900,False,2008,Core credit,True
4339,112,24128,2010-08-01,Debit,10517,True,2010,Core credit,True
3470,112,24126,2010-06-01,Debit,13245,True,2010,Core credit,True
5378,369,24035,2002-11-01,Debit (Prepaid),90,False,2002,Prepaid,True
2779,369,24220,2018-04-01,Debit (Prepaid),72,True,2018,Prepaid,True
2982,369,24101,2008-05-01,Debit,18280,True,2008,Prepaid,True
2443,369,24040,2003-04-01,Credit,13600,True,2003,Prepaid,True
2889,994,24065,2005-05-01,Debit,12778,True,2005,Debit,True
4008,994,24163,2013-07-01,Debit,12917,True,2013,Debit,True
50,994,24049,2004-01-01,Credit,6000,True,2004,Debit,True
3243,994,24030,2002-06-01,Debit,8874,True,2002,Debit,True
3904,994,24115,2009-07-01,Debit,4322,True,2009,Debit,True
3734,994,24067,2005-07-01,Debit,9219,True,2005,Debit,True
5367,994,24023,2001-11-01,Debit,6088,False,2001,Debit,True
1403,1592,24242,2020-02-01,Credit,20800,False,2020,Premium credit,False
1844,1592,24242,2020-02-01,Credit,12700,False,2020,Premium credit,False
1845,1592,24242,2020-02-01,Debit (Prepaid),76,False,2020,Premium credit,False
3346,1029,24090,2007-06-01,Debit,12760,False,2007,Debit,True
5285,1029,24178,2014-10-01,Credit,3600,True,2014,Debit,True
3471,1029,24126,2010-06-01,Debit,15894,True,2010,Debit,True
1846,1680,24242,2020-02-01,Credit,11500,True,2020,Debit,True
5325,1680,24214,2017-10-01,Debit,21439,False,2017,Debit,True
5460,1052,24083,2006-11-01,Debit,32165,True,2006,Debit,True
3651,1052,23983,1998-07-01,Debit,12346,False,1998,Debit,True
3273,494,24054,2004-06-01,Credit,13500,False,2004,Premium credit,True
2333,494,24171,2014-03-01,Credit,12700,True,2014,Premium credit,True
1847,494,24242,2020-02-01,Debit,29335,True,2020,Premium credit,True
2890,94,24065,2005-05-01,Debit,16962,False,2005,Debit,True
3313,94,24078,2006-06-01,Debit,17007,True,2006,Debit,True
3931,425,24127,2010-07-01,Debit,43673,True,2010,Debit,True
6133,425,24216,2017-12-01,Debit,43973,True,2017,Debit,True
4447,425,24188,2015-08-01,Debit,28069,True,2015,Debit,True
5149,425,24118,2009-10-01,Debit,30366,False,2009,Debit,True
2492,1720,24064,2005-04-01,Debit,1241,False,2005,Debit,True
2642,1699,24124,2010-04-01,Debit (Prepaid),70,True,2010,Premium credit,True
2204,1699,24099,2008-03-01,Debit,60610,True,2008,Premium credit,True
4245,1699,24104,2008-08-01,Debit,50961,True,2008,Premium credit,True
4437,1699,24176,2014-08-01,Debit,31896,True,2014,Premium credit,True
5043,1699,24082,2006-10-01,Credit,30500,True,2006,Premium credit,True
5593,1699,24131,2010-11-01,Credit,19300,True,2010,Premium credit,True
1018,1699,24038,2003-02-01,Credit,24600,False,2003,Premium credit,True
2922,1495,24089,2007-05-01,Credit,15700,True,2007,Prepaid,True
4941,1495,23998,1999-10-01,Debit (Prepaid),22,False,1999,Prepaid,True
2071,1495,24051,2004-03-01,Credit,3100,True,2004,Prepaid,True
3531,1495,24138,2011-06-01,Debit,42241,True,2011,Prepaid,True
5767,1495,24012,2000-12-01,Debit,25497,True,2000,Prepaid,True
1568,1495,24242,2020-02-01,Debit,28188,True,2020,Prepaid,True
2099,1495,24063,2005-03-01,Credit,14300,True,2005,Prepaid,True
548,1005,24241,2020-01-01,Debit,12035,False,2020,Debit,False
1569,439,24242,2020-02-01,Credit,10800,True,2020,Debit,False
2762,439,24196,2016-04-01,Debit,16332,False,2016,Debit,False
5172,1285,24118,2009-10-01,Debit,6724,True,2009,Debit,True
3216,1285,24006,2000-06-01,Debit,20933,False,2000,Debit,True
2180,1973,24099,2008-03-01,Debit,25253,True,2008,Debit,True
1284,1973,24134,2011-02-01,Debit,13202,True,2011,Debit,True
2342,1973,24183,2015-03-01,Debit (Prepaid),78,True,2015,Debit,True
2879,1973,24065,2005-05-01,Debit,16441,False,2005,Debit,True
549,448,24241,2020-01-01,Credit,7200,False,2020,Core credit,False
4633,1907,24093,2007-09-01,Debit,8342,False,2007,Debit,False
550,1907,24241,2020-01-01,Credit,5700,True,2020,Debit,False
2660,73,24124,2010-04-01,Credit,14300,True,2010,Premium credit,True
2720,73,24160,2013-04-01,Debit,17252,True,2013,Premium credit,True
4713,73,24117,2009-09-01,Credit,11900,False,2009,Premium credit,True
4323,1097,24128,2010-08-01,Debit,10445,True,2010,Debit,True
4324,1097,24128,2010-08-01,Debit (Prepaid),73,True,2010,Debit,True
4690,1097,24105,2008-09-01,Debit,17319,False,2008,Debit,True
5728,1644,24203,2016-11-01,Credit,9400,True,2016,Debit,True
3089,1644,24137,2011-05-01,Credit,8900,True,2011,Debit,True
5525,1644,24107,2008-11-01,Debit,9324,True,2008,Debit,True
3867,1644,24103,2008-07-01,Debit,8834,False,2008,Debit,True
3001,1644,24113,2009-05-01,Debit,8304,True,2009,Debit,True
3444,1644,24114,2009-06-01,Credit,10900,True,2009,Debit,True
982,967,24002,2000-02-01,Credit,9300,False,2000,Core credit,False
3118,967,24149,2012-05-01,Debit,10946,True,2012,Core credit,False
1570,1929,24242,2020-02-01,Debit,24576,False,2020,Debit,False
4650,1114,24093,2007-09-01,Credit,12500,False,2007,Premium credit,True
4246,1114,24104,2008-08-01,Debit (Prepaid),40,True,2008,Premium credit,True
4325,1114,24128,2010-08-01,Debit,21408,True,2010,Premium credit,True
1029,1087,24050,2004-02-01,Debit,9433,False,2004,Debit,True
3266,1087,24054,2004-06-01,Credit,7400,True,2004,Debit,True
1571,95,24242,2020-02-01,Debit,34858,False,2020,Debit,False
1848,95,24242,2020-02-01,Debit,28147,False,2020,Debit,False
551,1778,24241,2020-01-01,Debit,13857,False,2020,Debit,False
1572,1778,24242,2020-02-01,Debit,10236,True,2020,Debit,False
3770,1031,24079,2006-07-01,Credit,15700,False,2006,Premium credit,True
130,1031,24085,2007-01-01,Debit,25080,True,2007,Premium credit,True
2565,1031,24100,2008-04-01,Debit,31604,True,2008,Premium credit,True
4009,1031,24163,2013-07-01,Credit,5600,True,2013,Premium credit,True
5698,1031,24179,2014-11-01,Debit,16220,True,2014,Premium credit,True
3002,1031,24113,2009-05-01,Debit,44568,True,2009,Premium credit,True
196,1031,24109,2009-01-01,Credit,12500,True,2009,Premium credit,True
4714,1031,24117,2009-09-01,Credit,12200,True,2009,Premium credit,True
1849,788,24242,2020-02-01,Debit,27220,False,2020,Debit,False
1573,788,24242,2020-02-01,Debit,14303,False,2020,Debit,False
3571,728,24162,2013-06-01,Debit,10289,True,2013,Debit,True
1174,728,24110,2009-02-01,Debit,10618,False,2009,Debit,True
3421,728,24114,2009-06-01,Debit,10909,True,2009,Debit,True
1246,1639,24122,2010-02-01,Debit,31554,False,2010,Debit,True
807,1587,24241,2020-01-01,Debit,35148,True,2020,Premium credit,True
3996,1587,24151,2012-07-01,Debit,35968,True,2012,Premium credit,True
3034,1587,24125,2010-05-01,Credit,30900,False,2010,Premium credit,True
5308,1883,24190,2015-10-01,Debit,22122,True,2015,Debit,False
4551,1883,24057,2004-09-01,Debit,21240,False,2004,Debit,False
4865,1883,24165,2013-09-01,Debit,33181,True,2013,Debit,False
3401,1883,24102,2008-06-01,Credit,13900,True,2008,Debit,False
2773,712,24208,2017-04-01,Debit,18316,True,2017,Debit,True
3615,712,24198,2016-06-01,Debit,14858,True,2016,Debit,True
5506,712,24095,2007-11-01,Debit,21414,True,2007,Debit,True
4758,712,24129,2010-09-01,Credit,14900,True,2010,Debit,True
3804,712,24091,2007-07-01,Debit,12992,False,2007,Debit,True
4247,1414,24104,2008-08-01,Credit,8300,True,2008,Prepaid,False
2057,1414,24051,2004-03-01,Debit (Prepaid),56,False,2004,Prepaid,False
2205,1414,24099,2008-03-01,Debit,5283,True,2008,Prepaid,False
2077,1414,24063,2005-03-01,Credit,10600,True,2005,Prepaid,False
552,243,24241,2020-01-01,Debit,5158,False,2020,Debit,False
4475,146,24224,2018-08-01,Debit,30320,True,2018,Debit,True
1143,146,24098,2008-02-01,Credit,14200,True,2008,Debit,True
2470,146,24052,2004-04-01,Debit,28911,False,2004,Debit,True
1574,715,24242,2020-02-01,Debit,65185,True,2020,Debit,False
6141,715,24240,2019-12-01,Debit,36570,False,2019,Debit,False
5858,1489,24084,2006-12-01,Debit,14138,False,2006,Debit,False
1850,1232,24242,2020-02-01,Debit,21752,True,2020,Debit,False
808,1232,24241,2020-01-01,Debit,23137,False,2020,Debit,False
5469,842,24083,2006-11-01,Debit,32808,False,2006,Debit,False
553,486,24241,2020-01-01,Debit,29674,False,2020,Debit,False
4993,763,24046,2003-10-01,Credit,24300,False,2003,Premium credit,True
5393,154,24047,2003-11-01,Debit,17280,False,2003,Debit,True
4340,154,24128,2010-08-01,Debit,4660,True,2010,Debit,True
159,154,24097,2008-01-01,Debit,12557,True,2008,Debit,True
5703,704,24179,2014-11-01,Debit,49425,True,2014,Debit,True
4010,704,24163,2013-07-01,Debit,47330,True,2013,Debit,True
3997,704,24151,2012-07-01,Debit,50774,True,2012,Debit,True
2168,704,24099,2008-03-01,Credit,22800,True,2008,Debit,True
5387,704,24047,2003-11-01,Debit,75640,False,2003,Debit,True
2945,704,24089,2007-05-01,Debit,65540,True,2007,Debit,True
1851,1409,24242,2020-02-01,Debit,16998,False,2020,Debit,False
809,1601,24241,2020-01-01,Credit,12300,False,2020,Premium credit,False
1852,1601,24242,2020-02-01,Credit,17100,True,2020,Premium credit,False
226,729,24121,2010-01-01,Debit,23039,True,2010,Debit,True
298,729,24145,2012-01-01,Debit,17795,True,2012,Debit,True
2217,729,24111,2009-03-01,Credit,9000,True,2009,Debit,True
5507,729,24095,2007-11-01,Debit,14424,False,2007,Debit,True
3905,729,24115,2009-07-01,Credit,5700,True,2009,Debit,True
4024,729,24175,2014-07-01,Debit,14626,True,2014,Debit,True
1306,1016,24146,2012-02-01,Credit,200,True,2012,Debit,True
5883,1016,24096,2007-12-01,Debit,282,True,2007,Debit,True
2086,1016,24063,2005-03-01,Debit,350,False,2005,Debit,True
4771,1214,24129,2010-09-01,Debit,42537,True,2010,Debit,True
5508,1214,24095,2007-11-01,Debit,21073,False,2007,Debit,True
1404,1760,24242,2020-02-01,Credit,14600,False,2020,Premium credit,False
1575,1760,24242,2020-02-01,Debit,10722,False,2020,Premium credit,False
1853,927,24242,2020-02-01,Debit,27618,True,2020,Debit,False
4809,927,24141,2011-09-01,Debit,27180,False,2011,Debit,False
554,1667,24241,2020-01-01,Debit,10522,False,2020,Debit,False
5379,1796,24035,2002-11-01,Debit,18555,False,2002,Debit,False
3998,1796,24151,2012-07-01,Debit,16746,True,2012,Debit,False
4850,1796,24165,2013-09-01,Debit,15974,True,2013,Debit,False
2964,179,24101,2008-05-01,Debit,17417,False,2008,Debit,False
1854,179,24242,2020-02-01,Debit,519,True,2020,Debit,False
5831,395,24072,2005-12-01,Credit,11500,True,2005,Premium credit,True
3950,395,24127,2010-07-01,Credit,10100,True,2010,Premium credit,True
5192,395,24130,2010-10-01,Debit,26174,True,2010,Premium credit,True
2027,395,24015,2001-03-01,Credit,16400,False,2001,Premium credit,True
1855,513,24242,2020-02-01,Credit,8000,True,2020,Debit,False
810,513,24241,2020-01-01,Credit,9800,True,2020,Debit,False
1354,513,24182,2015-02-01,Debit,24645,False,2015,Debit,False
6139,513,24228,2018-12-01,Debit,14805,True,2018,Debit,False
4618,187,24081,2006-09-01,Credit,3100,False,2006,Core credit,False
2483,491,24064,2005-04-01,Debit,6710,True,2005,Debit,True
3236,491,24030,2002-06-01,Debit,7176,False,2002,Debit,True
2050,491,24039,2003-03-01,Credit,8000,True,2003,Debit,True
2021,1153,24015,2001-03-01,Debit (Prepaid),64,False,2001,Prepaid,True
3906,377,24115,2009-07-01,Credit,16400,True,2009,Debit,True
4669,377,24105,2008-09-01,Debit,2536,True,2008,Debit,True
1175,377,24110,2009-02-01,Debit,30403,True,2009,Debit,True
4602,377,24081,2006-09-01,Debit,32636,False,2006,Debit,True
3003,377,24113,2009-05-01,Debit,2536,True,2009,Debit,True
3176,850,24197,2016-05-01,Debit,23072,True,2016,Debit,True
5699,850,24179,2014-11-01,Debit,20881,False,2014,Debit,True
3017,1186,24113,2009-05-01,Debit,12325,True,2009,Prepaid,False
61,1186,24049,2004-01-01,Debit (Prepaid),47,False,2004,Prepaid,False
2946,1186,24089,2007-05-01,Debit,3433,True,2007,Prepaid,False
3306,1694,24066,2005-06-01,Credit,16900,False,2005,Premium credit,True
5032,1694,24070,2005-10-01,Debit (Prepaid),31,True,2005,Premium credit,True
5944,1694,24108,2008-12-01,Credit,17700,True,2008,Premium credit,True
5288,1694,24178,2014-10-01,Debit,23995,True,2014,Premium credit,True
3079,1694,24125,2010-05-01,Credit,16900,True,2010,Premium credit,True
5668,716,24155,2012-11-01,Debit (Prepaid),60,True,2012,Core credit,True
811,716,24241,2020-01-01,Credit,7000,True,2020,Core credit,True
555,716,24241,2020-01-01,Debit,7139,True,2020,Core credit,True
3965,716,24139,2011-07-01,Credit,5200,True,2011,Core credit,True
556,716,24241,2020-01-01,Debit,10199,True,2020,Core credit,True
4715,716,24117,2009-09-01,Credit,9800,False,2009,Core credit,True
5604,1131,24131,2010-11-01,Debit,21417,True,2010,Premium credit,True
3093,1131,24137,2011-05-01,Credit,14600,True,2011,Premium credit,True
4378,1131,24140,2011-08-01,Debit,23898,True,2011,Premium credit,True
3347,1131,24090,2007-06-01,Credit,18200,False,2007,Premium credit,True
3052,1719,24125,2010-05-01,Debit,16034,True,2010,Debit,True
2058,1719,24051,2004-03-01,Debit,24775,True,2004,Debit,True
4942,1719,24010,2000-10-01,Debit,1976,False,2000,Debit,True
557,254,24241,2020-01-01,Credit,15900,True,2020,Debit,True
1247,254,24122,2010-02-01,Debit,27623,False,2010,Debit,True
1576,254,24242,2020-02-01,Debit,17584,True,2020,Debit,True
2717,226,24160,2013-04-01,Debit,56640,False,2013,Debit,False
1856,226,24242,2020-02-01,Debit,39553,True,2020,Debit,False
812,226,24241,2020-01-01,Debit,42218,True,2020,Debit,False
4834,1307,24153,2012-09-01,Credit,21900,True,2012,Premium credit,True
5912,1307,24096,2007-12-01,Credit,18700,True,2007,Premium credit,True
2810,1307,24005,2000-05-01,Credit,29200,False,2000,Premium credit,True
3730,1307,24067,2005-07-01,Credit,26600,True,2005,Premium credit,True
111,1307,24073,2006-01-01,Debit,17280,True,2006,Premium credit,True
5060,1095,24082,2006-10-01,Debit,14761,False,2006,Debit,True
335,1095,24169,2014-01-01,Debit,15158,True,2014,Debit,True
4691,1095,24105,2008-09-01,Debit,16464,True,2008,Debit,True
5461,1095,24083,2006-11-01,Debit,19100,True,2006,Debit,True
5669,1095,24155,2012-11-01,Debit,19332,True,2012,Debit,True
5150,1729,24118,2009-10-01,Debit,39431,False,2009,Debit,False
4634,1466,24093,2007-09-01,Credit,9800,False,2007,Core credit,True
5884,1466,24096,2007-12-01,Debit,1866,True,2007,Core credit,True
6055,1226,24144,2011-12-01,Debit (Prepaid),64,True,2011,Core credit,True
4159,1226,24068,2005-08-01,Credit,9600,False,2005,Core credit,True
2231,1226,24111,2009-03-01,Debit,10000,True,2009,Core credit,True
4126,1755,24056,2004-08-01,Credit,7600,True,2004,Prepaid,True
998,1755,24026,2002-02-01,Debit (Prepaid),44,False,2002,Prepaid,True
4228,1755,24092,2007-08-01,Debit,12519,True,2007,Prepaid,True
2857,1755,24053,2004-05-01,Debit,4067,True,2004,Prepaid,True
1248,1755,24122,2010-02-01,Debit,367,True,2010,Prepaid,True
1315,1755,24158,2013-02-01,Credit,9400,True,2013,Prepaid,True
558,475,24241,2020-01-01,Debit,15579,False,2020,Debit,False
4975,1956,24034,2002-10-01,Credit,11500,False,2002,Premium credit,True
5642,1956,24143,2011-11-01,Credit,9500,True,2011,Premium credit,True
1125,1956,24086,2007-02-01,Debit,13356,True,2007,Premium credit,True
2451,1956,24040,2003-04-01,Debit,16385,True,2003,Premium credit,True
320,706,24157,2013-01-01,Credit,12500,True,2013,Premium credit,True
4284,706,24116,2009-08-01,Credit,13700,False,2009,Premium credit,True
5114,474,24106,2008-10-01,Debit,37303,True,2008,Premium credit,True
2493,474,24064,2005-04-01,Credit,16900,False,2005,Premium credit,True
3844,474,24103,2008-07-01,Debit,33723,True,2008,Premium credit,True
4034,474,24187,2015-07-01,Credit,14600,True,2015,Premium credit,True
2218,474,24111,2009-03-01,Debit,38084,True,2009,Premium credit,True
5845,474,24072,2005-12-01,Credit,22300,True,2005,Premium credit,True
5406,1259,24059,2004-11-01,Debit,62760,True,2004,Debit,True
3422,1259,24114,2009-06-01,Debit (Prepaid),62,True,2009,Debit,True
5913,1259,24096,2007-12-01,Debit (Prepaid),76,True,2007,Debit,True
2045,1259,24039,2003-03-01,Debit,98334,True,2003,Debit,True
3289,1259,24066,2005-06-01,Debit,141391,True,2005,Debit,True
2006,1259,23967,1997-03-01,Debit,78790,False,1997,Debit,True
3384,320,24102,2008-06-01,Debit,15292,True,2008,Debit,True
1144,320,24098,2008-02-01,Debit,11696,False,2008,Debit,True
1405,93,24242,2020-02-01,Credit,11400,True,2020,Debit,False
1577,93,24242,2020-02-01,Debit (Prepaid),0,True,2020,Debit,False
6028,93,24132,2010-12-01,Debit,10198,False,2010,Debit,False
6091,93,24168,2013-12-01,Credit,1800,True,2013,Debit,False
6001,1182,24132,2010-12-01,Debit,5716,False,2010,Debit,False
2852,150,24053,2004-05-01,Credit,22400,True,2004,Debit,True
2505,150,24076,2006-04-01,Debit,16872,True,2006,Debit,True
5775,150,24024,2001-12-01,Debit,7202,False,2001,Debit,True
1578,1327,24242,2020-02-01,Debit,15516,False,2020,Debit,False
1579,1327,24242,2020-02-01,Debit,18462,False,2020,Debit,False
5019,784,24070,2005-10-01,Credit,7800,True,2005,Prepaid,False
347,784,24181,2015-01-01,Debit (Prepaid),64,True,2015,Prepaid,False
3373,784,24102,2008-06-01,Credit,15400,True,2008,Prepaid,False
4987,784,24046,2003-10-01,Debit (Prepaid),12,False,2003,Prepaid,False
1580,1471,24242,2020-02-01,Credit,5900,True,2020,Core credit,True
3094,1471,24137,2011-05-01,Credit,7900,False,2011,Core credit,True
1581,367,24242,2020-02-01,Debit (Prepaid),83,False,2020,Core credit,False
1582,367,24242,2020-02-01,Credit,6200,False,2020,Core credit,False
4326,1050,24128,2010-08-01,Debit,2072,True,2010,Debit,True
3472,1050,24126,2010-06-01,Debit,10224,False,2010,Debit,True
5214,1050,24130,2010-10-01,Debit (Prepaid),49,True,2010,Debit,True
2661,207,24124,2010-04-01,Credit,7700,True,2010,Debit,True
2506,207,24076,2006-04-01,Debit,16266,False,2006,Debit,True
2143,207,24087,2007-03-01,Debit (Prepaid),9,True,2007,Debit,True
2260,207,24123,2010-03-01,Debit,5141,True,2010,Debit,True
385,207,24229,2019-01-01,Credit,5800,True,2019,Debit,True
1583,1838,24242,2020-02-01,Debit,1990,False,2020,Debit,False
5002,798,24058,2004-10-01,Credit,13900,True,2004,Debit,True
2833,798,24029,2002-05-01,Credit,19700,True,2002,Debit,True
5870,798,24084,2006-12-01,Debit,29740,True,2006,Debit,True
963,798,23978,1998-02-01,Debit,30039,False,1998,Debit,True
2693,1207,24148,2012-04-01,Credit,16800,True,2012,Premium credit,True
6056,1207,24144,2011-12-01,Debit,17010,True,2011,Premium credit,True
5805,1207,24060,2004-12-01,Credit,22800,False,2004,Premium credit,True
3138,1012,24161,2013-05-01,Debit,21086,False,2013,Debit,True
3580,1012,24174,2014-06-01,Debit,14531,True,2014,Debit,True
4896,844,24201,2016-09-01,Credit,8900,True,2016,Premium credit,True
3445,844,24114,2009-06-01,Credit,10000,False,2009,Premium credit,True
5234,334,24142,2011-10-01,Debit,14227,True,2011,Core credit,True
5595,334,24131,2010-11-01,Credit,11200,True,2010,Core credit,True
2522,334,24088,2007-04-01,Credit,9500,False,2007,Core credit,True
813,815,24241,2020-01-01,Credit,5200,True,2020,Prepaid,False
1393,815,24230,2019-02-01,Debit (Prepaid),111,False,2019,Prepaid,False
5964,1100,24120,2009-12-01,Debit,14532,True,2009,Debit,True
5079,1100,24094,2007-10-01,Debit,30044,False,2007,Debit,True
559,407,24241,2020-01-01,Debit,21749,False,2020,Premium credit,False
1406,407,24242,2020-02-01,Credit,15800,True,2020,Premium credit,False
560,407,24241,2020-01-01,Debit (Prepaid),22,False,2020,Premium credit,False
428,407,24241,2020-01-01,Credit,14300,False,2020,Premium credit,False
5780,1244,24036,2002-12-01,Debit,14270,False,2002,Debit,False
5885,1740,24096,2007-12-01,Debit,23189,False,2007,Debit,True
2382,1740,24231,2019-03-01,Debit,20612,True,2019,Debit,True
1584,1740,24242,2020-02-01,Debit,22424,True,2020,Debit,True
5338,1740,24238,2019-10-01,Debit,17748,True,2019,Debit,True
4248,1754,24104,2008-08-01,Debit,3039,False,2008,Debit,False
2898,1184,24077,2006-05-01,Debit,39751,False,2006,Debit,True
6107,1184,24192,2015-12-01,Debit,27876,True,2015,Debit,True
4202,1184,24092,2007-08-01,Debit,21743,True,2007,Debit,True
4897,1184,24201,2016-09-01,Debit,21120,True,2016,Debit,True
3932,1184,24127,2010-07-01,Debit,29828,True,2010,Debit,True
1585,1440,24242,2020-02-01,Debit,9740,False,2020,Debit,False
2104,200,24075,2006-03-01,Credit,14600,True,2006,Core credit,True
2875,200,24065,2005-05-01,Credit,1400,False,2005,Core credit,True
1339,200,24170,2014-02-01,Debit,18552,True,2014,Core credit,True
3970,1446,24139,2011-07-01,Debit,14624,False,2011,Debit,True
3160,1446,24185,2015-05-01,Credit,2600,True,2015,Debit,True
1857,1446,24242,2020-02-01,Debit (Prepaid),84,True,2020,Debit,True
3181,1446,24197,2016-05-01,Debit,9915,True,2016,Debit,True
2002,1263,23919,1993-03-01,Debit,9094,False,1993,Debit,True
140,1263,24085,2007-01-01,Debit,16513,True,2007,Debit,True
1445,1263,24242,2020-02-01,Credit,8700,True,2020,Debit,True
1586,1483,24242,2020-02-01,Debit,19952,True,2020,Debit,False
814,1483,24241,2020-01-01,Debit,17804,False,2020,Debit,False
561,1085,24241,2020-01-01,Debit,33150,True,2020,Prepaid,False
1587,1085,24242,2020-02-01,Debit (Prepaid),57,True,2020,Prepaid,False
5235,1085,24142,2011-10-01,Debit (Prepaid),55,False,2011,Prepaid,False
1588,1961,24242,2020-02-01,Debit,8668,False,2020,Premium credit,False
1589,1961,24242,2020-02-01,Credit,10200,False,2020,Premium credit,False
5859,776,24084,2006-12-01,Debit,48344,False,2006,Debit,True
3105,776,24137,2011-05-01,Debit,25020,True,2011,Debit,True
354,890,24193,2016-01-01,Debit,19573,True,2016,Premium credit,True
5799,890,24048,2003-12-01,Credit,16500,False,2003,Premium credit,True
1135,1445,24098,2008-02-01,Credit,11000,True,2008,Premium credit,True
5753,1445,23976,1997-12-01,Credit,10200,False,1997,Premium credit,True
3722,1445,24055,2004-07-01,Credit,12800,True,2004,Premium credit,True
4716,1445,24117,2009-09-01,Debit,14029,True,2009,Premium credit,True
2899,1445,24077,2006-05-01,Debit,11641,True,2006,Premium credit,True
562,74,24241,2020-01-01,Debit,15568,True,2020,Debit,True
4027,74,24175,2014-07-01,Debit,19746,True,2014,Debit,True
1307,74,24146,2012-02-01,Debit,17682,False,2012,Debit,True
815,1216,24241,2020-01-01,Debit,19893,False,2020,Core credit,False
1858,1216,24242,2020-02-01,Debit (Prepaid),69,True,2020,Core credit,False
1590,1216,24242,2020-02-01,Debit,21800,True,2020,Core credit,False
1859,1216,24242,2020-02-01,Debit,24759,True,2020,Core credit,False
816,1216,24241,2020-01-01,Debit,644,False,2020,Core credit,False
817,1216,24241,2020-01-01,Credit,6100,False,2020,Core credit,False
4060,797,24211,2017-07-01,Credit,4400,True,2017,Debit,True
4095,797,23996,1999-08-01,Debit,34886,False,1999,Debit,True
350,797,24181,2015-01-01,Debit,20779,True,2015,Debit,True
818,797,24241,2020-01-01,Debit,32922,True,2020,Debit,True
3127,797,24149,2012-05-01,Debit,42491,True,2012,Debit,True
4391,797,24152,2012-08-01,Debit,24550,True,2012,Debit,True
2839,797,24041,2003-05-01,Debit,36309,True,2003,Debit,True
5339,797,24238,2019-10-01,Debit,27817,True,2019,Debit,True
5428,797,24071,2005-11-01,Debit,28912,True,2005,Debit,True
429,610,24241,2020-01-01,Credit,4500,False,2020,Premium credit,False
819,610,24241,2020-01-01,Credit,17500,False,2020,Premium credit,False
820,610,24241,2020-01-01,Credit,19100,False,2020,Premium credit,False
398,610,24241,2020-01-01,Credit,15100,False,2020,Premium credit,False
4968,1917,24034,2002-10-01,Debit (Prepaid),66,False,2002,Prepaid,True
5556,1917,24119,2009-11-01,Credit,13000,True,2009,Prepaid,True
2129,1917,24075,2006-03-01,Debit,20428,True,2006,Prepaid,True
5803,1917,24060,2004-12-01,Credit,8600,True,2004,Prepaid,True
1860,975,24242,2020-02-01,Debit,7225,False,2020,Debit,False
1591,975,24242,2020-02-01,Debit (Prepaid),104,False,2020,Debit,False
1340,109,24170,2014-02-01,Debit,27762,False,2014,Debit,False
1861,109,24242,2020-02-01,Credit,9300,True,2020,Debit,False
4076,547,24235,2019-07-01,Debit (Prepaid),104,True,2019,Debit,True
4461,547,24212,2017-08-01,Debit,16102,True,2017,Debit,True
5298,547,24178,2014-10-01,Debit,14995,True,2014,Debit,True
5526,547,24107,2008-11-01,Debit,20998,False,2008,Debit,True
1592,347,24242,2020-02-01,Debit,17846,True,2020,Core credit,False
2751,347,24184,2015-04-01,Credit,6100,False,2015,Core credit,False
821,347,24241,2020-01-01,Debit,22077,True,2020,Core credit,False
4489,201,23949,1995-09-01,Credit,6900,False,1995,Core credit,True
5236,201,24142,2011-10-01,Debit,11679,True,2011,Core credit,True
2494,201,24064,2005-04-01,Credit,10100,True,2005,Core credit,True
822,1368,24241,2020-01-01,Credit,13400,True,2020,Debit,False
4772,1368,24129,2010-09-01,Debit,21792,False,2010,Debit,False
563,1547,24241,2020-01-01,Debit,18856,True,2020,Prepaid,False
3630,1547,24222,2018-06-01,Debit (Prepaid),77,False,2018,Prepaid,False
2531,1812,24088,2007-04-01,Debit,33557,False,2007,Debit,True
564,1812,24241,2020-01-01,Debit (Prepaid),19,True,2020,Debit,True
6068,1379,24156,2012-12-01,Debit,18784,True,2012,Debit,True
2604,1379,24112,2009-04-01,Debit,16668,False,2009,Debit,True
4796,1379,24129,2010-09-01,Credit,10300,True,2010,Debit,True
5215,1379,24130,2010-10-01,Debit,12460,True,2010,Debit,True
2780,82,24220,2018-04-01,Debit (Prepaid),78,False,2018,Prepaid,False
2900,1053,24077,2006-05-01,Credit,9200,False,2006,Core credit,True
2311,1053,24159,2013-03-01,Debit,21166,True,2013,Core credit,True
3771,1053,24079,2006-07-01,Debit (Prepaid),61,True,2006,Core credit,True
1862,1893,24242,2020-02-01,Credit,7600,False,2020,Core credit,False
1863,955,24242,2020-02-01,Credit,1100,True,2020,Debit,True
565,955,24241,2020-01-01,Debit,20576,True,2020,Debit,True
5723,955,24203,2016-11-01,Debit,13254,True,2016,Debit,True
1366,955,24194,2016-02-01,Debit,12887,False,2016,Debit,True
1367,856,24194,2016-02-01,Credit,26800,True,2016,Debit,True
4851,856,24165,2013-09-01,Debit,62861,True,2013,Debit,True
1285,856,24134,2011-02-01,Debit,61399,False,2011,Debit,True
2880,1361,24065,2005-05-01,Debit,1513,True,2005,Debit,True
4950,1361,24022,2001-10-01,Debit,14767,False,2001,Debit,True
2706,261,24148,2012-04-01,Debit,23781,True,2012,Premium credit,True
2589,261,24100,2008-04-01,Debit,26891,True,2008,Premium credit,True
6129,261,24204,2016-12-01,Debit,32285,True,2016,Premium credit,True
6076,261,24156,2012-12-01,Debit,30650,True,2012,Premium credit,True
30,261,24025,2002-01-01,Credit,14200,False,2002,Premium credit,True
4852,64,24165,2013-09-01,Debit,17612,True,2013,Premium credit,True
5429,64,24071,2005-11-01,Credit,12200,False,2005,Premium credit,True
823,1864,24241,2020-01-01,Debit,33306,False,2020,Debit,False
1864,1768,24242,2020-02-01,Debit,14149,False,2020,Debit,False
1341,1151,24170,2014-02-01,Debit,429,True,2014,Core credit,True
5006,1151,24058,2004-10-01,Credit,100,False,2004,Core credit,True
2983,1151,24101,2008-05-01,Debit,495,True,2008,Core credit,True
5279,356,24166,2013-10-01,Debit,18395,True,2013,Debit,True
5605,356,24131,2010-11-01,Debit,21808,True,2010,Debit,True
3132,356,24161,2013-05-01,Debit,39192,True,2013,Debit,True
3251,356,24042,2003-06-01,Debit,14100,False,2003,Debit,True
2312,356,24159,2013-03-01,Debit,15771,True,2013,Debit,True
3018,1393,24113,2009-05-01,Debit,8845,False,2009,Debit,True
1865,1393,24242,2020-02-01,Credit,10000,True,2020,Debit,True
824,865,24241,2020-01-01,Credit,4000,True,2020,Core credit,True
4028,865,24175,2014-07-01,Debit,27832,True,2014,Core credit,True
3832,865,24103,2008-07-01,Credit,9200,False,2008,Core credit,True
4356,865,24140,2011-08-01,Credit,2000,True,2011,Core credit,True
5237,865,24142,2011-10-01,Debit,24546,True,2011,Core credit,True
566,1914,24241,2020-01-01,Credit,10400,False,2020,Premium credit,False
2368,1641,24207,2017-03-01,Credit,1900,False,2017,Core credit,False
825,707,24241,2020-01-01,Debit,1862,False,2020,Debit,False
4327,3,24128,2010-08-01,Debit (Prepaid),80,True,2010,Prepaid,True
2157,3,24087,2007-03-01,Debit (Prepaid),65,False,2007,Prepaid,True
4835,3,24153,2012-09-01,Debit (Prepaid),62,True,2012,Prepaid,True
3597,3,24186,2015-06-01,Debit,13515,True,2015,Prepaid,True
3787,754,24079,2006-07-01,Debit,6138,True,2006,Debit,True
5380,754,24035,2002-11-01,Debit,8048,False,2002,Debit,True
4122,754,24044,2003-08-01,Debit,2898,True,2003,Debit,True
6002,754,24132,2010-12-01,Debit,9,True,2010,Debit,True
2219,754,24111,2009-03-01,Debit,4260,True,2009,Debit,True
5450,754,24083,2006-11-01,Credit,10100,True,2006,Debit,True
3423,148,24114,2009-06-01,Debit,17471,True,2009,Premium credit,True
2144,148,24087,2007-03-01,Debit,14054,True,2007,Premium credit,True
4288,148,24116,2009-08-01,Credit,7600,True,2009,Premium credit,True
5851,148,24084,2006-12-01,Credit,17400,False,2006,Premium credit,True
5585,148,24119,2009-11-01,Debit,10077,True,2009,Premium credit,True
2376,127,24219,2018-03-01,Debit,10702,True,2018,Premium credit,True
988,127,24014,2001-02-01,Credit,10600,False,2001,Premium credit,True
1086,127,24074,2006-02-01,Debit,9180,True,2006,Premium credit,True
4692,1675,24105,2008-09-01,Debit,20074,False,2008,Debit,True
3473,1675,24126,2010-06-01,Debit,33746,True,2010,Debit,True
2372,1675,24219,2018-03-01,Debit,37722,True,2018,Debit,True
1355,747,24182,2015-02-01,Credit,6100,True,2015,Debit,True
2287,747,24135,2011-03-01,Debit,21952,True,2011,Debit,True
2549,747,24088,2007-04-01,Debit,18217,False,2007,Debit,True
3119,747,24149,2012-05-01,Debit,16565,True,2012,Debit,True
2116,1942,24075,2006-03-01,Debit (Prepaid),81,True,2006,Debit,True
246,1942,24121,2010-01-01,Debit (Prepaid),11,True,2010,Debit,True
5781,1942,24036,2002-12-01,Debit,0,False,2002,Debit,True
6086,452,24168,2013-12-01,Debit (Prepaid),57,True,2013,Debit,True
5700,452,24179,2014-11-01,Debit,24274,True,2014,Debit,True
4249,452,24104,2008-08-01,Debit,33166,False,2008,Debit,True
1866,452,24242,2020-02-01,Debit,21820,True,2020,Debit,True
4451,452,24188,2015-08-01,Debit,19264,True,2015,Debit,True
1867,1157,24242,2020-02-01,Debit (Prepaid),77,False,2020,Prepaid,False
4250,1534,24104,2008-08-01,Debit,26136,False,2008,Debit,True
6102,1534,24180,2014-12-01,Debit,27771,True,2014,Debit,True
2947,1086,24089,2007-05-01,Debit,17117,False,2007,Debit,True
5301,1086,24190,2015-10-01,Credit,5400,True,2015,Debit,True
567,1984,24241,2020-01-01,Debit,674,False,2020,Debit,False
4910,835,24213,2017-09-01,Debit (Prepaid),58,True,2017,Debit,False
2334,835,24171,2014-03-01,Debit,15851,True,2014,Debit,False
2288,835,24135,2011-03-01,Credit,11000,True,2011,Debit,False
4773,835,24129,2010-09-01,Debit,16377,False,2010,Debit,False
5115,758,24106,2008-10-01,Debit,19127,True,2008,Core credit,True
2662,758,24124,2010-04-01,Credit,9200,True,2010,Core credit,True
2181,758,24099,2008-03-01,Debit,5553,True,2008,Core credit,True
5931,758,24108,2008-12-01,Debit (Prepaid),75,True,2008,Core credit,True
5360,758,23999,1999-11-01,Credit,7900,False,1999,Core credit,True
1868,1795,24242,2020-02-01,Debit,19250,True,2020,Core credit,False
1869,1795,24242,2020-02-01,Debit (Prepaid),96,True,2020,Core credit,False
1593,1795,24242,2020-02-01,Debit,5895,True,2020,Core credit,False
1594,1795,24242,2020-02-01,Debit,18891,True,2020,Core credit,False
399,1795,24241,2020-01-01,Credit,1700,False,2020,Core credit,False
1595,1795,24242,2020-02-01,Credit,12700,True,2020,Core credit,False
355,1221,24193,2016-01-01,Debit,14892,True,2016,Core credit,True
4561,1221,24057,2004-09-01,Credit,8500,False,2004,Core credit,True
4774,1221,24129,2010-09-01,Credit,8500,True,2010,Core credit,True
4693,1221,24105,2008-09-01,Credit,7400,True,2008,Core credit,True
568,1821,24241,2020-01-01,Debit,18048,False,2020,Debit,False
1870,1821,24242,2020-02-01,Credit,12500,True,2020,Debit,False
826,1821,24241,2020-01-01,Debit,12838,False,2020,Debit,False
3281,1248,24054,2004-06-01,Debit,14725,True,2004,Core credit,True
5787,1248,24048,2003-12-01,Credit,9600,False,2003,Core credit,True
5320,1248,24214,2017-10-01,Credit,11000,True,2017,Core credit,True
3654,1900,23995,1999-07-01,Debit,5616,False,1999,Debit,False
4117,597,24044,2003-08-01,Credit,30400,True,2003,Debit,True
4540,597,24045,2003-09-01,Debit,76343,True,2003,Debit,True
2532,597,24088,2007-04-01,Debit,46070,True,2007,Debit,True
5022,597,24070,2005-10-01,Credit,14900,True,2005,Debit,True
3414,597,24114,2009-06-01,Credit,27500,True,2009,Debit,True
5346,597,23915,1992-11-01,Debit,3134,False,1992,Debit,True
1596,1620,24242,2020-02-01,Debit (Prepaid),92,False,2020,Premium credit,False
1871,1620,24242,2020-02-01,Credit,10600,False,2020,Premium credit,False
1872,1620,24242,2020-02-01,Debit,13588,False,2020,Premium credit,False
3518,1213,24138,2011-06-01,Debit (Prepaid),67,True,2011,Premium credit,True
3106,1213,24137,2011-05-01,Debit,13905,True,2011,Premium credit,True
3270,1213,24054,2004-06-01,Credit,12300,False,2004,Premium credit,True
5648,619,24143,2011-11-01,Debit,23220,True,2011,Debit,True
3348,619,24090,2007-06-01,Debit,33319,True,2007,Debit,True
5,619,23965,1997-01-01,Debit,21883,False,1997,Debit,True
4519,619,24033,2002-09-01,Debit,39606,True,2002,Debit,True
1394,1043,24230,2019-02-01,Credit,15500,False,2019,Premium credit,False
1873,1043,24242,2020-02-01,Credit,20800,True,2020,Premium credit,False
4717,394,24117,2009-09-01,Debit,23310,False,2009,Debit,True
6057,394,24144,2011-12-01,Debit,22015,True,2011,Debit,True
2663,394,24124,2010-04-01,Debit,23884,True,2010,Debit,True
4341,394,24128,2010-08-01,Debit,25808,True,2010,Debit,True
1874,1376,24242,2020-02-01,Credit,4500,True,2020,Premium credit,True
4871,1376,24177,2014-09-01,Debit,26531,True,2014,Premium credit,True
3532,1376,24138,2011-06-01,Debit,22641,True,2011,Premium credit,True
2182,1376,24099,2008-03-01,Credit,13100,False,2008,Premium credit,True
1875,834,24242,2020-02-01,Credit,7800,True,2020,Core credit,False
1876,834,24242,2020-02-01,Debit,6407,True,2020,Core credit,False
1407,834,24242,2020-02-01,Credit,7200,True,2020,Core credit,False
827,834,24241,2020-01-01,Credit,6500,False,2020,Core credit,False
1877,834,24242,2020-02-01,Debit (Prepaid),91,True,2020,Core credit,False
1878,834,24242,2020-02-01,Credit,1200,True,2020,Core credit,False
160,837,24097,2008-01-01,Credit,6700,False,2008,Core credit,True
2457,1257,24052,2004-04-01,Debit,11102,False,2004,Debit,True
2605,1257,24112,2009-04-01,Debit (Prepaid),91,True,2009,Debit,True
5071,1257,24094,2007-10-01,Credit,8100,True,2007,Debit,True
4087,1966,23972,1997-08-01,Debit,22679,False,1997,Debit,True
2643,1966,24124,2010-04-01,Debit,13326,True,2010,Debit,True
6029,1966,24132,2010-12-01,Debit,13778,True,2010,Debit,True
4737,1966,24117,2009-09-01,Credit,10400,True,2009,Debit,True
5649,358,24143,2011-11-01,Debit,6863,True,2011,Debit,False
1212,358,24122,2010-02-01,Debit,16633,False,2010,Debit,False
3845,912,24103,2008-07-01,Debit,29391,True,2008,Premium credit,True
4197,912,24092,2007-08-01,Credit,19000,False,2007,Premium credit,True
5650,605,24143,2011-11-01,Debit,14541,True,2011,Debit,True
212,605,24109,2009-01-01,Credit,13500,True,2009,Debit,True
5061,605,24082,2006-10-01,Debit,1484,False,2006,Debit,True
5289,1362,24178,2014-10-01,Debit,31192,True,2014,Premium credit,True
0,1362,23893,1991-01-01,Credit,33900,False,1991,Premium credit,True
2274,1362,24135,2011-03-01,Debit (Prepaid),44,True,2011,Premium credit,True
2145,1362,24087,2007-03-01,Debit,29708,True,2007,Premium credit,True
2965,1513,24101,2008-05-01,Credit,27200,False,2008,Premium credit,True
3933,1513,24127,2010-07-01,Debit,36344,True,2010,Premium credit,True
3546,1513,24150,2012-06-01,Credit,8900,True,2012,Premium credit,True
5886,1521,24096,2007-12-01,Debit,1236,True,2007,Core credit,True
2495,1521,24064,2005-04-01,Debit,11037,True,2005,Core credit,True
1066,1521,24062,2005-02-01,Credit,5000,False,2005,Core credit,True
5887,564,24096,2007-12-01,Credit,9700,False,2007,Core credit,True
3547,564,24150,2012-06-01,Debit,14179,True,2012,Core credit,True
2606,1309,24112,2009-04-01,Debit,25021,False,2009,Debit,False
828,1583,24241,2020-01-01,Debit,33605,True,2020,Prepaid,True
3385,1583,24102,2008-06-01,Debit (Prepaid),63,False,2008,Prepaid,True
5724,1583,24203,2016-11-01,Debit (Prepaid),84,True,2016,Prepaid,True
4694,1885,24105,2008-09-01,Debit,18733,True,2008,Prepaid,True
4951,1885,24022,2001-10-01,Debit (Prepaid),38,False,2001,Prepaid,True
3424,1885,24114,2009-06-01,Debit,21895,True,2009,Prepaid,True
2435,1885,24028,2002-04-01,Credit,8700,True,2002,Prepaid,True
2046,1566,24039,2003-03-01,Debit,16050,False,2003,Debit,False
5832,1566,24072,2005-12-01,Debit,17257,True,2005,Debit,False
5546,1566,24107,2008-11-01,Debit,20573,True,2008,Debit,False
2383,401,24231,2019-03-01,Debit,18829,True,2019,Debit,True
5628,401,24131,2010-11-01,Debit,16619,True,2010,Debit,True
5643,401,24143,2011-11-01,Credit,9700,True,2011,Debit,True
4924,401,24237,2019-09-01,Credit,2200,True,2019,Debit,True
3004,401,24113,2009-05-01,Debit,17691,False,2009,Debit,True
1597,401,24242,2020-02-01,Debit,11910,True,2020,Debit,True
3035,401,24125,2010-05-01,Credit,11000,True,2010,Debit,True
6030,15,24132,2010-12-01,Debit,13971,True,2010,Core credit,False
4988,15,24046,2003-10-01,Credit,7100,False,2003,Core credit,False
3182,15,24197,2016-05-01,Credit,0,True,2016,Core credit,False
829,1666,24241,2020-01-01,Credit,5800,True,2020,Debit,True
2533,1666,24088,2007-04-01,Credit,12700,True,2007,Debit,True
178,1666,24097,2008-01-01,Debit,17405,True,2008,Debit,True
993,1666,24014,2001-02-01,Debit,9418,False,2001,Debit,True
1598,509,24242,2020-02-01,Credit,9900,True,2020,Debit,True
3446,509,24114,2009-06-01,Debit,25292,True,2009,Debit,True
4588,509,24069,2005-09-01,Debit,12721,False,2005,Debit,True
569,509,24241,2020-01-01,Debit,13218,True,2020,Debit,True
2644,954,24124,2010-04-01,Debit,18320,True,2010,Debit,True
2220,954,24111,2009-03-01,Debit,20270,False,2009,Debit,True
4416,954,24164,2013-08-01,Debit,18254,True,2013,Debit,True
5586,954,24119,2009-11-01,Debit,24104,True,2009,Debit,True
3548,832,24150,2012-06-01,Credit,10900,True,2012,Debit,True
2948,832,24089,2007-05-01,Debit,23260,False,2007,Debit,True
3107,832,24137,2011-05-01,Debit,20776,True,2011,Debit,True
570,832,24241,2020-01-01,Debit,15741,True,2020,Debit,True
2362,1046,24207,2017-03-01,Credit,7300,True,2017,Core credit,True
6,1046,23977,1998-01-01,Credit,9400,False,1998,Core credit,True
3259,1046,24042,2003-06-01,Debit,10124,True,2003,Core credit,True
9,1046,23989,1999-01-01,Credit,13000,True,1999,Core credit,True
4520,630,24033,2002-09-01,Debit,18060,False,2002,Debit,True
2059,630,24051,2004-03-01,Debit,7546,True,2004,Debit,True
5629,630,24131,2010-11-01,Debit,9062,True,2010,Debit,True
3386,1561,24102,2008-06-01,Credit,17900,True,2008,Debit,True
1025,1561,24038,2003-02-01,Debit,33822,True,2003,Debit,True
2966,1561,24101,2008-05-01,Debit,30909,True,2008,Debit,True
5353,1561,23975,1997-11-01,Debit,2722,False,1997,Debit,True
2377,1548,24219,2018-03-01,Debit,28762,True,2018,Prepaid,False
5764,1548,24012,2000-12-01,Debit (Prepaid),67,False,2000,Prepaid,False
4406,1548,24164,2013-08-01,Debit,44345,True,2013,Prepaid,False
2901,221,24077,2006-05-01,Debit,2209,True,2006,Debit,False
2444,221,24040,2003-04-01,Debit,24582,False,2003,Debit,False
4589,221,24069,2005-09-01,Debit,1017,True,2005,Debit,False
1049,221,24062,2005-02-01,Debit,11625,True,2005,Debit,False
1599,1991,24242,2020-02-01,Debit,17882,False,2020,Debit,False
1331,1328,24158,2013-02-01,Credit,1000,False,2013,Core credit,False
1879,1328,24242,2020-02-01,Debit,37491,True,2020,Core credit,False
2158,1901,24087,2007-03-01,Debit (Prepaid),59,False,2007,Prepaid,True
3846,1901,24103,2008-07-01,Debit,6384,True,2008,Prepaid,True
3887,1901,24115,2009-07-01,Debit (Prepaid),24,True,2009,Prepaid,True
5357,665,23999,1999-11-01,Debit,11994,True,1999,Debit,True
3652,665,23983,1998-07-01,Debit,8747,True,1998,Debit,True
5073,665,24094,2007-10-01,Credit,9500,True,2007,Debit,True
5193,665,24130,2010-10-01,Debit,1264,True,2010,Debit,True
3402,665,24102,2008-06-01,Debit,7233,True,2008,Debit,True
2798,665,23981,1998-05-01,Debit,1264,False,1998,Debit,True
3217,665,24006,2000-06-01,Debit,15007,True,2000,Debit,True
968,665,23990,1999-02-01,Debit,13529,True,1999,Debit,True
1213,442,24122,2010-02-01,Debit,25209,True,2010,Debit,True
141,442,24085,2007-01-01,Debit,34063,True,2007,Debit,True
2117,442,24075,2006-03-01,Debit,31307,True,2006,Debit,True
112,442,24073,2006-01-01,Debit,40384,False,2006,Debit,True
2346,442,24183,2015-03-01,Debit,19525,True,2015,Debit,True
4572,1626,24069,2005-09-01,Credit,7200,False,2005,Core credit,True
1600,1539,24242,2020-02-01,Credit,6200,True,2020,Premium credit,False
3847,1539,24103,2008-07-01,Credit,21700,False,2008,Premium credit,False
4203,601,24092,2007-08-01,Credit,7100,True,2007,Premium credit,True
2300,601,24147,2012-03-01,Credit,6700,True,2012,Premium credit,True
3674,601,24031,2002-07-01,Debit (Prepaid),68,True,2002,Premium credit,True
5760,601,24000,1999-12-01,Credit,10800,False,1999,Premium credit,True
3681,601,24031,2002-07-01,Debit,9952,True,2002,Premium credit,True
2347,601,24183,2015-03-01,Credit,5400,True,2015,Premium credit,True
2840,541,24041,2003-05-01,Credit,12200,False,2003,Premium credit,False
5516,210,24107,2008-11-01,Credit,3700,False,2008,Core credit,False
3053,206,24125,2010-05-01,Credit,11300,False,2010,Premium credit,True
1601,206,24242,2020-02-01,Debit,18510,True,2020,Premium credit,True
1602,926,24242,2020-02-01,Debit,2070,False,2020,Debit,False
1603,115,24242,2020-02-01,Debit,55750,True,2020,Debit,True
38,115,24037,2003-01-01,Credit,20300,True,2003,Debit,True
4590,115,24069,2005-09-01,Debit (Prepaid),52,True,2005,Debit,True
19,115,24013,2001-01-01,Debit,46184,False,2001,Debit,True
4927,115,24237,2019-09-01,Credit,13200,True,2019,Debit,True
5704,115,24179,2014-11-01,Debit,34284,True,2014,Debit,True
3934,1779,24127,2010-07-01,Debit,9257,True,2010,Debit,True
1214,1779,24122,2010-02-01,Debit,7623,False,2010,Debit,True
4029,248,24175,2014-07-01,Debit,9741,True,2014,Debit,True
4932,248,23986,1998-10-01,Debit,11749,False,1998,Debit,True
99,248,24073,2006-01-01,Debit,12257,True,2006,Debit,True
1030,248,24050,2004-02-01,Debit,10792,True,2004,Debit,True
3130,1003,24161,2013-05-01,Credit,21000,False,2013,Premium credit,True
1604,294,24242,2020-02-01,Debit,20362,False,2020,Debit,False
3557,118,24150,2012-06-01,Debit,20653,True,2012,Core credit,True
2792,118,23969,1997-05-01,Credit,6700,False,1997,Core credit,True
3848,118,24103,2008-07-01,Debit,2629,True,2008,Core credit,True
1605,292,24242,2020-02-01,Debit,21686,False,2020,Debit,False
4943,755,24010,2000-10-01,Debit,13979,False,2000,Debit,True
2206,755,24099,2008-03-01,Debit,15459,True,2008,Debit,True
4797,755,24129,2010-09-01,Debit,10756,True,2010,Debit,True
2757,755,24196,2016-04-01,Credit,4900,True,2016,Debit,True
2321,755,24159,2013-03-01,Debit,11869,True,2013,Debit,True
1880,1878,24242,2020-02-01,Debit,11029,False,2020,Debit,False
4958,1432,24022,2001-10-01,Debit,32043,True,2001,Premium credit,True
4929,1432,23962,1996-10-01,Credit,19400,False,1996,Premium credit,True
1192,1432,24110,2009-02-01,Credit,15900,True,2009,Premium credit,True
2726,1432,24172,2014-04-01,Debit,25740,True,2014,Premium credit,True
4576,456,24069,2005-09-01,Debit,12594,True,2005,Core credit,True
2800,456,23981,1998-05-01,Credit,5800,False,1998,Core credit,True
5811,456,24060,2004-12-01,Debit,14824,True,2004,Core credit,True
4603,623,24081,2006-09-01,Debit,14954,True,2006,Debit,True
2072,623,24051,2004-03-01,Debit,9146,False,2004,Debit,True
2130,623,24075,2006-03-01,Debit,31917,True,2006,Debit,True
571,1426,24241,2020-01-01,Credit,35500,False,2020,Premium credit,False
572,1426,24241,2020-01-01,Credit,17100,False,2020,Premium credit,False
5381,47,24035,2002-11-01,Debit,8636,True,2002,Debit,True
4952,47,24022,2001-10-01,Debit,3891,False,2001,Debit,True
5630,47,24131,2010-11-01,Debit (Prepaid),100,True,2010,Debit,True
5080,47,24094,2007-10-01,Credit,10500,True,2007,Debit,True
5876,760,24096,2007-12-01,Credit,9100,False,2007,Core credit,True
5670,760,24155,2012-11-01,Debit,17393,True,2012,Core credit,True
4379,760,24140,2011-08-01,Debit (Prepaid),59,True,2011,Core credit,True
2566,956,24100,2008-04-01,Debit,2355,False,2008,Debit,False
1606,956,24242,2020-02-01,Debit,29553,True,2020,Debit,False
4273,194,24104,2008-08-01,Credit,8300,True,2008,Debit,True
2401,194,23980,1998-04-01,Debit,14501,False,1998,Debit,True
5587,194,24119,2009-11-01,Debit,9080,True,2009,Debit,True
5062,194,24082,2006-10-01,Debit,1534,True,2006,Debit,True
1607,693,24242,2020-02-01,Debit,39114,True,2020,Debit,False
830,693,24241,2020-01-01,Debit,30298,False,2020,Debit,False
1881,1246,24242,2020-02-01,Credit,6600,True,2020,Debit,True
5812,1246,24060,2004-12-01,Debit,15087,False,2004,Debit,True
4810,1246,24141,2011-09-01,Debit,16257,True,2011,Debit,True
5023,1246,24070,2005-10-01,Credit,8500,True,2005,Debit,True
2774,641,24208,2017-04-01,Debit,18401,True,2017,Debit,True
4456,641,24200,2016-08-01,Debit,17946,True,2016,Debit,True
14,641,24001,2000-01-01,Debit,24819,False,2000,Debit,True
1193,641,24110,2009-02-01,Credit,11000,True,2009,Debit,True
4718,641,24117,2009-09-01,Debit,12275,True,2009,Debit,True
5151,641,24118,2009-10-01,Debit,22044,True,2009,Debit,True
3907,1060,24115,2009-07-01,Credit,10600,True,2009,Core credit,True
4291,1060,24116,2009-08-01,Debit (Prepaid),61,True,2009,Core credit,True
5216,1060,24130,2010-10-01,Debit,14114,True,2010,Core credit,True
5326,1060,24214,2017-10-01,Credit,6500,True,2017,Core credit,True
3849,1060,24103,2008-07-01,Credit,9400,False,2008,Core credit,True
831,1292,24241,2020-01-01,Debit,16369,False,2020,Debit,False
1882,1292,24242,2020-02-01,Credit,5900,True,2020,Debit,False
832,1113,24241,2020-01-01,Credit,9100,False,2020,Core credit,False
833,1113,24241,2020-01-01,Credit,4700,False,2020,Core credit,False
4631,245,24093,2007-09-01,Credit,8900,False,2007,Core credit,False
1883,245,24242,2020-02-01,Debit (Prepaid),94,True,2020,Core credit,False
4362,774,24140,2011-08-01,Debit,1669,True,2011,Debit,True
83,774,24061,2005-01-01,Debit,16717,False,2005,Debit,True
100,1822,24073,2006-01-01,Debit,14133,False,2006,Debit,False
3985,1822,24139,2011-07-01,Debit,13029,True,2011,Debit,False
1608,1822,24242,2020-02-01,Debit,11624,True,2020,Debit,False
4285,1822,24116,2009-08-01,Credit,5900,True,2009,Debit,False
2221,1822,24111,2009-03-01,Debit (Prepaid),10,True,2009,Debit,False
5888,1209,24096,2007-12-01,Debit,42074,True,2007,Debit,True
4573,1209,24069,2005-09-01,Credit,19400,True,2005,Debit,True
3362,1209,24090,2007-06-01,Debit,27091,True,2007,Debit,True
3387,1209,24102,2008-06-01,Debit (Prepaid),76,True,2008,Debit,True
3693,1209,24043,2003-07-01,Debit,16340,False,2003,Debit,True
4462,1209,24212,2017-08-01,Credit,4300,True,2017,Debit,True
2261,997,24123,2010-03-01,Credit,17100,True,2010,Core credit,True
6108,997,24192,2015-12-01,Debit (Prepaid),57,True,2015,Core credit,True
5046,997,24082,2006-10-01,Credit,11200,True,2006,Core credit,True
5825,997,24072,2005-12-01,Credit,5900,False,2005,Core credit,True
1446,1180,24242,2020-02-01,Credit,8200,True,2020,Premium credit,True
6041,1180,24144,2011-12-01,Credit,11200,False,2011,Premium credit,True
1609,1180,24242,2020-02-01,Debit,9641,True,2020,Premium credit,True
23,318,24013,2001-01-01,Credit,7500,True,2001,Debit,False
2928,318,24089,2007-05-01,Debit,9725,True,2007,Debit,False
2004,318,23967,1997-03-01,Debit,713,False,1997,Debit,False
3183,318,24197,2016-05-01,Credit,0,True,2016,Debit,False
5081,691,24094,2007-10-01,Debit,10824,False,2007,Debit,False
3157,1993,24173,2014-05-01,Debit,54768,True,2014,Premium credit,True
4176,1993,24080,2006-08-01,Debit,36982,True,2006,Premium credit,True
70,1993,24061,2005-01-01,Credit,19500,False,2005,Premium credit,True
5082,1993,24094,2007-10-01,Debit,43863,True,2007,Premium credit,True
5152,1993,24118,2009-10-01,Debit,27050,True,2009,Premium credit,True
4635,1993,24093,2007-09-01,Debit,33468,True,2007,Premium credit,True
3675,252,24031,2002-07-01,Credit,10700,False,2002,Premium credit,True
271,252,24133,2011-01-01,Debit (Prepaid),35,True,2011,Premium credit,True
5024,252,24070,2005-10-01,Debit,9358,True,2005,Premium credit,True
4577,252,24069,2005-09-01,Debit,13425,True,2005,Premium credit,True
5407,252,24059,2004-11-01,Debit,24213,True,2004,Premium credit,True
3788,252,24079,2006-07-01,Debit,14911,True,2006,Premium credit,True
4719,1757,24117,2009-09-01,Credit,10800,True,2009,Premium credit,True
142,1757,24085,2007-01-01,Credit,13200,False,2007,Premium credit,True
2685,1757,24136,2011-04-01,Debit,12628,True,2011,Premium credit,True
4820,1757,24141,2011-09-01,Debit,16642,True,2011,Premium credit,True
3054,1324,24125,2010-05-01,Debit,13013,True,2010,Premium credit,True
3314,1324,24078,2006-06-01,Credit,10400,True,2006,Premium credit,True
4959,1324,24022,2001-10-01,Credit,12500,False,2001,Premium credit,True
5889,1324,24096,2007-12-01,Debit,8889,True,2007,Premium credit,True
2102,1557,24075,2006-03-01,Credit,19000,True,2006,Debit,True
2471,1557,24052,2004-04-01,Debit,12370,False,2004,Debit,True
6098,1557,24180,2014-12-01,Credit,9000,True,2014,Debit,True
1610,1555,24242,2020-02-01,Debit,5284,True,2020,Prepaid,True
6042,1555,24144,2011-12-01,Debit (Prepaid),50,False,2011,Prepaid,True
3190,1555,24209,2017-05-01,Credit,2300,True,2017,Prepaid,True
1019,941,24038,2003-02-01,Debit,20022,False,2003,Debit,False
573,156,24241,2020-01-01,Debit,14820,True,2020,Core credit,True
5438,156,24071,2005-11-01,Credit,6900,False,2005,Core credit,True
1334,156,24170,2014-02-01,Credit,5200,True,2014,Core credit,True
4604,156,24081,2006-09-01,Debit (Prepaid),64,True,2006,Core credit,True
2827,24,24029,2002-05-01,Debit,8165,False,2002,Debit,True
1316,302,24158,2013-02-01,Debit,16799,False,2013,Debit,False
1408,302,24242,2020-02-01,Credit,13800,True,2020,Debit,False
1884,949,24242,2020-02-01,Debit,20826,True,2020,Debit,True
430,949,24241,2020-01-01,Credit,20700,True,2020,Debit,True
2249,949,24123,2010-03-01,Debit,15813,False,2010,Debit,True
574,949,24241,2020-01-01,Debit (Prepaid),41,True,2020,Debit,True
3549,949,24150,2012-06-01,Credit,8000,True,2012,Debit,True
3598,1281,24186,2015-06-01,Credit,6600,True,2015,Prepaid,True
4775,1281,24129,2010-09-01,Debit,15149,True,2010,Prepaid,True
3095,1281,24137,2011-05-01,Credit,10100,True,2011,Prepaid,True
2902,1281,24077,2006-05-01,Debit,14720,True,2006,Prepaid,True
5394,1281,24047,2003-11-01,Debit (Prepaid),28,False,2003,Prepaid,True
3589,1281,24186,2015-06-01,Credit,3600,True,2015,Prepaid,True
5116,1428,24106,2008-10-01,Debit (Prepaid),47,False,2008,Prepaid,True
3163,433,24185,2015-05-01,Debit,10179,True,2015,Debit,True
3868,433,24103,2008-07-01,Credit,10600,True,2008,Debit,True
2903,433,24077,2006-05-01,Debit,14716,False,2006,Debit,True
2370,433,24219,2018-03-01,Credit,12600,True,2018,Debit,True
4866,433,24165,2013-09-01,Debit (Prepaid),96,True,2013,Debit,True
5606,433,24131,2010-11-01,Debit (Prepaid),73,True,2010,Debit,True
4040,584,24187,2015-07-01,Credit,6500,True,2015,Debit,True
3878,584,24115,2009-07-01,Credit,9300,True,2009,Debit,True
51,584,24049,2004-01-01,Debit,8970,False,2004,Debit,True
5800,1832,24048,2003-12-01,Credit,11700,False,2003,Premium credit,False
5932,1832,24108,2008-12-01,Debit,2841,True,2008,Premium credit,False
4636,222,24093,2007-09-01,Debit,46621,True,2007,Debit,True
4619,222,24081,2006-09-01,Debit,62855,False,2006,Debit,True
4821,222,24141,2011-09-01,Debit,46521,True,2011,Debit,True
4562,648,24057,2004-09-01,Credit,4100,False,2004,Core credit,True
3474,648,24126,2010-06-01,Credit,9200,True,2010,Core credit,True
3888,648,24115,2009-07-01,Credit,2800,True,2009,Core credit,True
6135,1939,24228,2018-12-01,Credit,4200,False,2018,Core credit,False
575,722,24241,2020-01-01,Debit,21794,False,2020,Debit,False
4204,1889,24092,2007-08-01,Debit (Prepaid),58,True,2007,Debit,False
1176,1889,24110,2009-02-01,Credit,11400,True,2009,Debit,False
2618,1889,24112,2009-04-01,Debit,15781,True,2009,Debit,False
5416,1889,24059,2004-11-01,Debit,26906,False,2004,Debit,False
5890,1889,24096,2007-12-01,Debit,10228,True,2007,Debit,False
2694,1229,24148,2012-04-01,Debit (Prepaid),74,True,2012,Premium credit,True
2427,1229,24028,2002-04-01,Credit,12600,False,2002,Premium credit,True
3282,1229,24054,2004-06-01,Credit,7600,True,2004,Premium credit,True
5547,1229,24107,2008-11-01,Debit,33080,True,2008,Premium credit,True
386,1229,24229,2019-01-01,Debit,17954,True,2019,Premium credit,True
272,1229,24133,2011-01-01,Debit,19238,True,2011,Premium credit,True
5083,505,24094,2007-10-01,Debit,14912,False,2007,Debit,False
2222,505,24111,2009-03-01,Debit,5258,True,2009,Debit,False
5173,1083,24118,2009-10-01,Credit,11300,True,2009,Debit,True
3710,1083,24055,2004-07-01,Debit,24455,False,2004,Debit,True
5527,1083,24107,2008-11-01,Debit,463,True,2008,Debit,True
3447,1083,24114,2009-06-01,Debit,5511,True,2009,Debit,True
4448,1656,24188,2015-08-01,Debit,20097,False,2015,Debit,True
834,1656,24241,2020-01-01,Debit,14200,True,2020,Debit,True
1611,1656,24242,2020-02-01,Debit,16415,True,2020,Debit,True
1612,568,24242,2020-02-01,Debit,1926,False,2020,Debit,False
1050,1373,24062,2005-02-01,Credit,11000,False,2005,Premium credit,False
4074,1373,24235,2019-07-01,Credit,5700,True,2019,Premium credit,False
1194,667,24110,2009-02-01,Debit,26024,True,2009,Debit,True
5063,667,24082,2006-10-01,Debit,4599,True,2006,Debit,True
5408,667,24059,2004-11-01,Debit,8522,True,2004,Debit,True
4563,667,24057,2004-09-01,Debit,45854,False,2004,Debit,True
5891,667,24096,2007-12-01,Debit,38194,True,2007,Debit,True
2929,480,24089,2007-05-01,Debit,51051,True,2007,Premium credit,True
5409,480,24059,2004-11-01,Credit,30800,False,2004,Premium credit,True
4872,480,24177,2014-09-01,Credit,23400,True,2014,Premium credit,True
3388,480,24102,2008-06-01,Credit,24800,True,2008,Premium credit,True
5607,480,24131,2010-11-01,Debit (Prepaid),48,True,2010,Premium credit,True
4670,480,24105,2008-09-01,Credit,8700,True,2008,Premium credit,True
2764,569,24196,2016-04-01,Credit,5900,False,2016,Core credit,True
5608,1600,24131,2010-11-01,Debit,5059,True,2010,Debit,True
5050,1600,24082,2006-10-01,Debit,22446,False,2006,Debit,True
4251,1600,24104,2008-08-01,Debit,48754,True,2008,Debit,True
3498,1063,24126,2010-06-01,Credit,9300,True,2010,Debit,True
2015,1063,24003,2000-03-01,Debit,15265,False,2000,Debit,True
400,1063,24241,2020-01-01,Credit,12500,True,2020,Debit,True
5683,1063,24167,2013-11-01,Debit,28805,True,2013,Debit,True
1009,1063,24038,2003-02-01,Credit,9800,True,2003,Debit,True
3850,32,24103,2008-07-01,Credit,11600,True,2008,Debit,True
5382,32,24035,2002-11-01,Debit,26501,False,2002,Debit,True
3475,32,24126,2010-06-01,Debit,11121,True,2010,Debit,True
1087,32,24074,2006-02-01,Debit,2352,True,2006,Debit,True
576,1040,24241,2020-01-01,Debit,62317,False,2020,Premium credit,False
401,1040,24241,2020-01-01,Credit,16400,False,2020,Premium credit,False
4798,396,24129,2010-09-01,Debit (Prepaid),65,True,2010,Premium credit,False
2785,396,24220,2018-04-01,Debit (Prepaid),63,True,2018,Premium credit,False
4911,396,24213,2017-09-01,Debit (Prepaid),69,True,2017,Premium credit,False
5395,396,24047,2003-11-01,Credit,36900,False,2003,Premium credit,False
4300,396,24116,2009-08-01,Debit,10875,True,2009,Premium credit,False
999,1498,24026,2002-02-01,Debit (Prepaid),65,False,2002,Prepaid,True
3735,1498,24067,2005-07-01,Debit (Prepaid),76,True,2005,Prepaid,True
577,1498,24241,2020-01-01,Debit,15781,True,2020,Prepaid,True
2232,1498,24111,2009-03-01,Debit,22227,True,2009,Prepaid,True
1613,104,24242,2020-02-01,Debit,4924,True,2020,Core credit,True
3161,104,24185,2015-05-01,Credit,6300,True,2015,Core credit,True
4205,104,24092,2007-08-01,Credit,8000,False,2007,Core credit,True
835,1062,24241,2020-01-01,Debit,18432,True,2020,Debit,False
1390,1062,24230,2019-02-01,Debit (Prepaid),86,True,2019,Debit,False
4363,1062,24140,2011-08-01,Debit,11666,False,2011,Debit,False
1409,1845,24242,2020-02-01,Credit,22900,False,2020,Premium credit,False
5892,1657,24096,2007-12-01,Credit,7800,False,2007,Core credit,False
2183,1106,24099,2008-03-01,Debit,10462,False,2008,Debit,True
3964,1106,24139,2011-07-01,Credit,11000,True,2011,Debit,True
2335,1106,24171,2014-03-01,Debit,16927,True,2014,Debit,True
2550,1867,24088,2007-04-01,Debit (Prepaid),96,False,2007,Prepaid,False
5238,1045,24142,2011-10-01,Debit (Prepaid),95,False,2011,Prepaid,False
5462,1786,24083,2006-11-01,Credit,2400,True,2006,Debit,True
2250,1786,24123,2010-03-01,Debit,12127,True,2010,Debit,True
5463,1786,24083,2006-11-01,Credit,18400,True,2006,Debit,True
1000,1786,24026,2002-02-01,Debit,8273,False,2002,Debit,True
3789,1786,24079,2006-07-01,Debit,16641,True,2006,Debit,True
2392,1569,23920,1993-04-01,Credit,10300,False,1993,Premium credit,True
4109,1569,24032,2002-08-01,Debit,13841,True,2002,Premium credit,True
2458,1569,24052,2004-04-01,Debit,2054,True,2004,Premium credit,True
5098,1569,24094,2007-10-01,Credit,5100,True,2007,Premium credit,True
3519,899,24138,2011-06-01,Debit,22172,False,2011,Debit,False
2429,1595,24028,2002-04-01,Debit,17749,False,2002,Debit,True
2472,1595,24052,2004-04-01,Credit,12700,True,2004,Debit,True
1447,446,24242,2020-02-01,Credit,11100,False,2020,Premium credit,False
3581,53,24174,2014-06-01,Debit,16923,True,2014,Premium credit,True
3267,53,24054,2004-06-01,Credit,14800,False,2004,Premium credit,True
4620,53,24081,2006-09-01,Debit (Prepaid),49,True,2006,Premium credit,True
1410,1136,24242,2020-02-01,Credit,19000,False,2020,Premium credit,False
1614,1136,24242,2020-02-01,Debit,22067,False,2020,Premium credit,False
1885,1136,24242,2020-02-01,Credit,11500,False,2020,Premium credit,False
1159,551,24098,2008-02-01,Debit,19017,True,2008,Core credit,False
4637,551,24093,2007-09-01,Debit,13863,True,2007,Core credit,False
3341,551,24090,2007-06-01,Credit,400,False,2007,Core credit,False
2795,1491,23969,1997-05-01,Credit,5100,False,1997,Core credit,False
5410,1491,24059,2004-11-01,Debit,17620,True,2004,Core credit,False
5732,1491,24215,2017-11-01,Debit,23572,True,2017,Core credit,False
3019,1491,24113,2009-05-01,Debit,20773,True,2009,Core credit,False
1249,330,24122,2010-02-01,Debit,25124,False,2010,Debit,False
2402,392,23980,1998-04-01,Debit,19465,False,1998,Debit,False
4380,392,24140,2011-08-01,Credit,14100,True,2011,Debit,False
3307,392,24066,2005-06-01,Debit (Prepaid),32,True,2005,Debit,False
5153,1144,24118,2009-10-01,Debit,16109,True,2009,Debit,True
4172,1144,24080,2006-08-01,Credit,8100,True,2006,Debit,True
4141,1144,24056,2004-08-01,Debit,16454,False,2004,Debit,True
2223,1144,24111,2009-03-01,Credit,7300,True,2009,Debit,True
2459,1163,24052,2004-04-01,Debit (Prepaid),46,False,2004,Prepaid,True
2275,1163,24135,2011-03-01,Credit,22200,True,2011,Prepaid,True
4236,1163,24104,2008-08-01,Credit,26900,True,2008,Prepaid,True
5227,230,24142,2011-10-01,Credit,8700,True,2011,Core credit,True
5788,230,24048,2003-12-01,Credit,4000,False,2003,Core credit,True
5893,230,24096,2007-12-01,Credit,7200,True,2007,Core credit,True
5033,230,24070,2005-10-01,Debit,14362,True,2005,Core credit,True
1301,1066,24146,2012-02-01,Debit,20060,True,2012,Debit,True
1126,1066,24086,2007-02-01,Debit,17309,False,2007,Debit,True
2460,460,24052,2004-04-01,Debit,38354,True,2004,Debit,True
3805,460,24091,2007-07-01,Debit,49107,True,2007,Debit,True
5470,460,24083,2006-11-01,Debit,8468,True,2006,Debit,True
4534,460,24045,2003-09-01,Debit,28877,False,2003,Debit,True
5252,1661,24142,2011-10-01,Debit,33713,True,2011,Premium credit,False
5983,1661,24120,2009-12-01,Credit,25600,False,2009,Premium credit,False
5993,1926,24132,2010-12-01,Credit,9100,True,2010,Core credit,True
1160,1926,24098,2008-02-01,Debit,793,True,2008,Core credit,True
5439,1926,24071,2005-11-01,Credit,4200,False,2005,Core credit,True
2417,27,24016,2001-04-01,Credit,9900,False,2001,Core credit,True
5383,27,24035,2002-11-01,Debit,15082,True,2002,Core credit,True
2631,27,24124,2010-04-01,Credit,13100,True,2010,Core credit,True
5025,27,24070,2005-10-01,Debit,1385,True,2005,Core credit,True
1051,27,24062,2005-02-01,Debit,26506,True,2005,Core credit,True
3055,27,24125,2010-05-01,Debit,10488,True,2010,Core credit,True
578,27,24241,2020-01-01,Credit,7000,True,2020,Core credit,True
4035,27,24187,2015-07-01,Debit (Prepaid),61,True,2015,Core credit,True
4131,365,24056,2004-08-01,Debit,8923,False,2004,Debit,False
3191,50,24209,2017-05-01,Debit,29474,True,2017,Debit,True
5194,50,24130,2010-10-01,Debit,25612,True,2010,Debit,True
247,50,24121,2010-01-01,Credit,12700,True,2010,Debit,True
5471,50,24083,2006-11-01,Debit,9781,False,2006,Debit,True
1886,653,24242,2020-02-01,Credit,12900,False,2020,Premium credit,False
836,743,24241,2020-01-01,Debit,20582,True,2020,Debit,True
1026,743,24038,2003-02-01,Debit,9998,False,2003,Debit,True
1270,743,24134,2011-02-01,Debit,11664,True,2011,Debit,True
837,999,24241,2020-01-01,Debit,27813,False,2020,Premium credit,False
579,999,24241,2020-01-01,Credit,11700,False,2020,Premium credit,False
580,999,24241,2020-01-01,Debit,19286,False,2020,Premium credit,False
581,999,24241,2020-01-01,Debit,22868,False,2020,Premium credit,False
5396,940,24047,2003-11-01,Credit,15400,True,2003,Debit,True
273,940,24133,2011-01-01,Debit,26534,True,2011,Debit,True
3726,940,24067,2005-07-01,Credit,11100,True,2005,Debit,True
5117,940,24106,2008-10-01,Debit,7446,True,2008,Debit,True
2047,940,24039,2003-03-01,Debit,12607,False,2003,Debit,True
2224,940,24111,2009-03-01,Debit,1053,True,2009,Debit,True
3986,534,24139,2011-07-01,Debit,24424,False,2011,Debit,True
3645,534,24234,2019-06-01,Debit,22330,True,2019,Debit,True
336,534,24169,2014-01-01,Debit,32659,True,2014,Debit,True
1615,1460,24242,2020-02-01,Debit,8822,False,2020,Debit,False
1887,1460,24242,2020-02-01,Debit,3549,False,2020,Debit,False
4068,59,24223,2018-07-01,Debit,14939,True,2018,Core credit,True
1391,59,24230,2019-02-01,Debit (Prepaid),56,True,2019,Core credit,True
1001,59,24026,2002-02-01,Credit,8800,True,2002,Core credit,True
3658,59,24007,2000-07-01,Credit,9300,False,2000,Core credit,True
5195,59,24130,2010-10-01,Credit,6800,True,2010,Core credit,True
2087,59,24063,2005-03-01,Debit,12210,True,2005,Core credit,True
1145,59,24098,2008-02-01,Debit,6397,True,2008,Core credit,True
5084,1908,24094,2007-10-01,Debit (Prepaid),92,True,2007,Debit,True
2737,1908,24172,2014-04-01,Debit,23053,True,2014,Debit,True
5945,1908,24108,2008-12-01,Credit,14900,True,2008,Debit,True
2461,1908,24052,2004-04-01,Debit,27046,False,2004,Debit,True
4032,1908,24187,2015-07-01,Credit,2900,True,2015,Debit,True
582,1436,24241,2020-01-01,Debit,10427,False,2020,Debit,False
1616,1436,24242,2020-02-01,Debit,8163,True,2020,Debit,False
1888,1436,24242,2020-02-01,Debit,26599,True,2020,Debit,False
1617,1436,24242,2020-02-01,Credit,3600,True,2020,Debit,False
583,1230,24241,2020-01-01,Debit (Prepaid),68,False,2020,Prepaid,False
1618,324,24242,2020-02-01,Debit,37661,False,2020,Premium credit,False
1889,324,24242,2020-02-01,Credit,21400,False,2020,Premium credit,False
1619,324,24242,2020-02-01,Debit,31271,False,2020,Premium credit,False
5007,992,24058,2004-10-01,Credit,20800,True,2004,Premium credit,True
4511,992,24021,2001-09-01,Credit,9000,True,2001,Premium credit,True
4928,992,23962,1996-10-01,Credit,13100,False,1996,Premium credit,True
3108,992,24137,2011-05-01,Debit,23636,True,2011,Premium credit,True
3647,198,23983,1998-07-01,Credit,8200,False,1998,Core credit,True
305,198,24145,2012-01-01,Credit,6900,True,2012,Core credit,True
3177,198,24197,2016-05-01,Debit,13689,True,2016,Core credit,True
584,1017,24241,2020-01-01,Debit,5836,False,2020,Debit,False
4638,1813,24093,2007-09-01,Credit,12300,True,2007,Premium credit,True
5196,1813,24130,2010-10-01,Credit,7900,True,2010,Premium credit,True
4591,1813,24069,2005-09-01,Credit,13500,False,2005,Premium credit,True
101,1813,24073,2006-01-01,Debit (Prepaid),41,True,2006,Premium credit,True
838,1989,24241,2020-01-01,Credit,16400,True,2020,Premium credit,True
2984,1989,24101,2008-05-01,Debit,16293,True,2008,Premium credit,True
4036,1989,24187,2015-07-01,Credit,14300,True,2015,Premium credit,True
3800,1989,24091,2007-07-01,Credit,21200,False,2007,Premium credit,True
3128,1148,24149,2012-05-01,Debit,11068,True,2012,Core credit,True
585,1148,24241,2020-01-01,Debit,14835,True,2020,Core credit,True
5804,1148,24060,2004-12-01,Credit,9300,False,2004,Core credit,True
1286,1148,24134,2011-02-01,Credit,9400,True,2011,Core credit,True
4132,872,24056,2004-08-01,Debit,12566,False,2004,Debit,True
3131,872,24161,2013-05-01,Credit,4100,True,2013,Debit,True
5609,872,24131,2010-11-01,Credit,7400,True,2010,Debit,True
5064,872,24082,2006-10-01,Credit,4200,True,2006,Debit,True
5933,458,24108,2008-12-01,Debit,14388,True,2008,Prepaid,True
4177,458,24080,2006-08-01,Debit (Prepaid),63,False,2006,Prepaid,True
2484,920,24064,2005-04-01,Credit,8100,False,2005,Core credit,True
3113,920,24149,2012-05-01,Credit,10000,True,2012,Core credit,True
2758,1598,24196,2016-04-01,Credit,8700,True,2016,Core credit,True
3889,1598,24115,2009-07-01,Debit,11900,True,2009,Core credit,True
4776,1598,24129,2010-09-01,Credit,5700,True,2010,Core credit,True
1348,1598,24170,2014-02-01,Credit,3400,True,2014,Core credit,True
4657,1598,24105,2008-09-01,Credit,5300,False,2008,Core credit,True
4933,1876,23986,1998-10-01,Debit,16082,False,1998,Debit,True
3315,1876,24078,2006-06-01,Debit,21552,True,2006,Debit,True
5708,1876,24191,2015-11-01,Debit,29037,True,2015,Debit,True
2881,1876,24065,2005-05-01,Debit,19107,True,2005,Debit,True
5051,1876,24082,2006-10-01,Debit,26562,True,2006,Debit,True
4503,1876,24009,2000-09-01,Credit,9800,True,2000,Debit,True
839,412,24241,2020-01-01,Credit,13000,False,2020,Premium credit,False
586,412,24241,2020-01-01,Debit,14733,False,2020,Premium credit,False
1620,412,24242,2020-02-01,Debit,7476,True,2020,Premium credit,False
587,412,24241,2020-01-01,Debit (Prepaid),60,False,2020,Premium credit,False
2088,190,24063,2005-03-01,Debit,29471,False,2005,Debit,True
2496,190,24064,2005-04-01,Credit,17700,True,2005,Debit,True
3851,190,24103,2008-07-01,Debit,11969,True,2008,Debit,True
3363,190,24090,2007-06-01,Debit,7946,True,2007,Debit,True
4621,190,24081,2006-09-01,Debit (Prepaid),41,True,2006,Debit,True
4989,163,24046,2003-10-01,Debit,12873,False,2003,Debit,False
2462,163,24052,2004-04-01,Debit,17629,True,2004,Debit,False
588,567,24241,2020-01-01,Debit,6497,True,2020,Core credit,False
589,567,24241,2020-01-01,Debit (Prepaid),67,True,2020,Core credit,False
5309,567,24190,2015-10-01,Credit,3300,False,2015,Core credit,False
2513,503,24076,2006-04-01,Debit (Prepaid),85,True,2006,Prepaid,True
1088,503,24074,2006-02-01,Debit (Prepaid),39,False,2006,Prepaid,True
5290,469,24178,2014-10-01,Debit,26162,True,2014,Debit,True
2686,469,24136,2011-04-01,Credit,13700,True,2011,Debit,True
2619,469,24112,2009-04-01,Debit,31504,True,2009,Debit,True
4178,469,24080,2006-08-01,Debit,9010,False,2006,Debit,True
3164,1851,24185,2015-05-01,Debit,64059,True,2015,Prepaid,True
5026,1851,24070,2005-10-01,Debit (Prepaid),62,False,2005,Prepaid,True
5528,1851,24107,2008-11-01,Debit,29601,True,2008,Prepaid,True
3890,1851,24115,2009-07-01,Credit,21800,True,2009,Prepaid,True
6003,1851,24132,2010-12-01,Debit,49790,True,2010,Prepaid,True
4061,1523,24211,2017-07-01,Debit,13438,True,2017,Debit,True
2262,1523,24123,2010-03-01,Credit,9600,True,2010,Debit,True
5509,1523,24095,2007-11-01,Credit,6300,True,2007,Debit,True
4521,1523,24033,2002-09-01,Debit,12348,False,2002,Debit,True
590,35,24241,2020-01-01,Debit,9632,False,2020,Debit,False
1621,35,24242,2020-02-01,Debit,9490,True,2020,Debit,False
591,35,24241,2020-01-01,Debit,32399,False,2020,Debit,False
2590,317,24100,2008-04-01,Debit,12810,True,2008,Debit,True
4578,317,24069,2005-09-01,Credit,9300,True,2005,Debit,True
5411,317,24059,2004-11-01,Debit,7564,False,2004,Debit,True
4459,1195,24200,2016-08-01,Debit,22765,True,2016,Debit,True
3309,1195,24078,2006-06-01,Credit,11300,True,2006,Debit,True
131,1195,24085,2007-01-01,Debit,10369,True,2007,Debit,True
26,1195,24025,2002-01-01,Credit,10200,True,2002,Debit,True
3020,1195,24113,2009-05-01,Credit,12100,True,2009,Debit,True
3219,1195,24006,2000-06-01,Debit,15409,False,2000,Debit,True
1195,1238,24110,2009-02-01,Credit,22500,False,2009,Premium credit,True
592,1238,24241,2020-01-01,Credit,6700,True,2020,Premium credit,True
4301,432,24116,2009-08-01,Debit,842,True,2009,Debit,True
3005,432,24113,2009-05-01,Debit,10049,True,2009,Debit,True
2645,432,24124,2010-04-01,Debit,11625,True,2010,Debit,True
2646,432,24124,2010-04-01,Credit,5800,True,2010,Debit,True
1146,432,24098,2008-02-01,Debit,17515,False,2008,Debit,True
1890,1082,24242,2020-02-01,Debit,1696,True,2020,Premium credit,True
5187,1082,24130,2010-10-01,Credit,11400,True,2010,Premium credit,True
3308,1082,24066,2005-06-01,Credit,10600,False,2005,Premium credit,True
3925,120,24127,2010-07-01,Credit,21500,True,2010,Debit,True
5813,120,24060,2004-12-01,Debit,32784,False,2004,Debit,True
3806,120,24091,2007-07-01,Debit,13510,True,2007,Debit,True
3558,120,24150,2012-06-01,Credit,14000,True,2012,Debit,True
5610,1289,24131,2010-11-01,Debit (Prepaid),38,False,2010,Prepaid,True
1891,1502,24242,2020-02-01,Debit,28471,True,2020,Debit,False
593,1502,24241,2020-01-01,Debit,33833,False,2020,Debit,False
3655,1497,23995,1999-07-01,Debit,14751,False,1999,Debit,True
3999,1047,24151,2012-07-01,Debit,27268,False,2012,Debit,True
1411,1047,24242,2020-02-01,Credit,16400,True,2020,Debit,True
4639,0,24093,2007-09-01,Credit,17600,False,2007,Premium credit,True
1271,0,24134,2011-02-01,Debit,31490,True,2011,Premium credit,True
1622,0,24242,2020-02-01,Debit,31008,True,2020,Premium credit,True
1623,0,24242,2020-02-01,Debit,25558,True,2020,Premium credit,True
1112,351,24086,2007-02-01,Debit (Prepaid),54,True,2007,Debit,True
1043,351,24050,2004-02-01,Credit,7200,True,2004,Debit,True
2664,351,24124,2010-04-01,Debit,5080,True,2010,Debit,True
431,351,24241,2020-01-01,Credit,2700,True,2020,Debit,True
4512,351,24021,2001-09-01,Debit,9278,False,2001,Debit,True
2244,351,24123,2010-03-01,Credit,6000,True,2010,Debit,True
299,1797,24145,2012-01-01,Debit,27243,True,2012,Debit,True
1127,1797,24086,2007-02-01,Debit,23237,False,2007,Debit,True
5660,1797,24143,2011-11-01,Debit,16008,True,2011,Debit,True
300,1797,24145,2012-01-01,Debit,16279,True,2012,Debit,True
4853,1797,24165,2013-09-01,Debit,16003,True,2013,Debit,True
4206,1386,24092,2007-08-01,Debit,5488,False,2007,Debit,False
1892,1122,24242,2020-02-01,Debit,45222,True,2020,Debit,False
321,1122,24157,2013-01-01,Debit,32071,False,2013,Debit,False
1893,255,24242,2020-02-01,Debit,16783,False,2020,Debit,False
1894,765,24242,2020-02-01,Debit,13524,False,2020,Premium credit,False
1895,765,24242,2020-02-01,Credit,15000,False,2020,Premium credit,False
5008,703,24058,2004-10-01,Debit,20062,False,2004,Debit,False
161,703,24097,2008-01-01,Credit,8100,True,2008,Debit,False
4640,703,24093,2007-09-01,Debit,4335,True,2007,Debit,False
4777,703,24129,2010-09-01,Credit,2000,True,2010,Debit,False
4302,1919,24116,2009-08-01,Debit,25445,True,2009,Debit,True
1215,1919,24122,2010-02-01,Credit,17400,True,2010,Debit,True
5430,1919,24071,2005-11-01,Debit,34684,False,2005,Debit,True
5709,1919,24191,2015-11-01,Debit,28125,True,2015,Debit,True
1624,1919,24242,2020-02-01,Debit,49705,True,2020,Debit,True
3908,791,24115,2009-07-01,Debit,31424,True,2009,Debit,True
2295,791,24147,2012-03-01,Credit,7900,True,2012,Debit,True
1089,791,24074,2006-02-01,Debit,19097,False,2006,Debit,True
5228,791,24142,2011-10-01,Credit,10100,True,2011,Debit,True
2306,199,24147,2012-03-01,Debit,32423,True,2012,Debit,True
5661,199,24143,2011-11-01,Credit,16900,True,2011,Debit,True
1031,199,24050,2004-02-01,Debit,17686,False,2004,Debit,True
4229,282,24092,2007-08-01,Credit,8100,True,2007,Debit,True
3290,282,24066,2005-06-01,Debit,10059,False,2005,Debit,True
4822,282,24141,2011-09-01,Debit,4302,True,2011,Debit,True
1287,282,24134,2011-02-01,Credit,7300,True,2011,Debit,True
5154,908,24118,2009-10-01,Debit,13123,True,2009,Debit,True
3252,908,24042,2003-06-01,Debit,3630,False,2003,Debit,True
4230,908,24092,2007-08-01,Debit,20173,True,2007,Debit,True
3462,880,24126,2010-06-01,Credit,9500,False,2010,Core credit,False
1625,880,24242,2020-02-01,Debit,10141,True,2020,Core credit,False
3533,770,24138,2011-06-01,Credit,16800,True,2011,Premium credit,False
5745,770,24239,2019-11-01,Credit,15900,True,2019,Premium credit,False
5725,770,24203,2016-11-01,Debit,24080,True,2016,Premium credit,False
5510,770,24095,2007-11-01,Credit,20400,False,2007,Premium credit,False
2534,1169,24088,2007-04-01,Credit,22000,True,2007,Premium credit,True
5763,1169,24000,1999-12-01,Credit,28300,False,1999,Premium credit,True
4778,1169,24129,2010-09-01,Debit,27761,True,2010,Premium credit,True
2485,1169,24064,2005-04-01,Credit,21200,True,2005,Premium credit,True
5174,1169,24118,2009-10-01,Debit,20560,True,2009,Premium credit,True
3389,1169,24102,2008-06-01,Debit,3095,True,2008,Premium credit,True
4179,1169,24080,2006-08-01,Debit,43879,True,2006,Premium credit,True
594,522,24241,2020-01-01,Debit,21359,False,2020,Debit,False
1626,522,24242,2020-02-01,Credit,10200,True,2020,Debit,False
4399,1736,24152,2012-08-01,Debit,16332,True,2012,Debit,True
2647,1736,24124,2010-04-01,Credit,9100,True,2010,Debit,True
2687,1736,24136,2011-04-01,Debit,2289,True,2011,Debit,True
113,1736,24073,2006-01-01,Debit,23631,False,2006,Debit,True
3133,506,24161,2013-05-01,Debit,17995,True,2013,Premium credit,True
4513,506,24021,2001-09-01,Credit,14900,False,2001,Premium credit,True
1032,506,24050,2004-02-01,Debit,26830,True,2004,Premium credit,True
2060,506,24051,2004-03-01,Debit,202,True,2004,Premium credit,True
2486,506,24064,2005-04-01,Debit,11460,True,2005,Premium credit,True
1627,131,24242,2020-02-01,Debit,11934,True,2020,Debit,False
595,131,24241,2020-01-01,Debit,12427,False,2020,Debit,False
596,131,24241,2020-01-01,Debit,24432,False,2020,Debit,False
1896,76,24242,2020-02-01,Debit,6513,True,2020,Core credit,False
840,76,24241,2020-01-01,Credit,1500,False,2020,Core credit,False
4292,249,24116,2009-08-01,Credit,1500,True,2009,Core credit,True
3909,249,24115,2009-07-01,Credit,8300,True,2009,Core credit,True
132,249,24085,2007-01-01,Credit,9300,False,2007,Core credit,True
1897,249,24242,2020-02-01,Debit (Prepaid),87,True,2020,Core credit,True
5239,249,24142,2011-10-01,Debit,14104,True,2011,Core credit,True
3520,249,24138,2011-06-01,Debit,14725,True,2011,Core credit,True
5134,249,24106,2008-10-01,Debit,12016,True,2008,Core credit,True
4252,1279,24104,2008-08-01,Debit,22567,True,2008,Debit,True
5472,1279,24083,2006-11-01,Debit,26743,True,2006,Debit,True
3220,1279,24006,2000-06-01,Debit,16722,False,2000,Debit,True
4188,1279,24080,2006-08-01,Debit,9521,True,2006,Debit,True
4428,1652,24176,2014-08-01,Debit,14253,True,2014,Debit,True
597,1652,24241,2020-01-01,Debit (Prepaid),78,True,2020,Debit,True
313,1652,24157,2013-01-01,Debit,26678,True,2013,Debit,True
2688,1652,24136,2011-04-01,Debit,15652,False,2011,Debit,True
4658,739,24105,2008-09-01,Credit,6900,False,2008,Core credit,False
1177,1475,24110,2009-02-01,Debit,13378,True,2009,Debit,True
4496,1475,23985,1998-09-01,Debit,15516,False,1998,Debit,True
3746,1475,24067,2005-07-01,Debit,9956,True,2005,Debit,True
5155,1475,24118,2009-10-01,Debit,3614,True,2009,Debit,True
5631,1475,24131,2010-11-01,Debit,5992,True,2010,Debit,True
1628,1251,24242,2020-02-01,Debit,31219,True,2020,Prepaid,True
4069,1251,24223,2018-07-01,Debit,20619,True,2018,Prepaid,True
5156,1251,24118,2009-10-01,Debit (Prepaid),74,False,2009,Prepaid,True
1898,1119,24242,2020-02-01,Debit,22768,True,2020,Premium credit,False
1899,1119,24242,2020-02-01,Credit,3000,True,2020,Premium credit,False
598,1119,24241,2020-01-01,Credit,11500,False,2020,Premium credit,False
1629,1119,24242,2020-02-01,Debit,7458,True,2020,Premium credit,False
3109,592,24137,2011-05-01,Debit,15504,True,2011,Debit,True
4133,592,24056,2004-08-01,Credit,5600,True,2004,Debit,True
2022,592,24015,2001-03-01,Debit,3117,True,2001,Debit,True
3659,592,24007,2000-07-01,Debit,14007,False,2000,Debit,True
5946,592,24108,2008-12-01,Debit,13390,True,2008,Debit,True
3332,692,24078,2006-06-01,Debit,35649,True,2006,Debit,True
2073,692,24051,2004-03-01,Debit,18979,False,2004,Debit,True
5860,692,24084,2006-12-01,Credit,10000,True,2006,Debit,True
4303,692,24116,2009-08-01,Debit (Prepaid),63,True,2009,Debit,True
4253,1065,24104,2008-08-01,Debit,24878,True,2008,Debit,False
2630,1065,24124,2010-04-01,Credit,23900,True,2010,Debit,False
4160,1065,24068,2005-08-01,Debit,9213,False,2005,Debit,False
4381,1764,24140,2011-08-01,Debit,23538,True,2011,Core credit,True
4900,1764,24201,2016-09-01,Debit,15658,True,2016,Core credit,True
2118,1764,24075,2006-03-01,Credit,8900,False,2006,Core credit,True
599,1830,24241,2020-01-01,Debit (Prepaid),58,True,2020,Premium credit,True
1272,1830,24134,2011-02-01,Debit,12782,True,2011,Premium credit,True
5217,1830,24130,2010-10-01,Debit,17297,True,2010,Premium credit,True
4083,1830,23936,1994-08-01,Credit,10600,False,1994,Premium credit,True
1052,157,24062,2005-02-01,Debit,10644,True,2005,Debit,True
4867,157,24165,2013-09-01,Debit,13438,True,2013,Debit,True
969,157,23990,1999-02-01,Debit,14269,False,1999,Debit,True
1250,676,24122,2010-02-01,Credit,9300,True,2010,Debit,True
3910,676,24115,2009-07-01,Debit,34175,False,2009,Debit,True
5871,1481,24084,2006-12-01,Debit,367,False,2006,Debit,False
4720,1481,24117,2009-09-01,Debit,441,True,2009,Debit,False
3056,1902,24125,2010-05-01,Debit,11087,True,2010,Premium credit,True
4286,1902,24116,2009-08-01,Credit,12200,False,2009,Premium credit,True
227,123,24121,2010-01-01,Debit,12102,True,2010,Debit,True
197,123,24109,2009-01-01,Debit,24068,False,2009,Debit,True
3192,123,24209,2017-05-01,Debit,15305,True,2017,Debit,True
1196,1995,24110,2009-02-01,Debit,11268,True,2009,Core credit,True
4180,1995,24080,2006-08-01,Debit,5997,True,2006,Core credit,True
2439,1995,24040,2003-04-01,Credit,4000,False,2003,Core credit,True
190,1995,24109,2009-01-01,Credit,9700,True,2009,Core credit,True
4916,1688,24225,2018-09-01,Debit,21502,False,2018,Debit,False
2119,1895,24075,2006-03-01,Debit,2042,True,2006,Debit,True
1090,1895,24074,2006-02-01,Debit,13922,False,2006,Debit,True
5047,1891,24082,2006-10-01,Credit,13100,True,2006,Debit,True
1161,1891,24098,2008-02-01,Debit,15227,True,2008,Debit,True
1251,1891,24122,2010-02-01,Credit,3300,True,2010,Debit,True
5440,1891,24071,2005-11-01,Debit,19829,False,2005,Debit,True
600,453,24241,2020-01-01,Debit,23996,False,2020,Debit,False
4552,341,24057,2004-09-01,Debit (Prepaid),55,False,2004,Prepaid,False
1900,341,24242,2020-02-01,Debit,37941,True,2020,Prepaid,False
5417,341,24059,2004-11-01,Credit,37600,True,2004,Prepaid,False
45,1571,24037,2003-01-01,Debit,33390,False,2003,Debit,True
4392,1571,24152,2012-08-01,Debit,22532,True,2012,Debit,True
6109,1571,24192,2015-12-01,Debit,16325,True,2015,Debit,True
2487,1571,24064,2005-04-01,Debit,17885,True,2005,Debit,True
5397,1571,24047,2003-11-01,Debit,24827,True,2003,Debit,True
3165,1571,24185,2015-05-01,Debit,30704,True,2015,Debit,True
3499,1615,24126,2010-06-01,Debit,13637,True,2010,Debit,True
5157,1615,24118,2009-10-01,Debit,2504,True,2009,Debit,True
5473,1615,24083,2006-11-01,Debit,15535,False,2006,Debit,True
4254,1615,24104,2008-08-01,Debit,14898,True,2008,Debit,True
1147,1615,24098,2008-02-01,Debit,9696,True,2008,Debit,True
4738,1615,24117,2009-09-01,Debit,22310,True,2009,Debit,True
841,1647,24241,2020-01-01,Debit (Prepaid),76,False,2020,Core credit,False
402,1647,24241,2020-01-01,Credit,8000,False,2020,Core credit,False
1630,1647,24242,2020-02-01,Credit,9200,True,2020,Core credit,False
1631,1647,24242,2020-02-01,Debit,21244,True,2020,Core credit,False
1901,1647,24242,2020-02-01,Debit,20751,True,2020,Core credit,False
2061,680,24051,2004-03-01,Debit,16347,False,2004,Debit,False
3951,52,24127,2010-07-01,Debit,23404,True,2010,Debit,True
4976,52,24034,2002-10-01,Debit,20930,False,2002,Debit,True
2322,52,24159,2013-03-01,Debit,23014,True,2013,Debit,True
842,1387,24241,2020-01-01,Credit,9500,False,2020,Core credit,False
962,1034,23978,1998-02-01,Debit,2778,False,1998,Debit,True
2741,1034,24184,2015-04-01,Credit,11800,True,2015,Debit,True
2853,1034,24053,2004-05-01,Credit,11500,True,2004,Debit,True
1137,1034,24098,2008-02-01,Credit,13000,True,2008,Debit,True
2765,1034,24196,2016-04-01,Debit,21102,True,2016,Debit,True
4622,1034,24081,2006-09-01,Debit (Prepaid),60,True,2006,Debit,True
179,677,24097,2008-01-01,Credit,23100,False,2008,Premium credit,True
4449,677,24188,2015-08-01,Debit,34826,True,2015,Premium credit,True
5317,677,24202,2016-10-01,Debit,25429,True,2016,Premium credit,True
989,440,24014,2001-02-01,Debit,79717,False,2001,Debit,False
3274,440,24054,2004-06-01,Debit,5307,True,2004,Debit,False
3736,440,24067,2005-07-01,Debit,47131,True,2005,Debit,False
71,440,24061,2005-01-01,Debit,36724,True,2005,Debit,False
1216,440,24122,2010-02-01,Debit,6875,True,2010,Debit,False
5671,338,24155,2012-11-01,Debit,17229,False,2012,Debit,True
1356,338,24182,2015-02-01,Debit,31747,True,2015,Debit,True
1317,338,24158,2013-02-01,Debit,50127,True,2013,Debit,True
1205,1120,24122,2010-02-01,Credit,21400,False,2010,Premium credit,False
4641,1127,24093,2007-09-01,Debit,24614,True,2007,Debit,True
4605,1127,24081,2006-09-01,Debit,2809,True,2006,Debit,True
3694,1127,24043,2003-07-01,Debit,15076,False,2003,Debit,True
3869,1127,24103,2008-07-01,Debit,27646,True,2008,Debit,True
360,1662,24205,2017-01-01,Debit,20447,True,2017,Debit,True
2675,1662,24136,2011-04-01,Debit,29948,True,2011,Debit,True
4541,1662,24045,2003-09-01,Debit,28021,False,2003,Debit,True
6087,1662,24168,2013-12-01,Debit (Prepaid),58,True,2013,Debit,True
601,1462,24241,2020-01-01,Debit (Prepaid),44,False,2020,Prepaid,False
1632,1848,24242,2020-02-01,Debit,19880,True,2020,Premium credit,False
602,1848,24241,2020-01-01,Credit,12700,False,2020,Premium credit,False
1308,1444,24146,2012-02-01,Debit,42670,True,2012,Debit,True
603,1444,24241,2020-01-01,Debit,21611,True,2020,Debit,True
3631,1444,24222,2018-06-01,Debit,50521,True,2018,Debit,True
2648,1444,24124,2010-04-01,Debit,27982,True,2010,Debit,True
5965,1444,24120,2009-12-01,Debit,22886,True,2009,Debit,True
2882,1444,24065,2005-05-01,Debit,32049,False,2005,Debit,True
5118,1444,24106,2008-10-01,Debit,45141,True,2008,Debit,True
5009,45,24058,2004-10-01,Debit (Prepaid),44,False,2004,Prepaid,True
2822,1102,24029,2002-05-01,Credit,26900,True,2002,Debit,True
5651,1102,24143,2011-11-01,Debit,5414,True,2011,Debit,True
5010,1102,24058,2004-10-01,Debit,17846,True,2004,Debit,True
3952,1102,24127,2010-07-01,Debit (Prepaid),51,True,2010,Debit,True
979,1102,24002,2000-02-01,Debit,39080,False,2000,Debit,True
3390,1636,24102,2008-06-01,Credit,5600,True,2008,Debit,True
2930,1636,24089,2007-05-01,Debit,7090,False,2007,Debit,True
3992,1636,24151,2012-07-01,Credit,4600,True,2012,Debit,True
3338,1636,24090,2007-06-01,Credit,6900,True,2007,Debit,True
2018,502,24015,2001-03-01,Credit,7900,False,2001,Core credit,True
3521,502,24138,2011-06-01,Debit,415,True,2011,Core credit,True
1412,1630,24242,2020-02-01,Credit,11800,False,2020,Premium credit,False
4479,266,24236,2019-08-01,Debit,10107,False,2019,Debit,False
3283,5,24054,2004-06-01,Debit,12286,False,2004,Debit,True
1178,5,24110,2009-02-01,Debit,18894,True,2009,Debit,True
4407,1712,24164,2013-08-01,Debit,35175,True,2013,Debit,True
3291,1712,24066,2005-06-01,Debit,21205,True,2005,Debit,True
4056,1712,24211,2017-07-01,Debit,25985,True,2017,Debit,True
3711,1712,24055,2004-07-01,Debit,39431,False,2004,Debit,True
4342,1712,24128,2010-08-01,Debit,18288,True,2010,Debit,True
143,1360,24085,2007-01-01,Credit,9000,False,2007,Core credit,True
2184,1360,24099,2008-03-01,Debit,12367,True,2008,Core credit,True
3609,1360,24198,2016-06-01,Debit,19619,True,2016,Core credit,True
403,1013,24241,2020-01-01,Credit,12800,False,2020,Premium credit,False
1349,993,24170,2014-02-01,Credit,9500,False,2014,Core credit,False
162,642,24097,2008-01-01,Debit,3966,True,2008,Debit,True
4721,642,24117,2009-09-01,Debit,8812,True,2009,Debit,True
2051,642,24039,2003-03-01,Debit,13434,False,2003,Debit,True
5934,642,24108,2008-12-01,Debit,13104,True,2008,Debit,True
2430,1871,24028,2002-04-01,Debit,9454,False,2002,Debit,True
5672,1871,24155,2012-11-01,Debit,13764,True,2012,Debit,True
4470,1871,24224,2018-08-01,Debit,14639,True,2018,Debit,True
4429,1871,24176,2014-08-01,Debit,20277,True,2014,Debit,True
1633,1871,24242,2020-02-01,Debit,11166,True,2020,Debit,True
5491,1721,24095,2007-11-01,Credit,7200,False,2007,Core credit,False
3610,1721,24198,2016-06-01,Debit,12389,True,2016,Core credit,False
84,868,24061,2005-01-01,Debit,2121,True,2005,Debit,True
5372,868,24023,2001-11-01,Debit,13455,False,2001,Debit,True
2233,868,24111,2009-03-01,Debit (Prepaid),48,True,2009,Debit,True
5565,868,24119,2009-11-01,Debit (Prepaid),49,True,2009,Debit,True
322,868,24157,2013-01-01,Credit,5000,True,2013,Debit,True
3292,868,24066,2005-06-01,Credit,6800,True,2005,Debit,True
2985,1517,24101,2008-05-01,Credit,24900,True,2008,Debit,True
72,1517,24061,2005-01-01,Debit,19670,False,2005,Debit,True
1634,1517,24242,2020-02-01,Debit,23231,True,2020,Debit,True
2131,1517,24075,2006-03-01,Debit (Prepaid),18,True,2006,Debit,True
5340,364,24238,2019-10-01,Debit,13699,True,2019,Premium credit,True
4623,364,24081,2006-09-01,Credit,11700,False,2006,Premium credit,True
5611,364,24131,2010-11-01,Credit,1800,True,2010,Premium credit,True
5673,364,24155,2012-11-01,Debit,15612,True,2012,Premium credit,True
4642,686,24093,2007-09-01,Debit,4699,False,2007,Debit,False
1635,696,24242,2020-02-01,Debit,77778,True,2020,Prepaid,True
3870,696,24103,2008-07-01,Debit,31755,True,2008,Prepaid,True
2695,696,24148,2012-04-01,Debit,28601,True,2012,Prepaid,True
2488,696,24064,2005-04-01,Credit,25900,True,2005,Prepaid,True
4953,696,24022,2001-10-01,Debit (Prepaid),97,False,2001,Prepaid,True
4207,696,24092,2007-08-01,Debit,22553,True,2007,Prepaid,True
5612,696,24131,2010-11-01,Debit (Prepaid),65,True,2010,Prepaid,True
39,696,24037,2003-01-01,Debit,21225,True,2003,Prepaid,True
604,962,24241,2020-01-01,Credit,13300,True,2020,Debit,True
1217,962,24122,2010-02-01,Debit,9141,False,2010,Debit,True
5966,1407,24120,2009-12-01,Debit,14733,True,2009,Debit,True
5384,1407,24035,2002-11-01,Debit,15814,False,2002,Debit,True
2313,1407,24159,2013-03-01,Debit,20816,True,2013,Debit,True
4695,1407,24105,2008-09-01,Credit,8500,True,2008,Debit,True
4471,1015,24224,2018-08-01,Debit,35493,True,2018,Prepaid,False
5271,1015,24166,2013-10-01,Debit,58311,True,2013,Prepaid,False
1636,1015,24242,2020-02-01,Credit,24700,True,2020,Prepaid,False
198,1015,24109,2009-01-01,Debit,66779,True,2009,Prepaid,False
1113,1015,24086,2007-02-01,Debit (Prepaid),58,False,2007,Prepaid,False
2211,1456,24111,2009-03-01,Credit,7400,True,2009,Debit,True
5935,1456,24108,2008-12-01,Debit,11310,False,2008,Debit,True
1273,1456,24134,2011-02-01,Credit,7200,True,2011,Debit,True
2251,1861,24123,2010-03-01,Debit,28352,True,2010,Premium credit,True
2993,1861,24113,2009-05-01,Credit,10000,True,2009,Premium credit,True
4898,1861,24201,2016-09-01,Debit,32325,True,2016,Premium credit,True
4025,1861,24175,2014-07-01,Debit,22405,True,2014,Premium credit,True
3374,1861,24102,2008-06-01,Credit,17300,False,2008,Premium credit,True
605,161,24241,2020-01-01,Debit,11163,True,2020,Debit,True
3096,161,24137,2011-05-01,Debit,13612,True,2011,Debit,True
5588,161,24119,2009-11-01,Debit,11168,False,2009,Debit,True
843,263,24241,2020-01-01,Credit,6200,True,2020,Prepaid,False
2567,263,24100,2008-04-01,Debit (Prepaid),61,False,2008,Prepaid,False
1392,263,24230,2019-02-01,Debit,12103,True,2019,Prepaid,False
2994,1389,24113,2009-05-01,Credit,7900,False,2009,Core credit,False
2301,1389,24147,2012-03-01,Debit,11408,True,2012,Core credit,False
4779,1707,24129,2010-09-01,Debit,22362,False,2010,Debit,False
1902,1374,24242,2020-02-01,Debit,14993,False,2020,Core credit,False
1413,1374,24242,2020-02-01,Credit,8300,False,2020,Core credit,False
5967,1855,24120,2009-12-01,Debit,29716,True,2009,Premium credit,True
4304,1855,24116,2009-08-01,Debit,19258,True,2009,Premium credit,True
3021,1855,24113,2009-05-01,Credit,13400,False,2009,Premium credit,True
1903,1855,24242,2020-02-01,Credit,17100,True,2020,Premium credit,True
1904,867,24242,2020-02-01,Debit,16736,True,2020,Debit,False
606,867,24241,2020-01-01,Debit,10196,False,2020,Debit,False
4564,274,24057,2004-09-01,Debit,20961,True,2004,Premium credit,True
2841,274,24041,2003-05-01,Credit,10500,False,2003,Premium credit,True
309,274,24157,2013-01-01,Credit,16500,True,2013,Premium credit,True
3184,1552,24197,2016-05-01,Credit,11300,True,2016,Debit,True
1380,1552,24218,2018-02-01,Debit,13866,True,2018,Debit,True
1218,1552,24122,2010-02-01,Debit,14913,False,2010,Debit,True
1448,635,24242,2020-02-01,Credit,6100,False,2020,Core credit,False
5218,1526,24130,2010-10-01,Debit,3728,True,2010,Core credit,True
3664,1526,24019,2001-07-01,Credit,7400,False,2001,Core credit,True
4722,1526,24117,2009-09-01,Debit (Prepaid),77,True,2009,Core credit,True
2100,1526,24063,2005-03-01,Debit,12299,True,2005,Core credit,True
248,319,24121,2010-01-01,Credit,6800,False,2010,Core credit,True
844,319,24241,2020-01-01,Debit (Prepaid),77,True,2020,Core credit,True
3425,740,24114,2009-06-01,Debit,2172,False,2009,Debit,False
607,740,24241,2020-01-01,Debit,8661,True,2020,Debit,False
845,740,24241,2020-01-01,Debit,4009,True,2020,Debit,False
1414,965,24242,2020-02-01,Credit,11200,True,2020,Debit,False
846,965,24241,2020-01-01,Debit,16479,False,2020,Debit,False
5674,1421,24155,2012-11-01,Debit (Prepaid),65,True,2012,Debit,True
3550,1421,24150,2012-06-01,Debit,17993,False,2012,Debit,True
5833,1538,24072,2005-12-01,Debit,16398,True,2005,Debit,True
3206,1538,23982,1998-06-01,Debit,21284,False,1998,Debit,True
3599,1101,24186,2015-06-01,Debit,13022,False,2015,Debit,False
1905,1101,24242,2020-02-01,Credit,8500,True,2020,Debit,False
3448,92,24114,2009-06-01,Debit,34123,True,2009,Core credit,True
2802,92,23993,1999-05-01,Debit,25670,False,1999,Core credit,True
2803,92,23993,1999-05-01,Credit,9000,False,1999,Core credit,True
5947,92,24108,2008-12-01,Debit,8280,True,2008,Core credit,True
5183,125,24130,2010-10-01,Credit,6400,True,2010,Core credit,True
5770,125,24024,2001-12-01,Debit,9741,True,2001,Core credit,True
2023,125,24015,2001-03-01,Debit,1326,True,2001,Core credit,True
4931,125,23986,1998-10-01,Credit,3600,False,1998,Core credit,True
2120,125,24075,2006-03-01,Credit,5500,True,2006,Core credit,True
2225,449,24111,2009-03-01,Debit,16675,True,2009,Premium credit,True
351,449,24181,2015-01-01,Debit,21594,True,2015,Premium credit,True
3559,449,24150,2012-06-01,Debit,14277,True,2012,Premium credit,True
2738,449,24172,2014-04-01,Debit,13368,True,2014,Premium credit,True
5894,449,24096,2007-12-01,Credit,12700,False,2007,Premium credit,True
3214,1173,24006,2000-06-01,Credit,11200,False,2000,Premium credit,True
4696,1173,24105,2008-09-01,Debit,1342,True,2008,Premium credit,True
2986,1173,24101,2008-05-01,Credit,8700,True,2008,Premium credit,True
2388,1173,24231,2019-03-01,Debit (Prepaid),75,True,2019,Premium credit,True
1033,1173,24050,2004-02-01,Debit,35062,True,2004,Premium credit,True
4480,1173,24236,2019-08-01,Debit,17503,True,2019,Premium credit,True
5662,1173,24143,2011-11-01,Credit,16900,True,2011,Premium credit,True
5197,1810,24130,2010-10-01,Credit,9000,True,2010,Core credit,True
4839,1810,24153,2012-09-01,Credit,9800,True,2012,Core credit,True
5936,1810,24108,2008-12-01,Credit,10600,True,2008,Core credit,True
2323,1810,24159,2013-03-01,Credit,7200,True,2013,Core credit,True
3339,1810,24090,2007-06-01,Credit,7900,False,2007,Core credit,True
3522,1843,24138,2011-06-01,Debit,12189,True,2011,Premium credit,True
5752,1843,23976,1997-12-01,Credit,12300,False,1997,Premium credit,True
249,1843,24121,2010-01-01,Debit,8702,True,2010,Premium credit,True
4553,1843,24057,2004-09-01,Debit,10638,True,2004,Premium credit,True
961,1843,23978,1998-02-01,Credit,5800,True,1998,Premium credit,True
2033,1843,24027,2002-03-01,Credit,13200,True,2002,Premium credit,True
5834,1843,24072,2005-12-01,Credit,4800,True,2005,Premium credit,True
4408,1578,24164,2013-08-01,Credit,6800,False,2013,Core credit,False
5331,1578,24226,2018-10-01,Debit (Prepaid),64,True,2018,Core credit,False
4343,658,24128,2010-08-01,Credit,5800,True,2010,Premium credit,True
199,658,24109,2009-01-01,Debit,22742,True,2009,Premium credit,True
1010,658,24038,2003-02-01,Credit,19300,False,2003,Premium credit,True
5548,658,24107,2008-11-01,Credit,13800,True,2008,Premium credit,True
2146,1858,24087,2007-03-01,Credit,8200,False,2007,Core credit,True
847,1663,24241,2020-01-01,Debit,840,False,2020,Debit,False
5350,1503,23963,1996-11-01,Credit,12600,False,1996,Premium credit,True
3476,1503,24126,2010-06-01,Debit,15552,True,2010,Premium credit,True
4274,1503,24104,2008-08-01,Debit,5133,True,2008,Premium credit,True
3772,1503,24079,2006-07-01,Debit,24049,True,2006,Premium credit,True
1906,725,24242,2020-02-01,Debit,17382,False,2020,Debit,False
1907,725,24242,2020-02-01,Debit,19483,False,2020,Debit,False
5785,1671,24036,2002-12-01,Debit,2174,False,2002,Debit,True
4430,1233,24176,2014-08-01,Debit,25301,True,2014,Premium credit,False
4823,1233,24141,2011-09-01,Credit,11000,False,2011,Premium credit,False
1449,1233,24242,2020-02-01,Credit,7100,True,2020,Premium credit,False
4255,1271,24104,2008-08-01,Debit (Prepaid),57,True,2008,Prepaid,False
3316,1271,24078,2006-06-01,Debit (Prepaid),33,False,2006,Prepaid,False
1908,1271,24242,2020-02-01,Credit,10900,True,2020,Prepaid,False
5099,473,24094,2007-10-01,Credit,7100,False,2007,Core credit,True
2696,473,24148,2012-04-01,Debit,10005,True,2012,Core credit,True
5663,1541,24143,2011-11-01,Debit,10627,True,2011,Premium credit,True
228,1541,24121,2010-01-01,Debit,12157,True,2010,Premium credit,True
4554,1541,24057,2004-09-01,Debit,60,True,2004,Premium credit,True
3253,1541,24042,2003-06-01,Credit,10600,False,2003,Premium credit,True
2307,1541,24147,2012-03-01,Debit,17383,True,2012,Premium credit,True
3590,149,24186,2015-06-01,Credit,14200,False,2015,Premium credit,True
1219,560,24122,2010-02-01,Debit,11620,True,2010,Premium credit,False
144,560,24085,2007-01-01,Debit,16642,True,2007,Premium credit,False
1371,560,24206,2017-02-01,Credit,6900,True,2017,Premium credit,False
5065,560,24082,2006-10-01,Credit,12500,False,2006,Premium credit,False
2185,1006,24099,2008-03-01,Debit,14814,False,2008,Debit,True
3509,1006,24138,2011-06-01,Credit,10900,True,2011,Debit,True
4723,1006,24117,2009-09-01,Debit,17253,True,2009,Debit,True
4305,368,24116,2009-08-01,Debit,20756,True,2009,Prepaid,True
371,368,24217,2018-01-01,Debit,22132,True,2018,Prepaid,True
5566,368,24119,2009-11-01,Debit (Prepaid),63,True,2009,Prepaid,True
2226,368,24111,2009-03-01,Credit,12100,True,2009,Prepaid,True
3822,368,24091,2007-07-01,Debit (Prepaid),71,False,2007,Prepaid,True
4463,368,24212,2017-08-01,Credit,13000,True,2017,Prepaid,True
2408,1696,24004,2000-04-01,Debit,12047,False,2000,Debit,True
180,416,24097,2008-01-01,Credit,14900,True,2008,Debit,True
1220,416,24122,2010-02-01,Debit,14066,True,2010,Debit,True
2883,416,24065,2005-05-01,Debit (Prepaid),60,True,2005,Debit,True
2445,416,24040,2003-04-01,Debit,18242,True,2003,Debit,True
2399,416,23968,1997-04-01,Debit,2041,False,1997,Debit,True
4724,416,24117,2009-09-01,Debit (Prepaid),46,True,2009,Debit,True
6031,51,24132,2010-12-01,Credit,12700,False,2010,Premium credit,True
1637,51,24242,2020-02-01,Debit,27124,True,2020,Premium credit,True
1450,51,24242,2020-02-01,Credit,6400,True,2020,Premium credit,True
285,196,24133,2011-01-01,Credit,4300,False,2011,Core credit,True
5085,690,24094,2007-10-01,Debit,1993,False,2007,Debit,False
2727,1477,24172,2014-04-01,Debit,18171,True,2014,Premium credit,True
3747,1477,24067,2005-07-01,Debit,44314,True,2005,Premium credit,True
4947,1477,24022,2001-10-01,Credit,12700,False,2001,Premium credit,True
2676,260,24136,2011-04-01,Debit,21007,True,2011,Prepaid,True
5119,260,24106,2008-10-01,Debit (Prepaid),65,False,2008,Prepaid,True
323,260,24157,2013-01-01,Debit,13342,True,2013,Prepaid,True
5895,857,24096,2007-12-01,Debit,10405,False,2007,Debit,False
4739,1167,24117,2009-09-01,Credit,12500,True,2009,Debit,False
2159,1167,24087,2007-03-01,Debit,19070,True,2007,Debit,False
3666,1167,24019,2001-07-01,Debit,30950,False,2001,Debit,False
3426,1358,24114,2009-06-01,Debit (Prepaid),80,True,2009,Prepaid,True
1909,1358,24242,2020-02-01,Debit,26394,True,2020,Prepaid,True
5736,1358,24227,2018-11-01,Debit (Prepaid),71,True,2018,Prepaid,True
5135,1358,24106,2008-10-01,Debit (Prepaid),83,False,2008,Prepaid,True
5368,1611,24023,2001-11-01,Debit,12132,False,2001,Debit,False
1318,1611,24158,2013-02-01,Credit,1900,True,2013,Debit,False
1252,734,24122,2010-02-01,Debit,5507,True,2010,Core credit,True
4990,734,24046,2003-10-01,Credit,6300,False,2003,Core credit,True
4671,1507,24105,2008-09-01,Debit,19573,False,2008,Debit,True
5589,1507,24119,2009-11-01,Debit,29543,True,2009,Debit,True
3449,1507,24114,2009-06-01,Debit,19171,True,2009,Debit,True
4393,504,24152,2012-08-01,Debit (Prepaid),72,False,2012,Prepaid,False
5280,504,24166,2013-10-01,Debit,11710,True,2013,Prepaid,False
2263,524,24123,2010-03-01,Debit,24089,False,2010,Debit,True
5240,525,24142,2011-10-01,Debit,15900,True,2011,Debit,True
6004,525,24132,2010-12-01,Debit,11595,False,2010,Debit,True
4811,525,24141,2011-09-01,Debit,13257,True,2011,Debit,True
4740,250,24117,2009-09-01,Credit,7200,True,2009,Core credit,True
2793,250,23969,1997-05-01,Credit,8200,False,1997,Core credit,True
5136,250,24106,2008-10-01,Debit,11678,True,2008,Core credit,True
4940,250,23998,1999-10-01,Debit (Prepaid),57,True,1999,Core credit,True
3971,250,24139,2011-07-01,Debit,10412,True,2011,Core credit,True
2914,250,24077,2006-05-01,Debit,7808,True,2006,Core credit,True
1332,479,24158,2013-02-01,Debit,43767,True,2013,Debit,True
2186,479,24099,2008-03-01,Credit,16600,True,2008,Debit,True
2436,479,24028,2002-04-01,Debit,3058,False,2002,Debit,True
4189,343,24080,2006-08-01,Credit,11000,True,2006,Premium credit,True
3582,343,24174,2014-06-01,Credit,10800,True,2014,Premium credit,True
1288,343,24134,2011-02-01,Debit,38385,True,2011,Premium credit,True
994,343,24014,2001-02-01,Debit,15277,True,2001,Premium credit,True
3953,343,24127,2010-07-01,Debit,14625,True,2010,Premium credit,True
2410,343,24004,2000-04-01,Credit,12400,False,2000,Premium credit,True
1091,343,24074,2006-02-01,Debit,24943,True,2006,Premium credit,True
3523,343,24138,2011-06-01,Credit,12300,True,2011,Premium credit,True
1415,1196,24242,2020-02-01,Credit,10900,True,2020,Premium credit,True
3637,1196,24222,2018-06-01,Debit,14623,True,2018,Premium credit,True
4000,1196,24151,2012-07-01,Debit,15017,True,2012,Premium credit,True
4542,1196,24045,2003-09-01,Credit,11100,False,2003,Premium credit,True
2453,1530,24052,2004-04-01,Credit,400,True,2004,Core credit,True
52,1530,24049,2004-01-01,Credit,500,False,2004,Core credit,True
1179,1530,24110,2009-02-01,Credit,600,True,2009,Core credit,True
5322,1963,24214,2017-10-01,Debit,17220,True,2017,Premium credit,True
5418,1963,24059,2004-11-01,Debit,29041,True,2004,Premium credit,True
3317,1963,24078,2006-06-01,Debit,25297,True,2006,Premium credit,True
1638,1963,24242,2020-02-01,Debit (Prepaid),71,True,2020,Premium credit,True
6058,1963,24144,2011-12-01,Debit,21692,True,2011,Premium credit,True
3364,1963,24090,2007-06-01,Debit,18384,True,2007,Premium credit,True
4565,1963,24057,2004-09-01,Credit,20700,False,2004,Premium credit,True
1381,764,24218,2018-02-01,Debit,20467,True,2018,Premium credit,True
286,764,24133,2011-01-01,Debit,16109,True,2011,Premium credit,True
3727,764,24067,2005-07-01,Credit,13900,False,2005,Premium credit,True
1910,764,24242,2020-02-01,Credit,4400,True,2020,Premium credit,True
2136,213,24087,2007-03-01,Credit,20400,False,2007,Premium credit,True
5291,213,24178,2014-10-01,Debit,18074,True,2014,Premium credit,True
1639,213,24242,2020-02-01,Debit,37778,True,2020,Premium credit,True
4954,410,24022,2001-10-01,Debit,26822,True,2001,Premium credit,True
2801,410,23981,1998-05-01,Credit,15000,False,1998,Premium credit,True
1221,1685,24122,2010-02-01,Debit,8451,False,2010,Debit,True
5613,1685,24131,2010-11-01,Debit (Prepaid),26,True,2010,Debit,True
1253,225,24122,2010-02-01,Debit,20661,False,2010,Debit,True
4382,225,24140,2011-08-01,Debit,16523,True,2011,Debit,True
432,225,24241,2020-01-01,Credit,16600,True,2020,Debit,True
4780,225,24129,2010-09-01,Credit,14300,True,2010,Debit,True
608,1210,24241,2020-01-01,Debit,6824,True,2020,Debit,True
4606,1210,24081,2006-09-01,Debit,10589,False,2006,Debit,True
4846,1210,24165,2013-09-01,Credit,8600,True,2013,Debit,True
3403,1210,24102,2008-06-01,Debit,26982,True,2008,Debit,True
1911,1336,24242,2020-02-01,Credit,15000,False,2020,Premium credit,False
5400,576,24059,2004-11-01,Credit,8100,False,2004,Core credit,True
5664,576,24143,2011-11-01,Debit,26471,True,2011,Core credit,True
4624,576,24081,2006-09-01,Debit,37656,True,2006,Core credit,True
5968,576,24120,2009-12-01,Debit,27947,True,2009,Core credit,True
3057,576,24125,2010-05-01,Debit,29465,True,2010,Core credit,True
3600,576,24186,2015-06-01,Debit,21070,True,2015,Core credit,True
2384,576,24231,2019-03-01,Debit,27537,True,2019,Core credit,True
4969,1677,24034,2002-10-01,Debit,13404,False,2002,Debit,True
324,1677,24157,2013-01-01,Credit,2400,True,2013,Debit,True
3080,1969,24125,2010-05-01,Debit,3016,True,2010,Debit,True
5549,1969,24107,2008-11-01,Debit,32809,True,2008,Debit,True
4934,1969,23986,1998-10-01,Debit,16519,False,1998,Debit,True
4231,1969,24092,2007-08-01,Debit,28759,True,2007,Debit,True
4981,1969,24046,2003-10-01,Credit,12300,True,2003,Debit,True
4142,1431,24056,2004-08-01,Credit,4900,False,2004,Core credit,False
1912,558,24242,2020-02-01,Debit,8980,True,2020,Core credit,False
1640,558,24242,2020-02-01,Debit,3402,True,2020,Core credit,False
848,558,24241,2020-01-01,Credit,8800,False,2020,Core credit,False
1254,1482,24122,2010-02-01,Debit,34877,False,2010,Debit,True
5017,1295,24058,2004-10-01,Credit,9900,False,2004,Core credit,True
3318,1295,24078,2006-06-01,Debit,11382,True,2006,Core credit,True
2949,1295,24089,2007-05-01,Credit,7500,True,2007,Core credit,True
609,1295,24241,2020-01-01,Debit (Prepaid),72,True,2020,Core credit,True
5567,1468,24119,2009-11-01,Debit,26764,False,2009,Debit,False
3058,1468,24125,2010-05-01,Debit,32035,True,2010,Debit,False
4854,538,24165,2013-09-01,Debit,11906,True,2013,Debit,True
5441,538,24071,2005-11-01,Credit,7000,True,2005,Debit,True
4161,538,24068,2005-08-01,Debit,6993,True,2005,Debit,True
2396,538,23932,1994-04-01,Debit,1513,False,1994,Debit,True
1319,748,24158,2013-02-01,Debit,18204,True,2013,Premium credit,True
2763,748,24196,2016-04-01,Debit,20067,True,2016,Premium credit,True
1067,748,24062,2005-02-01,Credit,14400,False,2005,Premium credit,True
1641,1068,24242,2020-02-01,Debit,11355,True,2020,Debit,False
5343,1068,24238,2019-10-01,Debit,10448,False,2019,Debit,False
849,1068,24241,2020-01-01,Debit,11573,True,2020,Debit,False
2967,41,24101,2008-05-01,Debit (Prepaid),83,False,2008,Prepaid,False
3213,807,23994,1999-06-01,Debit,30903,False,1999,Debit,True
4889,807,24189,2015-09-01,Debit (Prepaid),91,True,2015,Debit,True
5299,807,24178,2014-10-01,Debit (Prepaid),62,True,2014,Debit,True
2813,1430,24017,2001-05-01,Debit,1936,False,2001,Debit,True
2074,1430,24051,2004-03-01,Credit,9100,True,2004,Debit,True
4383,1430,24140,2011-08-01,Debit,25726,True,2011,Debit,True
66,1430,24061,2005-01-01,Credit,12200,True,2005,Debit,True
3987,1430,24139,2011-07-01,Credit,400,True,2011,Debit,True
4110,1873,24032,2002-08-01,Debit,20042,False,2002,Debit,True
4741,1873,24117,2009-09-01,Credit,7700,True,2009,Debit,True
306,1873,24145,2012-01-01,Debit (Prepaid),60,True,2012,Debit,True
1642,204,24242,2020-02-01,Debit,18725,False,2020,Debit,False
1913,424,24242,2020-02-01,Credit,11100,True,2020,Debit,False
610,424,24241,2020-01-01,Debit,38,False,2020,Debit,False
5052,980,24082,2006-10-01,Debit,14185,True,2006,Premium credit,True
181,980,24097,2008-01-01,Debit,16094,True,2008,Premium credit,True
1643,980,24242,2020-02-01,Debit,26819,True,2020,Premium credit,True
2454,980,24052,2004-04-01,Credit,14600,False,2004,Premium credit,True
6059,980,24144,2011-12-01,Credit,5800,True,2011,Premium credit,True
4855,980,24165,2013-09-01,Debit,16789,True,2013,Premium credit,True
4409,980,24164,2013-08-01,Debit,14213,True,2013,Premium credit,True
4919,1415,24225,2018-09-01,Credit,6400,False,2018,Core credit,False
850,600,24241,2020-01-01,Debit,18373,False,2020,Debit,False
4328,652,24128,2010-08-01,Debit,16203,True,2010,Premium credit,True
2502,652,24076,2006-04-01,Credit,16500,False,2006,Premium credit,True
4293,652,24116,2009-08-01,Debit,19962,True,2009,Premium credit,True
4607,652,24081,2006-09-01,Debit (Prepaid),52,True,2006,Premium credit,True
1197,652,24110,2009-02-01,Debit,2045,True,2009,Premium credit,True
1255,652,24122,2010-02-01,Debit,21607,True,2010,Premium credit,True
5492,1129,24095,2007-11-01,Debit,18109,True,2007,Debit,True
102,1129,24073,2006-01-01,Debit,14802,False,2006,Debit,True
2677,1129,24136,2011-04-01,Credit,7600,True,2011,Debit,True
5852,885,24084,2006-12-01,Credit,9000,False,2006,Core credit,True
5086,885,24094,2007-10-01,Debit (Prepaid),63,True,2007,Core credit,True
6005,885,24132,2010-12-01,Debit,7784,True,2010,Core credit,True
4256,1899,24104,2008-08-01,Debit,29761,False,2008,Debit,True
5969,1899,24120,2009-12-01,Debit (Prepaid),64,True,2009,Debit,True
3365,1369,24090,2007-06-01,Credit,9000,True,2007,Debit,True
5792,1369,24048,2003-12-01,Debit,14716,False,2003,Debit,True
3059,1057,24125,2010-05-01,Debit,23395,False,2010,Debit,False
5464,1302,24083,2006-11-01,Debit,9883,False,2006,Debit,True
3203,1302,24233,2019-05-01,Debit,8993,True,2019,Debit,True
5632,1302,24131,2010-11-01,Credit,7900,True,2010,Debit,True
3972,1302,24139,2011-07-01,Debit (Prepaid),13,True,2011,Debit,True
3871,415,24103,2008-07-01,Credit,9400,True,2008,Debit,True
5344,415,24238,2019-10-01,Credit,8000,True,2019,Debit,True
3225,415,24018,2001-06-01,Debit,17527,False,2001,Debit,True
6088,415,24168,2013-12-01,Debit,11818,True,2013,Debit,True
2348,83,24183,2015-03-01,Credit,11600,False,2015,Premium credit,False
851,1093,24241,2020-01-01,Credit,12600,False,2020,Premium credit,False
5198,28,24130,2010-10-01,Debit,13896,True,2010,Debit,True
2678,28,24136,2011-04-01,Credit,16400,True,2011,Debit,True
2568,28,24100,2008-04-01,Debit,29717,False,2008,Debit,True
852,28,24241,2020-01-01,Debit,17431,True,2020,Debit,True
5529,33,24107,2008-11-01,Debit,11584,True,2008,Debit,True
1357,33,24182,2015-02-01,Credit,9000,True,2015,Debit,True
5120,33,24106,2008-10-01,Credit,7400,True,2008,Debit,True
2252,33,24123,2010-03-01,Debit,13829,True,2010,Debit,True
2404,33,23992,1999-04-01,Debit,4589,False,1999,Debit,True
4742,1646,24117,2009-09-01,Credit,9000,False,2009,Core credit,True
5652,1646,24143,2011-11-01,Credit,9900,True,2011,Core credit,True
2276,1646,24135,2011-03-01,Debit,11153,True,2011,Core credit,True
5314,1646,24202,2016-10-01,Debit,10671,True,2016,Core credit,True
4045,1646,24199,2016-07-01,Debit,12470,True,2016,Core credit,True
1644,1847,24242,2020-02-01,Credit,8700,False,2020,Core credit,False
310,1152,24157,2013-01-01,Credit,7200,False,2013,Core credit,False
6080,134,24168,2013-12-01,Credit,4700,True,2013,Premium credit,True
5991,134,24132,2010-12-01,Credit,10400,False,2010,Premium credit,True
6120,134,24204,2016-12-01,Credit,9400,True,2016,Premium credit,True
611,134,24241,2020-01-01,Debit,27290,True,2020,Premium credit,True
853,188,24241,2020-01-01,Debit (Prepaid),68,False,2020,Debit,False
854,188,24241,2020-01-01,Debit,41713,False,2020,Debit,False
2242,220,24123,2010-03-01,Credit,17200,False,2010,Premium credit,True
3954,220,24127,2010-07-01,Debit,23018,True,2010,Premium credit,True
1645,220,24242,2020-02-01,Debit (Prepaid),2,True,2020,Premium credit,True
2697,220,24148,2012-04-01,Credit,23500,True,2012,Premium credit,True
4043,1343,24199,2016-07-01,Credit,5300,False,2016,Core credit,False
612,1343,24241,2020-01-01,Debit,12738,True,2020,Core credit,False
855,1343,24241,2020-01-01,Credit,8700,True,2020,Core credit,False
856,1343,24241,2020-01-01,Debit,5752,True,2020,Core credit,False
2329,1930,24171,2014-03-01,Debit,15416,False,2014,Debit,False
613,1930,24241,2020-01-01,Debit (Prepaid),73,True,2020,Debit,False
614,1930,24241,2020-01-01,Credit,15700,True,2020,Debit,False
1646,1260,24242,2020-02-01,Credit,10100,True,2020,Core credit,True
6081,1260,24168,2013-12-01,Credit,0,False,2013,Core credit,True
857,1260,24241,2020-01-01,Credit,11000,True,2020,Core credit,True
3773,96,24079,2006-07-01,Credit,18300,True,2006,Debit,True
3695,96,24043,2003-07-01,Debit,19959,False,2003,Debit,True
361,96,24205,2017-01-01,Credit,24300,True,2017,Debit,True
5175,96,24118,2009-10-01,Credit,18900,True,2009,Debit,True
4878,1166,24177,2014-09-01,Debit,14574,True,2014,Debit,True
1222,1166,24122,2010-02-01,Credit,14100,True,2010,Debit,True
5822,1166,24060,2004-12-01,Debit,23737,False,2004,Debit,True
2649,1533,24124,2010-04-01,Credit,11800,True,2010,Premium credit,True
3097,1533,24137,2011-05-01,Debit,27594,True,2011,Premium credit,True
4625,1533,24081,2006-09-01,Credit,15300,False,2006,Premium credit,True
858,88,24241,2020-01-01,Credit,4800,False,2020,Core credit,False
3226,1451,24018,2001-06-01,Debit,34319,False,2001,Debit,True
3790,1451,24079,2006-07-01,Debit,10831,True,2006,Debit,True
250,1451,24121,2010-01-01,Debit,20475,True,2010,Debit,True
5530,1451,24107,2008-11-01,Credit,6500,True,2008,Debit,True
6006,57,24132,2010-12-01,Debit,17614,False,2010,Debit,True
6069,1335,24156,2012-12-01,Debit,51133,False,2012,Debit,True
615,1335,24241,2020-01-01,Debit (Prepaid),115,True,2020,Debit,True
2330,1335,24171,2014-03-01,Debit (Prepaid),54,True,2014,Debit,True
3583,1335,24174,2014-06-01,Debit,32036,True,2014,Debit,True
5066,816,24082,2006-10-01,Debit,13593,True,2006,Debit,True
2968,816,24101,2008-05-01,Debit,13343,True,2008,Debit,True
3774,816,24079,2006-07-01,Debit,6103,False,2006,Debit,True
3891,816,24115,2009-07-01,Debit,2646,True,2009,Debit,True
4468,816,24224,2018-08-01,Credit,9200,True,2018,Debit,True
404,1081,24241,2020-01-01,Credit,21200,True,2020,Premium credit,True
3427,1081,24114,2009-06-01,Credit,10400,False,2009,Premium credit,True
3892,1081,24115,2009-07-01,Debit,27377,True,2009,Premium credit,True
5568,1385,24119,2009-11-01,Credit,20900,True,2009,Prepaid,True
3807,1385,24091,2007-07-01,Debit,39632,True,2007,Prepaid,True
4955,1385,24022,2001-10-01,Debit (Prepaid),44,False,2001,Prepaid,True
4344,1385,24128,2010-08-01,Debit,48489,True,2010,Prepaid,True
4190,1385,24080,2006-08-01,Debit,32725,True,2006,Prepaid,True
1256,1385,24122,2010-02-01,Debit,36940,True,2010,Prepaid,True
405,1125,24241,2020-01-01,Credit,23100,True,2020,Debit,True
616,1125,24241,2020-01-01,Debit,41040,True,2020,Debit,True
4881,1125,24189,2015-09-01,Credit,13200,True,2015,Debit,True
3601,1125,24186,2015-06-01,Debit,29200,False,2015,Debit,True
617,1952,24241,2020-01-01,Debit,13831,False,2020,Debit,False
1647,1870,24242,2020-02-01,Credit,18900,False,2020,Premium credit,False
1914,1870,24242,2020-02-01,Debit,39850,False,2020,Premium credit,False
5984,1345,24120,2009-12-01,Credit,13900,True,2009,Debit,True
2497,1345,24064,2005-04-01,Debit,17470,False,2005,Debit,True
2187,1345,24099,2008-03-01,Debit,2267,True,2008,Debit,True
2234,1345,24111,2009-03-01,Debit,4031,True,2009,Debit,True
4208,1345,24092,2007-08-01,Debit,21833,True,2007,Debit,True
287,1345,24133,2011-01-01,Debit,16857,True,2011,Debit,True
5633,1345,24131,2010-11-01,Debit,2518,True,2010,Debit,True
3775,1345,24079,2006-07-01,Debit,12863,True,2006,Debit,True
3060,1695,24125,2010-05-01,Credit,12700,True,2010,Core credit,True
114,1695,24073,2006-01-01,Debit,2851,True,2006,Core credit,True
48,1695,24049,2004-01-01,Credit,4100,False,2004,Core credit,True
274,1695,24133,2011-01-01,Debit,20838,True,2011,Core credit,True
1648,1906,24242,2020-02-01,Debit,2721,False,2020,Debit,False
2834,1985,24029,2002-05-01,Credit,400,True,2002,Debit,True
4781,1985,24129,2010-09-01,Debit,416,True,2010,Debit,True
4085,1985,23960,1996-08-01,Debit,625,False,1996,Debit,True
1095,1604,24074,2006-02-01,Debit,20858,False,2006,Debit,True
5653,1604,24143,2011-11-01,Credit,11200,True,2011,Debit,True
2950,1604,24089,2007-05-01,Credit,8800,True,2007,Debit,True
2207,1604,24099,2008-03-01,Debit,10360,True,2008,Debit,True
6077,1604,24156,2012-12-01,Debit,11578,True,2012,Debit,True
2188,1604,24099,2008-03-01,Debit,13016,True,2008,Debit,True
3185,1604,24197,2016-05-01,Debit,13754,True,2016,Debit,True
1649,1933,24242,2020-02-01,Debit (Prepaid),91,False,2020,Debit,False
1915,1933,24242,2020-02-01,Debit,2094,False,2020,Debit,False
2766,649,24196,2016-04-01,Debit,14558,True,2016,Premium credit,True
1376,649,24206,2017-02-01,Debit,46342,True,2017,Premium credit,True
3737,649,24067,2005-07-01,Credit,17400,False,2005,Premium credit,True
1223,649,24122,2010-02-01,Debit,11401,True,2010,Premium credit,True
251,649,24121,2010-01-01,Debit,8280,True,2010,Premium credit,True
2105,649,24075,2006-03-01,Credit,0,True,2006,Premium credit,True
4191,649,24080,2006-08-01,Debit (Prepaid),72,True,2006,Premium credit,True
4345,1486,24128,2010-08-01,Credit,9600,False,2010,Core credit,True
1138,1744,24098,2008-02-01,Credit,10000,True,2008,Debit,True
4209,1744,24092,2007-08-01,Debit,10025,True,2007,Debit,True
133,1744,24085,2007-01-01,Debit,9777,False,2007,Debit,True
1650,1272,24242,2020-02-01,Debit,8807,False,2020,Debit,False
3776,400,24079,2006-07-01,Debit (Prepaid),92,True,2006,Debit,True
3852,400,24103,2008-07-01,Credit,11400,True,2008,Debit,True
3973,400,24139,2011-07-01,Debit,16687,True,2011,Debit,True
2507,400,24076,2006-04-01,Debit,3974,False,2006,Debit,True
5241,1994,24142,2011-10-01,Debit,23768,True,2011,Premium credit,True
3974,1994,24139,2011-07-01,Debit (Prepaid),63,True,2011,Premium credit,True
6032,1994,24132,2010-12-01,Credit,21600,False,2010,Premium credit,True
2349,572,24183,2015-03-01,Debit,23157,False,2015,Debit,False
1916,572,24242,2020-02-01,Debit (Prepaid),54,True,2020,Debit,False
2650,1442,24124,2010-04-01,Debit,11986,False,2010,Debit,True
5814,1853,24060,2004-12-01,Credit,12600,True,2004,Debit,True
6043,1853,24144,2011-12-01,Debit,4340,True,2011,Debit,True
1034,1853,24050,2004-02-01,Debit,8149,False,2004,Debit,True
5654,556,24143,2011-11-01,Debit,23688,True,2011,Debit,True
2,556,23941,1995-01-01,Debit,19948,False,1995,Debit,True
1917,1960,24242,2020-02-01,Debit (Prepaid),69,False,2020,Prepaid,False
4527,321,24033,2002-09-01,Credit,9400,True,2002,Debit,True
293,321,24145,2012-01-01,Credit,3300,True,2012,Debit,True
35,321,24037,2003-01-01,Credit,11100,True,2003,Debit,True
5755,321,23988,1998-12-01,Debit,23792,False,1998,Debit,True
4364,483,24140,2011-08-01,Debit,13224,True,2011,Premium credit,True
5369,483,24023,2001-11-01,Credit,10700,False,2001,Premium credit,True
2121,483,24075,2006-03-01,Credit,13100,True,2006,Premium credit,True
5219,404,24130,2010-10-01,Credit,10900,False,2010,Premium credit,False
4346,1510,24128,2010-08-01,Credit,6600,True,2010,Premium credit,True
1257,1510,24122,2010-02-01,Credit,11400,False,2010,Premium credit,True
859,916,24241,2020-01-01,Debit,15847,False,2020,Debit,False
860,916,24241,2020-01-01,Debit,13006,False,2020,Debit,False
40,1635,24037,2003-01-01,Debit,5029,False,2003,Debit,True
1309,1635,24146,2012-02-01,Credit,15000,True,2012,Debit,True
6044,1635,24144,2011-12-01,Debit,14348,True,2011,Debit,True
115,1635,24073,2006-01-01,Debit,24876,True,2006,Debit,True
618,1635,24241,2020-01-01,Debit,13523,True,2020,Debit,True
381,1635,24229,2019-01-01,Debit,21434,True,2019,Debit,True
2535,1384,24088,2007-04-01,Debit,19206,True,2007,Debit,True
5229,1384,24142,2011-10-01,Credit,15000,True,2011,Debit,True
3723,1384,24055,2004-07-01,Debit,24617,False,2004,Debit,True
3171,943,24197,2016-05-01,Credit,6600,False,2016,Core credit,False
5351,1236,23975,1997-11-01,Debit,4304,False,1997,Debit,True
85,1236,24061,2005-01-01,Debit,1269,True,2005,Debit,True
5815,1236,24060,2004-12-01,Debit,3458,True,2004,Debit,True
4101,1236,24020,2001-08-01,Debit,6775,True,2001,Debit,True
2369,1236,24207,2017-03-01,Credit,8800,True,2017,Debit,True
6142,1236,24240,2019-12-01,Debit,12223,True,2019,Debit,True
1918,969,24242,2020-02-01,Debit,13478,True,2020,Debit,False
619,969,24241,2020-01-01,Debit,19578,False,2020,Debit,False
861,969,24241,2020-01-01,Debit,2944,False,2020,Debit,False
1651,508,24242,2020-02-01,Debit,20773,True,2020,Prepaid,False
1652,508,24242,2020-02-01,Debit,24203,True,2020,Prepaid,False
620,508,24241,2020-01-01,Debit (Prepaid),98,False,2020,Prepaid,False
3428,496,24114,2009-06-01,Debit,2727,True,2009,Core credit,True
4517,496,24033,2002-09-01,Credit,6800,False,2002,Core credit,True
3186,496,24197,2016-05-01,Debit,22516,True,2016,Core credit,True
5806,496,24060,2004-12-01,Credit,11500,True,2004,Core credit,True
5176,450,24118,2009-10-01,Debit,15214,True,2009,Debit,True
862,450,24241,2020-01-01,Debit,23687,True,2020,Debit,True
4192,450,24080,2006-08-01,Debit,18048,False,2006,Debit,True
5634,1753,24131,2010-11-01,Debit,25102,False,2010,Debit,True
2987,304,24101,2008-05-01,Debit,13773,False,2008,Debit,False
4365,304,24140,2011-08-01,Debit,12892,True,2011,Debit,False
5667,839,24155,2012-11-01,Credit,6600,True,2012,Debit,True
3187,839,24197,2016-05-01,Debit,25650,True,2016,Debit,True
4725,839,24117,2009-09-01,Debit,37192,False,2009,Debit,True
4608,138,24081,2006-09-01,Debit,5779,True,2006,Core credit,True
2820,138,24017,2001-05-01,Debit,13325,True,2001,Core credit,True
5422,138,24071,2005-11-01,Credit,4000,True,2005,Core credit,True
2807,138,24005,2000-05-01,Credit,6900,False,2000,Core credit,True
4912,43,24213,2017-09-01,Debit,35702,False,2017,Debit,False
1416,43,24242,2020-02-01,Credit,13200,True,2020,Debit,False
5740,43,24227,2018-11-01,Credit,21700,True,2018,Debit,False
863,43,24241,2020-01-01,Credit,13700,True,2020,Debit,False
864,1187,24241,2020-01-01,Debit,24389,True,2020,Premium credit,True
2385,1187,24231,2019-03-01,Debit (Prepaid),74,True,2019,Premium credit,True
91,1187,24073,2006-01-01,Credit,12100,False,2006,Premium credit,True
5121,849,24106,2008-10-01,Debit,16640,True,2008,Debit,True
3477,849,24126,2010-06-01,Debit,14889,True,2010,Debit,True
3823,849,24091,2007-07-01,Debit,19080,False,2007,Debit,True
3169,654,24185,2015-05-01,Credit,7600,False,2015,Core credit,False
5352,1898,23975,1997-11-01,Debit,14525,False,1997,Debit,True
1068,1898,24062,2005-02-01,Debit,15636,True,2005,Debit,True
5122,1898,24106,2008-10-01,Debit,13296,True,2008,Debit,True
4543,1898,24045,2003-09-01,Credit,10100,True,2003,Debit,True
2423,1898,24016,2001-04-01,Debit,36412,True,2001,Debit,True
4566,1971,24057,2004-09-01,Debit,4589,False,2004,Debit,True
3293,1971,24066,2005-06-01,Debit,17474,True,2005,Debit,True
406,1020,24241,2020-01-01,Credit,12000,True,2020,Debit,True
1417,1020,24242,2020-02-01,Credit,16900,True,2020,Debit,True
1224,1020,24122,2010-02-01,Debit,26277,False,2010,Debit,True
2728,1020,24172,2014-04-01,Debit,26317,True,2014,Debit,True
4062,22,24211,2017-07-01,Credit,13600,False,2017,Premium credit,True
1653,436,24242,2020-02-01,Debit,21540,False,2020,Debit,False
1342,1823,24170,2014-02-01,Debit,37468,True,2014,Premium credit,True
5177,1823,24118,2009-10-01,Debit,27864,True,2009,Premium credit,True
3638,1823,24222,2018-06-01,Debit (Prepaid),65,True,2018,Premium credit,True
4048,1823,24199,2016-07-01,Debit,31842,True,2016,Premium credit,True
3244,1823,24030,2002-06-01,Credit,14900,False,2002,Premium credit,True
3201,1823,24221,2018-05-01,Credit,12400,True,2018,Premium credit,True
5242,589,24142,2011-10-01,Debit,14094,True,2011,Debit,True
4497,589,23997,1999-09-01,Debit,8962,False,1999,Debit,True
2277,49,24135,2011-03-01,Debit,15510,True,2011,Debit,False
3061,49,24125,2010-05-01,Debit,20311,False,2010,Debit,False
3955,49,24127,2010-07-01,Debit,13492,True,2010,Debit,False
1654,1350,24242,2020-02-01,Debit,10015,False,2020,Debit,False
4257,1525,24104,2008-08-01,Debit (Prepaid),77,True,2008,Core credit,True
1077,1525,24074,2006-02-01,Credit,8200,False,2006,Core credit,True
3853,1525,24103,2008-07-01,Debit (Prepaid),50,True,2008,Core credit,True
4726,1525,24117,2009-09-01,Debit,297,True,2009,Core credit,True
5493,69,24095,2007-11-01,Credit,9300,True,2007,Debit,True
2062,69,24051,2004-03-01,Debit,24425,False,2004,Debit,True
252,69,24121,2010-01-01,Credit,3900,True,2010,Debit,True
2514,69,24076,2006-04-01,Debit,21098,True,2006,Debit,True
5253,69,24142,2011-10-01,Credit,10800,True,2011,Debit,True
3294,69,24066,2005-06-01,Debit,6817,True,2005,Debit,True
62,234,24049,2004-01-01,Credit,12600,True,2004,Prepaid,True
5370,234,24023,2001-11-01,Debit (Prepaid),42,False,2001,Prepaid,True
5861,234,24084,2006-12-01,Credit,6400,True,2006,Prepaid,True
4799,234,24129,2010-09-01,Credit,9800,True,2010,Prepaid,True
2052,234,24039,2003-03-01,Debit,4750,True,2003,Prepaid,True
5178,234,24118,2009-10-01,Debit,6532,True,2009,Prepaid,True
2355,608,24195,2016-03-01,Debit,1044,True,2016,Debit,True
2278,608,24135,2011-03-01,Debit,746,False,2011,Debit,True
1655,608,24242,2020-02-01,Debit (Prepaid),61,True,2020,Debit,True
5494,1064,24095,2007-11-01,Debit (Prepaid),58,False,2007,Prepaid,False
4567,374,24057,2004-09-01,Debit,18771,False,2004,Debit,True
5100,374,24094,2007-10-01,Debit,17108,True,2007,Debit,True
1919,374,24242,2020-02-01,Debit,12446,True,2020,Debit,True
3791,374,24079,2006-07-01,Credit,8200,True,2006,Debit,True
2569,374,24100,2008-04-01,Debit,7081,True,2008,Debit,True
1358,286,24182,2015-02-01,Debit,23009,True,2015,Debit,True
6092,286,24168,2013-12-01,Debit,17973,True,2013,Debit,True
4450,286,24188,2015-08-01,Debit,12254,True,2015,Debit,True
4782,286,24129,2010-09-01,Debit,20799,False,2010,Debit,True
2463,1419,24052,2004-04-01,Debit,27320,False,2004,Debit,False
4840,1435,24153,2012-09-01,Debit,34818,True,2012,Premium credit,True
2360,1435,24195,2016-03-01,Debit,38837,True,2016,Premium credit,True
4294,1435,24116,2009-08-01,Credit,23500,False,2009,Premium credit,True
1343,1683,24170,2014-02-01,Debit,13014,True,2014,Core credit,False
5044,1683,24082,2006-10-01,Credit,5500,False,2006,Core credit,False
4697,1683,24105,2008-09-01,Debit,5949,True,2008,Core credit,False
4698,727,24105,2008-09-01,Credit,10700,True,2008,Debit,True
3808,727,24091,2007-07-01,Debit,12451,False,2007,Debit,True
1920,727,24242,2020-02-01,Credit,6700,True,2020,Debit,True
4295,727,24116,2009-08-01,Debit,19086,True,2009,Debit,True
2665,727,24124,2010-04-01,Credit,9700,True,2010,Debit,True
5896,1150,24096,2007-12-01,Credit,17200,True,2007,Premium credit,True
4672,1150,24105,2008-09-01,Debit,29486,True,2008,Premium credit,True
1225,1150,24122,2010-02-01,Credit,9700,True,2010,Premium credit,True
4856,1150,24165,2013-09-01,Debit,20111,True,2013,Premium credit,True
2551,1150,24088,2007-04-01,Credit,13200,False,2007,Premium credit,True
4484,332,24236,2019-08-01,Debit,29728,True,2019,Core credit,True
5816,332,24060,2004-12-01,Credit,7900,False,2004,Core credit,True
1198,332,24110,2009-02-01,Debit,12106,True,2009,Core credit,True
253,332,24121,2010-01-01,Debit,7452,True,2010,Core credit,True
1656,487,24242,2020-02-01,Debit,28281,True,2020,Debit,True
2835,487,24029,2002-05-01,Credit,11400,True,2002,Debit,True
2024,487,24015,2001-03-01,Debit,28790,False,2001,Debit,True
2007,735,23967,1997-03-01,Credit,15700,False,1997,Premium credit,False
5431,735,24071,2005-11-01,Debit,34075,True,2005,Premium credit,False
4651,735,24093,2007-09-01,Credit,18600,True,2007,Premium credit,False
1335,137,24170,2014-02-01,Credit,9700,True,2014,Debit,True
5442,137,24071,2005-11-01,Debit,13352,False,2005,Debit,True
6114,137,24192,2015-12-01,Debit,28179,True,2015,Debit,True
5897,570,24096,2007-12-01,Debit,19132,False,2007,Debit,True
4063,1121,24211,2017-07-01,Debit,31535,True,2017,Debit,True
1372,1121,24206,2017-02-01,Debit,51951,True,2017,Debit,True
5511,1121,24095,2007-11-01,Credit,23400,True,2007,Debit,True
5817,1121,24060,2004-12-01,Debit,4130,False,2004,Debit,True
3777,1121,24079,2006-07-01,Credit,11500,True,2006,Debit,True
4920,860,24225,2018-09-01,Credit,22100,True,2018,Debit,True
5412,860,24059,2004-11-01,Debit,34722,True,2004,Debit,True
3534,860,24138,2011-06-01,Debit,21885,True,2011,Debit,True
5782,860,24036,2002-12-01,Debit,39870,False,2002,Debit,True
5733,518,24215,2017-11-01,Credit,5900,False,2017,Core credit,False
3429,1203,24114,2009-06-01,Debit (Prepaid),70,False,2009,Prepaid,True
2302,944,24147,2012-03-01,Debit,66930,True,2012,Debit,True
372,944,24217,2018-01-01,Debit,72274,True,2018,Debit,True
2828,944,24029,2002-05-01,Debit,130971,False,2002,Debit,True
1921,944,24242,2020-02-01,Debit,52717,True,2020,Debit,True
3500,944,24126,2010-06-01,Credit,25500,True,2010,Debit,True
5550,944,24107,2008-11-01,Debit,42541,True,2008,Debit,True
1657,388,24242,2020-02-01,Debit,5456,True,2020,Debit,False
5692,388,24167,2013-11-01,Debit,12606,False,2013,Debit,False
3975,741,24139,2011-07-01,Debit,20174,False,2011,Debit,False
6007,1737,24132,2010-12-01,Debit,20090,True,2010,Debit,True
1096,1737,24074,2006-02-01,Debit,11906,True,2006,Debit,True
3618,1737,24210,2017-06-01,Debit,27888,True,2017,Debit,True
5756,1737,23988,1998-12-01,Debit,24132,False,1998,Debit,True
3319,1709,24078,2006-06-01,Debit,13461,False,2006,Debit,True
5478,1018,24095,2007-11-01,Credit,9900,True,2007,Debit,True
2393,1018,23932,1994-04-01,Debit,4252,False,1994,Debit,True
3022,1018,24113,2009-05-01,Credit,9800,True,2009,Debit,True
4077,1018,24235,2019-07-01,Debit,16732,True,2019,Debit,True
1922,1018,24242,2020-02-01,Debit,13609,True,2020,Debit,True
5970,1018,24120,2009-12-01,Debit,17804,True,2009,Debit,True
3911,275,24115,2009-07-01,Credit,6200,True,2009,Debit,True
63,275,24049,2004-01-01,Debit,30891,False,2004,Debit,True
2769,275,24208,2017-04-01,Debit,31873,True,2017,Debit,True
3036,275,24125,2010-05-01,Credit,15600,True,2010,Debit,True
3893,1367,24115,2009-07-01,Debit (Prepaid),110,True,2009,Debit,True
2053,1367,24039,2003-03-01,Debit,17405,False,2003,Debit,True
865,1367,24241,2020-01-01,Debit (Prepaid),58,True,2020,Debit,True
4643,1367,24093,2007-09-01,Credit,9200,True,2007,Debit,True
1923,1965,24242,2020-02-01,Credit,11200,False,2020,Premium credit,False
4917,284,24225,2018-09-01,Debit,23206,True,2018,Debit,False
4347,284,24128,2010-08-01,Debit,35684,True,2010,Debit,False
5726,284,24203,2016-11-01,Debit (Prepaid),76,True,2016,Debit,False
86,284,24061,2005-01-01,Debit,18270,False,2005,Debit,False
2931,79,24089,2007-05-01,Debit,6588,False,2007,Debit,True
2671,79,24136,2011-04-01,Credit,12200,True,2011,Debit,True
1924,79,24242,2020-02-01,Debit,23083,True,2020,Debit,True
5569,79,24119,2009-11-01,Debit,21497,True,2009,Debit,True
3320,1515,24078,2006-06-01,Debit (Prepaid),29,False,2006,Prepaid,True
5199,1515,24130,2010-10-01,Debit,20165,True,2010,Prepaid,True
5557,1515,24119,2009-11-01,Credit,16300,True,2009,Prepaid,True
5558,1515,24119,2009-11-01,Credit,11100,True,2009,Prepaid,True
2336,1515,24171,2014-03-01,Credit,7700,True,2014,Prepaid,True
3712,1934,24055,2004-07-01,Credit,6000,False,2004,Core credit,False
1658,9,24242,2020-02-01,Debit,2049,True,2020,Debit,False
1418,9,24242,2020-02-01,Credit,7600,True,2020,Debit,False
621,9,24241,2020-01-01,Debit,14670,False,2020,Debit,False
4431,1964,24176,2014-08-01,Credit,11600,True,2014,Core credit,True
2752,1964,24184,2015-04-01,Debit,14960,True,2015,Core credit,True
2508,1964,24076,2006-04-01,Credit,9600,False,2006,Core credit,True
5898,1964,24096,2007-12-01,Debit,17367,True,2007,Core credit,True
3321,982,24078,2006-06-01,Debit,21358,True,2006,Core credit,False
3824,982,24091,2007-07-01,Credit,16900,True,2007,Core credit,False
3713,982,24055,2004-07-01,Credit,8500,False,2004,Core credit,False
4699,982,24105,2008-09-01,Debit,28431,True,2008,Core credit,False
1148,1676,24098,2008-02-01,Debit,77,True,2008,Debit,True
134,1676,24085,2007-01-01,Debit,17360,False,2007,Debit,True
5158,1676,24118,2009-10-01,Debit,4055,True,2009,Debit,True
1020,1519,24038,2003-02-01,Debit,14216,False,2003,Debit,True
2452,1519,24040,2003-04-01,Debit,19037,True,2003,Debit,True
4210,1519,24092,2007-08-01,Debit,16028,True,2007,Debit,True
2476,1519,24064,2005-04-01,Credit,14200,True,2005,Debit,True
4626,1098,24081,2006-09-01,Debit,12640,False,2006,Debit,True
2253,1098,24123,2010-03-01,Debit,16868,True,2010,Debit,True
1320,1098,24158,2013-02-01,Debit,11121,True,2013,Debit,True
5179,1098,24118,2009-10-01,Credit,10000,True,2009,Debit,True
2424,554,24016,2001-04-01,Debit (Prepaid),56,False,2001,Prepaid,True
2308,554,24147,2012-03-01,Debit,27376,True,2012,Prepaid,True
6070,554,24156,2012-12-01,Debit,32676,True,2012,Prepaid,True
3912,554,24115,2009-07-01,Debit,25658,True,2009,Prepaid,True
4275,554,24104,2008-08-01,Credit,22800,True,2008,Prepaid,True
1659,596,24242,2020-02-01,Credit,10700,True,2020,Core credit,True
2753,596,24184,2015-04-01,Credit,5100,False,2015,Core credit,True
1925,596,24242,2020-02-01,Credit,7200,True,2020,Core credit,True
5985,170,24120,2009-12-01,Debit,16740,True,2009,Premium credit,True
866,170,24241,2020-01-01,Debit,13841,True,2020,Premium credit,True
4841,170,24153,2012-09-01,Debit,15638,True,2012,Premium credit,True
3340,170,24090,2007-06-01,Credit,11400,False,2007,Premium credit,True
1344,794,24170,2014-02-01,Debit,12501,True,2014,Debit,True
4432,794,24176,2014-08-01,Debit (Prepaid),71,True,2014,Debit,True
3430,794,24114,2009-06-01,Debit,11164,False,2009,Debit,True
4306,1697,24116,2009-08-01,Debit,8365,True,2009,Debit,True
3023,1697,24113,2009-05-01,Debit,17104,True,2009,Debit,True
1101,1697,24086,2007-02-01,Credit,2100,True,2007,Debit,True
73,1697,24061,2005-01-01,Debit,13634,False,2005,Debit,True
2746,1697,24184,2015-04-01,Debit (Prepaid),63,True,2015,Debit,True
3295,1697,24066,2005-06-01,Debit,18721,True,2005,Debit,True
3268,573,24054,2004-06-01,Credit,3400,False,2004,Core credit,True
1660,1715,24242,2020-02-01,Debit,6824,False,2020,Debit,False
1926,1607,24242,2020-02-01,Credit,20700,False,2020,Premium credit,False
2891,1026,24065,2005-05-01,Credit,6200,True,2005,Prepaid,True
983,1026,24002,2000-02-01,Debit (Prepaid),31,False,2000,Prepaid,True
5398,1026,24047,2003-11-01,Credit,1000,True,2003,Prepaid,True
2870,1026,24053,2004-05-01,Debit (Prepaid),77,True,2004,Prepaid,True
622,1892,24241,2020-01-01,Debit (Prepaid),31,False,2020,Debit,False
867,1892,24241,2020-01-01,Debit,318,False,2020,Debit,False
1927,402,24242,2020-02-01,Debit,20709,True,2020,Debit,True
2536,402,24088,2007-04-01,Debit,20230,False,2007,Debit,True
2698,402,24148,2012-04-01,Debit,14749,True,2012,Debit,True
970,1628,23990,1999-02-01,Debit,9171,False,1999,Debit,False
6082,1628,24168,2013-12-01,Credit,17400,True,2013,Debit,False
3349,553,24090,2007-06-01,Debit,14475,False,2007,Debit,False
1114,1551,24086,2007-02-01,Debit,15967,False,2007,Debit,True
2389,1551,24231,2019-03-01,Debit,12250,True,2019,Debit,True
5590,1551,24119,2009-11-01,Debit (Prepaid),63,True,2009,Debit,True
2537,1551,24088,2007-04-01,Debit (Prepaid),66,True,2007,Debit,True
2988,1551,24101,2008-05-01,Credit,8500,True,2008,Debit,True
4001,1672,24151,2012-07-01,Debit (Prepaid),65,False,2012,Prepaid,True
1451,1672,24242,2020-02-01,Credit,16100,True,2020,Prepaid,True
623,1672,24241,2020-01-01,Debit,3313,True,2020,Prepaid,True
868,426,24241,2020-01-01,Credit,10400,False,2020,Premium credit,False
1661,426,24242,2020-02-01,Debit,2117,True,2020,Premium credit,False
869,426,24241,2020-01-01,Debit,11265,False,2020,Premium credit,False
624,426,24241,2020-01-01,Debit,5618,False,2020,Premium credit,False
5184,1135,24130,2010-10-01,Credit,20800,True,2010,Premium credit,True
1419,1135,24242,2020-02-01,Credit,11700,True,2020,Premium credit,True
870,1135,24241,2020-01-01,Debit,33028,True,2020,Premium credit,True
6093,1135,24168,2013-12-01,Debit,19830,True,2013,Premium credit,True
4037,1135,24187,2015-07-01,Debit,22482,True,2015,Premium credit,True
4977,1135,24034,2002-10-01,Credit,22400,False,2002,Premium credit,True
3081,1135,24125,2010-05-01,Debit (Prepaid),62,True,2010,Premium credit,True
3809,1420,24091,2007-07-01,Debit,27723,True,2007,Debit,False
4258,1420,24104,2008-08-01,Credit,31800,True,2008,Debit,False
1180,1420,24110,2009-02-01,Debit,16028,True,2009,Debit,False
3676,1420,24031,2002-07-01,Debit,25411,False,2002,Debit,False
337,1589,24169,2014-01-01,Debit,11912,False,2014,Debit,True
4913,1589,24213,2017-09-01,Debit,13064,True,2017,Debit,True
5306,1589,24190,2015-10-01,Debit,8912,True,2015,Debit,True
1149,1002,24098,2008-02-01,Debit,15962,False,2008,Debit,True
1069,1411,24062,2005-02-01,Credit,18200,True,2005,Debit,True
3778,1411,24079,2006-07-01,Debit,3450,True,2006,Debit,True
4700,1411,24105,2008-09-01,Debit,3450,True,2008,Debit,True
5761,1411,24000,1999-12-01,Debit,39598,False,1999,Debit,True
1368,1654,24194,2016-02-01,Debit,36502,True,2016,Premium credit,True
2915,1654,24077,2006-05-01,Credit,14900,False,2006,Premium credit,True
5257,1654,24154,2012-10-01,Credit,11800,True,2012,Premium credit,True
1200,1654,24122,2010-02-01,Credit,14000,True,2010,Premium credit,True
4276,1654,24104,2008-08-01,Credit,16000,True,2008,Premium credit,True
2189,1330,24099,2008-03-01,Debit,32557,True,2008,Debit,True
6045,1330,24144,2011-12-01,Debit,21820,True,2011,Debit,True
4579,1330,24069,2005-09-01,Debit,14448,False,2005,Debit,True
5123,790,24106,2008-10-01,Debit,19038,True,2008,Debit,True
3350,790,24090,2007-06-01,Debit,23632,False,2007,Debit,True
3275,552,24054,2004-06-01,Debit,18627,False,2004,Debit,True
3641,139,24234,2019-06-01,Debit (Prepaid),86,True,2019,Prepaid,False
5705,139,24179,2014-11-01,Debit,18944,True,2014,Prepaid,False
87,139,24061,2005-01-01,Debit,20962,True,2005,Prepaid,False
3276,139,24054,2004-06-01,Debit (Prepaid),86,False,2004,Prepaid,False
6104,1280,24192,2015-12-01,Credit,6000,False,2015,Core credit,False
3604,883,24198,2016-06-01,Credit,12500,False,2016,Premium credit,True
5302,359,24190,2015-10-01,Credit,17200,True,2015,Premium credit,True
2331,359,24171,2014-03-01,Debit,31163,True,2014,Premium credit,True
3567,359,24162,2013-06-01,Debit (Prepaid),59,True,2013,Premium credit,True
2489,359,24064,2005-04-01,Credit,13500,False,2005,Premium credit,True
3024,1921,24113,2009-05-01,Credit,8900,True,2009,Core credit,True
3810,1921,24091,2007-07-01,Credit,2900,False,2007,Core credit,True
1181,1921,24110,2009-02-01,Debit (Prepaid),89,True,2009,Core credit,True
5137,651,24106,2008-10-01,Credit,5200,False,2008,Core credit,False
5570,557,24119,2009-11-01,Debit,6090,False,2009,Debit,True
338,1071,24169,2014-01-01,Debit,31072,False,2014,Debit,False
1420,1071,24242,2020-02-01,Credit,11200,True,2020,Debit,False
1662,1071,24242,2020-02-01,Debit (Prepaid),38,True,2020,Debit,False
74,1175,24061,2005-01-01,Debit,10670,False,2005,Debit,False
5067,1175,24082,2006-10-01,Credit,5900,True,2006,Debit,False
4904,1175,24213,2017-09-01,Credit,7600,True,2017,Debit,False
5341,1175,24238,2019-10-01,Debit (Prepaid),95,True,2019,Debit,False
2132,1175,24075,2006-03-01,Credit,5100,True,2006,Debit,False
4627,1175,24081,2006-09-01,Debit,1753,True,2006,Debit,False
116,1175,24073,2006-01-01,Debit,8427,True,2006,Debit,False
5914,1936,24096,2007-12-01,Debit,27006,False,2007,Debit,True
3006,1936,24113,2009-05-01,Debit,34348,True,2009,Debit,True
5531,1936,24107,2008-11-01,Debit,25659,True,2008,Debit,True
2264,1936,24123,2010-03-01,Credit,14500,True,2010,Debit,True
5551,1936,24107,2008-11-01,Credit,16400,True,2008,Debit,True
3825,182,24091,2007-07-01,Debit,9418,True,2007,Debit,False
980,182,24002,2000-02-01,Debit,20677,False,2000,Debit,False
5532,468,24107,2008-11-01,Debit,21900,False,2008,Debit,True
4705,468,24117,2009-09-01,Credit,13100,True,2009,Debit,True
3450,1651,24114,2009-06-01,Credit,25400,True,2009,Debit,True
4181,1651,24080,2006-08-01,Debit,21177,False,2006,Debit,True
1663,1714,24242,2020-02-01,Credit,20700,False,2020,Premium credit,False
1421,1714,24242,2020-02-01,Credit,12600,False,2020,Premium credit,False
5533,1839,24107,2008-11-01,Debit,15122,False,2008,Debit,False
339,1585,24169,2014-01-01,Debit,14708,True,2014,Debit,True
2721,1585,24160,2013-04-01,Debit,19197,False,2013,Debit,True
6103,1585,24180,2014-12-01,Debit,14830,True,2014,Debit,True
4498,1245,23997,1999-09-01,Debit,6631,True,1999,Debit,True
6008,1245,24132,2010-12-01,Debit,13910,True,2010,Debit,True
4873,1245,24177,2014-09-01,Credit,6900,True,2014,Debit,True
5347,1245,23939,1994-11-01,Debit,19955,False,1994,Debit,True
5675,1245,24155,2012-11-01,Debit (Prepaid),66,True,2012,Debit,True
3451,1245,24114,2009-06-01,Credit,9900,True,2009,Debit,True
4759,732,24129,2010-09-01,Credit,9200,True,2010,Prepaid,True
5200,732,24130,2010-10-01,Debit,9420,True,2010,Prepaid,True
1115,732,24086,2007-02-01,Debit (Prepaid),49,True,2007,Prepaid,True
5948,732,24108,2008-12-01,Debit,18535,True,2008,Prepaid,True
5220,732,24130,2010-10-01,Debit,10104,True,2010,Prepaid,True
46,732,24037,2003-01-01,Debit (Prepaid),63,False,2003,Prepaid,True
625,342,24241,2020-01-01,Debit,61407,False,2020,Debit,False
2303,476,24147,2012-03-01,Credit,10100,True,2012,Debit,True
1070,476,24062,2005-02-01,Debit,31535,False,2005,Debit,True
5684,476,24167,2013-11-01,Debit,21282,True,2013,Debit,True
2666,164,24124,2010-04-01,Credit,5100,True,2010,Debit,True
3210,164,23994,1999-06-01,Debit,14103,False,1999,Debit,True
3748,164,24067,2005-07-01,Debit,21847,True,2005,Debit,True
5272,164,24166,2013-10-01,Debit,28425,True,2013,Debit,True
871,539,24241,2020-01-01,Debit,4087,False,2020,Debit,False
3648,40,23983,1998-07-01,Credit,8200,False,1998,Core credit,True
2437,40,24028,2002-04-01,Debit,1462,True,2002,Core credit,True
1289,40,24134,2011-02-01,Debit (Prepaid),58,True,2011,Core credit,True
2011,40,23991,1999-03-01,Debit,142,True,1999,Core credit,True
4400,1,24152,2012-08-01,Debit,18105,True,2012,Premium credit,True
3682,1,24031,2002-07-01,Credit,10900,False,2002,Premium credit,True
4652,1,24093,2007-09-01,Credit,12800,True,2007,Premium credit,True
288,272,24133,2011-01-01,Debit,2670,False,2011,Debit,False
3120,272,24149,2012-05-01,Credit,14700,True,2012,Debit,False
626,272,24241,2020-01-01,Debit (Prepaid),100,True,2020,Debit,False
627,521,24241,2020-01-01,Debit,1680,False,2020,Debit,False
4890,988,24189,2015-09-01,Debit,18579,True,2015,Premium credit,True
3935,988,24127,2010-07-01,Credit,13200,False,2010,Premium credit,True
1422,988,24242,2020-02-01,Credit,1900,True,2020,Premium credit,True
4384,988,24140,2011-08-01,Credit,17100,True,2011,Premium credit,True
3158,660,24173,2014-05-01,Debit,16820,True,2014,Premium credit,True
5185,660,24130,2010-10-01,Credit,12000,False,2010,Premium credit,True
2343,1381,24183,2015-03-01,Debit,21357,True,2015,Debit,True
3738,1381,24067,2005-07-01,Debit,22964,False,2005,Debit,True
628,1381,24241,2020-01-01,Debit,16769,True,2020,Debit,True
5635,1381,24131,2010-11-01,Credit,10100,True,2010,Debit,True
2722,184,24160,2013-04-01,Debit,20773,True,2013,Prepaid,True
2475,184,24064,2005-04-01,Credit,15300,True,2005,Prepaid,True
3936,184,24127,2010-07-01,Debit,11160,True,2010,Prepaid,True
3211,184,23994,1999-06-01,Debit (Prepaid),110,True,1999,Prepaid,True
4800,184,24129,2010-09-01,Debit,8766,True,2010,Prepaid,True
4935,184,23986,1998-10-01,Debit (Prepaid),95,False,1998,Prepaid,True
4701,1183,24105,2008-09-01,Credit,9100,True,2008,Debit,True
4727,1183,24117,2009-09-01,Debit,15441,True,2009,Debit,True
2858,1183,24053,2004-05-01,Debit,12021,False,2004,Debit,True
4211,1183,24092,2007-08-01,Debit,8887,True,2007,Debit,True
2279,905,24135,2011-03-01,Debit (Prepaid),77,True,2011,Debit,True
5053,905,24082,2006-10-01,Credit,22500,True,2006,Debit,True
5087,905,24094,2007-10-01,Debit,19600,True,2007,Debit,True
4329,905,24128,2010-08-01,Debit,40019,True,2010,Debit,True
53,905,24049,2004-01-01,Debit,64321,False,2004,Debit,True
3587,419,24174,2014-06-01,Debit,16731,True,2014,Debit,True
3854,419,24103,2008-07-01,Credit,8800,True,2008,Debit,True
3792,419,24079,2006-07-01,Debit,12764,True,2006,Debit,True
4111,419,24032,2002-08-01,Debit,7943,False,2002,Debit,True
3284,419,24054,2004-06-01,Debit,18089,True,2004,Debit,True
433,239,24241,2020-01-01,Credit,13800,False,2020,Premium credit,False
872,239,24241,2020-01-01,Debit,20134,False,2020,Premium credit,False
629,239,24241,2020-01-01,Debit (Prepaid),55,False,2020,Premium credit,False
630,239,24241,2020-01-01,Debit,9279,False,2020,Premium credit,False
1664,239,24242,2020-02-01,Debit,21449,True,2020,Premium credit,False
5230,1241,24142,2011-10-01,Credit,16500,True,2011,Debit,True
3501,1241,24126,2010-06-01,Debit,9335,True,2010,Debit,True
3724,1241,24055,2004-07-01,Debit,14079,False,2004,Debit,True
1928,383,24242,2020-02-01,Debit,10367,True,2020,Core credit,True
3686,383,24043,2003-07-01,Credit,8200,False,2003,Core credit,True
1092,383,24074,2006-02-01,Debit,13350,True,2006,Core credit,True
985,1816,24014,2001-02-01,Credit,10200,False,2001,Premium credit,True
182,1816,24097,2008-01-01,Debit,22648,True,2008,Premium credit,True
275,1501,24133,2011-01-01,Debit,17717,True,2011,Core credit,False
3683,1501,24031,2002-07-01,Credit,8300,False,2002,Core credit,False
3872,1501,24103,2008-07-01,Debit,25719,True,2008,Core credit,False
3855,497,24103,2008-07-01,Credit,13200,True,2008,Debit,True
3198,497,24209,2017-05-01,Credit,12500,True,2017,Debit,True
3879,497,24115,2009-07-01,Credit,15400,True,2009,Debit,True
1452,497,24242,2020-02-01,Credit,13900,True,2020,Debit,True
2829,497,24029,2002-05-01,Debit,16681,False,2002,Debit,True
3452,497,24114,2009-06-01,Credit,11800,True,2009,Debit,True
873,893,24241,2020-01-01,Debit (Prepaid),57,False,2020,Prepaid,False
1665,893,24242,2020-02-01,Debit,10573,True,2020,Prepaid,False
1929,893,24242,2020-02-01,Debit,17499,True,2020,Prepaid,False
5862,44,24084,2006-12-01,Debit,20015,True,2006,Core credit,True
2932,44,24089,2007-05-01,Debit,9707,True,2007,Core credit,True
5748,44,23916,1992-12-01,Credit,3400,False,1992,Core credit,True
4401,661,24164,2013-08-01,Credit,5300,False,2013,Core credit,True
5710,661,24191,2015-11-01,Debit,22789,True,2015,Core credit,True
1345,661,24170,2014-02-01,Debit,13193,True,2014,Core credit,True
3731,939,24067,2005-07-01,Credit,1700,True,2005,Core credit,True
2028,939,24015,2001-03-01,Credit,9000,False,2001,Core credit,True
276,947,24133,2011-01-01,Debit (Prepaid),79,True,2011,Debit,True
5534,947,24107,2008-11-01,Debit (Prepaid),87,True,2008,Debit,True
2620,947,24112,2009-04-01,Debit,11254,True,2009,Debit,True
2552,947,24088,2007-04-01,Debit,11344,False,2007,Debit,True
75,1749,24061,2005-01-01,Debit (Prepaid),50,False,2005,Prepaid,True
229,1749,24121,2010-01-01,Debit,1213,True,2010,Prepaid,True
3551,385,24150,2012-06-01,Debit,29219,True,2012,Debit,True
1321,385,24158,2013-02-01,Debit,17907,True,2013,Debit,True
2289,385,24135,2011-03-01,Debit,24298,True,2011,Debit,True
5124,385,24106,2008-10-01,Credit,11700,True,2008,Debit,True
973,385,23990,1999-02-01,Debit,16227,False,1999,Debit,True
2871,385,24053,2004-05-01,Debit,7495,True,2004,Debit,True
1290,385,24134,2011-02-01,Debit,2210,True,2011,Debit,True
874,67,24241,2020-01-01,Credit,17300,False,2020,Premium credit,False
1666,67,24242,2020-02-01,Debit,3334,True,2020,Premium credit,False
1226,1298,24122,2010-02-01,Debit,10040,False,2010,Debit,True
5221,1298,24130,2010-10-01,Credit,8500,True,2010,Debit,True
2386,913,24231,2019-03-01,Debit,11646,True,2019,Debit,True
3110,913,24137,2011-05-01,Credit,6900,True,2011,Debit,True
5899,913,24096,2007-12-01,Debit,8230,False,2007,Debit,True
2933,1634,24089,2007-05-01,Credit,4400,True,2007,Debit,True
2464,1634,24052,2004-04-01,Debit,8638,False,2004,Debit,True
2245,1634,24123,2010-03-01,Credit,4700,True,2010,Debit,True
4743,1634,24117,2009-09-01,Credit,4100,True,2009,Debit,True
1071,804,24062,2005-02-01,Credit,8900,True,2005,Debit,True
5986,804,24120,2009-12-01,Debit,3905,True,2009,Debit,True
17,804,24001,2000-01-01,Debit,18744,False,2000,Debit,True
213,804,24109,2009-01-01,Credit,5400,True,2009,Debit,True
2553,804,24088,2007-04-01,Debit,14507,True,2007,Debit,True
3602,1703,24186,2015-06-01,Credit,8700,True,2015,Premium credit,True
2969,1703,24101,2008-05-01,Credit,10600,False,2008,Premium credit,True
6078,1741,24156,2012-12-01,Debit,11510,True,2012,Core credit,True
5571,1741,24119,2009-11-01,Debit,15765,True,2009,Core credit,True
3025,1741,24113,2009-05-01,Debit (Prepaid),56,True,2009,Core credit,True
1097,1741,24074,2006-02-01,Credit,7300,False,2006,Core credit,True
1360,1741,24182,2015-02-01,Credit,8500,True,2015,Core credit,True
3037,1741,24125,2010-05-01,Credit,7500,True,2010,Core credit,True
2595,1741,24112,2009-04-01,Credit,5900,True,2009,Core credit,True
2235,1741,24111,2009-03-01,Credit,13600,True,2009,Core credit,True
5465,1741,24083,2006-11-01,Credit,10700,True,2006,Core credit,True
4504,766,24009,2000-09-01,Debit,6424,True,2000,Debit,False
4499,766,23997,1999-09-01,Debit,14248,False,1999,Debit,False
2356,766,24195,2016-03-01,Credit,5400,True,2016,Debit,False
3811,472,24091,2007-07-01,Debit,13448,False,2007,Premium credit,True
3007,472,24113,2009-05-01,Debit (Prepaid),44,True,2009,Premium credit,True
3826,472,24091,2007-07-01,Credit,11300,False,2007,Premium credit,True
4307,472,24116,2009-08-01,Debit,30622,True,2009,Premium credit,True
2970,366,24101,2008-05-01,Debit,12241,True,2008,Core credit,True
5258,366,24154,2012-10-01,Credit,6200,True,2012,Core credit,True
986,366,24014,2001-02-01,Credit,9500,False,2001,Core credit,True
4812,366,24141,2011-09-01,Debit,23042,True,2011,Core credit,True
2934,366,24089,2007-05-01,Debit,19019,True,2007,Core credit,True
5846,366,24072,2005-12-01,Credit,2200,True,2005,Core credit,True
1072,366,24062,2005-02-01,Credit,13700,True,2005,Core credit,True
875,1205,24241,2020-01-01,Credit,13500,False,2020,Premium credit,False
631,1205,24241,2020-01-01,Credit,7800,False,2020,Premium credit,False
1423,1205,24242,2020-02-01,Credit,13300,True,2020,Premium credit,False
1667,1205,24242,2020-02-01,Debit,24665,True,2020,Premium credit,False
1668,1205,24242,2020-02-01,Debit,28648,True,2020,Premium credit,False
1078,1705,24074,2006-02-01,Credit,7000,False,2006,Core credit,False
4628,1705,24081,2006-09-01,Debit,1324,True,2006,Core credit,False
6009,1705,24132,2010-12-01,Debit,8950,True,2010,Core credit,False
876,626,24241,2020-01-01,Debit,43186,False,2020,Debit,False
1669,626,24242,2020-02-01,Debit,56434,True,2020,Debit,False
3753,1638,24079,2006-07-01,Credit,10000,True,2006,Premium credit,True
4956,1638,24022,2001-10-01,Credit,21300,False,2001,Premium credit,True
4296,1638,24116,2009-08-01,Debit,18281,True,2009,Premium credit,True
4728,1638,24117,2009-09-01,Debit,13297,True,2009,Premium credit,True
3856,1638,24103,2008-07-01,Debit,3485,True,2008,Premium credit,True
5572,1953,24119,2009-11-01,Debit (Prepaid),54,False,2009,Prepaid,False
1424,1953,24242,2020-02-01,Credit,9900,True,2020,Prepaid,False
1670,1953,24242,2020-02-01,Debit,8257,True,2020,Prepaid,False
5937,1771,24108,2008-12-01,Debit,29078,False,2008,Debit,True
2607,1771,24112,2009-04-01,Debit (Prepaid),59,True,2009,Debit,True
3098,1771,24137,2011-05-01,Debit,27534,True,2011,Debit,True
5847,931,24072,2005-12-01,Debit,21652,False,2005,Debit,True
2699,1190,24148,2012-04-01,Debit,19919,True,2012,Debit,True
5358,1190,23999,1999-11-01,Debit,24272,False,1999,Debit,True
1671,1190,24242,2020-02-01,Debit,23805,True,2020,Debit,True
1201,1190,24122,2010-02-01,Credit,13800,True,2010,Debit,True
5771,1190,24024,2001-12-01,Debit (Prepaid),27,True,2001,Debit,True
4508,1190,24009,2000-09-01,Debit,4653,True,2000,Debit,True
632,1190,24241,2020-01-01,Credit,9900,True,2020,Debit,True
1227,371,24122,2010-02-01,Debit (Prepaid),34,True,2010,Debit,True
5495,371,24095,2007-11-01,Debit,11861,False,2007,Debit,True
3453,371,24114,2009-06-01,Debit,27382,True,2009,Debit,True
3134,371,24161,2013-05-01,Credit,27600,True,2013,Debit,True
2989,1404,24101,2008-05-01,Debit,4906,True,2008,Debit,True
4555,1404,24057,2004-09-01,Debit,1993,False,2004,Debit,True
1425,1970,24242,2020-02-01,Credit,14800,False,2020,Premium credit,False
1672,1970,24242,2020-02-01,Debit,2593,False,2020,Premium credit,False
2411,1364,24004,2000-04-01,Credit,0,False,2000,Core credit,True
54,1364,24049,2004-01-01,Debit,0,True,2004,Core credit,True
3812,327,24091,2007-07-01,Credit,14900,True,2007,Debit,True
4170,327,24068,2005-08-01,Debit,15720,False,2005,Debit,True
3062,327,24125,2010-05-01,Debit,9165,True,2010,Debit,True
3063,327,24125,2010-05-01,Debit,13322,True,2010,Debit,True
5512,327,24095,2007-11-01,Debit,11528,True,2007,Debit,True
407,1337,24241,2020-01-01,Credit,9600,False,2020,Core credit,False
1673,1337,24242,2020-02-01,Debit,13573,True,2020,Core credit,False
877,594,24241,2020-01-01,Debit,11608,True,2020,Debit,False
1674,594,24242,2020-02-01,Debit,23699,True,2020,Debit,False
633,594,24241,2020-01-01,Credit,7700,True,2020,Debit,False
3894,594,24115,2009-07-01,Debit,6754,False,2009,Debit,False
1930,594,24242,2020-02-01,Credit,3500,True,2020,Debit,False
1931,594,24242,2020-02-01,Debit,14793,True,2020,Debit,False
4366,1704,24140,2011-08-01,Debit,44885,False,2011,Debit,False
4729,1500,24117,2009-09-01,Credit,14000,True,2009,Debit,True
5034,1500,24070,2005-10-01,Debit,18494,False,2005,Debit,True
5180,1500,24118,2009-10-01,Credit,14700,True,2009,Debit,True
3166,1500,24185,2015-05-01,Debit (Prepaid),69,True,2015,Debit,True
634,923,24241,2020-01-01,Debit,22234,False,2020,Core credit,False
878,923,24241,2020-01-01,Credit,3600,False,2020,Core credit,False
289,1788,24133,2011-01-01,Debit,26255,True,2011,Debit,True
2538,1788,24088,2007-04-01,Debit,5500,True,2007,Debit,True
5751,1788,23964,1996-12-01,Debit,12323,False,1996,Debit,True
2700,1788,24148,2012-04-01,Credit,7100,True,2012,Debit,True
4277,129,24104,2008-08-01,Debit (Prepaid),37,False,2008,Prepaid,False
2190,1756,24099,2008-03-01,Credit,19100,False,2008,Premium credit,True
4259,1756,24104,2008-08-01,Credit,11600,True,2008,Premium credit,True
6060,197,24144,2011-12-01,Debit,8144,False,2011,Debit,True
1932,197,24242,2020-02-01,Debit (Prepaid),53,True,2020,Debit,True
1933,197,24242,2020-02-01,Credit,8000,True,2020,Debit,True
2357,197,24195,2016-03-01,Debit,11919,True,2016,Debit,True
1302,197,24146,2012-02-01,Debit,17889,True,2012,Debit,True
5853,219,24084,2006-12-01,Credit,6300,True,2006,Core credit,True
4994,219,24046,2003-10-01,Credit,7900,False,2003,Core credit,True
4609,219,24081,2006-09-01,Debit,7995,True,2006,Core credit,True
2431,1820,24028,2002-04-01,Credit,7900,False,2002,Core credit,True
2339,1820,24183,2015-03-01,Credit,5900,True,2015,Core credit,True
3937,1820,24127,2010-07-01,Debit,18200,True,2010,Core credit,True
5201,1820,24130,2010-10-01,Debit,16502,True,2010,Core credit,True
3535,1820,24138,2011-06-01,Debit,16726,True,2011,Core credit,True
879,405,24241,2020-01-01,Debit,4140,False,2020,Debit,False
4171,726,24080,2006-08-01,Credit,9000,False,2006,Core credit,True
3391,726,24102,2008-06-01,Debit,12868,True,2008,Core credit,True
3431,726,24114,2009-06-01,Debit,27773,True,2009,Core credit,True
5535,20,24107,2008-11-01,Credit,16400,True,2008,Debit,True
376,20,24217,2018-01-01,Credit,13000,True,2018,Debit,True
1291,20,24134,2011-02-01,Debit,16465,True,2011,Debit,True
5011,20,24058,2004-10-01,Credit,9000,True,2004,Debit,True
3895,20,24115,2009-07-01,Debit,14961,True,2009,Debit,True
4995,20,24046,2003-10-01,Debit,19791,False,2003,Debit,True
3857,20,24103,2008-07-01,Debit,15771,True,2008,Debit,True
1228,20,24122,2010-02-01,Debit,7702,True,2010,Debit,True
2063,216,24051,2004-03-01,Debit,18729,False,2004,Debit,True
4367,216,24140,2011-08-01,Debit (Prepaid),80,True,2011,Debit,True
3404,216,24102,2008-06-01,Debit (Prepaid),86,True,2008,Debit,True
4260,293,24104,2008-08-01,Debit,20138,False,2008,Debit,True
1675,293,24242,2020-02-01,Debit,21335,True,2020,Debit,True
1676,293,24242,2020-02-01,Credit,9300,True,2020,Debit,True
1677,293,24242,2020-02-01,Credit,12600,True,2020,Debit,True
635,293,24241,2020-01-01,Debit,12899,True,2020,Debit,True
1678,1868,24242,2020-02-01,Credit,13500,True,2020,Debit,False
880,1868,24241,2020-01-01,Debit,17432,False,2020,Debit,False
4744,1996,24117,2009-09-01,Credit,9700,True,2009,Debit,True
4212,1996,24092,2007-08-01,Debit,13016,True,2007,Debit,True
2008,1996,23967,1997-03-01,Debit,24459,False,1997,Debit,True
3237,1171,24030,2002-06-01,Debit (Prepaid),87,True,2002,Prepaid,True
4213,1171,24092,2007-08-01,Credit,13500,True,2007,Prepaid,True
5354,1171,23975,1997-11-01,Debit (Prepaid),89,False,1997,Prepaid,True
4530,1171,24045,2003-09-01,Credit,8300,True,2003,Prepaid,True
5614,1171,24131,2010-11-01,Debit,24481,True,2010,Prepaid,True
5536,1154,24107,2008-11-01,Debit,2808,True,2008,Debit,False
3536,1154,24138,2011-06-01,Debit,24835,True,2011,Debit,False
4996,1154,24046,2003-10-01,Debit,12078,False,2003,Debit,False
2064,1154,24051,2004-03-01,Debit,6257,True,2004,Debit,False
3245,819,24030,2002-06-01,Credit,8400,False,2002,Core credit,True
4424,819,24176,2014-08-01,Credit,9900,True,2014,Core credit,True
1322,819,24158,2013-02-01,Debit,11818,True,2013,Core credit,True
5303,1554,24190,2015-10-01,Credit,11300,False,2015,Premium credit,False
3813,1079,24091,2007-07-01,Debit,8833,True,2007,Debit,True
5826,1079,24072,2005-12-01,Credit,13400,True,2005,Debit,True
2842,1079,24041,2003-05-01,Debit,30753,False,2003,Debit,True
1679,681,24242,2020-02-01,Debit,735,False,2020,Debit,False
2147,240,24087,2007-03-01,Debit,17667,False,2007,Debit,True
1680,240,24242,2020-02-01,Debit,14665,True,2020,Debit,True
4348,240,24128,2010-08-01,Debit,14392,True,2010,Debit,True
1323,751,24158,2013-02-01,Credit,14900,True,2013,Premium credit,True
5711,751,24191,2015-11-01,Debit,19488,True,2015,Premium credit,True
4745,751,24117,2009-09-01,Debit (Prepaid),84,True,2009,Premium credit,True
5552,751,24107,2008-11-01,Credit,20100,False,2008,Premium credit,True
6046,773,24144,2011-12-01,Debit (Prepaid),101,True,2011,Debit,True
2570,773,24100,2008-04-01,Debit,11372,False,2008,Debit,True
4011,773,24163,2013-07-01,Debit,21448,True,2013,Debit,True
4629,1294,24081,2006-09-01,Debit,19691,False,2006,Debit,True
2591,1294,24100,2008-04-01,Debit,14477,True,2008,Debit,True
2916,1567,24077,2006-05-01,Debit,17559,False,2006,Debit,True
3956,1567,24127,2010-07-01,Debit,24302,True,2010,Debit,True
5513,132,24095,2007-11-01,Debit,8105,False,2007,Debit,True
230,132,24121,2010-01-01,Debit (Prepaid),59,True,2010,Debit,True
2707,132,24148,2012-04-01,Credit,0,True,2012,Debit,True
2679,132,24136,2011-04-01,Debit,15022,True,2011,Debit,True
2884,512,24065,2005-05-01,Debit,27677,False,2005,Debit,False
1934,501,24242,2020-02-01,Debit,11779,True,2020,Core credit,False
636,501,24241,2020-01-01,Credit,9400,False,2020,Core credit,False
4261,178,24104,2008-08-01,Debit,17206,True,2008,Debit,True
4214,178,24092,2007-08-01,Debit,18235,False,2007,Debit,True
1681,178,24242,2020-02-01,Debit,25376,True,2020,Debit,True
2539,1077,24088,2007-04-01,Debit,17034,True,2007,Prepaid,True
4104,1077,24020,2001-08-01,Debit (Prepaid),33,False,2001,Prepaid,True
214,1077,24109,2009-01-01,Debit,20114,True,2009,Prepaid,True
2859,914,24053,2004-05-01,Debit,21074,False,2004,Debit,True
1274,914,24134,2011-02-01,Debit,17522,True,2011,Debit,True
5835,914,24072,2005-12-01,Debit,18547,True,2005,Debit,True
2148,914,24087,2007-03-01,Credit,11700,True,2007,Debit,True
5915,1840,24096,2007-12-01,Credit,14600,True,2007,Core credit,True
3660,1840,24007,2000-07-01,Credit,4600,False,2000,Core credit,True
6047,1840,24144,2011-12-01,Credit,13200,True,2011,Core credit,True
3322,1840,24078,2006-06-01,Debit,21701,True,2006,Core credit,True
4568,1840,24057,2004-09-01,Debit (Prepaid),4,True,2004,Core credit,True
1,550,23929,1994-01-01,Credit,11600,False,1994,Premium credit,True
3478,550,24126,2010-06-01,Debit (Prepaid),99,True,2010,Premium credit,True
163,550,24097,2008-01-01,Credit,4200,True,2008,Premium credit,True
4857,550,24165,2013-09-01,Debit,21988,True,2013,Premium credit,True
881,1869,24241,2020-01-01,Debit,12186,False,2020,Debit,False
5045,977,24082,2006-10-01,Credit,8900,False,2006,Core credit,True
4402,977,24164,2013-08-01,Credit,4000,True,2013,Core credit,True
3026,977,24113,2009-05-01,Credit,10200,True,2009,Core credit,True
1150,977,24098,2008-02-01,Debit,5649,True,2008,Core credit,True
5101,977,24094,2007-10-01,Debit,18934,True,2007,Core credit,True
2523,933,24088,2007-04-01,Credit,11500,True,2007,Prepaid,True
1426,933,24242,2020-02-01,Credit,5100,True,2020,Prepaid,True
4997,933,24046,2003-10-01,Debit (Prepaid),57,False,2003,Prepaid,True
2254,933,24123,2010-03-01,Credit,11800,True,2010,Prepaid,True
231,938,24121,2010-01-01,Credit,12500,False,2010,Premium credit,True
882,938,24241,2020-01-01,Debit (Prepaid),116,True,2020,Premium credit,True
1682,938,24242,2020-02-01,Debit,17447,True,2020,Premium credit,True
1935,622,24242,2020-02-01,Debit (Prepaid),126,True,2020,Prepaid,False
4884,622,24189,2015-09-01,Debit (Prepaid),86,False,2015,Prepaid,False
637,796,24241,2020-01-01,Debit,12695,True,2020,Premium credit,False
2314,796,24159,2013-03-01,Credit,11800,False,2013,Premium credit,False
638,796,24241,2020-01-01,Debit,18800,True,2020,Premium credit,False
4944,621,24010,2000-10-01,Debit,1368,False,2000,Debit,True
408,1038,24241,2020-01-01,Credit,8800,False,2020,Core credit,False
1683,1038,24242,2020-02-01,Credit,8200,True,2020,Core credit,False
2509,1687,24076,2006-04-01,Debit,2450,False,2006,Debit,True
3193,1890,24209,2017-05-01,Debit,10582,False,2017,Debit,False
4308,544,24116,2009-08-01,Debit (Prepaid),22,False,2009,Prepaid,False
4309,810,24116,2009-08-01,Credit,6900,True,2009,Premium credit,True
4262,810,24104,2008-08-01,Debit,12664,True,2008,Premium credit,True
5517,810,24107,2008-11-01,Credit,3700,True,2008,Premium credit,True
2149,810,24087,2007-03-01,Debit,15620,True,2007,Premium credit,True
2414,810,24016,2001-04-01,Credit,10800,False,2001,Premium credit,True
5254,810,24142,2011-10-01,Debit,7014,True,2011,Premium credit,True
1324,58,24158,2013-02-01,Debit,23838,False,2013,Debit,True
883,58,24241,2020-01-01,Debit,17355,True,2020,Debit,True
5496,1986,24095,2007-11-01,Debit,16249,True,2007,Debit,True
5443,1986,24071,2005-11-01,Debit,14036,False,2005,Debit,True
3064,1084,24125,2010-05-01,Debit,19807,True,2010,Premium credit,True
3232,1084,24030,2002-06-01,Credit,20900,False,2002,Premium credit,True
5987,1084,24120,2009-12-01,Credit,7400,True,2009,Premium credit,True
3454,1084,24114,2009-06-01,Debit,35268,True,2009,Premium credit,True
3260,1349,24042,2003-06-01,Credit,4600,False,2003,Core credit,False
5920,1349,24108,2008-12-01,Credit,6200,True,2008,Core credit,False
2089,1349,24063,2005-03-01,Debit,4139,True,2005,Core credit,False
4310,1825,24116,2009-08-01,Debit,23878,True,2009,Premium credit,True
4182,1825,24080,2006-08-01,Credit,10200,False,2006,Premium credit,True
5636,1825,24131,2010-11-01,Debit (Prepaid),48,True,2010,Premium credit,True
5713,1825,24191,2015-11-01,Credit,11300,True,2015,Premium credit,True
4237,98,24104,2008-08-01,Credit,7700,True,2008,Core credit,True
4143,98,24056,2004-08-01,Credit,8700,False,2004,Core credit,True
1128,615,24086,2007-02-01,Debit,15338,False,2007,Debit,True
5479,615,24095,2007-11-01,Credit,19900,True,2007,Debit,True
4901,1488,24201,2016-09-01,Debit,14249,True,2016,Debit,True
1098,1488,24074,2006-02-01,Debit,22124,False,2006,Debit,True
5685,1488,24167,2013-11-01,Debit,28580,True,2013,Debit,True
2995,1488,24113,2009-05-01,Credit,11900,True,2009,Debit,True
1684,1488,24242,2020-02-01,Debit,16731,True,2020,Debit,True
4874,1488,24177,2014-09-01,Credit,8500,True,2014,Debit,True
3739,211,24067,2005-07-01,Debit,12757,True,2005,Debit,True
4746,211,24117,2009-09-01,Debit,17013,True,2009,Debit,True
1035,211,24050,2004-02-01,Debit,11757,False,2004,Debit,True
4730,1443,24117,2009-09-01,Debit,16392,True,2009,Core credit,True
3749,1443,24067,2005-07-01,Credit,8500,False,2005,Core credit,True
254,1443,24121,2010-01-01,Debit,3973,True,2010,Core credit,True
3194,801,24209,2017-05-01,Debit,15042,True,2017,Debit,True
215,801,24109,2009-01-01,Credit,8600,True,2009,Debit,True
3366,801,24090,2007-06-01,Credit,7100,True,2007,Debit,True
3261,801,24042,2003-06-01,Debit,9551,True,2003,Debit,True
5772,801,24024,2001-12-01,Debit,10311,False,2001,Debit,True
4005,655,24163,2013-07-01,Credit,7700,True,2013,Debit,True
4134,655,24056,2004-08-01,Debit,11638,False,2004,Debit,True
2133,655,24075,2006-03-01,Debit,9285,True,2006,Debit,True
1151,669,24098,2008-02-01,Debit,11164,True,2008,Core credit,True
3793,669,24079,2006-07-01,Credit,9900,False,2006,Core credit,True
4630,1726,24081,2006-09-01,Debit,16750,False,2006,Debit,False
1936,444,24242,2020-02-01,Debit (Prepaid),80,False,2020,Debit,False
1685,444,24242,2020-02-01,Debit,12233,False,2020,Debit,False
2236,418,24111,2009-03-01,Debit,5216,False,2009,Debit,False
639,418,24241,2020-01-01,Debit,9082,True,2020,Debit,False
434,418,24241,2020-01-01,Credit,18100,True,2020,Debit,False
1937,418,24242,2020-02-01,Credit,11100,True,2020,Debit,False
5591,242,24119,2009-11-01,Debit,19158,True,2009,Debit,True
5737,242,24227,2018-11-01,Debit,19788,True,2018,Debit,True
1229,242,24122,2010-02-01,Debit,15259,True,2010,Debit,True
2315,242,24159,2013-03-01,Debit,19728,True,2013,Debit,True
4144,242,24056,2004-08-01,Debit,13530,False,2004,Debit,True
2971,168,24101,2008-05-01,Debit,142,False,2008,Debit,False
1377,960,24206,2017-02-01,Debit,16210,False,2017,Debit,False
884,960,24241,2020-01-01,Credit,15200,True,2020,Debit,False
640,960,24241,2020-01-01,Debit,24200,True,2020,Debit,False
3351,1911,24090,2007-06-01,Debit (Prepaid),82,True,2007,Debit,False
4801,1911,24129,2010-09-01,Debit,21057,True,2010,Debit,False
4961,1911,24034,2002-10-01,Credit,8900,True,2002,Debit,False
964,1911,23978,1998-02-01,Debit,17789,False,1998,Debit,False
3352,259,24090,2007-06-01,Debit,14388,True,2007,Debit,False
4569,259,24057,2004-09-01,Debit,26582,False,2004,Debit,False
358,259,24193,2016-01-01,Debit,21619,True,2016,Debit,False
3814,300,24091,2007-07-01,Debit,32704,False,2007,Debit,True
4494,1967,23985,1998-09-01,Debit (Prepaid),70,False,1998,Prepaid,True
2243,1967,24123,2010-03-01,Credit,23900,True,2010,Prepaid,True
3367,1967,24090,2007-06-01,Debit,38120,True,2007,Prepaid,True
5088,1967,24094,2007-10-01,Debit,5753,True,2007,Prepaid,True
3463,434,24126,2010-06-01,Credit,15500,False,2010,Premium credit,True
885,434,24241,2020-01-01,Debit,21916,True,2020,Premium credit,True
886,434,24241,2020-01-01,Debit,25579,True,2020,Premium credit,True
1021,1076,24038,2003-02-01,Debit,16144,False,2003,Debit,True
5742,1076,24239,2019-11-01,Debit,12535,True,2019,Debit,True
3027,1076,24113,2009-05-01,Credit,7600,True,2009,Debit,True
3858,1076,24103,2008-07-01,Debit,14514,True,2008,Debit,True
2358,1076,24195,2016-03-01,Credit,7500,True,2016,Debit,True
6033,723,24132,2010-12-01,Credit,9700,True,2010,Prepaid,True
6071,723,24156,2012-12-01,Debit,18450,True,2012,Prepaid,True
3368,723,24090,2007-06-01,Debit (Prepaid),65,False,2007,Prepaid,True
232,723,24121,2010-01-01,Debit,13529,True,2010,Prepaid,True
1206,723,24122,2010-02-01,Credit,10300,True,2010,Prepaid,True
3524,1398,24138,2011-06-01,Credit,20100,True,2011,Debit,True
200,1398,24109,2009-01-01,Debit (Prepaid),61,True,2009,Debit,True
5222,1398,24130,2010-10-01,Credit,18100,True,2010,Debit,True
4930,1398,23974,1997-10-01,Debit,34731,False,1997,Debit,True
216,1398,24109,2009-01-01,Debit,23392,True,2009,Debit,True
3008,1464,24113,2009-05-01,Debit (Prepaid),52,True,2009,Debit,True
3677,1464,24031,2002-07-01,Debit,24129,False,2002,Debit,True
3432,1505,24114,2009-06-01,Debit,27847,False,2009,Debit,False
1686,1505,24242,2020-02-01,Credit,12100,True,2020,Debit,False
2446,1130,24040,2003-04-01,Debit,15847,False,2003,Debit,True
92,1130,24073,2006-01-01,Credit,13500,True,2006,Debit,True
4004,1130,24151,2012-07-01,Credit,11400,True,2012,Debit,True
2667,62,24124,2010-04-01,Debit,5520,True,2010,Debit,True
3369,62,24090,2007-06-01,Debit,1559,True,2007,Debit,True
3262,62,24042,2003-06-01,Debit,11836,True,2003,Debit,True
55,62,24049,2004-01-01,Debit,19211,True,2004,Debit,True
5138,62,24106,2008-10-01,Debit,5909,True,2008,Debit,True
2425,62,24016,2001-04-01,Debit,16410,False,2001,Debit,True
5142,1623,24118,2009-10-01,Credit,13300,False,2009,Premium credit,True
4417,1623,24164,2013-08-01,Credit,9300,True,2013,Premium credit,True
1687,1623,24242,2020-02-01,Credit,7200,True,2020,Premium credit,True
6061,1416,24144,2011-12-01,Credit,11900,True,2011,Debit,True
4891,1416,24189,2015-09-01,Credit,10500,True,2015,Debit,True
2363,1416,24207,2017-03-01,Debit,14865,True,2017,Debit,True
3779,1416,24079,2006-07-01,Debit,15298,True,2006,Debit,True
3204,1416,23958,1996-06-01,Debit,23481,False,1996,Debit,True
2951,1416,24089,2007-05-01,Credit,14700,True,2007,Debit,True
3254,1416,24042,2003-06-01,Debit (Prepaid),47,True,2003,Debit,True
4644,1416,24093,2007-09-01,Debit,22625,True,2007,Debit,True
2160,1998,24087,2007-03-01,Debit (Prepaid),110,False,2007,Prepaid,True
4892,1998,24189,2015-09-01,Debit,328,True,2015,Prepaid,True
1258,1998,24122,2010-02-01,Credit,100,True,2010,Prepaid,True
3263,1299,24042,2003-06-01,Credit,8800,False,2003,Core credit,True
3913,1299,24115,2009-07-01,Debit,3942,True,2009,Core credit,True
6010,303,24132,2010-12-01,Debit,32488,True,2010,Premium credit,True
4194,303,24092,2007-08-01,Credit,20000,True,2007,Premium credit,True
149,303,24097,2008-01-01,Credit,14500,True,2008,Premium credit,True
4783,303,24129,2010-09-01,Debit,25900,True,2010,Premium credit,True
984,303,24002,2000-02-01,Credit,14800,False,2000,Premium credit,True
4824,303,24141,2011-09-01,Credit,15600,True,2011,Premium credit,True
2122,1138,24075,2006-03-01,Debit (Prepaid),51,False,2006,Prepaid,True
3139,1138,24161,2013-05-01,Credit,5600,True,2013,Prepaid,True
5292,1138,24178,2014-10-01,Debit,13235,True,2014,Prepaid,True
5801,1750,24048,2003-12-01,Debit (Prepaid),33,False,2003,Prepaid,True
3714,1750,24055,2004-07-01,Debit,34675,True,2004,Prepaid,True
4476,1117,24224,2018-08-01,Debit,19824,True,2018,Debit,True
1162,1117,24098,2008-02-01,Debit,9827,False,2008,Debit,True
3827,1322,24091,2007-07-01,Credit,9700,False,2007,Core credit,False
366,878,24217,2018-01-01,Credit,5400,True,2018,Debit,False
2770,878,24208,2017-04-01,Debit,12079,False,2017,Debit,False
2290,609,24135,2011-03-01,Debit,19436,True,2011,Premium credit,True
2892,609,24065,2005-05-01,Credit,10600,False,2005,Premium credit,True
4215,609,24092,2007-08-01,Credit,9600,True,2007,Premium credit,True
641,761,24241,2020-01-01,Debit,17500,False,2020,Core credit,False
1688,761,24242,2020-02-01,Debit,21797,True,2020,Core credit,False
1689,761,24242,2020-02-01,Credit,16700,True,2020,Core credit,False
409,761,24241,2020-01-01,Credit,8800,False,2020,Core credit,False
4183,1313,24080,2006-08-01,Debit (Prepaid),87,True,2006,Core credit,True
4135,1313,24056,2004-08-01,Credit,6000,False,2004,Core credit,True
3750,1558,24067,2005-07-01,Debit,10182,False,2005,Debit,True
4747,1558,24117,2009-09-01,Debit,2566,True,2009,Debit,True
642,399,24241,2020-01-01,Debit,25693,True,2020,Debit,False
4970,399,24034,2002-10-01,Debit,43122,False,2002,Debit,False
3696,325,24043,2003-07-01,Debit,5793,False,2003,Debit,False
5035,325,24070,2005-10-01,Debit,2950,True,2005,Debit,False
4019,325,24175,2014-07-01,Credit,6600,True,2014,Debit,False
2344,325,24183,2015-03-01,Debit,21378,True,2015,Debit,False
2843,689,24041,2003-05-01,Debit,29283,False,2003,Debit,False
4486,1763,23925,1993-09-01,Debit,12220,False,1993,Debit,True
4297,1763,24116,2009-08-01,Debit,30096,True,2009,Debit,True
643,1763,24241,2020-01-01,Debit,12068,True,2020,Debit,True
644,717,24241,2020-01-01,Debit,10039,True,2020,Core credit,False
1690,717,24242,2020-02-01,Debit (Prepaid),66,True,2020,Core credit,False
645,717,24241,2020-01-01,Debit,22043,True,2020,Core credit,False
887,717,24241,2020-01-01,Debit (Prepaid),56,True,2020,Core credit,False
5738,717,24227,2018-11-01,Credit,7100,False,2018,Core credit,False
145,884,24085,2007-01-01,Debit,1112,False,2007,Debit,True
2237,884,24111,2009-03-01,Debit,8643,True,2009,Debit,True
4748,884,24117,2009-09-01,Credit,8800,True,2009,Debit,True
1373,884,24206,2017-02-01,Debit (Prepaid),68,True,2017,Debit,True
1022,1701,24038,2003-02-01,Debit,6949,False,2003,Debit,False
5900,1701,24096,2007-12-01,Debit,8169,True,2007,Debit,False
3009,1701,24113,2009-05-01,Credit,6400,True,2009,Debit,False
646,117,24241,2020-01-01,Debit (Prepaid),45,False,2020,Debit,False
647,117,24241,2020-01-01,Debit,14759,False,2020,Debit,False
1691,117,24242,2020-02-01,Debit,5372,True,2020,Debit,False
5466,126,24083,2006-11-01,Debit,12059,False,2006,Debit,True
2191,126,24099,2008-03-01,Debit,13823,True,2008,Debit,True
5497,126,24095,2007-11-01,Debit,13555,True,2007,Debit,True
5872,126,24084,2006-12-01,Debit,7991,True,2006,Debit,True
2935,1051,24089,2007-05-01,Debit,25935,False,2007,Debit,False
1692,1051,24242,2020-02-01,Credit,14100,True,2020,Debit,False
5988,462,24120,2009-12-01,Debit,18290,True,2009,Debit,True
2397,462,23932,1994-04-01,Debit,15322,False,1994,Debit,True
1259,462,24122,2010-02-01,Debit (Prepaid),22,True,2010,Debit,True
3957,462,24127,2010-07-01,Credit,5700,True,2010,Debit,True
76,462,24061,2005-01-01,Debit,26303,True,2005,Debit,True
1938,1454,24242,2020-02-01,Credit,12400,True,2020,Core credit,False
1164,1454,24110,2009-02-01,Credit,8200,False,2009,Core credit,False
4481,467,24236,2019-08-01,Debit,31741,True,2019,Premium credit,True
4278,467,24104,2008-08-01,Credit,14500,False,2008,Premium credit,True
3914,467,24115,2009-07-01,Credit,11200,True,2009,Premium credit,True
2324,1802,24159,2013-03-01,Credit,8400,True,2013,Debit,True
5836,1802,24072,2005-12-01,Debit,36920,False,2005,Debit,True
5125,1563,24106,2008-10-01,Debit,1129,True,2008,Debit,True
3479,1563,24126,2010-06-01,Credit,2900,True,2010,Debit,True
4030,1563,24175,2014-07-01,Debit,11902,True,2014,Debit,True
2054,1563,24039,2003-03-01,Debit,9290,False,2003,Debit,True
1427,1235,24242,2020-02-01,Credit,11500,False,2020,Premium credit,False
1693,587,24242,2020-02-01,Debit (Prepaid),28,False,2020,Debit,False
1694,587,24242,2020-02-01,Debit,10365,False,2020,Debit,False
5259,709,24154,2012-10-01,Debit,27123,False,2012,Debit,True
6121,709,24204,2016-12-01,Debit,26564,True,2016,Debit,True
2747,709,24184,2015-04-01,Debit,19915,True,2015,Debit,True
888,1036,24241,2020-01-01,Debit,17446,False,2020,Debit,False
1939,1036,24242,2020-02-01,Debit,7330,True,2020,Debit,False
1292,372,24134,2011-02-01,Debit,10876,False,2011,Debit,False
64,929,24061,2005-01-01,Credit,36200,False,2005,Premium credit,False
2821,253,24017,2001-05-01,Credit,800,False,2001,Core credit,False
6143,253,24240,2019-12-01,Debit,24690,True,2019,Core credit,False
146,1549,24085,2007-01-01,Debit (Prepaid),85,True,2007,Debit,True
4825,1549,24141,2011-09-01,Credit,8800,True,2011,Debit,True
3780,1549,24079,2006-07-01,Credit,14200,True,2006,Debit,True
3264,1549,24042,2003-06-01,Debit,40920,False,2003,Debit,True
4784,1549,24129,2010-09-01,Debit,29936,True,2010,Debit,True
5054,529,24082,2006-10-01,Debit (Prepaid),73,False,2006,Prepaid,False
5734,529,24215,2017-11-01,Debit,18558,True,2017,Prepaid,False
2621,529,24112,2009-04-01,Credit,9300,True,2009,Prepaid,False
3114,529,24149,2012-05-01,Credit,4500,True,2012,Prepaid,False
183,1306,24097,2008-01-01,Debit,17120,True,2008,Core credit,False
4610,1306,24081,2006-09-01,Credit,0,False,2006,Core credit,False
5901,1798,24096,2007-12-01,Debit,14162,False,2007,Debit,False
4656,1798,24105,2008-09-01,Credit,9000,True,2008,Debit,False
1940,389,24242,2020-02-01,Debit,18699,True,2020,Debit,False
1695,389,24242,2020-02-01,Debit,13979,True,2020,Debit,False
648,389,24241,2020-01-01,Debit,22218,False,2020,Debit,False
356,1829,24193,2016-01-01,Debit,19884,False,2016,Debit,False
649,1829,24241,2020-01-01,Credit,10700,True,2020,Debit,False
1696,1829,24242,2020-02-01,Credit,6600,True,2020,Debit,False
650,1392,24241,2020-01-01,Debit,12014,False,2020,Premium credit,False
889,1392,24241,2020-01-01,Debit,8227,False,2020,Premium credit,False
651,1392,24241,2020-01-01,Credit,10100,False,2020,Premium credit,False
1941,1949,24242,2020-02-01,Debit (Prepaid),38,False,2020,Prepaid,False
359,1881,24193,2016-01-01,Debit,18548,True,2016,Debit,True
1036,1881,24050,2004-02-01,Debit,19030,False,2004,Debit,True
2540,1881,24088,2007-04-01,Debit (Prepaid),94,True,2007,Debit,True
5318,1881,24202,2016-10-01,Debit,17583,True,2016,Debit,True
2554,1881,24088,2007-04-01,Debit,20943,True,2007,Debit,True
4653,1881,24093,2007-09-01,Credit,15800,True,2007,Debit,True
410,1706,24241,2020-01-01,Credit,7300,True,2020,Premium credit,False
4420,1706,24176,2014-08-01,Credit,10600,False,2014,Premium credit,False
3915,848,24115,2009-07-01,Debit,19113,True,2009,Premium credit,True
5423,848,24071,2005-11-01,Credit,13700,False,2005,Premium credit,True
3938,1044,24127,2010-07-01,Debit,16317,False,2010,Debit,False
3065,1112,24125,2010-05-01,Credit,6000,True,2010,Debit,False
5848,1112,24072,2005-12-01,Debit,4909,False,2005,Debit,False
4330,1112,24128,2010-08-01,Debit,14702,True,2010,Debit,False
652,1112,24241,2020-01-01,Debit,10896,True,2020,Debit,False
653,1112,24241,2020-01-01,Debit,3526,True,2020,Debit,False
5202,1112,24130,2010-10-01,Debit,10083,True,2010,Debit,False
5432,802,24071,2005-11-01,Credit,18300,False,2005,Premium credit,True
2291,802,24135,2011-03-01,Credit,21400,True,2011,Premium credit,True
5293,802,24178,2014-10-01,Debit,20886,True,2014,Premium credit,True
5676,802,24155,2012-11-01,Debit,27701,True,2012,Premium credit,True
233,859,24121,2010-01-01,Credit,8800,False,2010,Core credit,True
2304,859,24147,2012-03-01,Debit,20354,True,2012,Core credit,True
4014,859,24163,2013-07-01,Debit,14695,True,2013,Core credit,True
3480,859,24126,2010-06-01,Debit,16783,True,2010,Core credit,True
5223,441,24130,2010-10-01,Debit,21087,False,2010,Debit,True
4433,879,24176,2014-08-01,Debit,10966,True,2014,Debit,True
4500,879,23997,1999-09-01,Debit,12184,False,1999,Debit,True
2192,879,24099,2008-03-01,Credit,5100,True,2008,Debit,True
1942,1437,24242,2020-02-01,Debit,30404,True,2020,Debit,True
6062,1437,24144,2011-12-01,Debit,13193,True,2011,Debit,True
4385,1437,24140,2011-08-01,Credit,11400,True,2011,Debit,True
5818,1437,24060,2004-12-01,Debit,16959,False,2004,Debit,True
3195,1413,24209,2017-05-01,Debit,14927,True,2017,Core credit,True
2754,1413,24184,2015-04-01,Debit,13760,True,2015,Core credit,True
2255,1413,24123,2010-03-01,Debit,17023,True,2010,Core credit,True
1104,1413,24086,2007-02-01,Credit,6500,False,2007,Core credit,True
4673,1413,24105,2008-09-01,Debit,15562,True,2008,Core credit,True
1182,1710,24110,2009-02-01,Debit,17611,False,2009,Debit,True
3502,1710,24126,2010-06-01,Credit,11700,True,2010,Debit,True
1363,1710,24194,2016-02-01,Credit,6600,True,2016,Debit,True
3353,1037,24090,2007-06-01,Debit,4230,False,2007,Debit,False
1303,1037,24146,2012-02-01,Credit,7500,True,2012,Debit,False
654,966,24241,2020-01-01,Debit,1077,False,2020,Debit,False
655,107,24241,2020-01-01,Debit (Prepaid),98,True,2020,Debit,True
2150,107,24087,2007-03-01,Credit,5500,True,2007,Debit,True
2708,107,24148,2012-04-01,Credit,5500,True,2012,Debit,True
5349,107,23963,1996-11-01,Debit,9898,False,1996,Debit,True
255,107,24121,2010-01-01,Debit (Prepaid),66,True,2010,Debit,True
2065,1247,24051,2004-03-01,Debit,13095,False,2004,Debit,True
1073,1247,24062,2005-02-01,Debit,30822,True,2005,Debit,True
3370,1247,24090,2007-06-01,Debit,16764,True,2007,Debit,True
5837,1247,24072,2005-12-01,Credit,5700,True,2005,Debit,True
5686,1247,24167,2013-11-01,Debit,18482,True,2013,Debit,True
890,700,24241,2020-01-01,Debit (Prepaid),33,False,2020,Prepaid,False
891,1363,24241,2020-01-01,Debit,21692,False,2020,Premium credit,False
656,1363,24241,2020-01-01,Credit,11200,False,2020,Premium credit,False
657,10,24241,2020-01-01,Debit,24602,True,2020,Debit,False
3405,10,24102,2008-06-01,Debit,44390,False,2008,Debit,False
3296,1725,24066,2005-06-01,Debit,30950,True,2005,Prepaid,True
4998,1725,24046,2003-10-01,Debit,4723,True,2003,Prepaid,True
2238,1725,24111,2009-03-01,Debit,12325,True,2009,Prepaid,True
2814,1725,24017,2001-05-01,Debit (Prepaid),15,False,2001,Prepaid,True
4999,1725,24046,2003-10-01,Debit,28166,True,2003,Prepaid,True
3525,1725,24138,2011-06-01,Debit,14056,True,2011,Prepaid,True
6011,1145,24132,2010-12-01,Debit,35169,True,2010,Prepaid,True
4331,1145,24128,2010-08-01,Credit,17500,True,2010,Prepaid,True
5444,1145,24071,2005-11-01,Debit (Prepaid),33,False,2005,Prepaid,True
2844,864,24041,2003-05-01,Credit,18300,False,2003,Premium credit,False
3526,864,24138,2011-06-01,Credit,5700,True,2011,Premium credit,False
4802,864,24129,2010-09-01,Credit,19100,True,2010,Premium credit,False
3649,1357,23983,1998-07-01,Credit,11100,True,1998,Core credit,True
5615,1357,24131,2010-11-01,Debit,2833,True,2010,Core credit,True
2990,1357,24101,2008-05-01,Debit,12833,True,2008,Core credit,True
5105,1357,24106,2008-10-01,Credit,7500,True,2008,Core credit,True
65,1357,24061,2005-01-01,Credit,14600,True,2005,Core credit,True
4611,1357,24081,2006-09-01,Debit (Prepaid),100,True,2006,Core credit,True
4488,1357,23949,1995-09-01,Credit,8000,False,1995,Core credit,True
1044,1344,24050,2004-02-01,Credit,5300,True,2004,Debit,True
1027,1344,24038,2003-02-01,Debit,22601,False,2003,Debit,True
1697,1252,24242,2020-02-01,Debit,27556,False,2020,Debit,False
1943,1252,24242,2020-02-01,Debit (Prepaid),29,False,2020,Debit,False
1698,935,24242,2020-02-01,Debit,19753,True,2020,Debit,False
658,935,24241,2020-01-01,Debit,15527,False,2020,Debit,False
892,935,24241,2020-01-01,Debit,16056,False,2020,Debit,False
4349,1748,24128,2010-08-01,Debit,9272,False,2010,Debit,False
4971,1123,24034,2002-10-01,Credit,9000,False,2002,Core credit,True
3010,1123,24113,2009-05-01,Debit (Prepaid),83,True,2009,Core credit,True
4350,1123,24128,2010-08-01,Debit,1394,True,2010,Core credit,True
125,546,24085,2007-01-01,Credit,17900,True,2007,Debit,True
4813,546,24141,2011-09-01,Debit,2559,True,2011,Debit,True
4495,546,23985,1998-09-01,Debit,9285,False,1998,Debit,True
3433,430,24114,2009-06-01,Debit (Prepaid),130,True,2009,Premium credit,True
4351,430,24128,2010-08-01,Credit,13400,True,2010,Premium credit,True
150,430,24097,2008-01-01,Credit,9200,True,2008,Premium credit,True
5768,430,24012,2000-12-01,Credit,17700,False,2000,Premium credit,True
2860,430,24053,2004-05-01,Debit,37634,True,2004,Premium credit,True
2265,61,24123,2010-03-01,Credit,25200,True,2010,Debit,True
2622,61,24112,2009-04-01,Debit,27878,False,2009,Debit,True
3503,61,24126,2010-06-01,Debit,19264,True,2010,Debit,True
5036,1621,24070,2005-10-01,Credit,17000,True,2005,Debit,True
1053,1621,24062,2005-02-01,Debit,14681,False,2005,Debit,True
2709,1621,24148,2012-04-01,Credit,25100,True,2012,Debit,True
2316,1621,24159,2013-03-01,Debit,54842,True,2013,Debit,True
1944,413,24242,2020-02-01,Credit,16900,True,2020,Premium credit,False
893,413,24241,2020-01-01,Credit,12800,False,2020,Premium credit,False
1699,269,24242,2020-02-01,Debit (Prepaid),86,True,2020,Prepaid,False
5332,269,24226,2018-10-01,Debit (Prepaid),61,False,2018,Prepaid,False
1945,269,24242,2020-02-01,Debit (Prepaid),55,True,2020,Prepaid,False
265,37,24133,2011-01-01,Credit,0,True,2011,Debit,True
1230,37,24122,2010-02-01,Debit,10608,True,2010,Debit,True
1183,37,24110,2009-02-01,Debit,16315,False,2009,Debit,True
659,37,24241,2020-01-01,Debit,20587,True,2020,Debit,True
4044,1793,24199,2016-07-01,Credit,7300,True,2016,Prepaid,True
290,1793,24133,2011-01-01,Debit (Prepaid),60,False,2011,Prepaid,True
4452,1793,24188,2015-08-01,Debit (Prepaid),69,True,2015,Prepaid,True
1700,1793,24242,2020-02-01,Debit (Prepaid),90,True,2020,Prepaid,True
5181,1846,24118,2009-10-01,Debit,11714,True,2009,Core credit,True
1346,1846,24170,2014-02-01,Credit,6400,True,2014,Core credit,True
2373,1846,24219,2018-03-01,Debit (Prepaid),84,True,2018,Core credit,True
3297,1846,24066,2005-06-01,Credit,6900,False,2005,Core credit,True
4899,116,24201,2016-09-01,Debit (Prepaid),64,True,2016,Debit,True
6072,116,24156,2012-12-01,Debit,37377,False,2012,Debit,True
5989,752,24120,2009-12-01,Debit,11002,True,2009,Debit,True
4105,752,24020,2001-08-01,Debit,19765,False,2001,Debit,True
2465,752,24052,2004-04-01,Credit,12900,True,2004,Debit,True
1701,1185,24242,2020-02-01,Debit,22353,False,2020,Debit,False
5990,683,24120,2009-12-01,Debit,28696,True,2009,Debit,True
4731,683,24117,2009-09-01,Credit,20700,True,2009,Debit,True
1054,683,24062,2005-02-01,Debit,14868,False,2005,Debit,True
4279,683,24104,2008-08-01,Debit (Prepaid),78,True,2008,Debit,True
6012,683,24132,2010-12-01,Debit,1633,True,2010,Debit,True
1428,903,24242,2020-02-01,Credit,15700,False,2020,Premium credit,False
1702,903,24242,2020-02-01,Debit (Prepaid),60,False,2020,Premium credit,False
1946,903,24242,2020-02-01,Debit,5222,False,2020,Premium credit,False
1947,903,24242,2020-02-01,Debit,14897,False,2020,Premium credit,False
1703,903,24242,2020-02-01,Credit,10500,False,2020,Premium credit,False
5902,559,24096,2007-12-01,Debit,17130,True,2007,Debit,False
1093,559,24074,2006-02-01,Debit,9852,False,2006,Debit,False
2193,1338,24099,2008-03-01,Debit,20479,False,2008,Debit,False
2194,1338,24099,2008-03-01,Debit (Prepaid),100,False,2008,Debit,False
3099,75,24137,2011-05-01,Credit,9200,True,2011,Core credit,True
2227,75,24111,2009-03-01,Debit,17314,True,2009,Core credit,True
3781,75,24079,2006-07-01,Debit,20605,True,2006,Core credit,True
4113,75,24044,2003-08-01,Credit,9500,False,2003,Core credit,True
1453,861,24242,2020-02-01,Credit,10600,False,2020,Premium credit,False
4078,100,24235,2019-07-01,Debit,34065,True,2019,Debit,True
2571,100,24100,2008-04-01,Credit,16200,True,2008,Debit,True
2208,100,24099,2008-03-01,Debit (Prepaid),2,True,2008,Debit,True
1045,100,24050,2004-02-01,Debit,26714,True,2004,Debit,True
5000,100,24046,2003-10-01,Debit,41084,False,2003,Debit,True
3782,100,24079,2006-07-01,Debit,11392,True,2006,Debit,True
5903,100,24096,2007-12-01,Debit,21205,True,2007,Debit,True
3148,1140,24173,2014-05-01,Debit,22409,True,2014,Premium credit,True
660,1140,24241,2020-01-01,Debit,26275,True,2020,Premium credit,True
3873,1140,24103,2008-07-01,Debit (Prepaid),74,True,2008,Premium credit,True
2845,1140,24041,2003-05-01,Debit,27298,True,2003,Premium credit,True
2195,1140,24099,2008-03-01,Debit (Prepaid),61,True,2008,Premium credit,True
41,1140,24037,2003-01-01,Credit,17000,False,2003,Premium credit,True
411,531,24241,2020-01-01,Credit,6700,False,2020,Core credit,False
1948,531,24242,2020-02-01,Credit,9600,True,2020,Core credit,False
894,531,24241,2020-01-01,Debit,16350,False,2020,Core credit,False
1704,279,24242,2020-02-01,Credit,8500,False,2020,Core credit,False
1949,279,24242,2020-02-01,Debit,29078,False,2020,Core credit,False
1129,362,24086,2007-02-01,Debit,11868,True,2007,Debit,True
5474,362,24083,2006-11-01,Debit,9708,True,2006,Debit,True
3740,362,24067,2005-07-01,Debit,16541,False,2005,Debit,True
117,1458,24073,2006-01-01,Debit,10982,False,2006,Debit,True
5243,1458,24142,2011-10-01,Debit,11094,True,2011,Debit,True
895,1458,24241,2020-01-01,Credit,8000,True,2020,Debit,True
4814,1458,24141,2011-09-01,Debit,7535,True,2011,Debit,True
5741,976,24227,2018-11-01,Debit,24296,True,2018,Debit,True
6048,976,24144,2011-12-01,Debit,20816,True,2011,Debit,True
2169,976,24099,2008-03-01,Credit,14700,True,2008,Debit,True
3455,976,24114,2009-06-01,Debit,17145,True,2009,Debit,True
4501,976,23997,1999-09-01,Debit,11391,False,1999,Debit,True
5677,71,24155,2012-11-01,Debit (Prepaid),69,True,2012,Core credit,False
3481,71,24126,2010-06-01,Credit,9100,False,2010,Core credit,False
3354,375,24090,2007-06-01,Debit,22137,False,2007,Debit,True
5537,375,24107,2008-11-01,Debit,13698,True,2008,Debit,True
2608,375,24112,2009-04-01,Debit,17598,True,2009,Debit,True
4580,403,24069,2005-09-01,Debit,6957,False,2005,Debit,True
3988,983,24139,2011-07-01,Debit,20839,True,2011,Debit,True
5333,983,24226,2018-10-01,Debit,28004,True,2018,Debit,True
5573,983,24119,2009-11-01,Debit,19114,True,2009,Debit,True
6049,983,24144,2011-12-01,Debit,13657,True,2011,Debit,True
1023,983,24038,2003-02-01,Debit,23404,False,2003,Debit,True
2151,435,24087,2007-03-01,Debit,4898,False,2007,Debit,False
2609,435,24112,2009-04-01,Debit,10654,True,2009,Debit,False
2572,542,24100,2008-04-01,Credit,6600,True,2008,Core credit,True
4979,542,24046,2003-10-01,Credit,8300,True,2003,Core credit,True
4195,542,24092,2007-08-01,Credit,12300,True,2007,Core credit,True
2025,542,24015,2001-03-01,Credit,5500,False,2001,Core credit,True
4311,542,24116,2009-08-01,Credit,5900,True,2009,Core credit,True
4263,1090,24104,2008-08-01,Debit,26404,True,2008,Premium credit,False
3619,1090,24210,2017-06-01,Debit,18773,True,2017,Premium credit,False
4312,1090,24116,2009-08-01,Debit,21087,True,2009,Premium credit,False
1293,1090,24134,2011-02-01,Credit,14400,True,2011,Premium credit,False
5445,1090,24071,2005-11-01,Credit,11400,False,2005,Premium credit,False
2799,60,23981,1998-05-01,Debit,11159,False,1998,Debit,True
4581,60,24069,2005-09-01,Debit,10233,True,2005,Debit,True
5475,60,24083,2006-11-01,Debit (Prepaid),45,True,2006,Debit,True
4544,60,24045,2003-09-01,Credit,6400,True,2003,Debit,True
4118,287,24044,2003-08-01,Debit,14070,True,2003,Debit,True
5783,287,24036,2002-12-01,Debit,2159,False,2002,Debit,True
3527,287,24138,2011-06-01,Debit,26425,True,2011,Debit,True
5498,1857,24095,2007-11-01,Debit,66781,True,2007,Premium credit,True
4418,1857,24164,2013-08-01,Debit,47684,True,2013,Premium credit,True
5089,1857,24094,2007-10-01,Credit,27700,False,2007,Premium credit,True
4015,1857,24163,2013-07-01,Credit,10700,True,2013,Premium credit,True
896,1857,24241,2020-01-01,Debit,49679,True,2020,Premium credit,True
2473,1291,24052,2004-04-01,Credit,1900,False,2004,Core credit,True
5139,1291,24106,2008-10-01,Debit,11885,True,2008,Core credit,True
4785,408,24129,2010-09-01,Debit,785,True,2010,Core credit,True
4960,408,24022,2001-10-01,Credit,6900,False,2001,Core credit,True
2515,408,24076,2006-04-01,Debit,22457,True,2006,Core credit,True
3528,173,24138,2011-06-01,Debit,14701,True,2011,Debit,True
3916,173,24115,2009-07-01,Debit (Prepaid),3,True,2009,Debit,True
981,173,24002,2000-02-01,Debit,23502,False,2000,Debit,True
3066,173,24125,2010-05-01,Debit (Prepaid),44,True,2010,Debit,True
2228,1787,24111,2009-03-01,Debit,27590,True,2009,Premium credit,True
4826,1787,24141,2011-09-01,Debit,37338,True,2011,Premium credit,True
4645,1787,24093,2007-09-01,Credit,15500,True,2007,Premium credit,True
5849,1787,24072,2005-12-01,Debit,33807,True,2005,Premium credit,True
4978,1787,24034,2002-10-01,Debit,24056,True,2002,Premium credit,True
3207,1787,23982,1998-06-01,Credit,11400,False,1998,Premium credit,True
990,1800,24014,2001-02-01,Debit (Prepaid),37,False,2001,Prepaid,False
1130,1800,24086,2007-02-01,Credit,11000,True,2007,Prepaid,False
5538,438,24107,2008-11-01,Debit,2307,False,2008,Debit,True
2623,438,24112,2009-04-01,Debit,10362,True,2009,Debit,True
5265,1988,24154,2012-10-01,Debit,37318,True,2012,Debit,True
4216,1988,24092,2007-08-01,Credit,22800,True,2007,Debit,True
2161,1988,24087,2007-03-01,Debit,57294,False,2007,Debit,True
3100,1988,24137,2011-05-01,Debit,30024,True,2011,Debit,True
6063,1988,24144,2011-12-01,Credit,37400,True,2011,Debit,True
1705,1143,24242,2020-02-01,Debit,21147,False,2020,Debit,False
2610,1250,24112,2009-04-01,Debit,11857,True,2009,Core credit,True
5446,1250,24071,2005-11-01,Debit,21148,True,2005,Core credit,True
5419,1250,24059,2004-11-01,Credit,7500,False,2004,Core credit,True
4352,1250,24128,2010-08-01,Debit,16261,True,2010,Core credit,True
2904,1250,24077,2006-05-01,Debit,14116,True,2006,Core credit,True
897,1767,24241,2020-01-01,Debit,23677,False,2020,Debit,False
898,1767,24241,2020-01-01,Debit (Prepaid),69,False,2020,Debit,False
201,1072,24109,2009-01-01,Debit,6326,False,2009,Debit,True
1706,1841,24242,2020-02-01,Debit,12461,True,2020,Debit,False
1374,1841,24206,2017-02-01,Debit,17386,False,2017,Debit,False
1950,1841,24242,2020-02-01,Credit,11300,True,2020,Debit,False
314,1202,24157,2013-01-01,Debit,1,True,2013,Core credit,True
4438,1202,24176,2014-08-01,Debit,1,True,2014,Core credit,True
2885,1202,24065,2005-05-01,Credit,0,False,2005,Core credit,True
1951,235,24242,2020-02-01,Debit,23069,True,2020,Debit,True
1333,235,24158,2013-02-01,Debit,15578,True,2013,Debit,True
5126,235,24106,2008-10-01,Debit,29648,False,2008,Debit,True
6064,235,24144,2011-12-01,Credit,25300,True,2011,Debit,True
4757,1766,24129,2010-09-01,Credit,8200,True,2010,Debit,True
3011,1766,24113,2009-05-01,Debit,9257,True,2009,Debit,True
3684,1766,24031,2002-07-01,Debit,319,False,2002,Debit,True
2066,1766,24051,2004-03-01,Debit,5141,True,2004,Debit,True
5665,1702,24143,2011-11-01,Debit,23343,True,2011,Prepaid,True
5244,1702,24142,2011-10-01,Debit,18624,True,2011,Prepaid,True
2755,1702,24184,2015-04-01,Debit,15145,True,2015,Prepaid,True
2701,1702,24148,2012-04-01,Debit,22787,True,2012,Prepaid,True
5749,1702,23940,1994-12-01,Debit (Prepaid),94,False,1994,Prepaid,True
4674,1142,24105,2008-09-01,Debit,43984,True,2008,Debit,True
4842,1142,24153,2012-09-01,Credit,20600,True,2012,Debit,True
4217,1142,24092,2007-08-01,Debit,29144,False,2007,Debit,True
4368,1653,24140,2011-08-01,Debit,25613,False,2011,Debit,False
1707,1982,24242,2020-02-01,Debit,24954,True,2020,Debit,False
3482,1982,24126,2010-06-01,Debit,24638,False,2010,Debit,False
899,1423,24241,2020-01-01,Credit,3400,False,2020,Core credit,False
5863,48,24084,2006-12-01,Debit (Prepaid),79,False,2006,Prepaid,True
3456,48,24114,2009-06-01,Debit,10099,True,2009,Prepaid,True
1294,48,24134,2011-02-01,Debit,15018,True,2011,Prepaid,True
6110,1582,24192,2015-12-01,Debit,31292,False,2015,Debit,True
5637,656,24131,2010-11-01,Debit,25639,False,2010,Debit,False
900,500,24241,2020-01-01,Debit,21955,False,2020,Debit,False
901,500,24241,2020-01-01,Debit,16319,False,2020,Debit,False
661,500,24241,2020-01-01,Debit,14679,False,2020,Debit,False
4049,1862,24199,2016-07-01,Credit,10200,False,2016,Premium credit,True
1708,1850,24242,2020-02-01,Debit,8653,False,2020,Debit,False
4702,1808,24105,2008-09-01,Credit,9100,False,2008,Core credit,True
1952,1808,24242,2020-02-01,Credit,4100,True,2020,Core credit,True
662,1808,24241,2020-01-01,Credit,10200,True,2020,Core credit,True
1184,1808,24110,2009-02-01,Debit,12736,True,2009,Core credit,True
4264,277,24104,2008-08-01,Debit,12930,True,2008,Core credit,True
4038,277,24187,2015-07-01,Debit,12457,True,2015,Core credit,True
2350,277,24183,2015-03-01,Debit (Prepaid),145,True,2015,Core credit,True
5362,277,24011,2000-11-01,Credit,8600,False,2000,Core credit,True
5864,277,24084,2006-12-01,Debit,14098,True,2006,Core credit,True
1953,1716,24242,2020-02-01,Credit,8400,False,2020,Core credit,False
3552,516,24150,2012-06-01,Debit,16679,True,2012,Debit,False
2292,516,24135,2011-03-01,Debit,13030,True,2011,Debit,False
3406,516,24102,2008-06-01,Debit,14611,False,2008,Debit,False
1709,516,24242,2020-02-01,Debit,11740,True,2020,Debit,False
1710,620,24242,2020-02-01,Debit,15927,False,2020,Debit,False
4084,159,23948,1995-08-01,Debit,14178,False,1995,Debit,False
3223,159,24018,2001-06-01,Credit,5900,True,2001,Debit,False
3815,159,24091,2007-07-01,Debit,13955,True,2007,Debit,False
1099,478,24074,2006-02-01,Credit,15600,True,2006,Prepaid,True
77,478,24061,2005-01-01,Debit (Prepaid),10,False,2005,Prepaid,True
135,478,24085,2007-01-01,Debit,19263,True,2007,Prepaid,True
5315,772,24202,2016-10-01,Debit,38814,True,2016,Prepaid,True
4858,772,24165,2013-09-01,Debit,15297,True,2013,Prepaid,True
3678,772,24031,2002-07-01,Debit (Prepaid),62,False,2002,Prepaid,True
3323,1537,24078,2006-06-01,Debit (Prepaid),51,False,2006,Prepaid,False
3584,1429,24174,2014-06-01,Debit,13201,True,2014,Debit,True
3140,1429,24161,2013-05-01,Debit,12353,True,2013,Debit,True
3560,1429,24150,2012-06-01,Debit,18223,False,2012,Debit,True
2378,1429,24219,2018-03-01,Debit,18757,True,2018,Debit,True
15,1228,24001,2000-01-01,Debit,5966,False,2000,Debit,True
4332,1228,24128,2010-08-01,Credit,7600,True,2010,Debit,True
5273,1228,24166,2013-10-01,Debit,17832,True,2013,Debit,True
3333,1228,24078,2006-06-01,Debit,17536,True,2006,Debit,True
4419,1228,24164,2013-08-01,Debit,30393,True,2013,Debit,True
2162,991,24087,2007-03-01,Credit,3100,False,2007,Core credit,False
902,1249,24241,2020-01-01,Credit,8700,False,2020,Core credit,False
4162,1242,24068,2005-08-01,Credit,6200,False,2005,Core credit,True
5102,1242,24094,2007-10-01,Credit,7400,True,2007,Core credit,True
4472,1759,24224,2018-08-01,Debit,14801,True,2018,Premium credit,True
2893,1759,24065,2005-05-01,Credit,11000,False,2005,Premium credit,True
4478,1759,24236,2019-08-01,Credit,9900,True,2019,Premium credit,True
377,1759,24217,2018-01-01,Debit,15773,True,2018,Premium credit,True
4232,1759,24092,2007-08-01,Debit,18365,True,2007,Premium credit,True
266,1759,24133,2011-01-01,Credit,12300,True,2011,Premium credit,True
4502,1058,23997,1999-09-01,Debit,15721,False,1999,Debit,True
1102,1058,24086,2007-02-01,Credit,7100,True,2007,Debit,True
3588,1058,24174,2014-06-01,Credit,8000,True,2014,Debit,True
4102,1058,24020,2001-08-01,Credit,7800,True,2001,Debit,True
277,1730,24133,2011-01-01,Debit,25429,False,2011,Debit,True
357,1730,24193,2016-01-01,Debit,16925,True,2016,Debit,True
5281,1730,24166,2013-10-01,Debit,19450,True,2013,Debit,True
1711,1632,24242,2020-02-01,Debit,2264,True,2020,Debit,False
903,1632,24241,2020-01-01,Debit,15914,False,2020,Debit,False
1954,1632,24242,2020-02-01,Debit (Prepaid),58,True,2020,Debit,False
904,1632,24241,2020-01-01,Debit,22944,False,2020,Debit,False
5971,1224,24120,2009-12-01,Debit,21908,True,2009,Premium credit,True
3874,1224,24103,2008-07-01,Credit,15700,True,2008,Premium credit,True
905,1224,24241,2020-01-01,Credit,0,True,2020,Premium credit,True
2412,1224,24004,2000-04-01,Credit,14800,False,2000,Premium credit,True
2163,1940,24087,2007-03-01,Credit,5700,True,2007,Debit,True
3859,1940,24103,2008-07-01,Credit,9100,True,2008,Debit,True
4218,1940,24092,2007-08-01,Debit,8993,True,2007,Debit,True
5451,1940,24083,2006-11-01,Credit,8000,True,2006,Debit,True
3230,1940,24018,2001-06-01,Debit,311,False,2001,Debit,True
663,1132,24241,2020-01-01,Credit,9700,False,2020,Core credit,False
1712,1132,24242,2020-02-01,Debit,23399,True,2020,Core credit,False
217,895,24109,2009-01-01,Credit,10300,True,2009,Prepaid,True
3483,895,24126,2010-06-01,Debit,12100,True,2010,Prepaid,True
1116,895,24086,2007-02-01,Debit (Prepaid),49,False,2007,Prepaid,True
4333,1556,24128,2010-08-01,Debit,24772,True,2010,Prepaid,True
1955,1556,24242,2020-02-01,Credit,15300,True,2020,Prepaid,True
2972,1556,24101,2008-05-01,Debit (Prepaid),55,False,2008,Prepaid,True
412,1556,24241,2020-01-01,Credit,11200,True,2020,Prepaid,True
664,1025,24241,2020-01-01,Credit,7800,False,2020,Core credit,False
1713,1025,24242,2020-02-01,Debit,13558,True,2020,Core credit,False
906,1025,24241,2020-01-01,Credit,8500,False,2020,Core credit,False
1956,1025,24242,2020-02-01,Debit,11237,True,2020,Core credit,False
2075,1972,24063,2005-03-01,Credit,6000,True,2005,Core credit,True
5539,1972,24107,2008-11-01,Debit,957,True,2008,Core credit,True
5321,1972,24214,2017-10-01,Credit,4000,True,2017,Core credit,True
2466,1972,24052,2004-04-01,Credit,4900,False,2004,Core credit,True
4041,86,24187,2015-07-01,Debit,7967,False,2015,Debit,True
3178,86,24197,2016-05-01,Debit,12490,True,2016,Debit,True
907,86,24241,2020-01-01,Debit,9043,True,2020,Debit,True
1957,344,24242,2020-02-01,Debit,1663,True,2020,Debit,False
665,344,24241,2020-01-01,Debit,7283,False,2020,Debit,False
666,344,24241,2020-01-01,Debit,23750,False,2020,Debit,False
164,1189,24097,2008-01-01,Credit,8100,True,2008,Debit,True
1958,1189,24242,2020-02-01,Credit,11800,True,2020,Debit,True
4556,1189,24057,2004-09-01,Credit,15200,True,2004,Debit,True
2067,1189,24051,2004-03-01,Debit,1633,False,2004,Debit,True
6115,921,24192,2015-12-01,Debit,22704,True,2015,Debit,True
3537,921,24138,2011-06-01,Debit,24069,True,2011,Debit,True
3457,921,24114,2009-06-01,Debit,35073,True,2009,Debit,True
4646,921,24093,2007-09-01,Debit,17731,True,2007,Debit,True
2541,921,24088,2007-04-01,Debit,33980,False,2007,Debit,True
3135,921,24161,2013-05-01,Debit,41714,True,2013,Debit,True
2718,921,24160,2013-04-01,Debit,21466,True,2013,Debit,True
4675,921,24105,2008-09-01,Debit,30547,True,2008,Debit,True
5873,393,24084,2006-12-01,Debit,9752,False,2006,Debit,True
1055,1254,24062,2005-02-01,Debit (Prepaid),114,False,2005,Prepaid,True
6013,1254,24132,2010-12-01,Debit,14934,True,2010,Prepaid,True
5616,1254,24131,2010-11-01,Debit,20294,True,2010,Prepaid,True
1959,1254,24242,2020-02-01,Debit,20674,True,2020,Prepaid,True
2510,1254,24076,2006-04-01,Credit,14000,True,2006,Prepaid,True
4145,212,24056,2004-08-01,Debit,9310,True,2004,Debit,True
908,212,24241,2020-01-01,Debit (Prepaid),60,True,2020,Debit,True
1074,212,24062,2005-02-01,Credit,10200,True,2005,Debit,True
2209,212,24099,2008-03-01,Debit,9477,True,2008,Debit,True
2418,212,24016,2001-04-01,Debit,6795,False,2001,Debit,True
4052,212,24211,2017-07-01,Credit,900,True,2017,Debit,True
991,1262,24014,2001-02-01,Debit,4747,False,2001,Debit,True
3324,1262,24078,2006-06-01,Debit,15702,True,2006,Debit,True
2432,1262,24028,2002-04-01,Debit,3955,True,2002,Debit,True
3794,122,24079,2006-07-01,Credit,8200,True,2006,Debit,True
2447,122,24040,2003-04-01,Credit,5500,True,2003,Debit,True
2034,122,24027,2002-03-01,Debit,15774,False,2002,Debit,True
2134,122,24075,2006-03-01,Credit,8800,True,2006,Debit,True
1382,1118,24218,2018-02-01,Debit,26206,True,2018,Debit,True
5274,1118,24166,2013-10-01,Debit,31113,False,2013,Debit,True
667,1118,24241,2020-01-01,Credit,21100,True,2020,Debit,True
362,1118,24205,2017-01-01,Credit,17100,True,2017,Debit,True
1960,1118,24242,2020-02-01,Debit,66287,True,2020,Debit,True
329,974,24169,2014-01-01,Credit,10900,True,2014,Debit,False
1131,974,24086,2007-02-01,Debit,36271,False,2007,Debit,False
2905,1274,24077,2006-05-01,Debit,5391,True,2006,Debit,True
1075,1274,24062,2005-02-01,Debit,17537,True,2005,Debit,True
3200,1274,24221,2018-05-01,Credit,10700,True,2018,Debit,True
3149,1274,24173,2014-05-01,Debit,18573,True,2014,Debit,True
1714,1274,24242,2020-02-01,Debit,18019,True,2020,Debit,True
24,1274,24013,2001-01-01,Debit,15160,False,2001,Debit,True
234,1453,24121,2010-01-01,Debit,4136,True,2010,Debit,True
1117,1453,24086,2007-02-01,Debit,14561,False,2007,Debit,True
668,337,24241,2020-01-01,Debit (Prepaid),86,False,2020,Prepaid,False
3227,1023,24018,2001-06-01,Credit,17100,False,2001,Premium credit,False
3603,1903,24186,2015-06-01,Credit,12700,True,2015,Premium credit,True
3568,1903,24162,2013-06-01,Debit,54517,True,2013,Premium credit,True
2973,1903,24101,2008-05-01,Credit,14900,False,2008,Premium credit,True
3085,604,24137,2011-05-01,Credit,16000,True,2011,Prepaid,True
4369,604,24140,2011-08-01,Debit,30713,True,2011,Prepaid,True
3434,604,24114,2009-06-01,Debit,33158,True,2009,Prepaid,True
4280,604,24104,2008-08-01,Debit (Prepaid),29,False,2008,Prepaid,True
2503,1637,24076,2006-04-01,Credit,21700,False,2006,Premium credit,False
5319,1637,24202,2016-10-01,Credit,12500,True,2016,Premium credit,False
256,1470,24121,2010-01-01,Debit,3365,True,2010,Debit,True
2280,1470,24135,2011-03-01,Debit,14856,True,2011,Debit,True
3392,1470,24102,2008-06-01,Debit,5989,False,2008,Debit,True
3896,1470,24115,2009-07-01,Debit,4394,True,2009,Debit,True
4050,1856,24199,2016-07-01,Debit (Prepaid),85,True,2016,Debit,True
3939,1856,24127,2010-07-01,Credit,10600,True,2010,Debit,True
257,1856,24121,2010-01-01,Debit,3909,True,2010,Debit,True
5949,1856,24108,2008-12-01,Debit,1873,False,2008,Debit,True
909,907,24241,2020-01-01,Debit,19643,True,2020,Premium credit,False
3783,907,24079,2006-07-01,Credit,14700,False,2006,Premium credit,False
5203,907,24130,2010-10-01,Credit,8800,True,2010,Premium credit,False
669,1923,24241,2020-01-01,Credit,7900,True,2020,Premium credit,True
2152,1923,24087,2007-03-01,Debit,12653,True,2007,Premium credit,True
2041,1923,24039,2003-03-01,Credit,11400,False,2003,Premium credit,True
3255,674,24042,2003-06-01,Credit,6500,True,2003,Debit,True
4786,674,24129,2010-09-01,Debit,1407,True,2010,Debit,True
2680,674,24136,2011-04-01,Debit,11402,True,2011,Debit,True
2405,674,23992,1999-04-01,Debit,4501,True,1999,Debit,True
5574,674,24119,2009-11-01,Debit,1399,True,2009,Debit,True
5348,674,23951,1995-11-01,Debit,14466,False,1995,Debit,True
47,674,24037,2003-01-01,Credit,8000,True,2003,Debit,True
910,1665,24241,2020-01-01,Debit,31916,False,2020,Debit,False
1961,548,24242,2020-02-01,Credit,7800,True,2020,Debit,False
1185,548,24110,2009-02-01,Debit,570,False,2009,Debit,False
6014,548,24132,2010-12-01,Debit,13187,True,2010,Debit,False
1715,548,24242,2020-02-01,Debit (Prepaid),50,True,2020,Debit,False
2651,209,24124,2010-04-01,Credit,8900,True,2010,Core credit,True
3795,209,24079,2006-07-01,Debit,10681,True,2006,Core credit,True
3218,209,24006,2000-06-01,Credit,2500,False,2000,Core credit,True
258,209,24121,2010-01-01,Credit,8700,True,2010,Core credit,True
5575,209,24119,2009-11-01,Debit,10227,True,2009,Core credit,True
4676,209,24105,2008-09-01,Debit,2507,True,2008,Core credit,True
2806,730,23993,1999-05-01,Credit,19400,False,1999,Premium credit,False
1118,730,24086,2007-02-01,Debit,29268,True,2007,Premium credit,False
4827,730,24141,2011-09-01,Debit,10756,True,2011,Premium credit,False
1716,670,24242,2020-02-01,Debit (Prepaid),57,True,2020,Debit,False
911,670,24241,2020-01-01,Debit,10705,False,2020,Debit,False
5334,627,24226,2018-10-01,Credit,4200,False,2018,Core credit,False
2210,924,24099,2008-03-01,Credit,5800,False,2008,Core credit,True
2739,894,24172,2014-04-01,Credit,9300,True,2014,Core credit,False
4612,894,24081,2006-09-01,Debit (Prepaid),56,True,2006,Core credit,False
2123,894,24075,2006-03-01,Credit,8200,False,2006,Core credit,False
1717,1633,24242,2020-02-01,Debit (Prepaid),78,True,2020,Debit,True
3038,1633,24125,2010-05-01,Credit,15000,True,2010,Debit,True
5012,1633,24058,2004-10-01,Debit,11495,False,2004,Debit,True
670,1633,24241,2020-01-01,Debit,21982,True,2020,Debit,True
671,1593,24241,2020-01-01,Debit,20278,False,2020,Core credit,False
1718,1593,24242,2020-02-01,Debit,13139,True,2020,Core credit,False
912,1593,24241,2020-01-01,Credit,9900,False,2020,Core credit,False
1962,1593,24242,2020-02-01,Credit,8900,True,2020,Core credit,False
2516,720,24076,2006-04-01,Debit,4976,True,2006,Debit,True
4136,720,24056,2004-08-01,Debit,974,False,2004,Debit,True
1963,720,24242,2020-02-01,Credit,2000,True,2020,Debit,True
2239,264,24111,2009-03-01,Credit,10600,False,2009,Premium credit,True
2729,827,24172,2014-04-01,Credit,7100,True,2014,Debit,True
2836,827,24029,2002-05-01,Credit,6800,True,2002,Debit,True
3897,827,24115,2009-07-01,Debit,4887,True,2009,Debit,True
4514,827,24021,2001-09-01,Debit,8133,False,2001,Debit,True
2815,414,24017,2001-05-01,Debit,62703,False,2001,Debit,True
3958,414,24127,2010-07-01,Credit,23500,True,2010,Debit,True
235,1439,24121,2010-01-01,Debit,10707,False,2010,Debit,True
6094,1439,24168,2013-12-01,Debit,18945,True,2013,Debit,True
2246,843,24123,2010-03-01,Credit,6600,True,2010,Debit,True
913,843,24241,2020-01-01,Debit (Prepaid),57,True,2020,Debit,True
4828,843,24141,2011-09-01,Debit,11996,True,2011,Debit,True
4370,843,24140,2011-08-01,Debit,18026,True,2011,Debit,True
184,843,24097,2008-01-01,Debit,10495,False,2008,Debit,True
4081,843,24235,2019-07-01,Debit,9946,True,2019,Debit,True
2592,1008,24100,2008-04-01,Debit,20245,True,2008,Core credit,True
5850,1008,24072,2005-12-01,Credit,5100,False,2005,Core credit,True
2325,1008,24159,2013-03-01,Debit,36515,True,2013,Core credit,True
382,1008,24229,2019-01-01,Debit,15306,True,2019,Core credit,True
4593,1008,24081,2006-09-01,Credit,20600,True,2006,Core credit,True
6036,1834,24144,2011-12-01,Credit,7300,True,2011,Debit,True
1119,1834,24086,2007-02-01,Debit,10348,False,2007,Debit,True
5617,1834,24131,2010-11-01,Credit,3300,True,2010,Debit,True
1964,1126,24242,2020-02-01,Debit,20318,False,2020,Debit,False
672,881,24241,2020-01-01,Debit,28163,True,2020,Premium credit,False
4732,881,24117,2009-09-01,Debit (Prepaid),63,True,2009,Premium credit,False
4439,881,24176,2014-08-01,Debit,31491,True,2014,Premium credit,False
4287,881,24116,2009-08-01,Credit,22700,False,2009,Premium credit,False
5714,679,24191,2015-11-01,Debit (Prepaid),73,True,2015,Debit,True
2894,679,24077,2006-05-01,Credit,9900,True,2006,Debit,True
5972,679,24120,2009-12-01,Debit,14713,True,2009,Debit,True
3741,679,24067,2005-07-01,Debit,2290,False,2005,Debit,True
673,1333,24241,2020-01-01,Debit,28203,False,2020,Premium credit,False
674,1333,24241,2020-01-01,Credit,30200,False,2020,Premium credit,False
1719,1333,24242,2020-02-01,Debit,3565,True,2020,Premium credit,False
675,1333,24241,2020-01-01,Debit,3565,False,2020,Premium credit,False
1199,398,24110,2009-02-01,Debit,17111,True,2009,Debit,True
2012,398,23991,1999-03-01,Debit,21264,False,1999,Debit,True
5323,398,24214,2017-10-01,Debit,15125,True,2017,Debit,True
2337,398,24171,2014-03-01,Debit,16472,True,2014,Debit,True
676,151,24241,2020-01-01,Credit,12800,False,2020,Premium credit,False
1037,106,24050,2004-02-01,Debit,11154,False,2004,Debit,True
4654,106,24093,2007-09-01,Debit,19419,True,2007,Debit,True
2124,106,24075,2006-03-01,Credit,9100,True,2006,Debit,True
3484,106,24126,2010-06-01,Debit,9471,True,2010,Debit,True
5310,106,24190,2015-10-01,Debit,10331,True,2015,Debit,True
2794,1784,23969,1997-05-01,Credit,15900,False,1997,Premium credit,False
5330,1924,24226,2018-10-01,Credit,5200,False,2018,Core credit,False
5739,671,24227,2018-11-01,Credit,8600,True,2018,Core credit,True
5592,671,24119,2009-11-01,Credit,8700,False,2009,Core credit,True
3485,1472,24126,2010-06-01,Debit,25236,True,2010,Premium credit,False
2196,1472,24099,2008-03-01,Credit,10400,False,2008,Premium credit,False
3393,1472,24102,2008-06-01,Debit (Prepaid),38,True,2008,Premium credit,False
4647,855,24093,2007-09-01,Debit (Prepaid),106,True,2007,Debit,True
3670,855,24019,2001-07-01,Debit,15975,False,2001,Debit,True
5916,855,24096,2007-12-01,Debit,12188,True,2007,Debit,True
5715,855,24191,2015-11-01,Debit,11928,True,2015,Debit,True
2702,855,24148,2012-04-01,Debit,13841,True,2012,Debit,True
4317,981,24128,2010-08-01,Credit,7500,False,2010,Core credit,False
3828,1030,24091,2007-07-01,Debit,4269,True,2007,Premium credit,True
2936,1030,24089,2007-05-01,Credit,12600,True,2007,Premium credit,True
2415,1030,24016,2001-04-01,Credit,16500,False,2001,Premium credit,True
4677,1030,24105,2008-09-01,Debit,19152,True,2008,Premium credit,True
4072,384,24223,2018-07-01,Debit,19349,False,2018,Debit,False
4492,80,23973,1997-09-01,Debit,1703,False,1997,Debit,True
307,80,24145,2012-01-01,Credit,2800,True,2012,Debit,True
2689,80,24136,2011-04-01,Debit,13569,True,2011,Debit,True
3829,80,24091,2007-07-01,Credit,10700,True,2007,Debit,True
3917,80,24115,2009-07-01,Credit,14500,True,2009,Debit,True
5027,1331,24070,2005-10-01,Debit (Prepaid),26,False,2005,Prepaid,True
6130,205,24204,2016-12-01,Debit,25621,True,2016,Debit,True
3620,205,24210,2017-06-01,Debit,12193,True,2017,Debit,True
3639,205,24222,2018-06-01,Debit,14247,True,2018,Debit,True
2861,205,24053,2004-05-01,Debit,14859,False,2004,Debit,True
5037,1048,24070,2005-10-01,Credit,13400,True,2005,Core credit,True
2048,1048,24039,2003-03-01,Credit,12500,True,2003,Core credit,True
4509,1048,24021,2001-09-01,Credit,3800,False,2001,Core credit,True
2542,1048,24088,2007-04-01,Debit,22527,True,2007,Core credit,True
677,1801,24241,2020-01-01,Debit,7284,False,2020,Debit,False
5266,1490,24154,2012-10-01,Debit,22856,True,2012,Premium credit,True
1369,1490,24194,2016-02-01,Debit,20225,True,2016,Premium credit,True
1965,1490,24242,2020-02-01,Debit,15742,True,2020,Premium credit,True
5950,1490,24108,2008-12-01,Credit,11400,False,2008,Premium credit,True
2524,818,24088,2007-04-01,Credit,6200,True,2007,Debit,False
3728,818,24067,2005-07-01,Credit,500,True,2005,Debit,False
5540,818,24107,2008-11-01,Credit,7100,True,2008,Debit,False
5874,818,24084,2006-12-01,Debit,15522,True,2006,Debit,False
992,818,24014,2001-02-01,Debit,19640,False,2001,Debit,False
5499,1463,24095,2007-11-01,Debit,13930,False,2007,Debit,True
3591,1463,24186,2015-06-01,Debit,22357,True,2015,Debit,True
5245,1463,24142,2011-10-01,Credit,7700,True,2011,Debit,True
3542,1463,24150,2012-06-01,Credit,5100,True,2012,Debit,True
678,1835,24241,2020-01-01,Debit,12191,False,2020,Debit,False
2351,952,24183,2015-03-01,Debit,58234,True,2015,Debit,True
1275,952,24134,2011-02-01,Debit,76966,False,2011,Debit,True
3611,616,24198,2016-06-01,Credit,4500,False,2016,Core credit,True
6050,638,24144,2011-12-01,Debit,25551,True,2011,Debit,True
2068,638,24051,2004-03-01,Debit,21253,False,2004,Debit,True
3394,638,24102,2008-06-01,Debit,10274,True,2008,Debit,True
4445,638,24188,2015-08-01,Credit,4800,True,2015,Debit,True
914,638,24241,2020-01-01,Debit,19934,True,2020,Debit,True
1966,1366,24242,2020-02-01,Debit,8829,True,2020,Premium credit,True
315,1366,24157,2013-01-01,Credit,12400,False,2013,Premium credit,True
2374,1366,24219,2018-03-01,Debit,17691,True,2018,Premium credit,True
2974,443,24101,2008-05-01,Debit,15317,False,2008,Debit,False
6111,336,24192,2015-12-01,Debit,19612,False,2015,Debit,False
679,611,24241,2020-01-01,Debit,10304,False,2020,Debit,False
2364,973,24207,2017-03-01,Debit,16229,True,2017,Core credit,True
5716,973,24191,2015-11-01,Debit,8366,True,2015,Core credit,True
5706,973,24179,2014-11-01,Debit,7688,True,2014,Core credit,True
3833,973,24103,2008-07-01,Credit,8300,False,2008,Core credit,True
680,632,24241,2020-01-01,Debit,16557,False,2020,Debit,False
3898,1918,24115,2009-07-01,Debit,18627,False,2009,Debit,True
1967,1827,24242,2020-02-01,Debit,23156,True,2020,Premium credit,True
3959,1827,24127,2010-07-01,Debit,30041,True,2010,Premium credit,True
5246,1827,24142,2011-10-01,Debit,29137,True,2011,Premium credit,True
4546,1827,24057,2004-09-01,Credit,10400,False,2004,Premium credit,True
3395,1827,24102,2008-06-01,Credit,13500,True,2008,Premium credit,True
5727,1827,24203,2016-11-01,Debit,17663,True,2016,Premium credit,True
681,70,24241,2020-01-01,Debit,30637,False,2020,Debit,False
4464,672,24212,2017-08-01,Debit,8540,True,2017,Debit,True
3396,672,24102,2008-06-01,Debit,9397,True,2008,Debit,True
915,672,24241,2020-01-01,Debit,12329,True,2020,Debit,True
5001,672,24046,2003-10-01,Debit,8333,False,2003,Debit,True
5345,1461,24238,2019-10-01,Credit,5200,True,2019,Debit,True
2668,1461,24124,2010-04-01,Debit,35757,True,2010,Debit,True
2886,1461,24065,2005-05-01,Credit,16600,True,2005,Debit,True
4535,1461,24045,2003-09-01,Debit,23754,False,2003,Debit,True
2090,1461,24063,2005-03-01,Debit,14480,True,2005,Debit,True
103,1461,24073,2006-01-01,Debit,6237,True,2006,Debit,True
916,510,24241,2020-01-01,Credit,9200,False,2020,Core credit,False
917,510,24241,2020-01-01,Debit,14797,False,2020,Core credit,False
5638,256,24131,2010-11-01,Credit,9400,True,2010,Premium credit,True
3989,256,24139,2011-07-01,Debit (Prepaid),50,True,2011,Premium credit,True
6089,256,24168,2013-12-01,Credit,1800,True,2013,Premium credit,True
2850,256,24053,2004-05-01,Credit,12400,False,2004,Premium credit,True
147,256,24085,2007-01-01,Credit,14300,True,2007,Premium credit,True
1276,256,24134,2011-02-01,Debit,27489,True,2011,Premium credit,True
1968,1410,24242,2020-02-01,Debit,7846,False,2020,Debit,False
1720,574,24242,2020-02-01,Credit,12500,True,2020,Premium credit,False
435,574,24241,2020-01-01,Credit,10500,False,2020,Premium credit,False
1721,574,24242,2020-02-01,Debit (Prepaid),72,True,2020,Premium credit,False
1722,574,24242,2020-02-01,Credit,8800,True,2020,Premium credit,False
6015,1837,24132,2010-12-01,Debit,11199,True,2010,Debit,True
259,1837,24121,2010-01-01,Debit,8800,False,2010,Debit,True
5275,1837,24166,2013-10-01,Debit (Prepaid),83,True,2013,Debit,True
2256,1837,24123,2010-03-01,Debit,7217,True,2010,Debit,True
5307,1974,24190,2015-10-01,Credit,9000,True,2015,Debit,False
278,1974,24133,2011-01-01,Debit,15195,True,2011,Debit,False
2257,1974,24123,2010-03-01,Debit,14747,False,2010,Debit,False
1723,30,24242,2020-02-01,Debit,8998,False,2020,Debit,False
1429,1270,24242,2020-02-01,Credit,20400,True,2020,Debit,False
4313,1270,24116,2009-08-01,Debit,13653,False,2009,Debit,False
222,1815,24121,2010-01-01,Credit,17800,True,2010,Debit,True
4582,1815,24069,2005-09-01,Debit (Prepaid),52,True,2005,Debit,True
4371,1815,24140,2011-08-01,Debit (Prepaid),56,True,2011,Debit,True
2035,1815,24027,2002-03-01,Debit,3099,False,2002,Debit,True
682,805,24241,2020-01-01,Debit,11805,False,2020,Debit,False
918,805,24241,2020-01-01,Debit,17535,False,2020,Debit,False
3233,464,24030,2002-06-01,Credit,18000,False,2002,Premium credit,True
1724,1042,24242,2020-02-01,Debit (Prepaid),95,False,2020,Prepaid,False
2170,1579,24099,2008-03-01,Credit,8200,True,2008,Debit,True
11,1579,23989,1999-01-01,Debit,2143,False,1999,Debit,True
4163,1579,24068,2005-08-01,Debit,6550,True,2005,Debit,True
3976,1579,24139,2011-07-01,Credit,12800,True,2011,Debit,True
3830,1579,24091,2007-07-01,Debit,15960,True,2007,Debit,True
683,830,24241,2020-01-01,Credit,19000,True,2020,Debit,False
3899,830,24115,2009-07-01,Debit,26575,False,2009,Debit,False
4678,465,24105,2008-09-01,Credit,5800,True,2008,Debit,True
2433,465,24028,2002-04-01,Debit,16047,False,2002,Debit,True
4879,1954,24177,2014-09-01,Credit,5900,True,2014,Debit,True
2387,1954,24231,2019-03-01,Debit,22722,True,2019,Debit,True
316,1954,24157,2013-01-01,Debit,21258,False,2013,Debit,True
4749,959,24117,2009-09-01,Debit (Prepaid),18,False,2009,Prepaid,False
1231,959,24122,2010-02-01,Debit (Prepaid),8,True,2010,Prepaid,False
5693,1049,24167,2013-11-01,Debit,14446,True,2013,Premium credit,False
2816,1049,24017,2001-05-01,Credit,10500,False,2001,Premium credit,False
5823,1049,24060,2004-12-01,Debit,13122,True,2004,Premium credit,False
5553,1049,24107,2008-11-01,Debit,24519,True,2008,Premium credit,False
1310,1049,24146,2012-02-01,Credit,9400,True,2012,Premium credit,False
4265,1049,24104,2008-08-01,Debit,12121,True,2008,Premium credit,False
684,1925,24241,2020-01-01,Credit,1300,False,2020,Premium credit,False
685,1925,24241,2020-01-01,Credit,17500,False,2020,Premium credit,False
3940,1088,24127,2010-07-01,Credit,10700,True,2010,Core credit,True
4574,1088,24069,2005-09-01,Credit,7300,False,2005,Core credit,True
6095,1088,24168,2013-12-01,Debit,15194,True,2013,Core credit,True
4106,14,24020,2001-08-01,Credit,5400,False,2001,Core credit,True
2076,14,24063,2005-03-01,Credit,14100,True,2005,Core credit,True
2164,14,24087,2007-03-01,Debit,3899,True,2007,Core credit,True
5159,14,24118,2009-10-01,Debit (Prepaid),22,True,2009,Core credit,True
3082,14,24125,2010-05-01,Debit,16464,True,2010,Core credit,True
4266,162,24104,2008-08-01,Debit,39591,False,2008,Debit,True
5938,162,24108,2008-12-01,Debit,39452,True,2008,Debit,True
5694,162,24167,2013-11-01,Debit,27266,True,2013,Debit,True
2240,162,24111,2009-03-01,Credit,15400,True,2009,Debit,True
3569,162,24162,2013-06-01,Credit,16700,True,2013,Debit,True
5371,1692,24023,2001-11-01,Debit,38048,True,2001,Debit,True
5618,1692,24131,2010-11-01,Debit,7564,True,2010,Debit,True
3646,1692,23899,1991-07-01,Debit,35203,False,1991,Debit,True
5838,380,24072,2005-12-01,Credit,10800,False,2005,Premium credit,True
3538,380,24138,2011-06-01,Credit,8000,True,2011,Premium credit,True
4219,141,24092,2007-08-01,Debit,4729,True,2007,Debit,True
3028,141,24113,2009-05-01,Credit,6400,True,2009,Debit,True
5514,141,24095,2007-11-01,Credit,9200,True,2007,Debit,True
4073,141,24223,2018-07-01,Credit,8000,True,2018,Debit,True
2952,141,24089,2007-05-01,Debit,17235,False,2007,Debit,True
3941,1348,24127,2010-07-01,Debit,1,True,2010,Core credit,True
3086,1348,24137,2011-05-01,Credit,0,True,2011,Core credit,True
2669,1348,24124,2010-04-01,Debit,1,True,2010,Core credit,True
4042,1348,24187,2015-07-01,Debit,1,True,2015,Core credit,True
4137,1348,24056,2004-08-01,Debit,0,True,2004,Core credit,True
4982,1348,24046,2003-10-01,Credit,0,False,2003,Core credit,True
6137,1256,24228,2018-12-01,Debit,28850,True,2018,Premium credit,True
5160,1256,24118,2009-10-01,Credit,15700,False,2009,Premium credit,True
236,1256,24121,2010-01-01,Debit (Prepaid),79,True,2010,Premium credit,True
6116,1256,24192,2015-12-01,Credit,18500,True,2015,Premium credit,True
1969,1690,24242,2020-02-01,Debit,14495,True,2020,Debit,False
686,1690,24241,2020-01-01,Debit,15906,False,2020,Debit,False
5717,169,24191,2015-11-01,Debit,10194,True,2015,Debit,True
5655,169,24143,2011-11-01,Debit (Prepaid),91,True,2011,Debit,True
3256,169,24042,2003-06-01,Debit,12591,False,2003,Debit,True
2317,169,24159,2013-03-01,Debit,10574,True,2013,Debit,True
4220,1955,24092,2007-08-01,Debit (Prepaid),92,True,2007,Debit,True
4184,1955,24080,2006-08-01,Debit,7338,False,2006,Debit,True
5712,1807,24191,2015-11-01,Debit,26838,True,2015,Premium credit,True
4123,1807,24044,2003-08-01,Debit,38154,True,2003,Premium credit,True
2823,1807,24029,2002-05-01,Credit,13200,False,2002,Premium credit,True
165,1807,24097,2008-01-01,Debit (Prepaid),89,True,2008,Premium credit,True
2837,1807,24041,2003-05-01,Credit,3900,True,2003,Premium credit,True
5875,102,24084,2006-12-01,Debit,7676,False,2006,Debit,False
3816,257,24091,2007-07-01,Debit,13345,True,2007,Debit,True
4386,257,24140,2011-08-01,Credit,8000,True,2011,Debit,True
5127,257,24106,2008-10-01,Debit (Prepaid),87,True,2008,Debit,True
104,257,24073,2006-01-01,Debit,6395,False,2006,Debit,True
687,911,24241,2020-01-01,Credit,8900,False,2020,Core credit,False
2748,987,24184,2015-04-01,Debit (Prepaid),69,True,2015,Debit,True
4146,987,24056,2004-08-01,Debit,18912,False,2004,Debit,True
5090,987,24094,2007-10-01,Debit,23021,True,2007,Debit,True
373,987,24217,2018-01-01,Debit,21985,True,2018,Debit,True
919,101,24241,2020-01-01,Credit,5300,False,2020,Core credit,False
237,1141,24121,2010-01-01,Debit,2397,True,2010,Core credit,True
3817,1141,24091,2007-07-01,Credit,2800,True,2007,Core credit,True
3624,1141,24210,2017-06-01,Debit,10466,True,2017,Core credit,True
3269,1141,24054,2004-06-01,Credit,9400,False,2004,Core credit,True
5224,1141,24130,2010-10-01,Debit,20161,True,2010,Core credit,True
1277,1682,24134,2011-02-01,Credit,12600,True,2011,Premium credit,True
2517,1682,24076,2006-04-01,Credit,14300,False,2006,Premium credit,True
3407,1682,24102,2008-06-01,Debit,23452,True,2008,Premium credit,True
238,1682,24121,2010-01-01,Credit,13200,True,2010,Premium credit,True
3408,1682,24102,2008-06-01,Credit,13500,True,2008,Premium credit,True
920,481,24241,2020-01-01,Credit,17600,False,2020,Premium credit,False
688,978,24241,2020-01-01,Debit,16558,False,2020,Debit,False
689,1550,24241,2020-01-01,Debit,44717,False,2020,Debit,False
1725,1550,24242,2020-02-01,Credit,13700,True,2020,Debit,False
690,1550,24241,2020-01-01,Debit,14332,False,2020,Debit,False
1970,1162,24242,2020-02-01,Debit,15695,False,2020,Premium credit,False
1454,1162,24242,2020-02-01,Credit,13700,False,2020,Premium credit,False
2365,172,24207,2017-03-01,Debit,19600,True,2017,Debit,True
3458,172,24114,2009-06-01,Debit,17815,False,2009,Debit,True
1232,172,24122,2010-02-01,Debit,16373,True,2010,Debit,True
31,892,24025,2002-01-01,Debit,14340,False,2002,Debit,False
5656,315,24143,2011-11-01,Debit (Prepaid),109,False,2011,Prepaid,True
1726,315,24242,2020-02-01,Debit,16218,True,2020,Prepaid,True
3121,315,24149,2012-05-01,Debit,22115,True,2012,Prepaid,True
3246,1739,24030,2002-06-01,Debit (Prepaid),80,False,2002,Prepaid,False
1727,836,24242,2020-02-01,Debit,18261,False,2020,Debit,False
2413,39,24004,2000-04-01,Debit,1325,False,2000,Debit,True
2039,39,24027,2002-03-01,Credit,16900,True,2002,Debit,True
413,155,24241,2020-01-01,Credit,6500,True,2020,Prepaid,True
279,155,24133,2011-01-01,Credit,7800,True,2011,Prepaid,True
239,155,24121,2010-01-01,Debit,9294,True,2010,Prepaid,True
2281,155,24135,2011-03-01,Debit,12163,True,2011,Prepaid,True
3111,155,24137,2011-05-01,Debit,14959,True,2011,Prepaid,True
5793,155,24048,2003-12-01,Debit (Prepaid),15,False,2003,Prepaid,True
2026,1305,24015,2001-03-01,Debit,18118,False,2001,Debit,True
1260,1305,24122,2010-02-01,Debit,22025,True,2010,Debit,True
2229,1305,24111,2009-03-01,Credit,9100,True,2009,Debit,True
3409,1504,24102,2008-06-01,Debit,16064,True,2008,Debit,True
3486,1504,24126,2010-06-01,Credit,6000,True,2010,Debit,True
5373,1504,24023,2001-11-01,Debit,7136,False,2001,Debit,True
4963,1504,24034,2002-10-01,Credit,3900,True,2002,Debit,True
3977,1504,24139,2011-07-01,Debit,8444,True,2011,Debit,True
4119,1105,24044,2003-08-01,Debit,12692,True,2003,Debit,True
2036,1105,24027,2002-03-01,Debit,9027,False,2002,Debit,True
218,1105,24109,2009-01-01,Debit,4507,True,2009,Debit,True
691,1761,24241,2020-01-01,Debit,17963,False,2020,Debit,False
1971,1761,24242,2020-02-01,Credit,12200,True,2020,Debit,False
1728,1761,24242,2020-02-01,Debit,1996,True,2020,Debit,False
1729,215,24242,2020-02-01,Debit,19998,False,2020,Premium credit,False
1430,215,24242,2020-02-01,Credit,15600,False,2020,Premium credit,False
1325,948,24158,2013-02-01,Debit,13035,True,2013,Core credit,True
3083,948,24125,2010-05-01,Credit,8300,True,2010,Core credit,True
1265,948,24134,2011-02-01,Credit,6200,True,2011,Core credit,True
5695,948,24167,2013-11-01,Debit,11795,True,2013,Core credit,True
3376,948,24102,2008-06-01,Credit,7900,False,2008,Core credit,True
1455,862,24242,2020-02-01,Credit,12900,True,2020,Core credit,True
921,862,24241,2020-01-01,Debit,6556,True,2020,Core credit,True
3167,862,24185,2015-05-01,Credit,3800,False,2015,Core credit,True
5103,1514,24094,2007-10-01,Credit,7800,True,2007,Debit,True
3325,1514,24078,2006-06-01,Credit,10900,True,2006,Debit,True
78,1514,24061,2005-01-01,Debit,1846,False,2005,Debit,True
4679,1514,24105,2008-09-01,Debit (Prepaid),76,True,2008,Debit,True
4334,1514,24128,2010-08-01,Credit,0,True,2010,Debit,True
2390,1698,24231,2019-03-01,Credit,13400,True,2019,Debit,False
922,1698,24241,2020-01-01,Credit,15800,True,2020,Debit,False
5639,1698,24131,2010-11-01,Debit,14744,False,2010,Debit,False
436,1316,24241,2020-01-01,Credit,8700,True,2020,Core credit,False
692,1316,24241,2020-01-01,Debit,12088,True,2020,Core credit,False
330,1316,24169,2014-01-01,Credit,4700,False,2014,Core credit,False
1972,1316,24242,2020-02-01,Debit,11983,True,2020,Core credit,False
1730,1316,24242,2020-02-01,Debit,11557,True,2020,Core credit,False
693,1831,24241,2020-01-01,Debit,12152,False,2020,Premium credit,False
437,1831,24241,2020-01-01,Credit,11100,False,2020,Premium credit,False
2293,889,24135,2011-03-01,Credit,14700,False,2011,Premium credit,False
4522,526,24033,2002-09-01,Debit (Prepaid),52,False,2002,Prepaid,True
5204,526,24130,2010-10-01,Debit,3224,True,2010,Prepaid,True
5917,526,24096,2007-12-01,Debit,23001,True,2007,Prepaid,True
2091,526,24063,2005-03-01,Debit,23652,True,2005,Prepaid,True
5500,526,24095,2007-11-01,Debit (Prepaid),86,True,2007,Prepaid,True
5091,231,24094,2007-10-01,Debit (Prepaid),80,True,2007,Core credit,True
4221,231,24092,2007-08-01,Debit,26097,True,2007,Core credit,True
5718,231,24191,2015-11-01,Debit,11032,True,2015,Core credit,True
2474,231,24052,2004-04-01,Credit,8900,False,2004,Core credit,True
414,231,24241,2020-01-01,Credit,4700,True,2020,Core credit,True
5255,910,24142,2011-10-01,Debit,10523,False,2011,Debit,False
1431,910,24242,2020-02-01,Credit,8900,True,2020,Debit,False
3918,876,24115,2009-07-01,Debit,6489,True,2009,Debit,True
5773,876,24024,2001-12-01,Debit,9146,False,2001,Debit,True
5342,1509,24238,2019-10-01,Debit (Prepaid),66,True,2019,Premium credit,True
2352,1509,24183,2015-03-01,Debit,18138,True,2015,Premium credit,True
1347,1509,24170,2014-02-01,Debit,23238,True,2014,Premium credit,True
5276,1509,24166,2013-10-01,Debit,20706,True,2013,Premium credit,True
3685,1509,24031,2002-07-01,Credit,12100,False,2002,Premium credit,True
5696,1422,24167,2013-11-01,Debit,19781,True,2013,Debit,True
4983,1422,24046,2003-10-01,Credit,9300,True,2003,Debit,True
3212,1422,23994,1999-06-01,Debit,5451,False,1999,Debit,True
5515,1422,24095,2007-11-01,Debit,6491,True,2007,Debit,True
923,1400,24241,2020-01-01,Credit,6900,False,2020,Core credit,False
415,1400,24241,2020-01-01,Credit,6100,False,2020,Core credit,False
3796,492,24079,2006-07-01,Debit,16905,False,2006,Debit,False
1002,1516,24026,2002-02-01,Debit,47153,False,2002,Debit,True
3960,1516,24127,2010-07-01,Debit,25010,True,2010,Debit,True
5973,1649,24120,2009-12-01,Debit,232,True,2009,Prepaid,True
4410,1649,24164,2013-08-01,Credit,100,True,2013,Prepaid,True
3697,1649,24043,2003-07-01,Debit (Prepaid),80,False,2003,Prepaid,True
1432,1573,24242,2020-02-01,Credit,3300,False,2020,Core credit,False
3326,583,24078,2006-06-01,Debit,3483,False,2006,Debit,True
343,583,24181,2015-01-01,Credit,13900,True,2015,Debit,True
3238,1811,24030,2002-06-01,Debit,70187,False,2002,Debit,True
291,1811,24133,2011-01-01,Debit,7821,True,2011,Debit,True
3355,1811,24090,2007-06-01,Debit,96637,True,2007,Debit,True
4894,1811,24201,2016-09-01,Credit,44200,True,2016,Debit,True
2165,1811,24087,2007-03-01,Debit (Prepaid),68,True,2007,Debit,True
331,1811,24169,2014-01-01,Debit (Prepaid),54,True,2014,Debit,True
3978,1811,24139,2011-07-01,Debit,62519,True,2011,Debit,True
3141,1811,24161,2013-05-01,Debit,87408,True,2013,Debit,True
202,1054,24109,2009-01-01,Debit,15100,True,2009,Debit,True
3860,1054,24103,2008-07-01,Debit,2303,False,2008,Debit,True
924,1054,24241,2020-01-01,Credit,9000,True,2020,Debit,True
5921,1678,24108,2008-12-01,Credit,12600,True,2008,Debit,True
3435,1678,24114,2009-06-01,Debit,25027,True,2009,Debit,True
4680,1678,24105,2008-09-01,Debit,30424,False,2008,Debit,True
1731,333,24242,2020-02-01,Debit,14304,False,2020,Debit,False
5311,1412,24190,2015-10-01,Debit,19081,True,2015,Debit,True
5687,1412,24167,2013-11-01,Debit,17401,True,2013,Debit,True
3067,1412,24125,2010-05-01,Credit,12800,True,2010,Debit,True
3942,1412,24127,2010-07-01,Debit (Prepaid),42,True,2010,Debit,True
3436,1412,24114,2009-06-01,Debit,10404,False,2009,Debit,True
3715,177,24055,2004-07-01,Debit,39422,True,2004,Debit,True
2681,177,24136,2011-04-01,Credit,11900,True,2011,Debit,True
1152,177,24098,2008-02-01,Debit,4880,True,2008,Debit,True
3653,177,23983,1998-07-01,Debit,25392,False,1998,Debit,True
694,390,24241,2020-01-01,Credit,18500,False,2020,Premium credit,False
695,390,24241,2020-01-01,Debit (Prepaid),57,False,2020,Premium credit,False
3539,1577,24138,2011-06-01,Credit,10100,True,2011,Debit,True
3437,1577,24114,2009-06-01,Debit,2037,True,2009,Debit,True
3504,1577,24126,2010-06-01,Debit,21999,True,2010,Debit,True
2394,1577,23932,1994-04-01,Debit,15793,False,1994,Debit,True
4090,1609,23984,1998-08-01,Debit,28844,False,1998,Debit,True
4681,1609,24105,2008-09-01,Debit,34023,True,2008,Debit,True
5992,1609,24132,2010-12-01,Credit,19400,True,2010,Debit,True
3510,1609,24138,2011-06-01,Credit,16100,True,2011,Debit,True
2353,1762,24183,2015-03-01,Credit,18400,False,2015,Premium credit,True
3410,917,24102,2008-06-01,Debit,17314,True,2008,Debit,True
2887,917,24065,2005-05-01,Debit,20999,False,2005,Debit,True
5068,917,24082,2006-10-01,Debit,7199,True,2006,Debit,True
2652,1717,24124,2010-04-01,Debit,23956,False,2010,Debit,True
6122,1717,24204,2016-12-01,Debit,17695,True,2016,Debit,True
1383,1717,24218,2018-02-01,Debit,22765,True,2018,Debit,True
363,1717,24205,2017-01-01,Debit,15934,True,2017,Debit,True
3029,1355,24113,2009-05-01,Debit,9295,False,2009,Debit,False
3068,1355,24125,2010-05-01,Debit,7112,True,2010,Debit,False
166,1668,24097,2008-01-01,Debit,23712,True,2008,Debit,True
4185,1668,24080,2006-08-01,Debit,33471,False,2006,Debit,True
4893,1668,24189,2015-09-01,Debit,23240,True,2015,Debit,True
4440,1668,24176,2014-08-01,Debit,18828,True,2014,Debit,True
4803,1668,24129,2010-09-01,Credit,14000,True,2010,Debit,True
1153,1668,24098,2008-02-01,Debit (Prepaid),20,True,2008,Debit,True
5260,1293,24154,2012-10-01,Debit,16339,False,2012,Debit,True
696,1293,24241,2020-01-01,Debit,23902,True,2020,Debit,True
925,1597,24241,2020-01-01,Debit,38025,False,2020,Premium credit,False
926,1597,24241,2020-01-01,Credit,22900,False,2020,Premium credit,False
697,1597,24241,2020-01-01,Debit,24682,False,2020,Premium credit,False
927,202,24241,2020-01-01,Credit,6200,False,2020,Core credit,False
1973,493,24242,2020-02-01,Debit,9241,False,2020,Debit,False
1261,361,24122,2010-02-01,Credit,11500,True,2010,Debit,True
5839,361,24072,2005-12-01,Debit,14958,False,2005,Debit,True
4703,361,24105,2008-09-01,Debit (Prepaid),20,True,2008,Debit,True
5055,361,24082,2006-10-01,Debit,4581,True,2006,Debit,True
260,1659,24121,2010-01-01,Debit,18116,True,2010,Debit,True
3438,1659,24114,2009-06-01,Debit,23082,True,2009,Debit,True
185,1659,24097,2008-01-01,Credit,19100,True,2008,Debit,True
5056,1659,24082,2006-10-01,Debit,23740,True,2006,Debit,True
959,1659,23954,1996-02-01,Debit,22242,False,1996,Debit,True
3540,1659,24138,2011-06-01,Credit,12700,True,2011,Debit,True
1974,289,24242,2020-02-01,Credit,5000,True,2020,Debit,False
698,289,24241,2020-01-01,Debit,7640,False,2020,Debit,False
148,737,24085,2007-01-01,Debit,6789,False,2007,Debit,True
6144,737,24240,2019-12-01,Credit,6600,True,2019,Debit,True
5013,1733,24058,2004-10-01,Debit,898,False,2004,Debit,True
6016,278,24132,2010-12-01,Debit,137669,True,2010,Premium credit,True
2518,278,24076,2006-04-01,Credit,58100,False,2006,Premium credit,True
3919,278,24115,2009-07-01,Credit,49300,True,2009,Premium credit,True
6123,278,24204,2016-12-01,Debit,92828,True,2016,Premium credit,True
5619,278,24131,2010-11-01,Credit,55300,True,2010,Premium credit,True
699,618,24241,2020-01-01,Debit (Prepaid),71,True,2020,Debit,True
2282,618,24135,2011-03-01,Debit,11591,True,2011,Debit,True
4372,618,24140,2011-08-01,Debit,8633,True,2011,Debit,True
3411,618,24102,2008-06-01,Debit,12496,False,2008,Debit,True
2937,753,24089,2007-05-01,Debit (Prepaid),4,False,2007,Prepaid,True
1311,753,24146,2012-02-01,Credit,8000,True,2012,Prepaid,True
5644,753,24143,2011-11-01,Credit,8600,True,2011,Prepaid,True
5697,489,24167,2013-11-01,Debit (Prepaid),71,True,2013,Debit,True
5069,489,24082,2006-10-01,Debit,11347,False,2006,Debit,True
4233,489,24092,2007-08-01,Credit,8800,True,2007,Debit,True
4051,489,24199,2016-07-01,Credit,14700,True,2016,Debit,True
2991,90,24101,2008-05-01,Debit,9661,True,2008,Debit,True
1100,90,24074,2006-02-01,Debit,26872,False,2006,Debit,True
1233,90,24122,2010-02-01,Debit (Prepaid),102,True,2010,Debit,True
4682,1264,24105,2008-09-01,Debit,10767,False,2008,Debit,False
1732,1264,24242,2020-02-01,Debit,14393,True,2020,Debit,False
1975,18,24242,2020-02-01,Debit (Prepaid),62,False,2020,Prepaid,False
118,376,24073,2006-01-01,Credit,25300,False,2006,Premium credit,True
1262,376,24122,2010-02-01,Debit,28884,True,2010,Premium credit,True
4704,376,24105,2008-09-01,Debit,2696,True,2008,Premium credit,True
325,376,24157,2013-01-01,Credit,9200,True,2013,Premium credit,True
5576,579,24119,2009-11-01,Debit,21005,False,2009,Debit,False
2197,218,24099,2008-03-01,Debit,18689,True,2008,Debit,True
167,218,24097,2008-01-01,Credit,9300,True,2008,Debit,True
2846,218,24041,2003-05-01,Debit,9789,True,2003,Debit,True
240,218,24121,2010-01-01,Debit,11694,True,2010,Debit,True
4091,218,23984,1998-08-01,Debit,11592,False,1998,Debit,True
6017,218,24132,2010-12-01,Credit,8100,True,2010,Debit,True
4465,218,24212,2017-08-01,Debit,11647,True,2017,Debit,True
1976,1320,24242,2020-02-01,Debit,10693,False,2020,Debit,False
4859,42,24165,2013-09-01,Debit,10776,True,2013,Core credit,True
2824,42,24029,2002-05-01,Credit,6300,False,2002,Core credit,True
2742,42,24184,2015-04-01,Credit,5600,True,2015,Core credit,True
4592,1170,24069,2005-09-01,Credit,7900,False,2005,Core credit,True
4353,1170,24128,2010-08-01,Debit,19442,True,2010,Core credit,True
2573,1531,24100,2008-04-01,Credit,7500,False,2008,Core credit,True
928,1275,24241,2020-01-01,Credit,2000,False,2020,Core credit,False
1977,1275,24242,2020-02-01,Debit,10800,True,2020,Core credit,False
4092,26,23996,1999-08-01,Credit,3900,False,1999,Core credit,False
4868,1937,24165,2013-09-01,Credit,5500,True,2013,Premium credit,True
3,1937,23941,1995-01-01,Credit,16400,False,1995,Premium credit,True
4193,1937,24080,2006-08-01,Debit (Prepaid),53,True,2006,Premium credit,True
1186,1937,24110,2009-02-01,Debit,17883,True,2009,Premium credit,True
3327,1937,24078,2006-06-01,Debit,12212,True,2006,Premium credit,True
3030,1177,24113,2009-05-01,Credit,15800,True,2009,Premium credit,True
4164,1177,24068,2005-08-01,Credit,26400,False,2005,Premium credit,True
4860,1177,24165,2013-09-01,Debit,25993,True,2013,Premium credit,True
4016,1177,24163,2013-07-01,Debit (Prepaid),59,True,2013,Premium credit,True
3529,1032,24138,2011-06-01,Debit (Prepaid),8,True,2011,Debit,False
1056,1032,24062,2005-02-01,Debit,1955,False,2005,Debit,False
3961,397,24127,2010-07-01,Debit,7159,True,2010,Debit,True
3179,397,24197,2016-05-01,Debit,12172,True,2016,Debit,True
2574,397,24100,2008-04-01,Debit,10889,False,2008,Debit,True
2543,566,24088,2007-04-01,Credit,10800,True,2007,Premium credit,True
3122,566,24149,2012-05-01,Debit (Prepaid),58,True,2012,Premium credit,True
3439,566,24114,2009-06-01,Credit,11000,True,2009,Premium credit,True
4547,566,24057,2004-09-01,Credit,12700,False,2004,Premium credit,True
5577,566,24119,2009-11-01,Credit,10100,True,2009,Premium credit,True
3247,1581,24042,2003-06-01,Credit,11300,True,2003,Core credit,True
2519,1581,24076,2006-04-01,Debit,26596,True,2006,Core credit,True
5541,1581,24107,2008-11-01,Debit,1807,True,2008,Core credit,True
5374,1581,24035,2002-11-01,Credit,9700,False,2002,Core credit,True
5840,1581,24072,2005-12-01,Credit,12300,True,2005,Core credit,True
5666,1332,24143,2011-11-01,Debit,40914,True,2011,Debit,True
2406,1332,23992,1999-04-01,Debit,21749,False,1999,Debit,True
4880,1332,24177,2014-09-01,Debit,39491,True,2014,Debit,True
2166,1648,24087,2007-03-01,Debit,97352,True,2007,Debit,True
2624,1648,24112,2009-04-01,Debit,5921,True,2009,Debit,True
5388,1648,24047,2003-11-01,Debit,54057,False,2003,Debit,True
1187,1648,24110,2009-02-01,Debit,64565,True,2009,Debit,True
5282,1648,24166,2013-10-01,Credit,36700,True,2013,Debit,True
4787,17,24129,2010-09-01,Debit,7175,True,2010,Core credit,True
4962,17,24034,2002-10-01,Credit,2800,False,2002,Core credit,True
2520,349,24076,2006-04-01,Credit,3600,False,2006,Core credit,True
4314,349,24116,2009-08-01,Debit,30348,True,2009,Core credit,True
4843,1200,24153,2012-09-01,Credit,6000,False,2012,Core credit,False
3505,228,24126,2010-06-01,Credit,1700,False,2010,Core credit,False
4545,484,24045,2003-09-01,Debit,10755,True,2003,Core credit,False
5794,484,24048,2003-12-01,Debit,61262,True,2003,Core credit,False
3662,484,24019,2001-07-01,Credit,0,False,2001,Core credit,False
1733,1099,24242,2020-02-01,Credit,3500,False,2020,Core credit,False
3196,1480,24209,2017-05-01,Credit,7100,False,2017,Core credit,False
1188,1449,24110,2009-02-01,Debit (Prepaid),51,True,2009,Debit,True
241,1449,24121,2010-01-01,Debit,11457,True,2010,Debit,True
1003,1449,24026,2002-02-01,Debit,1563,False,2002,Debit,True
5707,1417,24179,2014-11-01,Debit,37325,True,2014,Premium credit,True
2975,1417,24101,2008-05-01,Credit,14200,False,2008,Premium credit,True
3397,1417,24102,2008-06-01,Debit,28815,True,2008,Premium credit,True
1234,1417,24122,2010-02-01,Debit (Prepaid),85,True,2010,Premium credit,True
3920,1417,24115,2009-07-01,Debit,15285,True,2009,Premium credit,True
280,267,24133,2011-01-01,Debit,10636,False,2011,Debit,True
326,267,24157,2013-01-01,Debit,12891,True,2013,Debit,True
4411,267,24164,2013-08-01,Debit,11885,True,2013,Debit,True
5389,373,24047,2003-11-01,Debit,2849,True,2003,Debit,True
4750,373,24117,2009-09-01,Debit,3867,True,2009,Debit,True
261,373,24121,2010-01-01,Debit,6688,True,2010,Debit,True
2817,373,24017,2001-05-01,Debit,8021,False,2001,Debit,True
2283,1772,24135,2011-03-01,Debit,27201,True,2011,Prepaid,True
5918,1772,24096,2007-12-01,Credit,12800,True,2007,Prepaid,True
56,1772,24049,2004-01-01,Debit (Prepaid),96,False,2004,Prepaid,True
5657,1772,24143,2011-11-01,Debit,16426,True,2011,Prepaid,True
1978,1418,24242,2020-02-01,Credit,9100,False,2020,Core credit,False
4516,1774,24021,2001-09-01,Debit,14546,True,2001,Core credit,True
2003,1774,23967,1997-03-01,Credit,8400,False,1997,Core credit,True
5578,1774,24119,2009-11-01,Debit,10815,True,2009,Core credit,True
5939,1774,24108,2008-12-01,Credit,4000,True,2008,Core credit,True
2407,964,23992,1999-04-01,Debit,11254,False,1999,Debit,True
2593,964,24100,2008-04-01,Debit,2271,True,2008,Debit,True
2811,964,24005,2000-05-01,Debit,6311,True,2000,Debit,True
294,964,24145,2012-01-01,Credit,13700,True,2012,Debit,True
4885,72,24189,2015-09-01,Credit,14300,False,2015,Premium credit,False
1734,6,24242,2020-02-01,Credit,14600,False,2020,Premium credit,False
2366,1527,24207,2017-03-01,Credit,7100,False,2017,Core credit,True
203,1433,24109,2009-01-01,Debit,4534,True,2009,Debit,True
4485,1433,24236,2019-08-01,Credit,4200,True,2019,Debit,True
5841,1433,24072,2005-12-01,Debit,27117,False,2005,Debit,True
2544,1785,24088,2007-04-01,Debit,14404,True,2007,Debit,True
2153,1785,24087,2007-03-01,Debit,6360,True,2007,Debit,True
2037,1785,24027,2002-03-01,Debit,4701,False,2002,Debit,True
4079,1476,24235,2019-07-01,Debit,13793,True,2019,Premium credit,False
3553,1476,24150,2012-06-01,Debit,27569,True,2012,Premium credit,False
264,1476,24133,2011-01-01,Credit,10400,False,2011,Premium credit,False
3990,455,24139,2011-07-01,Debit,14959,False,2011,Debit,True
4064,455,24211,2017-07-01,Debit,19713,True,2017,Debit,True
348,455,24181,2015-01-01,Debit (Prepaid),90,True,2015,Debit,True
1433,1553,24242,2020-02-01,Credit,15500,True,2020,Premium credit,False
929,1553,24241,2020-01-01,Credit,19200,False,2020,Premium credit,False
930,532,24241,2020-01-01,Debit,16610,True,2020,Debit,False
3142,532,24161,2013-05-01,Debit,21793,True,2013,Debit,False
931,532,24241,2020-01-01,Debit,15261,True,2020,Debit,False
292,532,24133,2011-01-01,Debit,25919,False,2011,Debit,False
57,1092,24049,2004-01-01,Debit,4546,False,2004,Debit,False
1456,1092,24242,2020-02-01,Credit,9600,True,2020,Debit,False
1979,1819,24242,2020-02-01,Debit,9238,False,2020,Debit,False
1735,1819,24242,2020-02-01,Debit,15474,False,2020,Debit,False
3834,528,24103,2008-07-01,Credit,9500,True,2008,Debit,True
25,528,24013,2001-01-01,Debit,7030,False,2001,Debit,True
5161,528,24118,2009-10-01,Debit (Prepaid),25,True,2009,Debit,True
3150,328,24173,2014-05-01,Debit,15125,True,2014,Prepaid,True
1263,328,24122,2010-02-01,Credit,13200,True,2010,Prepaid,True
4186,328,24080,2006-08-01,Debit (Prepaid),130,False,2006,Prepaid,True
364,1282,24205,2017-01-01,Debit,13193,True,2017,Debit,True
4815,1282,24141,2011-09-01,Debit,16187,False,2011,Debit,True
4945,783,24010,2000-10-01,Debit,1627,False,2000,Debit,True
105,783,24073,2006-01-01,Credit,5600,True,2006,Debit,True
5795,783,24048,2003-12-01,Credit,9600,True,2003,Debit,True
1434,1325,24242,2020-02-01,Credit,89900,False,2020,Premium credit,False
1435,1325,24242,2020-02-01,Credit,44100,False,2020,Premium credit,False
1980,687,24242,2020-02-01,Debit,19446,False,2020,Debit,False
2266,1693,24123,2010-03-01,Credit,29900,True,2010,Debit,True
5940,1693,24108,2008-12-01,Debit,33506,False,2008,Debit,True
932,1542,24241,2020-01-01,Debit,20971,True,2020,Prepaid,True
2906,1542,24077,2006-05-01,Debit (Prepaid),65,False,2006,Prepaid,True
4829,36,24141,2011-09-01,Debit,18808,False,2011,Debit,False
1736,36,24242,2020-02-01,Debit,8723,True,2020,Debit,False
2611,360,24112,2009-04-01,Debit,28003,False,2009,Debit,True
2719,360,24160,2013-04-01,Debit,15972,True,2013,Debit,True
4441,360,24176,2014-08-01,Debit,22342,True,2014,Debit,True
3592,360,24186,2015-06-01,Debit,21058,True,2015,Debit,True
700,555,24241,2020-01-01,Debit (Prepaid),26,False,2020,Prepaid,False
1981,136,24242,2020-02-01,Debit,24605,True,2020,Debit,False
701,136,24241,2020-01-01,Debit,23529,False,2020,Debit,False
1982,136,24242,2020-02-01,Debit,20780,True,2020,Debit,False
2710,603,24148,2012-04-01,Credit,3900,False,2012,Core credit,False
5205,1794,24130,2010-10-01,Debit,4392,False,2010,Debit,True
3069,329,24125,2010-05-01,Credit,12300,False,2010,Premium credit,True
1362,329,24194,2016-02-01,Credit,11100,True,2016,Premium credit,True
4082,329,24235,2019-07-01,Debit (Prepaid),93,True,2019,Premium credit,True
4788,329,24129,2010-09-01,Credit,9500,True,2010,Premium credit,True
5824,1181,24060,2004-12-01,Credit,12000,False,2004,Premium credit,True
136,1181,24085,2007-01-01,Debit,11999,True,2007,Premium credit,True
3642,1181,24234,2019-06-01,Credit,0,True,2019,Premium credit,True
5842,1181,24072,2005-12-01,Debit,18991,True,2005,Premium credit,True
1094,1181,24074,2006-02-01,Debit,27146,True,2006,Premium credit,True
32,598,24025,2002-01-01,Debit (Prepaid),32,False,2002,Prepaid,True
2040,598,24027,2002-03-01,Debit,19103,True,2002,Prepaid,True
2361,598,24195,2016-03-01,Credit,11400,True,2016,Prepaid,True
5038,990,24070,2005-10-01,Debit (Prepaid),75,False,2005,Prepaid,True
2267,1777,24123,2010-03-01,Credit,12700,True,2010,Debit,True
5014,1777,24058,2004-10-01,Debit (Prepaid),61,True,2004,Debit,True
1207,1777,24122,2010-02-01,Credit,24400,True,2010,Debit,True
4557,1777,24057,2004-09-01,Debit,32895,False,2004,Debit,True
1057,1777,24062,2005-02-01,Credit,14300,True,2005,Debit,True
702,998,24241,2020-01-01,Credit,9400,False,2020,Core credit,False
703,998,24241,2020-01-01,Debit,11364,False,2020,Core credit,False
2917,1872,24077,2006-05-01,Debit,24308,True,2006,Debit,True
5819,1872,24060,2004-12-01,Debit,26328,False,2004,Debit,True
2918,1872,24077,2006-05-01,Debit,21655,True,2006,Debit,True
308,1872,24145,2012-01-01,Debit,23300,True,2012,Debit,True
3962,1872,24127,2010-07-01,Credit,15900,True,2010,Debit,True
4267,1872,24104,2008-08-01,Credit,8500,True,2008,Debit,True
933,1743,24241,2020-01-01,Debit (Prepaid),60,False,2020,Debit,False
1983,1743,24242,2020-02-01,Debit,15234,True,2020,Debit,False
934,1743,24241,2020-01-01,Debit,30870,False,2020,Debit,False
935,1743,24241,2020-01-01,Debit,30155,False,2020,Debit,False
2781,1000,24220,2018-04-01,Debit,23088,False,2018,Debit,False
1737,1708,24242,2020-02-01,Debit,23397,True,2020,Core credit,False
704,1708,24241,2020-01-01,Credit,9100,False,2020,Core credit,False
936,799,24241,2020-01-01,Credit,6600,True,2020,Core credit,True
2284,799,24135,2011-03-01,Credit,7000,False,2011,Core credit,True
3650,144,23983,1998-07-01,Credit,11600,False,1998,Premium credit,True
1436,144,24242,2020-02-01,Credit,0,True,2020,Premium credit,True
4457,144,24200,2016-08-01,Debit,14699,True,2016,Premium credit,True
5247,144,24142,2011-10-01,Debit,20289,True,2011,Premium credit,True
1235,781,24122,2010-02-01,Debit,16474,False,2010,Debit,False
1984,781,24242,2020-02-01,Debit,3356,True,2020,Debit,False
937,781,24241,2020-01-01,Debit,14679,True,2020,Debit,False
4388,781,24152,2012-08-01,Credit,4300,True,2012,Debit,False
5390,1572,24047,2003-11-01,Debit,946,False,2003,Debit,False
5092,1572,24094,2007-10-01,Debit,7720,True,2007,Debit,False
3151,1572,24173,2014-05-01,Credit,3500,True,2014,Debit,False
2775,793,24208,2017-04-01,Credit,13700,True,2017,Premium credit,True
4234,793,24092,2007-08-01,Credit,16700,False,2007,Premium credit,True
938,1681,24241,2020-01-01,Credit,18800,False,2020,Premium credit,False
2545,1179,24088,2007-04-01,Debit,15518,False,2007,Debit,True
4466,1179,24212,2017-08-01,Debit,27313,True,2017,Debit,True
2612,1179,24112,2009-04-01,Debit,21989,True,2009,Debit,True
4760,1179,24129,2010-09-01,Credit,12900,True,2010,Debit,True
5128,1179,24106,2008-10-01,Debit,20026,True,2008,Debit,True
5283,114,24166,2013-10-01,Debit,10676,True,2013,Debit,True
3398,114,24102,2008-06-01,Debit,27447,False,2008,Debit,True
3070,114,24125,2010-05-01,Debit,16617,True,2010,Debit,True
939,114,24241,2020-01-01,Debit,12173,True,2020,Debit,True
1738,271,24242,2020-02-01,Debit,2105,False,2020,Debit,False
6112,1107,24192,2015-12-01,Debit,16678,True,2015,Premium credit,True
3698,1107,24043,2003-07-01,Debit,14123,True,2003,Premium credit,True
1985,1107,24242,2020-02-01,Debit,11281,True,2020,Premium credit,True
8,1107,23977,1998-01-01,Credit,10300,False,1998,Premium credit,True
2872,1107,24053,2004-05-01,Debit (Prepaid),102,True,2004,Premium credit,True
6079,517,24156,2012-12-01,Debit,11254,True,2012,Core credit,True
5335,517,24226,2018-10-01,Debit,10703,True,2018,Core credit,True
106,517,24073,2006-01-01,Credit,5000,False,2006,Core credit,True
1739,517,24242,2020-02-01,Debit,8002,True,2020,Core credit,True
2268,624,24123,2010-03-01,Debit,18969,False,2010,Debit,False
1326,624,24158,2013-02-01,Debit,12931,True,2013,Debit,False
2992,1215,24101,2008-05-01,Debit,18112,False,2008,Debit,False
5476,1992,24083,2006-11-01,Debit,13034,True,2006,Debit,True
5327,1992,24214,2017-10-01,Debit (Prepaid),71,True,2017,Debit,True
1132,1992,24086,2007-02-01,Debit,10374,True,2007,Debit,True
4442,1992,24176,2014-08-01,Debit,13382,True,2014,Debit,True
3797,1992,24079,2006-07-01,Debit,11063,False,2006,Debit,True
705,968,24241,2020-01-01,Credit,700,False,2020,Core credit,False
5974,19,24120,2009-12-01,Debit (Prepaid),55,False,2009,Prepaid,True
1133,1605,24086,2007-02-01,Debit,18358,True,2007,Core credit,True
3231,1605,24018,2001-06-01,Credit,8700,False,2001,Core credit,True
5975,1605,24120,2009-12-01,Debit,1966,True,2009,Core credit,True
3123,463,24149,2012-05-01,Debit,13257,False,2012,Debit,False
5746,463,24239,2019-11-01,Debit,20297,True,2019,Debit,False
1986,1365,24242,2020-02-01,Credit,7500,False,2020,Core credit,False
3328,809,24078,2006-06-01,Debit,31696,False,2006,Debit,False
1202,590,24122,2010-02-01,Credit,7400,True,2010,Debit,False
262,590,24121,2010-01-01,Debit,7644,False,2010,Debit,False
2555,1904,24088,2007-04-01,Credit,13600,True,2007,Prepaid,True
2575,1904,24100,2008-04-01,Debit (Prepaid),40,True,2008,Prepaid,True
3656,1904,24007,2000-07-01,Debit (Prepaid),61,False,2000,Prepaid,True
1004,1904,24026,2002-02-01,Debit,7597,True,2002,Prepaid,True
2498,1904,24064,2005-04-01,Credit,9900,True,2005,Prepaid,True
1120,545,24086,2007-02-01,Debit,7898,True,2007,Debit,True
6140,545,24240,2019-12-01,Credit,12700,True,2019,Debit,True
5802,545,24048,2003-12-01,Debit,34329,False,2003,Debit,True
2125,789,24075,2006-03-01,Debit,25206,True,2006,Prepaid,True
4523,789,24033,2002-09-01,Debit (Prepaid),89,False,2002,Prepaid,True
2269,789,24123,2010-03-01,Debit,15143,True,2010,Prepaid,True
3071,742,24125,2010-05-01,Credit,12700,True,2010,Prepaid,True
4751,742,24117,2009-09-01,Debit (Prepaid),53,True,2009,Prepaid,True
3900,742,24115,2009-07-01,Debit (Prepaid),67,False,2009,Prepaid,True
3943,742,24127,2010-07-01,Debit,22839,True,2010,Prepaid,True
706,612,24241,2020-01-01,Debit,17252,True,2020,Core credit,False
2294,612,24135,2011-03-01,Debit,19103,True,2011,Core credit,False
4031,612,24175,2014-07-01,Debit,15619,True,2014,Core credit,False
2375,612,24219,2018-03-01,Debit,17512,True,2018,Core credit,False
186,612,24097,2008-01-01,Credit,9300,False,2008,Core credit,False
3512,612,24138,2011-06-01,Credit,9300,True,2011,Core credit,False
4925,612,24237,2019-09-01,Debit,13584,True,2019,Core credit,False
1437,536,24242,2020-02-01,Credit,8300,True,2020,Core credit,False
940,536,24241,2020-01-01,Credit,7000,False,2020,Core credit,False
707,536,24241,2020-01-01,Debit (Prepaid),80,False,2020,Core credit,False
941,536,24241,2020-01-01,Debit,3678,False,2020,Core credit,False
708,536,24241,2020-01-01,Debit,5826,False,2020,Core credit,False
1438,523,24242,2020-02-01,Credit,8200,True,2020,Premium credit,True
2713,523,24160,2013-04-01,Credit,13000,False,2013,Premium credit,True
3612,523,24198,2016-06-01,Debit,20430,True,2016,Premium credit,True
709,523,24241,2020-01-01,Credit,8300,True,2020,Premium credit,True
2771,928,24208,2017-04-01,Debit,10882,True,2017,Debit,True
3572,928,24162,2013-06-01,Debit,19454,True,2013,Debit,True
3152,928,24173,2014-05-01,Debit,19624,True,2014,Debit,True
1203,928,24122,2010-02-01,Credit,8700,True,2010,Debit,True
710,928,24241,2020-01-01,Credit,8000,True,2020,Debit,True
4528,928,24033,2002-09-01,Debit,14540,False,2002,Debit,True
4335,928,24128,2010-08-01,Credit,7300,True,2010,Debit,True
3506,1642,24126,2010-06-01,Credit,12200,True,2010,Debit,True
3573,1642,24162,2013-06-01,Credit,5000,True,2013,Debit,True
5206,1642,24130,2010-10-01,Credit,11200,True,2010,Debit,True
6034,1642,24132,2010-12-01,Credit,11200,True,2010,Debit,True
4281,1642,24104,2008-08-01,Debit,26730,False,2008,Debit,True
332,495,24169,2014-01-01,Credit,11500,True,2014,Debit,False
1740,495,24242,2020-02-01,Debit,16747,True,2020,Debit,False
2521,495,24076,2006-04-01,Debit,11574,False,2006,Debit,False
137,495,24085,2007-01-01,Debit,13772,True,2007,Debit,False
2625,166,24112,2009-04-01,Debit,271,False,2009,Debit,False
5284,166,24178,2014-10-01,Credit,16100,True,2014,Debit,False
1741,166,24242,2020-02-01,Debit,11039,True,2020,Debit,False
4836,1277,24153,2012-09-01,Credit,19800,False,2012,Premium credit,False
2714,718,24160,2013-04-01,Credit,5700,True,2013,Core credit,False
5796,718,24048,2003-12-01,Credit,7200,False,2003,Core credit,False
1189,718,24110,2009-02-01,Debit (Prepaid),11,True,2009,Core credit,False
711,1962,24241,2020-01-01,Debit,45373,True,2020,Debit,True
3371,1962,24090,2007-06-01,Credit,21000,True,2007,Debit,True
3798,1962,24079,2006-07-01,Debit,43287,True,2006,Debit,True
2594,1962,24100,2008-04-01,Debit,42176,True,2008,Debit,True
2126,1962,24075,2006-03-01,Debit,19789,False,2006,Debit,True
2198,133,24099,2008-03-01,Debit,24508,False,2008,Debit,True
4683,133,24105,2008-09-01,Debit,25197,True,2008,Debit,True
6113,682,24192,2015-12-01,Credit,9300,False,2015,Core credit,False
6145,682,24240,2019-12-01,Debit,16047,True,2019,Core credit,False
5162,795,24118,2009-10-01,Debit,27795,False,2009,Debit,True
4357,795,24140,2011-08-01,Credit,16100,True,2011,Debit,True
5904,1849,24096,2007-12-01,Debit,14027,True,2007,Premium credit,True
1011,1849,24038,2003-02-01,Credit,10600,False,2003,Premium credit,True
3661,1732,24007,2000-07-01,Debit,26995,False,2000,Debit,False
712,167,24241,2020-01-01,Credit,10400,False,2020,Premium credit,False
1742,167,24242,2020-02-01,Credit,11400,True,2020,Premium credit,False
942,167,24241,2020-01-01,Credit,11900,False,2020,Premium credit,False
1987,1496,24242,2020-02-01,Debit,29065,True,2020,Prepaid,False
713,1496,24241,2020-01-01,Debit (Prepaid),55,False,2020,Prepaid,False
943,1496,24241,2020-01-01,Debit (Prepaid),89,False,2020,Prepaid,False
1743,853,24242,2020-02-01,Credit,22800,False,2020,Premium credit,False
6096,237,24168,2013-12-01,Credit,4300,True,2013,Debit,True
3574,237,24162,2013-06-01,Debit,38900,False,2013,Debit,True
4238,769,24104,2008-08-01,Credit,9500,False,2008,Core credit,False
1744,769,24242,2020-02-01,Debit,17633,True,2020,Core credit,False
3298,2,24066,2005-06-01,Credit,7400,False,2005,Core credit,True
3593,2,24186,2015-06-01,Debit,9001,True,2015,Core credit,True
2576,2,24100,2008-04-01,Debit,9669,True,2008,Core credit,True
6073,2,24156,2012-12-01,Debit,16491,True,2012,Core credit,True
2919,2,24077,2006-05-01,Credit,7800,True,2006,Core credit,True
3153,313,24173,2014-05-01,Debit,12183,True,2014,Core credit,True
4804,313,24129,2010-09-01,Credit,8900,False,2010,Core credit,True
714,1624,24241,2020-01-01,Debit,13558,False,2020,Debit,False
1988,1624,24242,2020-02-01,Credit,12600,True,2020,Debit,False
1745,958,24242,2020-02-01,Debit,10742,True,2020,Core credit,False
944,958,24241,2020-01-01,Credit,8100,False,2020,Core credit,False
945,958,24241,2020-01-01,Debit,12240,False,2020,Core credit,False
2938,989,24089,2007-05-01,Credit,28000,True,2007,Premium credit,True
4613,989,24081,2006-09-01,Debit,19843,True,2006,Premium credit,True
4354,989,24128,2010-08-01,Debit,4707,True,2010,Premium credit,True
3039,989,24125,2010-05-01,Credit,16200,True,2010,Premium credit,True
3643,989,24234,2019-06-01,Debit (Prepaid),58,True,2019,Premium credit,True
4124,989,24044,2003-08-01,Credit,21600,False,2003,Premium credit,True
2511,989,24076,2006-04-01,Debit,4707,True,2006,Premium credit,True
3979,989,24139,2011-07-01,Debit,27178,True,2011,Premium credit,True
2976,1562,24101,2008-05-01,Credit,8100,True,2008,Debit,True
168,1562,24097,2008-01-01,Debit,16815,False,2008,Debit,True
3459,1562,24114,2009-06-01,Debit (Prepaid),0,True,2009,Debit,True
2907,1983,24077,2006-05-01,Credit,51900,False,2006,Premium credit,True
3399,1983,24102,2008-06-01,Credit,17700,True,2008,Premium credit,True
2653,1983,24124,2010-04-01,Debit,47211,True,2010,Premium credit,True
191,1091,24109,2009-01-01,Credit,17800,True,2009,Debit,True
1384,1091,24218,2018-02-01,Debit,29685,True,2018,Debit,True
3507,1091,24126,2010-06-01,Credit,12700,True,2010,Debit,True
3334,1091,24078,2006-06-01,Debit,21744,False,2006,Debit,True
2013,759,23991,1999-03-01,Credit,15500,False,1999,Premium credit,True
3716,759,24055,2004-07-01,Debit,23154,True,2004,Premium credit,True
2230,759,24111,2009-03-01,Debit,8747,True,2009,Premium credit,True
3101,759,24137,2011-05-01,Debit,25059,True,2011,Premium credit,True
2069,779,24051,2004-03-01,Credit,14200,False,2004,Premium credit,True
119,779,24073,2006-01-01,Debit,18888,True,2006,Premium credit,True
1058,779,24062,2005-02-01,Debit,3099,True,2005,Premium credit,True
4558,779,24057,2004-09-01,Debit,10656,True,2004,Premium credit,True
3299,779,24066,2005-06-01,Debit,12698,True,2005,Premium credit,True
4282,105,24104,2008-08-01,Credit,10200,True,2008,Core credit,False
4443,105,24176,2014-08-01,Credit,10100,True,2014,Core credit,False
3460,105,24114,2009-06-01,Credit,10700,True,2009,Core credit,False
1103,105,24086,2007-02-01,Credit,6100,True,2007,Core credit,False
2499,105,24064,2005-04-01,Credit,8800,False,2005,Core credit,False
3632,1618,24222,2018-06-01,Debit,21280,True,2018,Prepaid,True
5363,1618,24011,2000-11-01,Debit (Prepaid),111,False,2000,Prepaid,True
3031,1618,24113,2009-05-01,Debit,26608,True,2009,Prepaid,True
5729,1618,24203,2016-11-01,Debit,37619,True,2016,Prepaid,True
3239,1168,24030,2002-06-01,Debit,25422,False,2002,Debit,True
5300,1237,24178,2014-10-01,Debit,16053,True,2014,Core credit,True
2017,1237,24015,2001-03-01,Credit,8400,False,2001,Core credit,True
3944,1237,24127,2010-07-01,Debit,14385,True,2010,Core credit,True
5163,1237,24118,2009-10-01,Debit,1607,True,2009,Core credit,True
2092,1237,24063,2005-03-01,Debit (Prepaid),51,True,2005,Core credit,True
3372,1237,24090,2007-06-01,Debit,5646,True,2007,Core credit,True
4283,699,24104,2008-08-01,Debit,20887,True,2008,Core credit,True
3285,699,24066,2005-06-01,Credit,9500,False,2005,Core credit,True
3875,699,24103,2008-07-01,Debit,8960,True,2008,Core credit,True
4012,646,24163,2013-07-01,Debit,15822,True,2013,Premium credit,True
6090,646,24168,2013-12-01,Debit,17057,True,2013,Premium credit,True
2093,646,24063,2005-03-01,Credit,14500,False,2005,Premium credit,True
715,499,24241,2020-01-01,Debit,14146,False,2020,Debit,False
716,499,24241,2020-01-01,Debit,22392,False,2020,Debit,False
5976,1403,24120,2009-12-01,Debit,21084,True,2009,Debit,True
2830,1403,24029,2002-05-01,Debit,11889,False,2002,Debit,True
5433,631,24071,2005-11-01,Credit,8600,True,2005,Debit,True
4355,631,24128,2010-08-01,Debit,1740,True,2010,Debit,True
4515,631,24021,2001-09-01,Debit,16908,True,2001,Debit,True
2818,631,24017,2001-05-01,Debit,15591,False,2001,Debit,True
3784,631,24079,2006-07-01,Debit,20974,True,2006,Debit,True
717,631,24241,2020-01-01,Credit,7200,True,2020,Debit,True
2596,631,24112,2009-04-01,Credit,8500,True,2009,Debit,True
4138,1070,24056,2004-08-01,Debit,28666,False,2004,Debit,True
718,1070,24241,2020-01-01,Debit,24334,True,2020,Debit,True
2923,1070,24089,2007-05-01,Credit,13100,True,2007,Debit,True
4684,1070,24105,2008-09-01,Debit (Prepaid),53,True,2008,Debit,True
2908,1070,24077,2006-05-01,Debit,16898,True,2006,Debit,True
5072,1070,24094,2007-10-01,Credit,9600,True,2007,Debit,True
2455,291,24052,2004-04-01,Credit,6800,True,2004,Core credit,True
3221,291,24018,2001-06-01,Credit,9900,False,2001,Core credit,True
169,291,24097,2008-01-01,Debit (Prepaid),52,True,2008,Core credit,True
5774,738,24024,2001-12-01,Credit,19600,False,2001,Premium credit,True
2270,738,24123,2010-03-01,Credit,19300,True,2010,Premium credit,True
1989,738,24242,2020-02-01,Debit,42253,True,2020,Premium credit,True
204,738,24109,2009-01-01,Debit,21997,True,2009,Premium credit,True
5140,142,24106,2008-10-01,Debit,20902,True,2008,Debit,True
1046,142,24050,2004-02-01,Debit,2284,False,2004,Debit,True
1990,1375,24242,2020-02-01,Credit,19800,True,2020,Debit,False
719,1375,24241,2020-01-01,Debit,18364,False,2020,Debit,False
5827,459,24072,2005-12-01,Credit,6500,False,2005,Core credit,True
5620,459,24131,2010-11-01,Debit,1200,True,2010,Core credit,True
3170,459,24185,2015-05-01,Credit,6300,True,2015,Core credit,True
1991,459,24242,2020-02-01,Debit,13496,True,2020,Core credit,True
3625,459,24210,2017-06-01,Debit,10636,True,2017,Core credit,True
120,459,24073,2006-01-01,Credit,7000,True,2006,Core credit,True
1457,281,24242,2020-02-01,Credit,10000,True,2020,Core credit,False
4453,281,24188,2015-08-01,Credit,5700,False,2015,Core credit,False
946,498,24241,2020-01-01,Debit,9845,False,2020,Debit,False
720,498,24241,2020-01-01,Debit,13597,False,2020,Debit,False
3667,55,24019,2001-07-01,Credit,10300,True,2001,Debit,True
4505,55,24009,2000-09-01,Debit,17775,False,2000,Debit,True
3980,55,24139,2011-07-01,Debit,6056,True,2011,Debit,True
3265,55,24042,2003-06-01,Debit,1736,True,2003,Debit,True
5865,55,24084,2006-12-01,Debit,20573,True,2006,Debit,True
6037,1370,24144,2011-12-01,Credit,18400,True,2011,Debit,True
4957,1370,24022,2001-10-01,Debit,12610,False,2001,Debit,True
170,1370,24097,2008-01-01,Debit,10471,True,2008,Debit,True
3464,1370,24126,2010-06-01,Credit,25100,True,2010,Debit,True
721,897,24241,2020-01-01,Credit,10200,True,2020,Debit,True
4458,897,24200,2016-08-01,Debit,13460,False,2016,Debit,True
1992,262,24242,2020-02-01,Debit,9765,True,2020,Core credit,False
722,262,24241,2020-01-01,Credit,5900,False,2020,Core credit,False
1746,262,24242,2020-02-01,Debit (Prepaid),62,True,2020,Core credit,False
723,1781,24241,2020-01-01,Debit,10673,True,2020,Debit,True
6018,1781,24132,2010-12-01,Debit,14959,True,2010,Debit,True
3032,1781,24113,2009-05-01,Debit,4924,False,2009,Debit,True
5554,457,24107,2008-11-01,Credit,12900,True,2008,Core credit,True
3129,457,24161,2013-05-01,Credit,4300,True,2013,Core credit,True
4222,457,24092,2007-08-01,Debit,16134,True,2007,Core credit,True
3751,457,24067,2005-07-01,Credit,7900,False,2005,Core credit,True
2740,160,24172,2014-04-01,Debit,15204,False,2014,Debit,True
1747,160,24242,2020-02-01,Debit,12282,True,2020,Debit,True
4914,160,24213,2017-09-01,Debit (Prepaid),79,True,2017,Debit,True
3072,1655,24125,2010-05-01,Debit,22679,True,2010,Core credit,False
947,1655,24241,2020-01-01,Credit,5500,True,2020,Core credit,False
1236,1655,24122,2010-02-01,Credit,8400,False,2010,Core credit,False
1208,984,24122,2010-02-01,Credit,6900,True,2010,Debit,True
2796,984,23969,1997-05-01,Debit,14217,False,1997,Debit,True
4088,984,23972,1997-08-01,Debit,9226,True,1997,Debit,True
3836,984,24103,2008-07-01,Credit,4000,True,2008,Debit,True
121,984,24073,2006-01-01,Credit,10600,True,2006,Debit,True
724,1329,24241,2020-01-01,Debit (Prepaid),69,True,2020,Debit,False
725,1329,24241,2020-01-01,Debit,10964,True,2020,Debit,False
1748,1329,24242,2020-02-01,Debit,8651,True,2020,Debit,False
3154,1329,24173,2014-05-01,Debit,9800,False,2014,Debit,False
3461,1535,24114,2009-06-01,Credit,9200,True,2009,Debit,True
187,1535,24097,2008-01-01,Debit,17231,False,2008,Debit,True
948,1220,24241,2020-01-01,Debit,21782,False,2020,Debit,False
949,833,24241,2020-01-01,Debit,16736,False,2020,Debit,False
1749,833,24242,2020-02-01,Debit,16986,True,2020,Debit,False
2577,295,24100,2008-04-01,Debit,5521,False,2008,Debit,False
2101,1434,24063,2005-03-01,Debit,27776,True,2005,Premium credit,True
5776,1434,24036,2002-12-01,Credit,10800,True,2002,Premium credit,True
3594,1434,24186,2015-06-01,Credit,4300,True,2015,Premium credit,True
5765,1434,24012,2000-12-01,Credit,11300,False,2000,Premium credit,True
1750,208,24242,2020-02-01,Debit,31164,True,2020,Debit,True
4980,208,24046,2003-10-01,Credit,13900,True,2003,Debit,True
2426,208,24016,2001-04-01,Debit,23834,False,2001,Debit,True
5640,1909,24131,2010-11-01,Debit,9599,True,2010,Core credit,True
4017,1909,24163,2013-07-01,Debit,8177,True,2013,Core credit,True
1136,1909,24098,2008-02-01,Credit,6100,False,2008,Core credit,True
5207,1909,24130,2010-10-01,Debit,3658,True,2010,Core credit,True
4752,1356,24117,2009-09-01,Credit,8100,True,2009,Core credit,True
2862,1356,24053,2004-05-01,Credit,7900,False,2004,Core credit,True
1751,1356,24242,2020-02-01,Debit (Prepaid),57,True,2020,Core credit,True
4057,1356,24211,2017-07-01,Debit,12170,True,2017,Core credit,True
5480,1356,24095,2007-11-01,Credit,10400,True,2007,Core credit,True
5905,265,24096,2007-12-01,Credit,12000,False,2007,Premium credit,True
1264,265,24122,2010-02-01,Credit,16600,True,2010,Premium credit,True
2305,265,24147,2012-03-01,Debit,13900,True,2012,Premium credit,True
2909,1947,24077,2006-05-01,Debit,11817,False,2006,Debit,False
2271,1947,24123,2010-03-01,Debit,1433,True,2010,Debit,False
205,1947,24109,2009-01-01,Debit,11982,True,2009,Debit,False
2654,1947,24124,2010-04-01,Debit,5440,True,2010,Debit,False
3159,1089,24173,2014-05-01,Debit,32269,True,2014,Prepaid,True
3487,1089,24126,2010-06-01,Debit (Prepaid),68,False,2010,Prepaid,True
2682,1089,24136,2011-04-01,Debit,25390,True,2011,Prepaid,True
726,1790,24241,2020-01-01,Debit (Prepaid),73,False,2020,Prepaid,False
1752,1999,24242,2020-02-01,Debit,14895,False,2020,Core credit,False
1993,1999,24242,2020-02-01,Credit,7100,False,2020,Core credit,False
1753,614,24242,2020-02-01,Debit,12829,True,2020,Debit,True
4002,614,24151,2012-07-01,Debit,19508,True,2012,Debit,True
4753,614,24117,2009-09-01,Credit,12700,True,2009,Debit,True
416,614,24241,2020-01-01,Credit,13700,True,2020,Debit,True
2094,614,24063,2005-03-01,Debit,26467,False,2005,Debit,True
6065,614,24144,2011-12-01,Debit,25059,True,2011,Debit,True
2953,614,24089,2007-05-01,Debit,17403,True,2007,Debit,True
340,814,24169,2014-01-01,Credit,7400,True,2014,Debit,True
2955,814,24101,2008-05-01,Credit,14300,True,2008,Debit,True
4536,814,24045,2003-09-01,Debit,8262,False,2003,Debit,True
4444,814,24176,2014-08-01,Credit,7700,True,2014,Debit,True
950,175,24241,2020-01-01,Debit (Prepaid),37,False,2020,Prepaid,False
5267,305,24154,2012-10-01,Debit,13767,True,2012,Debit,True
341,305,24169,2014-01-01,Debit (Prepaid),90,True,2014,Debit,True
2448,305,24040,2003-04-01,Debit,11408,False,2003,Debit,True
2338,1225,24171,2014-03-01,Credit,2400,True,2014,Debit,True
1163,1225,24098,2008-02-01,Credit,18600,True,2008,Debit,True
5762,1225,24000,1999-12-01,Debit,15422,False,1999,Debit,True
4754,1405,24117,2009-09-01,Debit,19575,True,2009,Premium credit,True
2690,1405,24136,2011-04-01,Debit (Prepaid),62,True,2011,Premium credit,True
2939,1405,24089,2007-05-01,Credit,10800,True,2007,Premium credit,True
5922,1405,24108,2008-12-01,Credit,12400,True,2008,Premium credit,True
5039,1405,24070,2005-10-01,Debit,30314,True,2005,Premium credit,True
2578,1405,24100,2008-04-01,Debit,16317,True,2008,Premium credit,True
4844,1405,24153,2012-09-01,Debit,26033,True,2012,Premium credit,True
5420,1405,24059,2004-11-01,Credit,11600,False,2004,Premium credit,True
5994,1478,24132,2010-12-01,Credit,14800,True,2010,Debit,True
4789,1478,24129,2010-09-01,Debit,4183,True,2010,Debit,True
1237,1478,24122,2010-02-01,Debit,6732,False,2010,Debit,True
3415,1920,24114,2009-06-01,Credit,8200,True,2009,Debit,True
5579,1920,24119,2009-11-01,Debit,1726,True,2009,Debit,True
2791,1920,23957,1996-05-01,Debit,20318,False,1996,Debit,True
3861,1920,24103,2008-07-01,Debit (Prepaid),42,True,2008,Debit,True
4412,241,24164,2013-08-01,Debit,18654,True,2013,Debit,True
4506,241,24009,2000-09-01,Debit,11219,False,2000,Debit,True
2749,241,24184,2015-04-01,Debit,11143,True,2015,Debit,True
3921,241,24115,2009-07-01,Credit,6900,True,2009,Debit,True
58,241,24049,2004-01-01,Debit,12861,True,2004,Debit,True
3818,331,24091,2007-07-01,Debit,12801,False,2007,Debit,True
1994,331,24242,2020-02-01,Credit,6300,True,2020,Debit,True
417,8,24241,2020-01-01,Credit,12900,False,2020,Premium credit,False
418,8,24241,2020-01-01,Credit,12800,False,2020,Premium credit,False
727,1354,24241,2020-01-01,Debit,3861,True,2020,Debit,False
5447,1354,24071,2005-11-01,Debit,8024,False,2005,Debit,False
1995,1354,24242,2020-02-01,Debit,16452,True,2020,Debit,False
3102,1258,24137,2011-05-01,Debit,24326,True,2011,Core credit,True
1105,1258,24086,2007-02-01,Credit,9600,False,2007,Core credit,True
3901,1258,24115,2009-07-01,Credit,5400,True,2009,Core credit,True
4830,1258,24141,2011-09-01,Debit,26158,True,2011,Core credit,True
206,1258,24109,2009-01-01,Debit (Prepaid),65,True,2009,Core credit,True
5951,1258,24108,2008-12-01,Debit,24674,True,2008,Core credit,True
3561,1258,24150,2012-06-01,Debit,14484,True,2012,Core credit,True
3945,919,24127,2010-07-01,Debit,20765,False,2010,Debit,False
6124,919,24204,2016-12-01,Credit,17100,True,2016,Debit,False
4733,1447,24117,2009-09-01,Credit,3600,False,2009,Core credit,False
728,902,24241,2020-01-01,Debit,14139,False,2020,Debit,False
951,1318,24241,2020-01-01,Credit,10600,False,2020,Premium credit,False
729,1318,24241,2020-01-01,Debit,22844,False,2020,Premium credit,False
730,1318,24241,2020-01-01,Debit,15212,False,2020,Premium credit,False
1458,1318,24242,2020-02-01,Credit,17300,True,2020,Premium credit,False
731,1545,24241,2020-01-01,Debit,13088,False,2020,Core credit,False
419,1545,24241,2020-01-01,Credit,5700,False,2020,Core credit,False
1754,1545,24242,2020-02-01,Debit,19294,True,2020,Core credit,False
732,1001,24241,2020-01-01,Debit,8876,False,2020,Debit,False
5070,1315,24082,2006-10-01,Debit,9922,True,2006,Premium credit,True
5719,1315,24191,2015-11-01,Debit,14514,True,2015,Premium credit,True
2556,1315,24088,2007-04-01,Debit,14464,True,2007,Premium credit,True
5434,1315,24071,2005-11-01,Credit,10600,False,2005,Premium credit,True
4790,323,24129,2010-09-01,Credit,5900,True,2010,Debit,True
4268,323,24104,2008-08-01,Debit,5082,True,2008,Debit,True
2135,323,24075,2006-03-01,Debit,7003,True,2006,Debit,True
2467,323,24052,2004-04-01,Debit,7364,False,2004,Debit,True
5977,323,24120,2009-12-01,Debit,9513,True,2009,Debit,True
733,625,24241,2020-01-01,Debit,17063,False,2020,Debit,False
6125,979,24204,2016-12-01,Credit,5700,True,2016,Core credit,True
5421,979,24059,2004-11-01,Credit,8600,False,2004,Core credit,True
2613,979,24112,2009-04-01,Debit,12586,True,2009,Core credit,True
1755,537,24242,2020-02-01,Debit,36967,False,2020,Debit,False
1756,537,24242,2020-02-01,Debit,28458,False,2020,Debit,False
3012,1096,24113,2009-05-01,Credit,5500,False,2009,Core credit,True
5225,1096,24130,2010-10-01,Debit,26222,True,2010,Core credit,True
4816,1347,24141,2011-09-01,Debit,21802,True,2011,Premium credit,True
3511,1347,24138,2011-06-01,Credit,13100,False,2011,Premium credit,True
5678,1347,24155,2012-11-01,Debit,17079,True,2012,Premium credit,True
5141,1395,24106,2008-10-01,Credit,31500,True,2008,Debit,False
4089,1395,23972,1997-08-01,Debit,51412,False,1997,Debit,False
3033,1614,24113,2009-05-01,Credit,0,False,2009,Core credit,False
2095,1212,24063,2005-03-01,Debit,13746,False,2005,Debit,False
6117,1588,24192,2015-12-01,Debit,30023,True,2015,Premium credit,False
2016,1588,24003,2000-03-01,Credit,14300,False,2000,Premium credit,False
5952,121,24108,2008-12-01,Debit,18137,False,2008,Debit,True
420,121,24241,2020-01-01,Credit,10700,True,2020,Debit,True
349,121,24181,2015-01-01,Credit,10000,True,2015,Debit,True
1996,1773,24242,2020-02-01,Debit (Prepaid),82,False,2020,Prepaid,False
2703,1859,24148,2012-04-01,Debit,15976,True,2012,Prepaid,True
4991,1859,24046,2003-10-01,Debit,34560,True,2003,Prepaid,True
2241,1859,24111,2009-03-01,Credit,18600,True,2009,Prepaid,True
2419,1859,24016,2001-04-01,Debit (Prepaid),65,False,2001,Prepaid,True
5018,1859,24058,2004-10-01,Debit,15374,True,2004,Prepaid,True
1997,1339,24242,2020-02-01,Credit,16700,True,2020,Debit,False
734,1339,24241,2020-01-01,Debit,20534,False,2020,Debit,False
735,1894,24241,2020-01-01,Debit,24939,False,2020,Premium credit,False
736,1894,24241,2020-01-01,Credit,15200,False,2020,Premium credit,False
2438,77,24028,2002-04-01,Credit,13700,False,2002,Premium credit,True
5906,77,24096,2007-12-01,Debit,7949,True,2007,Premium credit,True
438,77,24241,2020-01-01,Credit,9300,True,2020,Premium credit,True
4373,77,24140,2011-08-01,Debit,21862,True,2011,Premium credit,True
3621,77,24210,2017-06-01,Debit,15988,True,2017,Premium credit,True
4837,77,24153,2012-09-01,Debit,17112,True,2012,Premium credit,True
5688,77,24167,2013-11-01,Debit,27063,True,2013,Premium credit,True
5501,77,24095,2007-11-01,Debit,24656,True,2007,Premium credit,True
1076,1222,24062,2005-02-01,Debit,1436,False,2005,Debit,True
5364,363,24011,2000-11-01,Credit,18700,False,2000,Premium credit,True
5555,363,24107,2008-11-01,Debit,8420,True,2008,Premium credit,True
5208,363,24130,2010-10-01,Debit (Prepaid),35,True,2010,Premium credit,True
4434,634,24176,2014-08-01,Debit,22995,True,2014,Premium credit,True
3541,634,24138,2011-06-01,Debit,37620,True,2011,Premium credit,True
2272,634,24123,2010-03-01,Debit,18220,True,2010,Premium credit,True
3375,634,24102,2008-06-01,Credit,11100,False,2008,Premium credit,True
2579,628,24100,2008-04-01,Debit (Prepaid),76,False,2008,Prepaid,True
333,628,24169,2014-01-01,Debit,47183,True,2014,Prepaid,True
1757,628,24242,2020-02-01,Debit,44912,True,2020,Prepaid,True
3963,756,24127,2010-07-01,Debit,7721,False,2010,Debit,True
952,971,24241,2020-01-01,Credit,23400,False,2020,Premium credit,False
953,971,24241,2020-01-01,Debit,12039,False,2020,Premium credit,False
1998,971,24242,2020-02-01,Debit,10971,True,2020,Premium credit,False
737,971,24241,2020-01-01,Debit,14570,False,2020,Premium credit,False
954,971,24241,2020-01-01,Debit,12195,False,2020,Premium credit,False
1758,111,24242,2020-02-01,Debit,9061,True,2020,Debit,False
4413,111,24164,2013-08-01,Debit,10964,False,2013,Debit,False
1439,111,24242,2020-02-01,Credit,6900,True,2020,Debit,False
738,312,24241,2020-01-01,Debit,26107,False,2020,Debit,False
955,312,24241,2020-01-01,Debit (Prepaid),76,False,2020,Debit,False
1759,312,24242,2020-02-01,Debit,19613,True,2020,Debit,False
956,312,24241,2020-01-01,Debit,17569,False,2020,Debit,False
1999,1627,24242,2020-02-01,Debit,10099,False,2020,Debit,False
4149,1359,24068,2005-08-01,Credit,15200,True,2005,Debit,False
3699,1359,24043,2003-07-01,Debit,13844,False,2003,Debit,False
1760,174,24242,2020-02-01,Debit,18748,False,2020,Debit,False
1761,174,24242,2020-02-01,Debit,13733,False,2020,Debit,False
1762,174,24242,2020-02-01,Debit,20623,False,2020,Debit,False
739,420,24241,2020-01-01,Debit (Prepaid),39,False,2020,Prepaid,False
4817,488,24141,2011-09-01,Debit,12759,True,2011,Debit,True
5413,488,24059,2004-11-01,Debit,19554,False,2004,Debit,True
171,7,24097,2008-01-01,Debit,21274,True,2008,Debit,False
3335,7,24078,2006-06-01,Debit (Prepaid),25,True,2006,Debit,False
2490,7,24064,2005-04-01,Debit,12868,False,2005,Debit,False
1385,863,24218,2018-02-01,Debit (Prepaid),80,True,2018,Debit,True
4861,863,24165,2013-09-01,Debit,18244,False,2013,Debit,True
2750,863,24184,2015-04-01,Debit,11402,True,2015,Debit,True
3570,1854,24162,2013-06-01,Credit,7200,False,2013,Core credit,True
3585,1854,24174,2014-06-01,Debit,22975,True,2014,Core credit,True
2500,1041,24064,2005-04-01,Debit,5579,False,2005,Debit,True
2786,1616,24220,2018-04-01,Debit,56039,True,2018,Premium credit,True
2730,1616,24172,2014-04-01,Debit,28861,True,2014,Premium credit,True
5164,1616,24118,2009-10-01,Debit (Prepaid),66,True,2009,Premium credit,True
4734,1616,24117,2009-09-01,Credit,22900,False,2009,Premium credit,True
1763,1805,24242,2020-02-01,Credit,8500,True,2020,Core credit,True
2546,1805,24088,2007-04-01,Credit,3800,False,2007,Core credit,True
172,1284,24097,2008-01-01,Debit,9789,False,2008,Debit,True
6066,1284,24156,2012-12-01,Credit,10800,True,2012,Debit,True
2000,1735,24242,2020-02-01,Credit,15100,True,2020,Debit,True
1165,1735,24110,2009-02-01,Credit,15700,True,2009,Debit,True
3336,1735,24078,2006-06-01,Debit,7320,True,2006,Debit,True
4053,1735,24211,2017-07-01,Credit,5600,True,2017,Debit,True
3700,1735,24043,2003-07-01,Debit,12762,False,2003,Debit,True
5057,1735,24082,2006-10-01,Credit,11900,True,2006,Debit,True
5828,1528,24072,2005-12-01,Credit,16400,True,2005,Debit,True
2491,1528,24064,2005-04-01,Debit,5656,False,2005,Debit,True
4805,1528,24129,2010-09-01,Debit (Prepaid),107,True,2010,Debit,True
4845,1528,24153,2012-09-01,Credit,7800,True,2012,Debit,True
3752,1528,24067,2005-07-01,Credit,7700,True,2005,Debit,True
4315,1528,24116,2009-08-01,Debit,8033,True,2009,Debit,True
740,1278,24241,2020-01-01,Debit (Prepaid),56,False,2020,Debit,False
1764,1278,24242,2020-02-01,Debit,21099,True,2020,Debit,False
741,1278,24241,2020-01-01,Debit,9316,False,2020,Debit,False
2863,591,24053,2004-05-01,Debit,21971,False,2004,Debit,False
2199,591,24099,2008-03-01,Debit,10442,True,2008,Debit,False
2391,591,24231,2019-03-01,Credit,8100,True,2019,Debit,False
2285,97,24135,2011-03-01,Debit,9956,False,2011,Debit,False
3180,31,24197,2016-05-01,Debit,25702,True,2016,Premium credit,False
3622,31,24210,2017-06-01,Debit,15435,True,2017,Premium credit,False
5594,31,24131,2010-11-01,Credit,11500,False,2010,Premium credit,False
742,1380,24241,2020-01-01,Debit,21244,True,2020,Prepaid,False
219,1380,24109,2009-01-01,Debit (Prepaid),85,False,2009,Prepaid,False
1295,1240,24134,2011-02-01,Credit,4000,True,2011,Debit,True
3876,1240,24103,2008-07-01,Debit,23169,False,2008,Debit,True
1361,1240,24182,2015-02-01,Debit,16638,True,2015,Debit,True
1121,932,24086,2007-02-01,Debit,4700,False,2007,Debit,True
2626,932,24112,2009-04-01,Debit,3648,True,2009,Debit,True
2614,932,24112,2009-04-01,Credit,11400,True,2009,Debit,True
188,932,24097,2008-01-01,Credit,7100,True,2008,Debit,True
220,932,24109,2009-01-01,Debit,6204,True,2009,Debit,True
3562,932,24162,2013-06-01,Credit,6100,True,2013,Debit,True
2001,378,24242,2020-02-01,Debit (Prepaid),61,False,2020,Prepaid,False
5294,647,24178,2014-10-01,Debit,15512,False,2014,Debit,True
4460,647,24200,2016-08-01,Debit,8332,True,2016,Debit,True
4921,391,24237,2019-09-01,Credit,6200,True,2019,Prepaid,True
317,391,24157,2013-01-01,Debit,23152,True,2013,Prepaid,True
4936,391,23986,1998-10-01,Debit (Prepaid),81,False,1998,Prepaid,True
3488,391,24126,2010-06-01,Debit,11812,True,2010,Prepaid,True
3616,391,24198,2016-06-01,Debit,12483,True,2016,Prepaid,True
5182,391,24118,2009-10-01,Credit,9100,True,2009,Prepaid,True
957,588,24241,2020-01-01,Debit,21787,False,2020,Premium credit,False
439,588,24241,2020-01-01,Credit,12000,False,2020,Premium credit,False
1765,588,24242,2020-02-01,Debit,26265,True,2020,Premium credit,False
263,986,24121,2010-01-01,Debit,27317,True,2010,Premium credit,True
4755,986,24117,2009-09-01,Debit,15094,True,2009,Premium credit,True
2139,986,24087,2007-03-01,Credit,18300,False,2007,Premium credit,True
5295,1944,24178,2014-10-01,Debit,19756,True,2014,Premium credit,True
1304,1944,24146,2012-02-01,Debit,17116,True,2012,Premium credit,True
33,1944,24025,2002-01-01,Credit,11100,False,2002,Premium credit,True
1059,1944,24062,2005-02-01,Debit,2468,True,2005,Premium credit,True
4046,185,24199,2016-07-01,Debit,16415,True,2016,Core credit,True
5361,185,24011,2000-11-01,Credit,6900,False,2000,Core credit,True
2711,185,24148,2012-04-01,Credit,5700,True,2012,Core credit,True
1305,1007,24146,2012-02-01,Credit,9200,False,2012,Core credit,False
743,1110,24241,2020-01-01,Debit,28074,True,2020,Premium credit,False
3199,1110,24209,2017-05-01,Credit,14400,False,2017,Premium credit,False
