card_id,client_id,card_brand,card_type,card_number,expires,cvv,has_chip,num_cards_issued,credit_limit,acct_open_date,year_pin_last_changed,card_on_dark_web,opened,open_m,y1_interchange,y1_interchange_no_mt,y1_interchange_prepaid_debit,y1_purchase_volume,y1_active_months,y1_value,y1_value_no_mt,y1_value_prepaid_debit,new_customer_card,yearly_income,credit_score,current_age,total_debt
2731,825,Visa,Debit,4956965974959986,12/2020,393,YES,2,21968,04/2014,2014,No,2014-04-01,24172,45.729985,45.439985,45.729985,12198.97,12.0,45.729985,45.439985,45.729985,False,59696,787,53,127613
1278,1746,Visa,Debit,4001482973848631,07/2022,972,YES,2,28508,02/2011,2011,No,2011-02-01,24134,43.615465,42.815464999999996,43.615465,15170.93,12.0,43.615465,42.815464999999996,43.615465,False,77254,701,53,191349
3465,1746,Mastercard,Debit (Prepaid),5711382187309326,11/2020,722,YES,2,54,06/2010,2015,No,2010-06-01,24126,0.0,0.0,31.80281,7110.62,12.0,0.0,0.0,31.80281,False,77254,701,53,191349
2732,1718,Visa,Debit,4242015583697294,06/2020,928,YES,1,31463,04/2014,2014,No,2014-04-01,24172,138.802345,136.70234499999998,138.802345,20333.69,12.0,138.802345,136.70234499999998,138.802345,False,33483,698,81,196
281,708,Visa,Credit,4017261190134817,05/2015,877,YES,2,98100,01/2011,2011,No,2011-01-01,24133,1520.1684,1289.4084,1520.1684,92611.8,12.0,1520.1684,1289.4084,1520.1684,False,249925,722,63,202328
5621,708,Visa,Debit,4032240655674503,06/2022,53,YES,1,132439,11/2010,2011,No,2010-11-01,24131,55.918295,53.638295,55.918295,22269.59,12.0,55.918295,53.638295,55.918295,False,249925,722,63,202328
4761,1075,Mastercard,Credit,5089768442116305,07/2023,686,YES,2,11200,09/2010,2010,No,2010-09-01,24129,684.04104,681.88104,684.04104,42736.28,12.0,684.04104,681.88104,684.04104,False,51500,672,36,102286
5286,1075,Mastercard,Debit,5767339719294372,12/2021,669,NO,2,26753,10/2014,2014,No,2014-10-01,24178,143.735645,143.735645,143.735645,17783.29,12.0,143.735645,143.735645,143.735645,False,51500,672,36,102286
4905,1116,Mastercard,Debit,5668831527649353,01/2021,356,YES,1,23253,09/2017,2017,No,2017-09-01,24213,78.383825,77.623825,78.383825,14612.65,12.0,78.383825,77.623825,78.383825,False,42509,755,81,2895
301,1116,Visa,Credit,4808554251869440,02/2021,921,YES,2,8700,01/2012,2012,No,2012-01-01,24145,542.62476,526.06476,542.62476,31051.82,12.0,542.62476,526.06476,542.62476,False,42509,755,81,2895
3115,1116,Mastercard,Debit,5224739362243611,01/2019,922,YES,1,29333,05/2012,2012,No,2012-05-01,24149,106.69141499999999,105.44141499999999,106.69141499999999,21945.83,12.0,106.69141499999999,105.44141499999999,106.69141499999999,False,42509,755,81,2895
6074,1660,Visa,Debit (Prepaid),4986270376099447,04/2022,385,YES,1,76,12/2012,2012,No,2012-12-01,24156,0.0,0.0,102.138865,10546.73,12.0,0.0,0.0,102.138865,False,23123,723,41,5079
4455,1660,Mastercard,Debit,5231462717450524,03/2024,754,YES,2,12082,08/2016,2016,No,2016-08-01,24200,64.38676,60.61676,64.38676,8362.52,12.0,64.38676,60.61676,64.38676,False,23123,723,41,5079
4403,1747,Mastercard,Debit,5569640141329524,09/2024,904,YES,1,18424,08/2013,2013,No,2013-08-01,24164,0.0,0.0,0.0,0.0,0.0,0.0,0.0,0.0,False,36497,719,54,38333
4895,1747,Mastercard,Credit,5300159511214994,12/2016,740,YES,2,10100,09/2016,2016,No,2016-09-01,24201,0.0,0.0,0.0,0.0,0.0,0.0,0.0,0.0,False,36497,719,54,38333
5701,1946,Visa,Credit,4231526239204033,02/2020,499,YES,2,12500,11/2014,2014,No,2014-11-01,24179,313.6905,298.9305,313.6905,20301.25,12.0,313.6905,298.9305,313.6905,False,41109,698,76,21486
2296,877,Mastercard,Debit,5700734711260263,11/2023,230,YES,1,11973,03/2012,2012,No,2012-03-01,24147,105.28591499999999,97.56591499999999,105.28591499999999,27256.829999999998,12.0,105.28591499999999,97.56591499999999,105.28591499999999,False,34317,610,36,61826
5188,1536,Mastercard,Debit,5217568630125704,03/2021,625,NO,2,17707,10/2010,2010,No,2010-10-01,24130,0.0,0.0,0.0,0.0,0.0,0.0,0.0,0.0,False,32531,766,41,38260
3041,140,Mastercard,Debit,5529182104663869,01/2022,182,YES,1,19110,05/2010,2011,No,2010-05-01,24125,83.98123,83.31123,83.98123,12942.460000000001,12.0,83.98123,83.31123,83.98123,False,42120,739,37,72801
5312,140,Mastercard,Debit,5489017664251289,08/2023,196,YES,1,13428,10/2016,2016,No,2016-10-01,24202,57.997440000000005,57.32744,57.997440000000005,8051.88,12.0,57.997440000000005,57.32744,57.997440000000005,False,42120,739,37,72801
6132,1689,Mastercard,Debit,5068255294282305,11/2020,890,YES,1,25815,12/2017,2017,No,2017-12-01,24216,0.0,0.0,0.0,0.0,0.0,0.0,0.0,0.0,True,61746,637,21,154817
327,379,Amex,Credit,354813103334804,06/2021,527,YES,2,8400,01/2014,2014,No,2014-01-01,24169,538.15266,509.35266,538.15266,35153.37,12.0,633.15266,604.35266,633.15266,False,43496,765,47,114563
5622,822,Visa,Credit,4336733185475861,01/2021,221,NO,2,7100,11/2010,2010,No,2010-11-01,24131,122.55318,94.47318,122.55318,7884.51,12.0,122.55318,94.47318,122.55318,False,34540,793,51,22641
5596,822,Mastercard,Debit (Prepaid),5314878099448745,05/2011,994,YES,1,83,11/2010,2010,No,2010-11-01,24131,0.0,0.0,17.122799999999998,1250.6,7.0,0.0,0.0,17.122799999999998,False,34540,793,51,22641
3991,1499,Amex,Credit,311095486859536,01/2024,536,YES,2,23700,07/2012,2012,No,2012-07-01,24151,341.19486,341.19486,341.19486,25059.27,12.0,436.19486,436.19486,436.19486,True,41287,662,46,88151
6126,1780,Visa,Credit,4624747592911129,02/2024,986,YES,2,700,12/2016,2016,No,2016-12-01,24204,0.0,0.0,0.0,0.0,0.0,0.0,0.0,0.0,True,38054,666,46,63293
5277,811,Visa,Debit,4905540969337037,09/2018,573,YES,1,53036,10/2013,2013,No,2013-10-01,24166,73.209565,72.189565,73.209565,19436.13,12.0,73.209565,72.189565,73.209565,False,84694,741,91,2149
4358,811,Mastercard,Debit,5703849820939467,12/2024,300,YES,1,35750,08/2011,2011,No,2011-08-01,24140,139.177505,136.407505,139.177505,40675.01,12.0,139.177505,136.407505,139.177505,False,84694,741,91,2149
2318,811,Visa,Debit,4055403312631050,07/2021,902,YES,1,33375,03/2013,2013,No,2013-03-01,24159,95.04030999999999,93.78031,95.04030999999999,27143.620000000003,12.0,95.04030999999999,93.78031,95.04030999999999,False,84694,741,91,2149
6019,1844,Visa,Debit (Prepaid),4587476056357151,07/2023,858,YES,2,22,12/2010,2010,No,2010-12-01,24132,0.0,0.0,30.70175,1343.5,12.0,0.0,0.0,30.70175,False,37503,706,79,14272
4421,1844,Discover,Credit,6521426249819196,11/2020,608,YES,1,13100,08/2014,2014,No,2014-08-01,24176,144.98172,143.18171999999998,144.98172,8365.539999999999,12.0,144.98172,143.18171999999998,144.98172,False,37503,706,79,14272
6127,1852,Visa,Debit (Prepaid),4966050979388902,03/2021,585,YES,2,91,12/2016,2016,No,2016-12-01,24204,0.0,0.0,121.13637999999999,13454.76,12.0,0.0,0.0,121.13637999999999,False,65357,685,57,21844
2632,1852,Mastercard,Credit,5911319900289832,04/2021,37,YES,2,21600,04/2010,2010,No,2010-04-01,24124,329.328,317.088,329.328,20437.0,12.0,329.328,317.088,329.328,False,65357,685,57,21844
5679,970,Visa,Debit,4682877628388639,02/2023,846,NO,1,25942,11/2012,2012,No,2012-11-01,24155,187.12002999999999,180.45003,187.12002999999999,24491.06,12.0,187.12002999999999,180.45003,187.12002999999999,False,44681,770,42,42011
3087,1296,Discover,Credit,6969946254132652,12/2022,588,YES,1,19800,05/2011,2011,No,2011-05-01,24137,235.37394,210.17394000000002,235.37394,13974.33,12.0,235.37394,210.17394000000002,235.37394,False,46683,788,60,93126
4906,1880,Mastercard,Debit,5132664334960880,05/2021,593,YES,1,9532,09/2017,2017,No,2017-09-01,24213,75.060225,70.900225,75.060225,12923.449999999999,12.0,75.060225,70.900225,75.060225,False,31579,771,61,52419
3172,461,Mastercard,Debit,5102353988152905,12/2022,667,YES,2,20913,05/2016,2016,No,2016-05-01,24197,132.947575,129.007575,132.947575,24518.15,12.0,132.947575,129.007575,132.947575,False,65403,784,42,80057
1209,461,Mastercard,Debit,5033135709911480,07/2024,170,YES,1,23344,02/2010,2010,No,2010-02-01,24122,236.00459999999998,230.16459999999998,236.00459999999998,43376.2,12.0,236.00459999999998,230.16459999999998,236.00459999999998,False,65403,784,42,80057
5313,461,Mastercard,Debit,5611522756791997,01/2020,882,YES,2,33642,10/2016,2016,No,2016-10-01,24202,125.78766,122.29766,125.78766,23665.32,12.0,125.78766,122.29766,125.78766,False,65403,784,42,80057
4762,1165,Mastercard,Debit,5037404409791945,01/2022,681,YES,1,14695,09/2010,2011,No,2010-09-01,24129,0.0,0.0,0.0,0.0,0.0,0.0,0.0,0.0,True,27572,797,55,59404
5296,1178,Visa,Debit,4410685608952637,06/2024,265,YES,2,17345,10/2014,2014,No,2014-10-01,24178,0.0,0.0,0.0,0.0,0.0,0.0,0.0,0.0,False,52754,693,59,38191
1327,1178,Visa,Debit,4470822684089911,09/2020,923,YES,2,17976,02/2013,2013,No,2013-02-01,24158,0.0,0.0,0.0,0.0,0.0,0.0,0.0,0.0,False,52754,693,59,38191
5995,1391,Mastercard,Debit (Prepaid),5436469451844829,12/2021,48,YES,2,98,12/2010,2010,No,2010-12-01,24132,0.0,0.0,118.425845,18931.69,12.0,0.0,0.0,118.425845,False,51196,631,45,67164
282,1602,Visa,Credit,4698943729070491,09/2020,450,YES,1,6600,01/2011,2013,No,2011-01-01,24133,388.52189999999996,377.0019,388.52189999999996,23105.55,12.0,388.52189999999996,377.0019,388.52189999999996,True,29864,717,41,44902
6105,1602,Mastercard,Credit,5579147219556308,06/2022,806,NO,2,7200,12/2015,2015,No,2015-12-01,24192,220.74714,211.02714,220.74714,13453.73,12.0,220.74714,211.02714,220.74714,False,29864,717,41,44902
5231,1492,Mastercard,Debit,5188130978534931,01/2022,446,YES,1,12915,10/2011,2013,No,2011-10-01,24142,51.028605,51.028605,51.028605,8733.21,12.0,51.028605,51.028605,51.028605,False,56635,786,63,13015
2776,1492,Discover,Credit,6417599205270844,07/2021,504,YES,2,17600,04/2018,2018,No,2018-04-01,24220,245.72214,240.68214,245.72214,15473.23,12.0,245.72214,240.68214,245.72214,False,56635,786,63,13015
3563,1492,Mastercard,Debit,5891053637541514,02/2022,362,YES,2,23049,06/2013,2013,No,2013-06-01,24162,50.87977,50.60977,50.87977,9051.54,12.0,50.87977,50.60977,50.87977,False,56635,786,63,13015
6134,1492,Visa,Debit,4222570131769035,05/2020,141,YES,1,29734,12/2017,2017,No,2017-12-01,24216,40.41297,40.16297,40.41297,6612.94,12.0,40.41297,40.16297,40.41297,False,56635,786,63,13015
4818,1492,Visa,Credit,4453742478192143,01/2020,346,YES,2,27000,09/2011,2016,No,2011-09-01,24141,436.1049,436.1049,436.1049,26823.05,12.0,436.1049,436.1049,436.1049,False,56635,786,63,13015
6106,688,Mastercard,Debit,5708150083756692,04/2023,824,YES,1,17848,12/2015,2015,No,2015-12-01,24192,96.466375,95.986375,96.466375,13123.75,12.0,96.466375,95.986375,96.466375,False,47227,760,44,151030
3042,688,Mastercard,Debit,5238684130320063,11/2022,870,NO,1,25563,05/2010,2010,No,2010-05-01,24125,223.582655,219.922655,223.582655,35927.38,12.0,223.582655,219.922655,223.582655,True,47227,760,44,151030
5209,688,Visa,Credit,4740880792169372,04/2020,168,YES,2,12000,10/2010,2010,No,2010-10-01,24130,402.14592000000005,390.98592,402.14592000000005,24603.44,12.0,402.14592000000005,390.98592,402.14592000000005,False,47227,760,44,151030
1296,688,Amex,Credit,361648729239104,11/2018,709,NO,2,6600,02/2012,2012,No,2012-02-01,24146,168.8355,167.3955,168.8355,9596.75,12.0,263.8355,262.39549999999997,263.8355,False,47227,760,44,151030
5597,643,Mastercard,Credit,5079302523329059,04/2023,381,YES,2,500,11/2010,2010,No,2010-11-01,24131,562.06152,541.90152,562.06152,33427.24,12.0,562.06152,541.90152,562.06152,True,43397,697,29,42168
2309,1219,Mastercard,Credit,5326031764905960,08/2023,437,YES,1,18000,03/2013,2013,No,2013-03-01,24159,847.76688,800.9668800000001,847.76688,50865.16,12.0,847.76688,800.9668800000001,847.76688,False,58105,688,28,70254
3466,1219,Mastercard,Debit,5096150037217374,10/2024,862,YES,1,32903,06/2010,2010,No,2010-06-01,24126,230.22964499999998,218.799645,230.22964499999998,69797.29,12.0,230.22964499999998,218.799645,230.22964499999998,True,58105,688,28,70254
4870,898,Mastercard,Credit,5000307662634780,04/2020,263,NO,1,9500,09/2014,2014,No,2014-09-01,24177,169.44227999999998,148.20228,169.44227999999998,11214.46,12.0,169.44227999999998,148.20228,169.44227999999998,False,19893,566,90,1712
3467,882,Mastercard,Debit,5707305515533516,04/2020,203,YES,2,1837,06/2010,2010,No,2010-06-01,24126,82.39104,81.90104,82.39104,15831.08,12.0,82.39104,81.90104,82.39104,False,36743,612,63,71719
3073,348,Visa,Credit,4210237285941913,04/2020,160,YES,1,13500,05/2010,2012,No,2010-05-01,24125,289.38509999999997,281.4651,289.38509999999997,19323.95,12.0,289.38509999999997,281.4651,289.38509999999997,False,46377,719,49,79980
3554,348,Visa,Credit,4877073763902898,07/2014,786,YES,2,13300,06/2012,2012,No,2012-06-01,24150,166.10094,162.14094,166.10094,10989.83,12.0,166.10094,162.14094,166.10094,False,46377,719,49,79980
3489,1493,Visa,Credit,4642496218651973,04/2018,594,YES,1,14400,06/2010,2012,No,2010-06-01,24126,1144.89504,390.69504,1144.89504,70710.28,12.0,1144.89504,390.69504,1144.89504,True,54537,765,30,121987
4003,1493,Visa,Credit,4244401907291512,04/2020,120,YES,1,4400,07/2012,2012,No,2012-07-01,24151,566.21952,203.33952,566.21952,34346.64,12.0,566.21952,203.33952,566.21952,False,54537,765,30,121987
2691,217,Mastercard,Debit,5565497732362129,03/2022,430,NO,1,16538,04/2012,2012,No,2012-04-01,24148,49.499755,47.469755,49.499755,7724.51,12.0,49.499755,47.469755,49.499755,False,31031,744,42,21853
1364,217,Mastercard,Debit,5161929618424764,07/2016,743,YES,1,9737,02/2016,2016,No,2016-02-01,24194,20.208025,19.678024999999998,20.208025,2930.0499999999997,6.0,20.208025,19.678024999999998,20.208025,False,31031,744,42,21853
1266,217,Mastercard,Credit,5359358098670039,07/2019,428,YES,1,6500,02/2011,2014,No,2011-02-01,24134,111.3777,107.7777,111.3777,7372.65,12.0,111.3777,107.7777,111.3777,False,31031,744,42,21853
1267,217,Mastercard,Debit,5093514487076217,06/2020,889,YES,2,2650,02/2011,2013,No,2011-02-01,24134,77.04681,76.04681,77.04681,13653.62,12.0,77.04681,76.04681,77.04681,False,31031,744,42,21853
4318,668,Mastercard,Credit,5764603958082866,08/2021,397,YES,1,0,08/2010,2010,No,2010-08-01,24128,249.69798,241.41798,249.69798,15577.11,12.0,249.69798,241.41798,249.69798,False,16342,747,87,1758
242,203,Visa,Credit,4716309780327853,07/2022,275,YES,1,9100,01/2010,2010,No,2010-01-01,24121,259.71318,246.03318000000002,259.71318,16998.51,12.0,259.71318,246.03318000000002,259.71318,False,30305,776,58,23392
3966,203,Mastercard,Credit,5175414290540891,04/2022,497,NO,2,2600,07/2011,2011,No,2011-07-01,24139,198.41022,189.41022,198.41022,14070.79,12.0,198.41022,189.41022,198.41022,False,30305,776,58,23392
5623,1738,Visa,Credit,4825181289428263,04/2020,635,NO,1,15700,11/2010,2014,No,2010-11-01,24131,0.0,0.0,0.0,0.0,0.0,0.0,0.0,0.0,False,68784,696,30,198417
6099,713,Mastercard,Debit,5533057740649374,01/2020,13,YES,2,20765,12/2014,2014,No,2014-12-01,24180,0.0,0.0,0.0,0.0,0.0,0.0,0.0,0.0,True,34745,691,25,26503
3490,370,Visa,Debit,4015096339812707,02/2023,494,YES,1,8509,06/2010,2010,No,2010-06-01,24126,47.534255,46.794255,47.534255,6980.51,12.0,47.534255,46.794255,47.534255,False,41904,655,61,12545
5702,1014,Visa,Debit,4467199760802877,11/2014,176,YES,1,96907,11/2014,2014,No,2014-11-01,24179,0.0,0.0,0.0,0.0,0.0,0.0,0.0,0.0,False,196784,729,54,437533
1268,985,Mastercard,Credit,5936949471946678,10/2022,372,YES,2,16000,02/2011,2012,No,2011-02-01,24134,894.2787,443.1987,894.2787,52800.15,12.0,894.2787,443.1987,894.2787,False,51654,600,32,95454
2704,985,Visa,Credit,4862788591864799,02/2019,466,YES,1,300,04/2012,2012,No,2012-04-01,24148,562.16898,270.92898,562.16898,32435.61,12.0,562.16898,270.92898,562.16898,False,51654,600,32,95454
4791,135,Visa,Debit,4528854599819268,08/2019,451,YES,2,21591,09/2010,2010,No,2010-09-01,24129,154.093905,150.68390499999998,154.093905,34089.81,12.0,154.093905,150.68390499999998,154.093905,False,38088,691,64,51679
1238,900,Visa,Debit (Prepaid),4580252759299284,02/2021,397,YES,2,68,02/2010,2010,No,2010-02-01,24122,0.0,0.0,93.47452,8795.04,12.0,0.0,0.0,93.47452,False,32896,735,36,69800
1297,233,Amex,Credit,374396421501669,03/2024,659,YES,2,13700,02/2012,2012,No,2012-02-01,24146,947.34756,947.34756,947.34756,55787.42,12.0,1042.3475600000002,1042.3475600000002,1042.3475600000002,True,47464,716,37,83591
3605,406,Discover,Credit,6308795344040919,11/2024,205,YES,2,4200,06/2016,2016,No,2016-06-01,24198,0.0,0.0,0.0,0.0,0.0,0.0,0.0,0.0,True,85128,641,23,108678
3922,1069,Amex,Credit,304372446656131,03/2021,495,YES,1,8800,07/2010,2010,No,2010-07-01,24127,358.78301999999996,303.70302,358.78301999999996,22683.39,12.0,453.78301999999996,398.70302,453.78301999999996,False,45852,615,54,114746
1279,996,Visa,Debit,4803335286454198,02/2020,568,NO,1,27231,02/2011,2011,No,2011-02-01,24134,69.268255,69.268255,69.268255,9623.51,12.0,69.268255,69.268255,69.268255,False,40194,738,63,107765
3606,1981,Mastercard,Debit,5082019741631139,04/2021,459,YES,1,20743,06/2016,2016,No,2016-06-01,24198,14.326979999999999,14.08698,14.326979999999999,2838.96,12.0,14.326979999999999,14.08698,14.326979999999999,False,39303,702,48,23650
3626,870,Amex,Credit,349088998842560,06/2022,652,YES,2,0,06/2018,2018,No,2018-06-01,24222,451.09062,441.01062,451.09062,27407.59,12.0,546.09062,536.01062,546.09062,False,71593,821,63,132181
3513,46,Mastercard,Debit,5718393085724653,11/2022,117,YES,2,24191,06/2011,2011,No,2011-06-01,24138,63.750865,63.160865,63.750865,19115.73,12.0,63.750865,63.160865,63.750865,False,53996,632,62,98211
2759,800,Mastercard,Debit,5306340091674907,05/2016,523,YES,1,18242,04/2016,2016,No,2016-04-01,24196,0.0,0.0,0.0,0.0,0.0,0.0,0.0,0.0,True,26025,723,28,23971
1298,697,Mastercard,Debit,5139001522381220,04/2021,740,YES,2,20195,02/2012,2012,No,2012-02-01,24146,61.176339999999996,59.26634,61.176339999999996,20811.68,12.0,61.176339999999996,59.26634,61.176339999999996,False,66230,742,56,90248
3074,697,Visa,Debit,4873407892539448,09/2018,423,YES,2,33736,05/2010,2010,No,2010-05-01,24125,101.87370999999999,95.88371,101.87370999999999,42405.42,12.0,101.87370999999999,95.88371,101.87370999999999,True,66230,742,56,90248
3075,1782,Visa,Debit,4853013168432421,09/2015,554,NO,2,1981,05/2010,2014,No,2010-05-01,24125,58.499435,57.739435,58.499435,12302.87,12.0,58.499435,57.739435,58.499435,False,39633,777,59,58586
2673,1977,Mastercard,Debit (Prepaid),5755720451424427,02/2021,988,YES,1,91,04/2011,2011,No,2011-04-01,24136,0.0,0.0,88.88748,3590.96,12.0,0.0,0.0,88.88748,False,57185,773,43,0
4763,1734,Mastercard,Debit,5116904368864992,06/2015,698,YES,2,42116,09/2010,2011,No,2010-09-01,24129,0.0,0.0,0.0,0.0,0.0,0.0,0.0,0.0,True,82637,739,37,84762
5226,1913,Amex,Credit,356204311290241,12/2022,312,YES,2,16700,10/2011,2011,No,2011-10-01,24142,191.60784,188.72784,191.60784,12568.88,12.0,286.60784,283.72784,286.60784,False,31121,619,60,32768
3084,1913,Amex,Credit,333504501414647,12/2020,276,YES,1,17700,05/2011,2013,No,2011-05-01,24137,313.96013999999997,313.96013999999997,313.96013999999997,19816.23,12.0,408.96013999999997,408.96013999999997,408.96013999999997,False,31121,619,60,32768
2633,858,Mastercard,Debit (Prepaid),5241392304445807,07/2023,137,YES,1,89,04/2010,2010,No,2010-04-01,24124,0.0,0.0,188.14004,35518.08,12.0,0.0,0.0,188.14004,False,30774,700,47,51428
3514,1564,Mastercard,Debit,5158754138100901,07/2024,813,YES,1,15820,06/2011,2011,No,2011-06-01,24138,103.2205,102.9605,103.2205,11324.0,12.0,103.2205,102.9605,103.2205,False,37947,683,35,49951
3136,1301,Visa,Debit,4199613929770276,09/2023,765,YES,1,22833,05/2013,2013,No,2013-05-01,24161,219.5314,204.4914,219.5314,47043.39,12.0,219.5314,204.4914,219.5314,True,61850,728,26,81158
4435,1301,Visa,Debit,4164595738782783,08/2019,90,NO,1,29503,08/2014,2014,No,2014-08-01,24176,130.391845,125.571845,130.391845,24369.69,12.0,130.391845,125.571845,130.391845,False,61850,728,26,81158
3189,1301,Mastercard,Debit,5975006425756630,12/2023,551,YES,1,22297,05/2017,2017,No,2017-05-01,24209,77.78935,74.76935,77.78935,14628.7,12.0,77.78935,74.76935,77.78935,False,61850,728,26,81158
3595,1301,Visa,Debit,4420959167134444,09/2023,75,YES,1,20031,06/2015,2015,No,2015-06-01,24186,111.04002,102.26002,111.04002,20725.04,12.0,111.04002,102.26002,111.04002,False,61850,728,26,81158
4065,1399,Mastercard,Debit,5835253444174486,02/2020,308,YES,1,18162,07/2018,2018,No,2018-07-01,24223,0.0,0.0,0.0,0.0,0.0,0.0,0.0,0.0,True,40314,707,28,131348
344,1775,Mastercard,Debit,5309940542589432,02/2020,924,YES,2,17201,01/2015,2015,No,2015-01-01,24181,613.470045,603.5800449999999,613.470045,144365.09,12.0,613.470045,603.5800449999999,613.470045,True,37968,788,26,55982
2777,1673,Mastercard,Debit,5557372707231204,12/2024,434,YES,1,10794,04/2018,2018,No,2018-04-01,24220,0.0,0.0,0.0,0.0,0.0,0.0,0.0,0.0,False,34954,772,41,45456
5598,1673,Mastercard,Debit,5865546237246039,12/2019,155,YES,1,15832,11/2010,2011,No,2010-11-01,24131,0.0,0.0,0.0,0.0,0.0,0.0,0.0,0.0,False,34954,772,41,45456
3564,1024,Mastercard,Debit,5847313041147612,06/2024,574,YES,1,33103,06/2013,2013,No,2013-06-01,24162,116.789425,116.539425,116.789425,9244.85,12.0,116.789425,116.539425,116.789425,False,65573,739,66,143069
5268,1024,Mastercard,Debit,5183724144988670,11/2013,569,YES,1,31807,10/2013,2013,No,2013-10-01,24166,12.329235,12.329235,12.329235,1226.4699999999998,2.0,12.329235,12.329235,12.329235,False,65573,739,66,143069
4792,1441,Visa,Credit,4164752448797896,02/2023,24,YES,1,12500,09/2010,2012,No,2010-09-01,24129,0.0,0.0,0.0,0.0,0.0,0.0,0.0,0.0,False,48609,737,40,43520
5328,353,Mastercard,Debit (Prepaid),5962806753089588,01/2023,217,YES,1,84,10/2018,2018,No,2018-10-01,24226,0.0,0.0,0.0,0.0,0.0,0.0,0.0,0.0,True,32847,721,24,33514
2674,1758,Mastercard,Credit,5105518827174579,11/2024,883,YES,1,3800,04/2011,2011,No,2011-04-01,24136,338.56469999999996,311.2047,338.56469999999996,19322.149999999998,12.0,338.56469999999996,311.2047,338.56469999999996,False,22556,645,57,43260
3491,792,Visa,Debit (Prepaid),4073696489940421,04/2020,274,YES,2,81,06/2010,2010,No,2010-06-01,24126,0.0,0.0,0.0,0.0,0.0,0.0,0.0,0.0,True,45180,698,28,13168
374,1115,Visa,Debit,4906405312400640,02/2023,579,YES,1,9921,01/2018,2018,No,2018-01-01,24217,97.428935,96.768935,97.428935,26095.87,12.0,97.428935,96.768935,97.428935,False,30198,693,53,40950
1352,1027,Mastercard,Debit,5735792874705665,03/2023,748,NO,1,35279,02/2015,2015,No,2015-02-01,24182,47.48119,45.47119,47.48119,13084.38,12.0,47.48119,45.47119,47.48119,False,61646,693,53,0
243,11,Visa,Debit,4144574679317199,03/2024,543,YES,2,17208,01/2010,2016,No,2010-01-01,24121,111.47024499999999,111.140245,111.47024499999999,27745.489999999998,12.0,111.47024499999999,111.140245,111.47024499999999,False,67643,714,39,0
1336,11,Mastercard,Debit,5208447578218097,09/2021,126,YES,1,51012,02/2014,2014,No,2014-02-01,24170,59.60428,59.00428,59.60428,13531.56,12.0,59.60428,59.00428,59.60428,False,67643,714,39,0
5645,871,Mastercard,Debit (Prepaid),5967922448022597,10/2020,849,YES,2,91,11/2011,2012,No,2011-11-01,24143,0.0,0.0,112.21227,10528.54,12.0,0.0,0.0,112.21227,False,22650,690,86,0
3043,746,Mastercard,Debit (Prepaid),5287305063365339,07/2011,597,YES,1,93,05/2010,2010,No,2010-05-01,24125,0.0,0.0,168.312945,19707.89,12.0,0.0,0.0,168.312945,False,30288,689,63,42745
2319,746,Visa,Credit,4511050153177271,01/2016,263,YES,2,9800,03/2013,2013,No,2013-03-01,24159,286.96734,262.84734,286.96734,17782.63,12.0,286.96734,262.84734,286.96734,False,30288,689,63,42745
3492,746,Visa,Credit,4795565502176661,01/2021,731,YES,2,6700,06/2010,2011,No,2010-06-01,24126,192.61962,179.29962,192.61962,11188.09,12.0,192.61962,179.29962,192.61962,False,30288,689,63,42745
4033,1520,Discover,Credit,6113979959799077,11/2023,899,YES,1,1100,07/2015,2015,No,2015-07-01,24187,444.2985,441.0585,444.2985,25932.25,12.0,444.2985,441.0585,444.2985,False,47213,789,67,1082
2715,1520,Mastercard,Debit (Prepaid),5139150904667380,05/2016,509,YES,1,86,04/2013,2013,No,2013-04-01,24160,0.0,0.0,42.24926,4897.52,12.0,0.0,0.0,42.24926,False,47213,789,67,1082
2655,1372,Visa,Debit,4574373333053393,08/2020,742,YES,2,2330,04/2010,2011,No,2010-04-01,24124,0.0,0.0,0.0,0.0,0.0,0.0,0.0,0.0,True,28215,697,76,18116
3076,1799,Visa,Debit,4260012890373386,07/2022,447,NO,2,28127,05/2010,2010,No,2010-05-01,24125,198.33411,196.68411,198.33411,37416.22,12.0,198.33411,196.68411,198.33411,False,105515,646,32,192458
4806,1905,Amex,Credit,303639878430454,11/2022,807,YES,1,5800,09/2011,2011,No,2011-09-01,24141,68.11056,64.87056,68.11056,4627.92,12.0,163.11056000000002,159.87056,163.11056000000002,False,28489,808,36,6087
6020,130,Visa,Debit,4634979930026450,05/2012,897,YES,2,4052,12/2010,2013,No,2010-12-01,24132,0.0,0.0,0.0,0.0,0.0,0.0,0.0,0.0,False,81048,781,63,156195
4319,1155,Mastercard,Debit,5718135133841307,01/2012,915,YES,1,7612,08/2010,2011,No,2010-08-01,24128,147.23928,140.86928,147.23928,30776.56,12.0,147.23928,140.86928,147.23928,False,29494,689,83,1196
1328,1155,Visa,Credit,4973662128767227,12/2021,9,YES,2,6100,02/2013,2013,No,2013-02-01,24158,612.75888,552.27888,612.75888,36228.159999999996,12.0,612.75888,552.27888,612.75888,False,29494,689,83,1196
4831,663,Mastercard,Credit,5078189663550754,10/2024,929,YES,1,17400,09/2012,2012,No,2012-09-01,24153,685.54854,673.30854,685.54854,41163.03,12.0,685.54854,673.30854,685.54854,False,70554,655,68,39078
2733,1484,Visa,Credit,4941415000431974,11/2022,50,YES,2,12800,04/2014,2014,No,2014-04-01,24172,268.13736,211.61736,268.13736,16808.52,12.0,268.13736,211.61736,268.13736,False,57732,726,92,2261
4764,1484,Mastercard,Debit,5431173218728279,01/2020,187,NO,1,38342,09/2010,2010,No,2010-09-01,24129,53.91926,42.659259999999996,53.91926,6786.52,12.0,53.91926,42.659259999999996,53.91926,False,57732,726,92,2261
6100,607,Mastercard,Debit,5076843052683212,02/2020,969,YES,1,17336,12/2014,2014,No,2014-12-01,24180,0.0,0.0,0.0,0.0,0.0,0.0,0.0,0.0,True,42617,771,25,67590
3981,1769,Visa,Debit,4130633556245301,03/2021,268,YES,2,20206,07/2011,2011,No,2011-07-01,24139,100.352645,98.802645,100.352645,11232.29,12.0,100.352645,98.802645,100.352645,False,46031,661,75,8332
375,1769,Visa,Credit,4214195908881404,10/2023,598,YES,2,9900,01/2018,2018,No,2018-01-01,24217,177.1569,142.9569,177.1569,11192.05,12.0,177.1569,142.9569,177.1569,False,46031,661,75,8332
295,1769,Mastercard,Debit (Prepaid),5928394327706854,11/2021,853,NO,1,78,01/2012,2012,No,2012-01-01,24145,0.0,0.0,85.46682,8235.64,12.0,0.0,0.0,85.46682,False,46031,661,75,8332
5599,1769,Mastercard,Debit,5538135650340797,05/2023,623,YES,1,17335,11/2010,2010,No,2010-11-01,24131,168.30935,166.14935,168.30935,19909.7,12.0,168.30935,166.14935,168.30935,False,46031,661,75,8332
2332,698,Visa,Debit,4401743622113558,12/2014,322,YES,1,25214,03/2014,2014,No,2014-03-01,24171,0.0,0.0,0.0,0.0,0.0,0.0,0.0,0.0,False,65094,699,55,23909
2286,896,Visa,Debit,4851242738517632,04/2013,684,NO,2,1952,03/2011,2011,No,2011-03-01,24135,0.0,0.0,0.0,0.0,0.0,0.0,0.0,0.0,True,37268,626,27,50388
4336,1975,Visa,Credit,4822550416239709,02/2013,509,YES,1,9800,08/2010,2014,No,2010-08-01,24128,131.02308,125.62308,131.02308,8591.06,12.0,131.02308,125.62308,131.02308,False,38972,738,53,44098
267,645,Mastercard,Debit,5097891088528736,09/2023,447,YES,1,5857,01/2011,2012,No,2011-01-01,24133,0.0,0.0,0.0,0.0,0.0,0.0,0.0,0.0,False,26661,750,63,42667
5600,227,Mastercard,Debit,5943373604505748,04/2020,300,YES,2,29973,11/2010,2010,No,2010-11-01,24131,60.530185,60.530185,60.530185,11382.369999999999,12.0,60.530185,60.530185,60.530185,False,82295,736,48,1555
4886,227,Visa,Debit,4284210826984108,02/2020,154,YES,2,25330,09/2015,2015,No,2015-09-01,24189,43.43078,43.43078,43.43078,7404.56,12.0,43.43078,43.43078,43.43078,False,82295,736,48,1555
3543,1684,Mastercard,Debit,5287533090911331,04/2014,946,YES,1,13756,06/2012,2012,No,2012-06-01,24150,69.490735,68.75073499999999,69.490735,10045.47,12.0,69.490735,68.75073499999999,69.490735,False,27861,782,56,108313
2723,1684,Mastercard,Debit,5903499521440697,12/2024,779,YES,1,16899,04/2014,2014,No,2014-04-01,24172,66.37414,66.11413999999999,66.37414,8986.28,12.0,66.37414,66.11413999999999,66.37414,False,27861,782,56,108313
5646,1508,Mastercard,Debit (Prepaid),5868862947419305,08/2022,245,YES,1,95,11/2011,2011,No,2011-11-01,24143,0.0,0.0,53.436029999999995,4739.06,12.0,0.0,0.0,53.436029999999995,False,38999,747,66,64875
3508,1508,Amex,Credit,377302862567108,02/2024,524,YES,1,8700,06/2011,2011,No,2011-06-01,24138,85.58514,76.94514,85.58514,5056.7300000000005,12.0,180.58514,171.94513999999998,180.58514,False,38999,747,66,64875
3617,1158,Discover,Credit,6617202891382002,03/2019,499,YES,1,7800,06/2017,2017,No,2017-06-01,24210,0.0,0.0,0.0,0.0,0.0,0.0,0.0,0.0,False,33112,716,62,56040
1329,1158,Visa,Debit,4863697166227070,10/2013,748,NO,1,13761,02/2013,2013,No,2013-02-01,24158,0.0,0.0,0.0,0.0,0.0,0.0,0.0,0.0,True,33112,716,62,56040
3946,1427,Visa,Debit,4525977155603081,06/2020,662,YES,2,45377,07/2010,2011,No,2010-07-01,24127,210.64827499999998,203.538275,210.64827499999998,66703.55,12.0,210.64827499999998,203.538275,210.64827499999998,True,100880,770,34,210445
5624,724,Visa,Credit,4015255845214445,07/2022,244,YES,2,7000,11/2010,2011,No,2010-11-01,24131,156.95801999999998,148.67802,156.95801999999998,9317.89,12.0,156.95801999999998,148.67802,156.95801999999998,False,35142,731,45,107898
2656,724,Visa,Credit,4998601196255206,07/2020,12,YES,3,7100,04/2010,2010,No,2010-04-01,24124,246.18654,229.26654,246.18654,16543.03,12.0,246.18654,229.26654,246.18654,False,35142,731,45,107898
5996,543,Mastercard,Credit,5929898393818083,10/2017,671,YES,1,11800,12/2010,2011,No,2010-12-01,24132,359.70822,353.94822,359.70822,22339.79,12.0,359.70822,353.94822,359.70822,False,30721,749,43,49961
4320,543,Mastercard,Debit,5284022658441928,12/2018,405,YES,2,6832,08/2010,2015,No,2010-08-01,24128,67.31116,66.78116,67.31116,10923.32,12.0,67.31116,66.78116,67.31116,False,30721,749,43,49961
328,1950,Mastercard,Credit,5963981612717511,10/2022,871,YES,1,1200,01/2014,2014,No,2014-01-01,24169,0.0,0.0,0.0,0.0,0.0,0.0,0.0,0.0,False,22312,720,39,39445
4374,1950,Visa,Debit,4155798170380731,06/2022,512,YES,1,10903,08/2011,2011,No,2011-08-01,24140,0.0,0.0,0.0,0.0,0.0,0.0,0.0,0.0,False,22312,720,39,39445
1312,1950,Mastercard,Debit,5258035150490120,10/2021,728,YES,1,6710,02/2013,2013,No,2013-02-01,24158,0.0,0.0,0.0,0.0,0.0,0.0,0.0,0.0,False,22312,720,39,39445
5730,1950,Mastercard,Debit,5931155323451029,05/2024,580,YES,2,10841,11/2017,2017,No,2017-11-01,24215,0.0,0.0,0.0,0.0,0.0,0.0,0.0,0.0,False,22312,720,39,39445
3627,1397,Amex,Credit,339750311058511,06/2020,70,YES,2,13600,06/2018,2018,No,2018-06-01,24222,164.83896,156.91896,164.83896,10489.72,12.0,259.83896,251.91896,259.83896,False,36388,710,32,92949
3044,1397,Mastercard,Credit,5717397423380285,09/2022,862,YES,2,7700,05/2010,2010,No,2010-05-01,24125,353.26278,327.70278,353.26278,20723.71,12.0,353.26278,327.70278,353.26278,False,36388,710,32,92949
1269,873,Mastercard,Debit,5649539832197637,04/2011,892,YES,1,15521,02/2011,2011,No,2011-02-01,24134,0.0,0.0,0.0,0.0,0.0,0.0,0.0,0.0,False,45037,710,52,31792
3493,1728,Visa,Credit,4209145697099683,10/2022,498,YES,2,10900,06/2010,2013,No,2010-06-01,24126,150.84954,114.84953999999999,150.84954,8734.529999999999,12.0,150.84954,114.84953999999999,150.84954,False,38615,601,47,74337
4422,1728,Discover,Credit,6203739864158389,03/2024,288,YES,2,13900,08/2014,2014,No,2014-08-01,24176,114.67206,94.87206,114.67206,7181.67,12.0,114.67206,94.87206,114.67206,False,38615,601,47,74337
223,299,Mastercard,Debit,5541834458092370,03/2024,143,YES,1,5575,01/2010,2010,No,2010-01-01,24121,36.447375,29.707375,36.447375,9379.75,12.0,36.447375,29.707375,36.447375,False,28229,622,40,55675
2756,299,Amex,Credit,339123645701074,05/2023,369,NO,2,8300,04/2016,2016,No,2016-04-01,24196,183.10806,101.93346000000001,183.10806,11780.67,12.0,278.10806,196.93346000000003,278.10806,False,28229,622,40,55675
4414,1742,Visa,Debit,4155430243935975,10/2022,653,YES,1,24123,08/2013,2013,No,2013-08-01,24164,49.384965,46.084965,49.384965,6030.93,12.0,49.384965,46.084965,49.384965,False,50232,751,58,1218
345,1004,Mastercard,Debit,5109749812856637,08/2015,246,YES,1,17272,01/2015,2015,No,2015-01-01,24181,0.0,0.0,0.0,0.0,0.0,0.0,0.0,0.0,False,34350,705,59,61639
4915,906,Visa,Debit,4301090834057529,12/2017,718,YES,1,26850,09/2017,2017,No,2017-09-01,24213,23.262055,23.022055,23.262055,4766.11,4.0,23.262055,23.022055,23.262055,False,21154,705,75,5764
4756,110,Amex,Credit,332229278341275,10/2022,702,YES,1,16000,09/2010,2016,No,2010-09-01,24129,353.04822,335.04822,353.04822,20058.79,12.0,448.04822,430.04822,448.04822,False,52186,737,52,42852
5189,110,Mastercard,Debit,5386335706439778,01/2022,713,YES,2,13323,10/2010,2010,No,2010-10-01,24130,35.713905,35.203905,35.713905,8611.81,12.0,35.713905,35.203905,35.713905,False,52186,737,52,42852
4436,1073,Visa,Debit (Prepaid),4791246805564219,03/2016,126,YES,1,84,08/2014,2014,No,2014-08-01,24176,0.0,0.0,109.573335,16824.67,12.0,0.0,0.0,109.573335,False,35264,770,43,70328
4765,1128,Mastercard,Credit,5598634791848895,04/2023,830,YES,2,10600,09/2010,2014,No,2010-09-01,24129,96.1884,94.38839999999999,96.1884,6865.8,12.0,96.1884,94.38839999999999,96.1884,False,34606,680,47,23909
4316,1128,Amex,Credit,362084701337381,09/2020,71,YES,2,8400,08/2010,2012,No,2010-08-01,24128,71.54424,67.94424000000001,71.54424,5184.68,12.0,166.54424,162.94424,166.54424,False,34606,680,47,23909
3144,1128,Mastercard,Credit,5389873336522258,10/2022,754,YES,2,11100,05/2014,2014,No,2014-05-01,24173,46.17306,46.17306,46.17306,3211.17,12.0,46.17306,46.17306,46.17306,False,34606,680,47,23909
6128,1594,Visa,Credit,4434801834503292,09/2019,633,YES,2,5700,12/2016,2016,No,2016-12-01,24204,209.91006000000002,196.59006000000002,209.91006000000002,12945.67,12.0,209.91006000000002,196.59006000000002,209.91006000000002,False,35978,643,39,49366
3565,1594,Mastercard,Debit,5384502220541945,12/2023,809,YES,1,22420,06/2013,2013,No,2013-06-01,24162,147.92818,144.10818,147.92818,20167.36,12.0,147.92818,144.10818,147.92818,False,35978,643,39,49366
5269,1390,Mastercard,Debit,5984892227411114,03/2020,810,NO,1,46201,10/2013,2013,No,2013-10-01,24166,0.0,0.0,0.0,0.0,0.0,0.0,0.0,0.0,False,60897,850,37,85771
2657,644,Visa,Credit,4403164286544036,04/2022,303,YES,2,7700,04/2010,2010,No,2010-04-01,24124,447.0804,447.0804,447.0804,29086.8,12.0,447.0804,447.0804,447.0804,True,41963,741,58,53857
3544,1584,Mastercard,Debit,5824919835337530,10/2021,975,YES,1,14539,06/2012,2012,No,2012-06-01,24150,63.944314999999996,63.944314999999996,63.944314999999996,14264.63,12.0,63.944314999999996,63.944314999999996,63.944314999999996,False,46733,692,27,34333
6038,1584,Mastercard,Debit,5794394537016243,03/2020,830,YES,2,21723,12/2011,2011,No,2011-12-01,24144,82.405935,81.66593499999999,82.405935,23249.870000000003,12.0,82.405935,81.66593499999999,82.405935,True,46733,692,27,34333
5721,1824,Mastercard,Debit,5353021676816457,04/2022,793,YES,1,15683,11/2016,2016,No,2016-11-01,24203,0.0,0.0,0.0,0.0,0.0,0.0,0.0,0.0,True,50433,838,23,97029
3494,650,Visa,Credit,4534523963991464,11/2022,855,YES,1,3800,06/2010,2011,No,2010-06-01,24126,106.85628,68.69628,106.85628,6144.46,12.0,106.85628,68.69628,106.85628,False,24215,707,45,28552
3530,1931,Visa,Credit,4333340134035074,03/2024,27,YES,1,17300,06/2011,2011,No,2011-06-01,24138,2134.5278399999997,2088.08784,2134.5278399999997,123739.88,12.0,2134.5278399999997,2088.08784,2134.5278399999997,False,82974,503,58,181429
2258,702,Visa,Credit,4071413558241551,04/2021,58,YES,1,20100,03/2010,2017,No,2010-03-01,24123,535.56138,476.16138,535.56138,31116.41,12.0,535.56138,476.16138,535.56138,False,71103,721,46,136853
2734,918,Visa,Debit,4442346065712693,08/2023,225,YES,2,12057,04/2014,2014,No,2014-04-01,24172,113.56617,107.01617,113.56617,21094.34,12.0,113.56617,107.01617,113.56617,False,29194,703,43,10895
2743,1406,Mastercard,Debit,5597563473232224,04/2020,348,YES,1,9431,04/2015,2015,No,2015-04-01,24184,112.94982,109.82982,112.94982,8754.64,12.0,112.94982,109.82982,112.94982,False,23718,712,36,1386
5186,437,Discover,Credit,6661610009330324,09/2014,5,YES,1,17400,10/2010,2013,No,2010-10-01,24130,566.5041,562.9041,566.5041,34506.45,12.0,566.5041,562.9041,566.5041,False,72670,718,46,28915
3566,891,Mastercard,Debit,5128543726124447,12/2018,303,YES,1,11037,06/2013,2013,No,2013-06-01,24162,76.60029,76.08028999999999,76.60029,11414.58,12.0,76.60029,76.08028999999999,76.60029,False,34854,746,38,40722
4321,891,Mastercard,Debit,5895478812166500,01/2024,598,YES,2,8212,08/2010,2011,No,2010-08-01,24128,68.77494,68.00494,68.77494,9826.88,12.0,68.77494,68.00494,68.77494,False,34854,746,38,40722
365,701,Amex,Credit,302701760602871,09/2019,163,NO,2,11800,01/2018,2018,No,2018-01-01,24217,0.0,0.0,0.0,0.0,0.0,95.0,95.0,95.0,True,53984,701,28,76118
3924,1147,Discover,Credit,6275110784130495,09/2022,286,YES,2,21800,07/2010,2011,No,2010-07-01,24127,930.53718,809.93718,930.53718,57646.51,12.0,930.53718,809.93718,930.53718,False,104692,704,80,6955
2273,1664,Discover,Credit,6611325354970095,12/2019,708,NO,2,21900,03/2011,2011,No,2011-03-01,24135,426.69594,374.85594000000003,426.69594,27362.33,12.0,426.69594,374.85594000000003,426.69594,False,69566,791,38,50003
5601,1009,Mastercard,Debit,5103189398605024,01/2023,278,YES,1,9902,11/2010,2012,No,2010-11-01,24131,48.803664999999995,47.043665,48.803664999999995,5946.33,12.0,48.803664999999995,47.043665,48.803664999999995,False,28733,702,41,0
4766,1341,Mastercard,Credit,5742718738269550,08/2023,363,YES,1,6300,09/2010,2010,No,2010-09-01,24129,225.02034,219.98034,225.02034,13180.13,12.0,225.02034,219.98034,225.02034,False,30349,686,87,2985
4394,1341,Visa,Debit,4454576588239754,12/2022,519,YES,1,22474,08/2012,2012,No,2012-08-01,24152,92.804215,90.73421499999999,92.804215,12568.43,12.0,92.804215,90.73421499999999,92.804215,False,30349,686,87,2985
4054,563,Mastercard,Credit,5261546733039060,06/2022,897,YES,2,6100,07/2017,2017,No,2017-07-01,24211,445.84344,403.72344000000004,445.84344,26760.08,12.0,445.84344,403.72344000000004,445.84344,False,49531,737,70,6707
2760,563,Mastercard,Debit,5607545663588371,06/2022,320,YES,1,18241,04/2016,2016,No,2016-04-01,24196,122.670635,119.620635,122.670635,19270.27,12.0,122.670635,119.620635,122.670635,False,49531,737,70,6707
1353,963,Mastercard,Credit,5011729300918944,10/2020,29,YES,1,6500,02/2015,2015,No,2015-02-01,24182,463.01778,397.13778,463.01778,33249.21,12.0,463.01778,397.13778,463.01778,True,41714,687,24,54541
2297,1586,Mastercard,Credit,5991530949395987,07/2015,711,YES,1,5700,03/2012,2012,No,2012-03-01,24147,350.0577,320.1777,350.0577,21188.65,12.0,350.0577,320.1777,350.0577,False,56640,672,43,104134
6051,1586,Visa,Credit,4442371694432270,11/2022,200,YES,1,11800,12/2011,2011,No,2011-12-01,24144,392.66892,381.50892,392.66892,23482.940000000002,12.0,392.66892,381.50892,392.66892,False,56640,672,43,104134
1365,1586,Mastercard,Debit,5891506977538040,02/2021,906,YES,2,17587,02/2016,2016,No,2016-02-01,24194,153.97367,151.86366999999998,153.97367,32796.34,12.0,153.97367,151.86366999999998,153.97367,False,56640,672,43,104134
6021,719,Visa,Credit,4682446350562811,08/2023,554,YES,1,13900,12/2010,2010,No,2010-12-01,24132,390.5541,321.07410000000004,390.5541,23984.45,12.0,390.5541,321.07410000000004,390.5541,False,50139,767,53,109623
2761,1814,Mastercard,Debit,5333200083950497,07/2016,47,YES,1,17895,04/2016,2016,No,2016-04-01,24196,0.0,0.0,0.0,0.0,0.0,0.0,0.0,0.0,False,32856,703,41,26535
4375,1814,Visa,Debit (Prepaid),4790335686286667,01/2022,921,YES,1,59,08/2011,2011,No,2011-08-01,24140,0.0,0.0,0.0,0.0,0.0,0.0,0.0,0.0,False,32856,703,41,26535
2298,1723,Mastercard,Debit (Prepaid),5000674775470352,10/2016,358,YES,2,74,03/2012,2012,No,2012-03-01,24147,0.0,0.0,66.78977499999999,8877.55,12.0,0.0,0.0,66.78977499999999,False,36080,839,41,80443
2683,229,Visa,Debit,4909457460257161,03/2020,892,NO,1,20827,04/2011,2011,No,2011-04-01,24136,161.361775,154.28177499999998,161.361775,23128.55,12.0,161.361775,154.28177499999998,161.361775,False,59248,725,35,173887
5190,1512,Mastercard,Debit,5568328410834839,12/2020,811,YES,1,28864,10/2010,2013,No,2010-10-01,24130,30.565955,29.505955,30.565955,4348.91,12.0,30.565955,29.505955,30.565955,False,67008,778,44,81402
4425,1543,Mastercard,Debit,5125741393893480,08/2022,13,YES,2,47709,08/2014,2014,No,2014-08-01,24176,140.7406,140.7406,140.7406,27167.2,12.0,140.7406,140.7406,140.7406,False,105963,684,31,106266
4473,1543,Visa,Debit,4559874462694124,08/2024,810,YES,2,39389,08/2018,2018,No,2018-08-01,24224,149.15838499999998,149.15838499999998,149.15838499999998,28190.77,12.0,149.15838499999998,149.15838499999998,149.15838499999998,False,105963,684,31,106266
2634,147,Mastercard,Credit,5890900416850846,08/2021,152,YES,1,18000,04/2010,2010,No,2010-04-01,24124,611.58438,512.58438,611.58438,38974.91,12.0,611.58438,512.58438,611.58438,False,56383,800,30,130152
2782,1828,Visa,Debit,4054167228117852,07/2023,695,YES,2,974,04/2018,2018,No,2018-04-01,24220,0.0,0.0,0.0,0.0,0.0,0.0,0.0,0.0,False,2466,711,50,5521
3090,1828,Mastercard,Debit,5513112349725580,07/2020,255,YES,2,1212,05/2011,2011,No,2011-05-01,24137,0.0,0.0,0.0,0.0,0.0,0.0,0.0,0.0,True,2466,711,50,5521
2783,29,Visa,Credit,4794836039067049,02/2021,764,YES,1,2700,04/2018,2018,No,2018-04-01,24220,0.0,0.0,0.0,0.0,0.0,0.0,0.0,0.0,False,27358,665,68,13557
3045,29,Mastercard,Debit,5345212200076229,08/2022,387,YES,1,16113,05/2010,2010,No,2010-05-01,24125,0.0,0.0,0.0,0.0,0.0,0.0,0.0,0.0,True,27358,665,68,13557
1239,171,Visa,Debit,4548390986370918,10/2021,555,YES,2,21022,02/2010,2011,No,2010-02-01,24122,156.477235,148.677235,156.477235,53371.47,12.0,156.477235,148.677235,156.477235,False,49577,694,43,142314
2359,1314,Visa,Credit,4333294773814550,08/2017,973,YES,1,15000,03/2016,2016,No,2016-03-01,24195,529.54902,501.10902,529.54902,30962.39,12.0,529.54902,501.10902,529.54902,False,39404,723,43,71859
3162,1314,Mastercard,Debit,5946312773938308,10/2015,291,YES,1,12605,05/2015,2015,No,2015-05-01,24185,111.37276499999999,108.182765,111.37276499999999,21594.53,6.0,111.37276499999999,108.182765,111.37276499999999,False,39404,723,43,71859
2767,1560,Mastercard,Debit,5489055781970216,06/2021,833,YES,1,15492,04/2017,2017,No,2017-04-01,24208,72.855465,67.755465,72.855465,13748.93,12.0,72.855465,67.755465,72.855465,False,18452,741,61,16827
2635,613,Mastercard,Debit,5946607095736678,02/2020,861,YES,2,18764,04/2010,2014,No,2010-04-01,24124,81.935465,80.925465,81.935465,10180.93,12.0,81.935465,80.925465,81.935465,False,56562,712,39,111495
2778,346,Mastercard,Debit,5447315840545678,06/2020,843,YES,1,37318,04/2018,2018,No,2018-04-01,24220,25.066755,23.976755,25.066755,5713.51,12.0,25.066755,23.976755,25.066755,False,48580,687,90,1785
5256,812,Discover,Credit,6107025095995916,01/2020,870,YES,1,2400,10/2012,2012,No,2012-10-01,24154,0.0,0.0,0.0,0.0,0.0,0.0,0.0,0.0,True,41469,659,41,119423
4862,13,Visa,Credit,4846797588329543,05/2019,143,NO,2,3500,09/2013,2013,No,2013-09-01,24165,141.1884,135.4284,141.1884,8811.8,12.0,141.1884,135.4284,141.1884,False,32378,588,52,65919
6084,602,Mastercard,Debit,5931695374662431,05/2021,894,YES,1,24739,12/2013,2013,No,2013-12-01,24168,67.868175,65.998175,67.868175,11077.35,12.0,67.868175,65.998175,67.868175,False,34437,681,57,0
3982,602,Visa,Credit,4509798381757686,11/2021,529,YES,1,9500,07/2011,2016,No,2011-07-01,24139,529.50636,452.46636,529.50636,32895.020000000004,12.0,529.50636,452.46636,529.50636,False,34437,681,57,0
346,657,Mastercard,Debit,5507324126094429,02/2021,373,YES,1,15331,01/2015,2015,No,2015-01-01,24181,77.474385,76.504385,77.474385,15897.77,12.0,77.474385,76.504385,77.474385,False,33897,705,83,533
4013,657,Visa,Debit,4634300017755186,04/2014,37,YES,1,22861,07/2013,2013,No,2013-07-01,24163,63.409555,61.189555,63.409555,12341.11,10.0,63.409555,61.189555,63.409555,False,33897,705,83,533
5232,909,Mastercard,Debit,5829712075231650,06/2022,538,YES,1,5204,10/2011,2013,No,2011-10-01,24142,178.81925999999999,177.042195,178.81925999999999,40269.520000000004,12.0,178.81925999999999,177.042195,178.81925999999999,False,49023,583,38,66148
3926,1267,Mastercard,Debit,5781287562576118,10/2011,834,YES,2,23152,07/2010,2010,No,2010-07-01,24127,37.680635,33.920635,37.680635,12144.27,12.0,37.680635,33.920635,37.680635,False,31912,630,81,2182
4832,411,Mastercard,Debit (Prepaid),5533776724641365,10/2017,834,YES,2,59,09/2012,2012,No,2012-09-01,24153,0.0,0.0,0.0,0.0,0.0,0.0,0.0,0.0,True,37521,775,30,65701
3623,350,Visa,Debit,4879859310850635,03/2024,878,YES,2,19256,06/2017,2017,No,2017-06-01,24210,74.22557,73.15557,74.22557,14630.14,12.0,74.22557,73.15557,74.22557,False,58463,737,62,141151
318,1323,Visa,Credit,4498891346944005,02/2020,734,YES,2,8700,01/2013,2013,No,2013-01-01,24157,559.00368,248.32368000000002,559.00368,33745.76,12.0,559.00368,248.32368000000002,559.00368,False,31414,719,36,42233
3993,1323,Mastercard,Debit,5376527370326171,09/2023,565,YES,1,19267,07/2012,2012,No,2012-07-01,24151,103.08412,69.06412,103.08412,20188.239999999998,12.0,103.08412,69.06412,103.08412,False,31414,719,36,42233
4389,421,Mastercard,Debit,5803489621102604,12/2021,503,YES,1,33070,08/2012,2012,No,2012-08-01,24152,92.62017999999999,92.62017999999999,92.62017999999999,10752.36,12.0,92.62017999999999,92.62017999999999,92.62017999999999,False,45876,790,53,58252
6101,421,Mastercard,Debit,5865665247394120,08/2024,626,YES,2,16094,12/2014,2014,No,2014-12-01,24180,67.406605,67.176605,67.406605,7251.21,12.0,67.406605,67.176605,67.406605,False,45876,790,53,58252
2636,223,Mastercard,Debit,5287664021778796,06/2012,973,YES,2,16647,04/2010,2012,No,2010-04-01,24124,0.0,0.0,0.0,0.0,0.0,0.0,0.0,0.0,False,58637,803,37,87340
5682,223,Amex,Credit,315285408349939,12/2022,695,YES,1,8600,11/2013,2013,No,2013-11-01,24167,0.0,0.0,0.0,0.0,0.0,95.0,95.0,95.0,False,58637,803,37,87340
268,223,Mastercard,Credit,5682154590913954,11/2012,9,YES,3,15900,01/2011,2011,No,2011-01-01,24133,0.0,0.0,0.0,0.0,0.0,0.0,0.0,0.0,False,58637,803,37,87340
296,1402,Mastercard,Credit,5190611696772114,10/2018,920,YES,2,25300,01/2012,2012,No,2012-01-01,24145,0.0,0.0,0.0,0.0,0.0,0.0,0.0,0.0,True,96574,590,35,265319
2299,1402,Mastercard,Debit,5690418496059242,07/2022,216,YES,1,35299,03/2012,2012,No,2012-03-01,24147,0.0,0.0,0.0,0.0,0.0,0.0,0.0,0.0,False,96574,590,35,265319
4902,354,Amex,Credit,397099721312783,08/2023,647,YES,1,9000,09/2017,2017,No,2017-09-01,24213,320.76234,283.68234,320.76234,20362.13,12.0,415.76234,378.68234,415.76234,False,31942,713,77,11845
3168,354,Visa,Debit,4298702562718334,01/2021,595,YES,1,15206,05/2015,2015,No,2015-05-01,24185,53.718605,51.458605,53.718605,10737.210000000001,12.0,53.718605,51.458605,53.718605,False,31942,713,77,11845
4907,314,Mastercard,Credit,5408809633056349,10/2020,504,YES,2,19800,09/2017,2017,No,2017-09-01,24213,0.0,0.0,0.0,0.0,0.0,0.0,0.0,0.0,True,57927,557,27,87736
3983,586,Visa,Credit,4095430974536550,03/2021,614,YES,2,20300,07/2011,2011,No,2011-07-01,24139,453.49308,350.53308,453.49308,26596.059999999998,12.0,453.49308,350.53308,453.49308,True,46864,751,37,58954
3124,586,Visa,Debit,4957920148379718,11/2022,577,YES,1,30952,05/2012,2012,No,2012-05-01,24149,135.50269,130.74268999999998,135.50269,15842.380000000001,12.0,135.50269,130.74268999999998,135.50269,False,46864,751,37,58954
3927,1529,Mastercard,Debit,5179211547158075,12/2020,46,YES,1,61324,07/2010,2011,No,2010-07-01,24127,135.49934,132.30934,135.49934,29350.68,12.0,135.49934,132.30934,135.49934,False,76305,692,51,112785
2326,1596,Mastercard,Debit,5589671096121830,10/2016,536,YES,1,16398,03/2014,2014,No,2014-03-01,24171,111.45851499999999,110.008515,111.45851499999999,27762.03,12.0,111.45851499999999,110.008515,111.45851499999999,False,31772,734,42,17286
2637,1596,Mastercard,Debit (Prepaid),5871381416815409,07/2021,254,YES,1,59,04/2010,2010,No,2010-04-01,24124,0.0,0.0,106.36788999999999,14120.130000000001,12.0,0.0,0.0,106.36788999999999,False,31772,734,42,17286
4875,887,Visa,Credit,4779198537003941,11/2022,322,YES,2,6500,09/2014,2014,No,2014-09-01,24177,0.0,0.0,0.0,0.0,0.0,0.0,0.0,0.0,False,53287,816,55,51026
5997,887,Mastercard,Credit,5925601743609258,07/2020,209,YES,1,13900,12/2010,2010,No,2010-12-01,24132,0.0,0.0,0.0,0.0,0.0,0.0,0.0,0.0,False,53287,816,55,51026
4006,1425,Mastercard,Debit (Prepaid),5686159789271662,11/2015,950,YES,2,100,07/2013,2013,No,2013-07-01,24163,0.0,0.0,31.048005,4255.01,12.0,0.0,0.0,31.048005,False,19225,809,88,1644
5248,1576,Visa,Debit,4736934707075232,03/2023,978,YES,1,15807,10/2011,2011,No,2011-10-01,24142,71.904845,66.254845,71.904845,20375.690000000002,12.0,71.904845,66.254845,71.904845,False,36764,712,88,839
2658,1268,Visa,Credit,4636984888214448,04/2018,380,YES,2,5900,04/2010,2010,No,2010-04-01,24124,177.32988,157.16988,177.32988,11393.66,12.0,177.32988,157.16988,177.32988,False,29597,513,47,44388
3575,145,Mastercard,Credit,5703815520417524,07/2020,263,YES,2,2000,06/2014,2014,No,2014-06-01,24174,162.17064,162.17064,162.17064,10719.48,12.0,162.17064,162.17064,162.17064,False,25334,696,58,182
4058,145,Visa,Debit,4446819957867131,06/2020,232,YES,2,15240,07/2017,2017,No,2017-07-01,24211,102.238805,102.238805,102.238805,11328.61,12.0,102.238805,102.238805,102.238805,False,25334,696,58,182
4876,1424,Visa,Debit (Prepaid),4035809761172506,08/2021,400,YES,1,84,09/2014,2014,No,2014-09-01,24177,0.0,0.0,166.26163499999998,32134.27,12.0,0.0,0.0,166.26163499999998,False,15348,761,101,1396
3046,1424,Mastercard,Credit,5474945486540306,06/2015,533,YES,2,8300,05/2010,2015,No,2010-05-01,24125,261.0801,229.7601,261.0801,27434.45,12.0,261.0801,229.7601,261.0801,False,15348,761,101,1396
5625,427,Visa,Debit,4360960084502821,12/2010,641,YES,1,11739,11/2010,2011,No,2010-11-01,24131,20.63994,20.169939999999997,20.63994,3841.88,2.0,20.63994,20.169939999999997,20.63994,True,32527,705,44,74331
269,427,Mastercard,Debit (Prepaid),5533615337478093,09/2022,743,YES,1,79,01/2011,2011,No,2011-01-01,24133,0.0,0.0,88.32372,11472.44,12.0,0.0,0.0,88.32372,False,32527,705,44,74331
4819,427,Visa,Debit,4123364464470592,11/2024,574,YES,1,11093,09/2011,2011,No,2011-09-01,24141,104.065355,100.19535499999999,104.065355,29471.71,12.0,104.065355,100.19535499999999,104.065355,False,32527,705,44,74331
5210,684,Visa,Debit,4623790856154791,08/2022,42,YES,2,20447,10/2010,2016,No,2010-10-01,24130,55.884485,52.884485,55.884485,9433.97,12.0,55.884485,52.884485,55.884485,True,44170,661,51,90049
3088,684,Discover,Credit,6219867119924889,11/2022,425,YES,2,8800,05/2011,2011,No,2011-05-01,24137,244.48932000000002,236.92932000000002,244.48932000000002,15849.74,12.0,244.48932000000002,236.92932000000002,244.48932000000002,False,44170,661,51,90049
2768,684,Mastercard,Debit,5762936498559213,04/2023,657,YES,1,13946,04/2017,2017,No,2017-04-01,24208,26.316665,25.136665,26.316665,3725.33,12.0,26.316665,25.136665,26.316665,False,44170,661,51,90049
6022,684,Visa,Debit,4941352079368761,07/2020,963,NO,2,25529,12/2010,2010,No,2010-12-01,24132,48.446075,46.566075,48.446075,6346.150000000001,12.0,48.446075,46.566075,48.446075,False,44170,661,51,90049
4474,684,Visa,Debit (Prepaid),4537642289527032,12/2022,450,YES,1,61,08/2018,2018,No,2018-08-01,24224,0.0,0.0,15.603325,1147.65,12.0,0.0,0.0,15.603325,False,44170,661,51,90049
4908,684,Mastercard,Debit,5726295152230615,02/2022,912,YES,2,17536,09/2017,2017,No,2017-09-01,24213,21.637895,20.467895,21.637895,2609.79,12.0,21.637895,20.467895,21.637895,False,44170,661,51,90049
334,684,Visa,Debit,4439425587555219,03/2015,568,YES,2,20770,01/2014,2014,No,2014-01-01,24169,30.257915,28.407915,30.257915,3988.83,12.0,30.257915,28.407915,30.257915,False,44170,661,51,90049
1337,1300,Mastercard,Debit,5280939323100579,07/2023,909,YES,1,10691,02/2014,2014,No,2014-02-01,24170,94.838965,94.09896499999999,94.838965,8582.93,12.0,94.838965,94.09896499999999,94.838965,False,23092,752,58,20545
4359,1669,Mastercard,Credit,5445286323617902,12/2022,212,YES,2,5000,08/2011,2011,No,2011-08-01,24140,229.09788,218.29788,229.09788,14044.66,12.0,229.09788,218.29788,229.09788,False,51454,698,44,151162
6097,1669,Amex,Credit,368765630381398,06/2018,731,YES,2,11400,12/2014,2014,No,2014-12-01,24180,209.48868,203.36867999999998,209.48868,12145.26,12.0,304.48868,298.36868,304.48868,False,51454,698,44,151162
1204,1518,Discover,Credit,6183952528759947,12/2022,831,YES,2,16800,02/2010,2015,No,2010-02-01,24122,260.83853999999997,241.39854,260.83853999999997,15839.029999999999,12.0,260.83853999999997,241.39854,260.83853999999997,False,37785,745,62,81500
6083,1518,Discover,Credit,6675475462886914,10/2022,64,YES,1,7100,12/2013,2013,No,2013-12-01,24168,196.25057999999999,178.25057999999999,196.25057999999999,12458.81,12.0,196.25057999999999,178.25057999999999,196.25057999999999,False,37785,745,62,81500
3967,1591,Mastercard,Debit,5362951145456228,12/2024,818,YES,2,17332,07/2011,2012,No,2011-07-01,24139,104.521,104.051,104.521,14610.0,12.0,104.521,104.051,104.521,False,33717,698,58,58236
5249,675,Visa,Credit,4786002952683429,03/2022,965,YES,1,9300,10/2011,2011,No,2011-10-01,24142,236.78136,220.58136,236.78136,15625.52,12.0,236.78136,220.58136,236.78136,True,35489,724,40,91995
4454,675,Discover,Credit,6210885893076470,06/2021,895,YES,2,8000,08/2016,2016,No,2016-08-01,24200,90.30492,87.78492,90.30492,5448.9400000000005,12.0,90.30492,87.78492,90.30492,False,35489,724,40,91995
4020,675,Mastercard,Debit,5965800518603810,09/2021,609,NO,1,11194,07/2014,2014,No,2014-07-01,24175,65.27928,62.49928,65.27928,9813.56,12.0,65.27928,62.49928,65.27928,False,35489,724,40,91995
5261,675,Visa,Debit,4331686299440629,04/2023,525,YES,2,12754,10/2012,2012,No,2012-10-01,24154,133.64067,127.13067,133.64067,19300.34,12.0,133.64067,127.13067,133.64067,False,35489,724,40,91995
5250,675,Visa,Credit,4765714337874836,08/2024,983,YES,1,9700,10/2011,2013,No,2011-10-01,24142,217.83708,202.71708,217.83708,13846.060000000001,12.0,217.83708,202.71708,217.83708,True,35489,724,40,91995
3116,577,Mastercard,Debit,5591077047400631,09/2020,615,YES,1,17936,05/2012,2012,No,2012-05-01,24149,159.19021,152.40021,159.19021,20061.42,12.0,159.19021,152.40021,159.19021,False,33106,763,28,108695
2627,577,Amex,Credit,313916461304111,01/2021,852,YES,1,8500,04/2010,2011,No,2010-04-01,24124,609.87168,537.15168,609.87168,36309.76,12.0,704.87168,632.15168,704.87168,True,33106,763,28,108695
302,854,Visa,Debit,4120824887309572,06/2023,110,YES,1,24826,01/2012,2012,No,2012-01-01,24145,0.0,0.0,0.0,0.0,0.0,0.0,0.0,0.0,True,59699,688,26,71110
3515,1227,Mastercard,Debit (Prepaid),5072595305260459,01/2021,519,YES,1,67,06/2011,2011,No,2011-06-01,24138,0.0,0.0,133.79089,8584.78,12.0,0.0,0.0,133.79089,False,67344,804,65,7049
3545,1227,Mastercard,Credit,5923231174018252,11/2021,392,YES,2,13500,06/2012,2012,No,2012-06-01,24150,307.58832,206.06832,307.58832,18347.24,12.0,307.58832,206.06832,307.58832,False,67344,804,65,7049
2310,1227,Mastercard,Debit,5851845913045150,09/2023,71,YES,1,27132,03/2013,2013,No,2013-03-01,24159,103.33954,97.88954,103.33954,17931.08,12.0,103.33954,97.88954,103.33954,False,67344,804,65,7049
5602,840,Mastercard,Debit,5023863713584517,12/2024,457,YES,2,10400,11/2010,2013,No,2010-11-01,24131,94.300865,70.760865,94.300865,48947.729999999996,12.0,94.300865,70.760865,94.300865,False,88432,694,68,63075
3633,840,Visa,Credit,4115686759373550,11/2019,996,YES,2,17100,06/2018,2018,No,2018-06-01,24222,2306.98818,1816.30818,2306.98818,133357.01,12.0,2306.98818,1816.30818,2306.98818,False,88432,694,68,63075
3091,733,Mastercard,Debit,5904146428140246,12/2020,277,YES,2,2656,05/2011,2015,No,2011-05-01,24137,89.328525,71.00852499999999,89.328525,20901.05,12.0,89.328525,71.00852499999999,89.328525,False,53138,606,36,153374
4767,454,Mastercard,Debit,5776356381459188,10/2010,394,YES,1,19970,09/2010,2010,No,2010-09-01,24129,0.0,0.0,0.0,0.0,0.0,0.0,0.0,0.0,False,38523,751,88,49
5735,454,Mastercard,Debit,5723126586825335,05/2024,268,YES,1,31199,11/2018,2018,No,2018-11-01,24227,0.0,0.0,0.0,0.0,0.0,0.0,0.0,0.0,False,38523,751,88,49
5287,454,Mastercard,Debit,5826782239602490,10/2014,629,YES,2,18491,10/2014,2014,No,2014-10-01,24178,0.0,0.0,0.0,0.0,0.0,0.0,0.0,0.0,False,38523,751,88,49
3968,1610,Mastercard,Debit,5678294553512479,08/2022,15,YES,1,8580,07/2011,2011,No,2011-07-01,24139,187.196505,137.446505,187.196505,21033.01,12.0,187.196505,137.446505,187.196505,False,27967,690,42,50159
1299,108,Mastercard,Debit,5085144478543466,05/2021,100,YES,2,14321,02/2012,2012,No,2012-02-01,24146,0.0,0.0,0.0,0.0,0.0,0.0,0.0,0.0,False,38142,768,50,0
4070,108,Visa,Debit,4814031516576169,12/2020,804,YES,2,14488,07/2018,2018,No,2018-07-01,24223,0.0,0.0,0.0,0.0,0.0,0.0,0.0,0.0,False,38142,768,50,0
6023,780,Visa,Debit (Prepaid),4129989012910230,07/2021,8,YES,2,43,12/2010,2011,No,2010-12-01,24132,0.0,0.0,124.730125,18859.25,12.0,0.0,0.0,124.730125,True,58378,652,74,73124
1375,1340,Visa,Debit,4249908788734063,07/2024,892,YES,2,36546,02/2017,2017,No,2017-02-01,24206,113.78591999999999,110.37592,113.78591999999999,37248.84,12.0,113.78591999999999,110.37592,113.78591999999999,False,53872,691,53,64269
6035,1340,Amex,Credit,394844235507928,09/2023,682,YES,2,11200,12/2011,2011,No,2011-12-01,24144,1118.1276,1086.4476,1118.1276,63706.2,12.0,1213.1276,1181.4476,1213.1276,False,53872,691,53,64269
1240,247,Visa,Debit,4045887901142827,07/2013,54,YES,2,24968,02/2010,2010,No,2010-02-01,24122,79.729095,78.229095,79.729095,17878.19,12.0,79.729095,78.229095,79.729095,False,54587,761,49,69070
5191,247,Mastercard,Debit,5047582065725201,07/2021,601,YES,2,12852,10/2010,2012,No,2010-10-01,24130,65.59368,64.83368,65.59368,15462.36,12.0,65.59368,64.83368,65.59368,False,54587,761,49,69070
5647,1927,Mastercard,Debit,5796139864739324,05/2018,474,YES,2,12194,11/2011,2011,No,2011-11-01,24143,0.0,0.0,0.0,0.0,0.0,0.0,0.0,0.0,True,35199,739,28,68569
3923,1382,Amex,Credit,302128691810206,11/2021,236,YES,1,9000,07/2010,2015,No,2010-07-01,24127,373.39956,354.31956,373.39956,31666.42,12.0,468.39956,449.31956,468.39956,False,25883,706,58,44404
5262,1382,Visa,Credit,4371359117883353,05/2022,931,YES,2,1900,10/2012,2012,No,2012-10-01,24154,221.44428,211.36427999999998,221.44428,18515.46,12.0,221.44428,211.36427999999998,221.44428,False,25883,706,58,44404
1210,1217,Mastercard,Debit,5228295335343438,03/2011,82,NO,1,23907,02/2010,2010,No,2010-02-01,24122,43.33481,40.58481,43.33481,11631.619999999999,12.0,43.33481,40.58481,43.33481,False,44992,785,59,53368
4322,514,Mastercard,Debit,5304746158026153,08/2013,249,YES,1,9614,08/2010,2010,No,2010-08-01,24128,59.019945,59.019945,59.019945,9069.89,12.0,59.019945,59.019945,59.019945,False,32295,698,58,72357
3125,232,Visa,Debit,4247339520232396,07/2022,598,YES,1,24401,05/2012,2012,No,2012-05-01,24149,0.0,0.0,0.0,0.0,0.0,0.0,0.0,0.0,False,69159,786,57,135111
244,1206,Visa,Debit,4866080343433203,05/2010,1,YES,2,41205,01/2010,2010,No,2010-01-01,24121,0.0,0.0,0.0,0.0,0.0,0.0,0.0,0.0,False,87030,727,34,161964
4469,1276,Mastercard,Debit,5785225381364914,04/2022,851,YES,1,17688,08/2018,2018,No,2018-08-01,24224,32.49345,30.51345,32.49345,7623.9,12.0,32.49345,30.51345,32.49345,False,41793,730,82,1141
3495,875,Visa,Credit,4016664416211109,05/2024,840,YES,1,7600,06/2010,2010,No,2010-06-01,24126,156.97242,156.97242,156.97242,10476.69,12.0,156.97242,156.97242,156.97242,False,41907,728,39,87163
2684,1546,Visa,Debit,4483206793672492,06/2024,339,YES,2,19015,04/2011,2011,No,2011-04-01,24136,43.560115,43.560115,43.560115,7359.2300000000005,12.0,43.560115,43.560115,43.560115,False,40336,668,48,144284
245,1546,Visa,Debit,4030476430498489,07/2013,437,YES,2,2181,01/2010,2011,No,2010-01-01,24121,93.23154,92.73154,93.23154,16323.08,12.0,93.23154,92.73154,93.23154,False,40336,668,48,144284
6024,1546,Visa,Debit (Prepaid),4985729409791181,07/2011,408,YES,2,78,12/2010,2011,No,2010-12-01,24132,0.0,0.0,23.14292,3015.84,8.0,0.0,0.0,23.14292,False,40336,668,48,144284
4390,519,Mastercard,Debit (Prepaid),5483130582779116,05/2020,139,YES,2,65,08/2012,2012,No,2012-08-01,24152,0.0,0.0,55.90736,3680.72,12.0,0.0,0.0,55.90736,False,39508,770,57,18870
3555,519,Visa,Debit (Prepaid),4031459906447373,04/2018,0,YES,1,72,06/2012,2012,No,2012-06-01,24150,0.0,0.0,56.75262,3943.2400000000002,12.0,0.0,0.0,56.75262,False,39508,770,57,18870
3173,519,Mastercard,Debit,5608799929769385,01/2024,653,YES,2,18526,05/2016,2016,No,2016-05-01,24197,65.03365,65.03365,65.03365,11065.3,12.0,65.03365,65.03365,65.03365,False,39508,770,57,18870
5211,1133,Visa,Debit,4332848097947146,05/2019,247,YES,2,12512,10/2010,2012,No,2010-10-01,24130,67.588225,61.648225,67.588225,11694.45,12.0,67.588225,61.648225,67.588225,False,46599,684,30,12700
3155,710,Visa,Credit,4977439177902709,10/2023,725,YES,1,1300,05/2014,2014,No,2014-05-01,24173,0.0,0.0,0.0,0.0,0.0,0.0,0.0,0.0,False,52397,729,60,72810
4395,710,Visa,Debit,4083830555953344,09/2019,35,YES,1,40984,08/2012,2012,No,2012-08-01,24152,0.0,0.0,0.0,0.0,0.0,0.0,0.0,0.0,False,52397,729,60,72810
5233,582,Mastercard,Debit,5000642222050149,01/2016,949,YES,1,19536,10/2011,2014,No,2011-10-01,24142,112.85641999999999,99.58642,112.85641999999999,32255.84,12.0,112.85641999999999,99.58642,112.85641999999999,False,39222,583,53,66559
3634,582,Visa,Credit,4880127142903322,05/2024,582,NO,2,12500,06/2018,2018,No,2018-06-01,24222,523.94724,467.06724,523.94724,32078.18,12.0,523.94724,467.06724,523.94724,False,39222,583,53,66559
6131,821,Amex,Credit,340249970172495,07/2024,789,YES,1,3900,12/2017,2017,No,2017-12-01,24216,122.49575999999999,122.49575999999999,122.49575999999999,8487.32,12.0,217.49576,217.49576,217.49576,False,18015,645,73,10463
4807,1997,Mastercard,Debit,5974521557482725,08/2020,89,YES,1,25048,09/2011,2011,No,2011-09-01,24141,20.355245,19.535245,20.355245,5117.49,12.0,20.355245,19.535245,20.355245,False,38800,758,76,25867
1378,258,Mastercard,Debit,5200497031723077,11/2021,790,YES,1,21726,02/2018,2018,No,2018-02-01,24218,0.0,0.0,0.0,0.0,0.0,0.0,0.0,0.0,False,29622,694,51,17385
3197,258,Visa,Debit,4410595521974956,08/2020,468,YES,1,15063,05/2017,2017,No,2017-05-01,24209,0.0,0.0,0.0,0.0,0.0,0.0,0.0,0.0,True,29622,694,51,17385
3613,851,Visa,Credit,4453479289853591,01/2020,438,YES,2,8100,06/2016,2016,No,2016-06-01,24198,250.94178,190.82178000000002,250.94178,15400.210000000001,12.0,250.94178,190.82178000000002,250.94178,False,31399,757,88,2528
1241,851,Visa,Credit,4484651040009268,04/2023,400,YES,2,8900,02/2010,2010,No,2010-02-01,24122,478.77119999999996,389.8512,478.77119999999996,30611.4,12.0,478.77119999999996,389.8512,478.77119999999996,False,31399,757,88,2528
3188,1951,Discover,Credit,6059981259285361,08/2024,661,YES,1,8000,05/2017,2017,No,2017-05-01,24209,0.0,0.0,0.0,0.0,0.0,0.0,0.0,0.0,False,63355,708,48,0
4337,972,Visa,Credit,4613780379002622,10/2021,881,YES,1,15800,08/2010,2012,No,2010-08-01,24128,431.90693999999996,411.02693999999997,431.90693999999996,35961.83,12.0,431.90693999999996,411.02693999999997,431.90693999999996,False,50177,681,35,101323
6052,972,Visa,Credit,4349828024185765,11/2020,209,YES,1,16800,12/2011,2011,No,2011-12-01,24144,212.78232,195.50232,212.78232,17317.24,12.0,212.78232,195.50232,212.78232,False,50177,681,35,101323
5689,972,Visa,Credit,4030101439693866,12/2022,924,NO,2,2600,11/2013,2013,No,2013-11-01,24167,115.49789999999999,101.8179,115.49789999999999,10110.55,12.0,115.49789999999999,101.8179,115.49789999999999,False,50177,681,35,101323
3047,1243,Mastercard,Credit,5688444191664896,06/2023,723,YES,1,7300,05/2010,2011,No,2010-05-01,24125,622.6812,597.4812000000001,622.6812,36341.4,12.0,622.6812,597.4812000000001,622.6812,False,34884,705,31,26799
3928,1243,Mastercard,Debit,5145746225869385,02/2014,37,NO,2,4072,07/2010,2010,No,2010-07-01,24127,51.244805,49.654804999999996,51.244805,14977.61,12.0,51.244805,49.654804999999996,51.244805,False,34884,705,31,26799
2327,1976,Mastercard,Debit,5905144281673763,02/2020,324,YES,1,17767,03/2014,2014,No,2014-03-01,24171,82.291235,82.001235,82.291235,27794.47,12.0,82.291235,82.001235,82.291235,False,56897,699,33,0
4847,1976,Mastercard,Debit (Prepaid),5376202172646612,11/2022,419,YES,1,57,09/2013,2013,No,2013-09-01,24165,0.0,0.0,56.9499,8899.8,12.0,0.0,0.0,56.9499,False,56897,699,33,0
4338,1976,Visa,Debit,4078070579143813,05/2022,725,YES,1,23011,08/2010,2010,No,2010-08-01,24128,120.935125,120.395125,120.935125,36463.25,12.0,120.935125,120.395125,120.935125,False,56897,699,33,0
2784,91,Visa,Credit,4905977959597106,10/2020,543,YES,1,19100,04/2018,2018,No,2018-04-01,24220,0.0,0.0,0.0,0.0,0.0,0.0,0.0,0.0,True,72647,739,38,90579
2735,1201,Visa,Debit,4563146572171391,12/2020,510,YES,2,38317,04/2014,2014,No,2014-04-01,24172,55.946085,53.296085,55.946085,22131.17,12.0,55.946085,53.296085,55.946085,False,115465,715,60,195657
4793,1201,Visa,Debit,4423423702094848,11/2020,362,YES,1,40710,09/2010,2010,No,2010-09-01,24129,79.666375,76.536375,79.666375,33506.75,12.0,79.666375,76.536375,79.666375,False,115465,715,60,195657
2744,1201,Mastercard,Debit,5614281662886512,12/2024,906,YES,2,61355,04/2015,2015,No,2015-04-01,24184,41.50549,40.10549,41.50549,15030.98,12.0,41.50549,40.10549,41.50549,False,115465,715,60,195657
3576,1317,Mastercard,Credit,5765192294312489,03/2024,244,YES,2,6300,06/2014,2014,No,2014-06-01,24174,165.94344,163.42344,165.94344,10718.08,12.0,165.94344,163.42344,165.94344,False,30910,749,41,42507
4909,1317,Mastercard,Debit,5049590350537184,12/2017,287,YES,1,12793,09/2017,2017,No,2017-09-01,24213,23.917645,23.457645,23.917645,2249.29,4.0,23.917645,23.457645,23.917645,False,30910,749,41,42507
1280,1311,Visa,Credit,4304336989685853,10/2022,38,YES,1,14000,02/2011,2011,No,2011-02-01,24134,0.0,0.0,0.0,0.0,0.0,0.0,0.0,0.0,True,43264,729,27,89798
2638,662,Mastercard,Debit,5178588521108553,04/2021,647,YES,2,28747,04/2010,2010,No,2010-04-01,24124,298.262815,295.172815,298.262815,73107.63,12.0,298.262815,295.172815,298.262815,True,85694,822,32,120733
3092,662,Mastercard,Debit (Prepaid),5419683819223054,07/2021,690,YES,2,110,05/2011,2011,No,2011-05-01,24137,0.0,0.0,148.49241,25812.82,12.0,0.0,0.0,148.49241,False,85694,822,32,120733
5998,847,Mastercard,Debit,5160679758487908,04/2015,716,YES,2,19629,12/2010,2011,No,2010-12-01,24132,84.663485,62.303485,84.663485,18201.97,12.0,84.663485,62.303485,84.663485,False,27864,591,81,1371
2354,617,Mastercard,Debit,5124149352966224,07/2022,255,YES,2,26147,03/2016,2016,No,2016-03-01,24195,0.0,0.0,0.0,0.0,0.0,0.0,0.0,0.0,True,58026,691,27,133169
4404,1473,Mastercard,Debit,5144019472845640,03/2024,991,YES,1,16791,08/2013,2013,No,2013-08-01,24164,76.786755,76.786755,76.786755,18711.510000000002,12.0,76.786755,76.786755,76.786755,False,41427,850,51,53773
3156,1353,Visa,Debit,4092359255548687,07/2018,548,YES,1,22566,05/2014,2014,No,2014-05-01,24173,39.189454999999995,38.939454999999995,39.189454999999995,6847.91,12.0,39.189454999999995,38.939454999999995,39.189454999999995,False,43294,816,50,104521
5603,1670,Mastercard,Debit,5770348525427389,08/2020,914,NO,1,45782,11/2010,2015,No,2010-11-01,24131,59.25841,56.12841,59.25841,8950.82,12.0,59.25841,56.12841,59.25841,False,50184,732,68,27778
3596,1776,Visa,Credit,4760959420776144,05/2021,81,YES,2,11100,06/2015,2015,No,2015-06-01,24186,1246.3704,1228.5732600000001,1246.3704,96907.8,12.0,1246.3704,1228.5732600000001,1246.3704,False,43133,693,47,44263
2628,951,Amex,Credit,371780853319378,06/2021,461,YES,2,11000,04/2010,2010,No,2010-04-01,24124,106.25436,89.69436,106.25436,7210.02,12.0,201.25436000000002,184.69436000000002,201.25436000000002,False,26664,709,57,12241
2259,1818,Visa,Debit,4536093921633369,12/2023,783,YES,2,15817,03/2010,2013,No,2010-03-01,24123,138.74181,134.53181,138.74181,27352.62,12.0,138.74181,134.53181,138.74181,False,41843,500,85,1741
367,1789,Mastercard,Debit,5969880085380237,03/2024,832,YES,1,12564,01/2018,2018,No,2018-01-01,24217,120.144655,117.48465499999999,120.144655,23403.31,12.0,120.144655,117.48465499999999,120.144655,False,38527,684,40,36933
3577,678,Mastercard,Debit,5815197990139669,05/2024,528,YES,2,16703,06/2014,2014,No,2014-06-01,24174,99.81264,98.36264,99.81264,11225.28,12.0,99.81264,98.36264,99.81264,False,29477,850,63,56355
3040,678,Discover,Credit,6863075164690679,11/2020,357,YES,2,7300,05/2010,2010,No,2010-05-01,24125,257.8401,244.1601,257.8401,17768.45,12.0,257.8401,244.1601,257.8401,True,29477,850,63,56355
1300,678,Mastercard,Credit,5190363040476849,08/2022,377,YES,2,8600,02/2012,2012,No,2012-02-01,24146,147.56436,138.92436,147.56436,10229.02,12.0,147.56436,138.92436,147.56436,False,29477,850,63,56355
4415,471,Visa,Credit,4610283928454577,03/2020,340,YES,2,22000,08/2013,2013,No,2013-08-01,24164,0.0,0.0,0.0,0.0,0.0,0.0,0.0,0.0,False,71645,629,52,155006
3048,757,Mastercard,Debit,5604853881293164,02/2020,942,YES,2,12905,05/2010,2010,No,2010-05-01,24125,65.2641,43.6041,65.2641,18091.2,12.0,65.2641,43.6041,65.2641,False,46232,691,62,68957
3947,757,Visa,Debit,4364504555846512,03/2024,787,YES,2,7616,07/2010,2010,No,2010-07-01,24127,65.404435,45.274435,65.404435,16324.869999999999,12.0,65.404435,45.274435,65.404435,False,46232,691,62,68957
1313,1603,Mastercard,Debit,5495606147026040,06/2024,810,YES,2,14223,02/2013,2013,No,2013-02-01,24158,131.32993,124.74992999999999,131.32993,32394.86,12.0,131.32993,124.74992999999999,131.32993,False,38812,762,41,16331
3969,808,Mastercard,Debit,5559631785400356,07/2024,138,YES,2,17042,07/2011,2011,No,2011-07-01,24139,128.76522,128.30522,128.76522,42098.44,12.0,128.76522,128.30522,128.76522,False,36045,683,38,0
3516,808,Mastercard,Debit,5868987765320423,01/2024,849,YES,2,11930,06/2011,2011,No,2011-06-01,24138,163.54272,163.08272,163.54272,54357.44,12.0,163.54272,163.08272,163.54272,True,36045,683,38,0
5212,158,Visa,Debit,4436697575956445,06/2015,894,YES,1,19555,10/2010,2010,No,2010-10-01,24130,0.0,0.0,0.0,0.0,0.0,0.0,0.0,0.0,True,41475,747,31,0
5722,1928,Mastercard,Credit,5503548049749435,02/2021,850,NO,1,14800,11/2016,2016,No,2016-11-01,24203,234.57456000000002,210.09456,234.57456000000002,14809.92,12.0,234.57456000000002,210.09456,234.57456000000002,False,55682,750,56,82696
3635,1575,Visa,Debit (Prepaid),4323953877431034,05/2023,830,YES,3,74,06/2018,2018,No,2018-06-01,24222,0.0,0.0,157.76072499999998,13847.45,12.0,0.0,0.0,157.76072499999998,False,57646,724,51,127892
224,1575,Mastercard,Debit,5107151477861238,06/2021,365,YES,1,23016,01/2010,2010,No,2010-01-01,24121,215.27695,182.53695,215.27695,45196.9,12.0,215.27695,182.53695,215.27695,False,57646,724,51,127892
4863,1916,Visa,Debit,4815373260593647,04/2018,733,YES,2,10211,09/2013,2013,No,2013-09-01,24165,39.630025,38.910025,39.630025,8257.05,12.0,39.630025,38.910025,39.630025,False,10142,767,82,1809
2712,1176,Amex,Credit,337116884587546,09/2018,164,NO,2,13400,04/2013,2013,No,2013-04-01,24160,627.8274,523.4274,627.8274,38471.3,12.0,722.8274,618.4274,722.8274,False,57348,527,39,119230
2629,1176,Amex,Credit,339154209082656,09/2010,909,YES,1,21700,04/2010,2010,No,2010-04-01,24124,327.12372,292.56372,327.12372,20848.54,6.0,422.12372,387.56372,422.12372,False,57348,527,39,119230
5270,1194,Mastercard,Debit,5489847637452263,05/2022,32,YES,2,19122,10/2013,2013,No,2013-10-01,24166,105.041085,103.03108499999999,105.041085,13973.17,12.0,105.041085,103.03108499999999,105.041085,False,38041,782,49,27813
5999,1194,Mastercard,Debit,5312379293764300,06/2022,244,NO,2,17564,12/2010,2010,No,2010-12-01,24132,188.55978,180.28977999999998,188.55978,29593.559999999998,12.0,188.55978,180.28977999999998,188.55978,False,38041,782,49,27813
2724,580,Mastercard,Debit,5498308482575223,03/2021,952,YES,1,14471,04/2014,2014,No,2014-04-01,24172,184.45129,181.40129,184.45129,29714.58,12.0,184.45129,181.40129,184.45129,False,36857,768,35,3112
303,4,Visa,Debit,4980412921853275,04/2021,28,YES,2,27520,01/2012,2012,No,2012-01-01,24145,73.37146,73.11146,73.37146,11155.92,12.0,73.37146,73.11146,73.37146,False,76431,716,54,115362
4848,530,Mastercard,Debit,5609056029992567,02/2020,7,YES,1,10970,09/2013,2013,No,2013-09-01,24165,81.049615,80.369615,81.049615,8185.2300000000005,12.0,81.049615,80.369615,81.049615,False,18100,682,78,0
3145,530,Mastercard,Debit,5955587375467605,07/2020,522,YES,2,11475,05/2014,2014,No,2014-05-01,24173,60.11972,58.97972,60.11972,7329.4400000000005,12.0,60.11972,58.97972,60.11972,False,18100,682,78,0
4021,530,Mastercard,Debit,5224140626818585,01/2017,329,YES,1,12031,07/2014,2014,No,2014-07-01,24175,58.3175,58.0875,58.3175,5064.0,12.0,58.3175,58.0875,58.3175,False,18100,682,78,0
3049,595,Mastercard,Debit,5268706720915465,07/2020,202,YES,1,18035,05/2010,2010,No,2010-05-01,24125,30.514764999999997,30.004765,30.514764999999997,8423.53,12.0,30.514764999999997,30.004765,30.514764999999997,False,29041,699,79,4427
4423,1022,Discover,Credit,6315959001873783,04/2021,118,YES,1,6800,08/2014,2014,No,2014-08-01,24176,321.77538,123.41538,321.77538,18693.41,12.0,321.77538,123.41538,321.77538,False,35876,635,47,50190
6075,246,Visa,Debit,4361392563969799,10/2023,417,YES,1,26110,12/2012,2012,No,2012-12-01,24156,34.15176,33.88176,34.15176,9332.52,12.0,34.15176,33.88176,34.15176,False,82298,791,50,0
5626,1945,Visa,Credit,4335011442006835,07/2022,412,YES,1,9700,11/2010,2012,No,2010-11-01,24131,127.42974000000001,122.02974,127.42974000000001,8699.43,12.0,127.42974000000001,122.02974,127.42974000000001,False,30042,727,56,9208
4018,1945,Amex,Credit,394151199374199,02/2020,175,YES,2,5900,07/2014,2014,No,2014-07-01,24175,76.96008,76.96008,76.96008,6223.5599999999995,12.0,171.96008,171.96008,171.96008,False,30042,727,56,9208
3614,1945,Visa,Debit,4684821008065663,04/2021,164,YES,1,10318,06/2016,2016,No,2016-06-01,24198,33.074915,32.124915,33.074915,5975.83,12.0,33.074915,32.124915,33.074915,False,30042,727,56,9208
3496,1540,Visa,Credit,4495172888223801,12/2023,269,YES,2,13200,06/2010,2011,No,2010-06-01,24126,537.77016,523.37016,537.77016,30989.120000000003,12.0,537.77016,523.37016,537.77016,False,44839,625,55,63194
3077,409,Visa,Debit,4702266560105457,09/2022,749,YES,1,14999,05/2010,2010,No,2010-05-01,24125,0.0,0.0,0.0,0.0,0.0,0.0,0.0,0.0,True,29699,711,54,6569
4007,409,Mastercard,Debit,5215769270589143,01/2024,897,YES,2,9281,07/2013,2013,No,2013-07-01,24163,0.0,0.0,0.0,0.0,0.0,0.0,0.0,0.0,False,29699,711,54,6569
5690,409,Visa,Debit,4514228052643760,03/2024,763,NO,1,15512,11/2013,2013,No,2013-11-01,24167,0.0,0.0,0.0,0.0,0.0,0.0,0.0,0.0,False,29699,711,54,6569
2371,382,Mastercard,Debit,5687094950907399,08/2019,289,YES,1,13206,03/2018,2018,No,2018-03-01,24219,0.0,0.0,0.0,0.0,0.0,0.0,0.0,0.0,False,23103,681,55,63635
5324,629,Visa,Debit,4194422558945686,05/2018,208,NO,1,29793,10/2017,2017,No,2017-10-01,24214,20.31885,20.31885,20.31885,4097.7,8.0,20.31885,20.31885,20.31885,False,57513,793,72,11755
2639,89,Mastercard,Debit,5250142801861718,02/2023,485,YES,2,9401,04/2010,2011,No,2010-04-01,24124,69.797375,67.317375,69.797375,10722.75,12.0,69.797375,67.317375,69.797375,False,30217,705,35,23394
2640,89,Mastercard,Debit,5291753153918147,07/2018,855,YES,1,9742,04/2010,2010,No,2010-04-01,24124,72.400845,69.920845,72.400845,11602.69,12.0,72.400845,69.920845,72.400845,False,30217,705,35,23394
3112,826,Amex,Credit,304617902043505,03/2017,382,YES,1,19400,05/2012,2012,No,2012-05-01,24149,145.81655999999998,129.97656,145.81655999999998,8796.92,12.0,240.81655999999998,224.97656,240.81655999999998,False,57705,684,67,22475
311,826,Mastercard,Debit,5496405569223399,11/2014,30,YES,1,23403,01/2013,2013,No,2013-01-01,24157,66.27276499999999,64.182765,66.27276499999999,12325.53,12.0,66.27276499999999,64.182765,66.27276499999999,False,57705,684,67,22475
3607,87,Mastercard,Debit,5210434230147620,06/2022,262,YES,2,20417,06/2016,2016,No,2016-06-01,24198,184.011145,138.25114499999998,184.011145,24760.29,12.0,184.011145,138.25114499999998,184.011145,False,24155,802,58,2870
6118,1833,Mastercard,Debit,5198052110187452,01/2020,912,YES,1,16064,12/2016,2016,No,2016-12-01,24204,227.261885,217.181885,227.261885,48832.770000000004,12.0,227.261885,217.181885,227.261885,False,35026,743,27,11468
2345,1833,Visa,Debit,4078898258495002,07/2015,929,YES,2,16386,03/2015,2015,No,2015-03-01,24183,104.765565,100.00556499999999,104.765565,25511.129999999997,5.0,104.765565,100.00556499999999,104.765565,True,35026,743,27,11468
3636,829,Visa,Credit,4066440794075203,04/2024,921,YES,2,8200,06/2018,2018,No,2018-06-01,24222,0.0,0.0,0.0,0.0,0.0,0.0,0.0,0.0,True,36404,726,29,11745
4882,803,Mastercard,Debit,5918188974230799,01/2021,670,YES,1,20552,09/2015,2015,No,2015-09-01,24189,166.019825,160.669825,166.019825,30737.65,12.0,166.019825,160.669825,166.019825,False,46487,635,69,57336
297,1686,Mastercard,Debit,5422337679062478,02/2024,976,YES,1,48003,01/2012,2012,No,2012-01-01,24145,222.45438000000001,220.97438,222.45438000000001,73269.76,12.0,222.45438000000001,220.97438,222.45438000000001,False,61312,708,54,25355
1281,1342,Visa,Debit (Prepaid),4971872629769691,06/2022,724,YES,3,64,02/2011,2011,No,2011-02-01,24134,0.0,0.0,0.0,0.0,0.0,0.0,0.0,0.0,True,40744,717,27,50803
2328,1371,Mastercard,Credit,5282316108928795,04/2023,378,YES,1,13900,03/2014,2014,No,2014-03-01,24171,245.7459,237.8259,245.7459,13806.55,12.0,245.7459,237.8259,245.7459,False,49529,689,86,1385
3117,1371,Mastercard,Debit,5739342319047051,02/2020,749,YES,2,23807,05/2012,2012,No,2012-05-01,24149,82.02329499999999,81.183295,82.02329499999999,8883.59,12.0,82.02329499999999,81.183295,82.02329499999999,False,49529,689,86,1385
4059,1371,Visa,Debit (Prepaid),4025636893394293,06/2021,112,NO,2,140,07/2017,2017,No,2017-07-01,24211,0.0,0.0,33.619485,2502.97,12.0,0.0,0.0,33.619485,False,49529,689,86,1385
4446,1371,Mastercard,Debit,5969443034028028,12/2024,783,YES,2,26329,08/2015,2015,No,2015-08-01,24188,54.694810000000004,54.694810000000004,54.694810000000004,5068.62,12.0,54.694810000000004,54.694810000000004,54.694810000000004,False,49529,689,86,1385
3929,1371,Mastercard,Debit,5572820991241224,09/2023,178,NO,1,25224,07/2010,2011,No,2010-07-01,24127,148.73712,148.17712,148.73712,15575.24,12.0,148.73712,148.17712,148.73712,False,49529,689,86,1385
4387,1067,Discover,Credit,6276276211895289,12/2020,681,YES,2,8500,08/2012,2012,No,2012-08-01,24152,163.5975,160.7175,163.5975,9196.75,12.0,163.5975,160.7175,163.5975,False,41790,719,76,24676
4794,1019,Visa,Debit,4811603557913131,10/2024,994,YES,1,4386,09/2010,2016,No,2010-09-01,24129,54.351105000000004,53.351105000000004,54.351105000000004,9914.21,12.0,54.351105000000004,53.351105000000004,54.351105000000004,False,29928,713,81,2028
6025,1568,Visa,Credit,4165611178865695,07/2023,388,YES,1,13000,12/2010,2012,No,2010-12-01,24132,538.72704,524.68704,538.72704,32345.28,12.0,538.72704,524.68704,538.72704,False,42976,748,47,58765
4808,1765,Mastercard,Credit,5529087189553039,10/2023,242,NO,1,7500,09/2011,2011,No,2011-09-01,24141,518.18346,446.18346,518.18346,32024.97,12.0,518.18346,446.18346,518.18346,False,32126,770,40,56283
4376,1765,Visa,Debit,4874991494846383,09/2011,140,YES,2,18042,08/2011,2011,No,2011-08-01,24140,15.95656,14.606559999999998,15.95656,3542.12,2.0,15.95656,14.606559999999998,15.95656,False,32126,770,40,56283
5731,1875,Mastercard,Debit,5208237598527230,08/2018,261,YES,2,13694,11/2017,2017,No,2017-11-01,24215,43.731715,42.131715,43.731715,11281.43,10.0,43.731715,42.131715,43.731715,False,45202,683,56,71022
1370,189,Mastercard,Debit,5027764290591247,01/2019,566,YES,1,17678,02/2017,2017,No,2017-02-01,24206,0.0,0.0,0.0,0.0,0.0,0.0,0.0,0.0,False,52165,730,42,97248
4887,189,Visa,Debit (Prepaid),4326629340318761,04/2020,522,YES,1,81,09/2015,2015,No,2015-09-01,24189,0.0,0.0,0.0,0.0,0.0,0.0,0.0,0.0,False,52165,730,42,97248
4055,189,Mastercard,Debit,5305887216431015,01/2023,421,YES,2,26231,07/2017,2017,No,2017-07-01,24211,0.0,0.0,0.0,0.0,0.0,0.0,0.0,0.0,False,52165,730,42,97248
2367,466,Visa,Credit,4856130775211817,11/2021,465,YES,1,7700,03/2017,2017,No,2017-03-01,24207,0.0,0.0,0.0,0.0,0.0,0.0,0.0,0.0,False,29519,643,58,45597
2247,466,Mastercard,Debit,5937799398015248,03/2023,923,YES,2,736,03/2010,2015,No,2010-03-01,24123,0.0,0.0,0.0,0.0,0.0,0.0,0.0,0.0,False,29519,643,58,45597
5263,659,Visa,Debit (Prepaid),4060923248609933,08/2018,596,YES,1,96,10/2012,2012,No,2012-10-01,24154,0.0,0.0,55.090755,6777.51,12.0,0.0,0.0,55.090755,False,32583,812,57,12501
5304,659,Mastercard,Debit,5310596598623892,04/2017,141,NO,1,14977,10/2015,2015,No,2015-10-01,24190,37.312905,36.582905,37.312905,5175.81,12.0,37.312905,36.582905,37.312905,False,32583,812,57,12501
4864,659,Visa,Debit,4623542302475012,11/2019,482,YES,2,17649,09/2013,2013,No,2013-09-01,24165,49.94189,48.45189,49.94189,8535.78,12.0,49.94189,48.45189,49.94189,False,32583,812,57,12501
5658,659,Visa,Debit,4494703150961667,02/2021,363,YES,1,10538,11/2011,2011,No,2011-11-01,24143,80.558725,76.35872499999999,80.558725,12660.449999999999,12.0,80.558725,76.35872499999999,80.558725,False,32583,812,57,12501
3174,942,Mastercard,Debit,5253617024037347,11/2022,224,YES,2,27720,05/2016,2016,No,2016-05-01,24197,77.14794499999999,76.607945,77.14794499999999,14586.890000000001,12.0,77.14794499999999,76.607945,77.14794499999999,False,59139,742,37,128870
2670,942,Amex,Credit,376110023635089,05/2023,593,YES,1,20800,04/2011,2013,No,2011-04-01,24136,700.31448,671.51448,700.31448,42545.36,12.0,795.31448,766.51448,795.31448,False,59139,742,37,128870
2772,942,Visa,Credit,4309882951597541,10/2022,139,YES,2,5300,04/2017,2017,No,2017-04-01,24208,316.19484,306.83484,316.19484,19571.38,12.0,316.19484,306.83484,316.19484,False,59139,742,37,128870
3586,1056,Visa,Debit,4339544686242558,10/2020,141,YES,2,39457,06/2014,2014,No,2014-06-01,24174,0.0,0.0,0.0,0.0,0.0,0.0,0.0,0.0,True,52036,703,24,26232
3628,308,Mastercard,Debit (Prepaid),5677571318458572,08/2023,426,YES,2,107,06/2018,2018,No,2018-06-01,24222,0.0,0.0,0.0,0.0,0.0,0.0,0.0,0.0,False,31015,737,44,103094
3143,1156,Discover,Credit,6822627615926082,08/2022,344,NO,1,2500,05/2014,2014,No,2014-05-01,24173,351.41184000000004,321.17184000000003,351.41184000000004,21403.88,12.0,351.41184000000004,321.17184000000003,351.41184000000004,False,280199,752,56,91367
6053,561,Visa,Debit,4295691183724130,12/2022,78,YES,1,16531,12/2011,2011,No,2011-12-01,24144,73.07301,69.263845,73.07301,8629.02,12.0,73.07301,69.263845,73.07301,False,36853,834,48,112139
2716,561,Mastercard,Debit (Prepaid),5918296616309874,05/2024,983,YES,1,69,04/2013,2013,No,2013-04-01,24160,0.0,0.0,50.33168,5160.360000000001,12.0,0.0,0.0,50.33168,False,36853,834,48,112139
6119,561,Mastercard,Debit,5051979533646210,08/2021,72,YES,1,14054,12/2016,2016,No,2016-12-01,24204,45.502425,42.882425,45.502425,5095.85,12.0,45.502425,42.882425,45.502425,False,36853,834,48,112139
5316,1522,Visa,Credit,4260588104283621,06/2024,646,YES,2,23000,10/2016,2016,No,2016-10-01,24202,0.0,0.0,0.0,0.0,0.0,0.0,0.0,0.0,False,31828,593,88,3777
5213,1522,Visa,Credit,4328913170467623,09/2024,875,YES,2,21900,10/2010,2013,No,2010-10-01,24130,0.0,0.0,0.0,0.0,0.0,0.0,0.0,0.0,True,31828,593,88,3777
368,1522,Mastercard,Credit,5856087823647751,02/2020,101,YES,2,11200,01/2018,2018,No,2018-01-01,24217,0.0,0.0,0.0,0.0,0.0,0.0,0.0,0.0,False,31828,593,88,3777
3608,113,Mastercard,Credit,5263770459718869,10/2021,775,YES,2,14200,06/2016,2016,No,2016-06-01,24198,477.94842000000006,464.62842,477.94842000000006,27679.690000000002,12.0,477.94842000000006,464.62842,477.94842000000006,False,39003,788,74,10793
304,1039,Visa,Credit,4015655705133748,01/2020,144,YES,2,4900,01/2012,2012,No,2012-01-01,24145,492.2289,261.4689,492.2289,27805.05,12.0,492.2289,261.4689,492.2289,False,11566,536,68,9102
6026,176,Visa,Debit (Prepaid),4787366069867365,12/2019,787,YES,2,57,12/2010,2017,No,2010-12-01,24132,0.0,0.0,40.69142,3461.84,12.0,0.0,0.0,40.69142,False,52172,667,45,66085
4768,1104,Mastercard,Credit,5708794034518412,04/2024,59,NO,1,8600,09/2010,2012,No,2010-09-01,24129,678.3350399999999,674.01504,678.3350399999999,41382.28,12.0,678.3350399999999,674.01504,678.3350399999999,False,40141,850,91,805
4849,1104,Mastercard,Credit,5882977035145192,10/2021,491,YES,2,11400,09/2013,2013,No,2013-09-01,24165,327.44646,326.00646,327.44646,19718.47,12.0,327.44646,326.00646,327.44646,False,40141,850,91,805
3994,1104,Mastercard,Debit,5229188034672607,12/2012,135,YES,2,19695,07/2012,2012,No,2012-07-01,24151,40.46431,39.80431,40.46431,8658.62,7.0,40.46431,39.80431,40.46431,False,40141,850,91,805
5297,946,Visa,Credit,4489171973874626,09/2020,973,YES,2,8700,10/2014,2014,No,2014-10-01,24178,146.31156000000001,142.71156000000002,146.31156000000001,9167.42,12.0,146.31156000000001,142.71156000000002,146.31156000000001,False,39733,781,48,79302
4903,1465,Amex,Credit,315010583302267,06/2021,201,YES,2,10700,09/2017,2017,No,2017-09-01,24213,0.0,0.0,0.0,0.0,0.0,95.0,95.0,95.0,False,51651,801,29,22705
1350,571,Amex,Credit,398280185520858,11/2015,89,YES,2,7200,02/2015,2015,No,2015-02-01,24182,397.31796,378.95796,397.31796,24005.22,10.0,492.31796,473.95796,492.31796,False,36711,739,42,84949
312,571,Mastercard,Debit,5611435574657615,02/2023,150,YES,2,13019,01/2013,2013,No,2013-01-01,24157,166.691135,162.861135,166.691135,28550.27,12.0,166.691135,162.861135,166.691135,False,36711,739,42,84949
4047,571,Visa,Debit,4401126536336200,11/2023,42,YES,1,16647,07/2016,2016,No,2016-07-01,24199,124.01181,122.09181,124.01181,19733.62,12.0,124.01181,122.09181,124.01181,False,36711,739,42,84949
5680,214,Visa,Credit,4159886669620519,11/2012,693,YES,3,0,11/2012,2012,No,2012-11-01,24155,0.0,0.0,0.0,0.0,0.0,0.0,0.0,0.0,True,47803,652,30,81929
3948,520,Visa,Debit,4719754046419733,09/2024,990,NO,2,1587,07/2010,2013,No,2010-07-01,24127,39.92406,38.41406,39.92406,4843.12,12.0,39.92406,38.41406,39.92406,False,57658,766,45,74288
2659,520,Visa,Debit,4594555086793748,10/2022,454,YES,2,28156,04/2010,2010,No,2010-04-01,24124,45.92796,44.69796,45.92796,6053.92,12.0,45.92796,44.69796,45.92796,False,57658,766,45,74288
6039,288,Mastercard,Debit,5592784175875657,10/2012,692,YES,2,4324,12/2011,2011,No,2011-12-01,24144,0.0,0.0,0.0,0.0,0.0,0.0,0.0,0.0,False,22249,789,45,20420
3497,288,Visa,Debit,4495057265994448,01/2022,846,YES,2,1112,06/2010,2010,No,2010-06-01,24126,0.0,0.0,0.0,0.0,0.0,0.0,0.0,0.0,False,22249,789,45,20420
4396,1979,Visa,Credit,4813172947971800,05/2017,550,YES,1,14200,08/2012,2012,No,2012-08-01,24152,342.27396,330.39396,342.27396,21156.22,12.0,342.27396,330.39396,342.27396,False,64647,738,38,58250
5691,1253,Visa,Debit,4792077988071121,08/2020,969,YES,1,39764,11/2013,2013,No,2013-11-01,24167,114.074835,112.81483499999999,114.074835,27598.670000000002,12.0,114.074835,112.81483499999999,114.074835,False,58749,768,32,113308
2248,1253,Mastercard,Debit,5498290106887759,03/2016,927,NO,1,29637,03/2010,2010,No,2010-03-01,24123,146.26699,143.95699,146.26699,39870.979999999996,12.0,146.26699,143.95699,146.26699,False,58749,768,32,113308
4869,311,Amex,Credit,398921295633424,01/2024,659,YES,2,6600,09/2014,2014,No,2014-09-01,24177,178.06212,129.10212,178.06212,12759.34,12.0,273.06212,224.10212,273.06212,False,29510,752,46,47153
1282,852,Visa,Credit,4373234712011855,01/2020,735,YES,2,4400,02/2011,2011,No,2011-02-01,24134,225.44352,212.48352,225.44352,18414.64,12.0,225.44352,212.48352,225.44352,False,40156,738,35,70128
4039,1394,Visa,Credit,4812870507989207,06/2020,393,YES,2,8500,07/2015,2015,No,2015-07-01,24187,439.62822,427.02822000000003,439.62822,26404.79,12.0,439.62822,427.02822000000003,439.62822,False,57853,558,30,131828
3468,1394,Mastercard,Debit,5542638681640102,06/2016,555,YES,1,19597,06/2010,2010,No,2010-06-01,24126,201.67216499999998,198.942165,201.67216499999998,40494.33,12.0,201.67216499999998,198.942165,201.67216499999998,True,57853,558,30,131828
6027,1394,Visa,Debit,4365836294015490,09/2021,569,YES,1,51504,12/2010,2010,No,2010-12-01,24132,143.97010999999998,142.51011,143.97010999999998,35659.22,12.0,143.97010999999998,142.51011,143.97010999999998,False,57853,558,30,131828
3984,515,Visa,Debit,4170871321743414,09/2023,676,YES,2,27053,07/2011,2011,No,2011-07-01,24139,49.775805,45.965805,49.775805,5718.610000000001,12.0,49.775805,45.965805,49.775805,False,41865,676,61,60911
2705,1303,Visa,Debit,4671850635889899,11/2020,859,YES,2,31662,04/2012,2012,No,2012-04-01,24148,16.258925,15.728925,16.258925,4244.85,12.0,16.258925,15.728925,16.258925,False,61937,684,66,138153
6000,1303,Mastercard,Credit,5219123186357731,06/2023,5,YES,1,18900,12/2010,2011,No,2010-12-01,24132,439.84908,438.04908,439.84908,26791.06,12.0,439.84908,438.04908,439.84908,False,61937,684,66,138153
6085,1303,Mastercard,Debit,5434239693376748,12/2022,501,YES,2,25292,12/2013,2013,No,2013-12-01,24168,13.43823,13.43823,13.43823,3909.46,12.0,13.43823,13.43823,13.43823,False,61937,684,66,138153
1330,1059,Visa,Credit,4365828013345605,02/2023,945,YES,2,11700,02/2013,2013,No,2013-02-01,24158,0.0,0.0,0.0,0.0,0.0,0.0,0.0,0.0,False,45560,644,50,79660
2641,1059,Mastercard,Debit,5577607865497293,12/2024,463,YES,2,16460,04/2010,2010,No,2010-04-01,24124,0.0,0.0,0.0,0.0,0.0,0.0,0.0,0.0,True,45560,644,50,79660
5641,1378,Amex,Credit,343796888595234,06/2020,130,YES,2,3100,11/2011,2011,No,2011-11-01,24143,226.43676,169.91676,226.43676,14134.82,12.0,321.43676,264.91676,321.43676,False,40810,614,46,65643
283,1378,Visa,Debit,4686786422368480,08/2021,648,YES,1,21757,01/2011,2011,No,2011-01-01,24133,99.542435,74.742435,99.542435,16818.87,12.0,99.542435,74.742435,99.542435,False,40810,614,46,65643
4066,1297,Mastercard,Debit,5198483282511111,07/2022,392,YES,2,20660,07/2018,2018,No,2018-07-01,24223,0.0,0.0,0.0,0.0,0.0,0.0,0.0,0.0,False,38371,703,58,50530
1242,1297,Visa,Debit,4470355925741360,05/2022,231,YES,1,18301,02/2010,2010,No,2010-02-01,24122,0.0,0.0,0.0,0.0,0.0,0.0,0.0,0.0,True,38371,703,58,50530
5627,1297,Visa,Credit,4118885453058690,05/2011,419,YES,2,14200,11/2010,2018,No,2010-11-01,24131,0.0,0.0,0.0,0.0,0.0,0.0,0.0,0.0,False,38371,703,58,50530
319,1727,Visa,Debit,4304585079155855,10/2013,340,YES,1,19636,01/2013,2013,No,2013-01-01,24157,144.907215,142.017215,144.907215,34107.43,10.0,144.907215,142.017215,144.907215,False,48762,771,46,143208
1379,1727,Mastercard,Debit (Prepaid),5000846807980564,07/2024,345,YES,3,102,02/2018,2018,No,2018-02-01,24218,0.0,0.0,200.77252,40293.04,12.0,0.0,0.0,200.77252,False,48762,771,46,143208
5329,1727,Mastercard,Debit,5655027232477390,09/2022,848,YES,2,21218,10/2018,2018,No,2018-10-01,24226,146.692985,142.99298499999998,146.692985,35129.97,12.0,146.692985,142.99298499999998,146.692985,False,48762,771,46,143208
4918,1727,Visa,Debit,4602706416826257,03/2021,862,YES,2,27066,09/2018,2018,No,2018-09-01,24225,139.47813,137.13813,139.47813,36866.26,12.0,139.47813,137.13813,139.47813,False,48762,771,46,143208
1359,673,Visa,Debit,4815588963693440,04/2022,752,NO,2,14614,02/2015,2015,No,2015-02-01,24182,0.0,0.0,0.0,0.0,0.0,0.0,0.0,0.0,False,39124,722,48,66231
2341,1283,Mastercard,Debit,5418596356337176,06/2015,899,YES,1,24111,03/2015,2015,No,2015-03-01,24183,46.075615,43.875614999999996,46.075615,10015.23,4.0,46.075615,43.875614999999996,46.075615,False,63673,591,50,147913
5305,1283,Mastercard,Debit,5930575507132281,06/2023,751,YES,1,34839,10/2015,2015,No,2015-10-01,24190,130.02865,124.92864999999999,130.02865,30759.300000000003,12.0,130.02865,124.92864999999999,130.02865,False,63673,591,50,147913
3469,1283,Mastercard,Credit,5293527173763220,04/2023,542,YES,1,12800,06/2010,2012,No,2010-06-01,24126,604.5175800000001,576.79758,604.5175800000001,37948.310000000005,12.0,604.5175800000001,576.79758,604.5175800000001,False,63673,591,50,147913
1243,1239,Visa,Debit,4488660162981931,06/2023,852,YES,1,14295,02/2010,2010,No,2010-02-01,24122,76.51861,73.92860999999999,76.51861,9287.220000000001,12.0,76.51861,73.92860999999999,76.51861,False,38081,811,34,28613
225,1078,Mastercard,Debit,5792661772040761,10/2023,862,YES,2,18092,01/2010,2015,No,2010-01-01,24121,141.80955,141.55955,141.80955,41265.1,12.0,141.80955,141.55955,141.80955,False,57576,589,56,161107
4397,124,Visa,Debit,4886036634951653,04/2023,841,YES,1,12639,08/2012,2012,No,2012-08-01,24152,93.635865,89.355865,93.635865,12264.73,12.0,93.635865,89.355865,93.635865,False,34311,680,31,6971
4022,124,Mastercard,Debit,5208111902646302,12/2021,143,YES,1,13482,07/2014,2014,No,2014-07-01,24175,48.12654,47.066539999999996,48.12654,5157.08,12.0,48.12654,47.066539999999996,48.12654,False,34311,680,31,6971
3050,124,Mastercard,Debit,5683051566552763,03/2024,924,YES,1,13022,05/2010,2010,No,2010-05-01,24125,153.28182999999999,147.14183,153.28182999999999,21192.66,12.0,153.28182999999999,147.14183,153.28182999999999,True,34311,680,31,6971
2725,124,Mastercard,Debit,5024398810633935,02/2020,575,NO,2,23999,04/2014,2014,No,2014-04-01,24172,62.81229,60.902289999999994,62.81229,7423.58,12.0,62.81229,60.902289999999994,62.81229,False,34311,680,31,6971
2736,1722,Visa,Credit,4012239673381945,03/2020,960,YES,2,3900,04/2014,2014,No,2014-04-01,24172,0.0,0.0,0.0,0.0,0.0,0.0,0.0,0.0,True,24648,600,24,32962
5251,1223,Visa,Debit,4239806874218454,11/2011,564,YES,2,86262,10/2011,2011,No,2011-10-01,24142,22.933524999999996,22.933524999999996,22.933524999999996,15057.05,2.0,22.933524999999996,22.933524999999996,22.933524999999996,False,189490,717,53,448929
369,575,Mastercard,Debit,5313945757861658,09/2018,764,YES,1,25121,01/2018,2018,No,2018-01-01,24217,42.041275,41.781275,42.041275,8090.55,9.0,42.041275,41.781275,42.041275,False,26476,813,84,406
5278,575,Visa,Credit,4506945480857983,05/2023,476,YES,2,6800,10/2013,2013,No,2013-10-01,24166,199.42074,190.06074,199.42074,12488.93,12.0,199.42074,190.06074,199.42074,False,26476,813,84,406
4360,575,Mastercard,Credit,5891397747740840,12/2013,198,YES,2,15100,08/2011,2011,No,2011-08-01,24140,159.96006,150.7518,159.96006,9978.67,12.0,159.96006,150.7518,159.96006,False,26476,813,84,406
1351,428,Amex,Credit,340213655737651,11/2024,108,YES,2,8800,02/2015,2015,No,2015-02-01,24182,1106.38926,1069.0578,1106.38926,66231.07,12.0,1201.38926,1164.0578,1201.38926,False,56486,689,39,116394
3126,828,Visa,Credit,4073585160932951,05/2023,635,YES,2,4100,05/2012,2012,No,2012-05-01,24149,499.55057999999997,460.67058,499.55057999999997,29996.81,12.0,499.55057999999997,460.67058,499.55057999999997,False,35906,659,59,69819
221,846,Amex,Credit,371624685132627,10/2022,297,YES,2,18400,01/2010,2015,No,2010-01-01,24121,474.77646,474.77646,474.77646,28783.47,12.0,569.77646,569.77646,569.77646,False,67761,745,48,0
1244,666,Visa,Debit,4422198494122153,10/2020,852,YES,2,22501,02/2010,2010,No,2010-02-01,24122,0.0,0.0,0.0,0.0,0.0,0.0,0.0,0.0,True,36282,725,57,14141
4838,335,Visa,Debit,4680510288921428,09/2013,217,YES,2,25307,09/2012,2012,No,2012-09-01,24153,127.277755,118.837755,127.277755,39103.51,12.0,127.277755,118.837755,127.277755,False,56467,688,46,66565
353,335,Mastercard,Debit,5039380212110238,07/2020,830,YES,1,34385,01/2016,2016,No,2016-01-01,24193,128.98632999999998,122.05633,128.98632999999998,33967.66,12.0,128.98632999999998,122.05633,128.98632999999998,False,56467,688,46,66565
4877,639,Visa,Credit,4433520087348350,11/2021,303,YES,2,12400,09/2014,2014,No,2014-09-01,24177,484.57908,416.89908,484.57908,30614.059999999998,12.0,484.57908,416.89908,484.57908,False,37645,654,55,46298
4833,639,Mastercard,Debit,5653383391642965,05/2024,280,YES,2,14850,09/2012,2012,No,2012-09-01,24153,161.09001,157.40000999999998,161.09001,21912.02,12.0,161.09001,157.40000999999998,161.09001,False,37645,654,55,46298
2320,581,Visa,Debit,4997480551334716,09/2023,51,YES,2,11885,03/2013,2013,No,2013-03-01,24159,62.25037,57.61037,62.25037,10565.74,12.0,62.25037,57.61037,62.25037,False,29962,684,48,55000
5659,731,Visa,Debit,4778187080028211,01/2024,74,YES,2,6781,11/2011,2011,No,2011-11-01,24143,91.05807,80.69807,91.05807,32327.14,12.0,91.05807,80.69807,91.05807,True,38193,703,31,39874
2745,21,Mastercard,Debit,5977475805952055,06/2015,815,YES,2,13383,04/2015,2015,No,2015-04-01,24184,19.16876,18.41876,19.16876,3465.52,3.0,19.16876,18.41876,19.16876,False,43084,850,48,0
4769,21,Mastercard,Debit (Prepaid),5491556655486869,05/2023,226,YES,1,58,09/2010,2010,No,2010-09-01,24129,0.0,0.0,74.37747999999999,6835.96,12.0,0.0,0.0,74.37747999999999,False,43084,850,48,0
4067,63,Mastercard,Debit (Prepaid),5570187893542298,07/2024,610,YES,1,66,07/2018,2018,No,2018-07-01,24223,0.0,0.0,65.266345,4191.69,12.0,0.0,0.0,65.266345,False,35418,660,40,51741
270,103,Mastercard,Debit,5593047322938366,02/2020,697,YES,1,15023,01/2011,2011,No,2011-01-01,24133,23.325895,22.515895,23.325895,4720.79,12.0,23.325895,22.515895,23.325895,False,34774,850,41,78060
3930,103,Mastercard,Debit,5260164218460494,12/2014,234,YES,2,17667,07/2010,2011,No,2010-07-01,24127,24.1066,22.5566,24.1066,6628.2,12.0,24.1066,22.5566,24.1066,False,34774,850,41,78060
5681,1193,Visa,Debit,4933381182408329,11/2020,961,YES,1,34013,11/2012,2012,No,2012-11-01,24155,92.45362,91.90362,92.45362,15048.24,12.0,92.45362,91.90362,92.45362,False,51717,717,90,418
4023,1193,Mastercard,Debit,5896188747962564,12/2022,194,YES,1,38290,07/2014,2014,No,2014-07-01,24175,72.4594,71.4194,72.4594,10477.800000000001,12.0,72.4594,71.4194,72.4594,False,51717,717,90,418
1283,1958,Visa,Debit (Prepaid),4015493899295533,04/2023,455,YES,1,62,02/2011,2011,No,2011-02-01,24134,0.0,0.0,55.497704999999996,5005.41,12.0,0.0,0.0,55.497704999999996,False,37346,680,51,64030
3578,1958,Mastercard,Debit,5331374110302611,08/2020,392,YES,1,17957,06/2014,2014,No,2014-06-01,24174,42.854525,42.014525,42.854525,6579.05,12.0,42.854525,42.014525,42.854525,False,37346,680,51,64030
5720,744,Amex,Credit,397876125303268,04/2022,283,YES,1,14400,11/2016,2016,No,2016-11-01,24203,97.20756,84.60756,97.20756,6261.42,12.0,192.20756,179.60756,192.20756,False,44699,842,58,21685
2692,477,Mastercard,Credit,5573356132288877,02/2024,39,NO,2,14400,04/2012,2012,No,2012-04-01,24148,373.10220000000004,347.9022,373.10220000000004,23145.9,12.0,373.10220000000004,347.9022,373.10220000000004,False,49467,697,57,77465
4883,535,Mastercard,Credit,5449971634656595,06/2024,172,YES,2,12200,09/2015,2015,No,2015-09-01,24189,0.0,0.0,0.0,0.0,0.0,0.0,0.0,0.0,True,49737,643,51,136056
3995,1731,Mastercard,Debit,5872752390879513,09/2020,772,YES,1,18244,07/2012,2012,No,2012-07-01,24151,16.84919,16.359189999999998,16.84919,3854.38,12.0,16.84919,16.359189999999998,16.84919,False,47242,704,64,62224
4888,1731,Visa,Debit (Prepaid),4662000840694246,09/2023,924,YES,2,81,09/2015,2015,No,2015-09-01,24189,0.0,0.0,10.66651,2174.02,12.0,0.0,0.0,10.66651,False,47242,704,64,62224
3629,1290,Mastercard,Debit,5588067020596088,01/2021,208,YES,2,26704,06/2018,2018,No,2018-06-01,24222,0.0,0.0,0.0,0.0,0.0,0.0,0.0,0.0,False,66428,669,53,197102
3146,1915,Mastercard,Debit,5937648730770388,12/2024,903,YES,1,34453,05/2014,2014,No,2014-05-01,24173,57.18826,55.18826,57.18826,11363.52,12.0,57.18826,55.18826,57.18826,False,52062,775,54,97881
2672,1882,Discover,Credit,6504367247289968,01/2019,580,YES,1,13600,04/2011,2011,No,2011-04-01,24136,438.23232,433.19232,438.23232,28201.239999999998,12.0,438.23232,433.19232,438.23232,False,59322,694,58,145137
3556,1467,Visa,Debit,4479897458047272,12/2024,411,YES,1,24498,06/2012,2012,No,2012-06-01,24150,297.952865,286.012865,297.952865,62482.73,12.0,297.952865,286.012865,297.952865,True,53254,736,26,131334
4795,636,Visa,Debit,4711994375142426,04/2022,577,YES,1,3915,09/2010,2010,No,2010-09-01,24129,41.640235,39.500235,41.640235,8058.47,12.0,41.640235,39.500235,41.640235,False,24372,793,47,63295
4361,636,Mastercard,Debit,5673609398481611,02/2020,990,YES,1,1218,08/2011,2012,No,2011-08-01,24140,25.360615,24.880615,25.360615,5526.23,12.0,25.360615,24.880615,25.360615,False,24372,793,47,63295
284,636,Visa,Debit,4071490746118665,07/2020,498,YES,1,12057,01/2011,2018,No,2011-01-01,24133,26.89654,25.93654,26.89654,7003.08,12.0,26.89654,25.93654,26.89654,False,24372,793,47,63295
3051,782,Mastercard,Debit,5863102770923374,03/2024,62,NO,2,13055,05/2010,2010,No,2010-05-01,24125,144.715645,143.125645,144.715645,35015.29,12.0,144.715645,143.125645,144.715645,False,37169,722,51,93844
1211,1192,Mastercard,Debit,5303411542373680,10/2023,305,YES,1,2001,02/2010,2018,No,2010-02-01,24122,181.45102,175.12102,181.45102,23273.04,12.0,181.45102,175.12102,181.45102,True,40026,768,44,70877
3103,869,Visa,Debit,4705406456208642,04/2022,542,YES,2,19792,05/2011,2011,No,2011-05-01,24137,35.338735,33.448735,35.338735,8226.470000000001,12.0,35.338735,33.448735,35.338735,False,34220,745,73,0
3104,869,Visa,Debit (Prepaid),4751613092399340,09/2024,600,YES,2,76,05/2011,2011,No,2011-05-01,24137,0.0,0.0,31.21381,4024.62,12.0,0.0,0.0,31.21381,False,34220,745,73,0
4405,869,Mastercard,Debit,5176023312287835,10/2023,444,YES,1,19811,08/2013,2013,No,2013-08-01,24164,28.74446,27.08446,28.74446,6442.92,12.0,28.74446,27.08446,28.74446,False,34220,745,73,0
3517,869,Mastercard,Debit,5737557443858194,11/2020,462,YES,2,17602,06/2011,2011,No,2011-06-01,24138,44.26105,42.591049999999996,44.26105,12327.1,12.0,44.26105,42.591049999999996,44.26105,False,34220,745,73,0
6067,1124,Mastercard,Debit,5128558439499170,03/2021,199,YES,1,7184,12/2012,2012,No,2012-12-01,24156,0.0,0.0,0.0,0.0,0.0,0.0,0.0,0.0,False,23740,841,45,4313
1245,721,Visa,Credit,4024411952428035,04/2022,865,YES,1,11900,02/2010,2014,No,2010-02-01,24122,74.81268,68.69268,74.81268,5132.26,12.0,74.81268,68.69268,74.81268,False,38386,850,39,74820
3949,721,Visa,Credit,4472564488537917,12/2018,194,NO,2,2000,07/2010,2010,No,2010-07-01,24127,93.3741,93.3741,93.3741,5972.45,12.0,93.3741,93.3741,93.3741,False,38386,850,39,74820
4426,721,Mastercard,Debit,5869951817550274,09/2023,672,YES,2,12827,08/2014,2014,No,2014-08-01,24176,78.457865,77.69786500000001,78.457865,6689.73,12.0,78.457865,77.69786500000001,78.457865,False,38386,850,39,74820
4377,721,Visa,Credit,4650428198678080,10/2011,741,YES,2,6700,08/2011,2011,No,2011-08-01,24140,13.585139999999999,13.585139999999999,13.585139999999999,982.73,3.0,13.585139999999999,13.585139999999999,13.585139999999999,False,38386,850,39,74820
342,1028,Amex,Credit,355983307821258,10/2023,647,NO,2,14600,01/2015,2015,No,2015-01-01,24181,500.78718,485.66718,500.78718,29747.51,12.0,595.78718,580.6671799999999,595.78718,False,81122,682,50,112394
4770,549,Mastercard,Credit,5045264762203417,12/2022,83,NO,1,12600,09/2010,2012,No,2010-09-01,24129,243.66996,243.66996,243.66996,15477.22,12.0,243.66996,243.66996,243.66996,False,62304,719,51,113416
4467,549,Amex,Credit,305358883388381,02/2020,712,YES,2,7100,08/2018,2018,No,2018-08-01,24224,252.03006000000002,252.03006000000002,252.03006000000002,15569.67,12.0,347.03006000000005,347.03006000000005,347.03006000000005,False,62304,719,51,113416
1314,565,Mastercard,Debit,5122535818803524,11/2020,15,NO,1,18090,02/2013,2013,No,2013-02-01,24158,148.878495,102.968495,148.878495,32380.989999999998,12.0,148.878495,102.968495,148.878495,False,43598,757,54,15891
4071,565,Visa,Debit,4125650435743087,09/2024,385,NO,1,16080,07/2018,2018,No,2018-07-01,24223,76.03253,55.68253,76.03253,16693.06,12.0,76.03253,55.68253,76.03253,False,43598,757,54,15891
3175,565,Mastercard,Debit,5971222369856302,08/2024,849,NO,1,17599,05/2016,2016,No,2016-05-01,24197,110.580165,79.670165,110.580165,24868.33,12.0,110.580165,79.670165,110.580165,False,43598,757,54,15891
3579,1494,Mastercard,Debit,5975842385182413,09/2024,596,YES,2,10726,06/2014,2014,No,2014-06-01,24174,116.42827,116.42827,116.42827,15429.54,12.0,116.42827,116.42827,116.42827,True,28931,711,26,34511
2340,1494,Discover,Credit,6256655285791156,01/2020,723,YES,2,4400,03/2015,2015,No,2015-03-01,24183,170.07623999999998,170.07623999999998,170.07623999999998,10081.68,12.0,170.07623999999998,170.07623999999998,170.07623999999998,False,28931,711,26,34511
4026,1809,Visa,Credit,4993554379679385,05/2021,872,YES,1,14600,07/2014,2014,No,2014-07-01,24175,306.64152,282.16152,306.64152,18808.64,12.0,306.64152,282.16152,306.64152,False,73208,664,42,115827
370,1809,Mastercard,Debit (Prepaid),5654819097107073,01/2019,842,YES,1,94,01/2018,2018,No,2018-01-01,24217,0.0,0.0,67.645805,7408.610000000001,12.0,0.0,0.0,67.645805,False,73208,664,42,115827
1338,1809,Mastercard,Debit,5396886931773520,08/2024,7,YES,1,27308,02/2014,2014,No,2014-02-01,24170,81.99897,81.20897,81.99897,11197.94,12.0,81.99897,81.20897,81.99897,False,73208,664,42,115827
3078,637,Visa,Debit,4769992479242564,08/2012,572,YES,2,3864,05/2010,2015,No,2010-05-01,24125,69.27579,68.50579,69.27579,15948.579999999998,12.0,69.27579,68.50579,69.27579,False,77288,771,42,46160
6054,1770,Visa,Debit,4357425484787569,05/2022,368,YES,1,5024,12/2011,2012,No,2011-12-01,24144,205.61133,196.65133,205.61133,37560.659999999996,12.0,205.61133,196.65133,205.61133,True,37544,703,30,15489
5264,1770,Visa,Credit,4908479439696234,12/2017,597,YES,1,0,10/2012,2012,No,2012-10-01,24154,341.36982,307.16982,341.36982,19976.99,12.0,341.36982,307.16982,341.36982,False,37544,703,30,15489
4427,527,Mastercard,Credit,5048637026282696,09/2015,671,YES,2,10500,08/2014,2014,No,2014-08-01,24176,0.0,0.0,0.0,0.0,0.0,0.0,0.0,0.0,True,40628,636,58,66552
3147,1459,Mastercard,Credit,5890992850865874,08/2014,901,YES,1,4000,05/2014,2014,No,2014-05-01,24173,31.040100000000002,26.0001,31.040100000000002,3067.45,4.0,31.040100000000002,26.0001,31.040100000000002,False,31369,707,53,0
352,1544,Amex,Credit,391180215396039,02/2022,329,YES,2,4400,01/2016,2016,No,2016-01-01,24193,777.65688,773.33688,777.65688,43986.16,12.0,872.65688,868.33688,872.65688,False,33339,679,36,83353
3137,1544,Visa,Debit,4875181033970231,01/2020,251,YES,1,16017,05/2013,2013,No,2013-05-01,24161,284.08572499999997,282.165725,284.08572499999997,72701.45,12.0,284.08572499999997,282.165725,284.08572499999997,True,33339,679,36,83353
6040,112,Mastercard,Debit,5640702051187580,05/2020,931,YES,1,16320,12/2011,2011,No,2011-12-01,24144,117.64104,116.59103999999999,117.64104,13357.08,12.0,117.64104,116.59103999999999,117.64104,False,35114,686,54,24637
4398,112,Visa,Debit,4992803371205194,12/2023,569,YES,2,13060,08/2012,2012,No,2012-08-01,24152,102.656165,102.396165,102.656165,12843.33,12.0,102.656165,102.396165,102.656165,False,35114,686,54,24637
4339,112,Visa,Debit,4630099263440870,06/2021,412,YES,2,10517,08/2010,2014,No,2010-08-01,24128,189.89726,186.47725999999997,189.89726,26470.52,12.0,189.89726,186.47725999999997,189.89726,False,35114,686,54,24637
3470,112,Mastercard,Debit,5374280583814639,12/2024,56,NO,2,13245,06/2010,2012,No,2010-06-01,24126,215.991155,213.38115499999998,215.991155,28883.31,12.0,215.991155,213.38115499999998,215.991155,False,35114,686,54,24637
2779,369,Mastercard,Debit (Prepaid),5156265505747462,12/2023,637,YES,1,72,04/2018,2018,No,2018-04-01,24220,0.0,0.0,55.18847,6864.94,12.0,0.0,0.0,55.18847,False,51499,788,39,7226
4008,994,Mastercard,Debit,5105306234690030,07/2021,820,YES,1,12917,07/2013,2013,No,2013-07-01,24163,26.036865,24.276865,26.036865,4066.73,12.0,26.036865,24.276865,26.036865,False,9795,771,85,396
5285,1029,Discover,Credit,6303613152539126,09/2021,328,YES,1,3600,10/2014,2014,No,2014-10-01,24178,345.49812000000003,339.73812000000004,345.49812000000003,21499.34,12.0,345.49812000000003,339.73812000000004,345.49812000000003,False,36589,676,66,86573
3471,1029,Mastercard,Debit,5986920336497205,09/2023,114,NO,2,15894,06/2010,2010,No,2010-06-01,24126,66.22804,65.46804,66.22804,20873.38,12.0,66.22804,65.46804,66.22804,False,36589,676,66,86573
5325,1680,Visa,Debit,4632545212498675,08/2023,330,YES,2,21439,10/2017,2017,No,2017-10-01,24214,208.114545,205.644545,208.114545,44293.09,12.0,208.114545,205.644545,208.114545,True,58959,598,59,109358
2333,494,Visa,Credit,4633191730342522,07/2023,779,YES,2,12700,03/2014,2014,No,2014-03-01,24171,389.01329999999996,383.9733,389.01329999999996,26238.85,12.0,389.01329999999996,383.9733,389.01329999999996,False,56347,779,39,32530
3931,425,Mastercard,Debit,5551364240063147,02/2021,192,YES,1,43673,07/2010,2011,No,2010-07-01,24127,183.79906,182.74906,183.79906,46487.119999999995,12.0,183.79906,182.74906,183.79906,False,59482,688,38,130605
6133,425,Mastercard,Debit,5309902802047025,02/2020,972,YES,1,43973,12/2017,2017,No,2017-12-01,24216,106.195725,105.655725,106.195725,22452.45,12.0,106.195725,105.655725,106.195725,False,59482,688,38,130605
4447,425,Mastercard,Debit,5293051567146083,05/2018,166,YES,1,28069,08/2015,2015,No,2015-08-01,24188,140.047665,138.74766499999998,140.047665,36451.33,12.0,140.047665,138.74766499999998,140.047665,False,59482,688,38,130605
2642,1699,Mastercard,Debit (Prepaid),5899056864789405,01/2020,49,YES,1,70,04/2010,2010,No,2010-04-01,24124,0.0,0.0,46.392219999999995,5301.44,12.0,0.0,0.0,46.392219999999995,False,52929,737,67,37514
4437,1699,Visa,Debit,4913546275337010,10/2020,412,YES,1,31896,08/2014,2014,No,2014-08-01,24176,48.462505,48.222505,48.462505,10441.01,12.0,48.462505,48.222505,48.462505,False,52929,737,67,37514
5593,1699,Amex,Credit,304049639672368,10/2015,923,YES,2,19300,11/2010,2010,No,2010-11-01,24131,425.13696000000004,423.69696000000005,425.13696000000004,26914.72,12.0,520.13696,518.69696,520.13696,False,52929,737,67,37514
3531,1495,Visa,Debit,4211342868154020,04/2019,108,YES,1,42241,06/2011,2012,No,2011-06-01,24138,80.24719499999999,80.24719499999999,80.24719499999999,16949.39,12.0,80.24719499999999,80.24719499999999,80.24719499999999,False,63433,770,52,122550
2762,439,Mastercard,Debit,5427056152561933,05/2020,439,NO,1,16332,04/2016,2016,No,2016-04-01,24196,0.0,0.0,0.0,0.0,0.0,0.0,0.0,0.0,True,51938,697,33,97252
1284,1973,Visa,Debit,4175483090792339,04/2021,147,YES,2,13202,02/2011,2011,No,2011-02-01,24134,37.760954999999996,36.730955,37.760954999999996,11750.91,12.0,37.760954999999996,36.730955,37.760954999999996,False,32520,731,58,29433
2342,1973,Mastercard,Debit (Prepaid),5368860011761099,03/2020,207,YES,2,78,03/2015,2015,No,2015-03-01,24183,0.0,0.0,21.285185000000002,3717.37,12.0,0.0,0.0,21.285185000000002,False,32520,731,58,29433
2660,73,Visa,Credit,4813468957928983,03/2020,563,YES,1,14300,04/2010,2010,No,2010-04-01,24124,424.75356,366.43356,424.75356,25289.42,12.0,424.75356,366.43356,424.75356,False,53478,674,48,73030
2720,73,Visa,Debit,4782359944930749,06/2024,12,NO,1,17252,04/2013,2013,No,2013-04-01,24160,85.116025,81.94602499999999,85.116025,19199.05,12.0,85.116025,81.94602499999999,85.116025,False,53478,674,48,73030
4323,1097,Mastercard,Debit,5064803986712494,01/2022,477,YES,1,10445,08/2010,2010,No,2010-08-01,24128,65.23818,58.72818,65.23818,14298.36,12.0,65.23818,58.72818,65.23818,False,32343,732,39,59006
4324,1097,Mastercard,Debit (Prepaid),5101374030372418,05/2011,237,YES,1,73,08/2010,2010,No,2010-08-01,24128,0.0,0.0,33.571745,3653.4900000000002,10.0,0.0,0.0,33.571745,False,32343,732,39,59006
5728,1644,Visa,Credit,4623909080454335,02/2020,314,YES,2,9400,11/2016,2016,No,2016-11-01,24203,213.57738,213.57738,213.57738,12309.41,12.0,213.57738,213.57738,213.57738,False,31943,686,83,1248
3089,1644,Discover,Credit,6244344461424370,04/2015,414,YES,2,8900,05/2011,2014,No,2011-05-01,24137,191.15225999999998,191.15225999999998,191.15225999999998,11096.57,12.0,191.15225999999998,191.15225999999998,191.15225999999998,False,31943,686,83,1248
3118,967,Mastercard,Debit,5505908551325322,09/2012,646,YES,1,10946,05/2012,2012,No,2012-05-01,24149,0.0,0.0,0.0,0.0,0.0,0.0,0.0,0.0,False,32789,699,41,47679
4325,1114,Mastercard,Debit,5620106433417052,11/2024,339,YES,2,21408,08/2010,2015,No,2010-08-01,24128,76.222945,75.992945,76.222945,13724.89,12.0,76.222945,75.992945,76.222945,False,37115,685,44,58438
4009,1031,Mastercard,Credit,5445191857932855,10/2015,194,YES,2,5600,07/2013,2013,No,2013-07-01,24163,155.61522,100.53522,155.61522,9132.29,12.0,155.61522,100.53522,155.61522,False,53762,689,61,37361
5698,1031,Mastercard,Debit,5179089621739035,03/2022,274,YES,1,16220,11/2014,2014,No,2014-11-01,24179,35.04474,33.54474,35.04474,5850.48,12.0,35.04474,33.54474,35.04474,False,53762,689,61,37361
3571,728,Visa,Debit,4434350524306826,08/2020,920,YES,2,10289,06/2013,2013,No,2013-06-01,24162,69.13039,67.85039,69.13039,12027.779999999999,12.0,69.13039,67.85039,69.13039,False,33076,721,30,50117
1246,1639,Visa,Debit,4973656988526728,02/2023,703,YES,2,31554,02/2010,2010,No,2010-02-01,24122,294.744485,195.82448499999998,294.744485,108195.97,12.0,294.744485,195.82448499999998,294.744485,True,49595,676,58,68057
3996,1587,Mastercard,Debit,5638793020721462,02/2020,531,YES,2,35968,07/2012,2012,No,2012-07-01,24151,142.25993499999998,142.25993499999998,142.25993499999998,42008.87,12.0,142.25993499999998,142.25993499999998,142.25993499999998,False,82019,695,31,64583
3034,1587,Amex,Credit,343245906110440,07/2022,728,YES,1,30900,05/2010,2016,No,2010-05-01,24125,2230.1577,2216.1177000000002,2230.1577,128051.65000000001,12.0,2325.1577,2311.1177000000002,2325.1577,True,82019,695,31,64583
5308,1883,Visa,Debit,4745291753757744,12/2017,291,YES,1,22122,10/2015,2015,No,2015-10-01,24190,0.0,0.0,0.0,0.0,0.0,0.0,0.0,0.0,False,51942,723,76,22839
4865,1883,Visa,Debit,4114185411174504,07/2023,606,YES,2,33181,09/2013,2013,No,2013-09-01,24165,0.0,0.0,0.0,0.0,0.0,0.0,0.0,0.0,False,51942,723,76,22839
2773,712,Visa,Debit,4891475179534976,12/2018,326,YES,2,18316,04/2017,2017,No,2017-04-01,24208,29.193559999999998,28.13356,29.193559999999998,4820.12,12.0,29.193559999999998,28.13356,29.193559999999998,False,29130,720,74,8746
3615,712,Visa,Debit,4047431792511852,05/2024,615,YES,1,14858,06/2016,2016,No,2016-06-01,24198,40.206775,37.42181,40.206775,6372.55,12.0,40.206775,37.42181,40.206775,False,29130,720,74,8746
4758,712,Discover,Credit,6443318322155670,07/2021,518,YES,1,14900,09/2010,2010,No,2010-09-01,24129,270.4275,219.66750000000002,270.4275,16991.75,12.0,270.4275,219.66750000000002,270.4275,False,29130,720,74,8746
4475,146,Visa,Debit,4778924908010471,02/2021,656,YES,1,30320,08/2018,2018,No,2018-08-01,24224,41.99591,40.92591,41.99591,9001.82,12.0,41.99591,40.92591,41.99591,False,68710,717,47,201796
4340,154,Visa,Debit,4287822159932211,11/2022,878,YES,2,4660,08/2010,2013,No,2010-08-01,24128,129.84043499999999,96.830435,129.84043499999999,31869.87,12.0,129.84043499999999,96.830435,129.84043499999999,False,37468,666,48,73448
5703,704,Visa,Debit,4643473532096411,03/2024,281,YES,2,49425,11/2014,2014,No,2014-11-01,24179,79.181285,78.062555,79.181285,15898.57,12.0,79.181285,78.062555,79.181285,False,112695,840,51,35135
4010,704,Mastercard,Debit,5696951093879559,02/2024,206,YES,1,47330,07/2013,2013,No,2013-07-01,24163,97.26231,96.69230999999999,97.26231,19027.62,12.0,97.26231,96.69230999999999,97.26231,False,112695,840,51,35135
3997,704,Mastercard,Debit,5317790276482208,02/2020,205,YES,2,50774,07/2012,2012,No,2012-07-01,24151,136.65714,136.07713999999999,136.65714,31919.28,12.0,136.65714,136.07713999999999,136.65714,False,112695,840,51,35135
226,729,Mastercard,Debit,5279503639469023,02/2020,613,YES,2,23039,01/2010,2010,No,2010-01-01,24121,120.273145,119.363145,120.273145,18885.29,12.0,120.273145,119.363145,120.273145,False,24884,850,80,1828
298,729,Mastercard,Debit,5279484044685392,04/2023,166,YES,1,17795,01/2012,2012,No,2012-01-01,24145,64.987815,64.077815,64.987815,9944.63,12.0,64.987815,64.077815,64.987815,False,24884,850,80,1828
4024,729,Mastercard,Debit,5219693851377223,12/2014,164,NO,1,14626,07/2014,2014,No,2014-07-01,24175,19.097305,18.867305,19.097305,1807.61,6.0,19.097305,18.867305,19.097305,False,24884,850,80,1828
1306,1016,Visa,Credit,4720586956662009,01/2023,320,YES,1,200,02/2012,2012,No,2012-02-01,24146,35.72262,35.72262,35.72262,2164.5899999999997,12.0,35.72262,35.72262,35.72262,False,553,719,41,740
4771,1214,Mastercard,Debit,5937904364088537,08/2020,832,NO,2,42537,09/2010,2010,No,2010-09-01,24129,140.197105,139.947105,140.197105,35679.21,12.0,140.197105,139.947105,140.197105,False,72470,711,40,133421
4809,927,Mastercard,Debit,5118587392070717,04/2020,847,YES,1,27180,09/2011,2011,No,2011-09-01,24141,0.0,0.0,0.0,0.0,0.0,0.0,0.0,0.0,True,59375,729,37,0
3998,1796,Mastercard,Debit,5419562718481392,11/2020,119,NO,1,16746,07/2012,2012,No,2012-07-01,24151,0.0,0.0,0.0,0.0,0.0,0.0,0.0,0.0,False,30867,794,60,12686
4850,1796,Mastercard,Debit,5363296926225059,02/2018,610,YES,1,15974,09/2013,2013,No,2013-09-01,24165,0.0,0.0,0.0,0.0,0.0,0.0,0.0,0.0,False,30867,794,60,12686
3950,395,Visa,Credit,4544634327077881,08/2022,761,YES,1,10100,07/2010,2011,No,2010-07-01,24127,269.39718,262.55718,269.39718,16927.51,12.0,269.39718,262.55718,269.39718,False,49611,739,39,110543
5192,395,Mastercard,Debit,5220458045937942,08/2014,915,YES,2,26174,10/2010,2011,No,2010-10-01,24130,94.44429,90.80429,94.44429,15431.58,12.0,94.44429,90.80429,94.44429,False,49611,739,39,110543
1354,513,Mastercard,Debit,5974986702403547,09/2021,939,YES,1,24645,02/2015,2015,No,2015-02-01,24182,0.0,0.0,0.0,0.0,0.0,0.0,0.0,0.0,True,35856,712,24,73257
3176,850,Mastercard,Debit,5981401699297039,02/2020,754,YES,2,23072,05/2016,2016,No,2016-05-01,24197,171.37695499999998,168.056955,171.37695499999998,29124.91,12.0,171.37695499999998,168.056955,171.37695499999998,False,40087,712,38,17392
5699,850,Mastercard,Debit,5944442565470173,06/2022,246,YES,1,20881,11/2014,2014,No,2014-11-01,24179,301.12626,294.50626,301.12626,54712.52,12.0,301.12626,294.50626,301.12626,True,40087,712,38,17392
5288,1694,Mastercard,Debit,5689380221189221,11/2016,656,NO,1,23995,10/2014,2014,No,2014-10-01,24178,100.64836,98.95836,100.64836,25285.72,12.0,100.64836,98.95836,100.64836,False,74753,726,83,1585
3079,1694,Visa,Credit,4325110497566622,12/2024,658,YES,1,16900,05/2010,2010,No,2010-05-01,24125,362.37006,318.81006,362.37006,21937.670000000002,12.0,362.37006,318.81006,362.37006,False,74753,726,83,1585
5668,716,Mastercard,Debit (Prepaid),5494077855460522,07/2013,855,NO,1,60,11/2012,2012,No,2012-11-01,24155,0.0,0.0,123.070855,13351.71,9.0,0.0,0.0,123.070855,False,26511,769,31,21869
3965,716,Discover,Credit,6849688773737188,03/2024,590,YES,2,5200,07/2011,2011,No,2011-07-01,24139,427.3245,417.9645,427.3245,24771.25,12.0,427.3245,417.9645,427.3245,False,26511,769,31,21869
5604,1131,Mastercard,Debit,5120921074394357,05/2021,974,YES,2,21417,11/2010,2010,No,2010-11-01,24131,152.224355,93.304355,152.224355,54702.71,12.0,152.224355,93.304355,152.224355,False,19682,683,76,0
3093,1131,Mastercard,Credit,5477242500035905,07/2023,908,YES,1,14600,05/2011,2018,No,2011-05-01,24137,896.7266999999999,360.3267,896.7266999999999,53062.15,12.0,896.7266999999999,360.3267,896.7266999999999,False,19682,683,76,0
4378,1131,Visa,Debit,4410510990382780,05/2023,405,NO,2,23898,08/2011,2011,No,2011-08-01,24140,52.463595,36.213595,52.463595,16934.190000000002,12.0,52.463595,36.213595,52.463595,False,19682,683,76,0
3052,1719,Mastercard,Debit,5649993743023413,05/2022,600,YES,2,16034,05/2010,2010,No,2010-05-01,24125,74.484195,73.96419499999999,74.484195,12468.39,12.0,74.484195,73.96419499999999,74.484195,False,23217,616,81,2559
1247,254,Visa,Debit,4817071694522158,06/2020,185,YES,2,27623,02/2010,2018,No,2010-02-01,24122,414.48717,335.93717,414.48717,102309.34,12.0,414.48717,335.93717,414.48717,True,67589,734,30,0
2717,226,Mastercard,Debit,5392117170606255,03/2018,949,YES,1,56640,04/2013,2013,No,2013-04-01,24160,0.0,0.0,0.0,0.0,0.0,0.0,0.0,0.0,True,92960,724,30,64167
4834,1307,Mastercard,Credit,5948740039365074,05/2021,950,YES,1,21900,09/2012,2012,No,2012-09-01,24153,218.91384,218.91384,218.91384,12419.880000000001,12.0,218.91384,218.91384,218.91384,False,87030,646,52,156474
335,1095,Visa,Debit,4476982543719366,08/2022,789,YES,1,15158,01/2014,2014,No,2014-01-01,24169,32.71784,31.17784,32.71784,9325.68,12.0,32.71784,31.17784,32.71784,False,22918,750,72,11371
5669,1095,Mastercard,Debit,5162155568271005,03/2022,367,YES,1,19332,11/2012,2012,No,2012-11-01,24155,35.466745,34.146745,35.466745,8557.49,12.0,35.466745,34.146745,35.466745,False,22918,750,72,11371
6055,1226,Visa,Debit (Prepaid),4856808577039430,10/2024,49,YES,1,64,12/2011,2011,No,2011-12-01,24144,0.0,0.0,39.538365,3688.73,12.0,0.0,0.0,39.538365,False,36860,714,42,65049
1248,1755,Visa,Debit,4353998165821083,10/2016,159,YES,2,367,02/2010,2015,No,2010-02-01,24122,68.97865999999999,68.41866,68.97865999999999,8462.32,12.0,68.97865999999999,68.41866,68.97865999999999,False,28269,734,53,66681
1315,1755,Mastercard,Credit,5560819053137819,09/2017,173,YES,2,9400,02/2013,2013,No,2013-02-01,24158,137.0601,123.0201,137.0601,8523.45,12.0,137.0601,123.0201,137.0601,False,28269,734,53,66681
5642,1956,Discover,Credit,6679312666731134,09/2021,558,NO,2,9500,11/2011,2011,No,2011-11-01,24143,167.30154,159.02154000000002,167.30154,11194.53,12.0,167.30154,159.02154000000002,167.30154,False,37371,739,43,3378
320,706,Visa,Credit,4395042092797759,11/2023,115,YES,2,12500,01/2013,2013,No,2013-01-01,24157,384.83189999999996,347.03189999999995,384.83189999999996,22564.55,12.0,384.83189999999996,347.03189999999995,384.83189999999996,False,67589,602,33,106072
4034,474,Discover,Credit,6646752478037215,09/2022,583,YES,2,14600,07/2015,2015,No,2015-07-01,24187,549.1215,535.8015,549.1215,33967.75,12.0,549.1215,535.8015,549.1215,False,80957,683,55,161166
6028,93,Visa,Debit,4476003414984390,01/2024,865,YES,2,10198,12/2010,2013,No,2010-12-01,24132,0.0,0.0,0.0,0.0,0.0,0.0,0.0,0.0,True,28696,686,33,52910
6091,93,Visa,Credit,4231335586694007,02/2021,441,YES,1,1800,12/2013,2013,No,2013-12-01,24168,0.0,0.0,0.0,0.0,0.0,0.0,0.0,0.0,False,28696,686,33,52910
6001,1182,Mastercard,Debit,5751184311438390,12/2021,718,YES,1,5716,12/2010,2020,No,2010-12-01,24132,0.0,0.0,0.0,0.0,0.0,0.0,0.0,0.0,True,38153,658,30,92466
347,784,Mastercard,Debit (Prepaid),5890249738384583,11/2022,136,YES,2,64,01/2015,2015,No,2015-01-01,24181,0.0,0.0,0.0,0.0,0.0,0.0,0.0,0.0,False,49523,688,44,89129
3094,1471,Mastercard,Credit,5155511243348834,02/2020,151,YES,1,7900,05/2011,2011,No,2011-05-01,24137,648.1638,643.4838,648.1638,38961.1,12.0,648.1638,643.4838,648.1638,True,21876,786,31,20169
4326,1050,Mastercard,Debit,5044933895270370,04/2022,812,YES,2,2072,08/2010,2010,No,2010-08-01,24128,161.12130499999998,155.111305,161.12130499999998,29948.61,12.0,161.12130499999998,155.111305,161.12130499999998,False,35938,670,43,47204
3472,1050,Mastercard,Debit,5254337924232892,07/2024,93,YES,2,10224,06/2010,2016,No,2010-06-01,24126,200.67901999999998,193.58902,200.67901999999998,39774.04,12.0,200.67901999999998,193.58902,200.67901999999998,True,35938,670,43,47204
5214,1050,Visa,Debit (Prepaid),4475716128209829,11/2019,237,YES,2,49,10/2010,2010,No,2010-10-01,24130,0.0,0.0,106.985395,15418.79,12.0,0.0,0.0,106.985395,False,35938,670,43,47204
2661,207,Visa,Credit,4842107930686432,01/2022,786,YES,1,7700,04/2010,2010,No,2010-04-01,24124,217.96146,181.24146000000002,217.96146,14164.97,12.0,217.96146,181.24146000000002,217.96146,False,28553,745,73,19507
2260,207,Visa,Debit,4149979947275486,02/2021,426,YES,2,5141,03/2010,2010,No,2010-03-01,24123,29.259625,27.689625,29.259625,5851.25,12.0,29.259625,27.689625,29.259625,False,28553,745,73,19507
2693,1207,Mastercard,Credit,5670831659213511,11/2020,143,YES,1,16800,04/2012,2012,No,2012-04-01,24148,347.47974,159.91974,347.47974,20160.43,12.0,347.47974,159.91974,347.47974,False,56368,664,41,71544
6056,1207,Visa,Debit,4093103228262000,08/2021,507,YES,1,17010,12/2011,2011,No,2011-12-01,24144,210.426045,175.286045,210.426045,35974.09,12.0,210.426045,175.286045,210.426045,False,56368,664,41,71544
3138,1012,Visa,Debit,4078119028995757,12/2022,754,YES,1,21086,05/2013,2013,No,2013-05-01,24161,105.136145,98.516145,105.136145,29267.29,12.0,105.136145,98.516145,105.136145,True,32855,693,35,94228
3580,1012,Mastercard,Debit,5893405968354192,08/2015,336,YES,1,14531,06/2014,2014,No,2014-06-01,24174,63.79055,60.44055,63.79055,16372.1,12.0,63.79055,60.44055,63.79055,False,32855,693,35,94228
4896,844,Mastercard,Credit,5516761014693880,12/2024,683,NO,2,8900,09/2016,2016,No,2016-09-01,24201,477.53981999999996,475.73982,477.53981999999996,29807.989999999998,12.0,477.53981999999996,475.73982,477.53981999999996,False,18149,738,65,26672
5234,334,Mastercard,Debit,5526459784807779,04/2022,100,YES,1,14227,10/2011,2012,No,2011-10-01,24142,55.480665,50.900665000000004,55.480665,10708.33,12.0,55.480665,50.900665000000004,55.480665,False,40407,697,44,25986
5595,334,Discover,Credit,6179911986106180,04/2021,135,YES,2,11200,11/2010,2010,No,2010-11-01,24131,218.69928,209.69928,218.69928,12868.96,12.0,218.69928,209.69928,218.69928,False,40407,697,44,25986
6107,1184,Mastercard,Debit,5665263552569686,12/2015,279,YES,1,27876,12/2015,2015,No,2015-12-01,24192,3.58854,3.14854,3.58854,457.08,1.0,3.58854,3.14854,3.58854,False,68765,798,70,75608
4897,1184,Mastercard,Debit,5989681266336088,08/2023,683,YES,2,21120,09/2016,2016,No,2016-09-01,24201,59.770375,56.250375,59.770375,12557.75,12.0,59.770375,56.250375,59.770375,False,68765,798,70,75608
3932,1184,Mastercard,Debit,5827454191464284,07/2020,580,YES,1,29828,07/2010,2011,No,2010-07-01,24127,78.249635,71.869635,78.249635,17177.27,12.0,78.249635,71.869635,78.249635,False,68765,798,70,75608
1339,200,Mastercard,Debit,5950906892579658,03/2014,93,YES,1,18552,02/2014,2014,No,2014-02-01,24170,25.593309999999995,23.883309999999998,25.593309999999995,3608.62,2.0,25.593309999999995,23.883309999999998,25.593309999999995,False,36528,701,57,109785
3970,1446,Mastercard,Debit,5886248864335240,02/2020,334,YES,2,14624,07/2011,2015,No,2011-07-01,24139,141.04924499999998,141.04924499999998,141.04924499999998,26071.489999999998,12.0,141.04924499999998,141.04924499999998,141.04924499999998,True,28163,689,28,50872
3160,1446,Amex,Credit,351994837631702,12/2022,441,YES,2,2600,05/2015,2015,No,2015-05-01,24185,187.06428,187.06428,187.06428,11250.46,12.0,282.06428,282.06428,282.06428,False,28163,689,28,50872
3181,1446,Visa,Debit,4770102025264543,02/2020,63,NO,1,9915,05/2016,2016,No,2016-05-01,24197,52.18201,51.894785,52.18201,7232.02,12.0,52.18201,51.894785,52.18201,False,28163,689,28,50872
5235,1085,Mastercard,Debit (Prepaid),5492728789081207,11/2022,819,YES,1,55,10/2011,2011,No,2011-10-01,24142,0.0,0.0,0.0,0.0,0.0,0.0,0.0,0.0,True,74198,838,27,16084
3105,776,Visa,Debit,4147569007175929,07/2020,384,YES,2,25020,05/2011,2011,No,2011-05-01,24137,113.43062,67.70062,113.43062,44953.24,12.0,113.43062,67.70062,113.43062,False,97455,616,55,219213
354,890,Mastercard,Debit,5029029711457489,09/2023,75,YES,1,19573,01/2016,2016,No,2016-01-01,24193,120.31026,118.704155,120.31026,15123.52,12.0,120.31026,118.704155,120.31026,False,52181,727,37,26792
4027,74,Visa,Debit,4135630980212808,06/2022,74,YES,1,19746,07/2014,2014,No,2014-07-01,24175,67.015155,63.905155,67.015155,14746.31,12.0,67.015155,63.905155,67.015155,False,41957,783,54,151027
1307,74,Visa,Debit,4901356321424938,07/2020,92,NO,1,17682,02/2012,2012,No,2012-02-01,24146,106.942105,100.742105,106.942105,25483.21,12.0,106.942105,100.742105,106.942105,True,41957,783,54,151027
4060,797,Visa,Credit,4992091996146632,11/2023,627,NO,2,4400,07/2017,2017,No,2017-07-01,24211,422.91071999999997,404.19072,422.91071999999997,25971.04,12.0,422.91071999999997,404.19072,422.91071999999997,False,62005,651,61,149968
350,797,Visa,Debit,4627972690876314,06/2021,920,YES,1,20779,01/2015,2015,No,2015-01-01,24181,31.358045,30.298045000000002,31.358045,5176.09,12.0,31.358045,30.298045000000002,31.358045,False,62005,651,61,149968
3127,797,Visa,Debit,4780648737008531,01/2019,156,YES,2,42491,05/2012,2012,No,2012-05-01,24149,43.15234,42.112339999999996,43.15234,9508.68,12.0,43.15234,42.112339999999996,43.15234,False,62005,651,61,149968
4391,797,Mastercard,Debit,5703345270711624,11/2023,711,YES,1,24550,08/2012,2012,No,2012-08-01,24152,36.6125,35.5325,36.6125,9062.0,12.0,36.6125,35.5325,36.6125,False,62005,651,61,149968
1340,109,Mastercard,Debit,5301549251992552,10/2021,773,YES,1,27762,02/2014,2014,No,2014-02-01,24170,0.0,0.0,0.0,0.0,0.0,0.0,0.0,0.0,True,40005,737,29,37694
4461,547,Mastercard,Debit,5886374501408309,01/2019,7,YES,1,16102,08/2017,2017,No,2017-08-01,24212,121.465195,114.635195,121.465195,18856.39,12.0,121.465195,114.635195,121.465195,False,31901,778,70,16285
5298,547,Visa,Debit,4234149459347906,09/2024,314,YES,1,14995,10/2014,2014,No,2014-10-01,24178,191.16123,180.62123,191.16123,34062.46,12.0,191.16123,180.62123,191.16123,False,31901,778,70,16285
2751,347,Visa,Credit,4663448396973766,09/2021,346,YES,2,6100,04/2015,2015,No,2015-04-01,24184,0.0,0.0,0.0,0.0,0.0,0.0,0.0,0.0,True,44046,557,28,57982
5236,201,Mastercard,Debit,5081378671244252,12/2016,401,YES,1,11679,10/2011,2011,No,2011-10-01,24142,48.982225,48.492225,48.982225,9787.45,12.0,48.982225,48.492225,48.982225,False,35823,732,61,96691
4772,1368,Mastercard,Debit,5579604502736656,10/2023,799,YES,1,21792,09/2010,2013,No,2010-09-01,24129,0.0,0.0,0.0,0.0,0.0,0.0,0.0,0.0,True,44976,717,29,80109
3630,1547,Mastercard,Debit (Prepaid),5896024181595036,11/2021,867,YES,1,77,06/2018,2018,No,2018-06-01,24222,0.0,0.0,0.0,0.0,0.0,0.0,0.0,0.0,True,40035,684,28,69241
6068,1379,Mastercard,Debit,5855558054744018,06/2023,878,YES,1,18784,12/2012,2012,No,2012-12-01,24156,94.175855,94.175855,94.175855,12758.71,12.0,94.175855,94.175855,94.175855,False,34408,701,76,9107
4796,1379,Visa,Credit,4164100335475856,10/2022,338,YES,1,10300,09/2010,2010,No,2010-09-01,24129,567.48186,566.4018599999999,567.48186,32763.77,12.0,567.48186,566.4018599999999,567.48186,False,34408,701,76,9107
5215,1379,Visa,Debit,4808036256579380,11/2017,592,YES,2,12460,10/2010,2010,No,2010-10-01,24130,132.082725,131.632725,132.082725,17774.45,12.0,132.082725,131.632725,132.082725,False,34408,701,76,9107
2780,82,Mastercard,Debit (Prepaid),5037837734992926,12/2019,383,YES,1,78,04/2018,2018,No,2018-04-01,24220,0.0,0.0,0.0,0.0,0.0,0.0,0.0,0.0,True,2026,779,22,1417
2311,1053,Mastercard,Debit,5546844697242389,05/2018,523,NO,2,21166,03/2013,2013,No,2013-03-01,24159,117.966495,112.326495,117.966495,33563.99,12.0,117.966495,112.326495,117.966495,False,55571,636,59,93460
5723,955,Mastercard,Debit,5884682122700418,11/2022,856,YES,1,13254,11/2016,2016,No,2016-11-01,24203,59.719845,54.439845,59.719845,9030.69,12.0,59.719845,54.439845,59.719845,False,33944,798,33,53353
1366,955,Mastercard,Debit,5653775383513655,09/2023,867,YES,2,12887,02/2016,2016,No,2016-02-01,24194,96.45684,84.78684,96.45684,16473.68,12.0,96.45684,84.78684,96.45684,True,33944,798,33,53353
1367,856,Mastercard,Credit,5327278156671960,03/2018,105,YES,2,26800,02/2016,2016,No,2016-02-01,24194,1469.90502,1394.30502,1469.90502,85010.39,12.0,1469.90502,1394.30502,1469.90502,False,114318,748,54,328089
4851,856,Mastercard,Debit,5524896778714385,05/2023,673,NO,1,62861,09/2013,2013,No,2013-09-01,24165,182.534245,175.814245,182.534245,63443.490000000005,12.0,182.534245,175.814245,182.534245,False,114318,748,54,328089
1285,856,Visa,Debit,4938580795028359,07/2015,12,NO,1,61399,02/2011,2011,No,2011-02-01,24134,335.99715,323.55715,335.99715,129777.3,12.0,335.99715,323.55715,335.99715,True,114318,748,54,328089
2706,261,Visa,Debit,4234542365249677,02/2022,25,YES,1,23781,04/2012,2012,No,2012-04-01,24148,120.389465,83.579465,120.389465,23951.93,12.0,120.389465,83.579465,120.389465,False,59093,737,41,117325
6129,261,Visa,Debit,4373244578328861,05/2018,827,YES,1,32285,12/2016,2016,No,2016-12-01,24204,53.314595000000004,40.814595,53.314595000000004,9844.19,12.0,53.314595000000004,40.814595,53.314595000000004,False,59093,737,41,117325
6076,261,Visa,Debit,4217828092270661,04/2021,909,YES,1,30650,12/2012,2012,No,2012-12-01,24156,80.376075,57.41168,80.376075,15383.15,12.0,80.376075,57.41168,80.376075,False,59093,737,41,117325
4852,64,Mastercard,Debit,5127580610063404,01/2024,797,YES,1,17612,09/2013,2013,No,2013-09-01,24165,128.63116499999998,123.951165,128.63116499999998,21852.33,12.0,128.63116499999998,123.951165,128.63116499999998,False,51465,702,39,0
1341,1151,Mastercard,Debit,5643282528177276,02/2018,475,YES,1,429,02/2014,2014,No,2014-02-01,24170,48.112605,48.112605,48.112605,2749.21,12.0,48.112605,48.112605,48.112605,False,920,788,53,1914
5279,356,Visa,Debit,4137526666130095,03/2020,698,YES,2,18395,10/2013,2013,No,2013-10-01,24166,105.29067,103.69067,105.29067,19829.34,12.0,105.29067,103.69067,105.29067,False,41420,691,50,0
5605,356,Mastercard,Debit,5464831011600293,09/2024,462,YES,1,21808,11/2010,2010,No,2010-11-01,24131,198.97114,196.11114,198.97114,36544.28,12.0,198.97114,196.11114,198.97114,False,41420,691,50,0
3132,356,Mastercard,Debit,5261666772953093,01/2018,761,YES,1,39192,05/2013,2013,No,2013-05-01,24161,119.18267999999999,117.90267999999999,119.18267999999999,20255.36,12.0,119.18267999999999,117.90267999999999,119.18267999999999,False,41420,691,50,0
2312,356,Mastercard,Debit,5636837846692552,04/2021,859,YES,1,15771,03/2013,2013,No,2013-03-01,24159,128.073935,127.29393499999999,128.073935,21178.87,12.0,128.073935,127.29393499999999,128.073935,False,41420,691,50,0
4028,865,Visa,Debit,4557723574146816,04/2021,794,YES,2,27832,07/2014,2014,No,2014-07-01,24175,82.480215,78.060215,82.480215,20675.43,12.0,82.480215,78.060215,82.480215,False,37786,693,41,107692
4356,865,Amex,Credit,312193617939506,10/2022,789,YES,2,2000,08/2011,2011,No,2011-08-01,24140,414.9027,395.8227,414.9027,23889.15,12.0,509.9027,490.8227,509.9027,False,37786,693,41,107692
5237,865,Mastercard,Debit,5321173022884498,03/2021,666,NO,1,24546,10/2011,2011,No,2011-10-01,24142,147.992405,142.372405,147.992405,35250.81,12.0,147.992405,142.372405,147.992405,False,37786,693,41,107692
2368,1641,Visa,Credit,4500938920704813,11/2020,263,YES,2,1900,03/2017,2017,No,2017-03-01,24207,0.0,0.0,0.0,0.0,0.0,0.0,0.0,0.0,True,51998,640,30,73575
4327,3,Mastercard,Debit (Prepaid),5568042569458348,04/2023,833,NO,1,80,08/2010,2010,No,2010-08-01,24128,0.0,0.0,69.50542,13650.84,12.0,0.0,0.0,69.50542,False,27943,681,49,18693
4835,3,Mastercard,Debit (Prepaid),5175412661393752,08/2023,399,NO,1,62,09/2012,2012,No,2012-09-01,24153,0.0,0.0,36.80686,6619.72,12.0,0.0,0.0,36.80686,False,27943,681,49,18693
3597,3,Visa,Debit,4075087878669701,05/2023,818,YES,2,13515,06/2015,2015,No,2015-06-01,24186,48.568,48.568,48.568,13877.0,12.0,48.568,48.568,48.568,False,27943,681,49,18693
6002,754,Mastercard,Debit,5016418727270137,09/2021,348,YES,1,9,12/2010,2013,No,2010-12-01,24132,47.96878,47.28878,47.96878,9551.56,12.0,47.96878,47.28878,47.96878,False,32817,705,76,27209
2376,127,Visa,Debit,4521071637980158,08/2024,500,NO,2,10702,03/2018,2018,No,2018-03-01,24219,139.164045,137.154045,139.164045,35259.09,12.0,139.164045,137.154045,139.164045,False,31553,729,48,63938
3473,1675,Mastercard,Debit,5418223001029976,06/2021,550,NO,2,33746,06/2010,2010,No,2010-06-01,24126,90.27604,85.08604,90.27604,29052.08,12.0,90.27604,85.08604,90.27604,False,49993,767,36,52978
2372,1675,Mastercard,Debit,5450223883062555,12/2023,64,NO,1,37722,03/2018,2018,No,2018-03-01,24219,99.6431,91.6631,99.6431,30954.2,12.0,99.6431,91.6631,99.6431,False,49993,767,36,52978
1355,747,Mastercard,Credit,5297975423650578,01/2022,978,YES,2,6100,02/2015,2015,No,2015-02-01,24182,223.69824,180.49824,223.69824,12794.68,12.0,223.69824,180.49824,223.69824,False,28828,687,63,49793
2287,747,Visa,Debit,4704027936633995,01/2013,486,YES,1,21952,03/2011,2011,No,2011-03-01,24135,100.20353,94.78353,100.20353,12838.06,12.0,100.20353,94.78353,100.20353,False,28828,687,63,49793
3119,747,Mastercard,Debit,5241795986089992,09/2017,783,YES,1,16565,05/2012,2012,No,2012-05-01,24149,80.387175,77.927175,80.387175,10203.35,12.0,80.387175,77.927175,80.387175,False,28828,687,63,49793
246,1942,Visa,Debit (Prepaid),4709797841612622,06/2022,186,YES,2,11,01/2010,2010,No,2010-01-01,24121,0.0,0.0,50.409729999999996,1279.46,12.0,0.0,0.0,50.409729999999996,False,1,673,77,0
6086,452,Mastercard,Debit (Prepaid),5461456632473048,06/2015,953,YES,1,57,12/2013,2013,No,2013-12-01,24168,0.0,0.0,121.75623,16770.46,12.0,0.0,0.0,121.75623,False,63356,704,31,140107
5700,452,Mastercard,Debit,5480854171366544,06/2024,229,YES,1,24274,11/2014,2014,No,2014-11-01,24179,143.88048,142.48048,143.88048,33981.96,12.0,143.88048,142.48048,143.88048,False,63356,704,31,140107
4451,452,Visa,Debit,4916726529470752,02/2020,702,YES,2,19264,08/2015,2015,No,2015-08-01,24188,129.25912,128.46912,129.25912,28268.24,12.0,129.25912,128.46912,129.25912,False,63356,704,31,140107
6102,1534,Mastercard,Debit,5002425450787708,03/2024,269,YES,1,27771,12/2014,2014,No,2014-12-01,24180,236.63900999999998,236.63900999999998,236.63900999999998,55389.020000000004,12.0,236.63900999999998,236.63900999999998,236.63900999999998,False,80794,803,36,3867
5301,1086,Amex,Credit,318192766245088,11/2024,192,YES,2,5400,10/2015,2015,No,2015-10-01,24190,419.184,419.184,419.184,27029.0,12.0,514.184,514.184,514.184,False,76274,698,57,102611
4910,835,Mastercard,Debit (Prepaid),5400982759283574,07/2023,348,YES,1,58,09/2017,2017,No,2017-09-01,24213,0.0,0.0,0.0,0.0,0.0,0.0,0.0,0.0,False,45312,681,32,11788
2334,835,Visa,Debit,4252835460924891,01/2021,287,YES,2,15851,03/2014,2014,No,2014-03-01,24171,0.0,0.0,0.0,0.0,0.0,0.0,0.0,0.0,False,45312,681,32,11788
2288,835,Visa,Credit,4006785332636414,07/2017,881,YES,1,11000,03/2011,2015,No,2011-03-01,24135,0.0,0.0,0.0,0.0,0.0,0.0,0.0,0.0,False,45312,681,32,11788
4773,835,Mastercard,Debit,5090031463070463,05/2022,181,YES,2,16377,09/2010,2013,No,2010-09-01,24129,0.0,0.0,0.0,0.0,0.0,0.0,0.0,0.0,True,45312,681,32,11788
2662,758,Visa,Credit,4525162655452086,06/2024,626,YES,1,9200,04/2010,2013,No,2010-04-01,24124,185.0418,153.7218,185.0418,12282.1,12.0,185.0418,153.7218,185.0418,False,43180,764,63,36832
355,1221,Mastercard,Debit,5911728602130706,03/2020,650,YES,1,14892,01/2016,2016,No,2016-01-01,24193,142.34465,137.67464999999999,142.34465,17542.3,12.0,142.34465,137.67464999999999,142.34465,False,30747,850,64,51667
4774,1221,Mastercard,Credit,5950660218711311,05/2021,874,YES,1,8500,09/2010,2011,No,2010-09-01,24129,186.52715999999998,163.84716,186.52715999999998,11786.619999999999,12.0,186.52715999999998,163.84716,186.52715999999998,False,30747,850,64,51667
5320,1248,Amex,Credit,338137732685669,12/2017,258,YES,2,11000,10/2017,2017,No,2017-10-01,24214,85.78692000000001,73.54692,85.78692000000001,4765.9400000000005,3.0,180.78692,168.54692,180.78692,False,43386,698,51,2192
3518,1213,Mastercard,Debit (Prepaid),5849967926572948,02/2021,649,YES,1,67,06/2011,2011,No,2011-06-01,24138,0.0,0.0,40.255075,5275.15,12.0,0.0,0.0,40.255075,False,43579,795,34,96994
3106,1213,Visa,Debit,4257444870981173,02/2020,297,YES,1,13905,05/2011,2011,No,2011-05-01,24137,48.26179,46.24179,48.26179,8465.58,12.0,48.26179,46.24179,48.26179,False,43579,795,34,96994
5648,619,Mastercard,Debit,5012988615180480,03/2021,541,YES,1,23220,11/2011,2011,No,2011-11-01,24143,44.004435,43.784435,44.004435,9367.869999999999,12.0,44.004435,43.784435,44.004435,False,53986,748,54,58381
6057,394,Visa,Debit,4699535367725055,06/2023,544,YES,1,22015,12/2011,2011,No,2011-12-01,24144,111.970355,109.530355,111.970355,20522.71,12.0,111.970355,109.530355,111.970355,False,69604,684,52,47193
2663,394,Visa,Debit,4130599250567062,05/2023,25,YES,2,23884,04/2010,2010,No,2010-04-01,24124,168.34108999999998,164.63109,168.34108999999998,27083.18,12.0,168.34108999999998,164.63109,168.34108999999998,False,69604,684,52,47193
4341,394,Visa,Debit,4662668880756908,07/2021,740,NO,2,25808,08/2010,2010,No,2010-08-01,24128,147.4397,144.9897,147.4397,23377.4,12.0,147.4397,144.9897,147.4397,False,69604,684,52,47193
4871,1376,Mastercard,Debit,5699284619972487,01/2021,318,YES,2,26531,09/2014,2014,No,2014-09-01,24177,90.04227999999999,90.04227999999999,90.04227999999999,11190.56,12.0,90.04227999999999,90.04227999999999,90.04227999999999,False,62019,543,49,85666
3532,1376,Visa,Debit,4888780238652712,01/2022,905,YES,2,22641,06/2011,2011,No,2011-06-01,24138,169.519625,169.519625,169.519625,25406.25,12.0,169.519625,169.519625,169.519625,False,62019,543,49,85666
2643,1966,Mastercard,Debit,5638732969366742,04/2023,854,YES,2,13326,04/2010,2010,No,2010-04-01,24124,143.5257,141.4057,143.5257,22480.4,12.0,143.5257,141.4057,143.5257,False,31499,782,42,45661
6029,1966,Visa,Debit,4391016864300787,11/2020,883,YES,1,13778,12/2010,2015,No,2010-12-01,24132,111.16215,110.46215,111.16215,16509.3,12.0,111.16215,110.46215,111.16215,False,31499,782,42,45661
5649,358,Mastercard,Debit,5845909959346068,05/2022,379,YES,2,6863,11/2011,2011,No,2011-11-01,24143,0.0,0.0,0.0,0.0,0.0,0.0,0.0,0.0,False,31079,605,36,91845
1212,358,Mastercard,Debit,5039744580376557,12/2021,653,YES,1,16633,02/2010,2010,No,2010-02-01,24122,0.0,0.0,0.0,0.0,0.0,0.0,0.0,0.0,True,31079,605,36,91845
5650,605,Mastercard,Debit,5070746550577514,03/2020,506,YES,1,14541,11/2011,2011,No,2011-11-01,24143,120.15973,119.89972999999999,120.15973,8134.46,12.0,120.15973,119.89972999999999,120.15973,False,47542,725,42,2667
5289,1362,Mastercard,Debit,5085312612570669,03/2023,845,NO,1,31192,10/2014,2014,No,2014-10-01,24178,35.60374,35.07374,35.60374,8456.48,12.0,35.60374,35.07374,35.60374,False,72510,727,58,44317
2274,1362,Mastercard,Debit (Prepaid),5467215736629408,07/2023,98,YES,2,44,03/2011,2016,No,2011-03-01,24135,0.0,0.0,26.17818,1956.3600000000001,12.0,0.0,0.0,26.17818,False,72510,727,58,44317
3933,1513,Mastercard,Debit,5335296190511129,10/2021,416,YES,1,36344,07/2010,2010,No,2010-07-01,24127,171.83031499999998,171.570315,171.83031499999998,30675.63,12.0,171.83031499999998,171.570315,171.83031499999998,False,65736,733,48,206000
3546,1513,Mastercard,Credit,5257923747690161,11/2020,547,YES,2,8900,06/2012,2012,No,2012-06-01,24150,386.36748,386.36748,386.36748,23089.86,12.0,386.36748,386.36748,386.36748,False,65736,733,48,206000
3547,564,Mastercard,Debit,5943272696356193,03/2016,746,YES,2,14179,06/2012,2012,No,2012-06-01,24150,182.79511,133.67511,182.79511,30831.22,12.0,182.79511,133.67511,182.79511,False,42411,765,57,111077
5724,1583,Mastercard,Debit (Prepaid),5499814764082703,03/2024,208,YES,1,84,11/2016,2016,No,2016-11-01,24203,0.0,0.0,78.85417,6264.34,12.0,0.0,0.0,78.85417,False,52844,826,38,0
5628,401,Visa,Debit,4568197311547979,02/2020,976,YES,1,16619,11/2010,2010,No,2010-11-01,24131,99.74379499999999,98.953795,99.74379499999999,9172.59,12.0,99.74379499999999,98.953795,99.74379499999999,False,28644,806,81,879
5643,401,Discover,Credit,6043138850528323,12/2022,36,NO,1,9700,11/2011,2012,No,2011-11-01,24143,201.57552,189.69552000000002,201.57552,11857.640000000001,12.0,201.57552,189.69552000000002,201.57552,False,28644,806,81,879
3035,401,Amex,Credit,321401373752458,04/2023,507,YES,2,11000,05/2010,2014,No,2010-05-01,24125,433.18458,389.26458,433.18458,25367.81,12.0,528.18458,484.26458,528.18458,False,28644,806,81,879
6030,15,Visa,Debit,4098548875720611,12/2021,832,YES,1,13971,12/2010,2010,No,2010-12-01,24132,0.0,0.0,0.0,0.0,0.0,0.0,0.0,0.0,False,29673,788,52,12950
3182,15,Visa,Credit,4885936439907966,06/2020,161,YES,1,0,05/2016,2016,No,2016-05-01,24197,0.0,0.0,0.0,0.0,0.0,0.0,0.0,0.0,False,29673,788,52,12950
2644,954,Mastercard,Debit,5915880344129112,08/2024,471,YES,2,18320,04/2010,2010,No,2010-04-01,24124,131.942215,110.08221499999999,131.942215,25776.43,12.0,131.942215,110.08221499999999,131.942215,False,37963,772,51,102716
4416,954,Visa,Debit,4400219107299850,11/2013,542,YES,1,18254,08/2013,2013,No,2013-08-01,24164,36.732225,33.082225,36.732225,6733.45,4.0,36.732225,33.082225,36.732225,False,37963,772,51,102716
3548,832,Mastercard,Credit,5218196083865154,10/2024,647,YES,1,10900,06/2012,2012,No,2012-06-01,24150,479.54808,465.3936,479.54808,28711.56,12.0,479.54808,465.3936,479.54808,False,50329,625,40,76759
3107,832,Visa,Debit,4295278548240324,07/2024,380,NO,1,20776,05/2011,2011,No,2011-05-01,24137,68.821765,67.821765,68.821765,24010.53,12.0,68.821765,67.821765,68.821765,False,50329,625,40,76759
2362,1046,Mastercard,Credit,5861740201459988,12/2020,366,YES,2,7300,03/2017,2017,No,2017-03-01,24207,199.9413,195.9813,199.9413,17054.85,12.0,199.9413,195.9813,199.9413,False,36715,547,44,74022
5629,630,Visa,Debit,4542180712523328,11/2020,573,YES,1,9062,11/2010,2010,No,2010-11-01,24131,163.497915,73.747915,163.497915,49172.83,12.0,163.497915,73.747915,163.497915,False,39521,491,60,61861
2377,1548,Visa,Debit,4387424871359762,03/2020,620,YES,1,28762,03/2018,2018,No,2018-03-01,24219,0.0,0.0,0.0,0.0,0.0,0.0,0.0,0.0,False,73067,721,41,6332
4406,1548,Mastercard,Debit,5206850868932460,05/2020,278,YES,1,44345,08/2013,2013,No,2013-08-01,24164,0.0,0.0,0.0,0.0,0.0,0.0,0.0,0.0,False,73067,721,41,6332
1331,1328,Visa,Credit,4186230455407129,04/2020,452,YES,1,1000,02/2013,2013,No,2013-02-01,24158,0.0,0.0,0.0,0.0,0.0,0.0,0.0,0.0,True,84987,600,28,162718
5193,665,Mastercard,Debit,5223363810636949,06/2023,157,YES,1,1264,10/2010,2019,No,2010-10-01,24130,29.541055,27.981054999999998,29.541055,4222.11,12.0,29.541055,27.981054999999998,29.541055,False,11613,790,81,427
1213,442,Mastercard,Debit,5422663837290602,02/2015,95,YES,1,25209,02/2010,2011,No,2010-02-01,24122,77.791985,74.001985,77.791985,16856.97,12.0,77.791985,74.001985,77.791985,False,48600,791,47,23992
2346,442,Visa,Debit,4849956694296337,05/2024,840,YES,2,19525,03/2015,2015,No,2015-03-01,24183,78.36238,76.46238,78.36238,20127.76,12.0,78.36238,76.46238,78.36238,False,48600,791,47,23992
2300,601,Mastercard,Credit,5361691946548943,06/2022,613,YES,2,6700,03/2012,2012,No,2012-03-01,24147,118.36998,109.72998,118.36998,8217.109999999999,12.0,118.36998,109.72998,118.36998,False,43004,761,68,15304
2347,601,Visa,Credit,4000370059012165,11/2024,22,YES,2,5400,03/2015,2015,No,2015-03-01,24183,92.19186,87.15186,92.19186,5771.77,12.0,92.19186,87.15186,92.19186,False,43004,761,68,15304
3053,206,Mastercard,Credit,5817132520514792,01/2024,425,YES,1,11300,05/2010,2011,No,2010-05-01,24125,506.18736,448.22736,506.18736,32691.52,12.0,506.18736,448.22736,506.18736,True,37583,782,28,51633
5704,115,Visa,Debit,4975707785859421,09/2022,744,YES,2,34284,11/2014,2014,No,2014-11-01,24179,39.21936,36.94936,39.21936,10895.72,12.0,39.21936,36.94936,39.21936,False,101018,748,61,78115
3934,1779,Mastercard,Debit,5398659110488007,10/2024,776,YES,2,9257,07/2010,2018,No,2010-07-01,24127,123.759215,117.899215,123.759215,18987.43,12.0,123.759215,117.899215,123.759215,False,32125,733,30,58712
1214,1779,Mastercard,Debit,5786581990221963,02/2023,672,YES,2,7623,02/2010,2015,No,2010-02-01,24122,164.070865,156.750865,164.070865,27631.73,12.0,164.070865,156.750865,164.070865,True,32125,733,30,58712
4029,248,Visa,Debit,4747815633973046,08/2021,914,YES,1,9741,07/2014,2014,No,2014-07-01,24175,60.153265,56.833265,60.153265,10786.53,12.0,60.153265,56.833265,60.153265,False,13596,684,80,352
3130,1003,Discover,Credit,6369515530338470,10/2024,852,YES,2,21000,05/2013,2013,No,2013-05-01,24161,2635.41798,1512.21798,2635.41798,151511.11,12.0,2635.41798,1512.21798,2635.41798,True,80526,632,51,117380
3557,118,Visa,Debit,4142110459052351,09/2024,112,YES,1,20653,06/2012,2012,No,2012-06-01,24150,35.796245,34.746245,35.796245,6521.49,12.0,35.796245,34.746245,35.796245,False,31533,753,56,42315
4797,755,Visa,Debit,4152201825251056,12/2022,314,YES,2,10756,09/2010,2018,No,2010-09-01,24129,37.98785,33.53785,37.98785,8171.7,12.0,37.98785,33.53785,37.98785,False,23137,642,74,4871
2757,755,Discover,Credit,6854474888626753,01/2020,26,YES,3,4900,04/2016,2016,No,2016-04-01,24196,206.76114,154.92114,206.76114,13609.73,12.0,206.76114,154.92114,206.76114,False,23137,642,74,4871
2321,755,Visa,Debit,4668572513233214,08/2021,346,YES,2,11869,03/2013,2013,No,2013-03-01,24159,30.3617,28.811700000000002,30.3617,5697.4,12.0,30.3617,28.811700000000002,30.3617,False,23137,642,74,4871
2726,1432,Mastercard,Debit,5033363979740914,07/2022,246,YES,2,25740,04/2014,2014,No,2014-04-01,24172,103.84852,101.40852,103.84852,16510.04,12.0,103.84852,101.40852,103.84852,False,69747,741,42,80763
5630,47,Visa,Debit (Prepaid),4163402116623079,12/2021,57,YES,2,100,11/2010,2010,No,2010-11-01,24131,0.0,0.0,54.203269999999996,6252.54,12.0,0.0,0.0,54.203269999999996,False,25434,712,47,45540
5670,760,Mastercard,Debit,5089677231892699,05/2022,95,YES,1,17393,11/2012,2012,No,2012-11-01,24155,121.567825,83.437825,121.567825,20149.65,12.0,121.567825,83.437825,121.567825,False,37558,778,56,72514
4379,760,Visa,Debit (Prepaid),4328570434774826,01/2023,822,NO,1,59,08/2011,2011,No,2011-08-01,24140,0.0,0.0,144.91872999999998,14395.46,12.0,0.0,0.0,144.91872999999998,False,37558,778,56,72514
4810,1246,Mastercard,Debit,5019373098063506,05/2024,803,NO,1,16257,09/2011,2011,No,2011-09-01,24141,55.491725,51.511725,55.491725,10344.45,12.0,55.491725,51.511725,55.491725,False,31008,713,49,60527
2774,641,Visa,Debit,4090737232864595,04/2019,873,YES,2,18401,04/2017,2017,No,2017-04-01,24208,88.956965,85.21696499999999,88.956965,14382.93,12.0,88.956965,85.21696499999999,88.956965,False,37556,735,62,0
4456,641,Mastercard,Debit,5932134708405084,02/2020,290,YES,1,17946,08/2016,2016,No,2016-08-01,24200,95.63266999999999,93.12267,95.63266999999999,16186.34,12.0,95.63266999999999,93.12267,95.63266999999999,False,37556,735,62,0
5216,1060,Visa,Debit,4810039258739759,05/2023,199,YES,2,14114,10/2010,2010,No,2010-10-01,24130,53.92461,47.17461,53.92461,13035.22,12.0,53.92461,47.17461,53.92461,False,21547,785,76,16040
5326,1060,Visa,Credit,4542199497010950,05/2022,720,YES,2,6500,10/2017,2017,No,2017-10-01,24214,110.19852,79.23852,110.19852,6339.14,12.0,110.19852,79.23852,110.19852,False,21547,785,76,16040
4362,774,Mastercard,Debit,5895713697224705,09/2022,258,YES,2,1669,08/2011,2016,No,2011-08-01,24140,90.84949999999999,81.3795,90.84949999999999,21661.0,12.0,90.84949999999999,81.3795,90.84949999999999,False,33395,588,46,57774
3985,1822,Visa,Debit,4178217448317088,09/2022,519,YES,2,13029,07/2011,2011,No,2011-07-01,24139,0.0,0.0,0.0,0.0,0.0,0.0,0.0,0.0,False,22894,767,87,1501
4462,1209,Mastercard,Credit,5084380925956677,10/2017,617,NO,1,4300,08/2017,2017,No,2017-08-01,24212,136.87398,132.91397999999998,136.87398,8067.11,3.0,136.87398,132.91397999999998,136.87398,False,63815,699,45,4832
2261,997,Visa,Credit,4887678666553627,02/2021,224,YES,1,17100,03/2010,2011,No,2010-03-01,24123,543.06144,543.06144,543.06144,32003.08,12.0,543.06144,543.06144,543.06144,False,54963,675,57,105623
6108,997,Mastercard,Debit (Prepaid),5003576204537961,12/2020,14,YES,1,57,12/2015,2015,No,2015-12-01,24192,0.0,0.0,425.61105499999996,39931.11,12.0,0.0,0.0,425.61105499999996,False,54963,675,57,105623
6041,1180,Mastercard,Credit,5993329445307051,06/2023,375,YES,1,11200,12/2011,2016,No,2011-12-01,24144,1144.64718,1100.72718,1144.64718,68550.51,12.0,1144.64718,1100.72718,1144.64718,True,35940,595,28,54354
3183,318,Visa,Credit,4949255212004884,12/2023,520,YES,2,0,05/2016,2016,No,2016-05-01,24197,0.0,0.0,0.0,0.0,0.0,0.0,0.0,0.0,False,36911,724,62,93367
3157,1993,Visa,Debit,4474146136597583,06/2015,298,YES,1,54768,05/2014,2014,No,2014-05-01,24173,39.338409999999996,38.21841,39.338409999999996,12794.82,12.0,39.338409999999996,38.21841,39.338409999999996,False,92785,786,59,122254
271,252,Mastercard,Debit (Prepaid),5762124532464441,10/2024,43,YES,2,35,01/2011,2011,No,2011-01-01,24133,0.0,0.0,27.260325,1698.65,12.0,0.0,0.0,27.260325,False,34985,723,67,29409
2685,1757,Visa,Debit,4126600786733032,10/2023,380,YES,1,12628,04/2011,2012,No,2011-04-01,24136,84.65772,84.65772,84.65772,12227.44,12.0,84.65772,84.65772,84.65772,False,42086,784,39,79530
4820,1757,Visa,Debit,4770016969284052,03/2016,688,YES,1,16642,09/2011,2011,No,2011-09-01,24141,56.10843,56.10843,56.10843,7808.86,12.0,56.10843,56.10843,56.10843,False,42086,784,39,79530
3054,1324,Mastercard,Debit,5147547789135485,12/2020,635,YES,1,13013,05/2010,2012,No,2010-05-01,24125,55.247685,52.897685,55.247685,12647.37,12.0,55.247685,52.897685,55.247685,False,38872,663,45,94970
6098,1557,Discover,Credit,6263143688274935,04/2020,750,YES,2,9000,12/2014,2014,No,2014-12-01,24180,101.4876,84.2076,101.4876,6486.2,12.0,101.4876,84.2076,101.4876,False,48295,707,50,109558
6042,1555,Mastercard,Debit (Prepaid),5313709235716865,04/2022,105,YES,2,50,12/2011,2011,No,2011-12-01,24144,0.0,0.0,41.27419,6335.38,12.0,0.0,0.0,41.27419,True,39708,717,28,113715
3190,1555,Mastercard,Credit,5004140207005826,12/2024,826,YES,2,2300,05/2017,2017,No,2017-05-01,24209,453.63222,334.47222,453.63222,26257.79,12.0,453.63222,334.47222,453.63222,False,39708,717,28,113715
1334,156,Amex,Credit,338476518852926,05/2021,955,YES,2,5200,02/2014,2014,No,2014-02-01,24170,117.34344,117.34344,117.34344,7071.08,12.0,212.34344,212.34344,212.34344,False,28007,691,36,0
1316,302,Mastercard,Debit,5544586425634316,09/2020,652,YES,2,16799,02/2013,2013,No,2013-02-01,24158,0.0,0.0,0.0,0.0,0.0,0.0,0.0,0.0,True,37384,706,27,120327
2249,949,Mastercard,Debit,5026926528558439,06/2023,88,YES,2,15813,03/2010,2011,No,2010-03-01,24123,213.45,197.75,213.45,62944.0,12.0,213.45,197.75,213.45,True,63684,709,29,96864
3549,949,Mastercard,Credit,5272390505326909,06/2022,137,YES,2,8000,06/2012,2012,No,2012-06-01,24150,593.37972,545.49972,593.37972,35030.54,12.0,593.37972,545.49972,593.37972,False,63684,709,29,96864
3598,1281,Visa,Credit,4150741409734991,08/2021,36,YES,2,6600,06/2015,2015,No,2015-06-01,24186,40.01274,37.132740000000005,40.01274,3055.9300000000003,12.0,40.01274,37.132740000000005,40.01274,False,26546,689,92,2480
4775,1281,Mastercard,Debit,5111772382182985,11/2022,613,YES,2,15149,09/2010,2010,No,2010-09-01,24129,32.60739,29.54739,32.60739,6950.780000000001,12.0,32.60739,29.54739,32.60739,False,26546,689,92,2480
3095,1281,Mastercard,Credit,5360137436970945,01/2017,838,YES,1,10100,05/2011,2016,No,2011-05-01,24137,135.09684000000001,112.05684000000001,135.09684000000001,8722.380000000001,12.0,135.09684000000001,112.05684000000001,135.09684000000001,False,26546,689,92,2480
3589,1281,Mastercard,Credit,5984801708604393,03/2019,199,YES,2,3600,06/2015,2015,No,2015-06-01,24186,36.240480000000005,33.72048,36.240480000000005,2129.36,11.0,36.240480000000005,33.72048,36.240480000000005,False,26546,689,92,2480
3163,433,Mastercard,Debit,5647678785895097,10/2024,728,YES,1,10179,05/2015,2015,No,2015-05-01,24185,69.16394,68.90394,69.16394,13909.880000000001,12.0,69.16394,68.90394,69.16394,False,31957,771,49,12347
2370,433,Amex,Credit,365863370015670,08/2020,62,YES,2,12600,03/2018,2018,No,2018-03-01,24219,228.339,226.179,228.339,13230.5,12.0,323.339,321.179,323.339,False,31957,771,49,12347
4866,433,Visa,Debit (Prepaid),4441251898273999,12/2017,539,YES,1,96,09/2013,2013,No,2013-09-01,24165,0.0,0.0,82.668915,9467.83,12.0,0.0,0.0,82.668915,False,31957,771,49,12347
5606,433,Mastercard,Debit (Prepaid),5758062322827453,02/2020,705,YES,1,73,11/2010,2010,No,2010-11-01,24131,0.0,0.0,126.04295499999999,13111.91,12.0,0.0,0.0,126.04295499999999,False,31957,771,49,12347
4040,584,Visa,Credit,4420105255078893,04/2021,771,YES,1,6500,07/2015,2015,No,2015-07-01,24187,82.09062,74.53062,82.09062,4697.59,12.0,82.09062,74.53062,82.09062,False,29195,743,61,64881
4821,222,Visa,Debit,4677263098292783,10/2014,224,YES,1,46521,09/2011,2012,No,2011-09-01,24141,67.394145,66.86414500000001,67.394145,29290.29,12.0,67.394145,66.86414500000001,67.394145,False,93417,714,48,115916
3474,648,Mastercard,Credit,5409476939542313,01/2020,683,YES,1,9200,06/2010,2010,No,2010-06-01,24126,137.97144,130.41144,137.97144,9689.08,12.0,137.97144,130.41144,137.97144,False,29854,674,40,66044
2694,1229,Mastercard,Debit (Prepaid),5325455545002997,10/2023,421,YES,2,74,04/2012,2012,No,2012-04-01,24148,0.0,0.0,28.982705,3299.41,12.0,0.0,0.0,28.982705,False,49350,713,50,20942
272,1229,Mastercard,Debit,5896034364726407,01/2023,588,YES,1,19238,01/2011,2011,No,2011-01-01,24133,56.08806,54.24806,56.08806,11729.12,12.0,56.08806,54.24806,56.08806,False,49350,713,50,20942
4448,1656,Mastercard,Debit,5955659249394046,09/2020,572,YES,2,20097,08/2015,2015,No,2015-08-01,24188,153.76638,148.97638,153.76638,26625.76,12.0,153.76638,148.97638,153.76638,True,41141,706,35,81016
4872,480,Mastercard,Credit,5820692615463304,08/2023,905,YES,2,23400,09/2014,2014,No,2014-09-01,24177,208.57283999999999,201.73284,208.57283999999999,12645.38,12.0,208.57283999999999,201.73284,208.57283999999999,False,86113,713,50,177353
5607,480,Mastercard,Debit (Prepaid),5990674029501133,03/2023,331,YES,1,48,11/2010,2012,No,2010-11-01,24131,0.0,0.0,46.18116,3909.32,12.0,0.0,0.0,46.18116,False,86113,713,50,177353
2764,569,Visa,Credit,4345309820081331,08/2022,761,YES,2,5900,04/2016,2016,No,2016-04-01,24196,441.30708000000004,426.90708,441.30708000000004,29549.06,12.0,441.30708000000004,426.90708,441.30708000000004,True,45625,662,52,81136
5608,1600,Mastercard,Debit,5986596679422097,03/2021,556,YES,2,5059,11/2010,2010,No,2010-11-01,24131,77.58489999999999,75.6949,77.58489999999999,19244.8,12.0,77.58489999999999,75.6949,77.58489999999999,False,101193,747,62,124771
3498,1063,Visa,Credit,4724626131573867,06/2023,408,YES,1,9300,06/2010,2010,No,2010-06-01,24126,573.94134,572.86134,573.94134,33091.630000000005,12.0,573.94134,572.86134,573.94134,False,37898,716,64,36994
5683,1063,Mastercard,Debit,5487742107326265,07/2015,71,YES,1,28805,11/2013,2013,No,2013-11-01,24167,117.43099,116.08099,117.43099,16741.98,12.0,117.43099,116.08099,117.43099,False,37898,716,64,36994
3475,32,Mastercard,Debit,5694871166428059,12/2020,965,NO,2,11121,06/2010,2013,No,2010-06-01,24126,36.33616,35.10616,36.33616,5671.32,12.0,36.33616,35.10616,36.33616,False,52315,695,82,3174
4798,396,Visa,Debit (Prepaid),4449334595737957,02/2023,963,NO,2,65,09/2010,2011,No,2010-09-01,24129,0.0,0.0,0.0,0.0,0.0,0.0,0.0,0.0,False,50341,735,89,3270
2785,396,Visa,Debit (Prepaid),4976990803040923,02/2020,280,YES,1,63,04/2018,2018,No,2018-04-01,24220,0.0,0.0,0.0,0.0,0.0,0.0,0.0,0.0,False,50341,735,89,3270
4911,396,Mastercard,Debit (Prepaid),5855912828685060,10/2020,998,NO,1,69,09/2017,2017,No,2017-09-01,24213,0.0,0.0,0.0,0.0,0.0,0.0,0.0,0.0,False,50341,735,89,3270
3161,104,Discover,Credit,6464999389821775,09/2020,611,YES,1,6300,05/2015,2015,No,2015-05-01,24185,346.82382,335.30382,346.82382,21168.99,12.0,346.82382,335.30382,346.82382,False,37384,713,33,49182
4363,1062,Mastercard,Debit,5880409088686139,09/2020,549,YES,2,11666,08/2011,2011,No,2011-08-01,24140,0.0,0.0,0.0,0.0,0.0,0.0,0.0,0.0,True,35274,708,58,35234
3964,1106,Amex,Credit,355949624026502,12/2012,895,YES,2,11000,07/2011,2011,No,2011-07-01,24139,236.84094,236.48094,236.84094,14344.83,12.0,331.84094,331.48094000000003,331.84094,False,20783,699,62,23623
2335,1106,Visa,Debit,4093331419395756,12/2023,813,YES,1,16927,03/2014,2014,No,2014-03-01,24171,130.72248,128.73247999999998,130.72248,14927.96,12.0,130.72248,128.73247999999998,130.72248,False,20783,699,62,23623
5238,1045,Mastercard,Debit (Prepaid),5957384655695394,07/2021,529,YES,1,95,10/2011,2011,No,2011-10-01,24142,0.0,0.0,0.0,0.0,0.0,0.0,0.0,0.0,True,33778,757,27,10058
2250,1786,Mastercard,Debit,5212105993740368,09/2023,749,YES,1,12127,03/2010,2010,No,2010-03-01,24123,83.26429499999999,82.584295,83.26429499999999,7547.59,12.0,83.26429499999999,82.584295,83.26429499999999,False,38611,755,48,93255
3519,899,Mastercard,Debit,5972582186298210,02/2016,369,NO,1,22172,06/2011,2016,No,2011-06-01,24138,0.0,0.0,0.0,0.0,0.0,0.0,0.0,0.0,True,47891,629,29,114299
3581,53,Mastercard,Debit,5671275511039267,07/2024,152,NO,2,16923,06/2014,2014,No,2014-06-01,24174,279.05634499999996,275.906345,279.05634499999996,52609.69,12.0,279.05634499999996,275.906345,279.05634499999996,False,39700,701,49,59062
5732,1491,Mastercard,Debit,5388327407245086,12/2018,809,YES,2,23572,11/2017,2017,No,2017-11-01,24215,0.0,0.0,0.0,0.0,0.0,0.0,0.0,0.0,False,46209,710,41,56034
1249,330,Visa,Debit,4013218758934399,10/2012,551,YES,2,25124,02/2010,2010,No,2010-02-01,24122,0.0,0.0,0.0,0.0,0.0,0.0,0.0,0.0,True,64419,711,36,183210
4380,392,Visa,Credit,4634733858816477,12/2021,388,YES,1,14100,08/2011,2013,No,2011-08-01,24140,0.0,0.0,0.0,0.0,0.0,0.0,0.0,0.0,False,33098,775,50,59605
2275,1163,Mastercard,Credit,5056525550531002,07/2022,251,YES,2,22200,03/2011,2011,No,2011-03-01,24135,268.96698,262.84698,268.96698,16701.61,12.0,268.96698,262.84698,268.96698,False,67170,489,45,114251
5227,230,Amex,Credit,327212376390677,08/2023,611,YES,2,8700,10/2011,2013,No,2011-10-01,24142,79.5636,79.5636,79.5636,4672.2,12.0,174.5636,174.5636,174.5636,False,35501,693,39,78801
1301,1066,Mastercard,Debit,5803246848212927,08/2023,269,YES,2,20060,02/2012,2012,No,2012-02-01,24146,219.237935,91.517935,219.237935,67608.87,12.0,219.237935,91.517935,219.237935,False,54124,727,46,0
5252,1661,Visa,Debit,4835541986783117,02/2020,417,YES,1,33713,10/2011,2011,No,2011-10-01,24142,0.0,0.0,0.0,0.0,0.0,0.0,0.0,0.0,False,72478,728,42,63078
5993,1926,Discover,Credit,6892639215588426,07/2020,873,YES,1,9100,12/2010,2013,No,2010-12-01,24132,151.62444,149.82444,151.62444,9615.58,12.0,151.62444,149.82444,151.62444,False,26574,689,70,5244
2631,27,Discover,Credit,6392121692006580,11/2023,277,YES,1,13100,04/2010,2013,No,2010-04-01,24124,210.91068,186.79068,210.91068,13205.26,12.0,210.91068,186.79068,210.91068,False,23821,613,78,22427
3055,27,Mastercard,Debit,5876088623884858,12/2014,299,NO,1,10488,05/2010,2010,No,2010-05-01,24125,36.139385,35.179384999999996,36.139385,7202.77,12.0,36.139385,35.179384999999996,36.139385,False,23821,613,78,22427
4035,27,Mastercard,Debit (Prepaid),5670263614078854,07/2024,491,YES,1,61,07/2015,2015,No,2015-07-01,24187,0.0,0.0,29.38691,3680.82,12.0,0.0,0.0,29.38691,False,23821,613,78,22427
3191,50,Mastercard,Debit,5332822054530194,07/2020,842,YES,2,29474,05/2017,2017,No,2017-05-01,24209,43.73335,43.73335,43.73335,6296.7,12.0,43.73335,43.73335,43.73335,False,39238,702,68,85457
5194,50,Mastercard,Debit,5735247274529263,02/2017,131,YES,2,25612,10/2010,2010,No,2010-10-01,24130,52.82557,52.82557,52.82557,7962.14,12.0,52.82557,52.82557,52.82557,False,39238,702,68,85457
247,50,Visa,Credit,4319140159818945,06/2023,418,YES,2,12700,01/2010,2010,No,2010-01-01,24121,223.21511999999998,223.21511999999998,223.21511999999998,13865.84,12.0,223.21511999999998,223.21511999999998,223.21511999999998,False,39238,702,68,85457
1270,743,Mastercard,Debit,5434039936536227,01/2022,58,YES,1,11664,02/2011,2011,No,2011-02-01,24134,69.78048,64.62048,69.78048,17252.96,12.0,69.78048,64.62048,69.78048,False,32491,682,44,24515
273,940,Mastercard,Debit,5543612189896625,09/2024,0,YES,2,26534,01/2011,2011,No,2011-01-01,24133,38.20226,37.72226,38.20226,5217.52,12.0,38.20226,37.72226,38.20226,False,41800,699,49,67836
3986,534,Visa,Debit,4434834942514583,04/2021,392,YES,1,24424,07/2011,2011,No,2011-07-01,24139,298.552625,214.252625,298.552625,72949.25,12.0,298.552625,214.252625,298.552625,True,60510,790,27,23196
336,534,Visa,Debit,4357162101921894,04/2024,602,YES,2,32659,01/2014,2014,No,2014-01-01,24169,160.265045,119.985045,160.265045,35338.09,12.0,160.265045,119.985045,160.265045,False,60510,790,27,23196
4068,59,Mastercard,Debit,5139260275619902,12/2018,356,YES,1,14939,07/2018,2018,No,2018-07-01,24223,38.856615,38.606615,38.856615,4765.2300000000005,6.0,38.856615,38.606615,38.856615,False,25066,695,85,424
5195,59,Mastercard,Credit,5287886813527779,09/2021,710,YES,1,6800,10/2010,2010,No,2010-10-01,24130,114.38712000000001,105.38712000000001,114.38712000000001,6823.84,12.0,114.38712000000001,105.38712000000001,114.38712000000001,False,25066,695,85,424
2737,1908,Visa,Debit,4667494597335921,04/2016,716,YES,1,23053,04/2014,2014,No,2014-04-01,24172,66.39605,65.86605,66.39605,20874.1,12.0,66.39605,65.86605,66.39605,False,44469,733,78,12777
4032,1908,Amex,Credit,375809277251923,02/2024,763,NO,1,2900,07/2015,2015,No,2015-07-01,24187,547.87104,539.59104,547.87104,33077.28,12.0,642.87104,634.59104,642.87104,False,44469,733,78,12777
3108,992,Visa,Debit,4374177951721878,12/2023,692,NO,2,23636,05/2011,2013,No,2011-05-01,24137,110.619895,109.229895,110.619895,25591.79,12.0,110.619895,109.229895,110.619895,False,54881,700,46,3584
305,198,Visa,Credit,4539993816741443,03/2023,11,YES,1,6900,01/2012,2012,No,2012-01-01,24145,311.08014000000003,286.24014,311.08014000000003,19651.23,12.0,311.08014000000003,286.24014,311.08014000000003,False,31497,702,49,30805
3177,198,Mastercard,Debit,5101124751213938,11/2022,652,YES,2,13689,05/2016,2016,No,2016-05-01,24197,65.51622,62.75622,65.51622,14948.44,12.0,65.51622,62.75622,65.51622,False,31497,702,49,30805
5196,1813,Mastercard,Credit,5098671138116677,12/2011,455,YES,1,7900,10/2010,2010,No,2010-10-01,24130,371.80368,370.72368,371.80368,21347.760000000002,12.0,371.80368,370.72368,371.80368,False,56350,808,35,120125
4036,1989,Mastercard,Credit,5131036676128155,08/2024,342,YES,2,14300,07/2015,2015,No,2015-07-01,24187,518.42106,478.10105999999996,518.42106,29754.17,12.0,518.42106,478.10105999999996,518.42106,False,67886,803,31,7137
3128,1148,Visa,Debit,4536763812166738,01/2021,475,YES,1,11068,05/2012,2012,No,2012-05-01,24149,109.208675,108.93867499999999,109.208675,20509.35,12.0,109.208675,108.93867499999999,109.208675,False,36711,687,54,47490
1286,1148,Visa,Credit,4074614873243599,12/2020,16,YES,1,9400,02/2011,2011,No,2011-02-01,24134,329.67126,322.47126,329.67126,22122.07,12.0,329.67126,322.47126,329.67126,False,36711,687,54,47490
3131,872,Discover,Credit,6591224063219779,10/2020,174,YES,2,4100,05/2013,2013,No,2013-05-01,24161,201.93642,91.41641999999999,201.93642,11818.689999999999,12.0,201.93642,91.41641999999999,201.93642,False,31505,655,61,59730
5609,872,Mastercard,Credit,5418010568255294,06/2018,205,YES,2,7400,11/2010,2012,No,2010-11-01,24131,293.22252,113.22251999999999,293.22252,17023.14,12.0,293.22252,113.22251999999999,293.22252,False,31505,655,61,59730
3113,920,Amex,Credit,341587958222262,06/2024,281,YES,2,10000,05/2012,2012,No,2012-05-01,24149,101.33676,90.89676,101.33676,7059.82,12.0,196.33676,185.89676,196.33676,False,28704,700,41,103891
2758,1598,Discover,Credit,6844863173851964,11/2024,435,YES,2,8700,04/2016,2016,No,2016-04-01,24196,25.04898,25.04898,25.04898,1883.61,12.0,25.04898,25.04898,25.04898,False,26126,697,82,1213
4776,1598,Mastercard,Credit,5631203582527418,10/2023,995,YES,1,5700,09/2010,2015,No,2010-09-01,24129,77.49756,73.53756,77.49756,5145.42,12.0,77.49756,73.53756,77.49756,False,26126,697,82,1213
1348,1598,Visa,Credit,4530836617790002,06/2022,596,YES,2,3400,02/2014,2014,No,2014-02-01,24170,44.87706,36.95706,44.87706,2558.17,12.0,44.87706,36.95706,44.87706,False,26126,697,82,1213
5708,1876,Mastercard,Debit,5705118094307247,08/2022,295,YES,1,29037,11/2015,2015,No,2015-11-01,24191,15.794,15.794,15.794,3093.0,12.0,15.794,15.794,15.794,False,44587,775,50,17148
5309,567,Visa,Credit,4172901867929023,06/2021,815,YES,1,3300,10/2015,2015,No,2015-10-01,24190,0.0,0.0,0.0,0.0,0.0,0.0,0.0,0.0,True,33534,761,25,76166
5290,469,Mastercard,Debit,5317963113167475,08/2023,60,YES,1,26162,10/2014,2014,No,2014-10-01,24178,71.15449,71.15449,71.15449,11350.98,12.0,71.15449,71.15449,71.15449,False,46945,682,67,17835
2686,469,Visa,Credit,4499974645760874,12/2024,556,YES,1,13700,04/2011,2014,No,2011-04-01,24136,500.35859999999997,500.35859999999997,500.35859999999997,31890.7,12.0,500.35859999999997,500.35859999999997,500.35859999999997,False,46945,682,67,17835
3164,1851,Mastercard,Debit,5716512774333391,07/2024,690,YES,1,64059,05/2015,2015,No,2015-05-01,24185,48.50238,42.324889999999996,48.50238,18192.760000000002,12.0,48.50238,42.324889999999996,48.50238,False,75682,727,48,37163
6003,1851,Mastercard,Debit,5094889405071154,05/2022,229,YES,2,49790,12/2010,2010,No,2010-12-01,24132,37.056435,32.836435,37.056435,14074.87,12.0,37.056435,32.836435,37.056435,False,75682,727,48,37163
4061,1523,Visa,Debit,4219882258727403,01/2020,656,YES,1,13438,07/2017,2017,No,2017-07-01,24211,63.492464999999996,62.542465,63.492464999999996,5912.93,12.0,63.492464999999996,62.542465,63.492464999999996,False,39661,850,61,74740
2262,1523,Visa,Credit,4821384154009946,09/2024,7,YES,1,9600,03/2010,2011,No,2010-03-01,24123,95.25636,85.89636,95.25636,5908.02,12.0,95.25636,85.89636,95.25636,False,39661,850,61,74740
4459,1195,Visa,Debit,4044587617721396,11/2021,838,YES,1,22765,08/2016,2016,No,2016-08-01,24200,62.50766,59.34766,62.50766,11815.32,12.0,62.50766,59.34766,62.50766,False,40696,801,75,15691
2645,432,Mastercard,Debit,5469440611983411,06/2018,723,YES,2,11625,04/2010,2012,No,2010-04-01,24124,33.58123,33.32123,33.58123,7376.46,12.0,33.58123,33.32123,33.58123,False,26546,686,55,32087
2646,432,Mastercard,Credit,5944277345824239,11/2021,689,YES,2,5800,04/2010,2011,No,2010-04-01,24124,419.61744,391.17744000000005,419.61744,26102.08,12.0,419.61744,391.17744000000005,419.61744,False,26546,686,55,32087
5187,1082,Discover,Credit,6713198244025271,10/2010,952,YES,2,11400,10/2010,2011,No,2010-10-01,24130,20.0835,8.2035,20.0835,1166.75,1.0,20.0835,8.2035,20.0835,False,33934,622,34,42945
3925,120,Discover,Credit,6960133989364222,12/2010,808,NO,1,21500,07/2010,2010,No,2010-07-01,24127,203.34708,191.10708,203.34708,12793.06,6.0,203.34708,191.10708,203.34708,False,61008,781,50,0
3558,120,Visa,Credit,4275721419388991,08/2012,125,YES,1,14000,06/2012,2012,No,2012-06-01,24150,102.80088,89.84088000000001,102.80088,6238.16,3.0,102.80088,89.84088000000001,102.80088,False,61008,781,50,0
5610,1289,Mastercard,Debit (Prepaid),5477226022582793,04/2018,961,NO,3,38,11/2010,2013,No,2010-11-01,24131,0.0,0.0,71.79091,4402.82,12.0,0.0,0.0,71.79091,True,42808,758,33,117011
3999,1047,Mastercard,Debit,5909062238371484,04/2024,211,YES,1,27268,07/2012,2012,No,2012-07-01,24151,286.24010999999996,273.89011,286.24010999999996,71892.22,12.0,286.24010999999996,273.89011,286.24010999999996,True,53554,689,26,119852
1271,0,Mastercard,Debit,5050211780967429,04/2021,316,YES,2,31490,02/2011,2011,No,2011-02-01,24134,170.96814999999998,169.30814999999998,170.96814999999998,30451.3,12.0,170.96814999999998,169.30814999999998,170.96814999999998,False,59613,763,33,36199
2664,351,Visa,Debit,4760435386907937,01/2022,2,YES,2,5080,04/2010,2010,No,2010-04-01,24124,45.38493,42.82493,45.38493,7325.86,12.0,45.38493,42.82493,45.38493,False,17150,807,91,375
2244,351,Discover,Credit,6898335342234639,03/2022,107,YES,1,6000,03/2010,2016,No,2010-03-01,24123,126.8271,96.5871,126.8271,8216.95,12.0,126.8271,96.5871,126.8271,False,17150,807,91,375
299,1797,Mastercard,Debit,5586398791957987,03/2022,828,YES,1,27243,01/2012,2012,No,2012-01-01,24145,174.66770499999998,172.38770499999998,174.66770499999998,36833.41,12.0,174.66770499999998,172.38770499999998,174.66770499999998,False,30962,743,67,15336
5660,1797,Visa,Debit,4144623277980192,10/2022,645,YES,2,16008,11/2011,2011,No,2011-11-01,24143,190.50438499999998,184.354385,190.50438499999998,38598.77,12.0,190.50438499999998,184.354385,190.50438499999998,False,30962,743,67,15336
300,1797,Mastercard,Debit,5535701151074664,02/2022,987,YES,1,16279,01/2012,2012,No,2012-01-01,24145,169.625125,166.585125,169.625125,34066.25,12.0,169.625125,166.585125,169.625125,False,30962,743,67,15336
4853,1797,Mastercard,Debit,5669514318855142,11/2014,958,NO,1,16003,09/2013,2013,No,2013-09-01,24165,137.50339499999998,134.463395,137.50339499999998,29026.79,12.0,137.50339499999998,134.463395,137.50339499999998,False,30962,743,67,15336
321,1122,Visa,Debit,4001532089642118,01/2021,681,YES,1,32071,01/2013,2013,No,2013-01-01,24157,0.0,0.0,0.0,0.0,0.0,0.0,0.0,0.0,True,69706,785,33,97070
4777,703,Mastercard,Credit,5756823922746957,04/2024,644,YES,2,2000,09/2010,2010,No,2010-09-01,24129,0.0,0.0,0.0,0.0,0.0,0.0,0.0,0.0,False,40363,711,53,111112
1215,1919,Mastercard,Credit,5361975786587169,07/2024,39,YES,1,17400,02/2010,2010,No,2010-02-01,24122,667.46682,662.78682,667.46682,42126.49,12.0,667.46682,662.78682,667.46682,False,80493,610,83,2027
5709,1919,Mastercard,Debit,5623100773698393,03/2022,956,YES,2,28125,11/2015,2015,No,2015-11-01,24191,57.50588,57.50588,57.50588,9921.76,12.0,57.50588,57.50588,57.50588,False,80493,610,83,2027
2295,791,Amex,Credit,398644935987910,03/2023,22,YES,2,7900,03/2012,2012,No,2012-03-01,24147,121.78944,116.38944000000001,121.78944,8049.08,12.0,216.78944,211.38944,216.78944,False,39263,645,78,24246
5228,791,Amex,Credit,384866850602533,09/2021,24,YES,1,10100,10/2011,2015,No,2011-10-01,24142,179.23194,171.67194,179.23194,12302.33,12.0,274.23194,266.67194,274.23194,False,39263,645,78,24246
2306,199,Visa,Debit,4879393662835541,12/2023,176,YES,1,32423,03/2012,2012,No,2012-03-01,24147,65.597675,63.777675,65.597675,8081.35,12.0,65.597675,63.777675,65.597675,False,78329,720,67,40161
5661,199,Visa,Credit,4220895295503221,07/2015,14,YES,1,16900,11/2011,2011,No,2011-11-01,24143,450.81468,413.73467999999997,450.81468,27511.26,12.0,450.81468,413.73467999999997,450.81468,False,78329,720,67,40161
4822,282,Visa,Debit,4179763879293617,02/2022,245,NO,1,4302,09/2011,2015,No,2011-09-01,24141,65.31959,64.11959,65.31959,7641.18,12.0,65.31959,64.11959,65.31959,False,25585,702,42,59827
1287,282,Visa,Credit,4614912096462106,11/2020,84,YES,1,7300,02/2011,2011,No,2011-02-01,24134,93.51216,90.99216,93.51216,5750.12,12.0,93.51216,90.99216,93.51216,False,25585,702,42,59827
3462,880,Amex,Credit,338000149804579,09/2013,657,YES,1,9500,06/2010,2014,No,2010-06-01,24126,0.0,0.0,0.0,0.0,0.0,95.0,95.0,95.0,True,39354,685,28,26700
3533,770,Visa,Credit,4380773389755661,04/2013,71,YES,1,16800,06/2011,2011,No,2011-06-01,24138,0.0,0.0,0.0,0.0,0.0,0.0,0.0,0.0,False,60746,706,35,88165
5725,770,Mastercard,Debit,5476991702043637,11/2018,146,YES,1,24080,11/2016,2016,No,2016-11-01,24203,0.0,0.0,0.0,0.0,0.0,0.0,0.0,0.0,False,60746,706,35,88165
4778,1169,Mastercard,Debit,5022040734416407,01/2021,283,YES,1,27761,09/2010,2010,No,2010-09-01,24129,94.693845,94.193845,94.693845,16227.69,12.0,94.693845,94.193845,94.693845,False,61901,726,51,29627
4399,1736,Visa,Debit,4212075848270095,08/2022,173,YES,2,16332,08/2012,2012,No,2012-08-01,24152,96.65693,96.42693,96.65693,14894.86,12.0,96.65693,96.42693,96.65693,False,45789,695,43,94014
2647,1736,Mastercard,Credit,5389414515165982,12/2022,32,YES,1,9100,04/2010,2019,No,2010-04-01,24124,414.85698,413.41698,414.85698,33178.61,12.0,414.85698,413.41698,414.85698,False,45789,695,43,94014
2687,1736,Visa,Debit,4211715476152920,03/2024,345,YES,1,2289,04/2011,2011,No,2011-04-01,24136,152.94438,152.48438,152.94438,24452.16,12.0,152.94438,152.48438,152.94438,False,45789,695,43,94014
3133,506,Mastercard,Debit,5155395661236319,06/2024,314,YES,1,17995,05/2013,2013,No,2013-05-01,24161,47.775295,47.775295,47.775295,7928.59,12.0,47.775295,47.775295,47.775295,False,52841,733,56,36288
5239,249,Mastercard,Debit,5166350097809360,10/2012,817,YES,1,14104,10/2011,2011,No,2011-10-01,24142,40.36934,36.46934,40.36934,6337.68,12.0,40.36934,36.46934,40.36934,False,29835,618,42,46702
3520,249,Mastercard,Debit,5920164874148882,05/2022,535,YES,2,14725,06/2011,2011,No,2011-06-01,24138,43.08339,39.90339,43.08339,6665.78,12.0,43.08339,39.90339,43.08339,False,29835,618,42,46702
4428,1652,Mastercard,Debit,5835240657071891,12/2021,803,YES,1,14253,08/2014,2014,No,2014-08-01,24176,61.348285,57.918285,61.348285,10602.57,12.0,61.348285,57.918285,61.348285,False,42749,728,51,53471
313,1652,Mastercard,Debit,5792572397689305,10/2024,358,YES,1,26678,01/2013,2013,No,2013-01-01,24157,96.32113,88.55113,96.32113,18212.260000000002,12.0,96.32113,88.55113,96.32113,False,42749,728,51,53471
2688,1652,Visa,Debit,4652000658523008,05/2023,271,YES,2,15652,04/2011,2011,No,2011-04-01,24136,172.877265,162.547265,172.877265,37667.53,12.0,172.877265,162.547265,172.877265,True,42749,728,51,53471
5631,1475,Visa,Debit,4992215485322239,02/2020,201,YES,2,5992,11/2010,2011,No,2010-11-01,24131,82.38235999999999,81.24235999999999,82.38235999999999,11278.72,12.0,82.38235999999999,81.24235999999999,82.38235999999999,False,42306,725,98,472
4069,1251,Mastercard,Debit,5892951431288814,11/2021,447,YES,1,20619,07/2018,2018,No,2018-07-01,24223,170.922465,167.542465,170.922465,35675.93,12.0,170.922465,167.542465,170.922465,False,42150,750,29,39663
3109,592,Visa,Debit,4088000072942924,04/2023,532,YES,1,15504,05/2011,2012,No,2011-05-01,24137,66.259815,60.249815,66.259815,5829.63,12.0,66.259815,60.249815,66.259815,False,23993,714,68,2573
2630,1065,Amex,Credit,395345060148797,05/2023,951,YES,2,23900,04/2010,2012,No,2010-04-01,24124,0.0,0.0,0.0,0.0,0.0,95.0,95.0,95.0,False,56320,792,41,84614
4381,1764,Visa,Debit,4535570138499229,07/2024,704,YES,2,23538,08/2011,2011,No,2011-08-01,24140,71.781195,66.061195,71.781195,11001.39,12.0,71.781195,66.061195,71.781195,False,31550,710,59,26738
4900,1764,Visa,Debit,4931400640582638,09/2017,835,YES,2,15658,09/2016,2016,No,2016-09-01,24201,45.766385,42.626385,45.766385,6465.77,12.0,45.766385,42.626385,45.766385,False,31550,710,59,26738
1272,1830,Mastercard,Debit,5413909063250465,04/2022,732,YES,1,12782,02/2011,2011,No,2011-02-01,24134,84.431775,82.561775,84.431775,14703.55,12.0,84.431775,82.561775,84.431775,False,32418,758,56,84507
5217,1830,Visa,Debit,4940361010295816,03/2016,253,YES,1,17297,10/2010,2010,No,2010-10-01,24130,96.20746,94.08746,96.20746,15565.92,12.0,96.20746,94.08746,96.20746,False,32418,758,56,84507
4867,157,Visa,Debit,4884544538827906,01/2015,296,YES,1,13438,09/2013,2013,No,2013-09-01,24165,85.94112,83.24112,85.94112,18507.239999999998,12.0,85.94112,83.24112,85.94112,False,32847,785,47,3230
1250,676,Visa,Credit,4209302581526449,06/2023,777,YES,2,9300,02/2010,2010,No,2010-02-01,24122,596.43774,564.75774,596.43774,35750.43,12.0,596.43774,564.75774,596.43774,False,65053,775,40,83571
3056,1902,Mastercard,Debit,5099488514797621,06/2021,652,YES,2,11087,05/2010,2011,No,2010-05-01,24125,146.222485,138.042485,146.222485,27391.969999999998,12.0,146.222485,138.042485,146.222485,False,32522,769,36,28260
227,123,Mastercard,Debit,5329313809426347,11/2020,20,YES,2,12102,01/2010,2010,No,2010-01-01,24121,125.25751,117.90751,125.25751,18255.02,12.0,125.25751,117.90751,125.25751,False,36315,824,43,0
3192,123,Mastercard,Debit,5404585495463228,10/2024,263,YES,2,15305,05/2017,2017,No,2017-05-01,24209,82.81005,79.15005,82.81005,10384.1,12.0,82.81005,79.15005,82.81005,False,36315,824,43,0
4916,1688,Mastercard,Debit,5161633770589124,02/2024,891,YES,2,21502,09/2018,2018,No,2018-09-01,24225,0.0,0.0,0.0,0.0,0.0,0.0,0.0,0.0,True,33641,743,27,40696
1251,1891,Visa,Credit,4033929197271889,01/2023,190,YES,2,3300,02/2010,2010,No,2010-02-01,24122,211.54932,180.94932,211.54932,13806.74,12.0,211.54932,180.94932,211.54932,False,34112,725,47,39842
4392,1571,Mastercard,Debit,5890246534257372,12/2021,12,YES,2,22532,08/2012,2012,No,2012-08-01,24152,36.249285,36.249285,36.249285,11948.57,12.0,36.249285,36.249285,36.249285,False,51316,759,58,0
6109,1571,Mastercard,Debit,5800183437928465,04/2024,148,YES,2,16325,12/2015,2015,No,2015-12-01,24192,30.600289999999998,30.600289999999998,30.600289999999998,10399.58,12.0,30.600289999999998,30.600289999999998,30.600289999999998,False,51316,759,58,0
3165,1571,Mastercard,Debit,5908095549619753,10/2015,530,YES,1,30704,05/2015,2015,No,2015-05-01,24185,15.490929999999999,15.490929999999999,15.490929999999999,4707.86,6.0,15.490929999999999,15.490929999999999,15.490929999999999,False,51316,759,58,0
3499,1615,Visa,Debit,4279264771451574,02/2020,378,YES,2,13637,06/2010,2012,No,2010-06-01,24126,23.95351,22.82351,23.95351,4712.02,12.0,23.95351,22.82351,23.95351,False,48690,701,66,36262
3951,52,Visa,Debit,4954962607216980,10/2023,995,YES,1,23404,07/2010,2012,No,2010-07-01,24127,242.45319999999998,242.45319999999998,242.45319999999998,75476.4,12.0,242.45319999999998,242.45319999999998,242.45319999999998,False,63796,730,56,82173
2322,52,Visa,Debit,4343642801597529,08/2013,754,YES,2,23014,03/2013,2013,No,2013-03-01,24159,95.68521,95.68521,95.68521,26042.42,6.0,95.68521,95.68521,95.68521,False,63796,730,56,82173
2741,1034,Amex,Credit,321353785529607,02/2020,213,YES,2,11800,04/2015,2015,No,2015-04-01,24184,460.33614,430.81614,460.33614,28973.23,12.0,555.33614,525.81614,555.33614,False,55569,698,58,76181
2765,1034,Visa,Debit,4882435446100322,12/2024,332,YES,1,21102,04/2016,2016,No,2016-04-01,24196,69.90858,67.95858,69.90858,16341.16,12.0,69.90858,67.95858,69.90858,False,55569,698,58,76181
4449,677,Mastercard,Debit,5779825688535232,03/2021,458,YES,1,34826,08/2015,2015,No,2015-08-01,24188,114.82283,112.54283,114.82283,19908.66,12.0,114.82283,112.54283,114.82283,False,67226,729,40,128174
5317,677,Visa,Debit,4276546488958933,12/2023,54,NO,1,25429,10/2016,2016,No,2016-10-01,24202,57.12661,56.61661,57.12661,8329.22,12.0,57.12661,56.61661,57.12661,False,67226,729,40,128174
1216,440,Mastercard,Debit,5244693372159107,10/2024,682,YES,1,6875,02/2010,2012,No,2010-02-01,24122,0.0,0.0,0.0,0.0,0.0,0.0,0.0,0.0,False,106159,703,43,144773
5671,338,Mastercard,Debit,5371571902299645,04/2024,46,YES,1,17229,11/2012,2012,No,2012-11-01,24155,181.328395,172.43839499999999,181.328395,52029.79,12.0,181.328395,172.43839499999999,181.328395,True,50258,686,68,0
1356,338,Mastercard,Debit,5404154440554855,05/2022,190,YES,1,31747,02/2015,2015,No,2015-02-01,24182,101.47426499999999,95.714265,101.47426499999999,24117.53,12.0,101.47426499999999,95.714265,101.47426499999999,False,50258,686,68,0
1317,338,Mastercard,Debit,5004660687674189,01/2023,841,YES,2,50127,02/2013,2013,No,2013-02-01,24158,141.39262,134.38262,141.39262,37158.24,12.0,141.39262,134.38262,141.39262,False,50258,686,68,0
1205,1120,Discover,Credit,6983129592633814,10/2022,237,YES,2,21400,02/2010,2010,No,2010-02-01,24122,0.0,0.0,0.0,0.0,0.0,0.0,0.0,0.0,True,54981,737,44,121701
360,1662,Mastercard,Debit,5243874409265567,01/2021,702,YES,1,20447,01/2017,2017,No,2017-01-01,24205,131.201385,128.911385,131.201385,34262.77,12.0,131.201385,128.911385,131.201385,False,49967,712,41,58582
2675,1662,Mastercard,Debit,5275365619003581,10/2021,507,YES,1,29948,04/2011,2011,No,2011-04-01,24136,187.06642499999998,184.81642499999998,187.06642499999998,50557.85,12.0,187.06642499999998,184.81642499999998,187.06642499999998,False,49967,712,41,58582
6087,1662,Mastercard,Debit (Prepaid),5298865153588955,12/2013,297,NO,1,58,12/2013,2013,No,2013-12-01,24168,0.0,0.0,6.752365,484.73,1.0,0.0,0.0,6.752365,False,49967,712,41,58582
1308,1444,Visa,Debit,4445219636598507,03/2024,699,YES,1,42670,02/2012,2012,No,2012-02-01,24146,58.19259,54.22259,58.19259,17784.18,12.0,58.19259,54.22259,58.19259,False,66885,698,64,144703
3631,1444,Mastercard,Debit,5918825657025750,07/2021,152,YES,2,50521,06/2018,2018,No,2018-06-01,24222,55.170885,52.200885,55.170885,17454.77,12.0,55.170885,52.200885,55.170885,False,66885,698,64,144703
2648,1444,Mastercard,Debit,5734359364174769,03/2024,802,YES,2,27982,04/2010,2010,No,2010-04-01,24124,73.778565,69.988565,73.778565,25087.13,12.0,73.778565,69.988565,73.778565,False,66885,698,64,144703
5651,1102,Mastercard,Debit,5977051342540190,06/2023,806,YES,2,5414,11/2011,2012,No,2011-11-01,24143,62.79427,60.85427,62.79427,13525.54,12.0,62.79427,60.85427,62.79427,False,94733,707,49,0
3952,1102,Visa,Debit (Prepaid),4086369836640262,11/2022,257,YES,2,51,07/2010,2014,No,2010-07-01,24127,0.0,0.0,51.777875,3652.75,12.0,0.0,0.0,51.777875,False,94733,707,49,0
3992,1636,Amex,Credit,358240905315315,04/2023,544,YES,1,4600,07/2012,2012,No,2012-07-01,24151,61.10946,42.74946,61.10946,4758.97,12.0,156.10946,137.74946,156.10946,False,24598,695,49,23019
3521,502,Mastercard,Debit,5031093004521446,07/2023,834,NO,1,415,06/2011,2013,No,2011-06-01,24138,335.97157999999996,329.15157999999997,335.97157999999996,40352.159999999996,12.0,335.97157999999996,329.15157999999997,335.97157999999996,False,36440,745,46,30574
4407,1712,Mastercard,Debit,5235277792486600,11/2017,314,YES,1,35175,08/2013,2013,No,2013-08-01,24164,104.28182,104.28182,104.28182,20105.64,12.0,104.28182,104.28182,104.28182,False,66999,730,82,3140
4056,1712,Mastercard,Debit,5071372204646552,11/2021,958,NO,1,25985,07/2017,2017,No,2017-07-01,24211,86.048525,86.048525,86.048525,14420.05,12.0,86.048525,86.048525,86.048525,False,66999,730,82,3140
4342,1712,Visa,Debit,4631337182936138,03/2024,847,YES,2,18288,08/2010,2012,No,2010-08-01,24128,134.033185,134.033185,134.033185,23957.37,12.0,134.033185,134.033185,134.033185,False,66999,730,82,3140
3609,1360,Mastercard,Debit,5708920987862167,09/2021,17,YES,2,19619,06/2016,2016,No,2016-06-01,24198,38.84236,38.84236,38.84236,6089.72,12.0,38.84236,38.84236,38.84236,False,38874,672,41,64474
1349,993,Visa,Credit,4260552166292092,06/2022,384,YES,1,9500,02/2014,2014,No,2014-02-01,24170,0.0,0.0,0.0,0.0,0.0,0.0,0.0,0.0,True,44789,638,47,94789
5672,1871,Mastercard,Debit,5410528927271572,01/2020,651,YES,1,13764,11/2012,2012,No,2012-11-01,24155,92.321485,90.961485,92.321485,22774.97,12.0,92.321485,90.961485,92.321485,False,16611,696,83,1797
4470,1871,Mastercard,Debit,5892723462268595,05/2024,355,YES,1,14639,08/2018,2018,No,2018-08-01,24224,49.378215,49.108215,49.378215,11177.43,12.0,49.378215,49.108215,49.378215,False,16611,696,83,1797
4429,1871,Mastercard,Debit,5896330225827400,08/2024,851,NO,2,20277,08/2014,2014,No,2014-08-01,24176,66.05884,64.36883999999999,66.05884,16028.68,12.0,66.05884,64.36883999999999,66.05884,False,16611,696,83,1797
3610,1721,Mastercard,Debit,5754434443697253,11/2022,789,YES,1,12389,06/2016,2016,No,2016-06-01,24198,0.0,0.0,0.0,0.0,0.0,0.0,0.0,0.0,False,38496,642,36,64688
322,868,Visa,Credit,4944959860713657,07/2022,21,YES,2,5000,01/2013,2013,No,2013-01-01,24157,644.46894,374.10894,644.46894,37725.83,12.0,644.46894,374.10894,644.46894,False,31046,706,78,11436
5611,364,Mastercard,Credit,5274567500521135,11/2010,89,YES,1,1800,11/2010,2010,No,2010-11-01,24131,44.49114,43.41114,44.49114,3107.73,1.0,44.49114,43.41114,44.49114,False,39809,775,65,0
5673,364,Mastercard,Debit,5100254410135496,10/2023,723,YES,1,15612,11/2012,2012,No,2012-11-01,24155,168.33908,160.61908,168.33908,34341.16,12.0,168.33908,160.61908,168.33908,False,39809,775,65,0
2695,696,Mastercard,Debit,5648047323588801,11/2024,470,YES,1,28601,04/2012,2012,No,2012-04-01,24148,58.07635,56.12635,58.07635,21141.7,12.0,58.07635,56.12635,58.07635,False,110570,766,74,5700
5612,696,Mastercard,Debit (Prepaid),5276972829621865,05/2022,803,YES,2,65,11/2010,2015,No,2010-11-01,24131,0.0,0.0,32.549245,2098.49,12.0,0.0,0.0,32.549245,False,110570,766,74,5700
1217,962,Mastercard,Debit,5180139423244093,07/2022,633,YES,2,9141,02/2010,2011,No,2010-02-01,24122,139.12621,138.64621,139.12621,30918.42,12.0,139.12621,138.64621,139.12621,True,34262,846,28,60506
2313,1407,Mastercard,Debit,5848203145087847,05/2021,597,YES,1,20816,03/2013,2013,No,2013-03-01,24159,105.45606,104.37606,105.45606,15612.119999999999,12.0,105.45606,104.37606,105.45606,False,40473,689,40,54899
4471,1015,Mastercard,Debit,5620673787409550,07/2021,842,YES,1,35493,08/2018,2018,No,2018-08-01,24224,0.0,0.0,0.0,0.0,0.0,0.0,0.0,0.0,False,96744,838,33,128122
5271,1015,Mastercard,Debit,5849371224627148,07/2020,636,YES,2,58311,10/2013,2013,No,2013-10-01,24166,0.0,0.0,0.0,0.0,0.0,0.0,0.0,0.0,False,96744,838,33,128122
1273,1456,Mastercard,Credit,5451139349544228,08/2019,832,NO,2,7200,02/2011,2011,No,2011-02-01,24134,331.26066,177.54065999999997,331.26066,19314.37,12.0,331.26066,177.54065999999997,331.26066,False,31231,681,48,40499
2251,1861,Mastercard,Debit,5893992585377552,04/2022,46,NO,1,28352,03/2010,2012,No,2010-03-01,24123,94.00234,89.60234,94.00234,21549.68,12.0,94.00234,89.60234,94.00234,False,66427,779,57,103290
4898,1861,Mastercard,Debit,5475273052994397,02/2024,101,YES,1,32325,09/2016,2016,No,2016-09-01,24201,36.2533,35.9833,36.2533,6468.6,12.0,36.2533,35.9833,36.2533,False,66427,779,57,103290
4025,1861,Mastercard,Debit,5682219058474739,05/2018,67,YES,2,22405,07/2014,2014,No,2014-07-01,24175,48.52733,47.14733,48.52733,8940.66,12.0,48.52733,47.14733,48.52733,False,66427,779,57,103290
3096,161,Mastercard,Debit,5018191731735773,02/2024,889,YES,1,13612,05/2011,2011,No,2011-05-01,24137,168.96979,166.86979,168.96979,25519.579999999998,12.0,168.96979,166.86979,168.96979,False,23469,731,31,22976
2301,1389,Mastercard,Debit,5603221270332940,06/2016,316,YES,1,11408,03/2012,2012,No,2012-03-01,24147,0.0,0.0,0.0,0.0,0.0,0.0,0.0,0.0,False,34799,793,40,72749
4779,1707,Mastercard,Debit,5101090738920824,07/2021,325,YES,1,22362,09/2010,2014,No,2010-09-01,24129,0.0,0.0,0.0,0.0,0.0,0.0,0.0,0.0,True,35194,620,28,56006
309,274,Amex,Credit,365377878162370,10/2023,964,YES,2,16500,01/2013,2013,No,2013-01-01,24157,250.51014,246.91013999999998,250.51014,15108.23,12.0,345.51014,341.91013999999996,345.51014,False,48810,799,43,0
3184,1552,Visa,Credit,4498319484048588,08/2016,282,YES,2,11300,05/2016,2016,No,2016-05-01,24197,214.70651999999998,211.10652,214.70651999999998,12694.14,5.0,214.70651999999998,211.10652,214.70651999999998,False,45450,686,62,85218
1380,1552,Mastercard,Debit,5909552342193744,12/2021,675,YES,1,13866,02/2018,2018,No,2018-02-01,24218,79.817185,77.437185,79.817185,26749.37,12.0,79.817185,77.437185,79.817185,False,45450,686,62,85218
1218,1552,Mastercard,Debit,5494745672321744,05/2021,61,YES,2,14913,02/2010,2010,No,2010-02-01,24122,158.412905,151.99290499999998,158.412905,56323.81,12.0,158.412905,151.99290499999998,158.412905,True,45450,686,62,85218
5218,1526,Visa,Debit,4852239481506092,11/2012,226,NO,1,3728,10/2010,2010,No,2010-10-01,24130,31.525535,30.265535,31.525535,5903.07,12.0,31.525535,30.265535,31.525535,False,34137,671,53,80467
248,319,Visa,Credit,4086497597276972,03/2021,383,YES,2,6800,01/2010,2010,No,2010-01-01,24121,864.76284,853.24284,864.76284,51422.38,12.0,864.76284,853.24284,864.76284,True,28357,628,67,10400
5674,1421,Mastercard,Debit (Prepaid),5874995941788498,06/2022,595,YES,1,65,11/2012,2012,No,2012-11-01,24155,0.0,0.0,36.062585,6227.17,12.0,0.0,0.0,36.062585,False,32985,740,30,32764
3550,1421,Mastercard,Debit,5757503231654928,07/2021,514,YES,1,17993,06/2012,2012,No,2012-06-01,24150,83.23482,83.23482,83.23482,27005.64,12.0,83.23482,83.23482,83.23482,True,32985,740,30,32764
3599,1101,Visa,Debit,4683799898016256,09/2021,938,NO,2,13022,06/2015,2015,No,2015-06-01,24186,0.0,0.0,0.0,0.0,0.0,0.0,0.0,0.0,True,28862,751,25,20944
5183,125,Amex,Credit,398638761436555,01/2021,177,YES,2,6400,10/2010,2011,No,2010-10-01,24130,45.103680000000004,45.103680000000004,45.103680000000004,3032.76,12.0,140.10368,140.10368,140.10368,False,26535,724,64,93592
351,449,Visa,Debit,4003397958786978,05/2021,994,YES,2,21594,01/2015,2015,No,2015-01-01,24181,28.51331,28.26331,28.51331,4960.62,12.0,28.51331,28.26331,28.51331,False,39796,729,58,9452
3559,449,Visa,Debit,4345910488111903,02/2020,867,YES,1,14277,06/2012,2012,No,2012-06-01,24150,58.594335,58.084334999999996,58.594335,9870.67,12.0,58.594335,58.084334999999996,58.594335,False,39796,729,58,9452
2738,449,Visa,Debit,4169464534562522,09/2021,770,YES,2,13368,04/2014,2014,No,2014-04-01,24172,33.63452,33.13452,33.63452,4030.04,12.0,33.63452,33.13452,33.63452,False,39796,729,58,9452
5662,1173,Visa,Credit,4807938969312222,10/2021,158,YES,1,16900,11/2011,2011,No,2011-11-01,24143,255.01031999999998,252.49032,255.01031999999998,14608.24,12.0,255.01031999999998,252.49032,255.01031999999998,False,51703,722,71,5371
5197,1810,Mastercard,Credit,5595124692967493,01/2023,474,NO,2,9000,10/2010,2010,No,2010-10-01,24130,214.49106,191.45105999999998,214.49106,13825.17,12.0,214.49106,191.45105999999998,214.49106,False,31175,711,66,5846
4839,1810,Visa,Credit,4552564122869013,04/2024,816,YES,2,9800,09/2012,2012,No,2012-09-01,24153,95.55588,84.75588,95.55588,6648.66,12.0,95.55588,84.75588,95.55588,False,31175,711,66,5846
2323,1810,Visa,Credit,4913659581054321,08/2020,55,YES,1,7200,03/2013,2013,No,2013-03-01,24159,138.7728,127.9728,138.7728,9220.6,12.0,138.7728,127.9728,138.7728,False,31175,711,66,5846
3522,1843,Mastercard,Debit,5247241630893016,02/2020,285,YES,2,12189,06/2011,2011,No,2011-06-01,24138,97.75119,97.75119,97.75119,15079.380000000001,12.0,97.75119,97.75119,97.75119,False,38761,760,89,69
249,1843,Visa,Debit,4348922167384229,06/2022,256,YES,2,8702,01/2010,2014,No,2010-01-01,24121,133.917865,133.917865,133.917865,19369.73,12.0,133.917865,133.917865,133.917865,False,38761,760,89,69
4408,1578,Mastercard,Credit,5202407614887772,11/2020,17,YES,2,6800,08/2013,2013,No,2013-08-01,24164,0.0,0.0,0.0,0.0,0.0,0.0,0.0,0.0,True,33291,714,86,695
5331,1578,Visa,Debit (Prepaid),4805717527228441,04/2020,689,YES,2,64,10/2018,2018,No,2018-10-01,24226,0.0,0.0,0.0,0.0,0.0,0.0,0.0,0.0,False,33291,714,86,695
4343,658,Visa,Credit,4846880896921020,09/2011,89,YES,1,5800,08/2010,2010,No,2010-08-01,24128,217.28862,206.84862,217.28862,13043.59,12.0,217.28862,206.84862,217.28862,False,52630,725,40,68559
3476,1503,Mastercard,Debit,5527540454179734,09/2023,594,YES,2,15552,06/2010,2014,No,2010-06-01,24126,28.963645,27.953645,28.963645,6106.29,12.0,28.963645,27.953645,28.963645,False,43021,725,59,86014
4430,1233,Mastercard,Debit,5800282249045735,08/2017,159,YES,2,25301,08/2014,2014,No,2014-08-01,24176,0.0,0.0,0.0,0.0,0.0,0.0,0.0,0.0,False,37843,697,35,40003
4823,1233,Visa,Credit,4500413559560458,09/2012,772,YES,2,11000,09/2011,2013,No,2011-09-01,24141,0.0,0.0,0.0,0.0,0.0,0.0,0.0,0.0,True,37843,697,35,40003
2696,473,Mastercard,Debit,5182798655253669,02/2022,237,YES,1,10005,04/2012,2012,No,2012-04-01,24148,94.715675,90.255675,94.715675,11182.35,12.0,94.715675,90.255675,94.715675,False,28181,682,33,37929
5663,1541,Visa,Debit,4170281671173425,09/2023,374,YES,1,10627,11/2011,2011,No,2011-11-01,24143,100.49816,99.72816,100.49816,9854.32,12.0,100.49816,99.72816,100.49816,False,37422,681,48,127116
228,1541,Mastercard,Debit,5090352145878323,09/2024,699,NO,2,12157,01/2010,2019,No,2010-01-01,24121,244.75262999999998,243.76263,244.75262999999998,27299.260000000002,12.0,244.75262999999998,243.76263,244.75262999999998,False,37422,681,48,127116
2307,1541,Visa,Debit,4513747100786400,11/2023,697,YES,1,17383,03/2012,2012,No,2012-03-01,24147,94.714405,94.464405,94.714405,9608.81,12.0,94.714405,94.464405,94.714405,False,37422,681,48,127116
3590,149,Mastercard,Credit,5425086965050395,07/2022,286,YES,1,14200,06/2015,2015,No,2015-06-01,24186,1167.49062,945.01062,1167.49062,70389.59,12.0,1167.49062,945.01062,1167.49062,True,91237,594,24,231619
1219,560,Mastercard,Debit,5293577583483472,12/2021,468,NO,2,11620,02/2010,2010,No,2010-02-01,24122,0.0,0.0,0.0,0.0,0.0,0.0,0.0,0.0,False,43913,676,59,83944
1371,560,Mastercard,Credit,5312371772380380,05/2020,749,YES,1,6900,02/2017,2017,No,2017-02-01,24206,0.0,0.0,0.0,0.0,0.0,0.0,0.0,0.0,False,43913,676,59,83944
3509,1006,Amex,Credit,375781387847037,09/2021,910,YES,1,10900,06/2011,2011,No,2011-06-01,24138,394.19676000000004,367.91676,394.19676000000004,25201.82,12.0,489.19676000000004,462.91676,489.19676000000004,False,44550,761,37,117302
371,368,Mastercard,Debit,5892815616421272,02/2020,831,YES,2,22132,01/2018,2018,No,2018-01-01,24217,124.237715,124.237715,124.237715,20038.43,12.0,124.237715,124.237715,124.237715,False,42806,726,75,20432
4463,368,Mastercard,Credit,5296450786659328,06/2020,567,YES,2,13000,08/2017,2017,No,2017-08-01,24212,278.13096,276.69096,278.13096,17235.72,12.0,278.13096,276.69096,278.13096,False,42806,726,75,20432
1220,416,Mastercard,Debit,5587024233247132,11/2022,531,YES,2,14066,02/2010,2012,No,2010-02-01,24122,27.048825,27.048825,27.048825,3806.65,12.0,27.048825,27.048825,27.048825,False,38273,765,86,1658
6031,51,Visa,Credit,4718480260665073,07/2020,909,YES,1,12700,12/2010,2011,No,2010-12-01,24132,825.9173999999999,814.7574,825.9173999999999,48440.3,12.0,825.9173999999999,814.7574,825.9173999999999,True,51303,688,29,106248
285,196,Visa,Credit,4997594823384918,10/2021,0,YES,2,4300,01/2011,2011,No,2011-01-01,24133,420.02819999999997,415.7082,420.02819999999997,28081.9,12.0,420.02819999999997,415.7082,420.02819999999997,True,35775,773,44,67263
2727,1477,Mastercard,Debit,5770262844753641,02/2020,717,YES,2,18171,04/2014,2014,No,2014-04-01,24172,53.07724,51.47724,53.07724,9429.48,12.0,53.07724,51.47724,53.07724,False,46763,696,47,65106
2676,260,Mastercard,Debit,5136583159442030,07/2019,321,YES,1,21007,04/2011,2011,No,2011-04-01,24136,67.190435,61.560435,67.190435,16616.87,12.0,67.190435,61.560435,67.190435,False,29110,699,62,23504
323,260,Visa,Debit,4526531668861041,12/2021,422,YES,1,13342,01/2013,2013,No,2013-01-01,24157,40.91389,38.66389,40.91389,8145.78,12.0,40.91389,38.66389,40.91389,False,29110,699,62,23504
5736,1358,Mastercard,Debit (Prepaid),5596764819382871,01/2020,26,YES,1,71,11/2018,2018,No,2018-11-01,24227,0.0,0.0,40.061055,3863.11,12.0,0.0,0.0,40.061055,False,68930,768,69,72619
1318,1611,Mastercard,Credit,5309806228982693,11/2015,888,YES,2,1900,02/2013,2013,No,2013-02-01,24158,0.0,0.0,0.0,0.0,0.0,0.0,0.0,0.0,False,20334,684,68,9544
1252,734,Visa,Debit,4090974875409305,11/2021,478,YES,2,5507,02/2010,2010,No,2010-02-01,24122,157.37583999999998,157.37583999999998,157.37583999999998,11030.68,12.0,157.37583999999998,157.37583999999998,157.37583999999998,False,24917,693,43,36101
4393,504,Mastercard,Debit (Prepaid),5854434366617595,02/2020,685,YES,1,72,08/2012,2012,No,2012-08-01,24152,0.0,0.0,0.0,0.0,0.0,0.0,0.0,0.0,True,34311,705,38,61776
5280,504,Visa,Debit,4986472355842402,04/2014,877,YES,1,11710,10/2013,2013,No,2013-10-01,24166,0.0,0.0,0.0,0.0,0.0,0.0,0.0,0.0,False,34311,705,38,61776
2263,524,Visa,Debit,4983067178659303,12/2024,920,NO,2,24089,03/2010,2010,No,2010-03-01,24123,129.644325,118.604325,129.644325,27891.65,12.0,129.644325,118.604325,129.644325,True,35239,726,57,43270
5240,525,Mastercard,Debit,5835652546947839,12/2024,163,YES,1,15900,10/2011,2011,No,2011-10-01,24142,92.01850999999999,88.71851,92.01850999999999,16709.02,12.0,92.01850999999999,88.71851,92.01850999999999,False,37147,703,55,0
6004,525,Mastercard,Debit,5052894179039690,01/2024,604,YES,1,11595,12/2010,2010,No,2010-12-01,24132,214.75226,209.00226,214.75226,43447.52,12.0,214.75226,209.00226,214.75226,True,37147,703,55,0
4811,525,Mastercard,Debit,5407600934550843,02/2020,335,YES,2,13257,09/2011,2011,No,2011-09-01,24141,86.584895,84.554895,86.584895,17471.79,12.0,86.584895,84.554895,86.584895,False,37147,703,55,0
3971,250,Mastercard,Debit,5387283225052992,11/2011,236,YES,1,10412,07/2011,2017,No,2011-07-01,24139,20.08563,19.35563,20.08563,2125.26,5.0,20.08563,19.35563,20.08563,False,34671,786,50,55643
1332,479,Visa,Debit,4569944754910437,10/2022,19,YES,2,43767,02/2013,2013,No,2013-02-01,24158,75.67275,75.42275,75.67275,8717.5,12.0,75.67275,75.42275,75.67275,False,61173,692,57,71422
3582,343,Mastercard,Credit,5052795584928351,07/2018,868,YES,1,10800,06/2014,2014,No,2014-06-01,24174,76.22316000000001,71.18316,76.22316000000001,5643.62,12.0,76.22316000000001,71.18316,76.22316000000001,False,47643,764,55,45706
1288,343,Visa,Debit,4906697568806155,04/2014,115,YES,2,38385,02/2011,2011,No,2011-02-01,24134,62.38632,61.15632,62.38632,8762.64,12.0,62.38632,61.15632,62.38632,False,47643,764,55,45706
3953,343,Visa,Debit,4838741431544661,06/2024,808,YES,1,14625,07/2010,2010,No,2010-07-01,24127,70.481295,69.731295,70.481295,8546.59,12.0,70.481295,69.731295,70.481295,False,47643,764,55,45706
3523,343,Mastercard,Credit,5806194988137545,10/2021,655,YES,2,12300,06/2011,2011,No,2011-06-01,24138,88.75583999999999,86.23584,88.75583999999999,5759.88,12.0,88.75583999999999,86.23584,88.75583999999999,False,47643,764,55,45706
3637,1196,Visa,Debit,4848365658346021,04/2024,472,YES,1,14623,06/2018,2018,No,2018-06-01,24222,57.44426,55.89426,57.44426,10927.52,12.0,57.44426,55.89426,57.44426,False,34895,820,60,56622
4000,1196,Mastercard,Debit,5215179642753327,06/2021,991,YES,2,15017,07/2012,2012,No,2012-07-01,24151,113.879355,107.909355,113.879355,22889.57,12.0,113.879355,107.909355,113.879355,False,34895,820,60,56622
5322,1963,Mastercard,Debit,5461853964107432,10/2020,157,YES,1,17220,10/2017,2017,No,2017-10-01,24214,123.659965,123.659965,123.659965,15676.93,12.0,123.659965,123.659965,123.659965,False,33869,821,98,370
6058,1963,Visa,Debit,4198976754515199,02/2023,970,YES,1,21692,12/2011,2012,No,2011-12-01,24144,152.40260999999998,152.40260999999998,152.40260999999998,17196.22,12.0,152.40260999999998,152.40260999999998,152.40260999999998,False,33869,821,98,370
1381,764,Mastercard,Debit,5445576229804926,11/2021,764,YES,1,20467,02/2018,2018,No,2018-02-01,24218,61.636075,61.346075,61.636075,13256.15,12.0,61.636075,61.346075,61.636075,False,31066,712,77,20902
286,764,Visa,Debit,4127768354829504,04/2020,462,YES,1,16109,01/2011,2011,No,2011-01-01,24133,105.73721499999999,105.157215,105.73721499999999,23407.43,12.0,105.73721499999999,105.157215,105.73721499999999,False,31066,712,77,20902
5291,213,Mastercard,Debit,5245186032047233,05/2023,952,YES,2,18074,10/2014,2014,No,2014-10-01,24178,145.200505,140.580505,145.200505,29526.010000000002,12.0,145.200505,140.580505,145.200505,False,55172,629,37,96779
1221,1685,Mastercard,Debit,5638911805485528,02/2023,857,YES,1,8451,02/2010,2010,No,2010-02-01,24122,130.531305,126.141305,130.531305,38718.61,12.0,130.531305,126.141305,130.531305,True,74012,681,53,93119
5613,1685,Mastercard,Debit (Prepaid),5456998274620242,07/2021,314,YES,2,26,11/2010,2017,No,2010-11-01,24131,0.0,0.0,29.621904999999998,920.81,12.0,0.0,0.0,29.621904999999998,False,74012,681,53,93119
1253,225,Visa,Debit,4556097032146114,12/2020,779,YES,1,20661,02/2010,2010,No,2010-02-01,24122,136.53695,126.84694999999999,136.53695,34836.9,12.0,136.53695,126.84694999999999,136.53695,True,40887,688,32,50734
4382,225,Visa,Debit,4558358311758359,08/2018,143,YES,2,16523,08/2011,2011,No,2011-08-01,24140,54.524119999999996,51.76412,54.524119999999996,12608.24,12.0,54.524119999999996,51.76412,54.524119999999996,False,40887,688,32,50734
4780,225,Mastercard,Credit,5388982948934434,09/2023,283,YES,2,14300,09/2010,2010,No,2010-09-01,24129,336.69971999999996,275.85972,336.69971999999996,20329.54,12.0,336.69971999999996,275.85972,336.69971999999996,False,40887,688,32,50734
4846,1210,Amex,Credit,347615356543698,10/2020,81,YES,2,8600,09/2013,2013,No,2013-09-01,24165,345.32748,288.44748,345.32748,20816.86,12.0,440.32748,383.44748,440.32748,False,34531,703,32,60156
5664,576,Visa,Debit,4869825437648368,02/2022,137,YES,1,26471,11/2011,2011,No,2011-11-01,24143,32.86692,31.37692,32.86692,5959.84,12.0,32.86692,31.37692,32.86692,False,63502,638,68,24100
3057,576,Mastercard,Debit,5940844230264571,01/2024,441,YES,1,29465,05/2010,2010,No,2010-05-01,24125,39.927665,39.637665,39.927665,6114.33,12.0,39.927665,39.637665,39.927665,False,63502,638,68,24100
3600,576,Visa,Debit,4067511304922463,07/2020,377,YES,1,21070,06/2015,2015,No,2015-06-01,24186,25.41272,25.14272,25.41272,3585.44,12.0,25.41272,25.14272,25.41272,False,63502,638,68,24100
324,1677,Visa,Credit,4051794996672546,10/2024,375,YES,2,2400,01/2013,2013,No,2013-01-01,24157,454.8276,382.4676,454.8276,28171.2,12.0,454.8276,382.4676,454.8276,False,33178,671,51,92366
3080,1969,Visa,Debit,4288810793226677,02/2015,453,YES,1,3016,05/2010,2011,No,2010-05-01,24125,58.247875,57.717875,58.247875,10560.75,12.0,58.247875,57.717875,58.247875,False,44690,733,84,2249
1254,1482,Visa,Debit,4474303260979464,10/2021,877,YES,2,34877,02/2010,2012,No,2010-02-01,24122,240.88108499999998,239.071085,240.88108499999998,72077.17,12.0,240.88108499999998,239.071085,240.88108499999998,True,89152,675,54,162012
3058,1468,Mastercard,Debit,5820539169400556,10/2010,359,YES,1,32035,05/2010,2014,No,2010-05-01,24125,0.0,0.0,0.0,0.0,0.0,0.0,0.0,0.0,False,44137,626,66,22392
4854,538,Mastercard,Debit,5914363154867761,12/2014,861,YES,1,11906,09/2013,2013,No,2013-09-01,24165,74.63503,70.63503,74.63503,11508.06,12.0,74.63503,70.63503,74.63503,False,30265,814,66,36789
1319,748,Mastercard,Debit,5811894674904856,06/2022,745,YES,1,18204,02/2013,2013,No,2013-02-01,24158,86.23395500000001,79.763955,86.23395500000001,14504.91,12.0,86.23395500000001,79.763955,86.23395500000001,False,37534,706,55,99840
2763,748,Mastercard,Debit,5448937090820055,01/2017,848,YES,1,20067,04/2016,2016,No,2016-04-01,24196,36.20424,33.97424,36.20424,6309.48,10.0,36.20424,33.97424,36.20424,False,37534,706,55,99840
4889,807,Visa,Debit (Prepaid),4303264440429387,06/2021,41,YES,1,91,09/2015,2015,No,2015-09-01,24189,0.0,0.0,39.050895,4464.79,12.0,0.0,0.0,39.050895,False,38487,691,52,49725
5299,807,Visa,Debit (Prepaid),4822827268715842,06/2020,941,YES,1,62,10/2014,2014,No,2014-10-01,24178,0.0,0.0,51.023645,4601.29,12.0,0.0,0.0,51.023645,False,38487,691,52,49725
4383,1430,Visa,Debit,4305528629844067,01/2021,143,NO,2,25726,08/2011,2011,No,2011-08-01,24140,34.83085,34.04085,34.83085,9732.7,12.0,34.83085,34.04085,34.83085,False,33642,593,69,20874
3987,1430,Visa,Credit,4369343670589371,10/2022,814,YES,2,400,07/2011,2011,No,2011-07-01,24139,180.657,171.65699999999998,180.657,11294.5,12.0,180.657,171.65699999999998,180.657,False,33642,593,69,20874
306,1873,Visa,Debit (Prepaid),4329819283337925,12/2024,529,NO,2,60,01/2012,2012,No,2012-01-01,24145,0.0,0.0,124.61579,17098.58,12.0,0.0,0.0,124.61579,False,34302,651,51,84935
6059,980,Visa,Credit,4289189526229154,02/2021,488,YES,2,5800,12/2011,2011,No,2011-12-01,24144,97.04934,69.68934,97.04934,5519.63,12.0,97.04934,69.68934,97.04934,False,24055,733,84,0
4855,980,Mastercard,Debit,5704958659332156,04/2016,568,YES,1,16789,09/2013,2013,No,2013-09-01,24165,32.25795,30.76795,32.25795,4443.900000000001,12.0,32.25795,30.76795,32.25795,False,24055,733,84,0
4409,980,Mastercard,Debit,5673842014857957,09/2020,763,YES,1,14213,08/2013,2013,No,2013-08-01,24164,37.795915,35.18474,37.795915,6991.83,12.0,37.795915,35.18474,37.795915,False,24055,733,84,0
4919,1415,Visa,Credit,4344540573987357,01/2021,594,YES,2,6400,09/2018,2018,No,2018-09-01,24225,0.0,0.0,0.0,0.0,0.0,0.0,0.0,0.0,True,45021,689,28,77559
4328,652,Mastercard,Debit,5517224248010481,12/2024,348,YES,1,16203,08/2010,2010,No,2010-08-01,24128,41.533005,41.023005,41.533005,3936.01,12.0,41.533005,41.023005,41.533005,False,22726,784,82,1692
1255,652,Visa,Debit,4874919817321914,02/2023,392,YES,2,21607,02/2010,2018,No,2010-02-01,24122,49.799565,49.539564999999996,49.799565,4501.13,12.0,49.799565,49.539564999999996,49.799565,False,22726,784,82,1692
2677,1129,Mastercard,Credit,5744954381314398,06/2022,501,YES,1,7600,04/2011,2011,No,2011-04-01,24136,651.789,345.789,651.789,38584.5,12.0,651.789,345.789,651.789,False,34449,686,49,36540
6005,885,Mastercard,Debit,5049088411909571,11/2022,311,YES,2,7784,12/2010,2014,No,2010-12-01,24132,88.07516,87.01516,88.07516,6890.32,12.0,88.07516,87.01516,88.07516,False,28334,700,36,0
3059,1057,Mastercard,Debit,5057040773022396,09/2015,546,YES,1,23395,05/2010,2020,No,2010-05-01,24125,0.0,0.0,0.0,0.0,0.0,0.0,0.0,0.0,True,44958,787,39,91549
5632,1302,Visa,Credit,4893597498035434,04/2020,242,YES,2,7900,11/2010,2015,No,2010-11-01,24131,432.40193999999997,420.16193999999996,432.40193999999997,25325.33,12.0,432.40193999999997,420.16193999999996,432.40193999999997,False,28988,694,62,13351
3972,1302,Mastercard,Debit (Prepaid),5879022986680568,10/2022,616,YES,2,13,07/2011,2014,No,2011-07-01,24139,0.0,0.0,2.78644,112.88,8.0,0.0,0.0,2.78644,False,28988,694,62,13351
6088,415,Mastercard,Debit,5266997540698930,02/2022,791,YES,1,11818,12/2013,2013,No,2013-12-01,24168,51.909205,51.909205,51.909205,6198.41,12.0,51.909205,51.909205,51.909205,False,33729,763,53,0
2348,83,Visa,Credit,4522988269777230,12/2023,288,YES,2,11600,03/2015,2015,No,2015-03-01,24183,0.0,0.0,0.0,0.0,0.0,0.0,0.0,0.0,True,59455,557,31,96224
5198,28,Mastercard,Debit,5428995792004092,01/2021,800,NO,1,13896,10/2010,2010,No,2010-10-01,24130,59.461785,58.801785,59.461785,17598.57,12.0,59.461785,58.801785,59.461785,False,54273,789,39,110237
2678,28,Mastercard,Credit,5623379608463304,01/2024,922,YES,1,16400,04/2011,2011,No,2011-04-01,24136,391.57002,391.21002,391.57002,25166.89,12.0,391.57002,391.21002,391.57002,False,54273,789,39,110237
1357,33,Mastercard,Credit,5773848829447492,07/2016,833,YES,2,9000,02/2015,2015,No,2015-02-01,24182,258.25806,254.65806,258.25806,15613.67,12.0,258.25806,254.65806,258.25806,False,38692,596,77,8902
2252,33,Mastercard,Debit,5589655270470549,09/2017,213,YES,2,13829,03/2010,2016,No,2010-03-01,24123,44.745509999999996,43.77551,44.745509999999996,7886.02,12.0,44.745509999999996,43.77551,44.745509999999996,False,38692,596,77,8902
5652,1646,Mastercard,Credit,5207616824194251,05/2022,511,YES,2,9900,11/2011,2011,No,2011-11-01,24143,126.16919999999999,88.00919999999999,126.16919999999999,7301.4,12.0,126.16919999999999,88.00919999999999,126.16919999999999,False,29898,714,54,19719
2276,1646,Mastercard,Debit,5298309501417982,08/2021,208,YES,1,11153,03/2011,2011,No,2011-03-01,24135,138.75787499999998,138.497875,138.75787499999998,12495.75,12.0,138.75787499999998,138.497875,138.75787499999998,False,29898,714,54,19719
5314,1646,Mastercard,Debit,5234825249935945,04/2018,625,NO,1,10671,10/2016,2016,No,2016-10-01,24202,53.85778,53.85778,53.85778,3975.56,12.0,53.85778,53.85778,53.85778,False,29898,714,54,19719
4045,1646,Mastercard,Debit,5887429452492053,10/2024,119,NO,1,12470,07/2016,2016,No,2016-07-01,24199,58.68164,58.68164,58.68164,4803.28,12.0,58.68164,58.68164,58.68164,False,29898,714,54,19719
310,1152,Discover,Credit,6994498161251218,04/2024,477,YES,1,7200,01/2013,2013,No,2013-01-01,24157,0.0,0.0,0.0,0.0,0.0,0.0,0.0,0.0,True,35538,747,43,71591
6080,134,Amex,Credit,307803547813264,04/2021,18,YES,2,4700,12/2013,2013,No,2013-12-01,24168,835.37154,823.13154,835.37154,51114.53,12.0,930.37154,918.13154,930.37154,False,50174,643,43,145300
5991,134,Amex,Credit,390245051618518,07/2012,198,YES,2,10400,12/2010,2013,No,2010-12-01,24132,898.16094,879.80094,898.16094,53113.83,12.0,993.16094,974.80094,993.16094,True,50174,643,43,145300
6120,134,Mastercard,Credit,5270343966236915,08/2022,997,YES,1,9400,12/2016,2016,No,2016-12-01,24204,493.2891,488.96909999999997,493.2891,30206.95,12.0,493.2891,488.96909999999997,493.2891,False,50174,643,43,145300
2242,220,Amex,Credit,314281190779481,03/2023,430,YES,1,17200,03/2010,2015,No,2010-03-01,24123,473.86260000000004,455.8626,473.86260000000004,32931.7,12.0,568.8626,550.8625999999999,568.8626,True,61846,722,33,12525
3954,220,Visa,Debit,4604354040195938,05/2020,401,YES,1,23018,07/2010,2018,No,2010-07-01,24127,54.40667,50.166669999999996,54.40667,14225.34,12.0,54.40667,50.166669999999996,54.40667,False,61846,722,33,12525
2697,220,Mastercard,Credit,5572404956005534,12/2024,905,YES,3,23500,04/2012,2012,No,2012-04-01,24148,203.75892000000002,197.27892,203.75892000000002,13516.94,12.0,203.75892000000002,197.27892,203.75892000000002,False,61846,722,33,12525
4043,1343,Amex,Credit,356195833030022,02/2022,538,YES,1,5300,07/2016,2016,No,2016-07-01,24199,0.0,0.0,0.0,0.0,0.0,95.0,95.0,95.0,True,24369,575,22,37437
2329,1930,Mastercard,Debit,5965080957028592,11/2020,934,YES,1,15416,03/2014,2014,No,2014-03-01,24171,0.0,0.0,0.0,0.0,0.0,0.0,0.0,0.0,True,44470,721,26,66413
6081,1260,Amex,Credit,362698516441740,07/2024,439,YES,2,0,12/2013,2013,No,2013-12-01,24168,309.25764,268.21764,309.25764,19589.98,12.0,404.25764,363.21764,404.25764,True,42806,712,28,49194
361,96,Visa,Credit,4304215035213802,10/2020,370,YES,2,24300,01/2017,2017,No,2017-01-01,24205,991.332,954.972,991.332,65652.0,12.0,991.332,954.972,991.332,False,99825,685,69,4344
4878,1166,Visa,Debit,4890865865158493,11/2014,441,YES,1,14574,09/2014,2014,No,2014-09-01,24177,55.27212,55.00212,55.27212,9145.24,3.0,55.27212,55.00212,55.27212,False,39898,682,44,43630
1222,1166,Mastercard,Credit,5702377806791449,08/2021,548,YES,2,14100,02/2010,2010,No,2010-02-01,24122,384.88644,370.84644000000003,384.88644,31537.58,12.0,384.88644,370.84644000000003,384.88644,False,39898,682,44,43630
2649,1533,Mastercard,Credit,5946485614560585,04/2021,261,YES,1,11800,04/2010,2013,No,2010-04-01,24124,538.71462,490.83462,538.71462,32345.59,12.0,538.71462,490.83462,538.71462,False,49412,830,39,42378
3097,1533,Mastercard,Debit,5118758087775711,06/2022,993,YES,2,27594,05/2011,2011,No,2011-05-01,24137,112.68295499999999,107.79295499999999,112.68295499999999,28782.91,12.0,112.68295499999999,107.79295499999999,112.68295499999999,False,49412,830,39,42378
250,1451,Visa,Debit,4138363239181107,03/2023,48,YES,1,20475,01/2010,2015,No,2010-01-01,24121,97.911535,95.971535,97.911535,16183.07,12.0,97.911535,95.971535,97.911535,False,17078,719,58,25245
6006,57,Mastercard,Debit,5134306678651092,02/2020,796,YES,2,17614,12/2010,2013,No,2010-12-01,24132,256.04539,245.17539,256.04539,48081.78,12.0,256.04539,245.17539,256.04539,True,43826,823,28,84935
6069,1335,Mastercard,Debit,5260369873454704,12/2020,963,YES,2,51133,12/2012,2012,No,2012-12-01,24156,237.71040999999997,224.69040999999999,237.71040999999997,75767.82,12.0,237.71040999999997,224.69040999999999,237.71040999999997,True,97845,836,51,255288
2330,1335,Mastercard,Debit (Prepaid),5771619649186816,09/2020,504,YES,1,54,03/2014,2014,No,2014-03-01,24171,0.0,0.0,61.28424,5444.48,12.0,0.0,0.0,61.28424,False,97845,836,51,255288
3583,1335,Mastercard,Debit,5852720136795701,08/2023,35,YES,2,32036,06/2014,2014,No,2014-06-01,24174,121.58184,115.76183999999999,121.58184,40145.68,12.0,121.58184,115.76183999999999,121.58184,False,97845,836,51,255288
4468,816,Amex,Credit,317788535363713,08/2021,583,YES,1,9200,08/2018,2018,No,2018-08-01,24224,247.02066,247.02066,247.02066,15941.369999999999,12.0,342.02066,342.02066,342.02066,False,36285,759,56,67244
4344,1385,Visa,Debit,4690085698241971,01/2021,125,YES,1,48489,08/2010,2014,No,2010-08-01,24128,48.422579999999996,36.43258,48.422579999999996,13497.16,12.0,48.422579999999996,36.43258,48.422579999999996,False,82298,789,51,182301
1256,1385,Visa,Debit,4083090955300562,12/2022,259,YES,2,36940,02/2010,2010,No,2010-02-01,24122,58.079355,45.689355,58.079355,12717.71,12.0,58.079355,45.689355,58.079355,False,82298,789,51,182301
4881,1125,Amex,Credit,331368783471362,12/2021,673,YES,2,13200,09/2015,2015,No,2015-09-01,24189,445.78854,419.14854,445.78854,29020.03,12.0,540.78854,514.14854,540.78854,False,64917,689,25,102747
3601,1125,Visa,Debit,4218957266147893,05/2021,909,YES,2,29200,06/2015,2015,No,2015-06-01,24186,106.61212,97.27212,106.61212,27808.24,12.0,106.61212,97.27212,106.61212,True,64917,689,25,102747
287,1345,Visa,Debit,4988009818611006,05/2021,45,YES,2,16857,01/2011,2017,No,2011-01-01,24133,22.147305,21.857305,22.147305,2789.61,12.0,22.147305,21.857305,22.147305,False,16620,804,83,1140
5633,1345,Visa,Debit,4559661567211049,05/2023,584,NO,1,2518,11/2010,2010,No,2010-11-01,24131,24.17034,24.17034,24.17034,3666.68,12.0,24.17034,24.17034,24.17034,False,16620,804,83,1140
3060,1695,Mastercard,Credit,5064256706957228,07/2022,302,YES,2,12700,05/2010,2015,No,2010-05-01,24125,229.7439,216.7839,229.7439,15895.55,12.0,229.7439,216.7839,229.7439,False,57027,709,45,21798
274,1695,Mastercard,Debit,5322366368652292,01/2016,702,YES,2,20838,01/2011,2011,No,2011-01-01,24133,36.467355,35.697355,36.467355,11817.71,12.0,36.467355,35.697355,36.467355,False,57027,709,45,21798
4781,1985,Mastercard,Debit,5733036423097085,03/2020,72,YES,2,416,09/2010,2010,No,2010-09-01,24129,145.327065,142.247065,145.327065,9153.130000000001,12.0,145.327065,142.247065,145.327065,False,1426,680,50,3154
5653,1604,Mastercard,Credit,5196692562051331,11/2011,626,YES,2,11200,11/2011,2013,No,2011-11-01,24143,15.68556,15.68556,15.68556,1190.42,1.0,15.68556,15.68556,15.68556,False,31308,742,55,59817
6077,1604,Visa,Debit,4135358669694440,07/2013,903,YES,1,11578,12/2012,2012,No,2012-12-01,24156,55.127415,54.617414999999994,55.127415,7047.83,8.0,55.127415,54.617414999999994,55.127415,False,31308,742,55,59817
3185,1604,Visa,Debit,4756917754933725,07/2021,915,YES,1,13754,05/2016,2016,No,2016-05-01,24197,87.74444,86.50443999999999,87.74444,11169.88,12.0,87.74444,86.50443999999999,87.74444,False,31308,742,55,59817
2766,649,Visa,Debit,4094691617950058,07/2020,376,YES,1,14558,04/2016,2016,No,2016-04-01,24196,43.842214999999996,42.272214999999996,43.842214999999996,4945.43,12.0,43.842214999999996,42.272214999999996,43.842214999999996,False,46408,847,48,0
1376,649,Visa,Debit,4974987012125947,03/2023,50,YES,2,46342,02/2017,2017,No,2017-02-01,24206,40.285105,38.735105000000004,40.285105,4044.21,12.0,40.285105,38.735105000000004,40.285105,False,46408,847,48,0
1223,649,Mastercard,Debit,5155724078477847,06/2024,606,YES,2,11401,02/2010,2016,No,2010-02-01,24122,70.46561,68.40561,70.46561,7361.22,12.0,70.46561,68.40561,70.46561,False,46408,847,48,0
251,649,Visa,Debit,4827129780511983,03/2024,941,YES,1,8280,01/2010,2010,No,2010-01-01,24121,81.83606,78.80606,81.83606,8059.12,12.0,81.83606,78.80606,81.83606,False,46408,847,48,0
4345,1486,Visa,Credit,4832062433813256,06/2020,469,YES,1,9600,08/2010,2011,No,2010-08-01,24128,303.48738,271.08738,303.48738,20555.41,12.0,303.48738,271.08738,303.48738,True,23307,789,39,31064
3973,400,Mastercard,Debit,5484162566176355,11/2011,950,YES,2,16687,07/2011,2011,No,2011-07-01,24139,42.5759,42.5759,42.5759,11539.8,6.0,42.5759,42.5759,42.5759,False,39770,711,46,72827
5241,1994,Mastercard,Debit,5947340712205085,09/2016,43,YES,1,23768,10/2011,2011,No,2011-10-01,24142,84.378865,83.348865,84.378865,20880.73,12.0,84.378865,83.348865,84.378865,False,78180,740,48,102759
3974,1994,Mastercard,Debit (Prepaid),5978888711772678,08/2022,938,YES,1,63,07/2011,2011,No,2011-07-01,24139,0.0,0.0,79.969705,11998.41,12.0,0.0,0.0,79.969705,False,78180,740,48,102759
6032,1994,Visa,Credit,4290514131698271,12/2023,197,YES,1,21600,12/2010,2010,No,2010-12-01,24132,636.5997,604.5597,636.5997,38805.65,12.0,636.5997,604.5597,636.5997,True,78180,740,48,102759
2349,572,Visa,Debit,4204698331499701,03/2024,98,YES,1,23157,03/2015,2015,No,2015-03-01,24183,0.0,0.0,0.0,0.0,0.0,0.0,0.0,0.0,True,47317,680,29,42433
2650,1442,Mastercard,Debit,5370998800503323,06/2021,122,YES,2,11986,04/2010,2015,No,2010-04-01,24124,301.54116,288.18116,301.54116,64277.32,12.0,301.54116,288.18116,301.54116,True,30432,624,41,101847
6043,1853,Mastercard,Debit,5693761531134263,02/2021,876,YES,2,4340,12/2011,2012,No,2011-12-01,24144,56.09847,55.28584,56.09847,4540.94,12.0,56.09847,55.28584,56.09847,False,37165,771,39,0
5654,556,Mastercard,Debit,5455392892256793,01/2023,356,YES,1,23688,11/2011,2011,No,2011-11-01,24143,146.36219499999999,142.192195,146.36219499999999,23615.39,12.0,146.36219499999999,142.192195,146.36219499999999,False,36405,715,46,31815
293,321,Amex,Credit,324067922186663,08/2018,194,YES,1,3300,01/2012,2012,No,2012-01-01,24145,277.54056,224.26056,277.54056,17393.920000000002,12.0,372.54056,319.26056,372.54056,False,40177,698,52,47012
4364,483,Mastercard,Debit,5115060727983375,09/2020,594,YES,2,13224,08/2011,2011,No,2011-08-01,24140,76.613335,76.353335,76.613335,13164.67,12.0,76.613335,76.353335,76.613335,False,39969,713,49,68456
5219,404,Visa,Credit,4168726918316832,07/2024,482,YES,1,10900,10/2010,2010,No,2010-10-01,24130,0.0,0.0,0.0,0.0,0.0,0.0,0.0,0.0,True,44816,625,44,63043
4346,1510,Visa,Credit,4529046868574613,11/2013,294,YES,1,6600,08/2010,2011,No,2010-08-01,24128,391.15368,391.15368,391.15368,23429.76,12.0,391.15368,391.15368,391.15368,False,50658,764,32,72806
1257,1510,Visa,Credit,4051609818366867,11/2011,795,YES,1,11400,02/2010,2012,No,2010-02-01,24122,535.84146,535.84146,535.84146,33835.97,12.0,535.84146,535.84146,535.84146,True,50658,764,32,72806
1309,1635,Visa,Credit,4029286233026672,09/2023,218,YES,2,15000,02/2012,2012,No,2012-02-01,24146,208.51488,185.83488,208.51488,14876.16,12.0,208.51488,185.83488,208.51488,False,42332,616,54,75213
6044,1635,Mastercard,Debit,5269354095711843,02/2021,905,YES,2,14348,12/2011,2011,No,2011-12-01,24144,78.46161,77.11161,78.46161,8220.22,12.0,78.46161,77.11161,78.46161,False,42332,616,54,75213
5229,1384,Discover,Credit,6648294893325479,03/2014,949,YES,2,15000,10/2011,2011,No,2011-10-01,24142,399.53340000000003,395.5734,399.53340000000003,24022.3,12.0,399.53340000000003,395.5734,399.53340000000003,False,23011,721,74,30510
3171,943,Discover,Credit,6208996174626373,02/2023,640,YES,2,6600,05/2016,2016,No,2016-05-01,24197,0.0,0.0,0.0,0.0,0.0,0.0,0.0,0.0,True,87317,773,64,41998
2369,1236,Visa,Credit,4788127455899674,01/2021,710,YES,1,8800,03/2017,2017,No,2017-03-01,24207,207.45792,172.53792,207.45792,14282.44,12.0,207.45792,172.53792,207.45792,False,25243,730,72,18006
3186,496,Visa,Debit,4602655731592723,03/2019,673,YES,1,22516,05/2016,2016,No,2016-05-01,24197,34.796079999999996,34.28608,34.796079999999996,6572.16,12.0,34.796079999999996,34.28608,34.796079999999996,False,36319,730,47,44737
5634,1753,Visa,Debit,4613268743262267,03/2020,131,YES,1,25102,11/2010,2014,No,2010-11-01,24131,182.613475,176.383475,182.613475,45062.95,12.0,182.613475,176.383475,182.613475,True,45476,506,46,67636
4365,304,Mastercard,Debit,5199593781302958,05/2021,864,YES,1,12892,08/2011,2011,No,2011-08-01,24140,0.0,0.0,0.0,0.0,0.0,0.0,0.0,0.0,False,41297,685,31,34703
5667,839,Amex,Credit,359230628127716,05/2019,198,YES,2,6600,11/2012,2012,No,2012-11-01,24155,420.07608,408.19608,420.07608,26095.56,12.0,515.07608,503.19608,515.07608,False,54384,622,45,69717
3187,839,Visa,Debit,4661359494660870,04/2024,259,YES,2,25650,05/2016,2016,No,2016-05-01,24197,29.417075,28.687075,29.417075,6756.15,12.0,29.417075,28.687075,29.417075,False,54384,622,45,69717
4912,43,Mastercard,Debit,5971471233715173,10/2023,760,YES,1,35702,09/2017,2017,No,2017-09-01,24213,0.0,0.0,0.0,0.0,0.0,0.0,0.0,0.0,True,61104,721,26,79486
5740,43,Visa,Credit,4190991721490115,03/2020,326,YES,2,21700,11/2018,2018,No,2018-11-01,24227,0.0,0.0,0.0,0.0,0.0,0.0,0.0,0.0,False,61104,721,26,79486
3477,849,Mastercard,Debit,5311017800546224,09/2013,133,YES,1,14889,06/2010,2011,No,2010-06-01,24126,63.050035,60.740035,63.050035,7006.07,12.0,63.050035,60.740035,63.050035,False,43828,711,67,60231
3169,654,Visa,Credit,4589986776113951,10/2023,678,NO,2,7600,05/2015,2015,No,2015-05-01,24185,0.0,0.0,0.0,0.0,0.0,0.0,0.0,0.0,True,33883,524,47,50616
1224,1020,Mastercard,Debit,5295246280473124,07/2023,117,YES,1,26277,02/2010,2010,No,2010-02-01,24122,386.52834,381.70834,386.52834,87630.68,12.0,386.52834,381.70834,386.52834,True,54122,796,29,166903
2728,1020,Mastercard,Debit,5716337574011958,02/2020,231,YES,1,26317,04/2014,2014,No,2014-04-01,24172,196.18407,193.25406999999998,196.18407,41085.14,12.0,196.18407,193.25406999999998,196.18407,False,54122,796,29,166903
4062,22,Visa,Credit,4568990237174716,01/2022,624,YES,2,13600,07/2017,2017,No,2017-07-01,24211,756.41886,750.29886,756.41886,48267.27,12.0,756.41886,750.29886,756.41886,True,53966,747,56,135478
1342,1823,Mastercard,Debit,5395349112538164,03/2020,34,YES,1,37468,02/2014,2014,No,2014-02-01,24170,56.909715,54.939715,56.909715,14680.43,12.0,56.909715,54.939715,56.909715,False,65362,743,67,27745
3638,1823,Visa,Debit (Prepaid),4553257553445993,02/2020,55,NO,1,65,06/2018,2018,No,2018-06-01,24222,0.0,0.0,15.2077,1855.4,12.0,0.0,0.0,15.2077,False,65362,743,67,27745
4048,1823,Visa,Debit,4597236520104139,03/2020,389,YES,1,31842,07/2016,2016,No,2016-07-01,24199,32.963409999999996,31.51341,32.963409999999996,7603.82,12.0,32.963409999999996,31.51341,32.963409999999996,False,65362,743,67,27745
3201,1823,Visa,Credit,4907569031158213,08/2024,170,YES,2,12400,05/2018,2018,No,2018-05-01,24221,379.48932,365.80931999999996,379.48932,22414.74,12.0,379.48932,365.80931999999996,379.48932,False,65362,743,67,27745
5242,589,Mastercard,Debit,5847682490938899,12/2020,383,YES,2,14094,10/2011,2018,No,2011-10-01,24142,45.72825,43.52825,45.72825,9445.5,12.0,45.72825,43.52825,45.72825,False,27035,595,58,58050
2277,49,Mastercard,Debit,5746888458694762,02/2018,646,YES,1,15510,03/2011,2011,No,2011-03-01,24135,0.0,0.0,0.0,0.0,0.0,0.0,0.0,0.0,False,38663,686,38,59053
3061,49,Mastercard,Debit,5463153984541850,06/2024,13,YES,1,20311,05/2010,2012,No,2010-05-01,24125,0.0,0.0,0.0,0.0,0.0,0.0,0.0,0.0,True,38663,686,38,59053
3955,49,Visa,Debit,4655468499465057,09/2023,303,YES,1,13492,07/2010,2010,No,2010-07-01,24127,0.0,0.0,0.0,0.0,0.0,0.0,0.0,0.0,False,38663,686,38,59053
252,69,Visa,Credit,4565836303791159,09/2021,441,YES,2,3900,01/2010,2010,No,2010-01-01,24121,90.58284,62.86284,90.58284,5971.38,12.0,90.58284,62.86284,90.58284,False,38318,748,54,93284
5253,69,Visa,Credit,4550312126148406,01/2020,957,YES,1,10800,10/2011,2013,No,2011-10-01,24142,77.2452,68.6052,77.2452,5320.400000000001,12.0,77.2452,68.6052,77.2452,False,38318,748,54,93284
4799,234,Visa,Credit,4618393100129362,07/2020,775,YES,1,9800,09/2010,2011,No,2010-09-01,24129,194.24142,144.20142,194.24142,11672.19,12.0,194.24142,144.20142,194.24142,False,37623,726,42,923
2355,608,Mastercard,Debit,5446273979485247,11/2022,233,YES,1,1044,03/2016,2016,No,2016-03-01,24195,78.341435,76.071435,78.341435,8156.87,12.0,78.341435,76.071435,78.341435,False,2365,769,32,0
2278,608,Mastercard,Debit,5521214390191681,09/2018,672,YES,1,746,03/2011,2011,No,2011-03-01,24135,140.663785,138.603785,140.663785,16183.57,12.0,140.663785,138.603785,140.663785,True,2365,769,32,0
1358,286,Mastercard,Debit,5601172841459295,02/2024,29,YES,1,23009,02/2015,2015,No,2015-02-01,24182,47.68046,47.68046,47.68046,7749.92,12.0,47.68046,47.68046,47.68046,False,38223,725,38,30756
6092,286,Visa,Debit,4657379115764717,11/2017,578,YES,2,17973,12/2013,2013,No,2013-12-01,24168,72.348265,71.878265,72.348265,11253.529999999999,12.0,72.348265,71.878265,72.348265,False,38223,725,38,30756
4450,286,Mastercard,Debit,5843688837981178,10/2023,880,YES,1,12254,08/2015,2015,No,2015-08-01,24188,39.166889999999995,38.20689,39.166889999999995,6683.78,12.0,39.166889999999995,38.20689,39.166889999999995,False,38223,725,38,30756
4782,286,Mastercard,Debit,5928230249203938,08/2022,212,YES,1,20799,09/2010,2010,No,2010-09-01,24129,137.388995,136.438995,137.388995,28003.989999999998,12.0,137.388995,136.438995,137.388995,True,38223,725,38,30756
4840,1435,Visa,Debit,4372566654697981,09/2023,83,YES,2,34818,09/2012,2012,No,2012-09-01,24153,248.78433,245.42433,248.78433,37639.659999999996,12.0,248.78433,245.42433,248.78433,False,92017,703,41,157723
2360,1435,Visa,Debit,4789580361652931,10/2020,216,YES,2,38837,03/2016,2016,No,2016-03-01,24195,138.52407,136.89102499999998,138.52407,18876.14,12.0,138.52407,136.89102499999998,138.52407,False,92017,703,41,157723
1343,1683,Mastercard,Debit,5688998474789359,06/2020,292,YES,1,13014,02/2014,2014,No,2014-02-01,24170,0.0,0.0,0.0,0.0,0.0,0.0,0.0,0.0,False,25109,850,43,92
2665,727,Visa,Credit,4116639367344725,05/2021,923,YES,2,9700,04/2010,2016,No,2010-04-01,24124,136.8324,127.8324,136.8324,8765.8,12.0,136.8324,127.8324,136.8324,False,40522,801,44,81572
1225,1150,Mastercard,Credit,5587070999180300,04/2023,335,YES,2,9700,02/2010,2011,No,2010-02-01,24122,209.87982,209.87982,209.87982,12111.99,12.0,209.87982,209.87982,209.87982,False,63030,791,46,93406
4856,1150,Mastercard,Debit,5768399039617120,07/2022,221,YES,2,20111,09/2013,2013,No,2013-09-01,24165,119.03805,118.68805,119.03805,18425.1,12.0,119.03805,118.68805,119.03805,False,63030,791,46,93406
253,332,Visa,Debit,4680771406185126,01/2013,913,YES,1,7452,01/2010,2018,No,2010-01-01,24121,74.424875,73.914875,74.424875,10282.75,12.0,74.424875,73.914875,74.424875,False,37362,703,61,21600
1335,137,Amex,Credit,315776046694876,05/2024,574,YES,2,9700,02/2014,2014,No,2014-02-01,24170,809.27406,764.99406,809.27406,45768.67,12.0,904.27406,859.99406,904.27406,False,41069,644,33,64073
6114,137,Visa,Debit,4168082636728790,03/2024,528,YES,1,28179,12/2015,2015,No,2015-12-01,24192,137.45256,134.98256,137.45256,24863.12,12.0,137.45256,134.98256,137.45256,False,41069,644,33,64073
4063,1121,Visa,Debit,4948136387572248,10/2019,49,YES,1,31535,07/2017,2017,No,2017-07-01,24211,94.95286999999999,92.53287,94.95286999999999,12212.74,12.0,94.95286999999999,92.53287,94.95286999999999,False,84365,796,44,113529
1372,1121,Mastercard,Debit,5629988786276968,01/2018,537,YES,1,51951,02/2017,2017,No,2017-02-01,24206,95.82552,94.50551999999999,95.82552,15267.04,12.0,95.82552,94.50551999999999,95.82552,False,84365,796,44,113529
4920,860,Visa,Credit,4642731433732483,09/2020,661,YES,2,22100,09/2018,2018,No,2018-09-01,24225,667.10016,511.58016,667.10016,40401.12,12.0,667.10016,511.58016,667.10016,False,62791,692,55,193215
3534,860,Visa,Debit,4695286118783923,12/2011,601,YES,1,21885,06/2011,2011,No,2011-06-01,24138,119.08788999999999,92.30789,119.08788999999999,28541.78,7.0,119.08788999999999,92.30789,119.08788999999999,False,62791,692,55,193215
5733,518,Visa,Credit,4464546125723807,07/2021,2,YES,2,5900,11/2017,2017,No,2017-11-01,24215,0.0,0.0,0.0,0.0,0.0,0.0,0.0,0.0,True,45433,523,31,91998
2302,944,Mastercard,Debit,5863955184387781,03/2023,881,YES,2,66930,03/2012,2012,No,2012-03-01,24147,38.728474999999996,37.628475,38.728474999999996,10676.95,12.0,38.728474999999996,37.628475,38.728474999999996,False,119308,789,58,89328
372,944,Mastercard,Debit,5795522328185876,05/2020,134,YES,2,72274,01/2018,2018,No,2018-01-01,24217,46.786475,43.426474999999996,46.786475,15032.95,12.0,46.786475,43.426474999999996,46.786475,False,119308,789,58,89328
3500,944,Visa,Credit,4582418773157215,12/2021,935,NO,1,25500,06/2010,2012,No,2010-06-01,24126,1474.82136,1411.82136,1474.82136,86712.52,12.0,1474.82136,1411.82136,1474.82136,False,119308,789,58,89328
5692,388,Visa,Debit,4183750300220988,04/2014,371,NO,1,12606,11/2013,2013,No,2013-11-01,24167,0.0,0.0,0.0,0.0,0.0,0.0,0.0,0.0,True,17310,749,25,21853
3975,741,Mastercard,Debit,5761918360234631,08/2020,174,YES,2,20174,07/2011,2011,No,2011-07-01,24139,0.0,0.0,0.0,0.0,0.0,0.0,0.0,0.0,True,41316,826,75,22629
6007,1737,Mastercard,Debit,5406672659038258,01/2023,826,YES,1,20090,12/2010,2011,No,2010-12-01,24132,70.07696,69.58696,70.07696,9585.92,12.0,70.07696,69.58696,70.07696,False,37686,739,52,41173
3618,1737,Mastercard,Debit,5967723936818875,01/2022,556,YES,1,27888,06/2017,2017,No,2017-06-01,24210,59.73792,59.73792,59.73792,7504.84,12.0,59.73792,59.73792,59.73792,False,37686,739,52,41173
2769,275,Mastercard,Debit,5348564290163186,01/2024,732,YES,1,31873,04/2017,2017,No,2017-04-01,24208,140.318595,140.058595,140.318595,23579.19,12.0,140.318595,140.058595,140.318595,False,76288,710,43,120771
3036,275,Amex,Credit,325342510254113,07/2024,179,YES,2,15600,05/2010,2019,No,2010-05-01,24125,506.07954,484.47954,506.07954,29318.53,12.0,601.07954,579.47954,601.07954,False,76288,710,43,120771
4917,284,Mastercard,Debit,5131900662646656,12/2018,352,YES,1,23206,09/2018,2018,No,2018-09-01,24225,0.0,0.0,0.0,0.0,0.0,0.0,0.0,0.0,False,50980,754,51,0
4347,284,Visa,Debit,4779183477104256,04/2020,0,YES,2,35684,08/2010,2012,No,2010-08-01,24128,0.0,0.0,0.0,0.0,0.0,0.0,0.0,0.0,False,50980,754,51,0
5726,284,Mastercard,Debit (Prepaid),5792924047685794,11/2016,384,NO,1,76,11/2016,2016,No,2016-11-01,24203,0.0,0.0,0.0,0.0,0.0,0.0,0.0,0.0,False,50980,754,51,0
2671,79,Amex,Credit,352313983770185,03/2021,46,YES,2,12200,04/2011,2011,No,2011-04-01,24136,354.60792,329.04792000000003,354.60792,22525.44,12.0,449.60792,424.04792000000003,449.60792,False,29164,625,70,19851
5199,1515,Mastercard,Debit,5300232902137599,07/2022,711,YES,2,20165,10/2010,2012,No,2010-10-01,24130,98.303345,92.653345,98.303345,23486.690000000002,12.0,98.303345,92.653345,98.303345,False,30457,520,77,19314
2336,1515,Visa,Credit,4780949143263441,08/2023,540,YES,2,7700,03/2014,2014,No,2014-03-01,24171,132.27372,105.63372,132.27372,7348.54,12.0,132.27372,105.63372,132.27372,False,30457,520,77,19314
4431,1964,Mastercard,Credit,5124729225452111,01/2017,871,YES,2,11600,08/2014,2014,No,2014-08-01,24176,176.64768,176.64768,176.64768,9995.76,12.0,176.64768,176.64768,176.64768,False,38637,643,68,30595
2752,1964,Visa,Debit,4066451880192964,04/2016,9,YES,1,14960,04/2015,2015,No,2015-04-01,24184,90.166315,90.166315,90.166315,14183.630000000001,12.0,90.166315,90.166315,90.166315,False,38637,643,68,30595
2253,1098,Mastercard,Debit,5547459880579017,02/2020,116,YES,2,16868,03/2010,2010,No,2010-03-01,24123,244.19299,240.47298999999998,244.19299,58831.979999999996,12.0,244.19299,240.47298999999998,244.19299,False,34456,752,50,54634
1320,1098,Mastercard,Debit,5740589965857604,11/2022,40,YES,1,11121,02/2013,2013,No,2013-02-01,24158,193.340005,191.59632,193.340005,46783.01,12.0,193.340005,191.59632,193.340005,False,34456,752,50,54634
2308,554,Visa,Debit,4439649579256628,01/2021,327,YES,2,27376,03/2012,2012,No,2012-03-01,24147,68.27456,67.15455999999999,68.27456,14145.12,12.0,68.27456,67.15455999999999,68.27456,False,53357,690,59,114266
6070,554,Mastercard,Debit,5140694561445565,07/2019,960,YES,2,32676,12/2012,2012,No,2012-12-01,24156,49.763445,49.303444999999996,49.763445,8923.890000000001,12.0,49.763445,49.303444999999996,49.763445,False,53357,690,59,114266
2753,596,Visa,Credit,4733769586168380,02/2021,556,YES,2,5100,04/2015,2015,No,2015-04-01,24184,569.1105,486.6705,569.1105,35903.25,12.0,569.1105,486.6705,569.1105,True,34629,721,28,34484
4841,170,Visa,Debit,4969924078004898,12/2022,881,YES,1,15638,09/2012,2012,No,2012-09-01,24153,57.99833,53.34833,57.99833,13705.66,12.0,57.99833,53.34833,57.99833,False,36983,768,34,58895
1344,794,Mastercard,Debit,5511781840326939,09/2022,876,YES,1,12501,02/2014,2014,No,2014-02-01,24170,63.40395,61.793949999999995,63.40395,16972.899999999998,12.0,63.40395,61.793949999999995,63.40395,False,29621,730,49,0
4432,794,Mastercard,Debit (Prepaid),5872869557387766,01/2023,582,YES,1,71,08/2014,2014,No,2014-08-01,24176,0.0,0.0,31.998265,4888.530000000001,12.0,0.0,0.0,31.998265,False,29621,730,49,0
2746,1697,Mastercard,Debit (Prepaid),5803099724523617,09/2020,930,YES,1,63,04/2015,2015,No,2015-04-01,24184,0.0,0.0,52.327435,4488.87,12.0,0.0,0.0,52.327435,False,41002,685,64,97188
2698,402,Mastercard,Debit,5299237121049630,10/2023,876,YES,2,14749,04/2012,2012,No,2012-04-01,24148,146.56623,146.32623,146.56623,31090.46,12.0,146.56623,146.32623,146.56623,False,43954,744,47,60913
6082,1628,Amex,Credit,325450874784558,05/2018,496,YES,2,17400,12/2013,2013,No,2013-12-01,24168,0.0,0.0,0.0,0.0,0.0,95.0,95.0,95.0,False,63439,786,56,199706
4001,1672,Mastercard,Debit (Prepaid),5784144789342929,01/2024,653,NO,1,65,07/2012,2012,No,2012-07-01,24151,0.0,0.0,167.59228,11132.56,12.0,0.0,0.0,167.59228,True,74644,792,28,204251
5184,1135,Amex,Credit,376534551118716,06/2022,382,YES,2,20800,10/2010,2013,No,2010-10-01,24130,360.44154000000003,343.88154,360.44154000000003,21198.53,12.0,455.44154000000003,438.88154,455.44154000000003,False,68010,704,89,0
6093,1135,Visa,Debit,4703890283144405,04/2024,233,YES,1,19830,12/2013,2013,No,2013-12-01,24168,124.569095,121.48909499999999,124.569095,24007.19,12.0,124.569095,121.48909499999999,124.569095,False,68010,704,89,0
4037,1135,Mastercard,Debit,5663749194216135,02/2019,176,YES,1,22482,07/2015,2015,No,2015-07-01,24187,79.87407,79.16407,79.87407,12895.14,12.0,79.87407,79.16407,79.87407,False,68010,704,89,0
3081,1135,Visa,Debit (Prepaid),4850287414377343,10/2024,123,YES,1,62,05/2010,2012,No,2010-05-01,24125,0.0,0.0,188.120655,18495.31,12.0,0.0,0.0,188.120655,False,68010,704,89,0
337,1589,Visa,Debit,4939717188461311,10/2023,395,NO,1,11912,01/2014,2014,No,2014-01-01,24169,113.83251,98.08251,113.83251,25778.02,12.0,113.83251,98.08251,113.83251,True,27494,702,39,44258
4913,1589,Mastercard,Debit,5174537590358880,12/2024,473,YES,2,13064,09/2017,2017,No,2017-09-01,24213,59.208885,52.108885,59.208885,12434.77,12.0,59.208885,52.108885,59.208885,False,27494,702,39,44258
5306,1589,Mastercard,Debit,5693986376592853,10/2016,390,YES,2,8912,10/2015,2015,No,2015-10-01,24190,53.99335,46.84335,53.99335,12512.7,12.0,53.99335,46.84335,53.99335,False,27494,702,39,44258
1368,1654,Mastercard,Debit,5041427711902777,01/2022,748,YES,1,36502,02/2016,2016,No,2016-02-01,24194,332.41067,330.18066999999996,332.41067,74938.34,12.0,332.41067,330.18066999999996,332.41067,False,49328,693,43,6197
5257,1654,Mastercard,Credit,5871669086673415,09/2020,698,YES,1,11800,10/2012,2012,No,2012-10-01,24154,592.5438,578.1438,592.5438,39830.1,12.0,592.5438,578.1438,592.5438,False,49328,693,43,6197
1200,1654,Amex,Credit,333081160230544,06/2024,480,YES,1,14000,02/2010,2012,No,2010-02-01,24122,773.97534,755.97534,773.97534,51411.63,12.0,868.97534,850.97534,868.97534,False,49328,693,43,6197
6045,1330,Mastercard,Debit,5471442279898272,02/2021,537,NO,1,21820,12/2011,2011,No,2011-12-01,24144,131.139075,131.139075,131.139075,23954.149999999998,12.0,131.139075,131.139075,131.139075,False,35404,575,65,30887
5705,139,Visa,Debit,4940574343090024,12/2014,702,YES,1,18944,11/2014,2014,No,2014-11-01,24179,0.0,0.0,0.0,0.0,0.0,0.0,0.0,0.0,False,31317,687,73,4591
6104,1280,Amex,Credit,360424769741306,10/2021,352,NO,2,6000,12/2015,2015,No,2015-12-01,24192,0.0,0.0,0.0,0.0,0.0,95.0,95.0,95.0,True,32676,641,28,88515
3604,883,Amex,Credit,364278996069965,02/2020,191,YES,1,12500,06/2016,2016,No,2016-06-01,24198,971.88822,853.08822,971.88822,59059.79,12.0,1066.88822,948.08822,1066.88822,True,54333,584,33,103224
5302,359,Amex,Credit,364647060276955,04/2020,223,YES,1,17200,10/2015,2015,No,2015-10-01,24190,326.64528,326.64528,326.64528,19839.96,12.0,421.64528,421.64528,421.64528,False,57383,799,66,20725
2331,359,Mastercard,Debit,5012576433104478,01/2015,411,YES,1,31163,03/2014,2014,No,2014-03-01,24171,85.504955,85.504955,85.504955,12522.91,11.0,85.504955,85.504955,85.504955,False,57383,799,66,20725
3567,359,Mastercard,Debit (Prepaid),5317204750431758,05/2024,412,YES,1,59,06/2013,2013,No,2013-06-01,24162,0.0,0.0,114.17462499999999,13008.25,12.0,0.0,0.0,114.17462499999999,False,57383,799,66,20725
338,1071,Visa,Debit,4177638630189991,11/2020,393,YES,1,31072,01/2014,2014,No,2014-01-01,24169,0.0,0.0,0.0,0.0,0.0,0.0,0.0,0.0,True,38363,838,26,63974
4904,1175,Amex,Credit,354026281245694,09/2017,67,YES,2,7600,09/2017,2017,No,2017-09-01,24213,0.0,0.0,0.0,0.0,0.0,95.0,95.0,95.0,False,10782,770,93,346
2264,1936,Visa,Credit,4844646610537453,08/2020,174,YES,2,14500,03/2010,2010,No,2010-03-01,24123,315.96948000000003,287.52948000000004,315.96948000000003,20250.86,12.0,315.96948000000003,287.52948000000004,315.96948000000003,False,35685,714,86,1135
339,1585,Visa,Debit,4915076647608173,08/2023,63,NO,1,14708,01/2014,2014,No,2014-01-01,24169,179.903345,176.83334499999998,179.903345,31248.69,12.0,179.903345,176.83334499999998,179.903345,False,42229,688,35,0
2721,1585,Visa,Debit,4535134357521443,03/2022,877,YES,2,19197,04/2013,2013,No,2013-04-01,24160,308.20956,303.90956,308.20956,60332.12,12.0,308.20956,303.90956,308.20956,True,42229,688,35,0
6103,1585,Mastercard,Debit,5325994058715063,04/2022,617,YES,1,14830,12/2014,2014,No,2014-12-01,24180,121.781455,119.25145499999999,121.781455,21029.91,12.0,121.781455,119.25145499999999,121.781455,False,42229,688,35,0
6008,1245,Mastercard,Debit,5774873617908688,08/2024,550,YES,1,13910,12/2010,2016,No,2010-12-01,24132,49.297395,46.657395,49.297395,6567.79,12.0,49.297395,46.657395,49.297395,False,42900,802,54,111007
4873,1245,Mastercard,Credit,5352138305305282,05/2024,190,YES,2,6900,09/2014,2014,No,2014-09-01,24177,148.02498,145.86498,148.02498,9448.61,12.0,148.02498,145.86498,148.02498,False,42900,802,54,111007
5675,1245,Mastercard,Debit (Prepaid),5318319036148549,08/2024,577,YES,2,66,11/2012,2012,No,2012-11-01,24155,0.0,0.0,34.897395,3415.79,12.0,0.0,0.0,34.897395,False,42900,802,54,111007
4759,732,Discover,Credit,6457800663577684,01/2012,285,YES,1,9200,09/2010,2010,No,2010-09-01,24129,222.98579999999998,222.98579999999998,222.98579999999998,14674.099999999999,12.0,222.98579999999998,222.98579999999998,222.98579999999998,False,39191,756,60,43396
5200,732,Mastercard,Debit,5810725153736837,05/2022,279,YES,1,9420,10/2010,2012,No,2010-10-01,24130,15.64321,15.38321,15.64321,2940.42,12.0,15.64321,15.38321,15.64321,False,39191,756,60,43396
5220,732,Visa,Debit,4442324693688145,09/2023,130,YES,1,10104,10/2010,2015,No,2010-10-01,24130,18.10182,17.87182,18.10182,3618.64,12.0,18.10182,17.87182,18.10182,False,39191,756,60,43396
2303,476,Mastercard,Credit,5187732819891507,12/2014,87,YES,3,10100,03/2012,2012,No,2012-03-01,24147,535.22208,519.02208,535.22208,41789.56,12.0,535.22208,519.02208,535.22208,False,41473,724,68,98151
5684,476,Mastercard,Debit,5531706766680785,08/2015,158,YES,1,21282,11/2013,2013,No,2013-11-01,24167,78.179805,78.179805,78.179805,19006.61,12.0,78.179805,78.179805,78.179805,False,41473,724,68,98151
2666,164,Visa,Credit,4141753158398487,03/2022,11,YES,1,5100,04/2010,2011,No,2010-04-01,24124,316.52406,290.24406,316.52406,21842.67,12.0,316.52406,290.24406,316.52406,False,37829,658,76,20185
5272,164,Mastercard,Debit,5175150411772712,09/2020,502,YES,1,28425,10/2013,2013,No,2013-10-01,24166,40.302765,39.532765,40.302765,4994.53,12.0,40.302765,39.532765,40.302765,False,37829,658,76,20185
1289,40,Visa,Debit (Prepaid),4569310605904110,07/2021,990,YES,2,58,02/2011,2011,No,2011-02-01,24134,0.0,0.0,37.284035,2631.07,12.0,0.0,0.0,37.284035,False,29243,726,71,30686
4400,1,Visa,Debit,4843491272960882,01/2017,625,YES,1,18105,08/2012,2012,No,2012-08-01,24152,153.80922999999999,147.47923,153.80922999999999,17923.46,12.0,153.80922999999999,147.47923,153.80922999999999,False,45360,704,43,14587
288,272,Visa,Debit,4058050157220596,03/2020,102,YES,1,2670,01/2011,2011,No,2011-01-01,24133,0.0,0.0,0.0,0.0,0.0,0.0,0.0,0.0,True,53407,767,30,125586
3120,272,Mastercard,Credit,5873495069998579,10/2018,162,YES,2,14700,05/2012,2012,No,2012-05-01,24149,0.0,0.0,0.0,0.0,0.0,0.0,0.0,0.0,False,53407,767,30,125586
4890,988,Visa,Debit,4574140981154350,08/2016,627,YES,1,18579,09/2015,2015,No,2015-09-01,24189,109.47031,106.40030999999999,109.47031,24100.62,12.0,109.47031,106.40030999999999,109.47031,False,39832,785,68,5377
3935,988,Mastercard,Credit,5595598905079193,09/2021,15,YES,1,13200,07/2010,2010,No,2010-07-01,24127,768.34854,728.38854,768.34854,44716.03,12.0,768.34854,728.38854,768.34854,True,39832,785,68,5377
4384,988,Visa,Credit,4844474344137395,07/2024,601,YES,2,17100,08/2011,2011,No,2011-08-01,24140,398.00988,380.72988,398.00988,22799.66,12.0,398.00988,380.72988,398.00988,False,39832,785,68,5377
3158,660,Visa,Debit,4522536096309018,10/2015,832,NO,1,16820,05/2014,2014,No,2014-05-01,24173,104.29030999999999,103.31031,104.29030999999999,9608.62,12.0,104.29030999999999,103.31031,104.29030999999999,False,44041,680,31,109159
5185,660,Amex,Credit,340488847692793,02/2022,91,YES,1,12000,10/2010,2014,No,2010-10-01,24130,360.14634,348.26634,360.14634,23182.129999999997,12.0,455.14634,443.26634,455.14634,True,44041,680,31,109159
2343,1381,Mastercard,Debit,5936146704569186,10/2018,616,YES,1,21357,03/2015,2015,No,2015-03-01,24183,131.106865,130.536865,131.106865,18408.73,12.0,131.106865,130.536865,131.106865,False,29517,690,79,2470
5635,1381,Visa,Credit,4677022173671023,06/2016,438,YES,1,10100,11/2010,2010,No,2010-11-01,24131,620.54568,606.86568,620.54568,40030.76,12.0,620.54568,606.86568,620.54568,False,29517,690,79,2470
2722,184,Visa,Debit,4266071650368100,12/2024,345,YES,1,20773,04/2013,2013,No,2013-04-01,24160,15.75627,15.75627,15.75627,2629.54,12.0,15.75627,15.75627,15.75627,False,43529,797,50,126175
3936,184,Mastercard,Debit,5758058384603555,01/2023,365,YES,2,11160,07/2010,2010,No,2010-07-01,24127,24.537885,24.027884999999998,24.537885,5871.7699999999995,12.0,24.537885,24.027884999999998,24.537885,False,43529,797,50,126175
4800,184,Visa,Debit,4762407160723213,06/2024,115,YES,2,8766,09/2010,2020,No,2010-09-01,24129,21.017115,19.187115,21.017115,3695.23,12.0,21.017115,19.187115,21.017115,False,43529,797,50,126175
2279,905,Mastercard,Debit (Prepaid),5342080744210119,05/2023,335,YES,1,77,03/2011,2011,No,2011-03-01,24135,0.0,0.0,31.117995,3727.99,12.0,0.0,0.0,31.117995,False,96901,701,69,182809
4329,905,Mastercard,Debit,5166666850423125,09/2020,693,YES,2,40019,08/2010,2017,No,2010-08-01,24128,64.98225000000001,64.67225,64.98225000000001,16472.5,12.0,64.98225000000001,64.67225,64.98225000000001,False,96901,701,69,182809
3587,419,Visa,Debit,4298987544338030,03/2020,757,YES,1,16731,06/2014,2014,No,2014-06-01,24174,62.202675,59.722675,62.202675,7286.35,12.0,62.202675,59.722675,62.202675,False,33540,734,60,74530
5230,1241,Discover,Credit,6694401699327793,12/2011,712,YES,1,16500,10/2011,2011,No,2011-10-01,24142,286.52112,279.68112,286.52112,16161.84,3.0,286.52112,279.68112,286.52112,False,49396,814,40,39549
3501,1241,Visa,Debit,4617983811742101,03/2023,469,YES,2,9335,06/2010,2010,No,2010-06-01,24126,166.750125,161.130125,166.750125,58356.25,12.0,166.750125,161.130125,166.750125,False,49396,814,40,39549
275,1501,Mastercard,Debit,5365244955303244,03/2020,523,NO,1,17717,01/2011,2011,No,2011-01-01,24133,0.0,0.0,0.0,0.0,0.0,0.0,0.0,0.0,False,36247,712,40,34079
3198,497,Visa,Credit,4627450737727003,03/2019,306,YES,2,12500,05/2017,2017,No,2017-05-01,24209,141.28524,134.08524,141.28524,8445.18,12.0,141.28524,134.08524,141.28524,False,52380,850,63,8764
4401,661,Amex,Credit,346401453739759,07/2023,552,YES,1,5300,08/2013,2013,No,2013-08-01,24164,122.24826,119.00826,122.24826,7993.57,12.0,217.24826000000002,214.00826,217.24826000000002,True,42831,566,64,59948
5710,661,Mastercard,Debit,5742781603234912,03/2018,376,YES,2,22789,11/2015,2015,No,2015-11-01,24191,49.168659999999996,48.68866,49.168659999999996,4508.32,12.0,49.168659999999996,48.68866,49.168659999999996,False,42831,566,64,59948
1345,661,Mastercard,Debit,5468889618070155,03/2024,110,YES,2,13193,02/2014,2014,No,2014-02-01,24170,80.060135,79.820135,80.060135,6868.27,12.0,80.060135,79.820135,80.060135,False,42831,566,64,59948
276,947,Mastercard,Debit (Prepaid),5337242427884909,07/2020,389,YES,2,79,01/2011,2011,No,2011-01-01,24133,0.0,0.0,69.19812,13963.24,12.0,0.0,0.0,69.19812,False,34637,710,63,12623
229,1749,Mastercard,Debit,5793881452789121,06/2019,784,YES,2,1213,01/2010,2010,No,2010-01-01,24121,44.8809,43.1209,44.8809,13356.8,12.0,44.8809,43.1209,44.8809,False,17657,614,50,21899
3551,385,Mastercard,Debit,5399594843051418,08/2023,813,NO,1,29219,06/2012,2012,No,2012-06-01,24150,29.074885,27.494885,29.074885,4250.7699999999995,12.0,29.074885,27.494885,29.074885,False,30434,740,79,23883
1321,385,Mastercard,Debit,5494762880839686,03/2020,915,YES,1,17907,02/2013,2013,No,2013-02-01,24158,26.03075,25.31075,26.03075,3199.5,12.0,26.03075,25.31075,26.03075,False,30434,740,79,23883
2289,385,Visa,Debit,4874419326645327,10/2023,768,YES,2,24298,03/2011,2011,No,2011-03-01,24135,43.91564,42.32564,43.91564,6759.28,12.0,43.91564,42.32564,43.91564,False,30434,740,79,23883
1290,385,Visa,Debit,4972542983783758,03/2020,383,YES,2,2210,02/2011,2014,No,2011-02-01,24134,44.5378,43.7678,44.5378,6169.6,12.0,44.5378,43.7678,44.5378,False,30434,740,79,23883
1226,1298,Mastercard,Debit,5818148628470967,02/2024,296,NO,2,10040,02/2010,2010,No,2010-02-01,24122,105.54796499999999,96.707965,105.54796499999999,16531.93,12.0,105.54796499999999,96.707965,105.54796499999999,True,25603,729,32,26348
5221,1298,Visa,Credit,4657798649903405,06/2024,703,YES,2,8500,10/2010,2018,No,2010-10-01,24130,204.96024,171.12024,204.96024,12043.68,12.0,204.96024,171.12024,204.96024,False,25603,729,32,26348
3110,913,Visa,Credit,4526538061468985,03/2020,180,YES,1,6900,05/2011,2011,No,2011-05-01,24137,134.46126,127.98126,134.46126,8547.07,12.0,134.46126,127.98126,134.46126,False,28476,693,56,0
2245,1634,Discover,Credit,6268030188636337,09/2020,717,YES,2,4700,03/2010,2011,No,2010-03-01,24123,53.91612,40.23612,53.91612,2995.34,12.0,53.91612,40.23612,53.91612,False,20577,825,66,60152
3602,1703,Visa,Credit,4562875268182118,02/2020,630,YES,2,8700,06/2015,2015,No,2015-06-01,24186,588.7467,531.5067,588.7467,35027.15,12.0,588.7467,531.5067,588.7467,False,49169,747,47,65994
6078,1741,Visa,Debit,4921241302048112,10/2023,631,YES,1,11510,12/2012,2012,No,2012-12-01,24156,61.14174,61.14174,61.14174,17048.48,12.0,61.14174,61.14174,61.14174,False,24960,707,92,889
1360,1741,Visa,Credit,4238757840498542,12/2022,551,YES,2,8500,02/2015,2015,No,2015-02-01,24182,116.51796,116.51796,116.51796,6620.22,12.0,116.51796,116.51796,116.51796,False,24960,707,92,889
3037,1741,Amex,Credit,345841340861008,08/2014,854,YES,1,7500,05/2010,2011,No,2010-05-01,24125,108.91548,108.91548,108.91548,6050.86,12.0,203.91548,203.91548,203.91548,False,24960,707,92,889
2356,766,Mastercard,Credit,5341478430944116,06/2016,222,YES,2,5400,03/2016,2016,No,2016-03-01,24195,0.0,0.0,0.0,0.0,0.0,0.0,0.0,0.0,False,30967,685,44,61201
5258,366,Mastercard,Credit,5642012409120694,08/2018,823,YES,2,6200,10/2012,2012,No,2012-10-01,24154,161.2809,155.52089999999998,161.2809,10567.05,12.0,161.2809,155.52089999999998,161.2809,False,39911,625,50,93823
4812,366,Mastercard,Debit,5936158679461560,06/2012,407,YES,2,23042,09/2011,2013,No,2011-09-01,24141,89.825205,88.375205,89.825205,11297.41,10.0,89.825205,88.375205,89.825205,False,39911,625,50,93823
6009,1705,Mastercard,Debit,5151644017893999,11/2017,999,YES,2,8950,12/2010,2018,No,2010-12-01,24132,0.0,0.0,0.0,0.0,0.0,0.0,0.0,0.0,False,27952,850,50,2070
3098,1771,Mastercard,Debit,5154358829015666,03/2022,153,YES,1,27534,05/2011,2011,No,2011-05-01,24137,108.88360499999999,104.513605,108.88360499999999,20453.21,12.0,108.88360499999999,104.513605,108.88360499999999,False,51943,794,41,61722
2699,1190,Mastercard,Debit,5714691469447873,07/2020,319,YES,2,19919,04/2012,2012,No,2012-04-01,24148,119.474735,117.444735,119.474735,20981.47,12.0,119.474735,117.444735,119.474735,False,44383,707,49,42369
1201,1190,Amex,Credit,347182989454327,07/2012,755,YES,2,13800,02/2010,2010,No,2010-02-01,24122,680.77026,628.93026,680.77026,40551.57,12.0,775.77026,723.93026,775.77026,False,44383,707,49,42369
1227,371,Mastercard,Debit (Prepaid),5138905290496526,07/2024,348,YES,2,34,02/2010,2011,No,2010-02-01,24122,0.0,0.0,65.91144,4982.88,12.0,0.0,0.0,65.91144,False,92368,719,82,2689
3134,371,Mastercard,Credit,5931001528763541,12/2018,471,YES,2,27600,05/2013,2013,No,2013-05-01,24161,1647.53118,1597.85118,1647.53118,93971.51,12.0,1647.53118,1597.85118,1647.53118,False,92368,719,82,2689
3062,327,Mastercard,Debit,5683543220441253,07/2020,750,YES,2,9165,05/2010,2010,No,2010-05-01,24125,103.44541,100.73541,103.44541,20893.82,12.0,103.44541,100.73541,103.44541,False,36843,772,44,52248
3063,327,Mastercard,Debit,5911738030583603,06/2021,479,YES,2,13322,05/2010,2010,No,2010-05-01,24125,106.37933,103.92933,106.37933,20920.66,12.0,106.37933,103.92933,106.37933,False,36843,772,44,52248
4366,1704,Mastercard,Debit,5236033792855943,11/2024,681,YES,2,44885,08/2011,2020,No,2011-08-01,24140,0.0,0.0,0.0,0.0,0.0,0.0,0.0,0.0,True,63760,716,27,151177
3166,1500,Mastercard,Debit (Prepaid),5751736349751599,05/2020,682,YES,1,69,05/2015,2015,No,2015-05-01,24185,0.0,0.0,76.18263999999999,5748.28,12.0,0.0,0.0,76.18263999999999,False,52904,680,53,144534
289,1788,Visa,Debit,4762069063483783,03/2023,474,YES,2,26255,01/2011,2011,No,2011-01-01,24133,139.58354,130.91354,139.58354,20027.94,12.0,139.58354,130.91354,139.58354,False,41845,673,59,90940
2700,1788,Mastercard,Credit,5277514275369878,01/2024,175,YES,2,7100,04/2012,2012,No,2012-04-01,24148,330.02496,285.38496000000004,330.02496,19302.72,12.0,330.02496,285.38496000000004,330.02496,False,41845,673,59,90940
6060,197,Visa,Debit,4339137888179152,06/2014,503,YES,2,8144,12/2011,2012,No,2011-12-01,24144,201.333505,194.943505,201.333505,37464.01,12.0,201.333505,194.943505,201.333505,True,32128,724,32,58373
2357,197,Mastercard,Debit,5341022658860517,12/2024,542,YES,1,11919,03/2016,2016,No,2016-03-01,24195,172.91992499999998,168.329925,172.91992499999998,34534.85,12.0,172.91992499999998,168.329925,172.91992499999998,False,32128,724,32,58373
1302,197,Mastercard,Debit,5237861402927606,01/2022,536,YES,1,17889,02/2012,2012,No,2012-02-01,24146,173.44777,167.46777,173.44777,31919.54,12.0,173.44777,167.46777,173.44777,False,32128,724,32,58373
2339,1820,Amex,Credit,344075477910403,10/2022,808,YES,1,5900,03/2015,2015,No,2015-03-01,24183,113.06358,92.18358,113.06358,6612.31,12.0,208.06358,187.18358,208.06358,False,38394,693,60,69393
3937,1820,Mastercard,Debit,5243433372742995,01/2020,279,YES,1,18200,07/2010,2010,No,2010-07-01,24127,32.015384999999995,27.585385000000002,32.015384999999995,7782.7699999999995,12.0,32.015384999999995,27.585385000000002,32.015384999999995,False,38394,693,60,69393
5201,1820,Mastercard,Debit,5414951977172238,01/2022,674,YES,1,16502,10/2010,2010,No,2010-10-01,24130,21.9192,19.959200000000003,21.9192,5049.4,12.0,21.9192,19.959200000000003,21.9192,False,38394,693,60,69393
3535,1820,Visa,Debit,4111163314027068,04/2023,851,YES,1,16726,06/2011,2011,No,2011-06-01,24138,14.930555,12.710555,14.930555,3384.11,12.0,14.930555,12.710555,14.930555,False,38394,693,60,69393
376,20,Visa,Credit,4812182592435267,02/2022,213,YES,1,13000,01/2018,2018,No,2018-01-01,24217,116.6823,108.7623,116.6823,7625.35,12.0,116.6823,108.7623,116.6823,False,23371,757,86,0
1291,20,Visa,Debit,4326462005421386,09/2022,83,YES,1,16465,02/2011,2011,No,2011-02-01,24134,31.88288,31.88288,31.88288,3669.76,12.0,31.88288,31.88288,31.88288,False,23371,757,86,0
1228,20,Mastercard,Debit,5706360016972471,04/2024,34,YES,1,7702,02/2010,2010,No,2010-02-01,24122,42.103825,41.353825,42.103825,4113.65,12.0,42.103825,41.353825,42.103825,False,23371,757,86,0
4367,216,Mastercard,Debit (Prepaid),5094200042825369,10/2023,696,NO,1,80,08/2011,2011,No,2011-08-01,24140,0.0,0.0,28.596709999999998,4528.42,12.0,0.0,0.0,28.596709999999998,False,33178,687,60,85620
5614,1171,Mastercard,Debit,5726460417448359,01/2021,26,YES,1,24481,11/2010,2010,No,2010-11-01,24131,37.81413,31.37413,37.81413,13969.26,12.0,37.81413,31.37413,37.81413,False,39214,781,90,0
3536,1154,Visa,Debit,4762563612895677,11/2014,466,YES,2,24835,06/2011,2011,No,2011-06-01,24138,0.0,0.0,0.0,0.0,0.0,0.0,0.0,0.0,False,38809,788,73,19912
4424,819,Discover,Credit,6664949105585592,08/2020,79,YES,2,9900,08/2014,2014,No,2014-08-01,24176,196.74648,194.58648,196.74648,12433.36,12.0,196.74648,194.58648,196.74648,False,37495,687,55,28449
1322,819,Mastercard,Debit,5196085406728700,12/2022,937,YES,1,11818,02/2013,2013,No,2013-02-01,24158,108.99557999999999,108.04558,108.99557999999999,14779.16,12.0,108.99557999999999,108.04558,108.99557999999999,False,37495,687,55,28449
5303,1554,Discover,Credit,6427553403865846,05/2022,298,YES,2,11300,10/2015,2015,No,2015-10-01,24190,0.0,0.0,0.0,0.0,0.0,0.0,0.0,0.0,True,51802,696,49,91118
4348,240,Visa,Debit,4266531803641466,05/2015,229,YES,2,14392,08/2010,2011,No,2010-08-01,24128,98.58366,96.81366,98.58366,13406.32,12.0,98.58366,96.81366,98.58366,False,34868,745,50,51984
1323,751,Mastercard,Credit,5044418694504576,07/2021,693,YES,2,14900,02/2013,2013,No,2013-02-01,24158,348.76764000000003,299.44764000000004,348.76764000000003,22652.98,12.0,348.76764000000003,299.44764000000004,348.76764000000003,False,49677,593,61,108399
5711,751,Mastercard,Debit,5368688278025209,10/2016,854,YES,1,19488,11/2015,2015,No,2015-11-01,24191,102.95723,96.00722999999999,102.95723,22606.46,12.0,102.95723,96.00722999999999,102.95723,False,49677,593,61,108399
6046,773,Mastercard,Debit (Prepaid),5767723037402333,03/2020,38,YES,1,101,12/2011,2011,No,2011-12-01,24144,0.0,0.0,99.36408499999999,11685.17,12.0,0.0,0.0,99.36408499999999,False,11029,786,67,3225
4011,773,Mastercard,Debit,5850047861986266,04/2017,450,YES,1,21448,07/2013,2013,No,2013-07-01,24163,81.6617,80.68333,81.6617,14098.4,12.0,81.6617,80.68333,81.6617,False,11029,786,67,3225
3956,1567,Visa,Debit,4866682990431119,10/2023,818,YES,1,24302,07/2010,2010,No,2010-07-01,24127,114.68092999999999,68.06093,114.68092999999999,29883.86,12.0,114.68092999999999,68.06093,114.68092999999999,False,40576,747,43,54011
230,132,Mastercard,Debit (Prepaid),5935629380160008,10/2020,160,YES,2,59,01/2010,2011,No,2010-01-01,24121,0.0,0.0,35.842259999999996,4855.52,12.0,0.0,0.0,35.842259999999996,False,31555,696,77,12777
2707,132,Visa,Credit,4832180811213555,01/2021,231,YES,2,0,04/2012,2012,No,2012-04-01,24148,110.04246,109.32246,110.04246,7664.469999999999,12.0,110.04246,109.32246,110.04246,False,31555,696,77,12777
2679,132,Mastercard,Debit,5959099643778594,01/2022,625,YES,2,15022,04/2011,2011,No,2011-04-01,24136,32.351504999999996,31.534165,32.351504999999996,8605.01,12.0,32.351504999999996,31.534165,32.351504999999996,False,31555,696,77,12777
1274,914,Mastercard,Debit,5493872171755054,12/2016,757,YES,2,17522,02/2011,2011,No,2011-02-01,24134,46.476119999999995,46.476119999999995,46.476119999999995,10626.24,12.0,46.476119999999995,46.476119999999995,46.476119999999995,False,46160,763,38,87459
6047,1840,Mastercard,Credit,5009312174031051,07/2022,172,YES,1,13200,12/2011,2011,No,2011-12-01,24144,112.72464000000001,104.08464000000001,112.72464000000001,7471.4800000000005,12.0,112.72464000000001,104.08464000000001,112.72464000000001,False,44249,706,46,103229
3478,550,Mastercard,Debit (Prepaid),5463279277464700,01/2021,63,YES,2,99,06/2010,2011,No,2010-06-01,24126,0.0,0.0,161.57927,30993.54,12.0,0.0,0.0,161.57927,False,30248,763,76,35766
4857,550,Mastercard,Debit,5157919465684899,02/2017,587,YES,2,21988,09/2013,2013,No,2013-09-01,24165,91.08115,88.04114999999999,91.08115,18393.3,12.0,91.08115,88.04114999999999,91.08115,False,30248,763,76,35766
4402,977,Amex,Credit,322453324871897,07/2015,164,YES,2,4000,08/2013,2013,No,2013-08-01,24164,102.97836,97.93836,102.97836,6612.02,12.0,197.97836,192.93836,197.97836,False,22873,710,83,0
2254,933,Mastercard,Credit,5583371284231665,12/2016,536,YES,1,11800,03/2010,2010,No,2010-03-01,24123,153.44298,140.12297999999998,153.44298,10155.61,12.0,153.44298,140.12297999999998,153.44298,False,43290,690,50,90238
231,938,Mastercard,Credit,5664342346978782,09/2023,123,YES,1,12500,01/2010,2012,No,2010-01-01,24121,942.49476,893.17476,942.49476,57488.82,12.0,942.49476,893.17476,942.49476,True,50934,720,28,54406
4884,622,Mastercard,Debit (Prepaid),5520515906391659,10/2015,769,YES,2,86,09/2015,2015,No,2015-09-01,24189,0.0,0.0,0.0,0.0,0.0,0.0,0.0,0.0,True,87437,738,23,0
2314,796,Mastercard,Credit,5819556137893463,06/2019,933,YES,2,11800,03/2013,2013,No,2013-03-01,24159,0.0,0.0,0.0,0.0,0.0,0.0,0.0,0.0,True,43178,746,25,74257
3193,1890,Mastercard,Debit,5696067026976484,03/2024,895,YES,2,10582,05/2017,2017,No,2017-05-01,24209,0.0,0.0,0.0,0.0,0.0,0.0,0.0,0.0,True,32024,754,29,69171
5254,810,Visa,Debit,4058117674791885,10/2021,881,YES,2,7014,10/2011,2011,No,2011-10-01,24142,67.129135,54.839135,67.129135,9763.27,12.0,67.129135,54.839135,67.129135,False,22540,705,77,16946
1324,58,Mastercard,Debit,5850540702416613,05/2022,840,YES,2,23838,02/2013,2013,No,2013-02-01,24158,227.230715,225.86129499999998,227.230715,60990.43,12.0,227.230715,225.86129499999998,227.230715,True,52512,706,38,95640
3064,1084,Mastercard,Debit,5424410190052621,04/2021,437,YES,1,19807,05/2010,2010,No,2010-05-01,24125,86.69685,86.16685,86.69685,18797.7,12.0,86.69685,86.16685,86.69685,False,64262,775,36,75415
5636,1825,Visa,Debit (Prepaid),4946017526806506,04/2021,331,YES,2,48,11/2010,2014,No,2010-11-01,24131,0.0,0.0,78.65554,6596.08,12.0,0.0,0.0,78.65554,False,45754,718,70,9066
5713,1825,Visa,Credit,4774719998524076,09/2021,912,YES,1,11300,11/2015,2015,No,2015-11-01,24191,222.54011999999997,219.66011999999998,222.54011999999997,13752.34,12.0,222.54011999999997,219.66011999999998,222.54011999999997,False,45754,718,70,9066
4901,1488,Visa,Debit,4450244246196939,05/2023,339,YES,1,14249,09/2016,2016,No,2016-09-01,24201,78.422885,77.22288499999999,78.422885,9256.77,12.0,78.422885,77.22288499999999,78.422885,False,41091,695,34,86837
5685,1488,Mastercard,Debit,5504145195168153,04/2022,611,YES,1,28580,11/2013,2013,No,2013-11-01,24167,127.6549,126.3849,127.6549,15399.8,12.0,127.6549,126.3849,127.6549,False,41091,695,34,86837
4874,1488,Mastercard,Credit,5409789881160707,04/2021,252,NO,1,8500,09/2014,2014,No,2014-09-01,24177,182.3994,174.1194,182.3994,11307.300000000001,12.0,182.3994,174.1194,182.3994,False,41091,695,34,86837
254,1443,Visa,Debit,4384381555415272,06/2018,608,YES,2,3973,01/2010,2016,No,2010-01-01,24121,103.903635,102.573635,103.903635,19802.27,12.0,103.903635,102.573635,103.903635,False,35016,732,47,54455
3194,801,Mastercard,Debit,5933370673358517,03/2020,729,YES,2,15042,05/2017,2017,No,2017-05-01,24209,30.20351,29.00351,30.20351,2765.02,12.0,30.20351,29.00351,30.20351,False,23175,723,82,1626
4005,655,Amex,Credit,329049697835823,01/2017,852,YES,1,7700,07/2013,2013,No,2013-07-01,24163,264.26916,224.66916,264.26916,15678.619999999999,12.0,359.26916,319.66916000000003,359.26916,False,30340,552,49,64661
5737,242,Mastercard,Debit,5431693041561231,06/2020,10,YES,1,19788,11/2018,2018,No,2018-11-01,24227,52.844635,30.454635,52.844635,13085.27,12.0,52.844635,30.454635,52.844635,False,43560,850,41,58544
1229,242,Mastercard,Debit,5000761209331079,02/2021,797,YES,1,15259,02/2010,2010,No,2010-02-01,24122,91.03534,50.63534,91.03534,23311.68,12.0,91.03534,50.63534,91.03534,False,43560,850,41,58544
2315,242,Mastercard,Debit,5250424530939349,09/2020,354,YES,2,19728,03/2013,2013,No,2013-03-01,24159,70.149615,41.16184,70.149615,16995.16,12.0,70.149615,41.16184,70.149615,False,43560,850,41,58544
1377,960,Visa,Debit,4008395642072931,09/2021,740,YES,1,16210,02/2017,2017,No,2017-02-01,24206,0.0,0.0,0.0,0.0,0.0,0.0,0.0,0.0,True,53376,750,29,60953
4801,1911,Visa,Debit,4756126690850860,06/2020,872,YES,1,21057,09/2010,2010,No,2010-09-01,24129,0.0,0.0,0.0,0.0,0.0,0.0,0.0,0.0,False,33793,768,58,108196
358,259,Visa,Debit,4820068957704858,05/2023,694,YES,1,21619,01/2016,2016,No,2016-01-01,24193,0.0,0.0,0.0,0.0,0.0,0.0,0.0,0.0,False,38009,689,71,20529
2243,1967,Amex,Credit,315253583009303,04/2012,103,NO,1,23900,03/2010,2017,No,2010-03-01,24123,470.2869,435.3669,470.2869,27797.05,12.0,565.2869000000001,530.3669,565.2869000000001,False,61793,767,55,686
3463,434,Amex,Credit,386984033021293,01/2021,449,YES,2,15500,06/2010,2012,No,2010-06-01,24126,752.35734,658.39734,752.35734,49188.63,12.0,847.35734,753.39734,847.35734,True,53395,785,31,73370
2358,1076,Mastercard,Credit,5410016015074479,01/2020,674,YES,2,7500,03/2016,2016,No,2016-03-01,24195,146.83751999999998,146.47752,146.83751999999998,9089.64,12.0,146.83751999999998,146.47752,146.83751999999998,False,37342,779,61,48611
6033,723,Visa,Credit,4783560032101206,12/2022,606,YES,2,9700,12/2010,2011,No,2010-12-01,24132,114.3486,112.90859999999999,114.3486,6782.7,12.0,114.3486,112.90859999999999,114.3486,False,35397,828,59,55112
6071,723,Mastercard,Debit,5984424268414258,02/2021,794,NO,1,18450,12/2012,2012,No,2012-12-01,24156,47.970255,47.470255,47.970255,4684.51,12.0,47.970255,47.470255,47.970255,False,35397,828,59,55112
232,723,Mastercard,Debit,5737194797232030,02/2023,310,YES,2,13529,01/2010,2010,No,2010-01-01,24121,80.539785,80.279785,80.539785,10111.57,12.0,80.539785,80.279785,80.539785,False,35397,828,59,55112
1206,723,Discover,Credit,6155749284043206,12/2023,616,YES,1,10300,02/2010,2013,No,2010-02-01,24122,166.02696,160.26696,166.02696,10288.72,12.0,166.02696,160.26696,166.02696,False,35397,828,59,55112
3524,1398,Mastercard,Credit,5061425671526062,09/2022,21,NO,1,20100,06/2011,2012,No,2011-06-01,24138,412.0956,405.9756,412.0956,23363.2,12.0,412.0956,405.9756,412.0956,False,70862,745,52,16595
5222,1398,Visa,Credit,4784578119131333,09/2018,526,YES,2,18100,10/2010,2010,No,2010-10-01,24130,733.05702,732.3370199999999,733.05702,41871.39,12.0,733.05702,732.3370199999999,733.05702,False,70862,745,52,16595
4004,1130,Visa,Credit,4831171485300764,07/2022,704,YES,2,11400,07/2012,2012,No,2012-07-01,24151,321.00642,314.16642,321.00642,18497.69,12.0,321.00642,314.16642,321.00642,False,44355,680,50,44779
2667,62,Visa,Debit,4511173067957927,08/2022,468,YES,2,5520,04/2010,2010,No,2010-04-01,24124,51.32356,51.32356,51.32356,7091.12,12.0,51.32356,51.32356,51.32356,False,22290,716,78,9235
4417,1623,Visa,Credit,4874803935373541,11/2015,840,YES,2,9300,08/2013,2013,No,2013-08-01,24164,260.73666000000003,256.77666,260.73666000000003,17439.37,12.0,260.73666000000003,256.77666,260.73666000000003,False,35227,746,32,25277
6061,1416,Visa,Credit,4317393372526102,07/2022,837,YES,1,11900,12/2011,2011,No,2011-12-01,24144,330.38586,327.50586,330.38586,19529.77,12.0,330.38586,327.50586,330.38586,False,48750,709,73,18724
4891,1416,Visa,Credit,4959412347021856,04/2023,714,YES,2,10500,09/2015,2015,No,2015-09-01,24189,223.66278,221.50278,223.66278,13725.71,12.0,223.66278,221.50278,223.66278,False,48750,709,73,18724
2363,1416,Mastercard,Debit,5254338671695551,08/2018,492,YES,1,14865,03/2017,2017,No,2017-03-01,24207,28.88167,27.74167,28.88167,6386.34,12.0,28.88167,27.74167,28.88167,False,48750,709,73,18724
4892,1998,Visa,Debit,4138210173016904,06/2021,76,YES,1,328,09/2015,2015,No,2015-09-01,24189,31.3524,31.3524,31.3524,3290.8,12.0,31.3524,31.3524,31.3524,False,645,688,65,790
1258,1998,Visa,Credit,4573665962578726,11/2020,452,YES,2,100,02/2010,2011,No,2010-02-01,24122,72.44658,72.44658,72.44658,4413.8099999999995,12.0,72.44658,72.44658,72.44658,False,645,688,65,790
6010,303,Mastercard,Debit,5505845036892827,10/2021,658,YES,1,32488,12/2010,2010,No,2010-12-01,24132,110.536025,107.016025,110.536025,30653.05,12.0,110.536025,107.016025,110.536025,False,60080,690,94,1807
4783,303,Mastercard,Debit,5064319723077999,01/2023,109,YES,1,25900,09/2010,2010,No,2010-09-01,24129,133.580385,129.810385,133.580385,36540.77,12.0,133.580385,129.810385,133.580385,False,60080,690,94,1807
4824,303,Visa,Credit,4554398515333303,02/2023,112,YES,2,15600,09/2011,2011,No,2011-09-01,24141,363.58614,349.90614,363.58614,21132.23,12.0,363.58614,349.90614,363.58614,False,60080,690,94,1807
3139,1138,Visa,Credit,4103345732677836,08/2022,996,YES,2,5600,05/2013,2013,No,2013-05-01,24161,968.59404,963.4815,968.59404,56672.78,12.0,968.59404,963.4815,968.59404,False,41886,768,51,107734
5292,1138,Mastercard,Debit,5788572539288230,01/2021,352,YES,2,13235,10/2014,2014,No,2014-10-01,24178,195.83377,193.43376999999998,195.83377,33989.54,12.0,195.83377,193.43376999999998,195.83377,False,41886,768,51,107734
4476,1117,Visa,Debit,4416198606646677,12/2020,143,YES,1,19824,08/2018,2018,No,2018-08-01,24224,167.8913,165.4313,167.8913,54129.6,12.0,167.8913,165.4313,167.8913,False,27691,687,49,24480
366,878,Amex,Credit,314664594016772,05/2023,957,YES,2,5400,01/2018,2018,No,2018-01-01,24217,0.0,0.0,0.0,0.0,0.0,95.0,95.0,95.0,False,40093,615,45,81752
2770,878,Mastercard,Debit,5016370406985584,03/2018,313,YES,1,12079,04/2017,2017,No,2017-04-01,24208,0.0,0.0,0.0,0.0,0.0,0.0,0.0,0.0,True,40093,615,45,81752
2290,609,Visa,Debit,4162004533229299,07/2020,851,YES,2,19436,03/2011,2011,No,2011-03-01,24135,129.21501,128.71501,129.21501,12165.02,12.0,129.21501,128.71501,129.21501,False,37536,717,59,63386
4019,325,Discover,Credit,6635329128734622,03/2015,405,YES,1,6600,07/2014,2014,No,2014-07-01,24175,0.0,0.0,0.0,0.0,0.0,0.0,0.0,0.0,False,39942,709,45,52441
2344,325,Mastercard,Debit,5157654602857024,01/2021,61,YES,1,21378,03/2015,2015,No,2015-03-01,24183,0.0,0.0,0.0,0.0,0.0,0.0,0.0,0.0,False,39942,709,45,52441
5738,717,Mastercard,Credit,5444281905653215,09/2023,74,YES,2,7100,11/2018,2018,No,2018-11-01,24227,0.0,0.0,0.0,0.0,0.0,0.0,0.0,0.0,True,53675,659,23,82373
1373,884,Mastercard,Debit (Prepaid),5457193458056810,08/2024,138,YES,2,68,02/2017,2017,No,2017-02-01,24206,0.0,0.0,90.97453,12251.06,12.0,0.0,0.0,90.97453,False,42812,631,75,22171
1259,462,Visa,Debit (Prepaid),4262959598704280,01/2016,710,YES,1,22,02/2010,2013,No,2010-02-01,24122,0.0,0.0,14.374400000000001,1028.8,12.0,0.0,0.0,14.374400000000001,False,50696,767,63,32793
3957,462,Visa,Credit,4955210270382749,11/2024,551,YES,2,5700,07/2010,2010,No,2010-07-01,24127,602.55468,578.07468,602.55468,38700.26,12.0,602.55468,578.07468,602.55468,False,50696,767,63,32793
2324,1802,Visa,Credit,4642554061349246,02/2020,763,YES,2,8400,03/2013,2013,No,2013-03-01,24159,1399.67856,1399.67856,1399.67856,80488.92,12.0,1399.67856,1399.67856,1399.67856,False,59313,802,39,102360
3479,1563,Mastercard,Credit,5377821284992062,11/2022,138,YES,1,2900,06/2010,2010,No,2010-06-01,24126,298.81188000000003,285.49188000000004,298.81188000000003,18450.66,12.0,298.81188000000003,285.49188000000004,298.81188000000003,False,22583,683,49,62461
4030,1563,Visa,Debit,4720829352602343,04/2017,702,YES,2,11902,07/2014,2014,No,2014-07-01,24175,65.91406,64.68406,65.91406,7917.12,12.0,65.91406,64.68406,65.91406,False,22583,683,49,62461
5259,709,Mastercard,Debit,5953738621410056,12/2022,144,YES,1,27123,10/2012,2012,No,2012-10-01,24154,194.690755,187.11075499999998,194.690755,34672.51,12.0,194.690755,187.11075499999998,194.690755,True,42931,742,26,48783
6121,709,Mastercard,Debit,5585130631780942,07/2021,782,YES,2,26564,12/2016,2016,No,2016-12-01,24204,82.49902,79.48902,82.49902,13444.04,12.0,82.49902,79.48902,82.49902,False,42931,742,26,48783
2747,709,Mastercard,Debit,5810782752163021,10/2021,359,YES,2,19915,04/2015,2015,No,2015-04-01,24184,122.319755,119.309755,122.319755,20116.51,12.0,122.319755,119.309755,122.319755,False,42931,742,26,48783
1292,372,Visa,Debit,4391595396891553,07/2020,346,YES,2,10876,02/2011,2011,No,2011-02-01,24134,0.0,0.0,0.0,0.0,0.0,0.0,0.0,0.0,True,24668,756,32,22338
4825,1549,Visa,Credit,4003846186083987,08/2024,474,YES,2,8800,09/2011,2011,No,2011-09-01,24141,189.31716,167.35716,189.31716,11834.619999999999,12.0,189.31716,167.35716,189.31716,False,63355,747,68,140526
4784,1549,Mastercard,Debit,5831664882961727,09/2023,915,YES,1,29936,09/2010,2011,No,2010-09-01,24129,23.18373,22.59373,23.18373,6674.46,12.0,23.18373,22.59373,23.18373,False,63355,747,68,140526
5734,529,Visa,Debit,4915211682981554,10/2022,886,YES,1,18558,11/2017,2017,No,2017-11-01,24215,0.0,0.0,0.0,0.0,0.0,0.0,0.0,0.0,False,45767,721,55,41791
3114,529,Amex,Credit,348640265728493,06/2024,591,YES,1,4500,05/2012,2012,No,2012-05-01,24149,0.0,0.0,0.0,0.0,0.0,95.0,95.0,95.0,False,45767,721,55,41791
356,1829,Mastercard,Debit,5993983094110299,01/2021,784,NO,1,19884,01/2016,2016,No,2016-01-01,24193,0.0,0.0,0.0,0.0,0.0,0.0,0.0,0.0,True,44204,710,25,59310
359,1881,Visa,Debit,4584347378978298,03/2021,249,YES,2,18548,01/2016,2016,No,2016-01-01,24193,117.536045,117.536045,117.536045,8406.09,12.0,117.536045,117.536045,117.536045,False,56542,733,67,9097
5318,1881,Visa,Debit,4524007081801504,12/2023,4,YES,1,17583,10/2016,2016,No,2016-10-01,24202,82.30074,82.30074,82.30074,6182.4800000000005,12.0,82.30074,82.30074,82.30074,False,56542,733,67,9097
4420,1706,Amex,Credit,375447713582380,01/2016,91,YES,1,10600,08/2014,2014,No,2014-08-01,24176,0.0,0.0,0.0,0.0,0.0,95.0,95.0,95.0,True,26839,805,24,70077
3938,1044,Mastercard,Debit,5934234383814305,05/2020,173,YES,2,16317,07/2010,2011,No,2010-07-01,24127,0.0,0.0,0.0,0.0,0.0,0.0,0.0,0.0,True,45649,693,30,150985
3065,1112,Mastercard,Credit,5783231256300889,02/2015,872,YES,1,6000,05/2010,2016,No,2010-05-01,24125,0.0,0.0,0.0,0.0,0.0,0.0,0.0,0.0,False,29897,760,34,27736
4330,1112,Mastercard,Debit,5622555186345236,08/2013,409,YES,2,14702,08/2010,2010,No,2010-08-01,24128,0.0,0.0,0.0,0.0,0.0,0.0,0.0,0.0,False,29897,760,34,27736
5202,1112,Mastercard,Debit,5329917409393426,03/2024,300,YES,2,10083,10/2010,2010,No,2010-10-01,24130,0.0,0.0,0.0,0.0,0.0,0.0,0.0,0.0,False,29897,760,34,27736
2291,802,Visa,Credit,4637446539727375,05/2021,107,YES,2,21400,03/2011,2011,No,2011-03-01,24135,531.61686,516.85686,531.61686,35087.27,12.0,531.61686,516.85686,531.61686,False,59872,752,35,95927
5293,802,Mastercard,Debit,5564701470778719,10/2024,739,YES,1,20886,10/2014,2014,No,2014-10-01,24178,68.035025,67.745025,68.035025,12367.05,12.0,68.035025,67.745025,68.035025,False,59872,752,35,95927
5676,802,Mastercard,Debit,5907261370634843,07/2024,645,YES,1,27701,11/2012,2012,No,2012-11-01,24155,139.09158499999998,137.201585,139.09158499999998,27550.17,12.0,139.09158499999998,137.201585,139.09158499999998,False,59872,752,35,95927
233,859,Mastercard,Credit,5753025722639048,09/2023,224,YES,2,8800,01/2010,2010,No,2010-01-01,24121,461.94264,443.58264,461.94264,27638.48,12.0,461.94264,443.58264,461.94264,True,32531,631,51,78193
2304,859,Mastercard,Debit,5224418160535170,07/2021,724,YES,2,20354,03/2012,2012,No,2012-03-01,24147,73.88165,72.88165,73.88165,11593.3,12.0,73.88165,72.88165,73.88165,False,32531,631,51,78193
4014,859,Visa,Debit,4318671654054716,10/2020,37,YES,2,14695,07/2013,2013,No,2013-07-01,24163,47.327510000000004,46.83751,47.327510000000004,5873.02,12.0,47.327510000000004,46.83751,47.327510000000004,False,32531,631,51,78193
3480,859,Mastercard,Debit,5947211336145075,03/2024,807,YES,2,16783,06/2010,2011,No,2010-06-01,24126,132.628805,130.14880499999998,132.628805,21980.61,12.0,132.628805,130.14880499999998,132.628805,False,32531,631,51,78193
5223,441,Visa,Debit,4135867565103066,12/2024,486,YES,1,21087,10/2010,2016,No,2010-10-01,24130,203.711125,199.221125,203.711125,38088.25,12.0,203.711125,199.221125,203.711125,True,46108,635,41,64994
4433,879,Mastercard,Debit,5798962665831209,09/2024,304,YES,1,10966,08/2014,2014,No,2014-08-01,24176,74.30474,74.30474,74.30474,9622.48,12.0,74.30474,74.30474,74.30474,False,22714,702,54,27227
6062,1437,Visa,Debit,4035380547578392,04/2022,750,YES,2,13193,12/2011,2011,No,2011-12-01,24144,138.826165,137.09616499999998,138.826165,9443.33,12.0,138.826165,137.09616499999998,138.826165,False,44807,751,77,13730
4385,1437,Visa,Credit,4504840142387818,07/2023,344,YES,1,11400,08/2011,2019,No,2011-08-01,24140,362.39022,316.31022,362.39022,23236.79,12.0,362.39022,316.31022,362.39022,False,44807,751,77,13730
3195,1413,Mastercard,Debit,5135176048333370,09/2024,832,YES,1,14927,05/2017,2017,No,2017-05-01,24209,63.900545,63.420545,63.900545,7658.09,12.0,63.900545,63.420545,63.900545,False,31170,685,39,33165
2754,1413,Visa,Debit,4793567137334721,12/2024,45,NO,1,13760,04/2015,2015,No,2015-04-01,24184,86.252865,84.602865,86.252865,9689.73,12.0,86.252865,84.602865,86.252865,False,31170,685,39,33165
2255,1413,Mastercard,Debit,5875822666213917,04/2021,269,YES,2,17023,03/2010,2011,No,2010-03-01,24123,102.440885,101.99088499999999,102.440885,12330.77,12.0,102.440885,101.99088499999999,102.440885,False,31170,685,39,33165
3502,1710,Visa,Credit,4945896135256781,05/2021,82,YES,1,11700,06/2010,2014,No,2010-06-01,24126,278.1702,258.0102,278.1702,18807.9,12.0,278.1702,258.0102,278.1702,False,40029,787,33,0
1363,1710,Discover,Credit,6449625285546786,11/2020,985,YES,1,6600,02/2016,2016,No,2016-02-01,24194,155.02464,145.66464,155.02464,9387.48,12.0,155.02464,145.66464,155.02464,False,40029,787,33,0
1303,1037,Mastercard,Credit,5669892249102759,06/2013,518,YES,2,7500,02/2012,2012,No,2012-02-01,24146,0.0,0.0,0.0,0.0,0.0,0.0,0.0,0.0,False,50957,653,38,73187
2708,107,Visa,Credit,4710429105538737,04/2015,958,YES,2,5500,04/2012,2012,No,2012-04-01,24148,133.39764,125.11764,133.39764,8249.98,12.0,133.39764,125.11764,133.39764,False,26758,734,50,41064
255,107,Visa,Debit (Prepaid),4664388076567373,03/2022,796,NO,1,66,01/2010,2011,No,2010-01-01,24121,0.0,0.0,31.92848,4885.96,12.0,0.0,0.0,31.92848,False,26758,734,50,41064
5686,1247,Mastercard,Debit,5905151932957268,07/2023,407,YES,1,18482,11/2013,2013,No,2013-11-01,24167,30.774729999999998,30.774729999999998,30.774729999999998,6468.46,12.0,30.774729999999998,30.774729999999998,30.774729999999998,False,44152,700,69,90526
3525,1725,Mastercard,Debit,5810332499908324,12/2024,932,YES,1,14056,06/2011,2011,No,2011-06-01,24138,47.64482,45.55482,47.64482,10794.64,12.0,47.64482,45.55482,47.64482,False,42652,729,49,133935
6011,1145,Mastercard,Debit,5350628456401491,11/2024,382,YES,1,35169,12/2010,2012,No,2010-12-01,24132,176.915775,144.975775,176.915775,33231.55,12.0,176.915775,144.975775,176.915775,False,75080,747,43,35268
4331,1145,Mastercard,Credit,5309736298494191,03/2022,728,YES,1,17500,08/2010,2011,No,2010-08-01,24128,973.72368,503.20368,973.72368,56097.76,12.0,973.72368,503.20368,973.72368,False,75080,747,43,35268
3526,864,Mastercard,Credit,5766890677028200,12/2022,9,YES,3,5700,06/2011,2011,No,2011-06-01,24138,0.0,0.0,0.0,0.0,0.0,0.0,0.0,0.0,False,39146,766,56,72957
4802,864,Visa,Credit,4544774001344065,09/2024,527,YES,1,19100,09/2010,2015,No,2010-09-01,24129,0.0,0.0,0.0,0.0,0.0,0.0,0.0,0.0,False,39146,766,56,72957
5615,1357,Mastercard,Debit,5546537643480546,02/2021,748,YES,2,2833,11/2010,2013,No,2010-11-01,24131,69.259905,68.09990499999999,69.259905,7539.8099999999995,12.0,69.259905,68.09990499999999,69.259905,False,11410,812,75,0
4349,1748,Visa,Debit,4658834560157747,03/2020,222,YES,1,9272,08/2010,2011,No,2010-08-01,24128,0.0,0.0,0.0,0.0,0.0,0.0,0.0,0.0,True,54659,628,44,73363
4350,1123,Visa,Debit,4292936340098046,04/2016,106,YES,2,1394,08/2010,2015,No,2010-08-01,24128,51.971125,50.971125,51.971125,7097.25,12.0,51.971125,50.971125,51.971125,False,27896,710,44,42046
4813,546,Mastercard,Debit,5928320194768562,08/2016,838,YES,2,2559,09/2011,2011,No,2011-09-01,24141,51.26903,48.67903,51.26903,11582.06,12.0,51.26903,48.67903,51.26903,False,51196,681,51,26617
4351,430,Visa,Credit,4781372317032583,02/2023,403,YES,1,13400,08/2010,2010,No,2010-08-01,24128,391.84686,233.80686,391.84686,22151.27,12.0,391.84686,233.80686,391.84686,False,53350,685,52,128676
2265,61,Visa,Credit,4759060378229068,08/2024,148,YES,1,25200,03/2010,2020,No,2010-03-01,24123,775.46394,774.02394,775.46394,47649.33,12.0,775.46394,774.02394,775.46394,False,93406,801,44,151935
3503,61,Visa,Debit,4873170994873047,12/2021,510,YES,2,19264,06/2010,2010,No,2010-06-01,24126,78.40447,78.16447,78.40447,15239.4,12.0,78.40447,78.16447,78.40447,False,93406,801,44,151935
2709,1621,Visa,Credit,4035574637806082,04/2020,28,NO,3,25100,04/2012,2012,No,2012-04-01,24148,625.60908,618.04908,625.60908,37575.06,12.0,625.60908,618.04908,625.60908,False,74059,744,66,144396
2316,1621,Mastercard,Debit,5252385354093904,02/2023,874,YES,2,54842,03/2013,2013,No,2013-03-01,24159,166.3025,163.4625,166.3025,28848.0,12.0,166.3025,163.4625,166.3025,False,74059,744,66,144396
5332,269,Visa,Debit (Prepaid),4847294655009003,10/2022,440,YES,1,61,10/2018,2018,No,2018-10-01,24226,0.0,0.0,0.0,0.0,0.0,0.0,0.0,0.0,True,38739,689,21,0
265,37,Discover,Credit,6845375674595536,02/2024,943,YES,1,0,01/2011,2011,No,2011-01-01,24133,413.9847,404.6247,413.9847,34281.15,12.0,413.9847,404.6247,413.9847,False,34690,683,41,48954
1230,37,Mastercard,Debit,5417518550067026,12/2022,737,YES,1,10608,02/2010,2010,No,2010-02-01,24122,128.145995,125.775995,128.145995,29984.99,12.0,128.145995,125.775995,128.145995,False,34690,683,41,48954
4044,1793,Amex,Credit,320032582560720,09/2020,917,YES,2,7300,07/2016,2016,No,2016-07-01,24199,228.4308,170.4708,228.4308,14359.6,12.0,323.4308,265.4708,323.4308,False,29297,825,37,36303
290,1793,Visa,Debit (Prepaid),4525019658850214,10/2022,425,YES,2,60,01/2011,2011,No,2011-01-01,24133,0.0,0.0,73.472245,11804.49,12.0,0.0,0.0,73.472245,True,29297,825,37,36303
4452,1793,Visa,Debit (Prepaid),4319964166566927,01/2023,205,NO,1,69,08/2015,2015,No,2015-08-01,24188,0.0,0.0,38.345405,6053.8099999999995,12.0,0.0,0.0,38.345405,False,29297,825,37,36303
1346,1846,Mastercard,Credit,5618611337229363,12/2021,114,NO,2,6400,02/2014,2014,No,2014-02-01,24170,190.99349999999998,139.8735,190.99349999999998,13311.75,12.0,190.99349999999998,139.8735,190.99349999999998,False,33356,566,82,938
2373,1846,Mastercard,Debit (Prepaid),5302877087935862,08/2018,213,YES,1,84,03/2018,2018,No,2018-03-01,24219,0.0,0.0,49.46409,4954.18,6.0,0.0,0.0,49.46409,False,33356,566,82,938
4899,116,Mastercard,Debit (Prepaid),5236777406383687,10/2020,234,YES,1,64,09/2016,2016,No,2016-09-01,24201,0.0,0.0,109.75646499999999,13865.93,12.0,0.0,0.0,109.75646499999999,False,67230,685,31,45269
6072,116,Mastercard,Debit,5463788030135116,12/2024,236,YES,2,37377,12/2012,2012,No,2012-12-01,24156,263.843995,250.263995,263.843995,63300.99,12.0,263.843995,250.263995,263.843995,True,67230,685,31,45269
6012,683,Mastercard,Debit,5521151206022377,05/2020,641,YES,2,1633,12/2010,2012,No,2010-12-01,24132,29.60329,28.743290000000002,29.60329,5091.58,12.0,29.60329,28.743290000000002,29.60329,False,51039,704,61,0
3099,75,Mastercard,Credit,5689040853282702,10/2021,551,YES,2,9200,05/2011,2011,No,2011-05-01,24137,132.86466,113.78466,132.86466,7547.37,12.0,132.86466,113.78466,132.86466,False,22326,564,80,1620
3148,1140,Mastercard,Debit,5554081439634551,07/2022,695,YES,2,22409,05/2014,2014,No,2014-05-01,24173,47.404405,46.394405,47.404405,9371.81,12.0,47.404405,46.394405,47.404405,False,55351,703,44,152645
5243,1458,Mastercard,Debit,5016909247780196,06/2020,479,NO,2,11094,10/2011,2011,No,2011-10-01,24142,42.454055,41.184055,42.454055,8298.11,12.0,42.454055,41.184055,42.454055,False,35755,708,32,61748
4814,1458,Mastercard,Debit,5793823082189569,01/2020,210,YES,1,7535,09/2011,2011,No,2011-09-01,24141,46.63574,43.73574,46.63574,11806.48,12.0,46.63574,43.73574,46.63574,False,35755,708,32,61748
5741,976,Visa,Debit,4097569831392145,07/2022,289,YES,1,24296,11/2018,2018,No,2018-11-01,24227,50.889605,48.309605,50.889605,9482.21,12.0,50.889605,48.309605,50.889605,False,62669,760,67,70317
6048,976,Mastercard,Debit,5966652632775568,05/2023,536,YES,1,20816,12/2011,2011,No,2011-12-01,24144,67.55148,66.37148,67.55148,13296.96,12.0,67.55148,66.37148,67.55148,False,62669,760,67,70317
5677,71,Mastercard,Debit (Prepaid),5017252384270871,07/2022,389,YES,2,69,11/2012,2012,No,2012-11-01,24155,0.0,0.0,0.0,0.0,0.0,0.0,0.0,0.0,False,32801,701,39,44496
3481,71,Mastercard,Credit,5344072434039629,05/2012,462,YES,2,9100,06/2010,2016,No,2010-06-01,24126,0.0,0.0,0.0,0.0,0.0,0.0,0.0,0.0,True,32801,701,39,44496
3988,983,Visa,Debit,4832794053001176,11/2021,588,YES,1,20839,07/2011,2011,No,2011-07-01,24139,82.53574,78.67574,82.53574,15892.48,12.0,82.53574,78.67574,82.53574,False,47993,827,77,3080
5333,983,Visa,Debit,4481338830716771,10/2022,467,YES,1,28004,10/2018,2018,No,2018-10-01,24226,66.90505999999999,61.26506,66.90505999999999,11058.12,12.0,66.90505999999999,61.26506,66.90505999999999,False,47993,827,77,3080
6049,983,Mastercard,Debit,5146883948059613,06/2018,867,YES,2,13657,12/2011,2011,No,2011-12-01,24144,63.206195,59.676195,63.206195,13600.39,12.0,63.206195,59.676195,63.206195,False,47993,827,77,3080
3619,1090,Mastercard,Debit,5620855750640306,08/2023,492,NO,1,18773,06/2017,2017,No,2017-06-01,24210,0.0,0.0,0.0,0.0,0.0,0.0,0.0,0.0,False,42825,850,59,105122
1293,1090,Visa,Credit,4667046973414964,05/2023,952,YES,2,14400,02/2011,2011,No,2011-02-01,24134,0.0,0.0,0.0,0.0,0.0,0.0,0.0,0.0,False,42825,850,59,105122
3527,287,Mastercard,Debit,5291762862057509,10/2020,269,YES,1,26425,06/2011,2011,No,2011-06-01,24138,72.388145,68.678145,72.388145,9413.289999999999,12.0,72.388145,68.678145,72.388145,False,43181,710,42,57199
4418,1857,Visa,Debit,4568370619528049,07/2023,983,YES,1,47684,08/2013,2013,No,2013-08-01,24164,88.608965,86.998965,88.608965,18180.93,12.0,88.608965,86.998965,88.608965,False,97248,775,32,197100
4015,1857,Visa,Credit,4915308819332544,05/2023,776,YES,2,10700,07/2013,2013,No,2013-07-01,24163,359.12394,330.32394,359.12394,20474.33,12.0,359.12394,330.32394,359.12394,False,97248,775,32,197100
4785,408,Mastercard,Debit,5335828686031643,02/2015,167,YES,2,785,09/2010,2010,No,2010-09-01,24129,128.733845,126.46384499999999,128.733845,28217.69,12.0,128.733845,126.46384499999999,128.733845,False,31343,741,58,49537
3528,173,Mastercard,Debit,5072626821657978,08/2022,701,YES,2,14701,06/2011,2011,No,2011-06-01,24138,185.949605,180.829605,185.949605,54724.21,12.0,185.949605,180.829605,185.949605,False,30399,668,63,19404
3066,173,Mastercard,Debit (Prepaid),5926977700240338,12/2021,508,YES,2,44,05/2010,2010,No,2010-05-01,24125,0.0,0.0,1.6897499999999999,19.5,7.0,0.0,0.0,1.6897499999999999,False,30399,668,63,19404
4826,1787,Visa,Debit,4230041150211486,07/2024,872,YES,1,37338,09/2011,2011,No,2011-09-01,24141,91.90643999999999,91.63644,91.90643999999999,16804.88,12.0,91.90643999999999,91.63644,91.90643999999999,False,58278,689,52,51539
5265,1988,Visa,Debit,4359389213795356,10/2023,546,YES,1,37318,10/2012,2012,No,2012-10-01,24154,74.3944,73.5544,74.3944,19496.8,12.0,74.3944,73.5544,74.3944,False,109440,737,59,180865
3100,1988,Mastercard,Debit,5565968548709329,07/2024,877,YES,2,30024,05/2011,2011,No,2011-05-01,24137,161.476285,158.926285,161.476285,53677.57,12.0,161.476285,158.926285,161.476285,False,109440,737,59,180865
6063,1988,Visa,Credit,4610405635857644,10/2019,524,YES,2,37400,12/2011,2011,No,2011-12-01,24144,1344.9006000000002,1306.0206,1344.9006000000002,77150.7,12.0,1344.9006000000002,1306.0206,1344.9006000000002,False,109440,737,59,180865
4352,1250,Visa,Debit,4009698492021262,04/2021,907,YES,2,16261,08/2010,2016,No,2010-08-01,24128,46.33545,45.67545,46.33545,4108.9,12.0,46.33545,45.67545,46.33545,False,38499,746,85,1493
1374,1841,Mastercard,Debit,5987109951536861,04/2019,424,YES,2,17386,02/2017,2017,No,2017-02-01,24206,0.0,0.0,0.0,0.0,0.0,0.0,0.0,0.0,True,40381,730,28,63008
314,1202,Mastercard,Debit,5905486726598062,10/2014,426,YES,1,1,01/2013,2013,No,2013-01-01,24157,1.05155,1.05155,1.05155,3.1,4.0,1.05155,1.05155,1.05155,False,4,691,63,0
4438,1202,Visa,Debit,4367131765938550,12/2023,935,NO,2,1,08/2014,2014,No,2014-08-01,24176,0.63101,0.63101,0.63101,2.02,3.0,0.63101,0.63101,0.63101,False,4,691,63,0
1333,235,Visa,Debit,4870540675741457,04/2024,716,YES,1,15578,02/2013,2013,No,2013-02-01,24158,63.938565,61.978565,63.938565,8107.13,12.0,63.938565,61.978565,63.938565,False,48676,721,32,110589
6064,235,Visa,Credit,4112534725146358,10/2018,18,YES,1,25300,12/2011,2017,No,2011-12-01,24144,434.24586,342.08586,434.24586,26254.77,12.0,434.24586,342.08586,434.24586,False,48676,721,32,110589
4757,1766,Amex,Credit,304236119500152,08/2020,954,YES,1,8200,09/2010,2012,No,2010-09-01,24129,122.00022,118.04021999999999,122.00022,6777.79,12.0,217.00022,213.04021999999998,217.00022,False,20377,789,62,12092
5665,1702,Visa,Debit,4765160616096366,05/2022,140,YES,2,23343,11/2011,2011,No,2011-11-01,24143,50.23724,48.76724,50.23724,11588.48,12.0,50.23724,48.76724,50.23724,False,40470,691,53,87086
5244,1702,Mastercard,Debit,5754587881449040,11/2021,859,YES,2,18624,10/2011,2011,No,2011-10-01,24142,58.50625,55.84625,58.50625,11985.5,12.0,58.50625,55.84625,58.50625,False,40470,691,53,87086
2755,1702,Visa,Debit,4044157806268502,07/2020,642,YES,1,15145,04/2015,2015,No,2015-04-01,24184,40.937405,39.727405,40.937405,9647.81,12.0,40.937405,39.727405,40.937405,False,40470,691,53,87086
2701,1702,Mastercard,Debit,5717363470674555,02/2020,98,YES,2,22787,04/2012,2012,No,2012-04-01,24148,48.08068,46.61068,48.08068,10512.36,12.0,48.08068,46.61068,48.08068,False,40470,691,53,87086
4842,1142,Visa,Credit,4380226554679223,09/2022,593,YES,2,20600,09/2012,2012,No,2012-09-01,24153,697.97718,668.81718,697.97718,42076.51,12.0,697.97718,668.81718,697.97718,False,79272,716,52,107029
4368,1653,Mastercard,Debit,5629986215875755,11/2024,116,YES,2,25613,08/2011,2016,No,2011-08-01,24140,0.0,0.0,0.0,0.0,0.0,0.0,0.0,0.0,True,59663,681,42,89579
3482,1982,Mastercard,Debit,5919565574478949,10/2024,306,YES,1,24638,06/2010,2010,No,2010-06-01,24126,0.0,0.0,0.0,0.0,0.0,0.0,0.0,0.0,True,69412,699,30,64273
1294,48,Visa,Debit,4441378583955445,12/2022,568,YES,2,15018,02/2011,2011,No,2011-02-01,24134,60.42683,60.42683,60.42683,13447.66,12.0,60.42683,60.42683,60.42683,False,16542,733,69,36831
6110,1582,Mastercard,Debit,5266773834736915,10/2021,593,YES,2,31292,12/2015,2015,No,2015-12-01,24192,250.84099,241.16099,250.84099,66489.98,12.0,250.84099,241.16099,250.84099,True,59479,688,23,69645
5637,656,Visa,Debit,4105075889994254,06/2024,789,YES,2,25639,11/2010,2010,No,2010-11-01,24131,0.0,0.0,0.0,0.0,0.0,0.0,0.0,0.0,True,52633,704,61,137109
4049,1862,Visa,Credit,4495571717001479,09/2023,778,YES,2,10200,07/2016,2016,No,2016-07-01,24199,599.99058,531.59058,599.99058,36503.81,12.0,599.99058,531.59058,599.99058,True,37864,686,25,57052
4038,277,Mastercard,Debit,5898229848182386,04/2024,150,YES,1,12457,07/2015,2015,No,2015-07-01,24187,49.642035,49.152035,49.642035,5429.07,12.0,49.642035,49.152035,49.642035,False,31739,799,46,81905
2350,277,Visa,Debit (Prepaid),4591853850857691,10/2020,593,YES,1,145,03/2015,2015,No,2015-03-01,24183,0.0,0.0,52.400965,4663.93,12.0,0.0,0.0,52.400965,False,31739,799,46,81905
3552,516,Mastercard,Debit,5442707945484989,11/2021,434,YES,1,16679,06/2012,2012,No,2012-06-01,24150,0.0,0.0,0.0,0.0,0.0,0.0,0.0,0.0,False,34542,697,35,35474
2292,516,Visa,Debit,4949443440587519,07/2018,240,YES,1,13030,03/2011,2011,No,2011-03-01,24135,0.0,0.0,0.0,0.0,0.0,0.0,0.0,0.0,False,34542,697,35,35474
5315,772,Mastercard,Debit,5247649544056704,09/2021,162,YES,1,38814,10/2016,2016,No,2016-10-01,24202,71.30481,69.53481,71.30481,14413.62,12.0,71.30481,69.53481,71.30481,False,46075,741,62,139335
4858,772,Mastercard,Debit,5073215069137256,12/2024,541,YES,1,15297,09/2013,2013,No,2013-09-01,24165,108.64395499999999,106.47395499999999,108.64395499999999,25869.91,12.0,108.64395499999999,106.47395499999999,108.64395499999999,False,46075,741,62,139335
3584,1429,Mastercard,Debit,5192728051393602,06/2024,461,YES,1,13201,06/2014,2014,No,2014-06-01,24174,92.149615,85.289615,92.149615,16800.23,12.0,92.149615,85.289615,92.149615,False,33556,799,62,10619
3140,1429,Visa,Debit,4846690288981542,03/2015,677,YES,1,12353,05/2013,2013,No,2013-05-01,24161,114.403075,107.063075,114.403075,22541.15,12.0,114.403075,107.063075,114.403075,False,33556,799,62,10619
3560,1429,Visa,Debit,4981608124910367,02/2024,782,YES,1,18223,06/2012,2012,No,2012-06-01,24150,186.623665,171.283665,186.623665,39743.33,12.0,186.623665,171.283665,186.623665,True,33556,799,62,10619
2378,1429,Visa,Debit,4284692836848156,02/2020,396,YES,1,18757,03/2018,2018,No,2018-03-01,24219,81.17537999999999,76.23537999999999,81.17537999999999,14842.76,12.0,81.17537999999999,76.23537999999999,81.17537999999999,False,33556,799,62,10619
4332,1228,Mastercard,Credit,5961782216187026,11/2024,810,YES,1,7600,08/2010,2010,No,2010-08-01,24128,321.63048,314.43048,321.63048,19691.36,12.0,321.63048,314.43048,321.63048,False,47482,726,54,59590
5273,1228,Mastercard,Debit,5898436387057618,10/2022,793,YES,1,17832,10/2013,2013,No,2013-10-01,24166,45.0168,44.5468,45.0168,5486.6,12.0,45.0168,44.5468,45.0168,False,47482,726,54,59590
4419,1228,Visa,Debit,4499077671227490,02/2021,551,NO,1,30393,08/2013,2013,No,2013-08-01,24164,51.00858,50.038579999999996,51.00858,6262.16,12.0,51.00858,50.038579999999996,51.00858,False,47482,726,54,59590
4472,1759,Mastercard,Debit,5582577330932323,01/2024,605,YES,2,14801,08/2018,2018,No,2018-08-01,24224,90.877805,89.617805,90.877805,11938.61,12.0,90.877805,89.617805,90.877805,False,33279,778,87,1642
377,1759,Visa,Debit,4056761456617104,06/2023,343,YES,2,15773,01/2018,2018,No,2018-01-01,24217,123.68361999999999,121.46361999999999,123.68361999999999,16622.24,12.0,123.68361999999999,121.46361999999999,123.68361999999999,False,33279,778,87,1642
266,1759,Discover,Credit,6451744848809895,10/2023,409,YES,1,12300,01/2011,2011,No,2011-01-01,24133,220.76406,212.48406,220.76406,13553.67,12.0,220.76406,212.48406,220.76406,False,33279,778,87,1642
3588,1058,Visa,Credit,4970700220086771,08/2014,312,YES,2,8000,06/2014,2014,No,2014-06-01,24174,41.5845,39.064499999999995,41.5845,2578.25,4.0,41.5845,39.064499999999995,41.5845,False,35196,684,61,51751
277,1730,Mastercard,Debit,5016922849464007,12/2020,869,YES,1,25429,01/2011,2011,No,2011-01-01,24133,215.410075,207.600075,215.410075,32834.15,12.0,215.410075,207.600075,215.410075,True,44128,739,52,148684
357,1730,Mastercard,Debit,5618794869367731,02/2021,271,YES,1,16925,01/2016,2016,No,2016-01-01,24193,94.114285,93.344285,94.114285,9533.57,12.0,94.114285,93.344285,94.114285,False,44128,739,52,148684
5281,1730,Visa,Debit,4084042364575576,06/2023,24,YES,1,19450,10/2013,2013,No,2013-10-01,24166,131.477045,129.117045,131.477045,16079.09,12.0,131.477045,129.117045,131.477045,False,44128,739,52,148684
3483,895,Mastercard,Debit,5670044732419726,05/2024,368,NO,2,12100,06/2010,2015,No,2010-06-01,24126,58.089145,54.589145,58.089145,11337.289999999999,12.0,58.089145,54.589145,58.089145,False,31632,832,46,76538
4333,1556,Mastercard,Debit,5225389722526534,09/2023,891,YES,2,24772,08/2010,2010,No,2010-08-01,24128,83.56023499999999,72.430235,83.56023499999999,28792.47,12.0,83.56023499999999,72.430235,83.56023499999999,False,48277,740,30,110153
5321,1972,Amex,Credit,337919115553710,02/2020,7,YES,2,4000,10/2017,2017,No,2017-10-01,24214,76.30866,76.30866,76.30866,5450.37,12.0,171.30866,171.30866,171.30866,False,13089,772,73,10928
4041,86,Visa,Debit,4293438216088430,04/2022,847,YES,1,7967,07/2015,2015,No,2015-07-01,24187,184.23112,171.00112,184.23112,30649.239999999998,12.0,184.23112,171.00112,184.23112,True,23212,799,24,25138
3178,86,Mastercard,Debit,5738889921774670,06/2019,261,YES,2,12490,05/2016,2016,No,2016-05-01,24197,102.26353,96.73352999999999,102.26353,14374.06,12.0,102.26353,96.73352999999999,102.26353,False,23212,799,24,25138
6115,921,Visa,Debit,4816027381867141,11/2023,163,YES,1,22704,12/2015,2015,No,2015-12-01,24192,44.588195,44.338195,44.588195,12398.39,12.0,44.588195,44.338195,44.588195,False,54013,779,74,3628
3537,921,Visa,Debit,4226627955079711,10/2024,874,YES,1,24069,06/2011,2011,No,2011-06-01,24138,69.484335,69.234335,69.484335,19620.67,12.0,69.484335,69.234335,69.484335,False,54013,779,74,3628
3135,921,Mastercard,Debit,5415658075753990,03/2024,112,YES,1,41714,05/2013,2013,No,2013-05-01,24161,51.251864999999995,50.991865,51.251864999999995,14011.73,12.0,51.251864999999995,50.991865,51.251864999999995,False,54013,779,74,3628
2718,921,Mastercard,Debit,5838395313903974,06/2024,439,NO,1,21466,04/2013,2013,No,2013-04-01,24160,57.970465000000004,57.716425,57.970465000000004,16179.93,12.0,57.970465000000004,57.716425,57.970465000000004,False,54013,779,74,3628
6013,1254,Mastercard,Debit,5488341441971894,11/2014,689,YES,2,14934,12/2010,2010,No,2010-12-01,24132,37.304429999999996,35.46443,37.304429999999996,4481.86,12.0,37.304429999999996,35.46443,37.304429999999996,False,34619,747,61,13326
5616,1254,Mastercard,Debit,5141901041171975,11/2024,270,YES,1,20294,11/2010,2010,No,2010-11-01,24131,37.294615,34.994614999999996,37.294615,4319.23,12.0,37.294615,34.994614999999996,37.294615,False,34619,747,61,13326
4052,212,Amex,Credit,388351194080812,07/2023,188,YES,2,900,07/2017,2017,No,2017-07-01,24211,163.85417999999999,156.29418,163.85417999999999,10304.01,12.0,258.85418,251.29418,258.85418,False,28137,797,52,88482
1382,1118,Visa,Debit,4336190352382282,10/2024,795,NO,1,26206,02/2018,2018,No,2018-02-01,24218,60.196805,59.916805,60.196805,16291.61,12.0,60.196805,59.916805,60.196805,False,83104,714,25,222502
5274,1118,Mastercard,Debit,5381899309871296,04/2021,179,YES,1,31113,10/2013,2013,No,2013-10-01,24166,226.63232,224.94232,226.63232,98836.64,12.0,226.63232,224.94232,226.63232,True,83104,714,25,222502
362,1118,Visa,Credit,4833091752929426,06/2023,461,YES,1,17100,01/2017,2017,No,2017-01-01,24205,1169.52894,1160.88894,1169.52894,69307.83,12.0,1169.52894,1160.88894,1169.52894,False,83104,714,25,222502
329,974,Mastercard,Credit,5998212515012584,08/2020,214,YES,2,10900,01/2014,2014,No,2014-01-01,24169,0.0,0.0,0.0,0.0,0.0,0.0,0.0,0.0,False,48867,644,59,92873
3200,1274,Amex,Credit,350211718386898,12/2024,981,YES,2,10700,05/2018,2018,No,2018-05-01,24221,1110.5199,1089.2799,1110.5199,64784.55,12.0,1205.5199,1184.2799,1205.5199,False,49464,705,49,123198
3149,1274,Mastercard,Debit,5973716612118375,09/2023,38,YES,1,18573,05/2014,2014,No,2014-05-01,24173,86.01246,84.78246,86.01246,22420.920000000002,12.0,86.01246,84.78246,86.01246,False,49464,705,49,123198
234,1453,Mastercard,Debit,5453158719013768,11/2011,732,YES,2,4136,01/2010,2010,No,2010-01-01,24121,248.303505,241.703505,248.303505,31207.010000000002,12.0,248.303505,241.703505,248.303505,False,36122,641,37,51593
3603,1903,Visa,Credit,4785997992808667,07/2015,707,YES,2,12700,06/2015,2015,No,2015-06-01,24186,38.95272,38.23272,38.95272,2164.04,2.0,38.95272,38.23272,38.95272,False,71427,709,50,115702
3568,1903,Mastercard,Debit,5809711099663265,05/2020,678,YES,1,54517,06/2013,2013,No,2013-06-01,24162,210.507855,208.84785499999998,210.507855,32479.71,12.0,210.507855,208.84785499999998,210.507855,False,71427,709,50,115702
3085,604,Amex,Credit,359466340825605,11/2024,426,YES,1,16000,05/2011,2011,No,2011-05-01,24137,489.17772,481.61772,489.17772,29288.54,12.0,584.17772,576.61772,584.17772,False,70840,736,60,52578
4369,604,Mastercard,Debit,5415760158214134,02/2020,464,NO,2,30713,08/2011,2016,No,2011-08-01,24140,44.696705,42.626705,44.696705,11029.41,12.0,44.696705,42.626705,44.696705,False,70840,736,60,52578
5319,1637,Visa,Credit,4851037322315793,05/2022,485,YES,2,12500,10/2016,2016,No,2016-10-01,24202,0.0,0.0,0.0,0.0,0.0,0.0,0.0,0.0,False,54804,687,32,172493
256,1470,Visa,Debit,4474584531104236,07/2020,20,NO,2,3365,01/2010,2010,No,2010-01-01,24121,45.88666,42.52666,45.88666,7266.32,12.0,45.88666,42.52666,45.88666,False,22371,700,88,994
2280,1470,Mastercard,Debit,5190888323082478,08/2020,16,YES,1,14856,03/2011,2011,No,2011-03-01,24135,33.841184999999996,31.531185,33.841184999999996,4682.37,12.0,33.841184999999996,31.531185,33.841184999999996,False,22371,700,88,994
4050,1856,Visa,Debit (Prepaid),4561317376278700,06/2023,420,YES,1,85,07/2016,2016,No,2016-07-01,24199,0.0,0.0,55.76101,5741.02,12.0,0.0,0.0,55.76101,False,37467,784,51,50461
3939,1856,Mastercard,Credit,5507421180744978,07/2018,551,YES,1,10600,07/2010,2013,No,2010-07-01,24127,298.12914,294.88914,298.12914,17332.73,12.0,298.12914,294.88914,298.12914,False,37467,784,51,50461
257,1856,Visa,Debit,4766091276666910,03/2016,750,YES,2,3909,01/2010,2010,No,2010-01-01,24121,85.32216,84.33216,85.32216,15221.32,12.0,85.32216,84.33216,85.32216,False,37467,784,51,50461
5203,907,Mastercard,Credit,5725072000383307,06/2019,353,NO,1,8800,10/2010,2010,No,2010-10-01,24130,0.0,0.0,0.0,0.0,0.0,0.0,0.0,0.0,False,62492,686,32,18680
4786,674,Mastercard,Debit,5296739757506993,02/2021,637,YES,1,1407,09/2010,2018,No,2010-09-01,24129,52.058685,51.818684999999995,52.058685,4781.37,12.0,52.058685,51.818684999999995,52.058685,False,28147,756,63,25987
2680,674,Mastercard,Debit,5317549941978668,04/2013,455,YES,2,11402,04/2011,2011,No,2011-04-01,24136,40.02285,38.83285,40.02285,3605.7,12.0,40.02285,38.83285,40.02285,False,28147,756,63,25987
6014,548,Mastercard,Debit,5364661395772182,06/2023,944,YES,2,13187,12/2010,2010,No,2010-12-01,24132,0.0,0.0,0.0,0.0,0.0,0.0,0.0,0.0,False,29996,809,33,44313
2651,209,Mastercard,Credit,5758229821813987,06/2020,759,YES,1,8900,04/2010,2010,No,2010-04-01,24124,72.91098,68.95098,72.91098,5020.610000000001,12.0,72.91098,68.95098,72.91098,False,29206,716,61,25966
258,209,Visa,Credit,4214239191578441,05/2020,231,YES,2,8700,01/2010,2010,No,2010-01-01,24121,112.16592,107.12592,112.16592,7622.44,12.0,112.16592,107.12592,112.16592,False,29206,716,61,25966
4827,730,Visa,Debit,4893423769208595,10/2024,941,YES,2,10756,09/2011,2011,No,2011-09-01,24141,0.0,0.0,0.0,0.0,0.0,0.0,0.0,0.0,False,84944,713,51,57746
5334,627,Visa,Credit,4897586186180268,08/2021,424,YES,2,4200,10/2018,2018,No,2018-10-01,24226,0.0,0.0,0.0,0.0,0.0,0.0,0.0,0.0,True,45674,717,50,83331
2739,894,Visa,Credit,4744158528922930,02/2020,983,YES,3,9300,04/2014,2014,No,2014-04-01,24172,0.0,0.0,0.0,0.0,0.0,0.0,0.0,0.0,False,40334,597,41,65793
3038,1633,Amex,Credit,356560829047775,06/2020,388,NO,1,15000,05/2010,2015,No,2010-05-01,24125,313.7535,312.3135,313.7535,19025.75,12.0,408.7535,407.3135,408.7535,False,42927,687,36,132343
2729,827,Mastercard,Credit,5246519897413642,05/2024,408,YES,2,7100,04/2014,2014,No,2014-04-01,24172,163.21554,140.89554,163.21554,9377.53,12.0,163.21554,140.89554,163.21554,False,30984,616,61,39222
3958,414,Visa,Credit,4565053725687198,07/2018,13,YES,1,23500,07/2010,2010,No,2010-07-01,24127,967.7464200000001,967.7464200000001,967.7464200000001,56344.69,12.0,967.7464200000001,967.7464200000001,967.7464200000001,False,112875,709,45,44432
235,1439,Mastercard,Debit,5289852815253246,11/2017,351,YES,2,10707,01/2010,2010,No,2010-01-01,24121,194.47593999999998,178.48594,194.47593999999998,19738.88,12.0,194.47593999999998,178.48594,194.47593999999998,True,29371,715,28,32300
6094,1439,Visa,Debit,4419147752018938,11/2022,287,YES,1,18945,12/2013,2013,No,2013-12-01,24168,118.07648,112.58648,118.07648,7700.96,12.0,118.07648,112.58648,118.07648,False,29371,715,28,32300
2246,843,Discover,Credit,6423950301741311,03/2023,419,YES,2,6600,03/2010,2011,No,2010-03-01,24123,254.6595,252.1395,254.6595,14522.75,12.0,254.6595,252.1395,254.6595,False,28325,822,35,38658
4828,843,Visa,Debit,4761252332594713,03/2022,492,YES,1,11996,09/2011,2011,No,2011-09-01,24141,32.45914,32.22914,32.45914,5484.28,12.0,32.45914,32.22914,32.45914,False,28325,822,35,38658
4370,843,Mastercard,Debit,5413297083203621,10/2021,231,YES,1,18026,08/2011,2011,No,2011-08-01,24140,31.6446,31.4046,31.6446,5608.2,12.0,31.6446,31.4046,31.6446,False,28325,822,35,38658
2325,1008,Visa,Debit,4402133040036554,05/2022,178,YES,1,36515,03/2013,2013,No,2013-03-01,24159,114.81532,114.06532,114.81532,7909.639999999999,12.0,114.81532,114.06532,114.81532,False,45462,657,52,68494
6036,1834,Amex,Credit,383502656475032,06/2022,767,YES,1,7300,12/2011,2011,No,2011-12-01,24144,132.38909999999998,120.1491,132.38909999999998,8288.95,12.0,227.38909999999998,215.1491,227.38909999999998,False,35565,681,32,54634
5617,1834,Mastercard,Credit,5754024281243654,03/2016,279,YES,1,3300,11/2010,2010,No,2010-11-01,24131,226.90062,207.46062,226.90062,14470.59,12.0,226.90062,207.46062,226.90062,False,35565,681,32,54634
4439,881,Visa,Debit,4822555770542502,04/2018,967,YES,1,31491,08/2014,2014,No,2014-08-01,24176,0.0,0.0,0.0,0.0,0.0,0.0,0.0,0.0,False,58433,696,61,48231
5714,679,Visa,Debit (Prepaid),4448597956443991,11/2016,934,YES,2,73,11/2015,2015,No,2015-11-01,24191,0.0,0.0,29.483134999999997,2464.27,12.0,0.0,0.0,29.483134999999997,False,34272,765,57,39514
5323,398,Mastercard,Debit,5449554854489393,02/2020,419,YES,1,15125,10/2017,2017,No,2017-10-01,24214,25.078615,22.868615,25.078615,6017.23,12.0,25.078615,22.868615,25.078615,False,37401,737,49,76201
2337,398,Visa,Debit,4729603889258290,02/2020,830,YES,2,16472,03/2014,2014,No,2014-03-01,24171,45.011845,40.571844999999996,45.011845,13737.69,12.0,45.011845,40.571844999999996,45.011845,False,37401,737,49,76201
3484,106,Mastercard,Debit,5834792674235708,05/2022,402,YES,1,9471,06/2010,2011,No,2010-06-01,24126,100.84302,98.78302,100.84302,8551.04,12.0,100.84302,98.78302,100.84302,False,29957,624,52,60321
5310,106,Visa,Debit,4144242905302080,02/2024,279,YES,2,10331,10/2015,2015,No,2015-10-01,24190,63.91992,61.12992,63.91992,5582.84,12.0,63.91992,61.12992,63.91992,False,29957,624,52,60321
5330,1924,Mastercard,Credit,5986235068209756,05/2020,357,YES,1,5200,10/2018,2018,No,2018-10-01,24226,0.0,0.0,0.0,0.0,0.0,0.0,0.0,0.0,True,38190,652,47,81968
5739,671,Mastercard,Credit,5667713745804706,02/2020,982,YES,1,8600,11/2018,2018,No,2018-11-01,24227,256.70718,218.54718,256.70718,15966.51,12.0,256.70718,218.54718,256.70718,False,34032,769,37,68762
3485,1472,Mastercard,Debit,5352913241091954,03/2018,231,YES,1,25236,06/2010,2011,No,2010-06-01,24126,0.0,0.0,0.0,0.0,0.0,0.0,0.0,0.0,False,36189,694,43,16988
5715,855,Visa,Debit,4118028917520417,03/2022,471,YES,2,11928,11/2015,2015,No,2015-11-01,24191,40.65366,39.67366,40.65366,4983.32,12.0,40.65366,39.67366,40.65366,False,22557,699,51,63019
2702,855,Mastercard,Debit,5060743978360454,08/2021,638,YES,2,13841,04/2012,2012,No,2012-04-01,24148,51.708685,49.448685,51.708685,5104.37,12.0,51.708685,49.448685,51.708685,False,22557,699,51,63019
4317,981,Amex,Credit,386475118033107,03/2024,151,YES,1,7500,08/2010,2011,No,2010-08-01,24128,0.0,0.0,0.0,0.0,0.0,95.0,95.0,95.0,True,56163,671,44,104767
4072,384,Visa,Debit,4563075780122442,02/2024,522,YES,2,19349,07/2018,2018,No,2018-07-01,24223,0.0,0.0,0.0,0.0,0.0,0.0,0.0,0.0,True,39144,702,20,55347
307,80,Visa,Credit,4281238011673204,06/2017,240,YES,2,2800,01/2012,2012,No,2012-01-01,24145,60.279300000000006,54.5193,60.279300000000006,4007.85,12.0,60.279300000000006,54.5193,60.279300000000006,False,21815,498,82,1597
2689,80,Visa,Debit,4321023718227210,02/2024,881,YES,1,13569,04/2011,2011,No,2011-04-01,24136,53.4689,50.7689,53.4689,6332.8,12.0,53.4689,50.7689,53.4689,False,21815,498,82,1597
6130,205,Visa,Debit,4705599888998828,05/2021,524,YES,2,25621,12/2016,2016,No,2016-12-01,24204,85.851345,83.771345,85.851345,16048.69,12.0,85.851345,83.771345,85.851345,False,39882,809,38,77817
3620,205,Mastercard,Debit,5751244963755467,05/2024,167,YES,1,12193,06/2017,2017,No,2017-06-01,24210,58.289069999999995,55.17907,58.289069999999995,11507.14,12.0,58.289069999999995,55.17907,58.289069999999995,False,39882,809,38,77817
3639,205,Visa,Debit,4209063259747210,07/2018,375,YES,1,14247,06/2018,2018,No,2018-06-01,24222,7.64433,6.85433,7.64433,1906.66,2.0,7.64433,6.85433,7.64433,False,39882,809,38,77817
5266,1490,Visa,Debit,4020577124844597,04/2022,526,YES,1,22856,10/2012,2012,No,2012-10-01,24154,145.719205,139.839205,145.719205,22028.41,12.0,145.719205,139.839205,145.719205,False,41839,761,30,46226
1369,1490,Visa,Debit,4033453235002124,01/2021,434,YES,1,20225,02/2016,2016,No,2016-02-01,24194,72.86902,69.82902,72.86902,9804.04,12.0,72.86902,69.82902,72.86902,False,41839,761,30,46226
3591,1463,Mastercard,Debit,5462773776307346,02/2021,951,YES,2,22357,06/2015,2015,No,2015-06-01,24186,146.04147,128.72146999999998,146.04147,14689.939999999999,12.0,146.04147,128.72146999999998,146.04147,False,9766,732,80,66
5245,1463,Mastercard,Credit,5315038417328405,01/2022,772,YES,1,7700,10/2011,2011,No,2011-10-01,24142,544.0086,163.48860000000002,544.0086,31808.7,12.0,544.0086,163.48860000000002,544.0086,False,9766,732,80,66
3542,1463,Amex,Credit,386623237356858,09/2023,553,NO,1,5100,06/2012,2012,No,2012-06-01,24150,324.33174,81.69174,324.33174,19252.43,12.0,419.33174,176.69173999999998,419.33174,False,9766,732,80,66
2351,952,Visa,Debit,4295877159831914,02/2024,602,YES,1,58234,03/2015,2015,No,2015-03-01,24183,124.599125,121.909125,124.599125,46547.25,12.0,124.599125,121.909125,124.599125,False,126775,685,29,28869
1275,952,Mastercard,Debit,5357953507565192,07/2021,726,YES,2,76966,02/2011,2011,No,2011-02-01,24134,224.750135,219.920135,224.750135,93725.27,12.0,224.750135,219.920135,224.750135,True,126775,685,29,28869
3611,616,Mastercard,Credit,5046466769118356,05/2023,561,YES,2,4500,06/2016,2016,No,2016-06-01,24198,459.7119,388.4319,459.7119,31411.55,12.0,459.7119,388.4319,459.7119,True,34817,586,45,63313
6050,638,Mastercard,Debit,5689155673355585,07/2024,698,YES,1,25551,12/2011,2011,No,2011-12-01,24144,37.31904,35.11904,37.31904,12542.08,12.0,37.31904,35.11904,37.31904,False,16889,679,65,38489
4445,638,Amex,Credit,375716098483935,11/2015,431,YES,2,4800,08/2015,2015,No,2015-08-01,24188,136.74707999999998,124.14707999999999,136.74707999999998,8115.0599999999995,4.0,231.74707999999998,219.14708,231.74707999999998,False,16889,679,65,38489
315,1366,Mastercard,Credit,5244253968518286,07/2024,684,YES,2,12400,01/2013,2013,No,2013-01-01,24157,631.33524,616.21524,631.33524,40910.18,12.0,631.33524,616.21524,631.33524,True,40000,767,25,127951
2374,1366,Mastercard,Debit,5148677955904141,02/2020,917,YES,1,17691,03/2018,2018,No,2018-03-01,24219,140.355545,138.905545,140.355545,20891.09,12.0,140.355545,138.905545,140.355545,False,40000,767,25,127951
6111,336,Mastercard,Debit,5118228142214662,06/2020,208,YES,1,19612,12/2015,2015,No,2015-12-01,24192,0.0,0.0,0.0,0.0,0.0,0.0,0.0,0.0,True,44128,760,23,0
2364,973,Mastercard,Debit,5570742279358802,02/2021,20,YES,1,16229,03/2017,2017,No,2017-03-01,24207,103.244675,101.964675,103.244675,8112.35,12.0,103.244675,101.964675,103.244675,False,25051,734,55,19465
5716,973,Visa,Debit,4515909883803900,11/2024,871,YES,1,8366,11/2015,2015,No,2015-11-01,24191,151.0154,148.59539999999998,151.0154,13033.8,12.0,151.0154,148.59539999999998,151.0154,False,25051,734,55,19465
5706,973,Visa,Debit,4060618518013622,06/2023,39,YES,2,7688,11/2014,2014,No,2014-11-01,24179,269.18333,266.29332999999997,269.18333,23722.66,12.0,269.18333,266.29332999999997,269.18333,False,25051,734,55,19465
3959,1827,Visa,Debit,4277161408897403,02/2024,419,YES,1,30041,07/2010,2011,No,2010-07-01,24127,128.233455,122.193455,128.233455,28001.91,12.0,128.233455,122.193455,128.233455,False,46341,686,59,78610
5246,1827,Mastercard,Debit,5010004900517856,02/2024,908,YES,1,29137,10/2011,2011,No,2011-10-01,24142,65.09803,61.32803,65.09803,13559.06,12.0,65.09803,61.32803,65.09803,False,46341,686,59,78610
5727,1827,Mastercard,Debit,5002104504565119,02/2023,917,YES,1,17663,11/2016,2016,No,2016-11-01,24203,54.01245,51.34245,54.01245,12650.9,12.0,54.01245,51.34245,54.01245,False,46341,686,59,78610
4464,672,Mastercard,Debit,5392188065665641,10/2021,452,NO,1,8540,08/2017,2017,No,2017-08-01,24212,167.766955,167.016955,167.766955,21802.91,12.0,167.766955,167.016955,167.766955,False,23967,722,37,3880
2668,1461,Visa,Debit,4534127090202764,08/2010,827,YES,2,35757,04/2010,2011,No,2010-04-01,24124,19.225459999999998,19.225459999999998,19.225459999999998,1985.92,5.0,19.225459999999998,19.225459999999998,19.225459999999998,False,48038,704,41,83238
5638,256,Visa,Credit,4042007108574831,02/2023,177,YES,1,9400,11/2010,2013,No,2010-11-01,24131,204.74478,204.74478,204.74478,11947.71,12.0,204.74478,204.74478,204.74478,False,22850,714,75,17453
3989,256,Visa,Debit (Prepaid),4868990994344273,06/2024,248,YES,2,50,07/2011,2011,No,2011-07-01,24139,0.0,0.0,76.1929,8324.8,12.0,0.0,0.0,76.1929,False,22850,714,75,17453
6089,256,Mastercard,Credit,5764971120736645,02/2020,402,YES,2,1800,12/2013,2013,No,2013-12-01,24168,121.24781999999999,121.24781999999999,121.24781999999999,7187.99,12.0,121.24781999999999,121.24781999999999,121.24781999999999,False,22850,714,75,17453
1276,256,Mastercard,Debit,5355715623674970,12/2024,956,YES,1,27489,02/2011,2011,No,2011-02-01,24134,122.52306999999999,122.52306999999999,122.52306999999999,18160.14,12.0,122.52306999999999,122.52306999999999,122.52306999999999,False,22850,714,75,17453
6015,1837,Mastercard,Debit,5837775089417018,01/2011,189,YES,1,11199,12/2010,2010,No,2010-12-01,24132,7.512409999999999,6.73241,7.512409999999999,1758.82,2.0,7.512409999999999,6.73241,7.512409999999999,False,24947,766,66,1767
259,1837,Visa,Debit,4205821347854727,05/2020,679,YES,1,8800,01/2010,2010,No,2010-01-01,24121,105.788235,99.978235,105.788235,23346.47,12.0,105.788235,99.978235,105.788235,True,24947,766,66,1767
5275,1837,Mastercard,Debit (Prepaid),5825065723069699,09/2021,940,YES,1,83,10/2013,2013,No,2013-10-01,24166,0.0,0.0,53.256825,9395.65,12.0,0.0,0.0,53.256825,False,24947,766,66,1767
2256,1837,Mastercard,Debit,5757614479800979,11/2024,657,NO,1,7217,03/2010,2010,No,2010-03-01,24123,83.07921499999999,75.669215,83.07921499999999,18336.43,12.0,83.07921499999999,75.669215,83.07921499999999,False,24947,766,66,1767
5307,1974,Mastercard,Credit,5282787263853461,09/2022,115,YES,2,9000,10/2015,2015,No,2015-10-01,24190,0.0,0.0,0.0,0.0,0.0,0.0,0.0,0.0,False,31792,647,74,28723
278,1974,Mastercard,Debit,5805044569196975,01/2020,947,YES,1,15195,01/2011,2011,No,2011-01-01,24133,0.0,0.0,0.0,0.0,0.0,0.0,0.0,0.0,False,31792,647,74,28723
2257,1974,Mastercard,Debit,5522110015947841,02/2024,663,YES,1,14747,03/2010,2010,No,2010-03-01,24123,0.0,0.0,0.0,0.0,0.0,0.0,0.0,0.0,True,31792,647,74,28723
222,1815,Amex,Credit,371091834390039,02/2020,858,YES,2,17800,01/2010,2011,No,2010-01-01,24121,486.48312,458.04312,486.48312,28779.84,12.0,581.48312,553.04312,581.48312,False,61991,758,59,2151
4371,1815,Mastercard,Debit (Prepaid),5906678291020827,09/2023,935,YES,2,56,08/2011,2011,No,2011-08-01,24140,0.0,0.0,38.34888,5037.76,12.0,0.0,0.0,38.34888,False,61991,758,59,2151
3976,1579,Mastercard,Credit,5148202936285148,04/2024,384,YES,2,12800,07/2011,2011,No,2011-07-01,24139,178.27326,167.47326,178.27326,10470.07,12.0,178.27326,167.47326,178.27326,False,28594,728,81,1821
4879,1954,Visa,Credit,4802501874295829,04/2024,196,YES,2,5900,09/2014,2014,No,2014-09-01,24177,2335.10634,1497.74634,2335.10634,135975.13,12.0,2335.10634,1497.74634,2335.10634,False,48406,683,47,80441
316,1954,Mastercard,Debit,5544865210857672,07/2013,422,YES,2,21258,01/2013,2013,No,2013-01-01,24157,234.978425,183.278425,234.978425,77044.85,7.0,234.978425,183.278425,234.978425,True,48406,683,47,80441
1231,959,Mastercard,Debit (Prepaid),5030524191307854,08/2023,680,YES,2,8,02/2010,2017,No,2010-02-01,24122,0.0,0.0,0.0,0.0,0.0,0.0,0.0,0.0,False,102369,738,35,189558
5693,1049,Visa,Debit,4967633206571164,03/2023,284,YES,2,14446,11/2013,2013,No,2013-11-01,24167,0.0,0.0,0.0,0.0,0.0,0.0,0.0,0.0,False,36481,850,66,81550
1310,1049,Visa,Credit,4661230447201577,05/2015,53,YES,1,9400,02/2012,2012,No,2012-02-01,24146,0.0,0.0,0.0,0.0,0.0,0.0,0.0,0.0,False,36481,850,66,81550
3940,1088,Mastercard,Credit,5759964167622790,01/2023,828,YES,1,10700,07/2010,2011,No,2010-07-01,24127,287.61696,287.61696,287.61696,19110.72,12.0,287.61696,287.61696,287.61696,False,34982,765,49,134631
6095,1088,Visa,Debit,4661688933459307,06/2016,432,YES,1,15194,12/2013,2013,No,2013-12-01,24168,112.61655999999999,112.363105,112.61655999999999,18905.12,12.0,112.61655999999999,112.363105,112.61655999999999,False,34982,765,49,134631
3082,14,Visa,Debit,4124567693793737,04/2022,870,NO,1,16464,05/2010,2012,No,2010-05-01,24125,31.703969999999998,31.703969999999998,31.703969999999998,7558.9400000000005,12.0,31.703969999999998,31.703969999999998,31.703969999999998,False,32232,652,79,21134
5694,162,Visa,Debit,4338781388247802,03/2014,826,YES,2,27266,11/2013,2013,No,2013-11-01,24167,13.77918,13.77918,13.77918,2750.36,5.0,13.77918,13.77918,13.77918,False,66111,771,37,98102
3569,162,Mastercard,Credit,5475237541011918,02/2014,774,YES,1,16700,06/2013,2013,No,2013-06-01,24162,174.63978,151.59978,174.63978,10270.210000000001,9.0,174.63978,151.59978,174.63978,False,66111,771,37,98102
5618,1692,Mastercard,Debit,5554581325182985,01/2022,904,YES,2,7564,11/2010,2013,No,2010-11-01,24131,134.499405,129.289405,134.499405,47787.81,12.0,134.499405,129.289405,134.499405,False,162709,542,81,5642
3538,380,Visa,Credit,4018146556727350,05/2023,544,NO,2,8000,06/2011,2011,No,2011-06-01,24138,243.37062,225.73062000000002,243.37062,16043.59,12.0,243.37062,225.73062000000002,243.37062,False,37857,800,46,57727
4073,141,Visa,Credit,4595319622489775,08/2018,349,NO,1,8000,07/2018,2018,No,2018-07-01,24223,26.29098,26.29098,26.29098,1551.6100000000001,2.0,26.29098,26.29098,26.29098,False,23082,638,70,23406
3941,1348,Mastercard,Debit,5372184619325693,11/2020,785,YES,2,1,07/2010,2010,No,2010-07-01,24127,12.830594999999999,12.830594999999999,12.830594999999999,41.19,12.0,12.830594999999999,12.830594999999999,12.830594999999999,False,2,667,83,0
3086,1348,Amex,Credit,313148408217973,10/2021,576,YES,2,0,05/2011,2011,No,2011-05-01,24137,61.98858,61.98858,61.98858,3443.81,12.0,156.98858,156.98858,156.98858,False,2,667,83,0
2669,1348,Visa,Debit,4924159268930796,09/2010,790,YES,1,1,04/2010,2010,No,2010-04-01,24124,5.25831,5.25831,5.25831,16.62,6.0,5.25831,5.25831,5.25831,False,2,667,83,0
4042,1348,Visa,Debit,4139051015604116,08/2018,15,YES,1,1,07/2015,2015,No,2015-07-01,24187,6.10003,6.10003,6.10003,20.06,10.0,6.10003,6.10003,6.10003,False,2,667,83,0
236,1256,Mastercard,Debit (Prepaid),5018794058509930,01/2021,807,YES,2,79,01/2010,2011,No,2010-01-01,24121,0.0,0.0,231.329355,26155.71,12.0,0.0,0.0,231.329355,False,56248,728,37,149587
6116,1256,Visa,Credit,4888697499810645,01/2020,276,YES,2,18500,12/2015,2015,No,2015-12-01,24192,606.6693,590.4693,606.6693,37244.85,12.0,606.6693,590.4693,606.6693,False,56248,728,37,149587
5717,169,Visa,Debit,4032033794787095,07/2022,167,YES,1,10194,11/2015,2015,No,2015-11-01,24191,49.609615,47.411995,49.609615,3879.23,12.0,49.609615,47.411995,49.609615,False,30451,686,85,93
5655,169,Mastercard,Debit (Prepaid),5746544800697198,09/2021,335,YES,2,91,11/2011,2011,No,2011-11-01,24143,0.0,0.0,83.56171499999999,4163.43,12.0,0.0,0.0,83.56171499999999,False,30451,686,85,93
2317,169,Mastercard,Debit,5802870059687260,07/2022,990,NO,1,10574,03/2013,2013,No,2013-03-01,24159,61.418594999999996,59.428595,61.418594999999996,3721.19,12.0,61.418594999999996,59.428595,61.418594999999996,False,30451,686,85,93
5712,1807,Mastercard,Debit,5678405303384008,03/2022,24,YES,2,26838,11/2015,2015,No,2015-11-01,24191,277.878285,273.318285,277.878285,48655.57,12.0,277.878285,273.318285,277.878285,False,52065,828,47,98613
4386,257,Visa,Credit,4575711221736157,11/2024,777,YES,1,8000,08/2011,2011,No,2011-08-01,24140,415.98216,216.90216,415.98216,24626.12,12.0,415.98216,216.90216,415.98216,False,31070,708,52,86747
2748,987,Mastercard,Debit (Prepaid),5929319761273570,02/2024,367,YES,1,69,04/2015,2015,No,2015-04-01,24184,0.0,0.0,188.93079,19770.58,12.0,0.0,0.0,188.93079,False,61532,683,52,26832
373,987,Mastercard,Debit,5920175797699651,08/2021,420,YES,1,21985,01/2018,2018,No,2018-01-01,24217,183.443885,181.143885,183.443885,34470.77,12.0,183.443885,181.143885,183.443885,False,61532,683,52,26832
237,1141,Mastercard,Debit,5787921795028281,07/2020,29,YES,2,2397,01/2010,2013,No,2010-01-01,24121,156.867705,152.01770499999998,156.867705,15771.41,12.0,156.867705,152.01770499999998,156.867705,False,27266,777,66,19798
3624,1141,Visa,Debit,4145457087186133,02/2020,837,YES,1,10466,06/2017,2017,No,2017-06-01,24210,84.504665,80.324665,84.504665,11877.33,12.0,84.504665,80.324665,84.504665,False,27266,777,66,19798
5224,1141,Visa,Debit,4094653186833148,06/2023,298,YES,2,20161,10/2010,2010,No,2010-10-01,24130,79.086915,76.126915,79.086915,9191.83,12.0,79.086915,76.126915,79.086915,False,27266,777,66,19798
1277,1682,Mastercard,Credit,5399068844339829,09/2024,512,YES,1,12600,02/2011,2015,No,2011-02-01,24134,73.67886,73.67886,73.67886,4720.27,12.0,73.67886,73.67886,73.67886,False,48750,716,57,117616
238,1682,Mastercard,Credit,5970339574772530,10/2021,757,YES,2,13200,01/2010,2014,No,2010-01-01,24121,130.19634,129.83634,130.19634,7689.13,12.0,130.19634,129.83634,130.19634,False,48750,716,57,117616
2365,172,Mastercard,Debit,5195057277840268,10/2020,855,YES,1,19600,03/2017,2017,No,2017-03-01,24207,64.09537,59.88537,64.09537,14630.74,12.0,64.09537,59.88537,64.09537,False,45164,730,47,0
1232,172,Mastercard,Debit,5453650582708795,11/2015,531,YES,1,16373,02/2010,2010,No,2010-02-01,24122,59.53855,54.68855,59.53855,10650.1,12.0,59.53855,54.68855,59.53855,False,45164,730,47,0
5656,315,Mastercard,Debit (Prepaid),5956867363687567,08/2024,701,YES,1,109,11/2011,2011,No,2011-11-01,24143,0.0,0.0,67.473505,12716.01,12.0,0.0,0.0,67.473505,True,42379,692,54,136748
3121,315,Mastercard,Debit,5948980046719583,05/2024,710,YES,1,22115,05/2012,2012,No,2012-05-01,24149,59.646665,53.786665,59.646665,17978.33,12.0,59.646665,53.786665,59.646665,False,42379,692,54,136748
279,155,Mastercard,Credit,5689609387142035,02/2021,393,NO,1,7800,01/2011,2011,No,2011-01-01,24133,136.90313999999998,130.06314,136.90313999999998,9366.73,12.0,136.90313999999998,130.06314,136.90313999999998,False,9678,688,86,812
239,155,Mastercard,Debit,5290515548238201,12/2022,813,NO,1,9294,01/2010,2011,No,2010-01-01,24121,110.07351,107.97350999999999,110.07351,19219.02,12.0,110.07351,107.97350999999999,110.07351,False,9678,688,86,812
2281,155,Mastercard,Debit,5358949072497400,12/2011,324,YES,2,12163,03/2011,2011,No,2011-03-01,24135,32.84966,32.60966,32.84966,4893.32,10.0,32.84966,32.60966,32.84966,False,9678,688,86,812
3111,155,Visa,Debit,4972569366952714,01/2020,855,YES,2,14959,05/2011,2011,No,2011-05-01,24137,37.610665,37.370665,37.610665,5100.33,12.0,37.610665,37.370665,37.610665,False,9678,688,86,812
1260,1305,Visa,Debit,4804168677193110,03/2023,32,YES,2,22025,02/2010,2010,No,2010-02-01,24122,70.504,68.774,70.504,11139.0,12.0,70.504,68.774,70.504,False,38971,784,46,0
3486,1504,Mastercard,Credit,5039473078606416,09/2024,356,YES,1,6000,06/2010,2011,No,2010-06-01,24126,131.52042,117.84042,131.52042,10228.689999999999,12.0,131.52042,117.84042,131.52042,False,12826,734,85,1550
3977,1504,Mastercard,Debit,5508687277469967,01/2020,469,YES,1,8444,07/2011,2011,No,2011-07-01,24139,37.462045,35.782045,37.462045,6530.09,12.0,37.462045,35.782045,37.462045,False,12826,734,85,1550
1325,948,Mastercard,Debit,5196909207454962,05/2023,71,YES,1,13035,02/2013,2013,No,2013-02-01,24158,89.98055,89.48055,89.98055,13182.1,12.0,89.98055,89.48055,89.98055,False,37119,718,53,55010
3083,948,Visa,Credit,4763339915481098,06/2023,488,YES,2,8300,05/2010,2010,No,2010-05-01,24125,241.11306000000002,238.23306000000002,241.11306000000002,14099.17,12.0,241.11306000000002,238.23306000000002,241.11306000000002,False,37119,718,53,55010
1265,948,Amex,Credit,371833102197375,07/2024,591,YES,2,6200,02/2011,2011,No,2011-02-01,24134,213.47136,212.03136,213.47136,12549.52,12.0,308.47136,307.03136,308.47136,False,37119,718,53,55010
5695,948,Visa,Debit,4948154067393861,03/2024,688,YES,2,11795,11/2013,2013,No,2013-11-01,24167,61.95605,61.69605,61.95605,8696.1,12.0,61.95605,61.69605,61.95605,False,37119,718,53,55010
3167,862,Mastercard,Credit,5170494527481348,05/2022,731,NO,1,3800,05/2015,2015,No,2015-05-01,24185,868.7718,785.9718,868.7718,53909.1,12.0,868.7718,785.9718,868.7718,True,42883,807,25,65917
4334,1514,Mastercard,Credit,5052545011580809,07/2020,940,NO,1,0,08/2010,2010,No,2010-08-01,24128,75.8628,70.4628,75.8628,4873.6,12.0,75.8628,70.4628,75.8628,False,36925,721,53,89762
5639,1698,Visa,Debit,4949964634585996,06/2011,341,YES,1,14744,11/2010,2010,No,2010-11-01,24131,0.0,0.0,0.0,0.0,0.0,0.0,0.0,0.0,True,67976,747,32,105337
330,1316,Mastercard,Credit,5242129479868764,11/2024,288,YES,2,4700,01/2014,2014,No,2014-01-01,24169,0.0,0.0,0.0,0.0,0.0,0.0,0.0,0.0,True,33266,693,27,0
2293,889,Visa,Credit,4476864861762314,09/2022,669,YES,1,14700,03/2011,2011,No,2011-03-01,24135,0.0,0.0,0.0,0.0,0.0,0.0,0.0,0.0,True,52550,710,27,140825
5204,526,Mastercard,Debit,5427548263390254,12/2016,736,YES,1,3224,10/2010,2013,No,2010-10-01,24130,86.92347,86.14347,86.92347,23712.940000000002,12.0,86.92347,86.14347,86.92347,False,64481,627,51,114394
5718,231,Visa,Debit,4551009502548949,05/2023,466,YES,1,11032,11/2015,2015,No,2015-11-01,24191,47.717735,44.887735,47.717735,7172.47,12.0,47.717735,44.887735,47.717735,False,36270,769,55,73779
5255,910,Visa,Debit,4925413173106257,05/2022,460,YES,1,10523,10/2011,2011,No,2011-10-01,24142,0.0,0.0,0.0,0.0,0.0,0.0,0.0,0.0,True,76820,819,31,159137
2352,1509,Visa,Debit,4417739183409950,01/2023,990,NO,1,18138,03/2015,2015,No,2015-03-01,24183,74.065715,74.065715,74.065715,6044.43,12.0,74.065715,74.065715,74.065715,False,47087,820,67,92489
1347,1509,Mastercard,Debit,5352211789998935,02/2021,443,YES,1,23238,02/2014,2014,No,2014-02-01,24170,101.630055,101.630055,101.630055,9430.11,12.0,101.630055,101.630055,101.630055,False,47087,820,67,92489
5276,1509,Mastercard,Debit,5410637796399201,09/2022,983,YES,1,20706,10/2013,2013,No,2013-10-01,24166,130.028085,130.028085,130.028085,10807.17,12.0,130.028085,130.028085,130.028085,False,47087,820,67,92489
5696,1422,Visa,Debit,4363891861741725,03/2020,662,YES,2,19781,11/2013,2013,No,2013-11-01,24167,43.72032,41.75032,43.72032,5375.64,12.0,43.72032,41.75032,43.72032,False,36052,767,66,6602
3960,1516,Visa,Debit,4776377960241200,12/2022,190,YES,2,25010,07/2010,2010,No,2010-07-01,24127,171.51585999999998,167.85586,171.51585999999998,34147.72,12.0,171.51585999999998,167.85586,171.51585999999998,False,68827,755,38,35669
4410,1649,Mastercard,Credit,5012197802964363,02/2016,674,YES,2,100,08/2013,2013,No,2013-08-01,24164,64.70676,64.70676,64.70676,3594.8199999999997,12.0,64.70676,64.70676,64.70676,False,399,729,64,323
343,583,Amex,Credit,345109128105029,02/2024,963,YES,2,13900,01/2015,2015,No,2015-01-01,24181,229.85082,143.45082,229.85082,14139.49,12.0,324.85082,238.45082,324.85082,False,28954,636,64,41461
291,1811,Visa,Debit,4077584980284629,12/2021,84,NO,2,7821,01/2011,2014,No,2011-01-01,24133,100.84168,98.42168,100.84168,31310.36,12.0,100.84168,98.42168,100.84168,False,82009,764,83,6229
4894,1811,Discover,Credit,6977627305195042,03/2022,233,YES,2,44200,09/2016,2016,No,2016-09-01,24201,1118.13516,988.5351599999999,1118.13516,64564.0,12.0,1118.13516,988.5351599999999,1118.13516,False,82009,764,83,6229
331,1811,Mastercard,Debit (Prepaid),5320344964229690,01/2021,628,YES,1,54,01/2014,2014,No,2014-01-01,24169,0.0,0.0,36.94266,3325.32,12.0,0.0,0.0,36.94266,False,82009,764,83,6229
3978,1811,Mastercard,Debit,5879372260390616,05/2022,403,YES,1,62519,07/2011,2011,No,2011-07-01,24139,98.82565,96.58565,98.82565,28005.3,12.0,98.82565,96.58565,98.82565,False,82009,764,83,6229
3141,1811,Visa,Debit,4910341780863441,11/2022,246,YES,1,87408,05/2013,2013,No,2013-05-01,24161,79.206155,77.286155,79.206155,22662.31,12.0,79.206155,77.286155,79.206155,False,82009,764,83,6229
5311,1412,Visa,Debit,4621223878831288,06/2016,682,YES,2,19081,10/2015,2015,No,2015-10-01,24190,72.172595,70.102595,72.172595,12938.19,9.0,72.172595,70.102595,72.172595,False,54166,707,58,0
5687,1412,Mastercard,Debit,5395339623143984,09/2020,501,YES,2,17401,11/2013,2013,No,2013-11-01,24167,102.21966499999999,99.32966499999999,102.21966499999999,21557.33,12.0,102.21966499999999,99.32966499999999,102.21966499999999,False,54166,707,58,0
3067,1412,Mastercard,Credit,5135678062479808,07/2021,505,YES,1,12800,05/2010,2016,No,2010-05-01,24125,812.39472,758.39472,812.39472,48620.04,12.0,812.39472,758.39472,812.39472,False,54166,707,58,0
3942,1412,Mastercard,Debit (Prepaid),5670005225763179,07/2015,698,YES,1,42,07/2010,2011,No,2010-07-01,24127,0.0,0.0,59.960325,4266.65,12.0,0.0,0.0,59.960325,False,54166,707,58,0
2681,177,Mastercard,Credit,5237138657431099,09/2023,589,YES,1,11900,04/2011,2011,No,2011-04-01,24136,757.97784,305.45784000000003,757.97784,45283.88,12.0,757.97784,305.45784000000003,757.97784,False,58248,728,54,107130
3539,1577,Visa,Credit,4816860056537332,11/2022,197,YES,1,10100,06/2011,2014,No,2011-06-01,24138,167.01641999999998,162.33642,167.01641999999998,10908.69,12.0,167.01641999999998,162.33642,167.01641999999998,False,40745,718,53,18371
3504,1577,Visa,Debit,4991364969575729,01/2021,244,YES,2,21999,06/2010,2015,No,2010-06-01,24126,38.407285,37.397285,38.407285,7366.57,12.0,38.407285,37.397285,38.407285,False,40745,718,53,18371
5992,1609,Amex,Credit,335445013271477,09/2022,999,YES,1,19400,12/2010,2013,No,2010-12-01,24132,290.75759999999997,274.9176,290.75759999999997,19516.2,12.0,385.75759999999997,369.9176,385.75759999999997,False,87659,779,71,0
3510,1609,Amex,Credit,339792898644120,06/2023,936,YES,1,16100,06/2011,2011,No,2011-06-01,24138,186.52986,177.16986,186.52986,11874.77,12.0,281.52986,272.16985999999997,281.52986,False,87659,779,71,0
2353,1762,Visa,Credit,4300321753140483,08/2022,628,YES,2,18400,03/2015,2015,No,2015-03-01,24183,655.17732,650.13732,655.17732,39703.74,12.0,655.17732,650.13732,655.17732,True,63583,635,29,200435
2652,1717,Mastercard,Debit,5089930923373798,08/2020,17,YES,1,23956,04/2010,2010,No,2010-04-01,24124,418.73924,343.06924,418.73924,100413.48,12.0,418.73924,343.06924,418.73924,True,43070,726,67,14135
6122,1717,Mastercard,Debit,5773396250865734,02/2019,800,YES,2,17695,12/2016,2016,No,2016-12-01,24204,166.61666,141.29666,166.61666,36192.32,12.0,166.61666,141.29666,166.61666,False,43070,726,67,14135
1383,1717,Visa,Debit,4246551286869282,08/2022,593,YES,2,22765,02/2018,2018,No,2018-02-01,24218,117.46006,98.72005999999999,117.46006,27659.12,12.0,117.46006,98.72005999999999,117.46006,False,43070,726,67,14135
363,1717,Visa,Debit,4515082319612545,02/2020,194,YES,1,15934,01/2017,2017,No,2017-01-01,24205,157.141685,128.941685,157.141685,35001.37,12.0,157.141685,128.941685,157.141685,False,43070,726,67,14135
3068,1355,Mastercard,Debit,5164840016148969,08/2023,26,YES,2,7112,05/2010,2014,No,2010-05-01,24125,0.0,0.0,0.0,0.0,0.0,0.0,0.0,0.0,False,23863,536,54,83430
4893,1668,Visa,Debit,4982899751098466,02/2020,864,YES,1,23240,09/2015,2015,No,2015-09-01,24189,63.87951,60.43951,63.87951,20807.02,12.0,63.87951,60.43951,63.87951,False,56099,751,92,933
4440,1668,Visa,Debit,4249726842929939,07/2022,917,YES,1,18828,08/2014,2014,No,2014-08-01,24176,77.27325,72.83324999999999,77.27325,24441.5,12.0,77.27325,72.83324999999999,77.27325,False,56099,751,92,933
4803,1668,Visa,Credit,4161722287532690,10/2010,265,YES,1,14000,09/2010,2016,No,2010-09-01,24129,113.39117999999999,106.91118,113.39117999999999,6538.51,2.0,113.39117999999999,106.91118,113.39117999999999,False,56099,751,92,933
5260,1293,Mastercard,Debit,5037463911586202,05/2021,117,YES,1,16339,10/2012,2012,No,2012-10-01,24154,553.985895,547.995895,553.985895,130548.79,12.0,553.985895,547.995895,553.985895,True,49374,706,32,108192
1261,361,Visa,Credit,4972676446491092,06/2022,555,NO,2,11500,02/2010,2010,No,2010-02-01,24122,375.81498,334.05498,375.81498,27066.61,12.0,375.81498,334.05498,375.81498,False,39052,804,43,65861
260,1659,Visa,Debit,4419460752105618,02/2023,113,YES,1,18116,01/2010,2010,No,2010-01-01,24121,106.386195,104.00619499999999,106.386195,14977.39,12.0,106.386195,104.00619499999999,106.386195,False,40787,782,94,1574
3540,1659,Visa,Credit,4445565501557714,09/2020,474,YES,2,12700,06/2011,2011,No,2011-06-01,24138,411.96204,404.76204,411.96204,24794.78,12.0,411.96204,404.76204,411.96204,False,40787,782,94,1574
6016,278,Mastercard,Debit,5601819028761095,05/2023,832,NO,1,137669,12/2010,2010,No,2010-12-01,24132,182.37201,180.20201,182.37201,36346.020000000004,12.0,182.37201,180.20201,182.37201,False,193768,686,59,150896
6123,278,Mastercard,Debit,5945500533879840,01/2023,428,YES,1,92828,12/2016,2016,No,2016-12-01,24204,96.14782,95.55781999999999,96.14782,18252.64,12.0,96.14782,95.55781999999999,96.14782,False,193768,686,59,150896
5619,278,Mastercard,Credit,5079922576804283,10/2022,242,YES,2,55300,11/2010,2010,No,2010-11-01,24131,451.24344,419.92344,451.24344,27524.08,12.0,451.24344,419.92344,451.24344,False,193768,686,59,150896
2282,618,Mastercard,Debit,5120169290018670,02/2022,784,YES,1,11591,03/2011,2011,No,2011-03-01,24135,52.60922,52.60922,52.60922,8342.44,12.0,52.60922,52.60922,52.60922,False,27795,701,32,72318
4372,618,Mastercard,Debit,5538394493237764,07/2019,115,YES,1,8633,08/2011,2011,No,2011-08-01,24140,43.23619,43.23619,43.23619,6304.38,12.0,43.23619,43.23619,43.23619,False,27795,701,32,72318
1311,753,Visa,Credit,4033661530367499,01/2023,95,YES,2,8000,02/2012,2012,No,2012-02-01,24146,211.19850000000002,211.19850000000002,211.19850000000002,12656.25,12.0,211.19850000000002,211.19850000000002,211.19850000000002,False,31688,605,53,66776
5644,753,Discover,Credit,6268816898046008,05/2022,829,YES,1,8600,11/2011,2011,No,2011-11-01,24143,270.00648,270.00648,270.00648,17333.36,12.0,270.00648,270.00648,270.00648,False,31688,605,53,66776
5697,489,Visa,Debit (Prepaid),4550158721667391,05/2020,764,YES,1,71,11/2013,2013,No,2013-11-01,24167,0.0,0.0,25.76245,3254.9,12.0,0.0,0.0,25.76245,False,36753,684,36,33657
4051,489,Visa,Credit,4174000010311703,07/2023,922,YES,1,14700,07/2016,2016,No,2016-07-01,24199,106.33698000000001,100.57697999999999,106.33698000000001,6802.61,12.0,106.33698000000001,100.57697999999999,106.33698000000001,False,36753,684,36,33657
1233,90,Mastercard,Debit (Prepaid),5454320123258478,03/2020,429,YES,1,102,02/2010,2010,No,2010-02-01,24122,0.0,0.0,83.57905,20228.1,12.0,0.0,0.0,83.57905,False,12796,644,63,22192
1262,376,Visa,Debit,4961188850895805,08/2021,629,NO,1,28884,02/2010,2015,No,2010-02-01,24122,145.59084,141.79084,145.59084,19595.68,12.0,145.59084,141.79084,145.59084,False,57975,773,50,34570
325,376,Visa,Credit,4846362912981071,03/2013,650,YES,1,9200,01/2013,2013,No,2013-01-01,24157,113.65020000000001,111.1302,113.65020000000001,6511.9,3.0,113.65020000000001,111.1302,113.65020000000001,False,57975,773,50,34570
240,218,Mastercard,Debit,5031033208388940,03/2024,565,YES,2,11694,01/2010,2012,No,2010-01-01,24121,26.166825,24.746825,26.166825,4210.65,12.0,26.166825,24.746825,26.166825,False,34190,810,59,39242
6017,218,Mastercard,Credit,5102494493150212,12/2014,615,YES,1,8100,12/2010,2010,No,2010-12-01,24132,153.3321,141.8121,153.3321,9003.449999999999,12.0,153.3321,141.8121,153.3321,False,34190,810,59,39242
4465,218,Mastercard,Debit,5212081047458870,11/2021,836,YES,1,11647,08/2017,2017,No,2017-08-01,24212,23.273200000000003,22.0732,23.273200000000003,2966.4,12.0,23.273200000000003,22.0732,23.273200000000003,False,34190,810,59,39242
4859,42,Mastercard,Debit,5585235709223011,09/2020,555,YES,1,10776,09/2013,2013,No,2013-09-01,24165,118.63044,117.31044,118.63044,14172.88,12.0,118.63044,117.31044,118.63044,False,8526,684,78,3723
2742,42,Discover,Credit,6128331852366832,02/2019,56,YES,2,5600,04/2015,2015,No,2015-04-01,24184,94.40838,92.60838,94.40838,6073.91,12.0,94.40838,92.60838,94.40838,False,8526,684,78,3723
4353,1170,Visa,Debit,4206608050110882,11/2021,873,YES,2,19442,08/2010,2010,No,2010-08-01,24128,123.96091999999999,123.96091999999999,123.96091999999999,20520.84,12.0,123.96091999999999,123.96091999999999,123.96091999999999,False,40867,694,40,50449
4868,1937,Visa,Credit,4478591356446764,10/2024,207,YES,2,5500,09/2013,2013,No,2013-09-01,24165,309.7449,307.5849,309.7449,17602.05,12.0,309.7449,307.5849,309.7449,False,17056,667,65,29112
4860,1177,Mastercard,Debit,5167461508736953,09/2021,218,YES,2,25993,09/2013,2013,No,2013-09-01,24165,94.04736,90.11735999999999,94.04736,16420.72,12.0,94.04736,90.11735999999999,94.04736,False,64672,695,36,56485
4016,1177,Visa,Debit (Prepaid),4031671355735386,05/2022,372,YES,2,59,07/2013,2013,No,2013-07-01,24163,0.0,0.0,85.970185,5523.37,12.0,0.0,0.0,85.970185,False,64672,695,36,56485
3529,1032,Mastercard,Debit (Prepaid),5759154405195541,08/2023,644,YES,2,8,06/2011,2011,No,2011-06-01,24138,0.0,0.0,0.0,0.0,0.0,0.0,0.0,0.0,False,26975,673,62,17212
3961,397,Visa,Debit,4398726361408174,09/2022,592,YES,1,7159,07/2010,2011,No,2010-07-01,24127,97.7139,95.6539,97.7139,13139.8,12.0,97.7139,95.6539,97.7139,False,20424,770,30,14743
3179,397,Mastercard,Debit,5166788218031494,10/2021,167,YES,1,12172,05/2016,2016,No,2016-05-01,24197,67.792965,66.192965,67.792965,9127.93,12.0,67.792965,66.192965,67.792965,False,20424,770,30,14743
3122,566,Mastercard,Debit (Prepaid),5019509763985509,12/2013,156,YES,1,58,05/2012,2012,No,2012-05-01,24149,0.0,0.0,211.683145,16107.29,12.0,0.0,0.0,211.683145,False,46244,814,60,108449
5666,1332,Visa,Debit,4692209881034936,10/2024,841,YES,1,40914,11/2011,2011,No,2011-11-01,24143,87.17995499999999,86.909955,87.17995499999999,19442.91,12.0,87.17995499999999,86.909955,87.17995499999999,False,71909,712,63,44190
4880,1332,Visa,Debit,4318258273065778,10/2024,152,YES,1,39491,09/2014,2014,No,2014-09-01,24177,62.77979,61.73979,62.77979,11701.58,12.0,62.77979,61.73979,62.77979,False,71909,712,63,44190
5282,1648,Visa,Credit,4699987716360968,06/2022,973,YES,1,36700,10/2013,2013,No,2013-10-01,24166,1452.1815000000001,1295.9415000000001,1452.1815000000001,85280.75,12.0,1452.1815000000001,1295.9415000000001,1452.1815000000001,False,185909,621,66,461854
4787,17,Mastercard,Debit,5112841703970154,06/2022,367,YES,1,7175,09/2010,2017,No,2010-09-01,24129,227.86820999999998,227.86820999999998,227.86820999999998,39260.42,12.0,227.86820999999998,227.86820999999998,227.86820999999998,False,21867,759,76,21103
4843,1200,Visa,Credit,4993894078039979,06/2022,784,YES,2,6000,09/2012,2012,No,2012-09-01,24153,0.0,0.0,0.0,0.0,0.0,0.0,0.0,0.0,True,24420,685,64,14460
3505,228,Visa,Credit,4213207721993381,01/2023,746,YES,1,1700,06/2010,2010,No,2010-06-01,24126,0.0,0.0,0.0,0.0,0.0,0.0,0.0,0.0,True,31655,623,54,46405
3196,1480,Mastercard,Credit,5677473176452050,01/2018,686,YES,2,7100,05/2017,2017,No,2017-05-01,24209,0.0,0.0,0.0,0.0,0.0,0.0,0.0,0.0,True,49756,705,49,70744
241,1449,Mastercard,Debit,5134527149271246,02/2022,755,YES,2,11457,01/2010,2016,No,2010-01-01,24121,86.93589,80.65589,86.93589,17888.78,12.0,86.93589,80.65589,86.93589,False,28104,751,66,12054
5707,1417,Visa,Debit,4755309590277505,07/2021,531,YES,2,37325,11/2014,2014,No,2014-11-01,24179,24.413975,24.413975,24.413975,5572.950000000001,12.0,24.413975,24.413975,24.413975,False,52680,835,54,87082
1234,1417,Mastercard,Debit (Prepaid),5082923874323795,02/2021,774,YES,2,85,02/2010,2010,No,2010-02-01,24122,0.0,0.0,23.94512,2716.24,12.0,0.0,0.0,23.94512,False,52680,835,54,87082
280,267,Mastercard,Debit,5625635561969960,07/2023,310,YES,2,10636,01/2011,2011,No,2011-01-01,24133,92.76097499999999,90.330975,92.76097499999999,17172.95,12.0,92.76097499999999,90.330975,92.76097499999999,True,27733,765,61,21785
326,267,Visa,Debit,4771456546451310,10/2015,970,YES,1,12891,01/2013,2013,No,2013-01-01,24157,45.08453,44.074529999999996,45.08453,8590.06,12.0,45.08453,44.074529999999996,45.08453,False,27733,765,61,21785
4411,267,Mastercard,Debit,5404831533605189,10/2021,72,YES,1,11885,08/2013,2013,No,2013-08-01,24164,37.23914,36.491205,37.23914,8322.279999999999,12.0,37.23914,36.491205,37.23914,False,27733,765,61,21785
261,373,Visa,Debit,4139199465174934,10/2021,9,YES,2,6688,01/2010,2016,No,2010-01-01,24121,96.65527,95.11527,96.65527,17507.54,12.0,96.65527,95.11527,96.65527,False,21397,812,61,54771
2283,1772,Mastercard,Debit,5306745473896520,05/2022,271,YES,1,27201,03/2011,2011,No,2011-03-01,24135,111.61265999999999,111.33265999999999,111.61265999999999,15519.32,12.0,111.61265999999999,111.33265999999999,111.61265999999999,False,50163,761,47,97188
5657,1772,Mastercard,Debit,5626378456369424,05/2023,982,NO,2,16426,11/2011,2011,No,2011-11-01,24143,90.53511999999999,90.53511999999999,90.53511999999999,12544.24,12.0,90.53511999999999,90.53511999999999,90.53511999999999,False,50163,761,47,97188
294,964,Amex,Credit,340045632784763,02/2020,218,YES,1,13700,01/2012,2012,No,2012-01-01,24145,307.06956,296.26956,307.06956,18733.42,12.0,402.06956,391.26956,402.06956,False,45422,689,48,83940
4885,72,Mastercard,Credit,5428221818543241,09/2024,953,YES,1,14300,09/2015,2015,No,2015-09-01,24189,0.0,0.0,0.0,0.0,0.0,0.0,0.0,0.0,True,41401,580,37,71180
2366,1527,Mastercard,Credit,5801798801399788,06/2021,527,YES,2,7100,03/2017,2017,No,2017-03-01,24207,764.2872,764.2872,764.2872,51811.4,12.0,764.2872,764.2872,764.2872,True,50523,578,66,98763
3553,1476,Mastercard,Debit,5568197772676119,12/2012,676,YES,1,27569,06/2012,2012,No,2012-06-01,24150,0.0,0.0,0.0,0.0,0.0,0.0,0.0,0.0,False,44688,716,29,88092
264,1476,Amex,Credit,351118771819506,05/2021,551,YES,1,10400,01/2011,2011,No,2011-01-01,24133,0.0,0.0,0.0,0.0,0.0,95.0,95.0,95.0,True,44688,716,29,88092
3990,455,Visa,Debit,4325994913282358,02/2021,114,NO,1,14959,07/2011,2011,No,2011-07-01,24139,174.061085,162.301085,174.061085,52412.17,12.0,174.061085,162.301085,174.061085,True,49776,684,41,17352
4064,455,Visa,Debit,4573359573640504,10/2022,267,YES,2,19713,07/2017,2017,No,2017-07-01,24211,82.49283,76.27283,82.49283,24479.66,12.0,82.49283,76.27283,82.49283,False,49776,684,41,17352
348,455,Mastercard,Debit (Prepaid),5146076432064543,03/2022,662,YES,1,90,01/2015,2015,No,2015-01-01,24181,0.0,0.0,65.12692,8033.84,12.0,0.0,0.0,65.12692,False,49776,684,41,17352
3142,532,Visa,Debit,4777234942221867,06/2023,559,YES,1,21793,05/2013,2013,No,2013-05-01,24161,0.0,0.0,0.0,0.0,0.0,0.0,0.0,0.0,False,48484,775,27,63561
292,532,Visa,Debit,4092634167714573,04/2024,721,YES,1,25919,01/2011,2011,No,2011-01-01,24133,0.0,0.0,0.0,0.0,0.0,0.0,0.0,0.0,True,48484,775,27,63561
3150,328,Mastercard,Debit,5900781818896314,08/2024,694,YES,2,15125,05/2014,2014,No,2014-05-01,24173,111.484575,106.98457499999999,111.484575,29478.15,12.0,111.484575,106.98457499999999,111.484575,False,36323,700,45,65525
1263,328,Visa,Credit,4737448001688514,06/2020,626,YES,2,13200,02/2010,2010,No,2010-02-01,24122,919.0499400000001,838.76994,919.0499400000001,52670.33,12.0,919.0499400000001,838.76994,919.0499400000001,False,36323,700,45,65525
364,1282,Visa,Debit,4470396121935962,11/2023,109,YES,1,13193,01/2017,2017,No,2017-01-01,24205,108.711725,104.311725,108.711725,19871.45,12.0,108.711725,104.311725,108.711725,False,41249,695,34,42268
4815,1282,Mastercard,Debit,5359387075130556,05/2020,975,YES,1,16187,09/2011,2011,No,2011-09-01,24141,196.855045,190.655045,196.855045,42037.090000000004,12.0,196.855045,190.655045,196.855045,True,41249,695,34,42268
2266,1693,Visa,Credit,4745663916245954,08/2023,938,NO,2,29900,03/2010,2017,No,2010-03-01,24123,575.9665200000001,529.88652,575.9665200000001,34962.14,12.0,575.9665200000001,529.88652,575.9665200000001,False,74016,702,36,85204
4829,36,Visa,Debit,4887792862892213,06/2019,31,YES,2,18808,09/2011,2013,No,2011-09-01,24141,0.0,0.0,0.0,0.0,0.0,0.0,0.0,0.0,True,50242,722,31,84457
2719,360,Mastercard,Debit,5168276651669097,07/2022,939,YES,2,15972,04/2013,2013,No,2013-04-01,24160,160.115655,158.375655,160.115655,21445.31,12.0,160.115655,158.375655,160.115655,False,46278,791,43,51243
4441,360,Visa,Debit,4005308847294610,10/2018,106,YES,1,22342,08/2014,2014,No,2014-08-01,24176,105.63544499999999,104.895445,105.63544499999999,13549.89,12.0,105.63544499999999,104.895445,105.63544499999999,False,46278,791,43,51243
3592,360,Mastercard,Debit,5008326450243575,04/2020,382,NO,1,21058,06/2015,2015,No,2015-06-01,24186,112.24064999999999,110.29567,112.24064999999999,14516.3,12.0,112.24064999999999,110.29567,112.24064999999999,False,46278,791,43,51243
2710,603,Visa,Credit,4958653958330137,11/2022,821,YES,2,3900,04/2012,2012,No,2012-04-01,24148,0.0,0.0,0.0,0.0,0.0,0.0,0.0,0.0,True,44624,611,42,102882
5205,1794,Mastercard,Debit,5320717372996306,07/2024,264,YES,2,4392,10/2010,2017,No,2010-10-01,24130,217.731935,202.511935,217.731935,56313.869999999995,12.0,217.731935,202.511935,217.731935,True,75137,631,49,175263
3069,329,Mastercard,Credit,5376701080589928,10/2020,991,YES,1,12300,05/2010,2013,No,2010-05-01,24125,774.0792,750.6792,774.0792,47804.4,12.0,774.0792,750.6792,774.0792,True,36724,701,70,16437
1362,329,Amex,Credit,337550322941360,04/2024,449,YES,2,11100,02/2016,2016,No,2016-02-01,24194,357.87834,355.71834,357.87834,21764.13,12.0,452.87834,450.71834,452.87834,False,36724,701,70,16437
4788,329,Mastercard,Credit,5028747805927867,07/2024,278,YES,1,9500,09/2010,2015,No,2010-09-01,24129,535.73562,533.5756200000001,535.73562,32957.09,12.0,535.73562,533.5756200000001,535.73562,False,36724,701,70,16437
2361,598,Visa,Credit,4497075414603384,10/2021,609,YES,2,11400,03/2016,2016,No,2016-03-01,24195,1023.45894,1005.45894,1023.45894,58043.83,12.0,1023.45894,1005.45894,1023.45894,False,43144,628,47,54157
2267,1777,Visa,Credit,4287715741686227,12/2020,945,YES,1,12700,03/2010,2020,No,2010-03-01,24123,340.69446,309.01446,340.69446,20751.47,12.0,340.69446,309.01446,340.69446,False,62432,741,47,95799
1207,1777,Discover,Credit,6890958566283018,08/2018,17,YES,2,24400,02/2010,2011,No,2010-02-01,24122,377.85474,348.33474,377.85474,23242.93,12.0,377.85474,348.33474,377.85474,False,62432,741,47,95799
308,1872,Visa,Debit,4656088751958530,01/2022,257,YES,1,23300,01/2012,2012,No,2012-01-01,24145,46.30992,45.79992,46.30992,7503.84,12.0,46.30992,45.79992,46.30992,False,67470,804,62,93795
3962,1872,Visa,Credit,4481314542302614,05/2023,653,YES,1,15900,07/2010,2013,No,2010-07-01,24127,198.06137999999999,188.34138,198.06137999999999,12391.41,12.0,198.06137999999999,188.34138,198.06137999999999,False,67470,804,62,93795
2781,1000,Mastercard,Debit,5864857498399320,03/2020,31,YES,1,23088,04/2018,2018,No,2018-04-01,24220,0.0,0.0,0.0,0.0,0.0,0.0,0.0,0.0,True,54424,687,20,92199
2284,799,Mastercard,Credit,5608087801127195,02/2020,715,YES,2,7000,03/2011,2011,No,2011-03-01,24135,593.56764,558.28764,593.56764,37343.98,12.0,593.56764,558.28764,593.56764,True,31525,686,34,57818
4457,144,Mastercard,Debit,5962520384384662,11/2022,627,YES,2,14699,08/2016,2016,No,2016-08-01,24200,190.375755,186.76575499999998,190.375755,29591.51,12.0,190.375755,186.76575499999998,190.375755,False,32330,835,44,97190
5247,144,Mastercard,Debit,5891798640440029,07/2022,370,YES,2,20289,10/2011,2011,No,2011-10-01,24142,351.98013,344.05012999999997,351.98013,60114.26,12.0,351.98013,344.05012999999997,351.98013,False,32330,835,44,97190
1235,781,Mastercard,Debit,5724812856736556,12/2024,821,YES,2,16474,02/2010,2010,No,2010-02-01,24122,0.0,0.0,0.0,0.0,0.0,0.0,0.0,0.0,True,33993,602,30,45149
4388,781,Discover,Credit,6308521512097419,08/2020,770,YES,2,4300,08/2012,2012,No,2012-08-01,24152,0.0,0.0,0.0,0.0,0.0,0.0,0.0,0.0,False,33993,602,30,45149
3151,1572,Mastercard,Credit,5536644643614485,08/2015,627,YES,2,3500,05/2014,2014,No,2014-05-01,24173,0.0,0.0,0.0,0.0,0.0,0.0,0.0,0.0,False,18935,658,40,43928
2775,793,Visa,Credit,4030904159290027,04/2023,880,YES,1,13700,04/2017,2017,No,2017-04-01,24208,239.79258000000002,235.11258,239.79258000000002,15654.81,12.0,239.79258000000002,235.11258,239.79258000000002,False,42593,703,73,16083
4466,1179,Visa,Debit,4381450999997195,10/2024,135,YES,2,27313,08/2017,2017,No,2017-08-01,24212,19.61962,17.81962,19.61962,4549.24,12.0,19.61962,17.81962,19.61962,False,49570,752,50,43645
4760,1179,Discover,Credit,6340588661070812,02/2020,737,YES,1,12900,09/2010,2013,No,2010-09-01,24129,293.89608,256.45608,293.89608,17545.559999999998,12.0,293.89608,256.45608,293.89608,False,49570,752,50,43645
5283,114,Visa,Debit,4997086356987452,03/2023,106,YES,2,10676,10/2013,2013,No,2013-10-01,24166,243.750275,241.080275,243.750275,44227.55,12.0,243.750275,241.080275,243.750275,False,34441,725,47,907
3070,114,Mastercard,Debit,5471501151275219,01/2019,875,YES,2,16617,05/2010,2011,No,2010-05-01,24125,353.428,348.97799999999995,353.428,68520.0,12.0,353.428,348.97799999999995,353.428,False,34441,725,47,907
6112,1107,Mastercard,Debit,5678186427083264,04/2023,765,YES,1,16678,12/2015,2015,No,2015-12-01,24192,57.184115,57.184115,57.184115,8641.23,12.0,57.184115,57.184115,57.184115,False,40516,698,71,6908
6079,517,Visa,Debit,4529198706544196,12/2019,956,YES,1,11254,12/2012,2012,No,2012-12-01,24156,92.887585,87.00758499999999,92.887585,8968.17,12.0,92.887585,87.00758499999999,92.887585,False,24009,811,33,19085
5335,517,Visa,Debit,4624298880024351,05/2023,695,NO,2,10703,10/2018,2018,No,2018-10-01,24226,49.9757,47.0557,49.9757,5298.4,12.0,49.9757,47.0557,49.9757,False,24009,811,33,19085
2268,624,Visa,Debit,4428221393352281,01/2012,800,YES,2,18969,03/2010,2010,No,2010-03-01,24123,0.0,0.0,0.0,0.0,0.0,0.0,0.0,0.0,True,37579,710,33,59201
1326,624,Mastercard,Debit,5620777347987312,04/2019,203,YES,1,12931,02/2013,2013,No,2013-02-01,24158,0.0,0.0,0.0,0.0,0.0,0.0,0.0,0.0,False,37579,710,33,59201
5327,1992,Visa,Debit (Prepaid),4735444171765440,04/2021,440,YES,1,71,10/2017,2017,No,2017-10-01,24214,0.0,0.0,75.355915,8942.83,12.0,0.0,0.0,75.355915,False,23725,710,63,47647
4442,1992,Visa,Debit,4464255837780501,09/2016,11,YES,1,13382,08/2014,2014,No,2014-08-01,24176,77.444125,76.194125,77.444125,10052.25,12.0,77.444125,76.194125,77.444125,False,23725,710,63,47647
3123,463,Mastercard,Debit,5043650081401232,11/2017,56,YES,1,13257,05/2012,2012,No,2012-05-01,24149,0.0,0.0,0.0,0.0,0.0,0.0,0.0,0.0,True,40256,719,32,0
1202,590,Amex,Credit,361343872480844,09/2010,837,YES,2,7400,02/2010,2012,No,2010-02-01,24122,0.0,0.0,0.0,0.0,0.0,95.0,95.0,95.0,False,35060,724,37,39104
262,590,Visa,Debit,4770207045170231,11/2022,959,NO,2,7644,01/2010,2010,No,2010-01-01,24121,0.0,0.0,0.0,0.0,0.0,0.0,0.0,0.0,True,35060,724,37,39104
2269,789,Visa,Debit,4466987531926977,04/2024,542,YES,3,15143,03/2010,2014,No,2010-03-01,24123,64.246905,63.806905,64.246905,18504.81,12.0,64.246905,63.806905,64.246905,False,49788,690,43,83932
3071,742,Mastercard,Credit,5867727546265982,10/2010,868,YES,2,12700,05/2010,2010,No,2010-05-01,24125,345.57642,321.45642000000004,345.57642,22108.690000000002,6.0,345.57642,321.45642000000004,345.57642,False,50753,698,69,20226
3943,742,Mastercard,Debit,5524375174709990,04/2020,727,NO,2,22839,07/2010,2015,No,2010-07-01,24127,92.517875,86.177875,92.517875,36379.75,12.0,92.517875,86.177875,92.517875,False,50753,698,69,20226
2294,612,Visa,Debit,4414457303374738,03/2024,962,YES,1,19103,03/2011,2011,No,2011-03-01,24135,0.0,0.0,0.0,0.0,0.0,0.0,0.0,0.0,False,16296,838,88,667
4031,612,Visa,Debit,4622792344518889,05/2020,682,NO,1,15619,07/2014,2014,No,2014-07-01,24175,0.0,0.0,0.0,0.0,0.0,0.0,0.0,0.0,False,16296,838,88,667
2375,612,Mastercard,Debit,5288684620224628,02/2020,742,YES,1,17512,03/2018,2018,No,2018-03-01,24219,0.0,0.0,0.0,0.0,0.0,0.0,0.0,0.0,False,16296,838,88,667
3512,612,Discover,Credit,6459832607723477,03/2021,613,YES,2,9300,06/2011,2011,No,2011-06-01,24138,0.0,0.0,0.0,0.0,0.0,0.0,0.0,0.0,False,16296,838,88,667
2713,523,Discover,Credit,6364215863625390,10/2023,14,YES,1,13000,04/2013,2013,No,2013-04-01,24160,1417.33836,1288.81836,1417.33836,85082.02,12.0,1417.33836,1288.81836,1417.33836,True,38487,773,27,28032
3612,523,Mastercard,Debit,5690509651153906,05/2022,573,YES,2,20430,06/2016,2016,No,2016-06-01,24198,171.332865,165.82286499999998,171.332865,42842.729999999996,12.0,171.332865,165.82286499999998,171.332865,False,38487,773,27,28032
2771,928,Mastercard,Debit,5578069135826637,07/2019,703,YES,1,10882,04/2017,2017,No,2017-04-01,24208,26.450295,26.450295,26.450295,3186.59,12.0,26.450295,26.450295,26.450295,False,32347,784,59,82667
3572,928,Visa,Debit,4323438857314993,03/2022,40,YES,1,19454,06/2013,2013,No,2013-06-01,24162,50.56373,50.34373,50.56373,6751.46,12.0,50.56373,50.34373,50.56373,False,32347,784,59,82667
3152,928,Mastercard,Debit,5075857376370680,02/2020,982,YES,1,19624,05/2014,2014,No,2014-05-01,24173,31.51034,31.51034,31.51034,5521.68,12.0,31.51034,31.51034,31.51034,False,32347,784,59,82667
1203,928,Amex,Credit,322674119450622,08/2012,250,YES,1,8700,02/2010,2010,No,2010-02-01,24122,111.8484,111.8484,111.8484,7667.8,12.0,206.8484,206.8484,206.8484,False,32347,784,59,82667
4335,928,Mastercard,Credit,5170430476017818,06/2023,817,YES,1,7300,08/2010,2013,No,2010-08-01,24128,121.84722000000001,121.84722000000001,121.84722000000001,7635.29,12.0,121.84722000000001,121.84722000000001,121.84722000000001,False,32347,784,59,82667
3506,1642,Visa,Credit,4941217468452968,03/2015,160,YES,2,12200,06/2010,2010,No,2010-06-01,24126,303.82362,303.82362,303.82362,19343.09,12.0,303.82362,303.82362,303.82362,False,40470,731,37,41938
3573,1642,Visa,Credit,4222423291346252,01/2021,67,YES,1,5000,06/2013,2013,No,2013-06-01,24162,146.94048,146.94048,146.94048,8761.36,12.0,146.94048,146.94048,146.94048,False,40470,731,37,41938
5206,1642,Mastercard,Credit,5451362125568437,03/2020,365,YES,1,11200,10/2010,2010,No,2010-10-01,24130,103.61682,103.61682,103.61682,5809.49,12.0,103.61682,103.61682,103.61682,False,40470,731,37,41938
6034,1642,Visa,Credit,4759687155885583,07/2016,34,NO,2,11200,12/2010,2011,No,2010-12-01,24132,118.70567999999999,118.70567999999999,118.70567999999999,6964.759999999999,12.0,118.70567999999999,118.70567999999999,118.70567999999999,False,40470,731,37,41938
332,495,Mastercard,Credit,5678554364408518,07/2017,255,YES,2,11500,01/2014,2014,No,2014-01-01,24169,0.0,0.0,0.0,0.0,0.0,0.0,0.0,0.0,False,38028,831,49,79101
5284,166,Amex,Credit,395311275502832,05/2022,56,YES,2,16100,10/2014,2014,No,2014-10-01,24178,0.0,0.0,0.0,0.0,0.0,95.0,95.0,95.0,False,25567,665,83,1001
4836,1277,Mastercard,Credit,5685035507383249,08/2017,135,YES,2,19800,09/2012,2012,No,2012-09-01,24153,0.0,0.0,0.0,0.0,0.0,0.0,0.0,0.0,True,51848,692,33,86951
2714,718,Discover,Credit,6596755789941875,11/2024,931,YES,2,5700,04/2013,2013,No,2013-04-01,24160,0.0,0.0,0.0,0.0,0.0,0.0,0.0,0.0,False,29081,655,48,56301
6113,682,Mastercard,Credit,5512081974916797,10/2022,765,YES,2,9300,12/2015,2015,No,2015-12-01,24192,0.0,0.0,0.0,0.0,0.0,0.0,0.0,0.0,True,35229,724,58,60945
4357,795,Discover,Credit,6917280872761373,04/2020,315,YES,2,16100,08/2011,2011,No,2011-08-01,24140,879.5012399999999,871.58124,879.5012399999999,52682.18,12.0,879.5012399999999,871.58124,879.5012399999999,False,75918,759,40,94579
6096,237,Visa,Credit,4187289847634833,04/2021,798,NO,2,4300,12/2013,2013,No,2013-12-01,24168,588.99042,528.87042,588.99042,34643.69,12.0,588.99042,528.87042,588.99042,False,58584,563,42,99235
3574,237,Visa,Debit,4145423192370462,02/2021,398,NO,1,38900,06/2013,2013,No,2013-06-01,24162,144.237025,136.14702499999999,144.237025,35870.05,12.0,144.237025,136.14702499999999,144.237025,True,58584,563,42,99235
3593,2,Mastercard,Debit,5458954548704072,07/2024,47,YES,1,9001,06/2015,2015,No,2015-06-01,24186,47.000145,46.760145,47.000145,6137.29,12.0,47.000145,46.760145,47.000145,False,27447,673,48,80850
6073,2,Mastercard,Debit,5617443939610345,08/2024,813,YES,2,16491,12/2012,2012,No,2012-12-01,24156,74.988405,74.518405,74.988405,9155.81,12.0,74.988405,74.518405,74.988405,False,27447,673,48,80850
3153,313,Mastercard,Debit,5401966281135701,02/2023,737,YES,2,12183,05/2014,2014,No,2014-05-01,24173,118.19252499999999,117.122525,118.19252499999999,16252.050000000001,12.0,118.19252499999999,117.122525,118.19252499999999,False,33548,693,32,31183
4804,313,Visa,Credit,4142618269549473,12/2022,716,YES,1,8900,09/2010,2016,No,2010-09-01,24129,497.06964,491.30964,497.06964,30725.98,12.0,497.06964,491.30964,497.06964,True,33548,693,32,31183
4354,989,Visa,Debit,4353181605005049,02/2021,19,YES,2,4707,08/2010,2010,No,2010-08-01,24128,52.104335,51.314335,52.104335,15589.67,12.0,52.104335,51.314335,52.104335,False,113514,727,78,16524
3039,989,Amex,Credit,309385388804488,01/2024,251,YES,1,16200,05/2010,2010,No,2010-05-01,24125,735.00318,733.20318,735.00318,40833.51,12.0,830.00318,828.20318,830.00318,False,113514,727,78,16524
3979,989,Mastercard,Debit,5270284172540389,05/2024,714,YES,3,27178,07/2011,2011,No,2011-07-01,24139,39.398005,38.868005,39.398005,12446.01,12.0,39.398005,38.868005,39.398005,False,113514,727,78,16524
2653,1983,Mastercard,Debit,5340780229634197,07/2023,257,YES,1,47211,04/2010,2010,No,2010-04-01,24124,141.67324,139.97323999999998,141.67324,26751.48,12.0,141.67324,139.97323999999998,141.67324,False,141161,773,50,0
1384,1091,Visa,Debit,4330882727770787,10/2019,22,YES,1,29685,02/2018,2018,No,2018-02-01,24218,47.266475,46.006475,47.266475,7642.95,12.0,47.266475,46.006475,47.266475,False,53890,656,32,252106
3507,1091,Visa,Credit,4724864981660920,08/2024,403,NO,1,12700,06/2010,2013,No,2010-06-01,24126,175.8168,174.0168,175.8168,10581.6,12.0,175.8168,174.0168,175.8168,False,53890,656,32,252106
3101,759,Mastercard,Debit,5565412921641370,09/2024,992,YES,1,25059,05/2011,2011,No,2011-05-01,24137,57.22059,57.22059,57.22059,14590.18,12.0,57.22059,57.22059,57.22059,False,74550,687,60,37427
4443,105,Visa,Credit,4835239816888340,04/2015,368,YES,2,10100,08/2014,2014,No,2014-08-01,24176,0.0,0.0,0.0,0.0,0.0,0.0,0.0,0.0,False,37579,742,54,0
3632,1618,Mastercard,Debit,5677315632040269,01/2020,927,YES,1,21280,06/2018,2018,No,2018-06-01,24222,75.7979,75.7979,75.7979,15568.8,12.0,75.7979,75.7979,75.7979,False,70634,682,53,155651
5729,1618,Visa,Debit,4032385619436581,03/2022,88,YES,2,37619,11/2016,2016,No,2016-11-01,24203,96.43938999999999,96.43938999999999,96.43938999999999,22575.78,12.0,96.43938999999999,96.43938999999999,96.43938999999999,False,70634,682,53,155651
5300,1237,Visa,Debit,4967614598666288,12/2020,790,YES,2,16053,10/2014,2014,No,2014-10-01,24178,74.13855,73.05855,74.13855,9494.1,12.0,74.13855,73.05855,74.13855,False,32150,717,46,47179
3944,1237,Mastercard,Debit,5293034450657206,09/2021,829,YES,1,14385,07/2010,2012,No,2010-07-01,24127,86.579015,85.239015,86.579015,9556.03,12.0,86.579015,85.239015,86.579015,False,32150,717,46,47179
4012,646,Mastercard,Debit,5084129042406429,05/2022,379,YES,2,15822,07/2013,2013,No,2013-07-01,24163,81.622685,79.352685,81.622685,13786.37,12.0,81.622685,79.352685,81.622685,False,43634,786,38,73037
6090,646,Mastercard,Debit,5171925674822493,08/2023,349,YES,1,17057,12/2013,2013,No,2013-12-01,24168,63.223985,62.663985,63.223985,11176.97,12.0,63.223985,62.663985,63.223985,False,43634,786,38,73037
4355,631,Visa,Debit,4085525339324208,09/2023,988,YES,1,1740,08/2010,2010,No,2010-08-01,24128,39.869815,39.649815,39.869815,7301.63,12.0,39.869815,39.649815,39.869815,False,33811,682,83,2206
2270,738,Visa,Credit,4975397225900594,10/2022,633,YES,2,19300,03/2010,2010,No,2010-03-01,24123,394.48386,378.64386,394.48386,24340.77,12.0,394.48386,378.64386,394.48386,False,63974,707,57,131731
5620,459,Mastercard,Debit,5455692825493528,05/2024,886,YES,2,1200,11/2010,2010,No,2010-11-01,24131,99.64296999999999,97.32297,99.64296999999999,17553.94,12.0,99.64296999999999,97.32297,99.64296999999999,False,25257,734,65,83995
3170,459,Visa,Credit,4702160782866812,07/2022,32,YES,1,6300,05/2015,2015,No,2015-05-01,24185,90.51335999999999,89.07336,90.51335999999999,5683.52,12.0,90.51335999999999,89.07336,90.51335999999999,False,25257,734,65,83995
3625,459,Visa,Debit,4777682501119860,03/2022,841,NO,2,10636,06/2017,2017,No,2017-06-01,24210,49.94922,49.24922,49.94922,8457.44,12.0,49.94922,49.24922,49.94922,False,25257,734,65,83995
4453,281,Visa,Credit,4027267585799417,02/2020,614,YES,2,5700,08/2015,2015,No,2015-08-01,24188,0.0,0.0,0.0,0.0,0.0,0.0,0.0,0.0,True,38549,684,24,35691
3980,55,Mastercard,Debit,5603953556223249,07/2021,279,YES,2,6056,07/2011,2011,No,2011-07-01,24139,77.68726,77.68726,77.68726,5605.52,12.0,77.68726,77.68726,77.68726,False,44583,717,61,85531
6037,1370,Discover,Credit,6423896642709968,12/2024,893,YES,1,18400,12/2011,2011,No,2011-12-01,24144,256.3542,244.4742,256.3542,15408.9,12.0,256.3542,244.4742,256.3542,False,52908,709,62,109229
3464,1370,Amex,Credit,354174665165986,02/2023,490,YES,2,25100,06/2010,2010,No,2010-06-01,24126,637.63794,627.19794,637.63794,38894.33,12.0,732.63794,722.19794,732.63794,False,52908,709,62,109229
4458,897,Mastercard,Debit,5039518885202193,09/2022,731,NO,1,13460,08/2016,2016,No,2016-08-01,24200,158.03319,158.03319,158.03319,18844.38,12.0,158.03319,158.03319,158.03319,True,26996,501,30,33332
6018,1781,Mastercard,Debit,5271577810389285,11/2023,444,NO,2,14959,12/2010,2013,No,2010-12-01,24132,77.531275,77.531275,77.531275,11958.55,12.0,77.531275,77.531275,77.531275,False,36050,708,29,45559
3129,457,Amex,Credit,323995995043195,03/2021,845,YES,2,4300,05/2013,2013,No,2013-05-01,24161,231.74586,231.74586,231.74586,14419.77,12.0,326.74586,326.74586,326.74586,False,36324,705,34,56689
2740,160,Visa,Debit,4052223642085368,11/2020,695,YES,1,15204,04/2014,2014,No,2014-04-01,24172,192.855895,189.385895,192.855895,34233.79,12.0,192.855895,189.385895,192.855895,True,37965,796,44,69614
4914,160,Mastercard,Debit (Prepaid),5097177024373449,03/2020,487,YES,1,79,09/2017,2017,No,2017-09-01,24213,0.0,0.0,104.81432,11495.64,12.0,0.0,0.0,104.81432,False,37965,796,44,69614
3072,1655,Mastercard,Debit,5129559258430452,02/2015,315,YES,2,22679,05/2010,2010,No,2010-05-01,24125,0.0,0.0,0.0,0.0,0.0,0.0,0.0,0.0,False,34856,830,57,127313
1236,1655,Mastercard,Credit,5273827620362753,12/2012,361,YES,1,8400,02/2010,2013,No,2010-02-01,24122,0.0,0.0,0.0,0.0,0.0,0.0,0.0,0.0,True,34856,830,57,127313
1208,984,Discover,Credit,6617667813539645,06/2022,357,YES,2,6900,02/2010,2015,No,2010-02-01,24122,248.80662,72.76662,248.80662,14439.59,12.0,248.80662,72.76662,248.80662,False,32928,850,63,80794
3154,1329,Mastercard,Debit,5371618774432893,07/2017,17,YES,1,9800,05/2014,2014,No,2014-05-01,24173,0.0,0.0,0.0,0.0,0.0,0.0,0.0,0.0,True,28011,720,24,20196
3594,1434,Mastercard,Credit,5582873367992936,05/2016,523,YES,1,4300,06/2015,2015,No,2015-06-01,24186,63.56844,63.56844,63.56844,4955.58,12.0,63.56844,63.56844,63.56844,False,40891,717,62,61245
5640,1909,Visa,Debit,4129826777465625,11/2021,941,YES,1,9599,11/2010,2010,No,2010-11-01,24131,133.08937,129.10936999999998,133.08937,12466.74,12.0,133.08937,129.10936999999998,133.08937,False,26510,696,56,53023
4017,1909,Visa,Debit,4928809249781808,09/2021,962,YES,1,8177,07/2013,2013,No,2013-07-01,24163,101.21629,98.67629,101.21629,9441.58,12.0,101.21629,98.67629,101.21629,False,26510,696,56,53023
5207,1909,Mastercard,Debit,5244932923677516,07/2020,633,YES,2,3658,10/2010,2016,No,2010-10-01,24130,143.86148,140.11148,143.86148,13610.96,12.0,143.86148,140.11148,143.86148,False,26510,696,56,53023
4057,1356,Mastercard,Debit,5859718770565482,08/2020,127,YES,1,12170,07/2017,2017,No,2017-07-01,24211,138.930265,135.00026499999998,138.930265,18384.53,12.0,138.930265,135.00026499999998,138.930265,False,26676,733,84,1370
1264,265,Visa,Credit,4179464821874368,10/2022,376,YES,2,16600,02/2010,2010,No,2010-02-01,24122,278.66358,266.06358,278.66358,19190.31,12.0,278.66358,266.06358,278.66358,False,45497,713,44,101549
2305,265,Mastercard,Debit,5187470414488999,05/2023,680,NO,1,13900,03/2012,2012,No,2012-03-01,24147,125.29298499999999,123.942985,125.29298499999999,18843.97,12.0,125.29298499999999,123.942985,125.29298499999999,False,45497,713,44,101549
2271,1947,Visa,Debit,4909515632835135,05/2015,967,YES,1,1433,03/2010,2010,No,2010-03-01,24123,0.0,0.0,0.0,0.0,0.0,0.0,0.0,0.0,False,27971,765,87,1265
2654,1947,Mastercard,Debit,5263399480715028,09/2022,84,YES,1,5440,04/2010,2010,No,2010-04-01,24124,0.0,0.0,0.0,0.0,0.0,0.0,0.0,0.0,False,27971,765,87,1265
3159,1089,Visa,Debit,4171386450929978,10/2020,702,YES,1,32269,05/2014,2014,No,2014-05-01,24173,108.57120499999999,105.21120499999999,108.57120499999999,27451.41,12.0,108.57120499999999,105.21120499999999,108.57120499999999,False,51501,729,31,140481
3487,1089,Mastercard,Debit (Prepaid),5992452355066267,07/2010,255,YES,1,68,06/2010,2011,No,2010-06-01,24126,0.0,0.0,20.67972,2128.44,2.0,0.0,0.0,20.67972,True,51501,729,31,140481
2682,1089,Mastercard,Debit,5862553540544506,08/2022,206,YES,2,25390,04/2011,2011,No,2011-04-01,24136,183.799465,176.959465,183.799465,48963.93,12.0,183.799465,176.959465,183.799465,False,51501,729,31,140481
4002,614,Mastercard,Debit,5953826141797560,07/2024,781,YES,1,19508,07/2012,2012,No,2012-07-01,24151,36.638535,36.638535,36.638535,6260.07,12.0,36.638535,36.638535,36.638535,False,16430,779,84,2873
6065,614,Visa,Debit,4009824948264772,12/2011,343,YES,2,25059,12/2011,2011,No,2011-12-01,24144,3.67999,3.67999,3.67999,639.98,1.0,3.67999,3.67999,3.67999,False,16430,779,84,2873
340,814,Visa,Credit,4458593801378188,07/2024,713,YES,2,7400,01/2014,2014,No,2014-01-01,24169,170.64342,152.28342,170.64342,11592.19,12.0,170.64342,152.28342,170.64342,False,16302,748,72,14408
4444,814,Visa,Credit,4107536740374307,04/2018,877,YES,1,7700,08/2014,2014,No,2014-08-01,24176,159.7383,156.4983,159.7383,10293.35,12.0,159.7383,156.4983,159.7383,False,16302,748,72,14408
5267,305,Visa,Debit,4608939462503365,11/2015,656,NO,1,13767,10/2012,2012,No,2012-10-01,24154,285.846125,285.596125,285.846125,35664.25,12.0,285.846125,285.596125,285.846125,False,29388,755,51,21221
341,305,Visa,Debit (Prepaid),4181646920762737,05/2020,86,YES,1,90,01/2014,2014,No,2014-01-01,24169,0.0,0.0,156.25607,16107.14,12.0,0.0,0.0,156.25607,False,29388,755,51,21221
2338,1225,Visa,Credit,4529057760721503,04/2020,270,YES,2,2400,03/2014,2014,No,2014-03-01,24171,241.32797999999997,233.04798,241.32797999999997,14307.109999999999,12.0,241.32797999999997,233.04798,241.32797999999997,False,62837,850,54,86171
2690,1405,Visa,Debit (Prepaid),4465717590252409,10/2020,476,YES,2,62,04/2011,2011,No,2011-04-01,24136,0.0,0.0,26.83736,3274.72,12.0,0.0,0.0,26.83736,False,48755,777,45,37315
4844,1405,Visa,Debit,4700587500082036,01/2023,458,YES,1,26033,09/2012,2012,No,2012-09-01,24153,27.66246,25.95246,27.66246,6184.92,12.0,27.66246,25.95246,27.66246,False,48755,777,45,37315
5994,1478,Discover,Credit,6113554012285569,03/2022,285,YES,2,14800,12/2010,2011,No,2010-12-01,24132,305.41698,288.13698,305.41698,18952.61,12.0,305.41698,288.13698,305.41698,False,44506,849,39,57994
4789,1478,Mastercard,Debit,5418595509569231,09/2024,749,YES,2,4183,09/2010,2010,No,2010-09-01,24129,69.03448,67.25448,69.03448,11765.96,12.0,69.03448,67.25448,69.03448,False,44506,849,39,57994
1237,1478,Mastercard,Debit,5024480860444789,03/2024,877,YES,1,6732,02/2010,2010,No,2010-02-01,24122,135.749475,131.739475,135.749475,37368.95,12.0,135.749475,131.739475,135.749475,True,44506,849,39,57994
4412,241,Mastercard,Debit,5648990684688270,09/2020,557,YES,1,18654,08/2013,2013,No,2013-08-01,24164,55.06567,52.93567,55.06567,8062.34,12.0,55.06567,52.93567,55.06567,False,30605,737,58,16549
2749,241,Mastercard,Debit,5424175323034310,11/2018,340,YES,1,11143,04/2015,2015,No,2015-04-01,24184,42.95809,41.04809,42.95809,5870.18,12.0,42.95809,41.04809,42.95809,False,30605,737,58,16549
3102,1258,Mastercard,Debit,5477831310262429,12/2020,288,YES,1,24326,05/2011,2011,No,2011-05-01,24137,46.4275,43.177499999999995,46.4275,7117.0,12.0,46.4275,43.177499999999995,46.4275,False,15470,789,79,15349
4830,1258,Visa,Debit,4246770344294430,12/2014,779,YES,1,26158,09/2011,2011,No,2011-09-01,24141,41.456895,40.686895,41.456895,6181.79,12.0,41.456895,40.686895,41.456895,False,15470,789,79,15349
3561,1258,Visa,Debit,4709355283958408,11/2022,7,NO,1,14484,06/2012,2012,No,2012-06-01,24150,34.86991,34.07991,34.86991,4441.82,12.0,34.86991,34.07991,34.86991,False,15470,789,79,15349
3945,919,Mastercard,Debit,5559774982144167,01/2021,233,YES,1,20765,07/2010,2014,No,2010-07-01,24127,0.0,0.0,0.0,0.0,0.0,0.0,0.0,0.0,True,67890,698,54,112564
6124,919,Mastercard,Credit,5077326215891911,04/2021,470,YES,2,17100,12/2016,2016,No,2016-12-01,24204,0.0,0.0,0.0,0.0,0.0,0.0,0.0,0.0,False,67890,698,54,112564
5719,1315,Visa,Debit,4848774820047542,11/2024,454,YES,1,14514,11/2015,2015,No,2015-11-01,24191,89.478135,89.238135,89.478135,6846.27,12.0,89.478135,89.238135,89.478135,False,32576,753,57,0
4790,323,Mastercard,Credit,5017550508372775,09/2018,481,NO,1,5900,09/2010,2011,No,2010-09-01,24129,267.0147,222.7347,267.0147,21869.15,12.0,267.0147,222.7347,267.0147,False,26696,683,54,0
6125,979,Mastercard,Credit,5034807492446890,02/2020,628,YES,2,5700,12/2016,2016,No,2016-12-01,24204,181.93446,145.57446000000002,181.93446,11061.47,12.0,181.93446,145.57446000000002,181.93446,False,32678,693,59,44434
5225,1096,Visa,Debit,4249372985491598,10/2022,678,YES,1,26222,10/2010,2010,No,2010-10-01,24130,229.56475999999998,224.60476,229.56475999999998,39577.52,12.0,229.56475999999998,224.60476,229.56475999999998,False,41379,681,59,95988
4816,1347,Mastercard,Debit,5422366850951714,12/2023,973,YES,2,21802,09/2011,2011,No,2011-09-01,24141,95.085645,90.915645,95.085645,16095.29,12.0,95.085645,90.915645,95.085645,False,55418,590,64,20950
3511,1347,Amex,Credit,343289673294707,02/2021,678,YES,2,13100,06/2011,2011,No,2011-06-01,24138,485.86248,451.66248,485.86248,30340.36,12.0,580.86248,546.66248,580.86248,True,55418,590,64,20950
5678,1347,Mastercard,Debit,5212401746902609,11/2021,77,YES,2,17079,11/2012,2012,No,2012-11-01,24155,48.3882,47.0482,48.3882,7872.400000000001,12.0,48.3882,47.0482,48.3882,False,55418,590,64,20950
6117,1588,Visa,Debit,4316375262880141,03/2022,580,YES,1,30023,12/2015,2015,No,2015-12-01,24192,0.0,0.0,0.0,0.0,0.0,0.0,0.0,0.0,False,58223,689,42,128784
349,121,Mastercard,Credit,5346005460523910,12/2021,389,YES,1,10000,01/2015,2015,No,2015-01-01,24181,481.08258,480.93786,481.08258,28945.809999999998,12.0,481.08258,480.93786,481.08258,False,45419,721,34,124370
2703,1859,Mastercard,Debit,5843937298541003,06/2021,609,YES,1,15976,04/2012,2012,No,2012-04-01,24148,32.749,32.749,32.749,5206.67,12.0,32.749,32.749,32.749,False,38689,836,68,8942
4373,77,Mastercard,Debit,5247646091462977,06/2023,180,YES,1,21862,08/2011,2011,No,2011-08-01,24140,53.92727,42.27727,53.92727,13957.539999999999,12.0,53.92727,42.27727,53.92727,False,51110,709,99,3781
3621,77,Mastercard,Debit,5560170355102541,04/2020,566,NO,2,15988,06/2017,2017,No,2017-06-01,24210,58.41198,41.78198,58.41198,17108.96,12.0,58.41198,41.78198,58.41198,False,51110,709,99,3781
4837,77,Mastercard,Debit,5443759192548846,12/2014,623,NO,1,17112,09/2012,2012,No,2012-09-01,24153,40.866625,29.746624999999998,40.866625,10003.25,12.0,40.866625,29.746624999999998,40.866625,False,51110,709,99,3781
5688,77,Mastercard,Debit,5086596988156517,10/2024,171,YES,1,27063,11/2013,2013,No,2013-11-01,24167,38.68536,30.91536,38.68536,10829.72,12.0,38.68536,30.91536,38.68536,False,51110,709,99,3781
5208,363,Mastercard,Debit (Prepaid),5312039477119395,10/2022,56,YES,1,35,10/2010,2010,No,2010-10-01,24130,0.0,0.0,89.518175,5670.35,12.0,0.0,0.0,89.518175,False,48686,701,52,113137
4434,634,Mastercard,Debit,5268139916584585,12/2022,638,YES,1,22995,08/2014,2014,No,2014-08-01,24176,43.48451,43.224509999999995,43.48451,5442.02,12.0,43.48451,43.224509999999995,43.48451,False,49079,683,49,6494
3541,634,Visa,Debit,4397605575320998,07/2023,634,YES,1,37620,06/2011,2011,No,2011-06-01,24138,60.20353,59.693529999999996,60.20353,8492.06,12.0,60.20353,59.693529999999996,60.20353,False,49079,683,49,6494
2272,634,Visa,Debit,4151208103004284,12/2018,499,YES,1,18220,03/2010,2011,No,2010-03-01,24123,114.92507,113.59506999999999,114.92507,19983.14,12.0,114.92507,113.59506999999999,114.92507,False,49079,683,49,6494
333,628,Mastercard,Debit,5614906039254489,10/2021,288,YES,1,47183,01/2014,2014,No,2014-01-01,24169,147.18449999999999,134.40449999999998,147.18449999999999,60265.0,12.0,147.18449999999999,134.40449999999998,147.18449999999999,False,107075,815,57,75999
3963,756,Visa,Debit,4109920926456573,02/2023,276,YES,1,7721,07/2010,2010,No,2010-07-01,24127,131.18309,122.57309,131.18309,47870.18,12.0,131.18309,122.57309,131.18309,True,59251,679,66,29300
4413,111,Mastercard,Debit,5806091901843856,08/2023,270,YES,2,10964,08/2013,2013,No,2013-08-01,24164,0.0,0.0,0.0,0.0,0.0,0.0,0.0,0.0,True,30004,738,25,67526
4817,488,Mastercard,Debit,5535209227360709,01/2019,434,YES,1,12759,09/2011,2011,No,2011-09-01,24141,272.151745,267.371745,272.151745,75433.49,12.0,272.151745,267.371745,272.151745,False,32126,745,34,54351
1385,863,Visa,Debit (Prepaid),4669769619755993,01/2020,338,YES,1,80,02/2018,2018,No,2018-02-01,24218,0.0,0.0,47.291709999999995,5431.42,12.0,0.0,0.0,47.291709999999995,False,34406,774,60,1636
4861,863,Mastercard,Debit,5946850544837798,01/2023,589,YES,2,18244,09/2013,2013,No,2013-09-01,24165,122.034945,112.054945,122.034945,26133.89,12.0,122.034945,112.054945,122.034945,True,34406,774,60,1636
2750,863,Mastercard,Debit,5275357240057940,06/2024,107,YES,2,11402,04/2015,2015,No,2015-04-01,24184,81.058885,77.378665,81.058885,14646.77,12.0,81.058885,77.378665,81.058885,False,34406,774,60,1636
3570,1854,Mastercard,Credit,5510232749503632,06/2020,400,YES,1,7200,06/2013,2013,No,2013-06-01,24162,1391.21712,1327.1371199999999,1391.21712,84069.84,12.0,1391.21712,1327.1371199999999,1391.21712,True,48337,625,48,70603
3585,1854,Mastercard,Debit,5821737939719970,07/2021,620,YES,1,22975,06/2014,2014,No,2014-06-01,24174,123.404325,120.04432499999999,123.404325,33998.65,12.0,123.404325,120.04432499999999,123.404325,False,48337,625,48,70603
2786,1616,Visa,Debit,4474440079220409,10/2022,166,NO,1,56039,04/2018,2018,No,2018-04-01,24220,56.252720000000004,54.51272,56.252720000000004,12980.44,12.0,56.252720000000004,54.51272,56.252720000000004,False,94260,815,48,39326
2730,1616,Mastercard,Debit,5724240961290015,12/2023,700,YES,1,28861,04/2014,2014,No,2014-04-01,24172,102.304115,97.674115,102.304115,27740.23,12.0,102.304115,97.674115,102.304115,False,94260,815,48,39326
6066,1284,Amex,Credit,358690297708537,03/2018,877,YES,2,10800,12/2012,2012,No,2012-12-01,24156,416.78028,408.14027999999996,416.78028,24631.46,12.0,511.78028,503.14027999999996,511.78028,False,39947,765,50,57346
4053,1735,Amex,Credit,370616632244142,06/2018,911,NO,2,5600,07/2017,2017,No,2017-07-01,24211,92.9754,80.3754,92.9754,5466.3,12.0,187.97539999999998,175.3754,187.97539999999998,False,36583,614,56,56310
4805,1528,Visa,Debit (Prepaid),4653783977944705,02/2024,233,YES,1,107,09/2010,2015,No,2010-09-01,24129,0.0,0.0,94.46346,18252.92,12.0,0.0,0.0,94.46346,False,27992,695,78,1058
4845,1528,Visa,Credit,4723544766031693,04/2024,305,YES,2,7800,09/2012,2012,No,2012-09-01,24153,344.33262,82.97261999999999,344.33262,20123.59,12.0,344.33262,82.97261999999999,344.33262,False,27992,695,78,1058
2285,97,Mastercard,Debit,5447193146031175,12/2023,290,YES,2,9956,03/2011,2011,No,2011-03-01,24135,0.0,0.0,0.0,0.0,0.0,0.0,0.0,0.0,True,32952,765,69,5077
3180,31,Mastercard,Debit,5325590478347304,04/2020,663,YES,2,25702,05/2016,2016,No,2016-05-01,24197,0.0,0.0,0.0,0.0,0.0,0.0,0.0,0.0,False,45570,712,51,0
3622,31,Mastercard,Debit,5418724960148500,09/2019,758,YES,1,15435,06/2017,2017,No,2017-06-01,24210,0.0,0.0,0.0,0.0,0.0,0.0,0.0,0.0,False,45570,712,51,0
5594,31,Amex,Credit,314393148415045,12/2023,772,YES,2,11500,11/2010,2010,No,2010-11-01,24131,0.0,0.0,0.0,0.0,0.0,95.0,95.0,95.0,True,45570,712,51,0
1295,1240,Visa,Credit,4212472982412282,03/2023,449,YES,1,4000,02/2011,2011,No,2011-02-01,24134,258.80688,258.80688,258.80688,17851.16,12.0,258.80688,258.80688,258.80688,False,31814,693,56,43140
1361,1240,Visa,Debit,4140779954294938,11/2022,794,YES,2,16638,02/2015,2015,No,2015-02-01,24182,67.02166,67.02166,67.02166,9671.32,12.0,67.02166,67.02166,67.02166,False,31814,693,56,43140
3562,932,Amex,Credit,313704088925690,09/2021,425,YES,2,6100,06/2013,2013,No,2013-06-01,24162,175.87529999999998,175.15529999999998,175.87529999999998,10032.85,12.0,270.8753,270.1553,270.8753,False,34172,811,67,71366
5294,647,Mastercard,Debit,5777074368748266,07/2018,895,YES,2,15512,10/2014,2014,No,2014-10-01,24178,245.855065,245.855065,245.855065,44976.13,12.0,245.855065,245.855065,245.855065,True,26900,758,31,74083
4460,647,Visa,Debit,4736880733497138,06/2022,632,YES,2,8332,08/2016,2016,No,2016-08-01,24200,135.482685,135.173145,135.482685,24098.37,12.0,135.482685,135.173145,135.482685,False,26900,758,31,74083
317,391,Mastercard,Debit,5396719740758943,08/2021,596,YES,1,23152,01/2013,2013,No,2013-01-01,24157,20.298795,19.558795,20.298795,4709.59,12.0,20.298795,19.558795,20.298795,False,35270,731,85,1769
3488,391,Mastercard,Debit,5021628982108623,08/2024,87,YES,1,11812,06/2010,2010,No,2010-06-01,24126,42.707845,40.187844999999996,42.707845,10812.69,12.0,42.707845,40.187844999999996,42.707845,False,35270,731,85,1769
3616,391,Visa,Debit,4239166872169819,01/2020,156,YES,2,12483,06/2016,2016,No,2016-06-01,24198,18.673325,17.943325,18.673325,3503.65,12.0,18.673325,17.943325,18.673325,False,35270,731,85,1769
263,986,Visa,Debit,4351221158003580,08/2012,302,YES,2,27317,01/2010,2010,No,2010-01-01,24121,93.1617,90.4217,93.1617,8817.4,12.0,93.1617,90.4217,93.1617,False,48010,703,32,87837
5295,1944,Mastercard,Debit,5345225563130049,06/2018,321,NO,2,19756,10/2014,2014,No,2014-10-01,24178,50.26011,48.18011,50.26011,7686.22,12.0,50.26011,48.18011,50.26011,False,49378,740,62,104480
1304,1944,Mastercard,Debit,5867403593584849,01/2022,493,NO,1,17116,02/2012,2012,No,2012-02-01,24146,62.33055,60.22055,62.33055,9636.53,12.0,62.33055,60.22055,62.33055,False,49378,740,62,104480
4046,185,Mastercard,Debit,5916545236079509,07/2024,314,YES,1,16415,07/2016,2016,No,2016-07-01,24199,185.765715,180.50571499999998,185.765715,14879.43,12.0,185.765715,180.50571499999998,185.765715,False,30942,779,47,71066
2711,185,Visa,Credit,4718517475996018,01/2021,492,YES,2,5700,04/2012,2012,No,2012-04-01,24148,265.60404,259.48404,265.60404,16550.78,12.0,265.60404,259.48404,265.60404,False,30942,779,47,71066
1305,1007,Mastercard,Credit,5929512204765914,08/2020,237,NO,2,9200,02/2012,2012,No,2012-02-01,24146,0.0,0.0,0.0,0.0,0.0,0.0,0.0,0.0,True,54654,618,66,27241
3199,1110,Visa,Credit,4994011318343994,12/2020,120,YES,1,14400,05/2017,2017,No,2017-05-01,24209,0.0,0.0,0.0,0.0,0.0,0.0,0.0,0.0,True,65909,673,21,181261
