date,cohort,rows,purchases,purchase_volume,refunds,refund_volume,failed
2018-01-01,existing,4104,3807,177116.39,226,30477.0,68
2018-01-01,campaign,0,0,0.0,0,0.0,0
2018-01-01,post,0,0,0.0,0,0.0,0
2018-01-01,later,0,0,0.0,0,0.0,0
2018-01-02,existing,3486,3286,166388.16,146,12119.0,50
2018-01-02,campaign,0,0,0.0,0,0.0,0
2018-01-02,post,0,0,0.0,0,0.0,0
2018-01-02,later,0,0,0.0,0,0.0,0
2018-01-03,existing,3908,3667,175094.78,182,14275.0,57
2018-01-03,campaign,0,0,0.0,0,0.0,0
2018-01-03,post,0,0,0.0,0,0.0,0
2018-01-03,later,0,0,0.0,0,0.0,0
2018-01-04,existing,3881,3639,177372.19,176,14686.0,61
2018-01-04,campaign,0,0,0.0,0,0.0,0
2018-01-04,post,0,0,0.0,0,0.0,0
2018-01-04,later,0,0,0.0,0,0.0,0
2018-01-05,existing,3917,3677,180924.07,173,14746.0,65
2018-01-05,campaign,0,0,0.0,0,0.0,0
2018-01-05,post,0,0,0.0,0,0.0,0
2018-01-05,later,0,0,0.0,0,0.0,0
2018-01-06,existing,3883,3635,171133.54,195,17574.0,51
2018-01-06,campaign,0,0,0.0,0,0.0,0
2018-01-06,post,0,0,0.0,0,0.0,0
2018-01-06,later,0,0,0.0,0,0.0,0
2018-01-07,existing,4010,3744,189516.53,205,19648.0,58
2018-01-07,campaign,0,0,0.0,0,0.0,0
2018-01-07,post,0,0,0.0,0,0.0,0
2018-01-07,later,0,0,0.0,0,0.0,0
2018-01-08,existing,3491,3296,176520.26,145,13991.15,48
2018-01-08,campaign,0,0,0.0,0,0.0,0
2018-01-08,post,0,0,0.0,0,0.0,0
2018-01-08,later,0,0,0.0,0,0.0,0
2018-01-09,existing,3600,3334,184793.28,204,29272.0,59
2018-01-09,campaign,0,0,0.0,0,0.0,0
2018-01-09,post,0,0,0.0,0,0.0,0
2018-01-09,later,0,0,0.0,0,0.0,0
2018-01-10,existing,4042,3792,184316.57,173,16561.0,75
2018-01-10,campaign,0,0,0.0,0,0.0,0
2018-01-10,post,0,0,0.0,0,0.0,0
2018-01-10,later,0,0,0.0,0,0.0,0
2018-01-11,existing,3857,3604,173945.65,184,15561.0,68
2018-01-11,campaign,0,0,0.0,0,0.0,0
2018-01-11,post,0,0,0.0,0,0.0,0
2018-01-11,later,0,0,0.0,0,0.0,0
2018-01-12,existing,3873,3629,172560.45,174,16687.0,67
2018-01-12,campaign,0,0,0.0,0,0.0,0
2018-01-12,post,0,0,0.0,0,0.0,0
2018-01-12,later,0,0,0.0,0,0.0,0
2018-01-13,existing,3868,3649,170031.75,168,14678.0,49
2018-01-13,campaign,0,0,0.0,0,0.0,0
2018-01-13,post,0,0,0.0,0,0.0,0
2018-01-13,later,0,0,0.0,0,0.0,0
2018-01-14,existing,3915,3680,180564.87,174,14653.0,59
2018-01-14,campaign,0,0,0.0,0,0.0,0
2018-01-14,post,0,0,0.0,0,0.0,0
2018-01-14,later,0,0,0.0,0,0.0,0
2018-01-15,existing,3590,3367,175700.43,151,15159.0,67
2018-01-15,campaign,0,0,0.0,0,0.0,0
2018-01-15,post,0,0,0.0,0,0.0,0
2018-01-15,later,0,0,0.0,0,0.0,0
2018-01-16,existing,3640,3396,173123.8,177,25369.0,59
2018-01-16,campaign,0,0,0.0,0,0.0,0
2018-01-16,post,0,0,0.0,0,0.0,0
2018-01-16,later,0,0,0.0,0,0.0,0
2018-01-17,existing,3967,3738,159762.95,167,14014.0,59
2018-01-17,campaign,0,0,0.0,0,0.0,0
2018-01-17,post,0,0,0.0,0,0.0,0
2018-01-17,later,0,0,0.0,0,0.0,0
2018-01-18,existing,3909,3647,174579.77,189,18232.0,70
2018-01-18,campaign,0,0,0.0,0,0.0,0
2018-01-18,post,0,0,0.0,0,0.0,0
2018-01-18,later,0,0,0.0,0,0.0,0
2018-01-19,existing,3916,3680,171451.14,173,14393.0,59
2018-01-19,campaign,0,0,0.0,0,0.0,0
2018-01-19,post,0,0,0.0,0,0.0,0
2018-01-19,later,0,0,0.0,0,0.0,0
2018-01-20,existing,3998,3747,181855.05,181,16420.0,65
2018-01-20,campaign,0,0,0.0,0,0.0,0
2018-01-20,post,0,0,0.0,0,0.0,0
2018-01-20,later,0,0,0.0,0,0.0,0
2018-01-21,existing,3972,3718,190013.55,190,18471.74,59
2018-01-21,campaign,0,0,0.0,0,0.0,0
2018-01-21,post,0,0,0.0,0,0.0,0
2018-01-21,later,0,0,0.0,0,0.0,0
2018-01-22,existing,3574,3373,173900.2,149,12942.0,50
2018-01-22,campaign,0,0,0.0,0,0.0,0
2018-01-22,post,0,0,0.0,0,0.0,0
2018-01-22,later,0,0,0.0,0,0.0,0
2018-01-23,existing,3665,3402,184730.75,214,33024.0,46
2018-01-23,campaign,0,0,0.0,0,0.0,0
2018-01-23,post,0,0,0.0,0,0.0,0
2018-01-23,later,0,0,0.0,0,0.0,0
2018-01-24,existing,4029,3780,174244.9,189,16808.0,59
2018-01-24,campaign,0,0,0.0,0,0.0,0
2018-01-24,post,0,0,0.0,0,0.0,0
2018-01-24,later,0,0,0.0,0,0.0,0
2018-01-25,existing,4024,3754,181176.28,197,18704.0,69
2018-01-25,campaign,0,0,0.0,0,0.0,0
2018-01-25,post,0,0,0.0,0,0.0,0
2018-01-25,later,0,0,0.0,0,0.0,0
2018-01-26,existing,4000,3739,188738.22,196,17009.0,62
2018-01-26,campaign,0,0,0.0,0,0.0,0
2018-01-26,post,0,0,0.0,0,0.0,0
2018-01-26,later,0,0,0.0,0,0.0,0
2018-01-27,existing,3853,3610,170237.83,178,14493.53,65
2018-01-27,campaign,0,0,0.0,0,0.0,0
2018-01-27,post,0,0,0.0,0,0.0,0
2018-01-27,later,0,0,0.0,0,0.0,0
2018-01-28,existing,3971,3710,190234.26,207,19664.0,49
2018-01-28,campaign,0,0,0.0,0,0.0,0
2018-01-28,post,0,0,0.0,0,0.0,0
2018-01-28,later,0,0,0.0,0,0.0,0
2018-01-29,existing,3611,3396,175237.86,154,13193.0,59
2018-01-29,campaign,0,0,0.0,0,0.0,0
2018-01-29,post,0,0,0.0,0,0.0,0
2018-01-29,later,0,0,0.0,0,0.0,0
2018-01-30,existing,3658,3401,185022.54,206,30912.0,49
2018-01-30,campaign,0,0,0.0,0,0.0,0
2018-01-30,post,0,0,0.0,0,0.0,0
2018-01-30,later,0,0,0.0,0,0.0,0
2018-01-31,existing,3856,3586,168201.33,197,16535.0,68
2018-01-31,campaign,0,0,0.0,0,0.0,0
2018-01-31,post,0,0,0.0,0,0.0,0
2018-01-31,later,0,0,0.0,0,0.0,0
2018-02-01,existing,3893,3669,174858.52,162,14408.0,60
2018-02-01,campaign,0,0,0.0,0,0.0,0
2018-02-01,post,0,0,0.0,0,0.0,0
2018-02-01,later,0,0,0.0,0,0.0,0
2018-02-02,existing,3860,3605,173791.05,189,17347.0,64
2018-02-02,campaign,0,0,0.0,0,0.0,0
2018-02-02,post,0,0,0.0,0,0.0,0
2018-02-02,later,0,0,0.0,0,0.0,0
2018-02-03,existing,3937,3682,181942.23,196,22698.0,57
2018-02-03,campaign,0,0,0.0,0,0.0,0
2018-02-03,post,0,0,0.0,0,0.0,0
2018-02-03,later,0,0,0.0,0,0.0,0
2018-02-04,existing,3941,3678,187375.49,190,20181.0,69
2018-02-04,campaign,0,0,0.0,0,0.0,0
2018-02-04,post,0,0,0.0,0,0.0,0
2018-02-04,later,0,0,0.0,0,0.0,0
2018-02-05,existing,3528,3308,184253.57,156,15543.0,62
2018-02-05,campaign,0,0,0.0,0,0.0,0
2018-02-05,post,0,0,0.0,0,0.0,0
2018-02-05,later,0,0,0.0,0,0.0,0
2018-02-06,existing,3588,3314,182632.08,202,32792.0,69
2018-02-06,campaign,0,0,0.0,0,0.0,0
2018-02-06,post,0,0,0.0,0,0.0,0
2018-02-06,later,0,0,0.0,0,0.0,0
2018-02-07,existing,3972,3711,177794.56,199,18866.0,60
2018-02-07,campaign,0,0,0.0,0,0.0,0
2018-02-07,post,0,0,0.0,0,0.0,0
2018-02-07,later,0,0,0.0,0,0.0,0
2018-02-08,existing,3796,3570,173569.63,172,14130.0,52
2018-02-08,campaign,0,0,0.0,0,0.0,0
2018-02-08,post,0,0,0.0,0,0.0,0
2018-02-08,later,0,0,0.0,0,0.0,0
2018-02-09,existing,3869,3611,174519.69,194,17200.0,61
2018-02-09,campaign,0,0,0.0,0,0.0,0
2018-02-09,post,0,0,0.0,0,0.0,0
2018-02-09,later,0,0,0.0,0,0.0,0
2018-02-10,existing,3923,3661,178728.02,200,18869.0,59
2018-02-10,campaign,0,0,0.0,0,0.0,0
2018-02-10,post,0,0,0.0,0,0.0,0
2018-02-10,later,0,0,0.0,0,0.0,0
2018-02-11,existing,3965,3697,198245.04,198,16963.0,68
2018-02-11,campaign,0,0,0.0,0,0.0,0
2018-02-11,post,0,0,0.0,0,0.0,0
2018-02-11,later,0,0,0.0,0,0.0,0
2018-02-12,existing,3486,3259,173854.79,158,15779.0,64
2018-02-12,campaign,0,0,0.0,0,0.0,0
2018-02-12,post,0,0,0.0,0,0.0,0
2018-02-12,later,0,0,0.0,0,0.0,0
2018-02-13,existing,3579,3317,177961.82,206,33582.0,55
2018-02-13,campaign,0,0,0.0,0,0.0,0
2018-02-13,post,0,0,0.0,0,0.0,0
2018-02-13,later,0,0,0.0,0,0.0,0
2018-02-14,existing,3846,3647,171080.21,151,12809.0,43
2018-02-14,campaign,0,0,0.0,0,0.0,0
2018-02-14,post,0,0,0.0,0,0.0,0
2018-02-14,later,0,0,0.0,0,0.0,0
2018-02-15,existing,3931,3713,188998.32,175,17051.0,40
2018-02-15,campaign,0,0,0.0,0,0.0,0
2018-02-15,post,0,0,0.0,0,0.0,0
2018-02-15,later,0,0,0.0,0,0.0,0
2018-02-16,existing,3885,3621,181189.73,198,20282.0,61
2018-02-16,campaign,0,0,0.0,0,0.0,0
2018-02-16,post,0,0,0.0,0,0.0,0
2018-02-16,later,0,0,0.0,0,0.0,0
2018-02-17,existing,3852,3597,171583.48,191,16776.0,60
2018-02-17,campaign,0,0,0.0,0,0.0,0
2018-02-17,post,0,0,0.0,0,0.0,0
2018-02-17,later,0,0,0.0,0,0.0,0
2018-02-18,existing,3963,3699,189810.68,195,16837.0,63
2018-02-18,campaign,0,0,0.0,0,0.0,0
2018-02-18,post,0,0,0.0,0,0.0,0
2018-02-18,later,0,0,0.0,0,0.0,0
2018-02-19,existing,3381,3198,174139.98,141,13870.0,40
2018-02-19,campaign,0,0,0.0,0,0.0,0
2018-02-19,post,0,0,0.0,0,0.0,0
2018-02-19,later,0,0,0.0,0,0.0,0
2018-02-20,existing,3563,3305,180682.47,197,29663.0,57
2018-02-20,campaign,0,0,0.0,0,0.0,0
2018-02-20,post,0,0,0.0,0,0.0,0
2018-02-20,later,0,0,0.0,0,0.0,0
2018-02-21,existing,4105,3850,169848.89,189,16683.0,64
2018-02-21,campaign,0,0,0.0,0,0.0,0
2018-02-21,post,0,0,0.0,0,0.0,0
2018-02-21,later,0,0,0.0,0,0.0,0
2018-02-22,existing,3910,3674,173663.6,175,15569.0,58
2018-02-22,campaign,0,0,0.0,0,0.0,0
2018-02-22,post,0,0,0.0,0,0.0,0
2018-02-22,later,0,0,0.0,0,0.0,0
2018-02-23,existing,3969,3710,172479.5,196,16664.0,59
2018-02-23,campaign,0,0,0.0,0,0.0,0
2018-02-23,post,0,0,0.0,0,0.0,0
2018-02-23,later,0,0,0.0,0,0.0,0
2018-02-24,existing,3899,3670,174994.11,177,15621.0,51
2018-02-24,campaign,0,0,0.0,0,0.0,0
2018-02-24,post,0,0,0.0,0,0.0,0
2018-02-24,later,0,0,0.0,0,0.0,0
2018-02-25,existing,3975,3689,193579.26,193,18185.0,91
2018-02-25,campaign,0,0,0.0,0,0.0,0
2018-02-25,post,0,0,0.0,0,0.0,0
2018-02-25,later,0,0,0.0,0,0.0,0
2018-02-26,existing,3642,3387,184676.7,172,14594.0,79
2018-02-26,campaign,0,0,0.0,0,0.0,0
2018-02-26,post,0,0,0.0,0,0.0,0
2018-02-26,later,0,0,0.0,0,0.0,0
2018-02-27,existing,3621,3356,177654.37,204,33784.0,60
2018-02-27,campaign,0,0,0.0,0,0.0,0
2018-02-27,post,0,0,0.0,0,0.0,0
2018-02-27,later,0,0,0.0,0,0.0,0
2018-02-28,existing,3900,3654,176259.06,176,15958.0,67
2018-02-28,campaign,0,0,0.0,0,0.0,0
2018-02-28,post,0,0,0.0,0,0.0,0
2018-02-28,later,0,0,0.0,0,0.0,0
2018-03-01,existing,3861,3637,174076.82,180,18426.0,42
2018-03-01,campaign,0,0,0.0,0,0.0,0
2018-03-01,post,0,0,0.0,0,0.0,0
2018-03-01,later,0,0,0.0,0,0.0,0
2018-03-02,existing,3930,3684,180249.04,187,16084.0,57
2018-03-02,campaign,0,0,0.0,0,0.0,0
2018-03-02,post,0,0,0.0,0,0.0,0
2018-03-02,later,0,0,0.0,0,0.0,0
2018-03-03,existing,3971,3717,183381.24,189,18135.0,63
2018-03-03,campaign,0,0,0.0,0,0.0,0
2018-03-03,post,0,0,0.0,0,0.0,0
2018-03-03,later,0,0,0.0,0,0.0,0
2018-03-04,existing,3930,3670,190435.78,189,17789.0,66
2018-03-04,campaign,0,0,0.0,0,0.0,0
2018-03-04,post,0,0,0.0,0,0.0,0
2018-03-04,later,0,0,0.0,0,0.0,0
2018-03-05,existing,3482,3283,170031.23,145,13265.0,51
2018-03-05,campaign,0,0,0.0,0,0.0,0
2018-03-05,post,0,0,0.0,0,0.0,0
2018-03-05,later,0,0,0.0,0,0.0,0
2018-03-06,existing,3726,3442,184813.64,209,35220.0,72
2018-03-06,campaign,0,0,0.0,0,0.0,0
2018-03-06,post,0,0,0.0,0,0.0,0
2018-03-06,later,0,0,0.0,0,0.0,0
2018-03-07,existing,3926,3677,177575.46,194,19202.0,53
2018-03-07,campaign,0,0,0.0,0,0.0,0
2018-03-07,post,0,0,0.0,0,0.0,0
2018-03-07,later,0,0,0.0,0,0.0,0
2018-03-08,existing,3976,3711,183696.82,206,17935.0,58
2018-03-08,campaign,0,0,0.0,0,0.0,0
2018-03-08,post,0,0,0.0,0,0.0,0
2018-03-08,later,0,0,0.0,0,0.0,0
2018-03-09,existing,3946,3697,175617.86,182,16379.0,60
2018-03-09,campaign,0,0,0.0,0,0.0,0
2018-03-09,post,0,0,0.0,0,0.0,0
2018-03-09,later,0,0,0.0,0,0.0,0
2018-03-10,existing,3902,3672,176833.31,181,15892.0,47
2018-03-10,campaign,0,0,0.0,0,0.0,0
2018-03-10,post,0,0,0.0,0,0.0,0
2018-03-10,later,0,0,0.0,0,0.0,0
2018-03-11,existing,3855,3608,183609.77,175,16709.0,69
2018-03-11,campaign,0,0,0.0,0,0.0,0
2018-03-11,post,0,0,0.0,0,0.0,0
2018-03-11,later,0,0,0.0,0,0.0,0
2018-03-12,existing,3475,3280,173879.02,139,12696.0,49
2018-03-12,campaign,0,0,0.0,0,0.0,0
2018-03-12,post,0,0,0.0,0,0.0,0
2018-03-12,later,0,0,0.0,0,0.0,0
2018-03-13,existing,3599,3351,184109.33,190,29119.0,57
2018-03-13,campaign,0,0,0.0,0,0.0,0
2018-03-13,post,0,0,0.0,0,0.0,0
2018-03-13,later,0,0,0.0,0,0.0,0
2018-03-14,existing,3867,3620,173234.89,187,19196.0,57
2018-03-14,campaign,0,0,0.0,0,0.0,0
2018-03-14,post,0,0,0.0,0,0.0,0
2018-03-14,later,0,0,0.0,0,0.0,0
2018-03-15,existing,3893,3637,178088.56,192,16321.0,60
2018-03-15,campaign,0,0,0.0,0,0.0,0
2018-03-15,post,0,0,0.0,0,0.0,0
2018-03-15,later,0,0,0.0,0,0.0,0
2018-03-16,existing,3864,3609,178826.98,185,17409.0,67
2018-03-16,campaign,0,0,0.0,0,0.0,0
2018-03-16,post,0,0,0.0,0,0.0,0
2018-03-16,later,0,0,0.0,0,0.0,0
2018-03-17,existing,3840,3585,169768.94,179,16200.0,71
2018-03-17,campaign,0,0,0.0,0,0.0,0
2018-03-17,post,0,0,0.0,0,0.0,0
2018-03-17,later,0,0,0.0,0,0.0,0
2018-03-18,existing,3857,3618,183928.07,175,17893.0,62
2018-03-18,campaign,0,0,0.0,0,0.0,0
2018-03-18,post,0,0,0.0,0,0.0,0
2018-03-18,later,0,0,0.0,0,0.0,0
2018-03-19,existing,3518,3301,172321.33,159,16486.0,56
2018-03-19,campaign,0,0,0.0,0,0.0,0
2018-03-19,post,0,0,0.0,0,0.0,0
2018-03-19,later,0,0,0.0,0,0.0,0
2018-03-20,existing,3665,3401,180932.52,192,27486.0,69
2018-03-20,campaign,0,0,0.0,0,0.0,0
2018-03-20,post,0,0,0.0,0,0.0,0
2018-03-20,later,0,0,0.0,0,0.0,0
2018-03-21,existing,3971,3715,173383.55,182,15589.0,71
2018-03-21,campaign,0,0,0.0,0,0.0,0
2018-03-21,post,0,0,0.0,0,0.0,0
2018-03-21,later,0,0,0.0,0,0.0,0
2018-03-22,existing,3954,3683,174623.88,193,18696.0,73
2018-03-22,campaign,0,0,0.0,0,0.0,0
2018-03-22,post,0,0,0.0,0,0.0,0
2018-03-22,later,0,0,0.0,0,0.0,0
2018-03-23,existing,3931,3674,179504.23,180,17117.0,74
2018-03-23,campaign,0,0,0.0,0,0.0,0
2018-03-23,post,0,0,0.0,0,0.0,0
2018-03-23,later,0,0,0.0,0,0.0,0
2018-03-24,existing,3969,3718,175898.83,189,16561.0,56
2018-03-24,campaign,0,0,0.0,0,0.0,0
2018-03-24,post,0,0,0.0,0,0.0,0
2018-03-24,later,0,0,0.0,0,0.0,0
2018-03-25,existing,3945,3692,186059.9,196,18253.0,57
2018-03-25,campaign,0,0,0.0,0,0.0,0
2018-03-25,post,0,0,0.0,0,0.0,0
2018-03-25,later,0,0,0.0,0,0.0,0
2018-03-26,existing,3447,3258,167819.56,134,12994.0,52
2018-03-26,campaign,0,0,0.0,0,0.0,0
2018-03-26,post,0,0,0.0,0,0.0,0
2018-03-26,later,0,0,0.0,0,0.0,0
2018-03-27,existing,3615,3349,188965.5,205,30129.21,57
2018-03-27,campaign,0,0,0.0,0,0.0,0
2018-03-27,post,0,0,0.0,0,0.0,0
2018-03-27,later,0,0,0.0,0,0.0,0
2018-03-28,existing,3910,3676,175176.95,171,15584.0,58
2018-03-28,campaign,0,0,0.0,0,0.0,0
2018-03-28,post,0,0,0.0,0,0.0,0
2018-03-28,later,0,0,0.0,0,0.0,0
2018-03-29,existing,3926,3680,180881.46,178,14800.0,64
2018-03-29,campaign,0,0,0.0,0,0.0,0
2018-03-29,post,0,0,0.0,0,0.0,0
2018-03-29,later,0,0,0.0,0,0.0,0
2018-03-30,existing,3849,3618,173568.78,170,15178.0,57
2018-03-30,campaign,0,0,0.0,0,0.0,0
2018-03-30,post,0,0,0.0,0,0.0,0
2018-03-30,later,0,0,0.0,0,0.0,0
2018-03-31,existing,3991,3736,176871.11,189,16744.0,63
2018-03-31,campaign,0,0,0.0,0,0.0,0
2018-03-31,post,0,0,0.0,0,0.0,0
2018-03-31,later,0,0,0.0,0,0.0,0
2018-04-01,existing,3900,3687,194189.82,166,15416.0,46
2018-04-01,campaign,0,0,0.0,0,0.0,0
2018-04-01,post,0,0,0.0,0,0.0,0
2018-04-01,later,0,0,0.0,0,0.0,0
2018-04-02,existing,3511,3297,172635.76,144,14350.0,67
2018-04-02,campaign,0,0,0.0,0,0.0,0
2018-04-02,post,0,0,0.0,0,0.0,0
2018-04-02,later,0,0,0.0,0,0.0,0
2018-04-03,existing,3702,3413,189540.06,206,32781.0,82
2018-04-03,campaign,0,0,0.0,0,0.0,0
2018-04-03,post,0,0,0.0,0,0.0,0
2018-04-03,later,0,0,0.0,0,0.0,0
2018-04-04,existing,3906,3654,172034.58,180,16499.0,72
2018-04-04,campaign,0,0,0.0,0,0.0,0
2018-04-04,post,0,0,0.0,0,0.0,0
2018-04-04,later,0,0,0.0,0,0.0,0
2018-04-05,existing,3977,3720,174863.17,198,17577.0,57
2018-04-05,campaign,0,0,0.0,0,0.0,0
2018-04-05,post,0,0,0.0,0,0.0,0
2018-04-05,later,0,0,0.0,0,0.0,0
2018-04-06,existing,3940,3705,179087.66,172,15997.0,61
2018-04-06,campaign,0,0,0.0,0,0.0,0
2018-04-06,post,0,0,0.0,0,0.0,0
2018-04-06,later,0,0,0.0,0,0.0,0
2018-04-07,existing,4008,3753,183020.24,188,16207.0,62
2018-04-07,campaign,0,0,0.0,0,0.0,0
2018-04-07,post,0,0,0.0,0,0.0,0
2018-04-07,later,0,0,0.0,0,0.0,0
2018-04-08,existing,3997,3757,183800.43,179,16121.0,58
2018-04-08,campaign,0,0,0.0,0,0.0,0
2018-04-08,post,0,0,0.0,0,0.0,0
2018-04-08,later,0,0,0.0,0,0.0,0
2018-04-09,existing,3536,3299,169114.4,165,17612.0,69
2018-04-09,campaign,0,0,0.0,0,0.0,0
2018-04-09,post,0,0,0.0,0,0.0,0
2018-04-09,later,0,0,0.0,0,0.0,0
2018-04-10,existing,3491,3255,165617.23,181,22001.0,54
2018-04-10,campaign,0,0,0.0,0,0.0,0
2018-04-10,post,0,0,0.0,0,0.0,0
2018-04-10,later,0,0,0.0,0,0.0,0
2018-04-11,existing,3912,3669,177605.64,181,15920.0,58
2018-04-11,campaign,0,0,0.0,0,0.0,0
2018-04-11,post,0,0,0.0,0,0.0,0
2018-04-11,later,0,0,0.0,0,0.0,0
2018-04-12,existing,3949,3713,175362.33,182,19194.0,52
2018-04-12,campaign,0,0,0.0,0,0.0,0
2018-04-12,post,0,0,0.0,0,0.0,0
2018-04-12,later,0,0,0.0,0,0.0,0
2018-04-13,existing,3940,3696,175204.15,179,19263.0,62
2018-04-13,campaign,0,0,0.0,0,0.0,0
2018-04-13,post,0,0,0.0,0,0.0,0
2018-04-13,later,0,0,0.0,0,0.0,0
2018-04-14,existing,3910,3670,166139.74,167,15619.0,71
2018-04-14,campaign,0,0,0.0,0,0.0,0
2018-04-14,post,0,0,0.0,0,0.0,0
2018-04-14,later,0,0,0.0,0,0.0,0
2018-04-15,existing,4026,3765,198754.94,203,19012.0,54
2018-04-15,campaign,0,0,0.0,0,0.0,0
2018-04-15,post,0,0,0.0,0,0.0,0
2018-04-15,later,0,0,0.0,0,0.0,0
2018-04-16,existing,3532,3326,174226.98,148,16153.0,55
2018-04-16,campaign,0,0,0.0,0,0.0,0
2018-04-16,post,0,0,0.0,0,0.0,0
2018-04-16,later,0,0,0.0,0,0.0,0
2018-04-17,existing,3671,3385,183667.83,223,33338.0,62
2018-04-17,campaign,0,0,0.0,0,0.0,0
2018-04-17,post,0,0,0.0,0,0.0,0
2018-04-17,later,0,0,0.0,0,0.0,0
2018-04-18,existing,3968,3711,179014.64,189,17824.0,67
2018-04-18,campaign,0,0,0.0,0,0.0,0
2018-04-18,post,0,0,0.0,0,0.0,0
2018-04-18,later,0,0,0.0,0,0.0,0
2018-04-19,existing,3983,3724,178932.06,192,17792.0,63
2018-04-19,campaign,0,0,0.0,0,0.0,0
2018-04-19,post,0,0,0.0,0,0.0,0
2018-04-19,later,0,0,0.0,0,0.0,0
2018-04-20,existing,3914,3674,174142.11,171,13854.0,67
2018-04-20,campaign,0,0,0.0,0,0.0,0
2018-04-20,post,0,0,0.0,0,0.0,0
2018-04-20,later,0,0,0.0,0,0.0,0
2018-04-21,existing,3868,3631,174448.92,183,16104.0,50
2018-04-21,campaign,0,0,0.0,0,0.0,0
2018-04-21,post,0,0,0.0,0,0.0,0
2018-04-21,later,0,0,0.0,0,0.0,0
2018-04-22,existing,3923,3691,188844.96,179,15186.0,51
2018-04-22,campaign,0,0,0.0,0,0.0,0
2018-04-22,post,0,0,0.0,0,0.0,0
2018-04-22,later,0,0,0.0,0,0.0,0
2018-04-23,existing,3591,3369,180195.23,168,17531.0,52
2018-04-23,campaign,0,0,0.0,0,0.0,0
2018-04-23,post,0,0,0.0,0,0.0,0
2018-04-23,later,0,0,0.0,0,0.0,0
2018-04-24,existing,3609,3372,181359.94,177,26980.0,57
2018-04-24,campaign,0,0,0.0,0,0.0,0
2018-04-24,post,0,0,0.0,0,0.0,0
2018-04-24,later,0,0,0.0,0,0.0,0
2018-04-25,existing,3981,3720,181744.83,195,18180.0,61
2018-04-25,campaign,0,0,0.0,0,0.0,0
2018-04-25,post,0,0,0.0,0,0.0,0
2018-04-25,later,0,0,0.0,0,0.0,0
2018-04-26,existing,3896,3652,175153.08,185,17306.0,56
2018-04-26,campaign,0,0,0.0,0,0.0,0
2018-04-26,post,0,0,0.0,0,0.0,0
2018-04-26,later,0,0,0.0,0,0.0,0
2018-04-27,existing,3865,3613,173355.29,186,17576.0,62
2018-04-27,campaign,0,0,0.0,0,0.0,0
2018-04-27,post,0,0,0.0,0,0.0,0
2018-04-27,later,0,0,0.0,0,0.0,0
2018-04-28,existing,3868,3626,177167.29,173,17356.84,66
2018-04-28,campaign,0,0,0.0,0,0.0,0
2018-04-28,post,0,0,0.0,0,0.0,0
2018-04-28,later,0,0,0.0,0,0.0,0
2018-04-29,existing,3939,3684,192352.65,189,16872.0,65
2018-04-29,campaign,0,0,0.0,0,0.0,0
2018-04-29,post,0,0,0.0,0,0.0,0
2018-04-29,later,0,0,0.0,0,0.0,0
2018-04-30,existing,3414,3205,172692.45,147,14612.0,57
2018-04-30,campaign,0,0,0.0,0,0.0,0
2018-04-30,post,0,0,0.0,0,0.0,0
2018-04-30,later,0,0,0.0,0,0.0,0
2018-05-01,existing,3598,3336,184228.37,205,32033.0,52
2018-05-01,campaign,0,0,0.0,0,0.0,0
2018-05-01,post,0,0,0.0,0,0.0,0
2018-05-01,later,0,0,0.0,0,0.0,0
2018-05-02,existing,3789,3526,162756.35,175,16042.0,85
2018-05-02,campaign,0,0,0.0,0,0.0,0
2018-05-02,post,0,0,0.0,0,0.0,0
2018-05-02,later,0,0,0.0,0,0.0,0
2018-05-03,existing,3963,3713,176965.53,196,16324.0,54
2018-05-03,campaign,0,0,0.0,0,0.0,0
2018-05-03,post,0,0,0.0,0,0.0,0
2018-05-03,later,0,0,0.0,0,0.0,0
2018-05-04,existing,3967,3702,178025.06,198,18362.0,60
2018-05-04,campaign,0,0,0.0,0,0.0,0
2018-05-04,post,0,0,0.0,0,0.0,0
2018-05-04,later,0,0,0.0,0,0.0,0
2018-05-05,existing,3856,3622,176468.13,178,15515.0,54
2018-05-05,campaign,0,0,0.0,0,0.0,0
2018-05-05,post,0,0,0.0,0,0.0,0
2018-05-05,later,0,0,0.0,0,0.0,0
2018-05-06,existing,4006,3753,186630.78,182,17356.0,68
2018-05-06,campaign,0,0,0.0,0,0.0,0
2018-05-06,post,0,0,0.0,0,0.0,0
2018-05-06,later,0,0,0.0,0,0.0,0
2018-05-07,existing,3521,3319,165692.52,146,12998.0,55
2018-05-07,campaign,0,0,0.0,0,0.0,0
2018-05-07,post,0,0,0.0,0,0.0,0
2018-05-07,later,0,0,0.0,0,0.0,0
2018-05-08,existing,3517,3248,177170.4,190,27138.0,76
2018-05-08,campaign,0,0,0.0,0,0.0,0
2018-05-08,post,0,0,0.0,0,0.0,0
2018-05-08,later,0,0,0.0,0,0.0,0
2018-05-09,existing,4012,3749,182542.42,203,18575.0,57
2018-05-09,campaign,0,0,0.0,0,0.0,0
2018-05-09,post,0,0,0.0,0,0.0,0
2018-05-09,later,0,0,0.0,0,0.0,0
2018-05-10,existing,3865,3622,187293.72,183,15263.0,58
2018-05-10,campaign,0,0,0.0,0,0.0,0
2018-05-10,post,0,0,0.0,0,0.0,0
2018-05-10,later,0,0,0.0,0,0.0,0
2018-05-11,existing,3929,3679,175787.1,171,13404.0,76
2018-05-11,campaign,0,0,0.0,0,0.0,0
2018-05-11,post,0,0,0.0,0,0.0,0
2018-05-11,later,0,0,0.0,0,0.0,0
2018-05-12,existing,3825,3573,173387.73,189,17910.0,62
2018-05-12,campaign,0,0,0.0,0,0.0,0
2018-05-12,post,0,0,0.0,0,0.0,0
2018-05-12,later,0,0,0.0,0,0.0,0
2018-05-13,existing,4006,3749,190099.28,206,19103.0,50
2018-05-13,campaign,0,0,0.0,0,0.0,0
2018-05-13,post,0,0,0.0,0,0.0,0
2018-05-13,later,0,0,0.0,0,0.0,0
2018-05-14,existing,3401,3204,170421.87,142,14973.0,52
2018-05-14,campaign,0,0,0.0,0,0.0,0
2018-05-14,post,0,0,0.0,0,0.0,0
2018-05-14,later,0,0,0.0,0,0.0,0
2018-05-15,existing,3543,3271,175635.43,196,28147.0,73
2018-05-15,campaign,0,0,0.0,0,0.0,0
2018-05-15,post,0,0,0.0,0,0.0,0
2018-05-15,later,0,0,0.0,0,0.0,0
2018-05-16,existing,3908,3653,175074.79,188,19301.0,63
2018-05-16,campaign,0,0,0.0,0,0.0,0
2018-05-16,post,0,0,0.0,0,0.0,0
2018-05-16,later,0,0,0.0,0,0.0,0
2018-05-17,existing,3808,3568,175777.61,185,15758.0,54
2018-05-17,campaign,0,0,0.0,0,0.0,0
2018-05-17,post,0,0,0.0,0,0.0,0
2018-05-17,later,0,0,0.0,0,0.0,0
2018-05-18,existing,3902,3656,176266.29,178,15058.0,65
2018-05-18,campaign,0,0,0.0,0,0.0,0
2018-05-18,post,0,0,0.0,0,0.0,0
2018-05-18,later,0,0,0.0,0,0.0,0
2018-05-19,existing,3863,3623,173037.06,183,16925.0,55
2018-05-19,campaign,0,0,0.0,0,0.0,0
2018-05-19,post,0,0,0.0,0,0.0,0
2018-05-19,later,0,0,0.0,0,0.0,0
2018-05-20,existing,3931,3673,181682.41,204,18788.0,50
2018-05-20,campaign,0,0,0.0,0,0.0,0
2018-05-20,post,0,0,0.0,0,0.0,0
2018-05-20,later,0,0,0.0,0,0.0,0
2018-05-21,existing,3504,3303,166441.56,143,13693.0,56
2018-05-21,campaign,0,0,0.0,0,0.0,0
2018-05-21,post,0,0,0.0,0,0.0,0
2018-05-21,later,0,0,0.0,0,0.0,0
2018-05-22,existing,3557,3293,180857.83,195,28731.0,64
2018-05-22,campaign,0,0,0.0,0,0.0,0
2018-05-22,post,0,0,0.0,0,0.0,0
2018-05-22,later,0,0,0.0,0,0.0,0
2018-05-23,existing,3882,3630,172155.26,181,18294.0,67
2018-05-23,campaign,0,0,0.0,0,0.0,0
2018-05-23,post,0,0,0.0,0,0.0,0
2018-05-23,later,0,0,0.0,0,0.0,0
2018-05-24,existing,3936,3659,179074.21,201,19265.0,73
2018-05-24,campaign,0,0,0.0,0,0.0,0
2018-05-24,post,0,0,0.0,0,0.0,0
2018-05-24,later,0,0,0.0,0,0.0,0
2018-05-25,existing,3811,3583,164213.71,178,16620.01,47
2018-05-25,campaign,0,0,0.0,0,0.0,0
2018-05-25,post,0,0,0.0,0,0.0,0
2018-05-25,later,0,0,0.0,0,0.0,0
2018-05-26,existing,3956,3703,180742.47,198,18422.0,53
2018-05-26,campaign,0,0,0.0,0,0.0,0
2018-05-26,post,0,0,0.0,0,0.0,0
2018-05-26,later,0,0,0.0,0,0.0,0
2018-05-27,existing,3945,3681,188305.63,204,19104.0,56
2018-05-27,campaign,0,0,0.0,0,0.0,0
2018-05-27,post,0,0,0.0,0,0.0,0
2018-05-27,later,0,0,0.0,0,0.0,0
2018-05-28,existing,3415,3236,173742.05,125,13380.0,50
2018-05-28,campaign,0,0,0.0,0,0.0,0
2018-05-28,post,0,0,0.0,0,0.0,0
2018-05-28,later,0,0,0.0,0,0.0,0
2018-05-29,existing,3635,3367,184678.93,212,30411.0,54
2018-05-29,campaign,0,0,0.0,0,0.0,0
2018-05-29,post,0,0,0.0,0,0.0,0
2018-05-29,later,0,0,0.0,0,0.0,0
2018-05-30,existing,4030,3788,165729.72,175,15097.0,64
2018-05-30,campaign,0,0,0.0,0,0.0,0
2018-05-30,post,0,0,0.0,0,0.0,0
2018-05-30,later,0,0,0.0,0,0.0,0
2018-05-31,existing,3990,3719,180605.25,189,16296.0,80
2018-05-31,campaign,0,0,0.0,0,0.0,0
2018-05-31,post,0,0,0.0,0,0.0,0
2018-05-31,later,0,0,0.0,0,0.0,0
2018-06-01,existing,3813,3596,174893.07,163,14597.0,52
2018-06-01,campaign,0,0,0.0,0,0.0,0
2018-06-01,post,0,0,0.0,0,0.0,0
2018-06-01,later,0,0,0.0,0,0.0,0
2018-06-02,existing,3874,3649,178208.01,186,16046.0,36
2018-06-02,campaign,0,0,0.0,0,0.0,0
2018-06-02,post,0,0,0.0,0,0.0,0
2018-06-02,later,0,0,0.0,0,0.0,0
2018-06-03,existing,3977,3733,185508.45,184,15795.0,59
2018-06-03,campaign,0,0,0.0,0,0.0,0
2018-06-03,post,0,0,0.0,0,0.0,0
2018-06-03,later,0,0,0.0,0,0.0,0
2018-06-04,existing,3465,3232,173537.74,169,19814.0,63
2018-06-04,campaign,0,0,0.0,0,0.0,0
2018-06-04,post,0,0,0.0,0,0.0,0
2018-06-04,later,0,0,0.0,0,0.0,0
2018-06-05,existing,3705,3437,184716.22,210,31012.0,55
2018-06-05,campaign,0,0,0.0,0,0.0,0
2018-06-05,post,0,0,0.0,0,0.0,0
2018-06-05,later,0,0,0.0,0,0.0,0
2018-06-06,existing,3981,3745,180546.74,169,16059.0,63
2018-06-06,campaign,0,0,0.0,0,0.0,0
2018-06-06,post,0,0,0.0,0,0.0,0
2018-06-06,later,0,0,0.0,0,0.0,0
2018-06-07,existing,3950,3697,177439.71,186,16283.0,65
2018-06-07,campaign,0,0,0.0,0,0.0,0
2018-06-07,post,0,0,0.0,0,0.0,0
2018-06-07,later,0,0,0.0,0,0.0,0
2018-06-08,existing,3845,3594,174949.77,181,15544.0,69
2018-06-08,campaign,0,0,0.0,0,0.0,0
2018-06-08,post,0,0,0.0,0,0.0,0
2018-06-08,later,0,0,0.0,0,0.0,0
2018-06-09,existing,3970,3701,177584.21,200,19633.0,64
2018-06-09,campaign,0,0,0.0,0,0.0,0
2018-06-09,post,0,0,0.0,0,0.0,0
2018-06-09,later,0,0,0.0,0,0.0,0
2018-06-10,existing,3930,3676,185734.45,196,17538.0,53
2018-06-10,campaign,0,0,0.0,0,0.0,0
2018-06-10,post,0,0,0.0,0,0.0,0
2018-06-10,later,0,0,0.0,0,0.0,0
2018-06-11,existing,3494,3288,172996.75,145,13267.0,59
2018-06-11,campaign,0,0,0.0,0,0.0,0
2018-06-11,post,0,0,0.0,0,0.0,0
2018-06-11,later,0,0,0.0,0,0.0,0
2018-06-12,existing,3477,3264,183762.33,151,20878.0,59
2018-06-12,campaign,0,0,0.0,0,0.0,0
2018-06-12,post,0,0,0.0,0,0.0,0
2018-06-12,later,0,0,0.0,0,0.0,0
2018-06-13,existing,3916,3671,178075.36,184,17252.73,56
2018-06-13,campaign,0,0,0.0,0,0.0,0
2018-06-13,post,0,0,0.0,0,0.0,0
2018-06-13,later,0,0,0.0,0,0.0,0
2018-06-14,existing,3983,3741,178178.67,185,16196.0,54
2018-06-14,campaign,0,0,0.0,0,0.0,0
2018-06-14,post,0,0,0.0,0,0.0,0
2018-06-14,later,0,0,0.0,0,0.0,0
2018-06-15,existing,4005,3751,180315.41,194,19823.74,60
2018-06-15,campaign,0,0,0.0,0,0.0,0
2018-06-15,post,0,0,0.0,0,0.0,0
2018-06-15,later,0,0,0.0,0,0.0,0
2018-06-16,existing,3906,3640,178291.39,197,19891.0,66
2018-06-16,campaign,0,0,0.0,0,0.0,0
2018-06-16,post,0,0,0.0,0,0.0,0
2018-06-16,later,0,0,0.0,0,0.0,0
2018-06-17,existing,3980,3725,199033.48,185,19558.0,65
2018-06-17,campaign,0,0,0.0,0,0.0,0
2018-06-17,post,0,0,0.0,0,0.0,0
2018-06-17,later,0,0,0.0,0,0.0,0
2018-06-18,existing,3593,3374,181373.36,156,16282.0,61
2018-06-18,campaign,0,0,0.0,0,0.0,0
2018-06-18,post,0,0,0.0,0,0.0,0
2018-06-18,later,0,0,0.0,0,0.0,0
2018-06-19,existing,3551,3289,173231.72,199,32312.0,59
2018-06-19,campaign,0,0,0.0,0,0.0,0
2018-06-19,post,0,0,0.0,0,0.0,0
2018-06-19,later,0,0,0.0,0,0.0,0
2018-06-20,existing,3888,3641,170789.26,182,18926.0,63
2018-06-20,campaign,0,0,0.0,0,0.0,0
2018-06-20,post,0,0,0.0,0,0.0,0
2018-06-20,later,0,0,0.0,0,0.0,0
2018-06-21,existing,3815,3569,177140.94,176,17770.0,67
2018-06-21,campaign,0,0,0.0,0,0.0,0
2018-06-21,post,0,0,0.0,0,0.0,0
2018-06-21,later,0,0,0.0,0,0.0,0
2018-06-22,existing,3876,3638,168457.37,185,15864.0,51
2018-06-22,campaign,0,0,0.0,0,0.0,0
2018-06-22,post,0,0,0.0,0,0.0,0
2018-06-22,later,0,0,0.0,0,0.0,0
2018-06-23,existing,3916,3661,178011.6,187,16855.0,66
2018-06-23,campaign,0,0,0.0,0,0.0,0
2018-06-23,post,0,0,0.0,0,0.0,0
2018-06-23,later,0,0,0.0,0,0.0,0
2018-06-24,existing,3967,3726,195865.27,187,17128.0,53
2018-06-24,campaign,0,0,0.0,0,0.0,0
2018-06-24,post,0,0,0.0,0,0.0,0
2018-06-24,later,0,0,0.0,0,0.0,0
2018-06-25,existing,3507,3314,171683.1,138,13864.0,54
2018-06-25,campaign,0,0,0.0,0,0.0,0
2018-06-25,post,0,0,0.0,0,0.0,0
2018-06-25,later,0,0,0.0,0,0.0,0
2018-06-26,existing,3699,3435,189997.99,207,32288.0,52
2018-06-26,campaign,0,0,0.0,0,0.0,0
2018-06-26,post,0,0,0.0,0,0.0,0
2018-06-26,later,0,0,0.0,0,0.0,0
2018-06-27,existing,3837,3606,178624.53,162,17661.0,67
2018-06-27,campaign,0,0,0.0,0,0.0,0
2018-06-27,post,0,0,0.0,0,0.0,0
2018-06-27,later,0,0,0.0,0,0.0,0
2018-06-28,existing,3900,3645,181462.31,184,16272.0,65
2018-06-28,campaign,0,0,0.0,0,0.0,0
2018-06-28,post,0,0,0.0,0,0.0,0
2018-06-28,later,0,0,0.0,0,0.0,0
2018-06-29,existing,3983,3730,175604.82,187,19064.0,62
2018-06-29,campaign,0,0,0.0,0,0.0,0
2018-06-29,post,0,0,0.0,0,0.0,0
2018-06-29,later,0,0,0.0,0,0.0,0
2018-06-30,existing,3936,3677,177551.59,193,18607.0,62
2018-06-30,campaign,0,0,0.0,0,0.0,0
2018-06-30,post,0,0,0.0,0,0.0,0
2018-06-30,later,0,0,0.0,0,0.0,0
2018-07-01,existing,3995,3730,204098.56,197,20319.0,67
2018-07-01,campaign,0,0,0.0,0,0.0,0
2018-07-01,post,0,0,0.0,0,0.0,0
2018-07-01,later,0,0,0.0,0,0.0,0
2018-07-02,existing,3526,3320,177947.18,156,15209.0,47
2018-07-02,campaign,0,0,0.0,0,0.0,0
2018-07-02,post,0,0,0.0,0,0.0,0
2018-07-02,later,0,0,0.0,0,0.0,0
2018-07-03,existing,3664,3382,180418.07,218,30677.0,61
2018-07-03,campaign,0,0,0.0,0,0.0,0
2018-07-03,post,0,0,0.0,0,0.0,0
2018-07-03,later,0,0,0.0,0,0.0,0
2018-07-04,existing,3927,3697,156976.21,167,16011.0,59
2018-07-04,campaign,0,0,0.0,0,0.0,0
2018-07-04,post,0,0,0.0,0,0.0,0
2018-07-04,later,0,0,0.0,0,0.0,0
2018-07-05,existing,4017,3767,185855.53,187,17245.0,62
2018-07-05,campaign,0,0,0.0,0,0.0,0
2018-07-05,post,0,0,0.0,0,0.0,0
2018-07-05,later,0,0,0.0,0,0.0,0
2018-07-06,existing,3906,3657,170240.22,180,15559.0,66
2018-07-06,campaign,0,0,0.0,0,0.0,0
2018-07-06,post,0,0,0.0,0,0.0,0
2018-07-06,later,0,0,0.0,0,0.0,0
2018-07-07,existing,3954,3698,177868.14,199,17025.0,55
2018-07-07,campaign,0,0,0.0,0,0.0,0
2018-07-07,post,0,0,0.0,0,0.0,0
2018-07-07,later,0,0,0.0,0,0.0,0
2018-07-08,existing,3837,3597,178017.52,177,17282.0,57
2018-07-08,campaign,0,0,0.0,0,0.0,0
2018-07-08,post,0,0,0.0,0,0.0,0
2018-07-08,later,0,0,0.0,0,0.0,0
2018-07-09,existing,3579,3370,181641.05,145,14525.0,60
2018-07-09,campaign,0,0,0.0,0,0.0,0
2018-07-09,post,0,0,0.0,0,0.0,0
2018-07-09,later,0,0,0.0,0,0.0,0
2018-07-10,existing,3665,3406,184914.07,197,31359.0,60
2018-07-10,campaign,0,0,0.0,0,0.0,0
2018-07-10,post,0,0,0.0,0,0.0,0
2018-07-10,later,0,0,0.0,0,0.0,0
2018-07-11,existing,3868,3614,168817.9,196,19161.0,54
2018-07-11,campaign,0,0,0.0,0,0.0,0
2018-07-11,post,0,0,0.0,0,0.0,0
2018-07-11,later,0,0,0.0,0,0.0,0
2018-07-12,existing,3950,3703,175771.16,179,17791.0,64
2018-07-12,campaign,0,0,0.0,0,0.0,0
2018-07-12,post,0,0,0.0,0,0.0,0
2018-07-12,later,0,0,0.0,0,0.0,0
2018-07-13,existing,3841,3589,178344.96,182,17025.0,63
2018-07-13,campaign,0,0,0.0,0,0.0,0
2018-07-13,post,0,0,0.0,0,0.0,0
2018-07-13,later,0,0,0.0,0,0.0,0
2018-07-14,existing,3930,3683,180204.86,178,16636.0,66
2018-07-14,campaign,0,0,0.0,0,0.0,0
2018-07-14,post,0,0,0.0,0,0.0,0
2018-07-14,later,0,0,0.0,0,0.0,0
2018-07-15,existing,3940,3690,183316.38,182,17282.0,66
2018-07-15,campaign,0,0,0.0,0,0.0,0
2018-07-15,post,0,0,0.0,0,0.0,0
2018-07-15,later,0,0,0.0,0,0.0,0
2018-07-16,existing,3631,3421,185849.85,151,14150.0,55
2018-07-16,campaign,0,0,0.0,0,0.0,0
2018-07-16,post,0,0,0.0,0,0.0,0
2018-07-16,later,0,0,0.0,0,0.0,0
2018-07-17,existing,3689,3388,184918.18,227,32282.06,72
2018-07-17,campaign,0,0,0.0,0,0.0,0
2018-07-17,post,0,0,0.0,0,0.0,0
2018-07-17,later,0,0,0.0,0,0.0,0
2018-07-18,existing,4018,3762,179861.41,174,15918.0,77
2018-07-18,campaign,0,0,0.0,0,0.0,0
2018-07-18,post,0,0,0.0,0,0.0,0
2018-07-18,later,0,0,0.0,0,0.0,0
2018-07-19,existing,4006,3728,189512.67,205,21560.0,70
2018-07-19,campaign,0,0,0.0,0,0.0,0
2018-07-19,post,0,0,0.0,0,0.0,0
2018-07-19,later,0,0,0.0,0,0.0,0
2018-07-20,existing,3935,3673,183711.93,192,18093.0,68
2018-07-20,campaign,0,0,0.0,0,0.0,0
2018-07-20,post,0,0,0.0,0,0.0,0
2018-07-20,later,0,0,0.0,0,0.0,0
2018-07-21,existing,3976,3721,180985.28,195,18293.0,56
2018-07-21,campaign,0,0,0.0,0,0.0,0
2018-07-21,post,0,0,0.0,0,0.0,0
2018-07-21,later,0,0,0.0,0,0.0,0
2018-07-22,existing,4076,3781,197162.08,210,22081.0,82
2018-07-22,campaign,0,0,0.0,0,0.0,0
2018-07-22,post,0,0,0.0,0,0.0,0
2018-07-22,later,0,0,0.0,0,0.0,0
2018-07-23,existing,3548,3317,174673.46,168,17429.0,61
2018-07-23,campaign,0,0,0.0,0,0.0,0
2018-07-23,post,0,0,0.0,0,0.0,0
2018-07-23,later,0,0,0.0,0,0.0,0
2018-07-24,existing,3576,3322,177915.82,188,27938.0,59
2018-07-24,campaign,0,0,0.0,0,0.0,0
2018-07-24,post,0,0,0.0,0,0.0,0
2018-07-24,later,0,0,0.0,0,0.0,0
2018-07-25,existing,3888,3647,175411.52,191,17755.0,48
2018-07-25,campaign,0,0,0.0,0,0.0,0
2018-07-25,post,0,0,0.0,0,0.0,0
2018-07-25,later,0,0,0.0,0,0.0,0
2018-07-26,existing,3889,3633,176238.46,189,19536.0,65
2018-07-26,campaign,0,0,0.0,0,0.0,0
2018-07-26,post,0,0,0.0,0,0.0,0
2018-07-26,later,0,0,0.0,0,0.0,0
2018-07-27,existing,3962,3699,182647.73,199,18549.0,63
2018-07-27,campaign,0,0,0.0,0,0.0,0
2018-07-27,post,0,0,0.0,0,0.0,0
2018-07-27,later,0,0,0.0,0,0.0,0
2018-07-28,existing,3872,3632,177266.57,181,17835.0,55
2018-07-28,campaign,0,0,0.0,0,0.0,0
2018-07-28,post,0,0,0.0,0,0.0,0
2018-07-28,later,0,0,0.0,0,0.0,0
2018-07-29,existing,3981,3729,189578.56,177,16245.0,74
2018-07-29,campaign,0,0,0.0,0,0.0,0
2018-07-29,post,0,0,0.0,0,0.0,0
2018-07-29,later,0,0,0.0,0,0.0,0
2018-07-30,existing,3497,3294,173120.28,147,15766.0,53
2018-07-30,campaign,0,0,0.0,0,0.0,0
2018-07-30,post,0,0,0.0,0,0.0,0
2018-07-30,later,0,0,0.0,0,0.0,0
2018-07-31,existing,3556,3320,181288.74,185,27112.0,49
2018-07-31,campaign,0,0,0.0,0,0.0,0
2018-07-31,post,0,0,0.0,0,0.0,0
2018-07-31,later,0,0,0.0,0,0.0,0
2018-08-01,existing,3907,3658,170900.34,180,17528.0,67
2018-08-01,campaign,0,0,0.0,0,0.0,0
2018-08-01,post,0,0,0.0,0,0.0,0
2018-08-01,later,0,0,0.0,0,0.0,0
2018-08-02,existing,3918,3677,177084.34,182,17440.0,57
2018-08-02,campaign,0,0,0.0,0,0.0,0
2018-08-02,post,0,0,0.0,0,0.0,0
2018-08-02,later,0,0,0.0,0,0.0,0
2018-08-03,existing,3874,3632,176761.75,174,15388.0,63
2018-08-03,campaign,0,0,0.0,0,0.0,0
2018-08-03,post,0,0,0.0,0,0.0,0
2018-08-03,later,0,0,0.0,0,0.0,0
2018-08-04,existing,3772,3521,169885.45,189,18297.0,60
2018-08-04,campaign,0,0,0.0,0,0.0,0
2018-08-04,post,0,0,0.0,0,0.0,0
2018-08-04,later,0,0,0.0,0,0.0,0
2018-08-05,existing,3879,3665,185553.75,160,15078.0,52
2018-08-05,campaign,0,0,0.0,0,0.0,0
2018-08-05,post,0,0,0.0,0,0.0,0
2018-08-05,later,0,0,0.0,0,0.0,0
2018-08-06,existing,3526,3322,183291.52,155,16350.0,47
2018-08-06,campaign,0,0,0.0,0,0.0,0
2018-08-06,post,0,0,0.0,0,0.0,0
2018-08-06,later,0,0,0.0,0,0.0,0
2018-08-07,existing,3544,3277,182632.52,209,32631.0,56
2018-08-07,campaign,0,0,0.0,0,0.0,0
2018-08-07,post,0,0,0.0,0,0.0,0
2018-08-07,later,0,0,0.0,0,0.0,0
2018-08-08,existing,4004,3738,182952.67,213,20133.0,50
2018-08-08,campaign,0,0,0.0,0,0.0,0
2018-08-08,post,0,0,0.0,0,0.0,0
2018-08-08,later,0,0,0.0,0,0.0,0
2018-08-09,existing,3907,3634,178165.48,196,17731.0,73
2018-08-09,campaign,0,0,0.0,0,0.0,0
2018-08-09,post,0,0,0.0,0,0.0,0
2018-08-09,later,0,0,0.0,0,0.0,0
2018-08-10,existing,3859,3607,172699.42,181,19335.0,65
2018-08-10,campaign,0,0,0.0,0,0.0,0
2018-08-10,post,0,0,0.0,0,0.0,0
2018-08-10,later,0,0,0.0,0,0.0,0
2018-08-11,existing,3923,3666,184917.07,180,16450.0,73
2018-08-11,campaign,0,0,0.0,0,0.0,0
2018-08-11,post,0,0,0.0,0,0.0,0
2018-08-11,later,0,0,0.0,0,0.0,0
2018-08-12,existing,3944,3714,185710.5,182,19212.0,46
2018-08-12,campaign,0,0,0.0,0,0.0,0
2018-08-12,post,0,0,0.0,0,0.0,0
2018-08-12,later,0,0,0.0,0,0.0,0
2018-08-13,existing,3611,3392,175946.38,151,15239.0,67
2018-08-13,campaign,0,0,0.0,0,0.0,0
2018-08-13,post,0,0,0.0,0,0.0,0
2018-08-13,later,0,0,0.0,0,0.0,0
2018-08-14,existing,3537,3283,176492.34,203,29858.65,47
2018-08-14,campaign,0,0,0.0,0,0.0,0
2018-08-14,post,0,0,0.0,0,0.0,0
2018-08-14,later,0,0,0.0,0,0.0,0
2018-08-15,existing,4117,3843,189183.69,210,19437.0,57
2018-08-15,campaign,0,0,0.0,0,0.0,0
2018-08-15,post,0,0,0.0,0,0.0,0
2018-08-15,later,0,0,0.0,0,0.0,0
2018-08-16,existing,3861,3612,168853.88,180,17357.0,65
2018-08-16,campaign,0,0,0.0,0,0.0,0
2018-08-16,post,0,0,0.0,0,0.0,0
2018-08-16,later,0,0,0.0,0,0.0,0
2018-08-17,existing,3991,3740,180316.91,195,19699.0,51
2018-08-17,campaign,0,0,0.0,0,0.0,0
2018-08-17,post,0,0,0.0,0,0.0,0
2018-08-17,later,0,0,0.0,0,0.0,0
2018-08-18,existing,3886,3663,179192.43,165,14074.0,53
2018-08-18,campaign,0,0,0.0,0,0.0,0
2018-08-18,post,0,0,0.0,0,0.0,0
2018-08-18,later,0,0,0.0,0,0.0,0
2018-08-19,existing,3955,3694,196723.02,188,21270.0,69
2018-08-19,campaign,0,0,0.0,0,0.0,0
2018-08-19,post,0,0,0.0,0,0.0,0
2018-08-19,later,0,0,0.0,0,0.0,0
2018-08-20,existing,3548,3317,176381.86,157,18837.0,72
2018-08-20,campaign,0,0,0.0,0,0.0,0
2018-08-20,post,0,0,0.0,0,0.0,0
2018-08-20,later,0,0,0.0,0,0.0,0
2018-08-21,existing,3695,3411,193878.59,221,32009.0,60
2018-08-21,campaign,0,0,0.0,0,0.0,0
2018-08-21,post,0,0,0.0,0,0.0,0
2018-08-21,later,0,0,0.0,0,0.0,0
2018-08-22,existing,3852,3593,173888.16,180,18875.0,76
2018-08-22,campaign,0,0,0.0,0,0.0,0
2018-08-22,post,0,0,0.0,0,0.0,0
2018-08-22,later,0,0,0.0,0,0.0,0
2018-08-23,existing,4014,3743,182969.18,202,18058.0,66
2018-08-23,campaign,0,0,0.0,0,0.0,0
2018-08-23,post,0,0,0.0,0,0.0,0
2018-08-23,later,0,0,0.0,0,0.0,0
2018-08-24,existing,3973,3715,184323.23,191,20372.0,60
2018-08-24,campaign,0,0,0.0,0,0.0,0
2018-08-24,post,0,0,0.0,0,0.0,0
2018-08-24,later,0,0,0.0,0,0.0,0
2018-08-25,existing,3895,3660,181362.58,168,17925.0,63
2018-08-25,campaign,0,0,0.0,0,0.0,0
2018-08-25,post,0,0,0.0,0,0.0,0
2018-08-25,later,0,0,0.0,0,0.0,0
2018-08-26,existing,3915,3679,185437.01,177,15418.0,57
2018-08-26,campaign,0,0,0.0,0,0.0,0
2018-08-26,post,0,0,0.0,0,0.0,0
2018-08-26,later,0,0,0.0,0,0.0,0
2018-08-27,existing,3618,3418,175570.01,153,14165.0,43
2018-08-27,campaign,0,0,0.0,0,0.0,0
2018-08-27,post,0,0,0.0,0,0.0,0
2018-08-27,later,0,0,0.0,0,0.0,0
2018-08-28,existing,3580,3323,178172.01,200,31041.0,54
2018-08-28,campaign,0,0,0.0,0,0.0,0
2018-08-28,post,0,0,0.0,0,0.0,0
2018-08-28,later,0,0,0.0,0,0.0,0
2018-08-29,existing,4023,3750,176419.72,192,20169.0,80
2018-08-29,campaign,0,0,0.0,0,0.0,0
2018-08-29,post,0,0,0.0,0,0.0,0
2018-08-29,later,0,0,0.0,0,0.0,0
2018-08-30,existing,4003,3736,179915.01,212,21273.0,50
2018-08-30,campaign,0,0,0.0,0,0.0,0
2018-08-30,post,0,0,0.0,0,0.0,0
2018-08-30,later,0,0,0.0,0,0.0,0
2018-08-31,existing,3859,3627,174705.72,172,17363.0,57
2018-08-31,campaign,0,0,0.0,0,0.0,0
2018-08-31,post,0,0,0.0,0,0.0,0
2018-08-31,later,0,0,0.0,0,0.0,0
2018-09-01,existing,4027,3747,180650.51,208,17806.0,66
2018-09-01,campaign,0,0,0.0,0,0.0,0
2018-09-01,post,0,0,0.0,0,0.0,0
2018-09-01,later,0,0,0.0,0,0.0,0
2018-09-02,existing,3964,3703,191413.75,208,18883.0,50
2018-09-02,campaign,0,0,0.0,0,0.0,0
2018-09-02,post,0,0,0.0,0,0.0,0
2018-09-02,later,0,0,0.0,0,0.0,0
2018-09-03,existing,3532,3321,169392.35,144,15032.0,64
2018-09-03,campaign,0,0,0.0,0,0.0,0
2018-09-03,post,0,0,0.0,0,0.0,0
2018-09-03,later,0,0,0.0,0,0.0,0
2018-09-04,existing,3611,3333,185591.94,206,32476.0,71
2018-09-04,campaign,0,0,0.0,0,0.0,0
2018-09-04,post,0,0,0.0,0,0.0,0
2018-09-04,later,0,0,0.0,0,0.0,0
2018-09-05,existing,4019,3789,154559.46,168,14303.0,61
2018-09-05,campaign,0,0,0.0,0,0.0,0
2018-09-05,post,0,0,0.0,0,0.0,0
2018-09-05,later,0,0,0.0,0,0.0,0
2018-09-06,existing,3853,3598,166299.97,184,16586.0,69
2018-09-06,campaign,0,0,0.0,0,0.0,0
2018-09-06,post,0,0,0.0,0,0.0,0
2018-09-06,later,0,0,0.0,0,0.0,0
2018-09-07,existing,3799,3552,166542.3,177,15693.0,67
2018-09-07,campaign,0,0,0.0,0,0.0,0
2018-09-07,post,0,0,0.0,0,0.0,0
2018-09-07,later,0,0,0.0,0,0.0,0
2018-09-08,existing,3935,3700,182988.7,186,19241.0,48
2018-09-08,campaign,0,0,0.0,0,0.0,0
2018-09-08,post,0,0,0.0,0,0.0,0
2018-09-08,later,0,0,0.0,0,0.0,0
2018-09-09,existing,4003,3766,191477.88,185,17281.0,50
2018-09-09,campaign,0,0,0.0,0,0.0,0
2018-09-09,post,0,0,0.0,0,0.0,0
2018-09-09,later,0,0,0.0,0,0.0,0
2018-09-10,existing,3493,3299,180751.97,135,12418.0,57
2018-09-10,campaign,0,0,0.0,0,0.0,0
2018-09-10,post,0,0,0.0,0,0.0,0
2018-09-10,later,0,0,0.0,0,0.0,0
2018-09-11,existing,3547,3297,170312.87,187,27980.0,58
2018-09-11,campaign,0,0,0.0,0,0.0,0
2018-09-11,post,0,0,0.0,0,0.0,0
2018-09-11,later,0,0,0.0,0,0.0,0
2018-09-12,existing,3874,3620,177560.02,176,16007.0,72
2018-09-12,campaign,0,0,0.0,0,0.0,0
2018-09-12,post,0,0,0.0,0,0.0,0
2018-09-12,later,0,0,0.0,0,0.0,0
2018-09-13,existing,3890,3632,181287.0,203,19396.0,52
2018-09-13,campaign,0,0,0.0,0,0.0,0
2018-09-13,post,0,0,0.0,0,0.0,0
2018-09-13,later,0,0,0.0,0,0.0,0
2018-09-14,existing,3904,3654,171684.9,179,17017.0,68
2018-09-14,campaign,0,0,0.0,0,0.0,0
2018-09-14,post,0,0,0.0,0,0.0,0
2018-09-14,later,0,0,0.0,0,0.0,0
2018-09-15,existing,3847,3610,175483.66,174,17462.0,62
2018-09-15,campaign,0,0,0.0,0,0.0,0
2018-09-15,post,0,0,0.0,0,0.0,0
2018-09-15,later,0,0,0.0,0,0.0,0
2018-09-16,existing,3959,3702,189656.88,188,17950.0,66
2018-09-16,campaign,0,0,0.0,0,0.0,0
2018-09-16,post,0,0,0.0,0,0.0,0
2018-09-16,later,0,0,0.0,0,0.0,0
2018-09-17,existing,3474,3261,174258.43,144,12944.0,64
2018-09-17,campaign,0,0,0.0,0,0.0,0
2018-09-17,post,0,0,0.0,0,0.0,0
2018-09-17,later,0,0,0.0,0,0.0,0
2018-09-18,existing,3656,3388,193192.01,202,28282.0,62
2018-09-18,campaign,0,0,0.0,0,0.0,0
2018-09-18,post,0,0,0.0,0,0.0,0
2018-09-18,later,0,0,0.0,0,0.0,0
2018-09-19,existing,3940,3692,175063.84,195,17184.0,51
2018-09-19,campaign,0,0,0.0,0,0.0,0
2018-09-19,post,0,0,0.0,0,0.0,0
2018-09-19,later,0,0,0.0,0,0.0,0
2018-09-20,existing,3830,3609,176286.36,156,14816.0,61
2018-09-20,campaign,0,0,0.0,0,0.0,0
2018-09-20,post,0,0,0.0,0,0.0,0
2018-09-20,later,0,0,0.0,0,0.0,0
2018-09-21,existing,3889,3606,184334.44,209,21625.0,69
2018-09-21,campaign,0,0,0.0,0,0.0,0
2018-09-21,post,0,0,0.0,0,0.0,0
2018-09-21,later,0,0,0.0,0,0.0,0
2018-09-22,existing,3872,3617,165227.57,187,16653.0,64
2018-09-22,campaign,0,0,0.0,0,0.0,0
2018-09-22,post,0,0,0.0,0,0.0,0
2018-09-22,later,0,0,0.0,0,0.0,0
2018-09-23,existing,3945,3687,181278.83,195,17966.0,62
2018-09-23,campaign,0,0,0.0,0,0.0,0
2018-09-23,post,0,0,0.0,0,0.0,0
2018-09-23,later,0,0,0.0,0,0.0,0
2018-09-24,existing,3403,3206,167843.86,144,14192.0,50
2018-09-24,campaign,0,0,0.0,0,0.0,0
2018-09-24,post,0,0,0.0,0,0.0,0
2018-09-24,later,0,0,0.0,0,0.0,0
2018-09-25,existing,3585,3328,180646.56,197,27398.0,58
2018-09-25,campaign,0,0,0.0,0,0.0,0
2018-09-25,post,0,0,0.0,0,0.0,0
2018-09-25,later,0,0,0.0,0,0.0,0
2018-09-26,existing,3864,3621,172520.43,185,17132.0,57
2018-09-26,campaign,0,0,0.0,0,0.0,0
2018-09-26,post,0,0,0.0,0,0.0,0
2018-09-26,later,0,0,0.0,0,0.0,0
2018-09-27,existing,4083,3784,183218.16,225,21055.0,71
2018-09-27,campaign,0,0,0.0,0,0.0,0
2018-09-27,post,0,0,0.0,0,0.0,0
2018-09-27,later,0,0,0.0,0,0.0,0
2018-09-28,existing,3894,3655,175251.28,170,15033.0,67
2018-09-28,campaign,0,0,0.0,0,0.0,0
2018-09-28,post,0,0,0.0,0,0.0,0
2018-09-28,later,0,0,0.0,0,0.0,0
2018-09-29,existing,3917,3665,175266.49,177,16301.0,74
2018-09-29,campaign,0,0,0.0,0,0.0,0
2018-09-29,post,0,0,0.0,0,0.0,0
2018-09-29,later,0,0,0.0,0,0.0,0
2018-09-30,existing,4029,3784,187902.51,187,17693.0,57
2018-09-30,campaign,0,0,0.0,0,0.0,0
2018-09-30,post,0,0,0.0,0,0.0,0
2018-09-30,later,0,0,0.0,0,0.0,0
2018-10-01,existing,3485,3274,163891.9,158,14689.0,50
2018-10-01,campaign,0,0,0.0,0,0.0,0
2018-10-01,post,0,0,0.0,0,0.0,0
2018-10-01,later,0,0,0.0,0,0.0,0
2018-10-02,existing,3606,3357,178637.53,193,29939.0,51
2018-10-02,campaign,0,0,0.0,0,0.0,0
2018-10-02,post,0,0,0.0,0,0.0,0
2018-10-02,later,0,0,0.0,0,0.0,0
2018-10-03,existing,3869,3619,163425.37,183,19306.0,65
2018-10-03,campaign,0,0,0.0,0,0.0,0
2018-10-03,post,0,0,0.0,0,0.0,0
2018-10-03,later,0,0,0.0,0,0.0,0
2018-10-04,existing,3859,3635,171520.04,171,15238.0,49
2018-10-04,campaign,0,0,0.0,0,0.0,0
2018-10-04,post,0,0,0.0,0,0.0,0
2018-10-04,later,0,0,0.0,0,0.0,0
2018-10-05,existing,3917,3657,179002.03,190,20216.0,67
2018-10-05,campaign,0,0,0.0,0,0.0,0
2018-10-05,post,0,0,0.0,0,0.0,0
2018-10-05,later,0,0,0.0,0,0.0,0
2018-10-06,existing,3967,3736,179417.7,187,17543.0,43
2018-10-06,campaign,0,0,0.0,0,0.0,0
2018-10-06,post,0,0,0.0,0,0.0,0
2018-10-06,later,0,0,0.0,0,0.0,0
2018-10-07,existing,3885,3652,186409.45,180,15288.0,52
2018-10-07,campaign,0,0,0.0,0,0.0,0
2018-10-07,post,0,0,0.0,0,0.0,0
2018-10-07,later,0,0,0.0,0,0.0,0
2018-10-08,existing,3604,3383,179200.0,149,14539.0,69
2018-10-08,campaign,0,0,0.0,0,0.0,0
2018-10-08,post,0,0,0.0,0,0.0,0
2018-10-08,later,0,0,0.0,0,0.0,0
2018-10-09,existing,3546,3270,176010.48,201,28004.0,71
2018-10-09,campaign,0,0,0.0,0,0.0,0
2018-10-09,post,0,0,0.0,0,0.0,0
2018-10-09,later,0,0,0.0,0,0.0,0
2018-10-10,existing,4009,3761,179907.24,182,16568.0,64
2018-10-10,campaign,0,0,0.0,0,0.0,0
2018-10-10,post,0,0,0.0,0,0.0,0
2018-10-10,later,0,0,0.0,0,0.0,0
2018-10-11,existing,3817,3561,166844.07,167,14837.0,85
2018-10-11,campaign,0,0,0.0,0,0.0,0
2018-10-11,post,0,0,0.0,0,0.0,0
2018-10-11,later,0,0,0.0,0,0.0,0
2018-10-12,existing,3911,3680,179082.31,167,14986.0,61
2018-10-12,campaign,0,0,0.0,0,0.0,0
2018-10-12,post,0,0,0.0,0,0.0,0
2018-10-12,later,0,0,0.0,0,0.0,0
2018-10-13,existing,3947,3684,175148.15,188,16425.0,74
2018-10-13,campaign,0,0,0.0,0,0.0,0
2018-10-13,post,0,0,0.0,0,0.0,0
2018-10-13,later,0,0,0.0,0,0.0,0
2018-10-14,existing,3827,3607,185287.47,176,16144.0,43
2018-10-14,campaign,0,0,0.0,0,0.0,0
2018-10-14,post,0,0,0.0,0,0.0,0
2018-10-14,later,0,0,0.0,0,0.0,0
2018-10-15,existing,3539,3321,181137.26,163,15681.0,53
2018-10-15,campaign,0,0,0.0,0,0.0,0
2018-10-15,post,0,0,0.0,0,0.0,0
2018-10-15,later,0,0,0.0,0,0.0,0
2018-10-16,existing,3429,3160,168386.36000000002,192,31360.0,75
2018-10-16,campaign,0,0,0.0,0,0.0,0
2018-10-16,post,0,0,0.0,0,0.0,0
2018-10-16,later,0,0,0.0,0,0.0,0
2018-10-17,existing,3978,3718,178744.2,201,18270.47,59
2018-10-17,campaign,0,0,0.0,0,0.0,0
2018-10-17,post,0,0,0.0,0,0.0,0
2018-10-17,later,0,0,0.0,0,0.0,0
2018-10-18,existing,3918,3680,182578.77,179,15848.0,56
2018-10-18,campaign,0,0,0.0,0,0.0,0
2018-10-18,post,0,0,0.0,0,0.0,0
2018-10-18,later,0,0,0.0,0,0.0,0
2018-10-19,existing,3998,3731,183380.97,192,16315.0,70
2018-10-19,campaign,0,0,0.0,0,0.0,0
2018-10-19,post,0,0,0.0,0,0.0,0
2018-10-19,later,0,0,0.0,0,0.0,0
2018-10-20,existing,3933,3699,181307.62,184,17601.0,47
2018-10-20,campaign,0,0,0.0,0,0.0,0
2018-10-20,post,0,0,0.0,0,0.0,0
2018-10-20,later,0,0,0.0,0,0.0,0
2018-10-21,existing,3938,3692,193093.36,193,19865.0,51
2018-10-21,campaign,0,0,0.0,0,0.0,0
2018-10-21,post,0,0,0.0,0,0.0,0
2018-10-21,later,0,0,0.0,0,0.0,0
2018-10-22,existing,3464,3272,166352.45,150,13909.0,40
2018-10-22,campaign,0,0,0.0,0,0.0,0
2018-10-22,post,0,0,0.0,0,0.0,0
2018-10-22,later,0,0,0.0,0,0.0,0
2018-10-23,existing,3593,3321,180123.15,211,34737.0,59
2018-10-23,campaign,0,0,0.0,0,0.0,0
2018-10-23,post,0,0,0.0,0,0.0,0
2018-10-23,later,0,0,0.0,0,0.0,0
2018-10-24,existing,3942,3677,177645.3,203,18002.0,57
2018-10-24,campaign,0,0,0.0,0,0.0,0
2018-10-24,post,0,0,0.0,0,0.0,0
2018-10-24,later,0,0,0.0,0,0.0,0
2018-10-25,existing,3906,3664,174668.49,186,17483.0,51
2018-10-25,campaign,0,0,0.0,0,0.0,0
2018-10-25,post,0,0,0.0,0,0.0,0
2018-10-25,later,0,0,0.0,0,0.0,0
2018-10-26,existing,3956,3685,176367.93,198,18005.0,71
2018-10-26,campaign,0,0,0.0,0,0.0,0
2018-10-26,post,0,0,0.0,0,0.0,0
2018-10-26,later,0,0,0.0,0,0.0,0
2018-10-27,existing,3868,3632,175504.56,173,15255.0,60
2018-10-27,campaign,0,0,0.0,0,0.0,0
2018-10-27,post,0,0,0.0,0,0.0,0
2018-10-27,later,0,0,0.0,0,0.0,0
2018-10-28,existing,4028,3758,198253.45,198,18829.0,69
2018-10-28,campaign,0,0,0.0,0,0.0,0
2018-10-28,post,0,0,0.0,0,0.0,0
2018-10-28,later,0,0,0.0,0,0.0,0
2018-10-29,existing,3483,3273,178097.34,151,14099.0,52
2018-10-29,campaign,0,0,0.0,0,0.0,0
2018-10-29,post,0,0,0.0,0,0.0,0
2018-10-29,later,0,0,0.0,0,0.0,0
2018-10-30,existing,3580,3334,176671.91,198,32852.0,47
2018-10-30,campaign,0,0,0.0,0,0.0,0
2018-10-30,post,0,0,0.0,0,0.0,0
2018-10-30,later,0,0,0.0,0,0.0,0
2018-10-31,existing,3914,3674,177468.31,175,14848.0,60
2018-10-31,campaign,0,0,0.0,0,0.0,0
2018-10-31,post,0,0,0.0,0,0.0,0
2018-10-31,later,0,0,0.0,0,0.0,0
2018-11-01,existing,3892,3641,174917.93,174,15881.0,70
2018-11-01,campaign,0,0,0.0,0,0.0,0
2018-11-01,post,0,0,0.0,0,0.0,0
2018-11-01,later,0,0,0.0,0,0.0,0
2018-11-02,existing,4043,3794,181437.37,190,18170.0,57
2018-11-02,campaign,0,0,0.0,0,0.0,0
2018-11-02,post,0,0,0.0,0,0.0,0
2018-11-02,later,0,0,0.0,0,0.0,0
2018-11-03,existing,3853,3596,175512.57,182,18035.0,72
2018-11-03,campaign,0,0,0.0,0,0.0,0
2018-11-03,post,0,0,0.0,0,0.0,0
2018-11-03,later,0,0,0.0,0,0.0,0
2018-11-04,existing,3880,3639,191471.14,187,20122.0,52
2018-11-04,campaign,0,0,0.0,0,0.0,0
2018-11-04,post,0,0,0.0,0,0.0,0
2018-11-04,later,0,0,0.0,0,0.0,0
2018-11-05,existing,3581,3354,179833.75,174,18130.0,51
2018-11-05,campaign,0,0,0.0,0,0.0,0
2018-11-05,post,0,0,0.0,0,0.0,0
2018-11-05,later,0,0,0.0,0,0.0,0
2018-11-06,existing,3613,3352,181723.38,208,29584.0,50
2018-11-06,campaign,0,0,0.0,0,0.0,0
2018-11-06,post,0,0,0.0,0,0.0,0
2018-11-06,later,0,0,0.0,0,0.0,0
2018-11-07,existing,3936,3698,176789.65,181,17480.0,51
2018-11-07,campaign,0,0,0.0,0,0.0,0
2018-11-07,post,0,0,0.0,0,0.0,0
2018-11-07,later,0,0,0.0,0,0.0,0
2018-11-08,existing,3831,3586,165358.23,191,18637.0,53
2018-11-08,campaign,0,0,0.0,0,0.0,0
2018-11-08,post,0,0,0.0,0,0.0,0
2018-11-08,later,0,0,0.0,0,0.0,0
2018-11-09,existing,3897,3653,181241.08,179,14563.0,63
2018-11-09,campaign,0,0,0.0,0,0.0,0
2018-11-09,post,0,0,0.0,0,0.0,0
2018-11-09,later,0,0,0.0,0,0.0,0
2018-11-10,existing,3972,3691,177724.8,209,19978.0,69
2018-11-10,campaign,0,0,0.0,0,0.0,0
2018-11-10,post,0,0,0.0,0,0.0,0
2018-11-10,later,0,0,0.0,0,0.0,0
2018-11-11,existing,3860,3631,177723.52,175,14306.0,50
2018-11-11,campaign,0,0,0.0,0,0.0,0
2018-11-11,post,0,0,0.0,0,0.0,0
2018-11-11,later,0,0,0.0,0,0.0,0
2018-11-12,existing,3454,3268,174551.47,131,13339.0,48
2018-11-12,campaign,0,0,0.0,0,0.0,0
2018-11-12,post,0,0,0.0,0,0.0,0
2018-11-12,later,0,0,0.0,0,0.0,0
2018-11-13,existing,3603,3340,184348.03,206,29404.0,54
2018-11-13,campaign,0,0,0.0,0,0.0,0
2018-11-13,post,0,0,0.0,0,0.0,0
2018-11-13,later,0,0,0.0,0,0.0,0
2018-11-14,existing,3906,3672,172648.21,172,15266.0,59
2018-11-14,campaign,0,0,0.0,0,0.0,0
2018-11-14,post,0,0,0.0,0,0.0,0
2018-11-14,later,0,0,0.0,0,0.0,0
2018-11-15,existing,3917,3664,177190.95,185,17336.0,65
2018-11-15,campaign,0,0,0.0,0,0.0,0
2018-11-15,post,0,0,0.0,0,0.0,0
2018-11-15,later,0,0,0.0,0,0.0,0
2018-11-16,existing,3967,3711,177859.69,188,16102.0,63
2018-11-16,campaign,0,0,0.0,0,0.0,0
2018-11-16,post,0,0,0.0,0,0.0,0
2018-11-16,later,0,0,0.0,0,0.0,0
2018-11-17,existing,3916,3667,181147.46,190,15023.0,56
2018-11-17,campaign,0,0,0.0,0,0.0,0
2018-11-17,post,0,0,0.0,0,0.0,0
2018-11-17,later,0,0,0.0,0,0.0,0
2018-11-18,existing,3945,3704,188346.73,185,17743.0,50
2018-11-18,campaign,0,0,0.0,0,0.0,0
2018-11-18,post,0,0,0.0,0,0.0,0
2018-11-18,later,0,0,0.0,0,0.0,0
2018-11-19,existing,3464,3257,176092.07,150,13674.0,53
2018-11-19,campaign,0,0,0.0,0,0.0,0
2018-11-19,post,0,0,0.0,0,0.0,0
2018-11-19,later,0,0,0.0,0,0.0,0
2018-11-20,existing,3610,3345,189174.17,209,32044.0,54
2018-11-20,campaign,0,0,0.0,0,0.0,0
2018-11-20,post,0,0,0.0,0,0.0,0
2018-11-20,later,0,0,0.0,0,0.0,0
2018-11-21,existing,3868,3614,173327.22,187,15745.0,63
2018-11-21,campaign,0,0,0.0,0,0.0,0
2018-11-21,post,0,0,0.0,0,0.0,0
2018-11-21,later,0,0,0.0,0,0.0,0
2018-11-22,existing,3926,3667,175672.81,185,17013.0,70
2018-11-22,campaign,0,0,0.0,0,0.0,0
2018-11-22,post,0,0,0.0,0,0.0,0
2018-11-22,later,0,0,0.0,0,0.0,0
2018-11-23,existing,3890,3631,168971.47999999998,193,16934.0,61
2018-11-23,campaign,0,0,0.0,0,0.0,0
2018-11-23,post,0,0,0.0,0,0.0,0
2018-11-23,later,0,0,0.0,0,0.0,0
2018-11-24,existing,4047,3815,163379.78,165,14364.0,63
2018-11-24,campaign,0,0,0.0,0,0.0,0
2018-11-24,post,0,0,0.0,0,0.0,0
2018-11-24,later,0,0,0.0,0,0.0,0
2018-11-25,existing,3974,3729,198810.11,182,16799.0,59
2018-11-25,campaign,0,0,0.0,0,0.0,0
2018-11-25,post,0,0,0.0,0,0.0,0
2018-11-25,later,0,0,0.0,0,0.0,0
2018-11-26,existing,3524,3322,181658.97,148,14094.0,49
2018-11-26,campaign,0,0,0.0,0,0.0,0
2018-11-26,post,0,0,0.0,0,0.0,0
2018-11-26,later,0,0,0.0,0,0.0,0
2018-11-27,existing,3632,3342,190098.62,224,35676.0,64
2018-11-27,campaign,0,0,0.0,0,0.0,0
2018-11-27,post,0,0,0.0,0,0.0,0
2018-11-27,later,0,0,0.0,0,0.0,0
2018-11-28,existing,3929,3681,176817.78,186,16236.0,59
2018-11-28,campaign,0,0,0.0,0,0.0,0
2018-11-28,post,0,0,0.0,0,0.0,0
2018-11-28,later,0,0,0.0,0,0.0,0
2018-11-29,existing,3899,3676,175511.56,173,16769.0,47
2018-11-29,campaign,0,0,0.0,0,0.0,0
2018-11-29,post,0,0,0.0,0,0.0,0
2018-11-29,later,0,0,0.0,0,0.0,0
2018-11-30,existing,3901,3653,180115.89,191,18207.0,55
2018-11-30,campaign,0,0,0.0,0,0.0,0
2018-11-30,post,0,0,0.0,0,0.0,0
2018-11-30,later,0,0,0.0,0,0.0,0
2018-12-01,existing,3964,3713,183175.95,178,16982.0,70
2018-12-01,campaign,0,0,0.0,0,0.0,0
2018-12-01,post,0,0,0.0,0,0.0,0
2018-12-01,later,0,0,0.0,0,0.0,0
2018-12-02,existing,3930,3666,183138.91,193,17915.0,66
2018-12-02,campaign,0,0,0.0,0,0.0,0
2018-12-02,post,0,0,0.0,0,0.0,0
2018-12-02,later,0,0,0.0,0,0.0,0
2018-12-03,existing,3520,3319,171266.92,143,14557.0,56
2018-12-03,campaign,0,0,0.0,0,0.0,0
2018-12-03,post,0,0,0.0,0,0.0,0
2018-12-03,later,0,0,0.0,0,0.0,0
2018-12-04,existing,3604,3337,184937.5,204,32808.0,60
2018-12-04,campaign,0,0,0.0,0,0.0,0
2018-12-04,post,0,0,0.0,0,0.0,0
2018-12-04,later,0,0,0.0,0,0.0,0
2018-12-05,existing,3883,3634,167974.65,183,17136.0,64
2018-12-05,campaign,0,0,0.0,0,0.0,0
2018-12-05,post,0,0,0.0,0,0.0,0
2018-12-05,later,0,0,0.0,0,0.0,0
2018-12-06,existing,3964,3719,179838.63,181,17680.0,59
2018-12-06,campaign,0,0,0.0,0,0.0,0
2018-12-06,post,0,0,0.0,0,0.0,0
2018-12-06,later,0,0,0.0,0,0.0,0
2018-12-07,existing,3903,3668,171022.81,182,17244.0,50
2018-12-07,campaign,0,0,0.0,0,0.0,0
2018-12-07,post,0,0,0.0,0,0.0,0
2018-12-07,later,0,0,0.0,0,0.0,0
2018-12-08,existing,3921,3651,178354.9,191,16902.0,75
2018-12-08,campaign,0,0,0.0,0,0.0,0
2018-12-08,post,0,0,0.0,0,0.0,0
2018-12-08,later,0,0,0.0,0,0.0,0
2018-12-09,existing,3980,3764,184440.94,172,15860.0,42
2018-12-09,campaign,0,0,0.0,0,0.0,0
2018-12-09,post,0,0,0.0,0,0.0,0
2018-12-09,later,0,0,0.0,0,0.0,0
2018-12-10,existing,3421,3226,165409.76,137,13616.0,56
2018-12-10,campaign,0,0,0.0,0,0.0,0
2018-12-10,post,0,0,0.0,0,0.0,0
2018-12-10,later,0,0,0.0,0,0.0,0
2018-12-11,existing,3541,3266,184195.87,197,30093.0,76
2018-12-11,campaign,0,0,0.0,0,0.0,0
2018-12-11,post,0,0,0.0,0,0.0,0
2018-12-11,later,0,0,0.0,0,0.0,0
2018-12-12,existing,3811,3559,170868.89,180,16882.0,71
2018-12-12,campaign,0,0,0.0,0,0.0,0
2018-12-12,post,0,0,0.0,0,0.0,0
2018-12-12,later,0,0,0.0,0,0.0,0
2018-12-13,existing,3765,3521,161259.42,185,19328.0,57
2018-12-13,campaign,0,0,0.0,0,0.0,0
2018-12-13,post,0,0,0.0,0,0.0,0
2018-12-13,later,0,0,0.0,0,0.0,0
2018-12-14,existing,4037,3780,188506.7,196,16973.0,59
2018-12-14,campaign,0,0,0.0,0,0.0,0
2018-12-14,post,0,0,0.0,0,0.0,0
2018-12-14,later,0,0,0.0,0,0.0,0
2018-12-15,existing,3875,3620,171596.16,200,16464.0,53
2018-12-15,campaign,0,0,0.0,0,0.0,0
2018-12-15,post,0,0,0.0,0,0.0,0
2018-12-15,later,0,0,0.0,0,0.0,0
2018-12-16,existing,3973,3731,196209.26,172,16238.0,67
2018-12-16,campaign,0,0,0.0,0,0.0,0
2018-12-16,post,0,0,0.0,0,0.0,0
2018-12-16,later,0,0,0.0,0,0.0,0
2018-12-17,existing,3535,3325,174363.66,149,15394.0,56
2018-12-17,campaign,0,0,0.0,0,0.0,0
2018-12-17,post,0,0,0.0,0,0.0,0
2018-12-17,later,0,0,0.0,0,0.0,0
2018-12-18,existing,3689,3400,195598.59,205,31773.0,81
2018-12-18,campaign,0,0,0.0,0,0.0,0
2018-12-18,post,0,0,0.0,0,0.0,0
2018-12-18,later,0,0,0.0,0,0.0,0
2018-12-19,existing,3834,3590,168381.42,183,17206.0,57
2018-12-19,campaign,0,0,0.0,0,0.0,0
2018-12-19,post,0,0,0.0,0,0.0,0
2018-12-19,later,0,0,0.0,0,0.0,0
2018-12-20,existing,3848,3611,171125.94,175,17171.0,59
2018-12-20,campaign,0,0,0.0,0,0.0,0
2018-12-20,post,0,0,0.0,0,0.0,0
2018-12-20,later,0,0,0.0,0,0.0,0
2018-12-21,existing,3928,3651,174483.35,205,15883.0,70
2018-12-21,campaign,0,0,0.0,0,0.0,0
2018-12-21,post,0,0,0.0,0,0.0,0
2018-12-21,later,0,0,0.0,0,0.0,0
2018-12-22,existing,3841,3596,166886.26,186,14859.0,56
2018-12-22,campaign,0,0,0.0,0,0.0,0
2018-12-22,post,0,0,0.0,0,0.0,0
2018-12-22,later,0,0,0.0,0,0.0,0
2018-12-23,existing,3889,3664,181317.95,166,15213.0,57
2018-12-23,campaign,0,0,0.0,0,0.0,0
2018-12-23,post,0,0,0.0,0,0.0,0
2018-12-23,later,0,0,0.0,0,0.0,0
2018-12-24,existing,3484,3292,181739.75,134,12391.0,54
2018-12-24,campaign,0,0,0.0,0,0.0,0
2018-12-24,post,0,0,0.0,0,0.0,0
2018-12-24,later,0,0,0.0,0,0.0,0
2018-12-25,existing,4164,3846,179576.73,238,34209.0,76
2018-12-25,campaign,0,0,0.0,0,0.0,0
2018-12-25,post,0,0,0.0,0,0.0,0
2018-12-25,later,0,0,0.0,0,0.0,0
2018-12-26,existing,3929,3689,176722.28,180,14986.0,59
2018-12-26,campaign,0,0,0.0,0,0.0,0
2018-12-26,post,0,0,0.0,0,0.0,0
2018-12-26,later,0,0,0.0,0,0.0,0
2018-12-27,existing,3912,3652,169298.24,189,15756.0,67
2018-12-27,campaign,0,0,0.0,0,0.0,0
2018-12-27,post,0,0,0.0,0,0.0,0
2018-12-27,later,0,0,0.0,0,0.0,0
2018-12-28,existing,3989,3740,178850.29,182,15494.0,65
2018-12-28,campaign,0,0,0.0,0,0.0,0
2018-12-28,post,0,0,0.0,0,0.0,0
2018-12-28,later,0,0,0.0,0,0.0,0
2018-12-29,existing,3840,3590,165382.32,184,16920.0,60
2018-12-29,campaign,0,0,0.0,0,0.0,0
2018-12-29,post,0,0,0.0,0,0.0,0
2018-12-29,later,0,0,0.0,0,0.0,0
2018-12-30,existing,3868,3635,177845.04,175,15369.0,56
2018-12-30,campaign,0,0,0.0,0,0.0,0
2018-12-30,post,0,0,0.0,0,0.0,0
2018-12-30,later,0,0,0.0,0,0.0,0
2018-12-31,existing,3402,3205,162399.23,144,11701.0,48
2018-12-31,campaign,0,0,0.0,0,0.0,0
2018-12-31,post,0,0,0.0,0,0.0,0
2018-12-31,later,0,0,0.0,0,0.0,0
2019-01-01,existing,4139,3831,170440.07,237,33359.0,65
2019-01-01,campaign,0,0,0.0,0,0.0,0
2019-01-01,post,0,0,0.0,0,0.0,0
2019-01-01,later,0,0,0.0,0,0.0,0
2019-01-02,existing,3379,3182,172356.88,139,11245.0,54
2019-01-02,campaign,0,0,0.0,0,0.0,0
2019-01-02,post,0,0,0.0,0,0.0,0
2019-01-02,later,0,0,0.0,0,0.0,0
2019-01-03,existing,3825,3568,169094.95,180,15828.52,71
2019-01-03,campaign,0,0,0.0,0,0.0,0
2019-01-03,post,0,0,0.0,0,0.0,0
2019-01-03,later,0,0,0.0,0,0.0,0
2019-01-04,existing,3999,3731,177305.43,203,18138.0,63
2019-01-04,campaign,0,0,0.0,0,0.0,0
2019-01-04,post,0,0,0.0,0,0.0,0
2019-01-04,later,0,0,0.0,0,0.0,0
2019-01-05,existing,3888,3642,179090.64,181,15683.0,65
2019-01-05,campaign,0,0,0.0,0,0.0,0
2019-01-05,post,0,0,0.0,0,0.0,0
2019-01-05,later,0,0,0.0,0,0.0,0
2019-01-06,existing,3990,3744,185104.39,183,18108.0,59
2019-01-06,campaign,0,0,0.0,0,0.0,0
2019-01-06,post,0,0,0.0,0,0.0,0
2019-01-06,later,0,0,0.0,0,0.0,0
2019-01-07,existing,3945,3693,191046.2,189,16574.0,62
2019-01-07,campaign,0,0,0.0,0,0.0,0
2019-01-07,post,0,0,0.0,0,0.0,0
2019-01-07,later,0,0,0.0,0,0.0,0
2019-01-08,existing,3455,3266,166974.69,137,11546.0,51
2019-01-08,campaign,0,0,0.0,0,0.0,0
2019-01-08,post,0,0,0.0,0,0.0,0
2019-01-08,later,0,0,0.0,0,0.0,0
2019-01-09,existing,3626,3370,182278.16,203,30653.0,50
2019-01-09,campaign,0,0,0.0,0,0.0,0
2019-01-09,post,0,0,0.0,0,0.0,0
2019-01-09,later,0,0,0.0,0,0.0,0
2019-01-10,existing,3911,3643,174510.02,205,18646.0,59
2019-01-10,campaign,0,0,0.0,0,0.0,0
2019-01-10,post,0,0,0.0,0,0.0,0
2019-01-10,later,0,0,0.0,0,0.0,0
2019-01-11,existing,3870,3613,172386.61,191,19474.0,65
2019-01-11,campaign,0,0,0.0,0,0.0,0
2019-01-11,post,0,0,0.0,0,0.0,0
2019-01-11,later,0,0,0.0,0,0.0,0
2019-01-12,existing,3972,3728,179490.81,191,18177.0,50
2019-01-12,campaign,0,0,0.0,0,0.0,0
2019-01-12,post,0,0,0.0,0,0.0,0
2019-01-12,later,0,0,0.0,0,0.0,0
2019-01-13,existing,3863,3612,191037.24,196,18555.0,53
2019-01-13,campaign,0,0,0.0,0,0.0,0
2019-01-13,post,0,0,0.0,0,0.0,0
2019-01-13,later,0,0,0.0,0,0.0,0
2019-01-14,existing,4015,3757,187987.25,202,17820.0,54
2019-01-14,campaign,0,0,0.0,0,0.0,0
2019-01-14,post,0,0,0.0,0,0.0,0
2019-01-14,later,0,0,0.0,0,0.0,0
2019-01-15,existing,3503,3284,170277.33,162,16770.0,54
2019-01-15,campaign,0,0,0.0,0,0.0,0
2019-01-15,post,0,0,0.0,0,0.0,0
2019-01-15,later,0,0,0.0,0,0.0,0
2019-01-16,existing,3519,3250,182850.86,202,31195.0,65
2019-01-16,campaign,0,0,0.0,0,0.0,0
2019-01-16,post,0,0,0.0,0,0.0,0
2019-01-16,later,0,0,0.0,0,0.0,0
2019-01-17,existing,3952,3710,159743.94,183,18064.0,54
2019-01-17,campaign,0,0,0.0,0,0.0,0
2019-01-17,post,0,0,0.0,0,0.0,0
2019-01-17,later,0,0,0.0,0,0.0,0
2019-01-18,existing,3856,3620,171690.06,172,14599.44,62
2019-01-18,campaign,0,0,0.0,0,0.0,0
2019-01-18,post,0,0,0.0,0,0.0,0
2019-01-18,later,0,0,0.0,0,0.0,0
2019-01-19,existing,3900,3665,179829.6,181,16585.0,52
2019-01-19,campaign,0,0,0.0,0,0.0,0
2019-01-19,post,0,0,0.0,0,0.0,0
2019-01-19,later,0,0,0.0,0,0.0,0
2019-01-20,existing,3891,3647,172375.33,188,16458.0,54
2019-01-20,campaign,0,0,0.0,0,0.0,0
2019-01-20,post,0,0,0.0,0,0.0,0
2019-01-20,later,0,0,0.0,0,0.0,0
2019-01-21,existing,3991,3747,194074.17,191,16042.0,51
2019-01-21,campaign,0,0,0.0,0,0.0,0
2019-01-21,post,0,0,0.0,0,0.0,0
2019-01-21,later,0,0,0.0,0,0.0,0
2019-01-22,existing,3580,3356,176351.77,162,13975.0,61
2019-01-22,campaign,0,0,0.0,0,0.0,0
2019-01-22,post,0,0,0.0,0,0.0,0
2019-01-22,later,0,0,0.0,0,0.0,0
2019-01-23,existing,3494,3221,173778.82,205,32867.0,65
2019-01-23,campaign,0,0,0.0,0,0.0,0
2019-01-23,post,0,0,0.0,0,0.0,0
2019-01-23,later,0,0,0.0,0,0.0,0
2019-01-24,existing,3981,3737,181525.36,170,16065.0,71
2019-01-24,campaign,0,0,0.0,0,0.0,0
2019-01-24,post,0,0,0.0,0,0.0,0
2019-01-24,later,0,0,0.0,0,0.0,0
2019-01-25,existing,3830,3594,180086.34,182,16013.0,51
2019-01-25,campaign,0,0,0.0,0,0.0,0
2019-01-25,post,0,0,0.0,0,0.0,0
2019-01-25,later,0,0,0.0,0,0.0,0
2019-01-26,existing,3967,3719,173673.92,178,15432.0,65
2019-01-26,campaign,0,0,0.0,0,0.0,0
2019-01-26,post,0,0,0.0,0,0.0,0
2019-01-26,later,0,0,0.0,0,0.0,0
2019-01-27,existing,3959,3688,182273.52,200,17837.0,69
2019-01-27,campaign,0,0,0.0,0,0.0,0
2019-01-27,post,0,0,0.0,0,0.0,0
2019-01-27,later,0,0,0.0,0,0.0,0
2019-01-28,existing,3925,3654,181152.28,196,18085.0,69
2019-01-28,campaign,0,0,0.0,0,0.0,0
2019-01-28,post,0,0,0.0,0,0.0,0
2019-01-28,later,0,0,0.0,0,0.0,0
2019-01-29,existing,3466,3246,163793.68,162,16280.0,54
2019-01-29,campaign,0,0,0.0,0,0.0,0
2019-01-29,post,0,0,0.0,0,0.0,0
2019-01-29,later,0,0,0.0,0,0.0,0
2019-01-30,existing,3447,3210,170441.49,178,25942.0,58
2019-01-30,campaign,0,0,0.0,0,0.0,0
2019-01-30,post,0,0,0.0,0,0.0,0
2019-01-30,later,0,0,0.0,0,0.0,0
2019-01-31,existing,3978,3708,175458.14,196,18649.0,69
2019-01-31,campaign,0,0,0.0,0,0.0,0
2019-01-31,post,0,0,0.0,0,0.0,0
2019-01-31,later,0,0,0.0,0,0.0,0
2019-02-01,existing,3876,3622,179842.34,179,17381.0,70
2019-02-01,campaign,0,0,0.0,0,0.0,0
2019-02-01,post,0,0,0.0,0,0.0,0
2019-02-01,later,0,0,0.0,0,0.0,0
2019-02-02,existing,3943,3680,178209.92,191,17425.0,67
2019-02-02,campaign,0,0,0.0,0,0.0,0
2019-02-02,post,0,0,0.0,0,0.0,0
2019-02-02,later,0,0,0.0,0,0.0,0
2019-02-03,existing,4002,3732,181453.6,193,18064.0,74
2019-02-03,campaign,0,0,0.0,0,0.0,0
2019-02-03,post,0,0,0.0,0,0.0,0
2019-02-03,later,0,0,0.0,0,0.0,0
2019-02-04,existing,3898,3651,182644.8,181,16550.0,65
2019-02-04,campaign,0,0,0.0,0,0.0,0
2019-02-04,post,0,0,0.0,0,0.0,0
2019-02-04,later,0,0,0.0,0,0.0,0
2019-02-05,existing,3439,3251,166298.22,133,12237.0,51
2019-02-05,campaign,0,0,0.0,0,0.0,0
2019-02-05,post,0,0,0.0,0,0.0,0
2019-02-05,later,0,0,0.0,0,0.0,0
2019-02-06,existing,3523,3258,172870.47,202,29435.0,62
2019-02-06,campaign,0,0,0.0,0,0.0,0
2019-02-06,post,0,0,0.0,0,0.0,0
2019-02-06,later,0,0,0.0,0,0.0,0
2019-02-07,existing,3994,3729,176978.93,194,17636.0,70
2019-02-07,campaign,0,0,0.0,0,0.0,0
2019-02-07,post,0,0,0.0,0,0.0,0
2019-02-07,later,0,0,0.0,0,0.0,0
2019-02-08,existing,3888,3629,172739.96,186,15817.44,70
2019-02-08,campaign,0,0,0.0,0,0.0,0
2019-02-08,post,0,0,0.0,0,0.0,0
2019-02-08,later,0,0,0.0,0,0.0,0
2019-02-09,existing,3852,3587,166422.02,190,16382.0,72
2019-02-09,campaign,0,0,0.0,0,0.0,0
2019-02-09,post,0,0,0.0,0,0.0,0
2019-02-09,later,0,0,0.0,0,0.0,0
2019-02-10,existing,3893,3633,173329.83,185,17473.0,72
2019-02-10,campaign,0,0,0.0,0,0.0,0
2019-02-10,post,0,0,0.0,0,0.0,0
2019-02-10,later,0,0,0.0,0,0.0,0
2019-02-11,existing,3993,3735,193373.55,193,19343.0,63
2019-02-11,campaign,0,0,0.0,0,0.0,0
2019-02-11,post,0,0,0.0,0,0.0,0
2019-02-11,later,0,0,0.0,0,0.0,0
2019-02-12,existing,3540,3296,173456.87,185,18708.0,57
2019-02-12,campaign,0,0,0.0,0,0.0,0
2019-02-12,post,0,0,0.0,0,0.0,0
2019-02-12,later,0,0,0.0,0,0.0,0
2019-02-13,existing,3472,3198,168718.84,200,31007.0,69
2019-02-13,campaign,0,0,0.0,0,0.0,0
2019-02-13,post,0,0,0.0,0,0.0,0
2019-02-13,later,0,0,0.0,0,0.0,0
2019-02-14,existing,3875,3633,172550.19,173,16378.0,64
2019-02-14,campaign,0,0,0.0,0,0.0,0
2019-02-14,post,0,0,0.0,0,0.0,0
2019-02-14,later,0,0,0.0,0,0.0,0
2019-02-15,existing,3961,3716,177844.3,182,15852.0,60
2019-02-15,campaign,0,0,0.0,0,0.0,0
2019-02-15,post,0,0,0.0,0,0.0,0
2019-02-15,later,0,0,0.0,0,0.0,0
2019-02-16,existing,3928,3676,184369.58,191,18717.08,57
2019-02-16,campaign,0,0,0.0,0,0.0,0
2019-02-16,post,0,0,0.0,0,0.0,0
2019-02-16,later,0,0,0.0,0,0.0,0
2019-02-17,existing,4013,3718,187254.64,215,22079.0,79
2019-02-17,campaign,0,0,0.0,0,0.0,0
2019-02-17,post,0,0,0.0,0,0.0,0
2019-02-17,later,0,0,0.0,0,0.0,0
2019-02-18,existing,3916,3655,189874.68,190,16865.0,67
2019-02-18,campaign,0,0,0.0,0,0.0,0
2019-02-18,post,0,0,0.0,0,0.0,0
2019-02-18,later,0,0,0.0,0,0.0,0
2019-02-19,existing,3489,3282,173109.84,146,15207.0,59
2019-02-19,campaign,0,0,0.0,0,0.0,0
2019-02-19,post,0,0,0.0,0,0.0,0
2019-02-19,later,0,0,0.0,0,0.0,0
2019-02-20,existing,3569,3306,179722.02,199,27991.0,59
2019-02-20,campaign,0,0,0.0,0,0.0,0
2019-02-20,post,0,0,0.0,0,0.0,0
2019-02-20,later,0,0,0.0,0,0.0,0
2019-02-21,existing,3968,3716,159899.46,184,16379.0,67
2019-02-21,campaign,0,0,0.0,0,0.0,0
2019-02-21,post,0,0,0.0,0,0.0,0
2019-02-21,later,0,0,0.0,0,0.0,0
2019-02-22,existing,3861,3621,178386.42,177,14843.0,61
2019-02-22,campaign,0,0,0.0,0,0.0,0
2019-02-22,post,0,0,0.0,0,0.0,0
2019-02-22,later,0,0,0.0,0,0.0,0
2019-02-23,existing,3816,3577,176220.54,181,15786.0,57
2019-02-23,campaign,0,0,0.0,0,0.0,0
2019-02-23,post,0,0,0.0,0,0.0,0
2019-02-23,later,0,0,0.0,0,0.0,0
2019-02-24,existing,3845,3618,174807.15,162,14053.0,64
2019-02-24,campaign,0,0,0.0,0,0.0,0
2019-02-24,post,0,0,0.0,0,0.0,0
2019-02-24,later,0,0,0.0,0,0.0,0
2019-02-25,existing,4033,3741,200900.37,224,23011.98,65
2019-02-25,campaign,0,0,0.0,0,0.0,0
2019-02-25,post,0,0,0.0,0,0.0,0
2019-02-25,later,0,0,0.0,0,0.0,0
2019-02-26,existing,3447,3234,170352.56,154,14710.0,55
2019-02-26,campaign,0,0,0.0,0,0.0,0
2019-02-26,post,0,0,0.0,0,0.0,0
2019-02-26,later,0,0,0.0,0,0.0,0
2019-02-27,existing,3468,3235,173027.49,182,29967.0,50
2019-02-27,campaign,0,0,0.0,0,0.0,0
2019-02-27,post,0,0,0.0,0,0.0,0
2019-02-27,later,0,0,0.0,0,0.0,0
2019-02-28,existing,3883,3626,178058.14,196,19508.62,58
2019-02-28,campaign,0,0,0.0,0,0.0,0
2019-02-28,post,0,0,0.0,0,0.0,0
2019-02-28,later,0,0,0.0,0,0.0,0
2019-03-01,existing,3756,3529,167968.76,156,13013.0,66
2019-03-01,campaign,0,0,0.0,0,0.0,0
2019-03-01,post,0,0,0.0,0,0.0,0
2019-03-01,later,0,0,0.0,0,0.0,0
2019-03-02,existing,3879,3633,170867.92,193,15912.0,53
2019-03-02,campaign,0,0,0.0,0,0.0,0
2019-03-02,post,0,0,0.0,0,0.0,0
2019-03-02,later,0,0,0.0,0,0.0,0
2019-03-03,existing,3980,3726,183943.23,189,20836.0,62
2019-03-03,campaign,0,0,0.0,0,0.0,0
2019-03-03,post,0,0,0.0,0,0.0,0
2019-03-03,later,0,0,0.0,0,0.0,0
2019-03-04,existing,3906,3673,188345.49,182,18828.0,50
2019-03-04,campaign,0,0,0.0,0,0.0,0
2019-03-04,post,0,0,0.0,0,0.0,0
2019-03-04,later,0,0,0.0,0,0.0,0
2019-03-05,existing,3503,3287,175909.18,161,15551.0,53
2019-03-05,campaign,0,0,0.0,0,0.0,0
2019-03-05,post,0,0,0.0,0,0.0,0
2019-03-05,later,0,0,0.0,0,0.0,0
2019-03-06,existing,3642,3370,183476.7,209,33607.0,58
2019-03-06,campaign,0,0,0.0,0,0.0,0
2019-03-06,post,0,0,0.0,0,0.0,0
2019-03-06,later,0,0,0.0,0,0.0,0
2019-03-07,existing,3938,3697,182103.26,190,17597.0,50
2019-03-07,campaign,0,0,0.0,0,0.0,0
2019-03-07,post,0,0,0.0,0,0.0,0
2019-03-07,later,0,0,0.0,0,0.0,0
2019-03-08,existing,3936,3679,177386.58,187,18986.0,64
2019-03-08,campaign,0,0,0.0,0,0.0,0
2019-03-08,post,0,0,0.0,0,0.0,0
2019-03-08,later,0,0,0.0,0,0.0,0
2019-03-09,existing,4026,3747,178384.59,208,20716.0,69
2019-03-09,campaign,0,0,0.0,0,0.0,0
2019-03-09,post,0,0,0.0,0,0.0,0
2019-03-09,later,0,0,0.0,0,0.0,0
2019-03-10,existing,3930,3677,184315.25,188,17857.0,61
2019-03-10,campaign,0,0,0.0,0,0.0,0
2019-03-10,post,0,0,0.0,0,0.0,0
2019-03-10,later,0,0,0.0,0,0.0,0
2019-03-11,existing,3940,3693,192080.3,175,16171.0,72
2019-03-11,campaign,0,0,0.0,0,0.0,0
2019-03-11,post,0,0,0.0,0,0.0,0
2019-03-11,later,0,0,0.0,0,0.0,0
2019-03-12,existing,3513,3277,170609.87,167,15816.09,66
2019-03-12,campaign,0,0,0.0,0,0.0,0
2019-03-12,post,0,0,0.0,0,0.0,0
2019-03-12,later,0,0,0.0,0,0.0,0
2019-03-13,existing,3479,3224,177419.5,185,25363.0,67
2019-03-13,campaign,0,0,0.0,0,0.0,0
2019-03-13,post,0,0,0.0,0,0.0,0
2019-03-13,later,0,0,0.0,0,0.0,0
2019-03-14,existing,3836,3601,180820.22,179,16510.0,54
2019-03-14,campaign,0,0,0.0,0,0.0,0
2019-03-14,post,0,0,0.0,0,0.0,0
2019-03-14,later,0,0,0.0,0,0.0,0
2019-03-15,existing,3949,3683,170469.21,196,17075.0,67
2019-03-15,campaign,0,0,0.0,0,0.0,0
2019-03-15,post,0,0,0.0,0,0.0,0
2019-03-15,later,0,0,0.0,0,0.0,0
2019-03-16,existing,3948,3702,180252.23,188,18655.0,56
2019-03-16,campaign,0,0,0.0,0,0.0,0
2019-03-16,post,0,0,0.0,0,0.0,0
2019-03-16,later,0,0,0.0,0,0.0,0
2019-03-17,existing,3915,3661,183289.89,186,17443.0,67
2019-03-17,campaign,0,0,0.0,0,0.0,0
2019-03-17,post,0,0,0.0,0,0.0,0
2019-03-17,later,0,0,0.0,0,0.0,0
2019-03-18,existing,4089,3826,187701.69,207,17997.0,54
2019-03-18,campaign,0,0,0.0,0,0.0,0
2019-03-18,post,0,0,0.0,0,0.0,0
2019-03-18,later,0,0,0.0,0,0.0,0
2019-03-19,existing,3523,3307,173292.01,154,12779.0,59
2019-03-19,campaign,0,0,0.0,0,0.0,0
2019-03-19,post,0,0,0.0,0,0.0,0
2019-03-19,later,0,0,0.0,0,0.0,0
2019-03-20,existing,3517,3256,173523.64,205,30326.0,54
2019-03-20,campaign,0,0,0.0,0,0.0,0
2019-03-20,post,0,0,0.0,0,0.0,0
2019-03-20,later,0,0,0.0,0,0.0,0
2019-03-21,existing,4001,3722,181527.13,196,18760.0,80
2019-03-21,campaign,0,0,0.0,0,0.0,0
2019-03-21,post,0,0,0.0,0,0.0,0
2019-03-21,later,0,0,0.0,0,0.0,0
2019-03-22,existing,4024,3751,186114.17,210,19122.0,56
2019-03-22,campaign,0,0,0.0,0,0.0,0
2019-03-22,post,0,0,0.0,0,0.0,0
2019-03-22,later,0,0,0.0,0,0.0,0
2019-03-23,existing,3979,3700,183202.65,215,20105.0,60
2019-03-23,campaign,0,0,0.0,0,0.0,0
2019-03-23,post,0,0,0.0,0,0.0,0
2019-03-23,later,0,0,0.0,0,0.0,0
2019-03-24,existing,3784,3569,170460.1,158,12939.0,53
2019-03-24,campaign,0,0,0.0,0,0.0,0
2019-03-24,post,0,0,0.0,0,0.0,0
2019-03-24,later,0,0,0.0,0,0.0,0
2019-03-25,existing,3887,3637,190443.4,183,15664.0,66
2019-03-25,campaign,0,0,0.0,0,0.0,0
2019-03-25,post,0,0,0.0,0,0.0,0
2019-03-25,later,0,0,0.0,0,0.0,0
2019-03-26,existing,3586,3345,175288.61,175,18283.0,61
2019-03-26,campaign,0,0,0.0,0,0.0,0
2019-03-26,post,0,0,0.0,0,0.0,0
2019-03-26,later,0,0,0.0,0,0.0,0
2019-03-27,existing,3510,3257,175321.66,188,27252.0,61
2019-03-27,campaign,0,0,0.0,0,0.0,0
2019-03-27,post,0,0,0.0,0,0.0,0
2019-03-27,later,0,0,0.0,0,0.0,0
2019-03-28,existing,3786,3533,172157.73,175,15236.66,71
2019-03-28,campaign,0,0,0.0,0,0.0,0
2019-03-28,post,0,0,0.0,0,0.0,0
2019-03-28,later,0,0,0.0,0,0.0,0
2019-03-29,existing,3951,3690,176202.57,190,15832.0,67
2019-03-29,campaign,0,0,0.0,0,0.0,0
2019-03-29,post,0,0,0.0,0,0.0,0
2019-03-29,later,0,0,0.0,0,0.0,0
2019-03-30,existing,3919,3673,175762.05,189,16996.94,56
2019-03-30,campaign,0,0,0.0,0,0.0,0
2019-03-30,post,0,0,0.0,0,0.0,0
2019-03-30,later,0,0,0.0,0,0.0,0
2019-03-31,existing,3916,3653,173769.27,181,16260.0,79
2019-03-31,campaign,0,0,0.0,0,0.0,0
2019-03-31,post,0,0,0.0,0,0.0,0
2019-03-31,later,0,0,0.0,0,0.0,0
2019-04-01,existing,3917,3636,189711.96,200,18163.0,77
2019-04-01,campaign,0,0,0.0,0,0.0,0
2019-04-01,post,0,0,0.0,0,0.0,0
2019-04-01,later,0,0,0.0,0,0.0,0
2019-04-02,existing,3539,3315,172851.74,155,14008.0,68
2019-04-02,campaign,0,0,0.0,0,0.0,0
2019-04-02,post,0,0,0.0,0,0.0,0
2019-04-02,later,0,0,0.0,0,0.0,0
2019-04-03,existing,3488,3231,167823.93,182,25353.0,72
2019-04-03,campaign,0,0,0.0,0,0.0,0
2019-04-03,post,0,0,0.0,0,0.0,0
2019-04-03,later,0,0,0.0,0,0.0,0
2019-04-04,existing,3940,3680,189203.11,190,17923.0,67
2019-04-04,campaign,0,0,0.0,0,0.0,0
2019-04-04,post,0,0,0.0,0,0.0,0
2019-04-04,later,0,0,0.0,0,0.0,0
2019-04-05,existing,3817,3586,168740.41,159,13992.0,70
2019-04-05,campaign,0,0,0.0,0,0.0,0
2019-04-05,post,0,0,0.0,0,0.0,0
2019-04-05,later,0,0,0.0,0,0.0,0
2019-04-06,existing,3854,3623,173614.83,164,16006.0,64
2019-04-06,campaign,0,0,0.0,0,0.0,0
2019-04-06,post,0,0,0.0,0,0.0,0
2019-04-06,later,0,0,0.0,0,0.0,0
2019-04-07,existing,3950,3681,175470.74,196,18571.2,69
2019-04-07,campaign,0,0,0.0,0,0.0,0
2019-04-07,post,0,0,0.0,0,0.0,0
2019-04-07,later,0,0,0.0,0,0.0,0
2019-04-08,existing,3946,3697,188939.97,191,18390.0,56
2019-04-08,campaign,0,0,0.0,0,0.0,0
2019-04-08,post,0,0,0.0,0,0.0,0
2019-04-08,later,0,0,0.0,0,0.0,0
2019-04-09,existing,3487,3288,179781.98,148,15510.0,48
2019-04-09,campaign,0,0,0.0,0,0.0,0
2019-04-09,post,0,0,0.0,0,0.0,0
2019-04-09,later,0,0,0.0,0,0.0,0
2019-04-10,existing,3557,3283,168189.03,220,33777.0,53
2019-04-10,campaign,0,0,0.0,0,0.0,0
2019-04-10,post,0,0,0.0,0,0.0,0
2019-04-10,later,0,0,0.0,0,0.0,0
2019-04-11,existing,3871,3618,178232.25,190,19802.0,62
2019-04-11,campaign,0,0,0.0,0,0.0,0
2019-04-11,post,0,0,0.0,0,0.0,0
2019-04-11,later,0,0,0.0,0,0.0,0
2019-04-12,existing,3907,3649,177095.52,192,19431.0,63
2019-04-12,campaign,0,0,0.0,0,0.0,0
2019-04-12,post,0,0,0.0,0,0.0,0
2019-04-12,later,0,0,0.0,0,0.0,0
2019-04-13,existing,3926,3672,180849.03,190,15875.0,64
2019-04-13,campaign,0,0,0.0,0,0.0,0
2019-04-13,post,0,0,0.0,0,0.0,0
2019-04-13,later,0,0,0.0,0,0.0,0
2019-04-14,existing,3809,3577,171986.9,172,15771.0,59
2019-04-14,campaign,0,0,0.0,0,0.0,0
2019-04-14,post,0,0,0.0,0,0.0,0
2019-04-14,later,0,0,0.0,0,0.0,0
2019-04-15,existing,4015,3744,198593.77,209,18676.0,60
2019-04-15,campaign,0,0,0.0,0,0.0,0
2019-04-15,post,0,0,0.0,0,0.0,0
2019-04-15,later,0,0,0.0,0,0.0,0
2019-04-16,existing,3478,3269,170393.06,161,15339.0,46
2019-04-16,campaign,0,0,0.0,0,0.0,0
2019-04-16,post,0,0,0.0,0,0.0,0
2019-04-16,later,0,0,0.0,0,0.0,0
2019-04-17,existing,3674,3378,186871.52,227,36771.0,65
2019-04-17,campaign,0,0,0.0,0,0.0,0
2019-04-17,post,0,0,0.0,0,0.0,0
2019-04-17,later,0,0,0.0,0,0.0,0
2019-04-18,existing,3949,3688,179080.2,188,18783.0,69
2019-04-18,campaign,0,0,0.0,0,0.0,0
2019-04-18,post,0,0,0.0,0,0.0,0
2019-04-18,later,0,0,0.0,0,0.0,0
2019-04-19,existing,3967,3694,178303.88,189,18344.96,81
2019-04-19,campaign,0,0,0.0,0,0.0,0
2019-04-19,post,0,0,0.0,0,0.0,0
2019-04-19,later,0,0,0.0,0,0.0,0
2019-04-20,existing,3976,3746,178744.41,177,18160.0,51
2019-04-20,campaign,0,0,0.0,0,0.0,0
2019-04-20,post,0,0,0.0,0,0.0,0
2019-04-20,later,0,0,0.0,0,0.0,0
2019-04-21,existing,3973,3718,183045.76,190,15705.0,61
2019-04-21,campaign,0,0,0.0,0,0.0,0
2019-04-21,post,0,0,0.0,0,0.0,0
2019-04-21,later,0,0,0.0,0,0.0,0
2019-04-22,existing,3965,3703,187254.12,195,17786.0,64
2019-04-22,campaign,0,0,0.0,0,0.0,0
2019-04-22,post,0,0,0.0,0,0.0,0
2019-04-22,later,0,0,0.0,0,0.0,0
2019-04-23,existing,3456,3254,170327.55,140,14010.0,59
2019-04-23,campaign,0,0,0.0,0,0.0,0
2019-04-23,post,0,0,0.0,0,0.0,0
2019-04-23,later,0,0,0.0,0,0.0,0
2019-04-24,existing,3540,3295,172584.59,185,26288.0,56
2019-04-24,campaign,0,0,0.0,0,0.0,0
2019-04-24,post,0,0,0.0,0,0.0,0
2019-04-24,later,0,0,0.0,0,0.0,0
2019-04-25,existing,3896,3622,175351.74,208,19510.0,63
2019-04-25,campaign,0,0,0.0,0,0.0,0
2019-04-25,post,0,0,0.0,0,0.0,0
2019-04-25,later,0,0,0.0,0,0.0,0
2019-04-26,existing,3943,3710,178602.28,190,17972.0,40
2019-04-26,campaign,0,0,0.0,0,0.0,0
2019-04-26,post,0,0,0.0,0,0.0,0
2019-04-26,later,0,0,0.0,0,0.0,0
2019-04-27,existing,3901,3654,180079.31,186,17161.0,59
2019-04-27,campaign,0,0,0.0,0,0.0,0
2019-04-27,post,0,0,0.0,0,0.0,0
2019-04-27,later,0,0,0.0,0,0.0,0
2019-04-28,existing,3919,3682,180160.57,171,15801.0,61
2019-04-28,campaign,0,0,0.0,0,0.0,0
2019-04-28,post,0,0,0.0,0,0.0,0
2019-04-28,later,0,0,0.0,0,0.0,0
2019-04-29,existing,3889,3656,187361.7,163,12887.0,66
2019-04-29,campaign,0,0,0.0,0,0.0,0
2019-04-29,post,0,0,0.0,0,0.0,0
2019-04-29,later,0,0,0.0,0,0.0,0
2019-04-30,existing,3485,3257,178078.52,155,14667.0,71
2019-04-30,campaign,0,0,0.0,0,0.0,0
2019-04-30,post,0,0,0.0,0,0.0,0
2019-04-30,later,0,0,0.0,0,0.0,0
2019-05-01,existing,3507,3244,175341.53,197,29383.0,61
2019-05-01,campaign,0,0,0.0,0,0.0,0
2019-05-01,post,0,0,0.0,0,0.0,0
2019-05-01,later,0,0,0.0,0,0.0,0
2019-05-02,existing,3836,3603,177376.78,182,17346.0,48
2019-05-02,campaign,0,0,0.0,0,0.0,0
2019-05-02,post,0,0,0.0,0,0.0,0
2019-05-02,later,0,0,0.0,0,0.0,0
2019-05-03,existing,3836,3588,182217.73,198,19045.0,48
2019-05-03,campaign,0,0,0.0,0,0.0,0
2019-05-03,post,0,0,0.0,0,0.0,0
2019-05-03,later,0,0,0.0,0,0.0,0
2019-05-04,existing,3910,3635,177865.36,197,18870.0,76
2019-05-04,campaign,0,0,0.0,0,0.0,0
2019-05-04,post,0,0,0.0,0,0.0,0
2019-05-04,later,0,0,0.0,0,0.0,0
2019-05-05,existing,3972,3689,183359.11,205,18539.0,75
2019-05-05,campaign,0,0,0.0,0,0.0,0
2019-05-05,post,0,0,0.0,0,0.0,0
2019-05-05,later,0,0,0.0,0,0.0,0
2019-05-06,existing,3919,3667,180146.63,186,16382.0,62
2019-05-06,campaign,0,0,0.0,0,0.0,0
2019-05-06,post,0,0,0.0,0,0.0,0
2019-05-06,later,0,0,0.0,0,0.0,0
2019-05-07,existing,3475,3273,171259.61,140,13712.0,60
2019-05-07,campaign,0,0,0.0,0,0.0,0
2019-05-07,post,0,0,0.0,0,0.0,0
2019-05-07,later,0,0,0.0,0,0.0,0
2019-05-08,existing,3594,3319,179423.16,204,34025.0,68
2019-05-08,campaign,0,0,0.0,0,0.0,0
2019-05-08,post,0,0,0.0,0,0.0,0
2019-05-08,later,0,0,0.0,0,0.0,0
2019-05-09,existing,3966,3700,179481.23,185,16144.0,80
2019-05-09,campaign,0,0,0.0,0,0.0,0
2019-05-09,post,0,0,0.0,0,0.0,0
2019-05-09,later,0,0,0.0,0,0.0,0
2019-05-10,existing,3943,3698,178904.95,193,19660.0,50
2019-05-10,campaign,0,0,0.0,0,0.0,0
2019-05-10,post,0,0,0.0,0,0.0,0
2019-05-10,later,0,0,0.0,0,0.0,0
2019-05-11,existing,3896,3666,167761.14,178,16059.0,49
2019-05-11,campaign,0,0,0.0,0,0.0,0
2019-05-11,post,0,0,0.0,0,0.0,0
2019-05-11,later,0,0,0.0,0,0.0,0
2019-05-12,existing,3885,3618,178055.45,191,18744.62,72
2019-05-12,campaign,0,0,0.0,0,0.0,0
2019-05-12,post,0,0,0.0,0,0.0,0
2019-05-12,later,0,0,0.0,0,0.0,0
2019-05-13,existing,3955,3703,192214.7,185,17999.0,64
2019-05-13,campaign,0,0,0.0,0,0.0,0
2019-05-13,post,0,0,0.0,0,0.0,0
2019-05-13,later,0,0,0.0,0,0.0,0
2019-05-14,existing,3563,3354,178955.21,148,13611.0,57
2019-05-14,campaign,0,0,0.0,0,0.0,0
2019-05-14,post,0,0,0.0,0,0.0,0
2019-05-14,later,0,0,0.0,0,0.0,0
2019-05-15,existing,3477,3221,177521.37,201,29976.0,53
2019-05-15,campaign,0,0,0.0,0,0.0,0
2019-05-15,post,0,0,0.0,0,0.0,0
2019-05-15,later,0,0,0.0,0,0.0,0
2019-05-16,existing,3802,3568,175106.93,165,15310.0,65
2019-05-16,campaign,0,0,0.0,0,0.0,0
2019-05-16,post,0,0,0.0,0,0.0,0
2019-05-16,later,0,0,0.0,0,0.0,0
2019-05-17,existing,3882,3636,172872.32,185,17445.0,59
2019-05-17,campaign,0,0,0.0,0,0.0,0
2019-05-17,post,0,0,0.0,0,0.0,0
2019-05-17,later,0,0,0.0,0,0.0,0
2019-05-18,existing,3985,3732,179016.62,199,17337.0,51
2019-05-18,campaign,0,0,0.0,0,0.0,0
2019-05-18,post,0,0,0.0,0,0.0,0
2019-05-18,later,0,0,0.0,0,0.0,0
2019-05-19,existing,3811,3586,166735.58,165,13939.0,57
2019-05-19,campaign,0,0,0.0,0,0.0,0
2019-05-19,post,0,0,0.0,0,0.0,0
2019-05-19,later,0,0,0.0,0,0.0,0
2019-05-20,existing,3838,3594,184812.3,176,17176.0,65
2019-05-20,campaign,0,0,0.0,0,0.0,0
2019-05-20,post,0,0,0.0,0,0.0,0
2019-05-20,later,0,0,0.0,0,0.0,0
2019-05-21,existing,3491,3269,174372.85,164,17421.0,55
2019-05-21,campaign,0,0,0.0,0,0.0,0
2019-05-21,post,0,0,0.0,0,0.0,0
2019-05-21,later,0,0,0.0,0,0.0,0
2019-05-22,existing,3604,3353,179653.42,194,31125.0,55
2019-05-22,campaign,0,0,0.0,0,0.0,0
2019-05-22,post,0,0,0.0,0,0.0,0
2019-05-22,later,0,0,0.0,0,0.0,0
2019-05-23,existing,3895,3665,175796.61,161,13373.0,67
2019-05-23,campaign,0,0,0.0,0,0.0,0
2019-05-23,post,0,0,0.0,0,0.0,0
2019-05-23,later,0,0,0.0,0,0.0,0
2019-05-24,existing,3964,3714,185459.47,192,19498.0,57
2019-05-24,campaign,0,0,0.0,0,0.0,0
2019-05-24,post,0,0,0.0,0,0.0,0
2019-05-24,later,0,0,0.0,0,0.0,0
2019-05-25,existing,3969,3726,180605.85,184,16807.0,57
2019-05-25,campaign,0,0,0.0,0,0.0,0
2019-05-25,post,0,0,0.0,0,0.0,0
2019-05-25,later,0,0,0.0,0,0.0,0
2019-05-26,existing,3933,3674,174216.13,195,17124.0,58
2019-05-26,campaign,0,0,0.0,0,0.0,0
2019-05-26,post,0,0,0.0,0,0.0,0
2019-05-26,later,0,0,0.0,0,0.0,0
2019-05-27,existing,3973,3691,196567.14,204,18562.0,75
2019-05-27,campaign,0,0,0.0,0,0.0,0
2019-05-27,post,0,0,0.0,0,0.0,0
2019-05-27,later,0,0,0.0,0,0.0,0
2019-05-28,existing,3492,3300,173218.25,140,13083.0,50
2019-05-28,campaign,0,0,0.0,0,0.0,0
2019-05-28,post,0,0,0.0,0,0.0,0
2019-05-28,later,0,0,0.0,0,0.0,0
2019-05-29,existing,3521,3263,175502.92,185,25886.0,69
2019-05-29,campaign,0,0,0.0,0,0.0,0
2019-05-29,post,0,0,0.0,0,0.0,0
2019-05-29,later,0,0,0.0,0,0.0,0
2019-05-30,existing,4018,3783,159792.96,174,16655.0,59
2019-05-30,campaign,0,0,0.0,0,0.0,0
2019-05-30,post,0,0,0.0,0,0.0,0
2019-05-30,later,0,0,0.0,0,0.0,0
2019-05-31,existing,4001,3736,191537.87,204,19440.0,57
2019-05-31,campaign,0,0,0.0,0,0.0,0
2019-05-31,post,0,0,0.0,0,0.0,0
2019-05-31,later,0,0,0.0,0,0.0,0
2019-06-01,existing,3883,3623,172017.84,177,14548.0,82
2019-06-01,campaign,0,0,0.0,0,0.0,0
2019-06-01,post,0,0,0.0,0,0.0,0
2019-06-01,later,0,0,0.0,0,0.0,0
2019-06-02,existing,3897,3635,176307.51,190,18453.0,71
2019-06-02,campaign,0,0,0.0,0,0.0,0
2019-06-02,post,0,0,0.0,0,0.0,0
2019-06-02,later,0,0,0.0,0,0.0,0
2019-06-03,existing,3933,3683,197391.37,192,16159.0,54
2019-06-03,campaign,0,0,0.0,0,0.0,0
2019-06-03,post,0,0,0.0,0,0.0,0
2019-06-03,later,0,0,0.0,0,0.0,0
2019-06-04,existing,3558,3336,174603.57,163,16415.0,53
2019-06-04,campaign,0,0,0.0,0,0.0,0
2019-06-04,post,0,0,0.0,0,0.0,0
2019-06-04,later,0,0,0.0,0,0.0,0
2019-06-05,existing,3610,3370,182519.08,183,26427.0,55
2019-06-05,campaign,0,0,0.0,0,0.0,0
2019-06-05,post,0,0,0.0,0,0.0,0
2019-06-05,later,0,0,0.0,0,0.0,0
2019-06-06,existing,3928,3707,181691.82,168,14752.0,51
2019-06-06,campaign,0,0,0.0,0,0.0,0
2019-06-06,post,0,0,0.0,0,0.0,0
2019-06-06,later,0,0,0.0,0,0.0,0
2019-06-07,existing,3985,3727,177882.75,188,16112.0,69
2019-06-07,campaign,0,0,0.0,0,0.0,0
2019-06-07,post,0,0,0.0,0,0.0,0
2019-06-07,later,0,0,0.0,0,0.0,0
2019-06-08,existing,3941,3694,172849.85,188,18117.0,56
2019-06-08,campaign,0,0,0.0,0,0.0,0
2019-06-08,post,0,0,0.0,0,0.0,0
2019-06-08,later,0,0,0.0,0,0.0,0
2019-06-09,existing,3906,3644,177982.43,182,16798.0,76
2019-06-09,campaign,0,0,0.0,0,0.0,0
2019-06-09,post,0,0,0.0,0,0.0,0
2019-06-09,later,0,0,0.0,0,0.0,0
2019-06-10,existing,3894,3658,186513.9,175,16931.0,59
2019-06-10,campaign,0,0,0.0,0,0.0,0
2019-06-10,post,0,0,0.0,0,0.0,0
2019-06-10,later,0,0,0.0,0,0.0,0
2019-06-11,existing,3489,3281,173748.03,151,17143.0,56
2019-06-11,campaign,0,0,0.0,0,0.0,0
2019-06-11,post,0,0,0.0,0,0.0,0
2019-06-11,later,0,0,0.0,0,0.0,0
2019-06-12,existing,3546,3280,177699.81,194,27414.0,68
2019-06-12,campaign,0,0,0.0,0,0.0,0
2019-06-12,post,0,0,0.0,0,0.0,0
2019-06-12,later,0,0,0.0,0,0.0,0
2019-06-13,existing,3865,3631,169850.77,174,15008.0,59
2019-06-13,campaign,0,0,0.0,0,0.0,0
2019-06-13,post,0,0,0.0,0,0.0,0
2019-06-13,later,0,0,0.0,0,0.0,0
2019-06-14,existing,3931,3669,189306.53,189,19944.0,70
2019-06-14,campaign,0,0,0.0,0,0.0,0
2019-06-14,post,0,0,0.0,0,0.0,0
2019-06-14,later,0,0,0.0,0,0.0,0
2019-06-15,existing,4004,3719,179467.96,206,18625.0,78
2019-06-15,campaign,0,0,0.0,0,0.0,0
2019-06-15,post,0,0,0.0,0,0.0,0
2019-06-15,later,0,0,0.0,0,0.0,0
2019-06-16,existing,3928,3668,173865.52,190,17321.0,67
2019-06-16,campaign,0,0,0.0,0,0.0,0
2019-06-16,post,0,0,0.0,0,0.0,0
2019-06-16,later,0,0,0.0,0,0.0,0
2019-06-17,existing,4053,3784,197763.69,209,17120.0,56
2019-06-17,campaign,0,0,0.0,0,0.0,0
2019-06-17,post,0,0,0.0,0,0.0,0
2019-06-17,later,0,0,0.0,0,0.0,0
2019-06-18,existing,3497,3301,173274.86000000002,149,17893.0,44
2019-06-18,campaign,0,0,0.0,0,0.0,0
2019-06-18,post,0,0,0.0,0,0.0,0
2019-06-18,later,0,0,0.0,0,0.0,0
2019-06-19,existing,3581,3339,180486.42,189,30937.0,50
2019-06-19,campaign,0,0,0.0,0,0.0,0
2019-06-19,post,0,0,0.0,0,0.0,0
2019-06-19,later,0,0,0.0,0,0.0,0
2019-06-20,existing,3927,3690,180389.22,179,18885.0,57
2019-06-20,campaign,0,0,0.0,0,0.0,0
2019-06-20,post,0,0,0.0,0,0.0,0
2019-06-20,later,0,0,0.0,0,0.0,0
2019-06-21,existing,4030,3768,178912.83,191,18317.0,70
2019-06-21,campaign,0,0,0.0,0,0.0,0
2019-06-21,post,0,0,0.0,0,0.0,0
2019-06-21,later,0,0,0.0,0,0.0,0
2019-06-22,existing,3971,3720,185944.56,185,18080.0,58
2019-06-22,campaign,0,0,0.0,0,0.0,0
2019-06-22,post,0,0,0.0,0,0.0,0
2019-06-22,later,0,0,0.0,0,0.0,0
2019-06-23,existing,3797,3592,188064.59,146,12871.0,53
2019-06-23,campaign,0,0,0.0,0,0.0,0
2019-06-23,post,0,0,0.0,0,0.0,0
2019-06-23,later,0,0,0.0,0,0.0,0
2019-06-24,existing,3917,3683,188683.71,172,15305.0,62
2019-06-24,campaign,0,0,0.0,0,0.0,0
2019-06-24,post,0,0,0.0,0,0.0,0
2019-06-24,later,0,0,0.0,0,0.0,0
2019-06-25,existing,3593,3387,172846.01,142,14273.0,58
2019-06-25,campaign,0,0,0.0,0,0.0,0
2019-06-25,post,0,0,0.0,0,0.0,0
2019-06-25,later,0,0,0.0,0,0.0,0
2019-06-26,existing,3704,3406,196878.57,236,41103.0,59
2019-06-26,campaign,0,0,0.0,0,0.0,0
2019-06-26,post,0,0,0.0,0,0.0,0
2019-06-26,later,0,0,0.0,0,0.0,0
2019-06-27,existing,3916,3655,177948.07,187,19467.0,74
2019-06-27,campaign,0,0,0.0,0,0.0,0
2019-06-27,post,0,0,0.0,0,0.0,0
2019-06-27,later,0,0,0.0,0,0.0,0
2019-06-28,existing,3948,3689,178372.29,194,19153.24,62
2019-06-28,campaign,0,0,0.0,0,0.0,0
2019-06-28,post,0,0,0.0,0,0.0,0
2019-06-28,later,0,0,0.0,0,0.0,0
2019-06-29,existing,3896,3642,182929.21,195,19558.0,58
2019-06-29,campaign,0,0,0.0,0,0.0,0
2019-06-29,post,0,0,0.0,0,0.0,0
2019-06-29,later,0,0,0.0,0,0.0,0
2019-06-30,existing,3886,3636,174412.12,180,17716.0,67
2019-06-30,campaign,0,0,0.0,0,0.0,0
2019-06-30,post,0,0,0.0,0,0.0,0
2019-06-30,later,0,0,0.0,0,0.0,0
2019-07-01,existing,4023,3756,185095.67,204,18863.0,61
2019-07-01,campaign,0,0,0.0,0,0.0,0
2019-07-01,post,0,0,0.0,0,0.0,0
2019-07-01,later,0,0,0.0,0,0.0,0
2019-07-02,existing,3440,3232,168095.23,158,14880.0,48
2019-07-02,campaign,0,0,0.0,0,0.0,0
2019-07-02,post,0,0,0.0,0,0.0,0
2019-07-02,later,0,0,0.0,0,0.0,0
2019-07-03,existing,3585,3296,175304.2,223,33706.0,62
2019-07-03,campaign,0,0,0.0,0,0.0,0
2019-07-03,post,0,0,0.0,0,0.0,0
2019-07-03,later,0,0,0.0,0,0.0,0
2019-07-04,existing,3960,3720,160299.55,178,17865.0,59
2019-07-04,campaign,0,0,0.0,0,0.0,0
2019-07-04,post,0,0,0.0,0,0.0,0
2019-07-04,later,0,0,0.0,0,0.0,0
2019-07-05,existing,3989,3710,180885.38,209,19003.0,65
2019-07-05,campaign,0,0,0.0,0,0.0,0
2019-07-05,post,0,0,0.0,0,0.0,0
2019-07-05,later,0,0,0.0,0,0.0,0
2019-07-06,existing,3898,3655,176196.99,181,16570.0,59
2019-07-06,campaign,0,0,0.0,0,0.0,0
2019-07-06,post,0,0,0.0,0,0.0,0
2019-07-06,later,0,0,0.0,0,0.0,0
2019-07-07,existing,3918,3666,173037.83,188,16725.0,62
2019-07-07,campaign,0,0,0.0,0,0.0,0
2019-07-07,post,0,0,0.0,0,0.0,0
2019-07-07,later,0,0,0.0,0,0.0,0
2019-07-08,existing,4014,3748,191868.98,200,20878.0,64
2019-07-08,campaign,0,0,0.0,0,0.0,0
2019-07-08,post,0,0,0.0,0,0.0,0
2019-07-08,later,0,0,0.0,0,0.0,0
2019-07-09,existing,3584,3355,176177.17,172,17858.0,54
2019-07-09,campaign,0,0,0.0,0,0.0,0
2019-07-09,post,0,0,0.0,0,0.0,0
2019-07-09,later,0,0,0.0,0,0.0,0
2019-07-10,existing,3645,3374,184055.38,206,27522.0,62
2019-07-10,campaign,0,0,0.0,0,0.0,0
2019-07-10,post,0,0,0.0,0,0.0,0
2019-07-10,later,0,0,0.0,0,0.0,0
2019-07-11,existing,3953,3707,184934.1,193,18277.0,52
2019-07-11,campaign,0,0,0.0,0,0.0,0
2019-07-11,post,0,0,0.0,0,0.0,0
2019-07-11,later,0,0,0.0,0,0.0,0
2019-07-12,existing,3948,3694,178380.53,192,18330.0,58
2019-07-12,campaign,0,0,0.0,0,0.0,0
2019-07-12,post,0,0,0.0,0,0.0,0
2019-07-12,later,0,0,0.0,0,0.0,0
2019-07-13,existing,3946,3679,177060.11,194,17355.0,72
2019-07-13,campaign,0,0,0.0,0,0.0,0
2019-07-13,post,0,0,0.0,0,0.0,0
2019-07-13,later,0,0,0.0,0,0.0,0
2019-07-14,existing,4026,3770,177360.19,183,16020.0,71
2019-07-14,campaign,0,0,0.0,0,0.0,0
2019-07-14,post,0,0,0.0,0,0.0,0
2019-07-14,later,0,0,0.0,0,0.0,0
2019-07-15,existing,4001,3759,189393.75,184,18626.0,55
2019-07-15,campaign,0,0,0.0,0,0.0,0
2019-07-15,post,0,0,0.0,0,0.0,0
2019-07-15,later,0,0,0.0,0,0.0,0
2019-07-16,existing,3550,3344,168849.86,143,12916.0,62
2019-07-16,campaign,0,0,0.0,0,0.0,0
2019-07-16,post,0,0,0.0,0,0.0,0
2019-07-16,later,0,0,0.0,0,0.0,0
2019-07-17,existing,3630,3377,185005.9,189,32300.0,62
2019-07-17,campaign,0,0,0.0,0,0.0,0
2019-07-17,post,0,0,0.0,0,0.0,0
2019-07-17,later,0,0,0.0,0,0.0,0
2019-07-18,existing,3982,3728,179745.55,188,17722.18,64
2019-07-18,campaign,0,0,0.0,0,0.0,0
2019-07-18,post,0,0,0.0,0,0.0,0
2019-07-18,later,0,0,0.0,0,0.0,0
2019-07-19,existing,3782,3548,167528.34,166,15261.0,67
2019-07-19,campaign,0,0,0.0,0,0.0,0
2019-07-19,post,0,0,0.0,0,0.0,0
2019-07-19,later,0,0,0.0,0,0.0,0
2019-07-20,existing,4052,3793,183119.25,191,19065.0,65
2019-07-20,campaign,0,0,0.0,0,0.0,0
2019-07-20,post,0,0,0.0,0,0.0,0
2019-07-20,later,0,0,0.0,0,0.0,0
2019-07-21,existing,3901,3638,172933.42,200,19216.0,61
2019-07-21,campaign,0,0,0.0,0,0.0,0
2019-07-21,post,0,0,0.0,0,0.0,0
2019-07-21,later,0,0,0.0,0,0.0,0
2019-07-22,existing,3949,3699,186506.23,183,16510.0,65
2019-07-22,campaign,0,0,0.0,0,0.0,0
2019-07-22,post,0,0,0.0,0,0.0,0
2019-07-22,later,0,0,0.0,0,0.0,0
2019-07-23,existing,3594,3367,175943.82,152,14195.0,73
2019-07-23,campaign,0,0,0.0,0,0.0,0
2019-07-23,post,0,0,0.0,0,0.0,0
2019-07-23,later,0,0,0.0,0,0.0,0
2019-07-24,existing,3622,3367,180469.29,209,28191.0,45
2019-07-24,campaign,0,0,0.0,0,0.0,0
2019-07-24,post,0,0,0.0,0,0.0,0
2019-07-24,later,0,0,0.0,0,0.0,0
2019-07-25,existing,3989,3734,174842.15,195,18249.0,59
2019-07-25,campaign,0,0,0.0,0,0.0,0
2019-07-25,post,0,0,0.0,0,0.0,0
2019-07-25,later,0,0,0.0,0,0.0,0
2019-07-26,existing,3975,3717,181734.37,202,20435.0,52
2019-07-26,campaign,0,0,0.0,0,0.0,0
2019-07-26,post,0,0,0.0,0,0.0,0
2019-07-26,later,0,0,0.0,0,0.0,0
2019-07-27,existing,3902,3651,179997.24,201,18701.0,48
2019-07-27,campaign,0,0,0.0,0,0.0,0
2019-07-27,post,0,0,0.0,0,0.0,0
2019-07-27,later,0,0,0.0,0,0.0,0
2019-07-28,existing,3967,3725,179168.82,182,17804.0,60
2019-07-28,campaign,0,0,0.0,0,0.0,0
2019-07-28,post,0,0,0.0,0,0.0,0
2019-07-28,later,0,0,0.0,0,0.0,0
2019-07-29,existing,3958,3725,188447.86,179,16999.0,53
2019-07-29,campaign,0,0,0.0,0,0.0,0
2019-07-29,post,0,0,0.0,0,0.0,0
2019-07-29,later,0,0,0.0,0,0.0,0
2019-07-30,existing,3548,3355,175516.67,143,13472.0,48
2019-07-30,campaign,0,0,0.0,0,0.0,0
2019-07-30,post,0,0,0.0,0,0.0,0
2019-07-30,later,0,0,0.0,0,0.0,0
2019-07-31,existing,3575,3318,180519.75,195,27269.0,59
2019-07-31,campaign,0,0,0.0,0,0.0,0
2019-07-31,post,0,0,0.0,0,0.0,0
2019-07-31,later,0,0,0.0,0,0.0,0
2019-08-01,existing,3995,3718,182003.28,203,20175.05,72
2019-08-01,campaign,0,0,0.0,0,0.0,0
2019-08-01,post,0,0,0.0,0,0.0,0
2019-08-01,later,0,0,0.0,0,0.0,0
2019-08-02,existing,3978,3725,176517.26,195,19194.0,53
2019-08-02,campaign,0,0,0.0,0,0.0,0
2019-08-02,post,0,0,0.0,0,0.0,0
2019-08-02,later,0,0,0.0,0,0.0,0
2019-08-03,existing,3918,3658,178515.97,201,19115.0,56
2019-08-03,campaign,0,0,0.0,0,0.0,0
2019-08-03,post,0,0,0.0,0,0.0,0
2019-08-03,later,0,0,0.0,0,0.0,0
2019-08-04,existing,3877,3642,181333.71,177,17538.0,57
2019-08-04,campaign,0,0,0.0,0,0.0,0
2019-08-04,post,0,0,0.0,0,0.0,0
2019-08-04,later,0,0,0.0,0,0.0,0
2019-08-05,existing,3964,3706,192357.21,184,19070.0,71
2019-08-05,campaign,0,0,0.0,0,0.0,0
2019-08-05,post,0,0,0.0,0,0.0,0
2019-08-05,later,0,0,0.0,0,0.0,0
2019-08-06,existing,3597,3362,177855.25,165,19618.0,67
2019-08-06,campaign,0,0,0.0,0,0.0,0
2019-08-06,post,0,0,0.0,0,0.0,0
2019-08-06,later,0,0,0.0,0,0.0,0
2019-08-07,existing,3678,3409,192439.69,210,34809.0,55
2019-08-07,campaign,0,0,0.0,0,0.0,0
2019-08-07,post,0,0,0.0,0,0.0,0
2019-08-07,later,0,0,0.0,0,0.0,0
2019-08-08,existing,3889,3644,175596.01,191,19409.0,51
2019-08-08,campaign,0,0,0.0,0,0.0,0
2019-08-08,post,0,0,0.0,0,0.0,0
2019-08-08,later,0,0,0.0,0,0.0,0
2019-08-09,existing,4005,3732,174361.99,204,19410.0,66
2019-08-09,campaign,0,0,0.0,0,0.0,0
2019-08-09,post,0,0,0.0,0,0.0,0
2019-08-09,later,0,0,0.0,0,0.0,0
2019-08-10,existing,3918,3670,175979.24,190,19528.0,55
2019-08-10,campaign,0,0,0.0,0,0.0,0
2019-08-10,post,0,0,0.0,0,0.0,0
2019-08-10,later,0,0,0.0,0,0.0,0
2019-08-11,existing,3915,3656,179884.73,198,18429.0,58
2019-08-11,campaign,0,0,0.0,0,0.0,0
2019-08-11,post,0,0,0.0,0,0.0,0
2019-08-11,later,0,0,0.0,0,0.0,0
2019-08-12,existing,3901,3637,180904.61,183,17963.0,76
2019-08-12,campaign,0,0,0.0,0,0.0,0
2019-08-12,post,0,0,0.0,0,0.0,0
2019-08-12,later,0,0,0.0,0,0.0,0
2019-08-13,existing,3491,3295,177566.62,140,12903.0,53
2019-08-13,campaign,0,0,0.0,0,0.0,0
2019-08-13,post,0,0,0.0,0,0.0,0
2019-08-13,later,0,0,0.0,0,0.0,0
2019-08-14,existing,3539,3275,181652.48,195,30326.0,66
2019-08-14,campaign,0,0,0.0,0,0.0,0
2019-08-14,post,0,0,0.0,0,0.0,0
2019-08-14,later,0,0,0.0,0,0.0,0
2019-08-15,existing,3913,3639,175886.39,201,18517.0,71
2019-08-15,campaign,0,0,0.0,0,0.0,0
2019-08-15,post,0,0,0.0,0,0.0,0
2019-08-15,later,0,0,0.0,0,0.0,0
2019-08-16,existing,3932,3671,171399.27,190,18232.0,66
2019-08-16,campaign,0,0,0.0,0,0.0,0
2019-08-16,post,0,0,0.0,0,0.0,0
2019-08-16,later,0,0,0.0,0,0.0,0
2019-08-17,existing,3967,3698,175913.37,194,18835.0,73
2019-08-17,campaign,0,0,0.0,0,0.0,0
2019-08-17,post,0,0,0.0,0,0.0,0
2019-08-17,later,0,0,0.0,0,0.0,0
2019-08-18,existing,3819,3568,163051.06,182,16133.0,67
2019-08-18,campaign,0,0,0.0,0,0.0,0
2019-08-18,post,0,0,0.0,0,0.0,0
2019-08-18,later,0,0,0.0,0,0.0,0
2019-08-19,existing,3954,3693,191112.89,181,17591.0,78
2019-08-19,campaign,0,0,0.0,0,0.0,0
2019-08-19,post,0,0,0.0,0,0.0,0
2019-08-19,later,0,0,0.0,0,0.0,0
2019-08-20,existing,3669,3411,177758.1,189,20405.0,65
2019-08-20,campaign,0,0,0.0,0,0.0,0
2019-08-20,post,0,0,0.0,0,0.0,0
2019-08-20,later,0,0,0.0,0,0.0,0
2019-08-21,existing,3658,3360,194114.19,225,32692.0,70
2019-08-21,campaign,0,0,0.0,0,0.0,0
2019-08-21,post,0,0,0.0,0,0.0,0
2019-08-21,later,0,0,0.0,0,0.0,0
2019-08-22,existing,3828,3585,170735.2,183,16633.0,57
2019-08-22,campaign,0,0,0.0,0,0.0,0
2019-08-22,post,0,0,0.0,0,0.0,0
2019-08-22,later,0,0,0.0,0,0.0,0
2019-08-23,existing,3946,3684,171842.24,190,19251.0,69
2019-08-23,campaign,0,0,0.0,0,0.0,0
2019-08-23,post,0,0,0.0,0,0.0,0
2019-08-23,later,0,0,0.0,0,0.0,0
2019-08-24,existing,3947,3687,183051.82,206,18924.0,52
2019-08-24,campaign,0,0,0.0,0,0.0,0
2019-08-24,post,0,0,0.0,0,0.0,0
2019-08-24,later,0,0,0.0,0,0.0,0
2019-08-25,existing,3886,3642,168644.62,177,17146.0,62
2019-08-25,campaign,0,0,0.0,0,0.0,0
2019-08-25,post,0,0,0.0,0,0.0,0
2019-08-25,later,0,0,0.0,0,0.0,0
2019-08-26,existing,3933,3678,183234.83,188,20019.0,65
2019-08-26,campaign,0,0,0.0,0,0.0,0
2019-08-26,post,0,0,0.0,0,0.0,0
2019-08-26,later,0,0,0.0,0,0.0,0
2019-08-27,existing,3543,3325,170332.38,154,14995.0,62
2019-08-27,campaign,0,0,0.0,0,0.0,0
2019-08-27,post,0,0,0.0,0,0.0,0
2019-08-27,later,0,0,0.0,0,0.0,0
2019-08-28,existing,3564,3301,173508.4,195,27975.0,66
2019-08-28,campaign,0,0,0.0,0,0.0,0
2019-08-28,post,0,0,0.0,0,0.0,0
2019-08-28,later,0,0,0.0,0,0.0,0
2019-08-29,existing,3964,3692,182847.74,203,20560.0,64
2019-08-29,campaign,0,0,0.0,0,0.0,0
2019-08-29,post,0,0,0.0,0,0.0,0
2019-08-29,later,0,0,0.0,0,0.0,0
2019-08-30,existing,3897,3659,176840.95,186,18736.0,50
2019-08-30,campaign,0,0,0.0,0,0.0,0
2019-08-30,post,0,0,0.0,0,0.0,0
2019-08-30,later,0,0,0.0,0,0.0,0
2019-08-31,existing,3820,3589,174813.41,174,17694.0,55
2019-08-31,campaign,0,0,0.0,0,0.0,0
2019-08-31,post,0,0,0.0,0,0.0,0
2019-08-31,later,0,0,0.0,0,0.0,0
2019-09-01,existing,3922,3641,176661.3,214,23051.0,64
2019-09-01,campaign,0,0,0.0,0,0.0,0
2019-09-01,post,0,0,0.0,0,0.0,0
2019-09-01,later,0,0,0.0,0,0.0,0
2019-09-02,existing,4035,3784,191934.73,184,17302.0,63
2019-09-02,campaign,0,0,0.0,0,0.0,0
2019-09-02,post,0,0,0.0,0,0.0,0
2019-09-02,later,0,0,0.0,0,0.0,0
2019-09-03,existing,3502,3299,163974.37,145,13866.0,57
2019-09-03,campaign,0,0,0.0,0,0.0,0
2019-09-03,post,0,0,0.0,0,0.0,0
2019-09-03,later,0,0,0.0,0,0.0,0
2019-09-04,existing,3530,3264,172128.36,202,29615.0,61
2019-09-04,campaign,0,0,0.0,0,0.0,0
2019-09-04,post,0,0,0.0,0,0.0,0
2019-09-04,later,0,0,0.0,0,0.0,0
2019-09-05,existing,4092,3825,169081.66,198,19009.0,67
2019-09-05,campaign,0,0,0.0,0,0.0,0
2019-09-05,post,0,0,0.0,0,0.0,0
2019-09-05,later,0,0,0.0,0,0.0,0
2019-09-06,existing,3952,3710,178797.0,173,15734.0,66
2019-09-06,campaign,0,0,0.0,0,0.0,0
2019-09-06,post,0,0,0.0,0,0.0,0
2019-09-06,later,0,0,0.0,0,0.0,0
2019-09-07,existing,3925,3681,183896.55,188,18668.4,52
2019-09-07,campaign,0,0,0.0,0,0.0,0
2019-09-07,post,0,0,0.0,0,0.0,0
2019-09-07,later,0,0,0.0,0,0.0,0
2019-09-08,existing,3874,3603,176581.1,203,19025.0,66
2019-09-08,campaign,0,0,0.0,0,0.0,0
2019-09-08,post,0,0,0.0,0,0.0,0
2019-09-08,later,0,0,0.0,0,0.0,0
2019-09-09,existing,3967,3707,180550.0,207,19108.0,49
2019-09-09,campaign,0,0,0.0,0,0.0,0
2019-09-09,post,0,0,0.0,0,0.0,0
2019-09-09,later,0,0,0.0,0,0.0,0
2019-09-10,existing,3568,3351,169759.21,166,15122.0,49
2019-09-10,campaign,0,0,0.0,0,0.0,0
2019-09-10,post,0,0,0.0,0,0.0,0
2019-09-10,later,0,0,0.0,0,0.0,0
2019-09-11,existing,3569,3299,180887.13,207,32599.0,60
2019-09-11,campaign,0,0,0.0,0,0.0,0
2019-09-11,post,0,0,0.0,0,0.0,0
2019-09-11,later,0,0,0.0,0,0.0,0
2019-09-12,existing,3926,3671,179316.04,186,15685.46,68
2019-09-12,campaign,0,0,0.0,0,0.0,0
2019-09-12,post,0,0,0.0,0,0.0,0
2019-09-12,later,0,0,0.0,0,0.0,0
2019-09-13,existing,3976,3722,171444.37,189,18675.0,60
2019-09-13,campaign,0,0,0.0,0,0.0,0
2019-09-13,post,0,0,0.0,0,0.0,0
2019-09-13,later,0,0,0.0,0,0.0,0
2019-09-14,existing,3898,3654,177665.49,178,18109.0,65
2019-09-14,campaign,0,0,0.0,0,0.0,0
2019-09-14,post,0,0,0.0,0,0.0,0
2019-09-14,later,0,0,0.0,0,0.0,0
2019-09-15,existing,3873,3628,175372.07,175,15331.0,65
2019-09-15,campaign,0,0,0.0,0,0.0,0
2019-09-15,post,0,0,0.0,0,0.0,0
2019-09-15,later,0,0,0.0,0,0.0,0
2019-09-16,existing,3971,3710,188302.46,201,20012.0,58
2019-09-16,campaign,0,0,0.0,0,0.0,0
2019-09-16,post,0,0,0.0,0,0.0,0
2019-09-16,later,0,0,0.0,0,0.0,0
2019-09-17,existing,3508,3302,174755.97,153,14770.0,50
2019-09-17,campaign,0,0,0.0,0,0.0,0
2019-09-17,post,0,0,0.0,0,0.0,0
2019-09-17,later,0,0,0.0,0,0.0,0
2019-09-18,existing,3551,3302,174326.04,183,28923.0,62
2019-09-18,campaign,0,0,0.0,0,0.0,0
2019-09-18,post,0,0,0.0,0,0.0,0
2019-09-18,later,0,0,0.0,0,0.0,0
2019-09-19,existing,3849,3612,171235.3,174,16024.0,61
2019-09-19,campaign,0,0,0.0,0,0.0,0
2019-09-19,post,0,0,0.0,0,0.0,0
2019-09-19,later,0,0,0.0,0,0.0,0
2019-09-20,existing,3883,3639,168520.59,185,15245.0,58
2019-09-20,campaign,0,0,0.0,0,0.0,0
2019-09-20,post,0,0,0.0,0,0.0,0
2019-09-20,later,0,0,0.0,0,0.0,0
2019-09-21,existing,3869,3637,167252.14,168,16838.0,61
2019-09-21,campaign,0,0,0.0,0,0.0,0
2019-09-21,post,0,0,0.0,0,0.0,0
2019-09-21,later,0,0,0.0,0,0.0,0
2019-09-22,existing,3993,3743,191473.43,182,17946.0,66
2019-09-22,campaign,0,0,0.0,0,0.0,0
2019-09-22,post,0,0,0.0,0,0.0,0
2019-09-22,later,0,0,0.0,0,0.0,0
2019-09-23,existing,4052,3771,188189.21,205,19006.0,74
2019-09-23,campaign,0,0,0.0,0,0.0,0
2019-09-23,post,0,0,0.0,0,0.0,0
2019-09-23,later,0,0,0.0,0,0.0,0
2019-09-24,existing,3459,3249,169305.07,158,15904.0,49
2019-09-24,campaign,0,0,0.0,0,0.0,0
2019-09-24,post,0,0,0.0,0,0.0,0
2019-09-24,later,0,0,0.0,0,0.0,0
2019-09-25,existing,3576,3314,179274.58,198,29872.0,61
2019-09-25,campaign,0,0,0.0,0,0.0,0
2019-09-25,post,0,0,0.0,0,0.0,0
2019-09-25,later,0,0,0.0,0,0.0,0
2019-09-26,existing,3871,3612,168539.96,195,17657.0,62
2019-09-26,campaign,0,0,0.0,0,0.0,0
2019-09-26,post,0,0,0.0,0,0.0,0
2019-09-26,later,0,0,0.0,0,0.0,0
2019-09-27,existing,3956,3720,184688.52,181,16776.0,53
2019-09-27,campaign,0,0,0.0,0,0.0,0
2019-09-27,post,0,0,0.0,0,0.0,0
2019-09-27,later,0,0,0.0,0,0.0,0
2019-09-28,existing,3859,3602,177005.34,177,14580.0,75
2019-09-28,campaign,0,0,0.0,0,0.0,0
2019-09-28,post,0,0,0.0,0,0.0,0
2019-09-28,later,0,0,0.0,0,0.0,0
2019-09-29,existing,3899,3655,176726.2,182,18719.0,60
2019-09-29,campaign,0,0,0.0,0,0.0,0
2019-09-29,post,0,0,0.0,0,0.0,0
2019-09-29,later,0,0,0.0,0,0.0,0
2019-09-30,existing,3866,3633,181050.94,174,15328.0,56
2019-09-30,campaign,0,0,0.0,0,0.0,0
2019-09-30,post,0,0,0.0,0,0.0,0
2019-09-30,later,0,0,0.0,0,0.0,0
2019-10-01,existing,3363,3133,164262.13,156,14070.0,71
2019-10-01,campaign,0,0,0.0,0,0.0,0
2019-10-01,post,0,0,0.0,0,0.0,0
2019-10-01,later,0,0,0.0,0,0.0,0
2019-10-02,existing,3541,3304,177850.94,181,30263.0,54
2019-10-02,campaign,0,0,0.0,0,0.0,0
2019-10-02,post,0,0,0.0,0,0.0,0
2019-10-02,later,0,0,0.0,0,0.0,0
2019-10-03,existing,3897,3648,172753.09,188,16138.0,58
2019-10-03,campaign,0,0,0.0,0,0.0,0
2019-10-03,post,0,0,0.0,0,0.0,0
2019-10-03,later,0,0,0.0,0,0.0,0
2019-10-04,existing,3995,3738,184871.65,196,17443.0,58
2019-10-04,campaign,0,0,0.0,0,0.0,0
2019-10-04,post,0,0,0.0,0,0.0,0
2019-10-04,later,0,0,0.0,0,0.0,0
2019-10-05,existing,3862,3633,176037.99,170,16136.0,58
2019-10-05,campaign,0,0,0.0,0,0.0,0
2019-10-05,post,0,0,0.0,0,0.0,0
2019-10-05,later,0,0,0.0,0,0.0,0
2019-10-06,existing,3973,3705,175261.29,190,16394.0,77
2019-10-06,campaign,0,0,0.0,0,0.0,0
2019-10-06,post,0,0,0.0,0,0.0,0
2019-10-06,later,0,0,0.0,0,0.0,0
2019-10-07,existing,3906,3643,185811.49,187,17944.0,75
2019-10-07,campaign,0,0,0.0,0,0.0,0
2019-10-07,post,0,0,0.0,0,0.0,0
2019-10-07,later,0,0,0.0,0,0.0,0
2019-10-08,existing,3478,3269,165221.09,147,15852.0,59
2019-10-08,campaign,0,0,0.0,0,0.0,0
2019-10-08,post,0,0,0.0,0,0.0,0
2019-10-08,later,0,0,0.0,0,0.0,0
2019-10-09,existing,3585,3302,181635.33,210,32468.0,70
2019-10-09,campaign,0,0,0.0,0,0.0,0
2019-10-09,post,0,0,0.0,0,0.0,0
2019-10-09,later,0,0,0.0,0,0.0,0
2019-10-10,existing,3887,3668,165129.9,160,14911.0,57
2019-10-10,campaign,0,0,0.0,0,0.0,0
2019-10-10,post,0,0,0.0,0,0.0,0
2019-10-10,later,0,0,0.0,0,0.0,0
2019-10-11,existing,3925,3675,178339.15,185,15569.0,61
2019-10-11,campaign,0,0,0.0,0,0.0,0
2019-10-11,post,0,0,0.0,0,0.0,0
2019-10-11,later,0,0,0.0,0,0.0,0
2019-10-12,existing,3906,3644,181889.82,199,19685.0,61
2019-10-12,campaign,0,0,0.0,0,0.0,0
2019-10-12,post,0,0,0.0,0,0.0,0
2019-10-12,later,0,0,0.0,0,0.0,0
2019-10-13,existing,3879,3638,172993.93,177,15318.0,61
2019-10-13,campaign,0,0,0.0,0,0.0,0
2019-10-13,post,0,0,0.0,0,0.0,0
2019-10-13,later,0,0,0.0,0,0.0,0
2019-10-14,existing,3909,3660,188178.41,188,16834.0,57
2019-10-14,campaign,0,0,0.0,0,0.0,0
2019-10-14,post,0,0,0.0,0,0.0,0
2019-10-14,later,0,0,0.0,0,0.0,0
2019-10-15,existing,3495,3296,174530.6,140,14656.0,56
2019-10-15,campaign,0,0,0.0,0,0.0,0
2019-10-15,post,0,0,0.0,0,0.0,0
2019-10-15,later,0,0,0.0,0,0.0,0
2019-10-16,existing,3496,3249,174804.16,183,26717.0,63
2019-10-16,campaign,0,0,0.0,0,0.0,0
2019-10-16,post,0,0,0.0,0,0.0,0
2019-10-16,later,0,0,0.0,0,0.0,0
2019-10-17,existing,3913,3683,165328.23,178,14782.0,52
2019-10-17,campaign,0,0,0.0,0,0.0,0
2019-10-17,post,0,0,0.0,0,0.0,0
2019-10-17,later,0,0,0.0,0,0.0,0
2019-10-18,existing,3954,3673,177239.74,203,18463.0,70
2019-10-18,campaign,0,0,0.0,0,0.0,0
2019-10-18,post,0,0,0.0,0,0.0,0
2019-10-18,later,0,0,0.0,0,0.0,0
2019-10-19,existing,3942,3684,176214.29,186,17049.0,68
2019-10-19,campaign,0,0,0.0,0,0.0,0
2019-10-19,post,0,0,0.0,0,0.0,0
2019-10-19,later,0,0,0.0,0,0.0,0
2019-10-20,existing,3834,3581,175370.34,179,16098.0,71
2019-10-20,campaign,0,0,0.0,0,0.0,0
2019-10-20,post,0,0,0.0,0,0.0,0
2019-10-20,later,0,0,0.0,0,0.0,0
2019-10-21,existing,4047,3787,187886.88,204,19430.0,55
2019-10-21,campaign,0,0,0.0,0,0.0,0
2019-10-21,post,0,0,0.0,0,0.0,0
2019-10-21,later,0,0,0.0,0,0.0,0
2019-10-22,existing,3487,3275,168541.36,145,12159.0,62
2019-10-22,campaign,0,0,0.0,0,0.0,0
2019-10-22,post,0,0,0.0,0,0.0,0
2019-10-22,later,0,0,0.0,0,0.0,0
2019-10-23,existing,3668,3375,178969.34,218,28243.0,71
2019-10-23,campaign,0,0,0.0,0,0.0,0
2019-10-23,post,0,0,0.0,0,0.0,0
2019-10-23,later,0,0,0.0,0,0.0,0
2019-10-24,existing,3855,3631,175690.49,174,14462.0,47
2019-10-24,campaign,0,0,0.0,0,0.0,0
2019-10-24,post,0,0,0.0,0,0.0,0
2019-10-24,later,0,0,0.0,0,0.0,0
2019-10-25,existing,3862,3628,171656.45,180,18269.0,52
2019-10-25,campaign,0,0,0.0,0,0.0,0
2019-10-25,post,0,0,0.0,0,0.0,0
2019-10-25,later,0,0,0.0,0,0.0,0
2019-10-26,existing,3813,3582,174968.63,173,17329.0,53
2019-10-26,campaign,0,0,0.0,0,0.0,0
2019-10-26,post,0,0,0.0,0,0.0,0
2019-10-26,later,0,0,0.0,0,0.0,0
2019-10-27,existing,3866,3605,169971.27,190,19004.2,67
2019-10-27,campaign,0,0,0.0,0,0.0,0
2019-10-27,post,0,0,0.0,0,0.0,0
2019-10-27,later,0,0,0.0,0,0.0,0
2019-10-28,existing,3944,3703,182276.31,181,16898.0,59
2019-10-28,campaign,0,0,0.0,0,0.0,0
2019-10-28,post,0,0,0.0,0,0.0,0
2019-10-28,later,0,0,0.0,0,0.0,0
2019-10-29,existing,3552,3322,175674.41,173,18355.0,56
2019-10-29,campaign,0,0,0.0,0,0.0,0
2019-10-29,post,0,0,0.0,0,0.0,0
2019-10-29,later,0,0,0.0,0,0.0,0
2019-10-30,existing,3562,3305,181056.45,192,27123.0,59
2019-10-30,campaign,0,0,0.0,0,0.0,0
2019-10-30,post,0,0,0.0,0,0.0,0
2019-10-30,later,0,0,0.0,0,0.0,0
2019-10-31,existing,3978,3717,174214.03,191,18951.0,67
2019-10-31,campaign,0,0,0.0,0,0.0,0
2019-10-31,post,0,0,0.0,0,0.0,0
2019-10-31,later,0,0,0.0,0,0.0,0
