client_id,signup_id,card_id,first_signup_ts,self_reported_source,n_touches_before,first_touch_channel,first_touch_ts,last_touch_channel,last_touch_ts,last_touch_campaign,segment,interchange,purchase_count,active_months,credit_share,established,credit_led
0,s_000790,1622,2020-02-01 09:58:00,search,5,affiliate,2020-01-02 01:07:44,paid_search_brand,2020-01-31 17:20:08,brand_exact,Regular credit-led,735.4059500000001,1198.0,12.0,0.5304661273953436,True,True
6,s_001400,1734,2020-02-05 09:04:00,app_store,4,apple_search_ads,2020-01-26 00:03:32,paid_search_brand,2020-02-05 01:52:39,brand_phrase,No purchases in window,0.0,0.0,0.0,0.0,False,False
8,s_001525,418,2020-01-12 13:55:00,social_media,8,paid_social_meta,2019-11-30 05:03:27,direct,2020-01-12 12:30:11,none,No purchases in window,0.0,0.0,0.0,0.0,False,False
9,s_001002,621,2020-01-16 13:33:00,blog_or_review_site,4,affiliate,2019-12-15 17:02:43,paid_search_brand,2020-01-02 06:06:29,brand_exact,No purchases in window,0.0,0.0,0.0,0.0,False,False
10,s_001172,657,2020-01-23 13:09:00,other,6,direct,2019-12-27 14:29:47,organic_search,2020-01-09 13:21:49,organic,No purchases in window,0.0,0.0,0.0,0.0,False,False
12,s_000206,477,2020-01-11 19:50:00,search,2,paid_search_nonbrand,2019-12-17 16:14:34,paid_social_meta,2019-12-31 21:23:06,spring_launch,No purchases in window,0.0,0.0,0.0,0.0,False,False
15,s_000680,3182,2016-05-09 16:08:00,search,5,organic_search,2016-04-25 22:16:03,paid_search_brand,2016-05-08 21:31:36,brand_phrase,No purchases in window,0.0,0.0,0.0,0.0,False,False
18,s_001391,1975,2020-02-15 19:06:00,search,2,paid_search_brand,2020-01-29 11:55:51,direct,2020-02-15 01:27:04,none,No purchases in window,0.0,0.0,0.0,0.0,False,False
20,s_001077,376,2018-01-22 16:29:00,friend_or_family,3,paid_search_brand,2017-12-15 12:42:17,paid_search_brand,2018-01-21 01:53:52,brand_exact,Regular credit-led,444.629925,1093.0,12.0,0.5214494965589341,True,True
22,s_000971,4062,2017-07-17 11:58:00,friend_or_family,4,paid_search_brand,2017-06-08 16:36:13,paid_search_brand,2017-07-14 14:19:38,brand_exact,Regular credit-led,748.24308,1146.0,12.0,1.0,True,True
23,s_000338,1810,2020-02-10 18:56:00,search,7,paid_search_brand,2020-01-28 23:26:07,direct,2020-02-08 22:21:21,none,No purchases in window,0.0,0.0,0.0,0.0,False,False
25,s_000437,1554,2020-02-12 16:33:00,other,7,direct,2020-01-04 15:15:18,paid_search_brand,2020-02-11 18:33:12,brand_phrase,No purchases in window,0.0,0.0,0.0,0.0,False,False
27,s_000748,578,2020-01-23 12:50:00,search,4,paid_search_brand,2019-12-31 16:59:15,paid_search_brand,2020-01-23 06:13:44,brand_phrase,Regular debit/prepaid-led,426.95711,879.0,12.0,0.4857336754620379,True,False
28,s_000911,852,2020-01-26 21:13:00,search,6,paid_search_brand,2019-12-29 12:45:45,paid_search_brand,2020-01-25 03:42:53,brand_phrase,Regular credit-led,549.162005,598.0,12.0,0.6363698047911127,True,True
29,s_000208,2783,2018-04-07 22:07:00,search,1,organic_search,2018-03-12 15:49:59,organic_search,2018-03-12 15:49:59,organic,No purchases in window,0.0,0.0,0.0,0.0,False,False
30,s_001321,1723,2020-02-10 18:18:00,friend_or_family,4,organic_search,2020-02-02 20:08:23,direct,2020-02-09 13:55:29,none,No purchases in window,0.0,0.0,0.0,0.0,False,False
31,s_001576,3180,2016-05-16 17:33:00,search,4,paid_search_nonbrand,2016-04-05 04:20:57,paid_search_brand,2016-05-15 16:46:11,brand_phrase,No purchases in window,0.0,0.0,0.0,0.0,False,False
35,s_000781,590,2020-01-02 20:29:00,search,7,paid_search_nonbrand,2019-11-30 12:25:50,paid_search_brand,2019-12-26 06:16:31,brand_exact,No purchases in window,0.0,0.0,0.0,0.0,False,False
36,s_001417,1736,2020-02-27 16:47:00,friend_or_family,2,affiliate,2020-01-15 21:00:27,direct,2020-01-18 10:11:24,none,No purchases in window,0.0,0.0,0.0,0.0,False,False
37,s_001183,659,2020-01-25 10:59:00,search,3,organic_search,2020-01-23 13:21:44,direct,2020-01-24 11:32:44,none,Regular debit/prepaid-led,592.164565,1178.0,12.0,0.4782641002713223,True,False
43,s_000963,4912,2017-09-11 13:01:00,friend_or_family,3,affiliate,2017-09-04 14:29:22,paid_search_nonbrand,2017-09-10 15:23:21,compare_cards,No purchases in window,0.0,0.0,0.0,0.0,False,False
50,s_000749,3191,2017-05-14 09:39:00,search,6,paid_social_reddit,2017-04-04 05:57:57,direct,2017-05-14 09:24:18,none,Regular credit-led,313.70536,620.0,12.0,0.5106649586519263,True,True
51,s_000879,1637,2020-02-18 09:04:00,other,8,affiliate,2020-01-06 18:49:39,direct,2020-02-17 19:55:25,none,Regular credit-led,820.26252,915.0,12.0,1.0,True,True
54,s_000041,749,2020-01-19 10:50:00,social_media,9,paid_social_meta,2019-12-14 17:45:41,paid_search_brand,2020-01-18 11:15:31,brand_phrase,No purchases in window,0.0,0.0,0.0,0.0,False,False
56,s_000496,805,2020-01-12 16:09:00,search,6,direct,2019-12-28 10:35:18,organic_search,2020-01-11 18:34:34,organic,No purchases in window,0.0,0.0,0.0,0.0,False,False
58,s_001099,883,2020-01-17 21:02:00,search,3,paid_search_nonbrand,2019-12-09 15:36:36,direct,2020-01-17 16:26:29,none,Regular debit/prepaid-led,224.45882,941.0,12.0,0.0,True,False
59,s_000759,4068,2018-07-25 17:40:00,social_media,5,paid_social_meta,2018-06-18 15:50:31,organic_search,2018-07-02 17:54:04,organic,Regular credit-led,416.392445,1158.0,12.0,0.5129798607438335,True,True
63,s_000479,4067,2018-07-23 11:46:00,blog_or_review_site,6,affiliate,2018-07-08 18:42:49,paid_search_brand,2018-07-22 14:59:48,brand_exact,Regular debit/prepaid-led,269.68277,1514.0,12.0,0.0,True,False
66,s_000169,6136,2018-12-05 14:29:00,social_media,3,organic_search,2018-11-29 22:15:08,paid_search_brand,2018-12-05 01:38:05,brand_exact,No purchases in window,0.0,0.0,0.0,0.0,False,False
67,s_001047,874,2020-01-17 13:11:00,other,3,paid_social_meta,2019-12-21 14:17:09,direct,2020-01-15 22:39:34,none,No purchases in window,0.0,0.0,0.0,0.0,False,False
70,s_001310,681,2020-01-04 10:39:00,other,2,organic_search,2019-11-24 16:56:00,direct,2020-01-02 14:01:37,none,No purchases in window,0.0,0.0,0.0,0.0,False,False
74,s_000606,562,2020-01-12 19:33:00,blog_or_review_site,5,affiliate,2019-12-19 21:40:30,direct,2020-01-11 19:56:40,none,Regular debit/prepaid-led,146.2602,631.0,12.0,0.0,True,False
76,s_000807,840,2020-01-22 16:20:00,search,6,organic_search,2019-12-31 14:03:33,direct,2020-01-21 14:19:06,none,No purchases in window,0.0,0.0,0.0,0.0,False,False
77,s_001549,3621,2017-06-16 09:03:00,social_media,2,paid_social_reddit,2017-06-12 10:43:15,direct,2017-06-14 21:48:57,none,Regular debit/prepaid-led,316.532095,1277.0,12.0,0.0,True,False
79,s_000999,1924,2020-02-18 21:17:00,search,3,paid_search_nonbrand,2020-01-09 19:59:01,paid_search_brand,2020-02-09 21:55:46,brand_exact,Regular credit-led,391.0763,613.0,12.0,0.5603778104415047,True,True
82,s_000631,2780,2018-04-01 17:32:00,friend_or_family,1,organic_search,2018-02-16 07:07:00,organic_search,2018-02-16 07:07:00,organic,No purchases in window,0.0,0.0,0.0,0.0,False,False
85,s_000286,495,2020-01-22 12:56:00,search,2,paid_social_meta,2019-12-14 00:33:14,direct,2020-01-21 20:19:31,none,No purchases in window,0.0,0.0,0.0,0.0,False,False
86,s_001247,3178,2016-05-06 15:48:00,social_media,3,paid_social_meta,2016-04-11 11:37:58,direct,2016-04-21 14:47:25,none,Regular debit/prepaid-led,199.70034,881.0,12.0,0.0,True,False
87,s_000394,3607,2016-06-13 12:08:00,blog_or_review_site,6,affiliate,2016-05-19 17:50:25,direct,2016-06-10 07:06:05,none,Regular debit/prepaid-led,478.838125,1277.0,12.0,0.4406810238167101,True,False
88,s_000929,858,2020-01-16 22:40:00,social_media,4,paid_social_meta,2019-12-05 05:55:09,paid_social_meta,2020-01-05 09:14:50,prospecting_lal,No purchases in window,0.0,0.0,0.0,0.0,False,False
91,s_000319,2784,2018-04-04 16:10:00,blog_or_review_site,2,affiliate,2018-03-28 17:33:12,direct,2018-04-03 00:43:30,none,No purchases in window,0.0,0.0,0.0,0.0,False,False
93,s_000575,1405,2020-02-12 16:46:00,search,3,organic_search,2020-01-30 15:23:39,paid_search_brand,2020-02-12 13:16:50,brand_phrase,No purchases in window,0.0,0.0,0.0,0.0,False,False
95,s_000539,1571,2020-02-16 19:28:00,search,7,organic_search,2020-01-16 07:14:41,direct,2020-02-16 19:14:02,none,No purchases in window,0.0,0.0,0.0,0.0,False,False
96,s_000928,361,2017-01-08 13:42:00,social_media,5,paid_social_meta,2016-12-03 01:39:52,paid_search_nonbrand,2017-01-08 10:15:41,compare_cards,Regular credit-led,3140.999205,3200.0,12.0,0.6490401323273655,True,True
100,s_001195,4078,2019-07-02 14:03:00,social_media,3,paid_social_meta,2019-05-23 04:13:14,paid_search_brand,2019-06-28 22:51:05,brand_phrase,Regular debit/prepaid-led,152.847385,633.0,12.0,0.0,True,False
101,s_001336,919,2020-01-11 08:08:00,app_store,5,apple_search_ads,2020-01-05 16:36:04,paid_social_meta,2020-01-07 05:01:26,retargeting_site,No purchases in window,0.0,0.0,0.0,0.0,False,False
104,s_000739,1613,2020-02-10 14:02:00,app_store,4,apple_search_ads,2020-01-20 11:56:35,paid_social_reddit,2020-02-07 00:45:32,r_churning,Regular credit-led,773.20404,783.0,12.0,1.0,True,True
107,s_001168,655,2020-01-28 12:54:00,search,5,paid_search_nonbrand,2020-01-04 12:22:10,paid_search_brand,2020-01-27 02:16:00,brand_phrase,Regular debit/prepaid-led,55.71296,375.0,12.0,0.0,True,False
108,s_000277,4070,2018-07-24 10:26:00,social_media,4,paid_search_brand,2018-06-11 02:07:30,microsoft_ads,2018-07-18 10:05:23,bing_brand,No purchases in window,0.0,0.0,0.0,0.0,False,False
109,s_000622,1861,2020-02-10 12:40:00,social_media,2,apple_search_ads,2020-02-04 09:08:51,direct,2020-02-05 08:43:56,none,No purchases in window,0.0,0.0,0.0,0.0,False,False
111,s_001556,1758,2020-02-01 09:31:00,blog_or_review_site,10,organic_search,2020-01-07 05:09:23,paid_search_brand,2020-02-01 07:56:25,brand_exact,No purchases in window,0.0,0.0,0.0,0.0,False,False
113,s_000434,3608,2016-06-02 09:16:00,podcast_or_youtube,6,referral,2016-04-27 17:45:10,paid_search_brand,2016-05-15 06:43:39,brand_phrase,Regular credit-led,656.78032,548.0,12.0,0.6834844667977028,True,True
114,s_001443,939,2020-01-08 09:59:00,blog_or_review_site,3,affiliate,2019-12-21 10:06:53,paid_search_brand,2020-01-07 07:29:08,brand_exact,Regular debit/prepaid-led,736.9158649999999,3284.0,12.0,0.0,True,False
115,s_000693,4927,2019-09-08 08:32:00,social_media,6,paid_social_meta,2019-08-23 06:01:34,organic_search,2019-09-03 05:39:39,organic,Regular credit-led,946.404445,922.0,12.0,0.6536804593011031,True,True
116,s_001187,4899,2016-09-18 19:16:00,social_media,4,paid_social_reddit,2016-08-29 18:52:10,paid_search_brand,2016-09-10 00:05:04,brand_phrase,Regular debit/prepaid-led,171.83095,1205.0,12.0,0.0,True,False
117,s_001136,647,2020-01-01 20:27:00,search,5,organic_search,2019-12-14 17:19:24,organic_search,2020-01-01 16:21:37,organic,No purchases in window,0.0,0.0,0.0,0.0,False,False
119,s_000249,379,2019-01-07 16:44:00,app_store,3,apple_search_ads,2018-12-13 00:42:05,paid_search_nonbrand,2019-01-06 11:35:59,rewards_terms,Regular debit/prepaid-led,307.51664,692.0,12.0,0.242865808091074,True,False
121,s_001542,420,2020-01-25 09:54:00,blog_or_review_site,1,affiliate,2019-12-14 06:52:30,affiliate,2019-12-14 06:52:30,partner_blog,Regular debit/prepaid-led,554.09962,1003.0,12.0,0.4480602532555867,True,False
123,s_000818,3192,2017-05-05 15:39:00,search,3,paid_search_brand,2017-04-22 18:22:11,paid_search_brand,2017-04-29 02:15:22,brand_phrase,Regular debit/prepaid-led,268.986195,1205.0,12.0,0.0,True,False
127,s_000646,2376,2018-03-19 18:19:00,social_media,5,paid_social_meta,2018-02-28 00:45:27,paid_search_nonbrand,2018-03-13 07:44:09,compare_cards,Regular credit-led,926.082085,1012.0,12.0,0.5719859506042273,True,True
128,s_000022,1462,2020-02-09 12:40:00,other,6,direct,2020-01-16 02:00:22,organic_search,2020-02-08 00:26:40,organic,Regular debit/prepaid-led,184.997805,794.0,12.0,0.0,True,False
130,s_000121,1486,2020-02-18 16:27:00,podcast_or_youtube,3,affiliate,2020-01-07 10:51:22,paid_social_meta,2020-02-05 06:27:44,retargeting_site,No purchases in window,0.0,0.0,0.0,0.0,False,False
131,s_000805,596,2020-01-08 20:52:00,search,8,paid_social_meta,2019-12-16 14:22:28,paid_search_brand,2020-01-07 12:57:24,brand_phrase,No purchases in window,0.0,0.0,0.0,0.0,False,False
134,s_000915,6120,2016-12-05 14:17:00,search,5,paid_search_nonbrand,2016-11-15 14:21:02,paid_search_brand,2016-12-03 14:38:35,brand_phrase,Regular credit-led,814.374,913.0,12.0,1.0,True,True
136,s_001420,701,2020-01-02 12:26:00,search,4,microsoft_ads,2019-12-28 14:07:35,microsoft_ads,2019-12-30 21:18:02,bing_brand,No purchases in window,0.0,0.0,0.0,0.0,False,False
139,s_001022,3641,2019-06-27 10:13:00,podcast_or_youtube,4,paid_search_brand,2019-06-25 02:52:26,paid_search_nonbrand,2019-06-26 08:07:09,generic_cards,No purchases in window,0.0,0.0,0.0,0.0,False,False
140,s_000023,5312,2016-10-28 22:02:00,social_media,2,paid_social_meta,2016-10-06 12:46:24,paid_search_brand,2016-10-27 20:12:33,brand_exact,Regular debit/prepaid-led,248.505705,1107.0,12.0,0.0,True,False
141,s_001330,4073,2018-07-25 16:16:00,friend_or_family,1,referral,2018-06-14 05:43:56,referral,2018-06-14 05:43:56,refer_a_friend,Regular debit/prepaid-led,501.41052,983.0,12.0,0.4886546586099302,True,False
143,s_000368,517,2020-01-20 11:12:00,search,9,affiliate,2019-12-14 06:37:23,paid_social_meta,2020-01-20 01:51:57,spring_launch,No purchases in window,0.0,0.0,0.0,0.0,False,False
144,s_001437,4457,2016-08-13 22:26:00,podcast_or_youtube,6,organic_search,2016-07-05 20:17:40,paid_search_brand,2016-08-13 12:52:38,brand_exact,Regular debit/prepaid-led,394.82327,1739.0,12.0,0.0,True,False
145,s_000258,4058,2017-07-09 09:07:00,friend_or_family,3,paid_search_brand,2017-06-11 22:21:52,paid_search_brand,2017-07-07 11:12:16,brand_exact,Regular debit/prepaid-led,213.49147,712.0,12.0,0.3351454027889803,True,False
146,s_000549,4475,2018-08-22 13:09:00,podcast_or_youtube,5,affiliate,2018-07-27 04:37:46,organic_search,2018-08-16 01:52:26,organic,Regular credit-led,588.968655,702.0,12.0,0.6270158615390377,True,True
147,s_000203,424,2020-01-09 16:15:00,other,5,paid_social_meta,2019-12-23 19:43:10,microsoft_ads,2020-01-09 05:00:41,bing_brand,Regular credit-led,618.60276,645.0,12.0,1.0,True,True
151,s_001290,676,2020-01-27 08:04:00,social_media,4,paid_social_reddit,2020-01-21 06:28:04,direct,2020-01-26 23:41:17,none,No purchases in window,0.0,0.0,0.0,0.0,False,False
152,s_000509,1401,2020-02-07 08:20:00,search,2,paid_search_brand,2020-01-13 06:47:44,direct,2020-02-05 16:32:26,none,Regular credit-led,1444.82508,883.0,12.0,0.9313210101994436,True,True
153,s_000011,440,2020-01-15 12:48:00,search,3,microsoft_ads,2019-12-08 06:14:18,paid_search_brand,2019-12-31 18:06:54,brand_phrase,Regular debit/prepaid-led,81.94024999999999,337.0,12.0,0.0,True,False
155,s_001348,413,2020-01-11 22:40:00,search,6,organic_search,2019-12-25 21:43:38,direct,2020-01-11 08:44:22,none,Regular debit/prepaid-led,253.81654,805.0,12.0,0.4233018537819434,True,False
156,s_000719,573,2020-01-05 11:16:00,social_media,5,paid_social_meta,2019-12-06 04:19:33,direct,2020-01-04 02:31:01,none,Regular credit-led,508.62222,1307.0,12.0,1.0,True,True
158,s_000362,516,2020-01-09 08:41:00,social_media,2,paid_social_reddit,2020-01-03 00:11:34,direct,2020-01-08 21:50:44,none,No purchases in window,0.0,0.0,0.0,0.0,False,False
160,s_001506,4914,2017-09-18 08:40:00,blog_or_review_site,1,affiliate,2017-08-11 15:44:00,affiliate,2017-08-11 15:44:00,partner_blog,Regular debit/prepaid-led,125.990035,1036.0,12.0,0.0,True,False
161,s_000851,605,2020-01-26 20:01:00,blog_or_review_site,3,affiliate,2019-12-20 14:52:21,direct,2020-01-06 14:54:27,none,Regular debit/prepaid-led,279.2524,1240.0,12.0,0.0,True,False
166,s_001467,1741,2020-02-21 18:20:00,blog_or_review_site,1,affiliate,2020-01-28 02:33:33,affiliate,2020-01-28 02:33:33,partner_blog,No purchases in window,0.0,0.0,0.0,0.0,False,False
167,s_001470,712,2020-01-20 08:48:00,search,6,paid_search_nonbrand,2019-12-16 20:16:19,paid_social_meta,2020-01-19 18:02:20,spring_launch,No purchases in window,0.0,0.0,0.0,0.0,False,False
170,s_001005,866,2020-01-01 10:41:00,social_media,2,paid_social_reddit,2019-12-04 17:00:51,paid_social_meta,2019-12-27 12:27:08,spring_launch,Regular credit-led,508.5103,799.0,12.0,0.5224667232804113,True,True
172,s_001345,2365,2017-03-26 11:43:00,social_media,2,paid_social_meta,2017-03-11 06:55:23,direct,2017-03-25 09:32:47,none,Regular debit/prepaid-led,119.620475,515.0,12.0,0.0,True,False
174,s_001563,1760,2020-02-05 08:40:00,search,8,paid_search_nonbrand,2020-01-16 16:45:13,direct,2020-02-04 18:17:21,none,No purchases in window,0.0,0.0,0.0,0.0,False,False
175,s_001522,950,2020-01-07 19:48:00,friend_or_family,5,paid_social_meta,2019-12-30 18:04:02,paid_search_brand,2020-01-06 15:54:46,brand_phrase,No purchases in window,0.0,0.0,0.0,0.0,False,False
178,s_001088,1681,2020-02-13 09:03:00,search,4,paid_search_brand,2020-01-03 14:41:42,paid_search_brand,2020-01-22 13:12:12,brand_phrase,Regular debit/prepaid-led,213.71522,932.0,12.0,0.0,True,False
179,s_000562,1854,2020-02-18 18:59:00,social_media,7,paid_social_meta,2020-01-23 00:21:54,paid_search_brand,2020-02-18 11:19:54,brand_exact,No purchases in window,0.0,0.0,0.0,0.0,False,False
181,s_000209,4477,2019-08-15 18:30:00,app_store,2,apple_search_ads,2019-07-18 00:30:22,direct,2019-08-13 20:09:06,none,No purchases in window,0.0,0.0,0.0,0.0,False,False
183,s_000219,1797,2020-02-01 09:43:00,search,10,paid_search_nonbrand,2019-12-21 13:42:07,paid_search_brand,2020-01-30 00:42:22,brand_phrase,No purchases in window,0.0,0.0,0.0,0.0,False,False
185,s_001586,4046,2016-07-14 10:17:00,friend_or_family,7,affiliate,2016-05-30 07:02:28,paid_search_brand,2016-07-12 22:22:37,brand_phrase,Regular credit-led,552.10036,1222.0,12.0,0.5626112635565053,True,True
188,s_000918,854,2020-01-17 12:45:00,search,8,paid_search_brand,2019-12-04 21:47:55,paid_search_brand,2020-01-17 00:00:20,brand_phrase,No purchases in window,0.0,0.0,0.0,0.0,False,False
189,s_000417,1370,2017-02-19 11:35:00,social_media,1,paid_social_meta,2017-01-06 13:54:00,paid_social_meta,2017-01-06 13:54:00,spring_launch,No purchases in window,0.0,0.0,0.0,0.0,False,False
191,s_000205,773,2020-01-11 16:49:00,search,1,organic_search,2019-12-13 02:02:04,organic_search,2019-12-13 02:02:04,organic,No purchases in window,0.0,0.0,0.0,0.0,False,False
192,s_000005,1767,2020-02-11 13:06:00,search,2,paid_search_nonbrand,2020-01-18 06:50:27,paid_search_brand,2020-02-10 18:29:43,brand_exact,No purchases in window,0.0,0.0,0.0,0.0,False,False
193,s_000407,524,2020-01-02 18:25:00,blog_or_review_site,3,affiliate,2019-12-31 07:50:53,direct,2020-01-02 02:46:21,none,No purchases in window,0.0,0.0,0.0,0.0,False,False
195,s_000322,505,2020-01-19 22:44:00,search,7,paid_search_brand,2019-12-26 05:55:37,direct,2020-01-19 14:52:42,none,No purchases in window,0.0,0.0,0.0,0.0,False,False
197,s_001075,2357,2016-03-22 10:37:00,friend_or_family,3,microsoft_ads,2016-03-04 14:59:30,organic_search,2016-03-12 00:43:20,organic,Regular debit/prepaid-led,339.60172,1473.0,12.0,0.0,True,False
198,s_000769,3177,2016-05-17 09:45:00,social_media,6,paid_social_meta,2016-04-28 09:15:45,paid_search_brand,2016-05-13 01:45:23,brand_phrase,Regular credit-led,332.95215,467.0,12.0,0.5078437601105915,True,True
202,s_001382,927,2020-01-24 10:52:00,search,6,paid_search_nonbrand,2020-01-15 14:11:35,direct,2020-01-24 09:18:23,none,No purchases in window,0.0,0.0,0.0,0.0,False,False
204,s_000902,1642,2020-02-23 08:35:00,search,2,microsoft_ads,2020-01-11 19:55:59,paid_search_brand,2020-02-21 15:04:00,brand_phrase,No purchases in window,0.0,0.0,0.0,0.0,False,False
205,s_001294,6130,2016-12-17 10:55:00,blog_or_review_site,4,organic_search,2016-11-16 19:41:40,paid_search_brand,2016-12-17 03:47:10,brand_exact,Regular debit/prepaid-led,195.76595,851.0,12.0,0.0,True,False
206,s_000690,1601,2020-02-14 11:43:00,search,6,microsoft_ads,2020-01-07 02:43:39,paid_search_brand,2020-02-13 22:19:08,brand_phrase,Regular credit-led,497.39382,482.0,12.0,1.0,True,True
207,s_000582,385,2019-01-21 16:09:00,search,4,organic_search,2018-12-11 20:41:27,paid_search_brand,2019-01-12 05:58:36,brand_exact,Regular credit-led,295.00765,475.0,12.0,0.5268548951702982,True,True
208,s_001514,1750,2020-02-26 11:48:00,search,3,affiliate,2020-02-25 07:26:40,paid_social_meta,2020-02-25 15:44:39,prospecting_lal,Regular credit-led,1429.65631,2348.0,12.0,0.5581339797920553,True,True
212,s_001255,4052,2017-07-15 10:28:00,friend_or_family,5,paid_search_nonbrand,2017-06-06 09:57:29,paid_search_brand,2017-07-14 14:41:34,brand_exact,Regular debit/prepaid-led,293.27845,818.0,12.0,0.4571710103534452,True,False
213,s_000889,1639,2020-02-11 13:27:00,blog_or_review_site,5,affiliate,2020-01-22 12:07:08,direct,2020-02-10 02:00:31,none,Regular credit-led,794.46658,1067.0,12.0,0.5854269046762126,True,True
215,s_001353,1430,2020-02-06 11:52:00,other,5,direct,2020-01-15 00:39:14,paid_social_meta,2020-02-05 21:10:05,spring_launch,No purchases in window,0.0,0.0,0.0,0.0,False,False
217,s_000057,1364,2016-02-05 13:31:00,app_store,2,apple_search_ads,2016-01-03 09:51:42,paid_search_brand,2016-02-05 11:17:42,brand_phrase,Regular debit/prepaid-led,436.108445,1059.0,12.0,0.4454923600171533,True,False
218,s_001392,4465,2017-08-07 12:44:00,search,7,paid_search_brand,2017-07-23 01:22:20,paid_search_brand,2017-08-06 20:40:42,brand_phrase,Regular debit/prepaid-led,393.39671,862.0,12.0,0.4637762866259705,True,False
220,s_000919,1645,2020-02-18 14:24:00,search,1,paid_search_brand,2020-01-20 06:42:33,paid_search_brand,2020-01-20 06:42:33,brand_exact,Regular credit-led,478.01939,489.0,12.0,0.6418150270447057,True,True
223,s_000233,4080,2019-07-16 15:17:00,other,4,paid_search_nonbrand,2019-06-28 22:43:53,direct,2019-07-15 23:30:36,none,No purchases in window,0.0,0.0,0.0,0.0,False,False
224,s_000360,1815,2020-02-20 13:50:00,search,4,microsoft_ads,2020-01-28 07:22:36,paid_search_brand,2020-02-19 21:33:25,brand_phrase,No purchases in window,0.0,0.0,0.0,0.0,False,False
225,s_000890,432,2020-01-28 21:07:00,search,5,paid_search_nonbrand,2019-12-16 19:04:27,paid_social_meta,2020-01-07 11:33:26,prospecting_lal,Regular debit/prepaid-led,502.331295,772.0,12.0,0.474829043577663,True,False
226,s_000573,812,2020-01-17 16:53:00,search,7,paid_social_meta,2019-12-22 16:03:37,paid_search_nonbrand,2020-01-17 05:29:28,compare_cards,No purchases in window,0.0,0.0,0.0,0.0,False,False
229,s_000199,1504,2020-02-05 20:10:00,blog_or_review_site,12,affiliate,2020-01-01 15:21:01,paid_search_brand,2020-02-04 03:31:07,brand_exact,Regular credit-led,584.315015,1066.0,12.0,0.5595044395132374,True,True
231,s_001364,414,2020-01-27 10:56:00,friend_or_family,4,microsoft_ads,2020-01-14 05:52:43,direct,2020-01-27 10:51:59,none,Regular credit-led,473.808945,997.0,12.0,0.5539489210689401,True,True
235,s_001213,1951,2020-02-07 08:09:00,social_media,5,paid_social_meta,2020-01-09 16:34:38,paid_search_brand,2020-01-25 06:18:50,brand_phrase,Regular debit/prepaid-led,149.9534,660.0,12.0,0.0025033915826257,True,False
238,s_000280,781,2020-01-07 22:01:00,social_media,3,paid_social_meta,2019-12-02 16:59:51,paid_search_nonbrand,2019-12-31 04:00:13,generic_cards,No purchases in window,0.0,0.0,0.0,0.0,False,False
239,s_001039,630,2020-01-03 18:41:00,friend_or_family,11,paid_social_reddit,2019-11-19 23:16:08,direct,2020-01-02 10:16:34,none,No purchases in window,0.0,0.0,0.0,0.0,False,False
240,s_001085,1680,2020-02-25 12:00:00,search,4,organic_search,2020-02-19 11:48:47,paid_search_brand,2020-02-25 05:59:30,brand_exact,Regular debit/prepaid-led,151.89589,676.0,12.0,0.0,True,False
242,s_001108,5737,2018-11-25 17:58:00,search,4,microsoft_ads,2018-10-21 10:03:06,paid_search_brand,2018-11-23 11:42:38,brand_exact,Regular debit/prepaid-led,197.020285,836.0,12.0,0.0,True,False
243,s_000548,552,2020-01-20 12:59:00,blog_or_review_site,1,affiliate,2020-01-11 03:33:59,affiliate,2020-01-11 03:33:59,cashback_portal,No purchases in window,0.0,0.0,0.0,0.0,False,False
245,s_000711,1883,2020-02-14 19:58:00,other,2,paid_search_brand,2020-02-03 07:19:45,paid_search_nonbrand,2020-02-12 06:44:26,compare_cards,No purchases in window,0.0,0.0,0.0,0.0,False,False
249,s_000808,1897,2020-02-15 11:16:00,social_media,5,paid_social_reddit,2020-01-13 05:53:37,paid_search_brand,2020-02-14 14:21:20,brand_phrase,Regular debit/prepaid-led,293.760165,740.0,12.0,0.3987774401553954,True,False
251,s_000500,806,2020-01-28 13:51:00,blog_or_review_site,7,affiliate,2020-01-03 18:17:09,paid_search_brand,2020-01-28 04:27:39,brand_exact,No purchases in window,0.0,0.0,0.0,0.0,False,False
253,s_001147,6143,2019-12-23 16:36:00,social_media,5,paid_social_meta,2019-11-22 06:35:29,direct,2019-12-22 06:12:33,none,No purchases in window,0.0,0.0,0.0,0.0,False,False
254,s_000570,557,2020-01-18 15:28:00,social_media,3,organic_search,2019-12-23 02:21:33,paid_search_brand,2020-01-17 21:47:37,brand_exact,Regular debit/prepaid-led,456.480795,1900.0,12.0,0.0,True,False
255,s_000794,1893,2020-02-12 20:14:00,social_media,3,paid_social_meta,2020-02-01 08:01:05,paid_search_brand,2020-02-02 03:35:58,brand_exact,No purchases in window,0.0,0.0,0.0,0.0,False,False
258,s_000311,3197,2017-05-23 11:14:00,app_store,4,apple_search_ads,2017-04-25 03:24:44,paid_search_brand,2017-05-21 19:07:47,brand_exact,No purchases in window,0.0,0.0,0.0,0.0,False,False
259,s_001112,358,2016-01-08 08:50:00,friend_or_family,5,direct,2016-01-01 23:44:29,direct,2016-01-08 04:09:57,none,No purchases in window,0.0,0.0,0.0,0.0,False,False
261,s_000638,6129,2016-12-04 22:48:00,friend_or_family,7,paid_social_meta,2016-10-30 20:15:36,paid_search_brand,2016-12-04 04:11:16,brand_phrase,Regular credit-led,838.131615,1134.0,12.0,0.5781887234857752,True,True
262,s_001502,722,2020-01-26 12:20:00,blog_or_review_site,9,apple_search_ads,2020-01-02 15:43:01,paid_social_meta,2020-01-26 03:30:55,retargeting_site,No purchases in window,0.0,0.0,0.0,0.0,False,False
263,s_000853,1392,2019-02-27 12:35:00,friend_or_family,6,paid_search_brand,2019-02-18 12:47:32,direct,2019-02-23 14:08:43,none,No purchases in window,0.0,0.0,0.0,0.0,False,False
266,s_000837,4479,2019-08-24 14:41:00,search,6,microsoft_ads,2019-08-08 03:22:35,paid_search_brand,2019-08-24 11:58:05,brand_exact,No purchases in window,0.0,0.0,0.0,0.0,False,False
268,s_000508,543,2020-01-01 19:45:00,blog_or_review_site,1,affiliate,2019-11-19 11:10:59,affiliate,2019-11-19 11:10:59,partner_blog,No purchases in window,0.0,0.0,0.0,0.0,False,False
269,s_001181,5332,2018-10-01 21:51:00,search,3,microsoft_ads,2018-08-24 20:35:37,paid_search_brand,2018-09-21 18:24:17,brand_phrase,No purchases in window,0.0,0.0,0.0,0.0,False,False
270,s_000377,519,2020-01-09 09:39:00,blog_or_review_site,8,microsoft_ads,2019-12-06 07:51:30,direct,2020-01-07 19:55:48,none,No purchases in window,0.0,0.0,0.0,0.0,False,False
271,s_001444,1738,2020-02-25 14:25:00,other,5,apple_search_ads,2020-01-30 21:05:46,paid_search_brand,2020-02-24 13:42:44,brand_phrase,No purchases in window,0.0,0.0,0.0,0.0,False,False
272,s_001032,626,2020-01-25 16:07:00,blog_or_review_site,4,paid_search_brand,2019-12-20 16:59:50,paid_search_brand,2020-01-15 09:11:20,brand_phrase,No purchases in window,0.0,0.0,0.0,0.0,False,False
275,s_000994,2769,2017-04-13 10:30:00,search,7,organic_search,2017-03-21 07:06:32,direct,2017-04-13 06:46:00,none,Regular credit-led,1283.60374,2126.0,12.0,0.5176119253811781,True,True
276,s_000298,783,2020-01-07 20:14:00,other,7,direct,2020-01-03 12:39:02,direct,2020-01-07 16:01:04,none,No purchases in window,0.0,0.0,0.0,0.0,False,False
278,s_001387,6123,2016-12-06 16:34:00,search,7,paid_search_nonbrand,2016-11-05 22:58:26,paid_search_brand,2016-12-05 18:48:56,brand_phrase,Regular credit-led,1520.03146,1482.0,12.0,0.6694322010626351,True,True
279,s_001200,1704,2020-02-16 18:13:00,search,8,affiliate,2020-01-11 03:42:21,paid_search_brand,2020-02-16 17:14:12,brand_exact,No purchases in window,0.0,0.0,0.0,0.0,False,False
281,s_001496,1457,2020-02-20 17:26:00,search,3,paid_search_nonbrand,2020-02-11 09:40:20,paid_search_brand,2020-02-20 02:38:17,brand_phrase,No purchases in window,0.0,0.0,0.0,0.0,False,False
283,s_000266,779,2020-01-14 13:14:00,search,7,paid_search_brand,2019-12-01 00:58:56,paid_social_meta,2020-01-13 18:15:44,retargeting_site,No purchases in window,0.0,0.0,0.0,0.0,False,False
284,s_000998,5726,2016-11-21 08:33:00,social_media,4,paid_social_reddit,2016-10-23 03:51:18,direct,2016-10-31 00:40:14,none,No purchases in window,0.0,0.0,0.0,0.0,False,False
289,s_001385,698,2020-01-16 22:30:00,search,8,paid_search_brand,2020-01-04 07:11:42,paid_search_brand,2020-01-16 20:16:24,brand_exact,No purchases in window,0.0,0.0,0.0,0.0,False,False
290,s_000068,449,2020-01-21 15:20:00,blog_or_review_site,5,paid_search_brand,2019-12-31 14:04:59,paid_search_brand,2020-01-20 12:53:25,brand_exact,No purchases in window,0.0,0.0,0.0,0.0,False,False
292,s_000695,1605,2020-02-09 17:05:00,search,4,organic_search,2020-01-23 10:48:03,direct,2020-01-30 07:43:22,none,No purchases in window,0.0,0.0,0.0,0.0,False,False
293,s_001081,635,2020-01-19 09:40:00,search,5,paid_social_meta,2020-01-04 12:52:38,paid_search_brand,2020-01-17 20:54:25,brand_phrase,Regular debit/prepaid-led,203.13988,893.0,12.0,0.0,True,False
294,s_000694,1604,2020-02-10 15:45:00,friend_or_family,2,paid_social_meta,2019-12-30 21:25:07,paid_search_brand,2020-02-08 15:50:32,brand_exact,No purchases in window,0.0,0.0,0.0,0.0,False,False
297,s_000473,536,2020-01-25 12:45:00,friend_or_family,4,paid_search_nonbrand,2020-01-13 07:07:21,paid_search_brand,2020-01-23 06:30:30,brand_exact,No purchases in window,0.0,0.0,0.0,0.0,False,False
298,s_000127,1784,2020-02-26 22:49:00,app_store,2,apple_search_ads,2020-02-18 12:27:02,direct,2020-02-23 20:54:42,none,No purchases in window,0.0,0.0,0.0,0.0,False,False
299,s_000151,2756,2016-04-16 21:46:00,search,1,microsoft_ads,2016-03-23 19:09:14,microsoft_ads,2016-03-23 19:09:14,bing_brand,Regular credit-led,248.40316,385.0,12.0,0.5130903923066348,True,True
302,s_000720,1408,2020-02-20 08:31:00,friend_or_family,3,direct,2020-01-29 15:20:43,paid_search_brand,2020-02-19 18:30:12,brand_exact,No purchases in window,0.0,0.0,0.0,0.0,False,False
306,s_000128,463,2020-01-01 17:15:00,search,6,paid_search_brand,2019-12-12 12:49:37,paid_search_nonbrand,2019-12-29 10:58:46,rewards_terms,No purchases in window,0.0,0.0,0.0,0.0,False,False
307,s_000072,753,2020-01-01 13:46:00,social_media,6,paid_social_meta,2019-12-20 00:11:30,paid_search_brand,2019-12-31 00:39:40,brand_exact,No purchases in window,0.0,0.0,0.0,0.0,False,False
308,s_000429,3628,2018-06-27 17:48:00,friend_or_family,3,affiliate,2018-06-20 13:57:14,paid_search_brand,2018-06-27 09:07:56,brand_phrase,No purchases in window,0.0,0.0,0.0,0.0,False,False
309,s_000016,747,2020-01-21 22:17:00,search,8,organic_search,2020-01-05 01:41:32,paid_search_brand,2020-01-20 22:41:44,brand_phrase,No purchases in window,0.0,0.0,0.0,0.0,False,False
310,s_000457,531,2020-01-08 09:06:00,blog_or_review_site,5,affiliate,2019-12-14 05:33:00,paid_search_brand,2020-01-07 03:12:42,brand_phrase,No purchases in window,0.0,0.0,0.0,0.0,False,False
312,s_001561,956,2020-01-01 13:13:00,friend_or_family,8,affiliate,2019-11-18 06:20:59,paid_search_nonbrand,2019-12-26 11:32:43,compare_cards,No purchases in window,0.0,0.0,0.0,0.0,False,False
314,s_000239,4907,2017-09-16 21:38:00,search,2,organic_search,2017-09-08 12:05:46,direct,2017-09-16 15:05:07,none,No purchases in window,0.0,0.0,0.0,0.0,False,False
315,s_001346,1726,2020-02-16 14:19:00,blog_or_review_site,1,affiliate,2020-02-05 20:55:58,affiliate,2020-02-05 20:55:58,partner_blog,Regular debit/prepaid-led,56.114675,446.0,12.0,0.0,True,False
318,s_000716,3183,2016-05-24 13:51:00,search,3,organic_search,2016-05-07 13:47:56,paid_search_brand,2016-05-23 13:19:24,brand_phrase,No purchases in window,0.0,0.0,0.0,0.0,False,False
319,s_000862,844,2020-01-01 10:31:00,podcast_or_youtube,4,organic_search,2019-11-29 13:12:28,paid_search_nonbrand,2019-12-22 06:25:13,rewards_terms,Regular credit-led,873.73314,728.0,12.0,1.0,True,True
324,s_000768,1619,2020-02-12 15:57:00,social_media,5,microsoft_ads,2020-01-14 20:10:31,paid_search_nonbrand,2020-02-11 22:29:52,generic_cards,No purchases in window,0.0,0.0,0.0,0.0,False,False
326,s_000250,1803,2020-02-19 19:38:00,search,5,paid_social_reddit,2020-01-12 15:40:27,direct,2020-02-15 17:33:45,none,No purchases in window,0.0,0.0,0.0,0.0,False,False
329,s_001422,1362,2016-02-05 08:08:00,social_media,7,paid_social_reddit,2016-01-03 07:22:45,paid_search_brand,2016-02-05 04:56:07,brand_phrase,Regular credit-led,993.10734,1740.0,12.0,0.9096501136655536,True,True
331,s_001523,1994,2020-02-21 11:20:00,podcast_or_youtube,3,paid_search_nonbrand,2020-02-02 04:18:05,direct,2020-02-20 02:54:48,none,Regular debit/prepaid-led,108.71815,463.0,12.0,0.0,True,False
332,s_000982,4484,2019-08-20 10:41:00,social_media,5,paid_social_reddit,2019-07-25 11:05:50,paid_search_brand,2019-08-15 17:21:47,brand_phrase,Regular debit/prepaid-led,434.095715,1036.0,12.0,0.4571377688515944,True,False
333,s_001372,1731,2020-02-05 15:49:00,search,3,microsoft_ads,2019-12-25 02:10:22,organic_search,2020-01-27 17:09:27,organic,No purchases in window,0.0,0.0,0.0,0.0,False,False
335,s_000471,353,2016-01-27 19:30:00,social_media,6,paid_social_reddit,2016-01-11 08:54:55,paid_search_brand,2016-01-26 08:42:46,brand_exact,Regular debit/prepaid-led,248.13158,1033.0,12.0,0.0,True,False
337,s_001262,668,2020-01-01 10:24:00,friend_or_family,6,paid_social_meta,2019-12-02 22:42:54,paid_search_brand,2019-12-31 22:20:25,brand_phrase,No purchases in window,0.0,0.0,0.0,0.0,False,False
339,s_000339,787,2020-01-22 12:19:00,other,1,affiliate,2020-01-06 22:41:15,affiliate,2020-01-06 22:41:15,cashback_portal,No purchases in window,0.0,0.0,0.0,0.0,False,False
340,s_000163,471,2020-01-17 19:32:00,search,2,paid_search_nonbrand,2019-12-09 23:31:29,direct,2019-12-10 08:25:32,none,No purchases in window,0.0,0.0,0.0,0.0,False,False
341,s_000821,1900,2020-02-22 13:04:00,other,6,direct,2020-02-05 06:27:17,direct,2020-02-21 18:39:16,none,No purchases in window,0.0,0.0,0.0,0.0,False,False
342,s_001030,625,2020-01-18 12:31:00,search,6,affiliate,2020-01-03 19:04:59,organic_search,2020-01-16 11:37:27,organic,No purchases in window,0.0,0.0,0.0,0.0,False,False
344,s_001250,665,2020-01-23 20:45:00,social_media,4,paid_social_meta,2020-01-06 02:24:00,paid_search_brand,2020-01-22 08:55:00,brand_phrase,No purchases in window,0.0,0.0,0.0,0.0,False,False
346,s_000217,2778,2018-04-25 13:09:00,blog_or_review_site,2,direct,2018-03-14 18:12:52,paid_search_brand,2018-04-10 18:04:15,brand_phrase,Regular credit-led,572.411795,844.0,12.0,0.5597263469721449,True,True
347,s_000626,821,2020-01-21 09:01:00,other,3,organic_search,2019-12-14 07:29:43,direct,2020-01-20 05:24:45,none,No purchases in window,0.0,0.0,0.0,0.0,False,False
350,s_000227,3623,2017-06-14 12:15:00,search,2,paid_social_reddit,2017-05-05 16:45:26,paid_search_brand,2017-06-13 09:47:32,brand_exact,Regular credit-led,866.02832,1196.0,12.0,0.5575957094068277,True,True
351,s_000792,431,2020-01-20 10:10:00,blog_or_review_site,2,affiliate,2019-12-23 12:28:38,paid_search_brand,2020-01-18 20:12:29,brand_exact,Regular credit-led,329.962585,830.0,12.0,0.524715735807707,True,True
352,s_000138,465,2020-01-03 09:30:00,blog_or_review_site,7,affiliate,2019-12-21 15:00:19,paid_social_meta,2020-01-03 06:58:13,prospecting_lal,No purchases in window,0.0,0.0,0.0,0.0,False,False
353,s_000107,5328,2018-10-16 10:25:00,search,3,microsoft_ads,2018-10-03 11:43:37,paid_search_brand,2018-10-14 18:35:37,brand_exact,No purchases in window,0.0,0.0,0.0,0.0,False,False
354,s_000238,4902,2017-09-19 18:25:00,search,1,organic_search,2017-08-18 04:09:42,organic_search,2017-08-18 04:09:42,organic,Regular debit/prepaid-led,508.937195,955.0,12.0,0.4502212999709363,True,False
355,s_000268,1387,2019-02-14 11:17:00,search,5,paid_search_nonbrand,2019-01-10 10:49:44,direct,2019-02-13 13:18:08,none,No purchases in window,0.0,0.0,0.0,0.0,False,False
364,s_000845,5340,2019-10-15 18:20:00,search,6,organic_search,2019-09-12 23:42:48,paid_social_meta,2019-10-04 03:02:54,prospecting_lal,Regular debit/prepaid-led,267.129865,1117.0,12.0,0.0,True,False
367,s_000580,1581,2020-02-02 11:56:00,social_media,10,paid_search_brand,2020-01-07 08:56:57,paid_search_brand,2020-02-01 11:44:03,brand_phrase,No purchases in window,0.0,0.0,0.0,0.0,False,False
368,s_000878,4463,2017-08-24 20:17:00,search,4,paid_search_brand,2017-07-15 17:03:22,direct,2017-08-03 00:23:35,none,Regular debit/prepaid-led,585.53481,1644.0,12.0,0.4514767538228389,True,False
369,s_000523,2779,2018-04-04 20:39:00,search,4,paid_search_nonbrand,2018-03-07 04:09:08,paid_search_brand,2018-04-04 15:42:04,brand_exact,Regular credit-led,1162.9998,1211.0,12.0,0.7638549348595357,True,True
374,s_000979,1919,2020-02-27 12:33:00,podcast_or_youtube,2,affiliate,2020-02-21 06:16:43,paid_search_brand,2020-02-21 18:50:18,brand_exact,Regular debit/prepaid-led,316.468535,730.0,12.0,0.438780239731425,True,False
378,s_001579,2001,2020-02-20 21:54:00,friend_or_family,6,organic_search,2020-01-27 00:20:25,paid_search_brand,2020-02-19 15:28:49,brand_phrase,No purchases in window,0.0,0.0,0.0,0.0,False,False
381,s_000033,1465,2020-02-01 17:43:00,other,7,paid_search_brand,2020-01-15 13:25:57,microsoft_ads,2020-01-30 23:01:13,bing_generic,No purchases in window,0.0,0.0,0.0,0.0,False,False
382,s_000385,2371,2018-03-12 16:47:00,friend_or_family,6,paid_social_meta,2018-03-07 20:35:56,paid_search_brand,2018-03-11 12:23:18,brand_phrase,No purchases in window,0.0,0.0,0.0,0.0,False,False
383,s_001041,1928,2020-02-26 14:09:00,search,1,microsoft_ads,2020-02-21 13:46:41,microsoft_ads,2020-02-21 13:46:41,bing_brand,Regular credit-led,264.416565,582.0,12.0,0.5545769317646367,True,True
384,s_001293,4072,2018-07-24 21:22:00,search,4,microsoft_ads,2018-06-30 08:33:50,paid_search_brand,2018-07-23 22:43:22,brand_phrase,No purchases in window,0.0,0.0,0.0,0.0,False,False
388,s_000990,1657,2020-02-07 17:25:00,blog_or_review_site,4,paid_search_brand,2020-01-11 14:35:22,paid_search_brand,2020-02-05 07:46:36,brand_exact,No purchases in window,0.0,0.0,0.0,0.0,False,False
389,s_001151,648,2020-01-15 22:59:00,search,4,paid_search_nonbrand,2020-01-11 00:01:16,paid_search_brand,2020-01-14 21:56:29,brand_phrase,No purchases in window,0.0,0.0,0.0,0.0,False,False
390,s_001373,694,2020-01-16 20:08:00,other,4,organic_search,2019-12-12 17:05:35,microsoft_ads,2020-01-11 10:06:27,bing_brand,No purchases in window,0.0,0.0,0.0,0.0,False,False
391,s_001582,3616,2016-06-02 12:02:00,search,2,paid_search_nonbrand,2016-05-21 22:59:34,direct,2016-06-02 10:17:25,none,Regular debit/prepaid-led,258.02181,507.0,12.0,0.4512484403421963,True,False
396,s_000737,4911,2017-09-03 16:02:00,search,2,affiliate,2017-08-17 16:34:28,direct,2017-08-20 12:43:30,none,No purchases in window,0.0,0.0,0.0,0.0,False,False
397,s_001396,3179,2016-05-28 18:30:00,search,3,paid_search_brand,2016-04-22 07:46:49,paid_search_nonbrand,2016-05-25 20:00:35,compare_cards,Regular debit/prepaid-led,225.116345,1021.0,12.0,0.0,True,False
398,s_001289,5323,2017-10-03 22:25:00,other,1,paid_search_nonbrand,2017-09-19 02:10:52,paid_search_nonbrand,2017-09-19 02:10:52,compare_cards,Regular debit/prepaid-led,137.90338,583.0,12.0,0.0,True,False
399,s_001127,642,2020-01-07 18:06:00,social_media,4,organic_search,2019-12-17 19:05:23,microsoft_ads,2020-01-04 09:12:26,bing_brand,No purchases in window,0.0,0.0,0.0,0.0,False,False
401,s_000677,2383,2019-03-23 13:41:00,social_media,4,paid_social_meta,2019-03-06 18:22:23,paid_search_brand,2019-03-21 20:30:21,brand_exact,Regular credit-led,567.462615,1361.0,12.0,0.500292392176778,True,True
402,s_001010,1927,2020-02-20 13:56:00,social_media,4,paid_social_meta,2020-02-16 11:15:30,direct,2020-02-20 13:13:37,none,Regular debit/prepaid-led,282.714555,1207.0,12.0,0.0,True,False
405,s_001076,879,2020-01-05 11:25:00,podcast_or_youtube,5,affiliate,2019-12-15 08:25:44,direct,2020-01-05 00:55:03,none,No purchases in window,0.0,0.0,0.0,0.0,False,False
406,s_000075,3605,2016-06-10 11:53:00,friend_or_family,7,paid_social_meta,2016-04-28 04:41:37,paid_search_brand,2016-06-09 17:00:14,brand_exact,No purchases in window,0.0,0.0,0.0,0.0,False,False
407,s_000590,428,2020-01-05 18:17:00,app_store,9,paid_search_brand,2019-12-05 10:43:45,paid_search_brand,2020-01-02 21:16:08,brand_exact,No purchases in window,0.0,0.0,0.0,0.0,False,False
411,s_000226,1509,2020-02-06 12:36:00,search,2,paid_search_nonbrand,2020-01-07 14:17:58,organic_search,2020-02-03 10:46:39,organic,No purchases in window,0.0,0.0,0.0,0.0,False,False
412,s_000774,839,2020-01-07 15:19:00,social_media,9,paid_social_meta,2019-12-04 17:36:51,paid_search_brand,2020-01-03 02:43:53,brand_phrase,No purchases in window,0.0,0.0,0.0,0.0,False,False
413,s_001179,893,2020-01-01 18:20:00,app_store,4,apple_search_ads,2019-12-12 08:25:46,direct,2019-12-31 07:19:28,none,No purchases in window,0.0,0.0,0.0,0.0,False,False
415,s_000909,5344,2019-10-10 11:51:00,search,6,organic_search,2019-09-06 04:36:27,direct,2019-10-08 18:37:10,none,Regular credit-led,288.49928,680.0,12.0,0.5079000655380198,True,True
417,s_000126,462,2020-01-11 14:50:00,search,7,organic_search,2019-12-14 14:51:17,organic_search,2020-01-10 15:45:49,organic,No purchases in window,0.0,0.0,0.0,0.0,False,False
418,s_001106,434,2020-01-13 21:15:00,search,4,microsoft_ads,2019-12-30 03:35:33,paid_search_nonbrand,2020-01-13 00:49:06,compare_cards,No purchases in window,0.0,0.0,0.0,0.0,False,False
420,s_001566,739,2020-01-02 14:01:00,other,3,affiliate,2019-11-22 04:08:46,paid_search_nonbrand,2019-12-13 01:48:00,rewards_terms,No purchases in window,0.0,0.0,0.0,0.0,False,False
421,s_000232,1510,2020-02-19 09:57:00,blog_or_review_site,4,affiliate,2020-01-30 22:31:36,direct,2020-02-18 00:06:31,none,Regular credit-led,799.632045,1873.0,12.0,0.5401504217262609,True,True
422,s_000294,498,2020-01-10 15:09:00,search,8,paid_search_nonbrand,2019-12-08 14:12:46,paid_search_brand,2020-01-10 04:42:43,brand_phrase,No purchases in window,0.0,0.0,0.0,0.0,False,False
423,s_000372,393,2020-01-21 20:56:00,blog_or_review_site,5,paid_social_meta,2020-01-05 04:25:06,paid_search_nonbrand,2020-01-15 08:19:04,rewards_terms,No purchases in window,0.0,0.0,0.0,0.0,False,False
424,s_000904,610,2020-01-27 17:45:00,blog_or_review_site,5,affiliate,2020-01-12 13:43:09,paid_search_nonbrand,2020-01-26 17:29:00,generic_cards,No purchases in window,0.0,0.0,0.0,0.0,False,False
425,s_000530,6133,2017-12-22 12:15:00,search,7,microsoft_ads,2017-12-12 07:34:14,organic_search,2017-12-21 07:33:39,organic,Regular debit/prepaid-led,392.50672,1712.0,12.0,0.0,True,False
426,s_001017,624,2020-01-09 13:44:00,friend_or_family,11,microsoft_ads,2019-11-26 18:54:08,paid_search_brand,2020-01-07 23:22:50,brand_phrase,No purchases in window,0.0,0.0,0.0,0.0,False,False
429,s_000014,421,2020-01-04 20:38:00,search,7,organic_search,2019-11-24 01:10:15,paid_search_brand,2020-01-04 02:47:26,brand_exact,No purchases in window,0.0,0.0,0.0,0.0,False,False
431,s_000103,455,2020-01-09 13:34:00,search,3,apple_search_ads,2019-12-20 14:05:25,organic_search,2020-01-04 19:14:41,organic,No purchases in window,0.0,0.0,0.0,0.0,False,False
433,s_000724,2370,2018-03-01 16:29:00,social_media,4,affiliate,2018-01-19 02:16:42,direct,2018-03-01 10:14:31,none,Regular credit-led,482.239225,1161.0,12.0,0.5078949922552044,True,True
434,s_001113,885,2020-01-05 22:03:00,friend_or_family,8,direct,2019-12-16 00:17:28,paid_search_brand,2020-01-03 22:54:04,brand_exact,Regular credit-led,868.48848,869.0,12.0,1.0,True,True
436,s_000972,1653,2020-02-05 18:23:00,search,3,paid_search_nonbrand,2020-01-29 22:00:23,paid_search_brand,2020-02-05 04:00:32,brand_phrase,No purchases in window,0.0,0.0,0.0,0.0,False,False
439,s_000534,2762,2016-04-08 21:18:00,blog_or_review_site,6,affiliate,2016-03-01 14:25:10,paid_search_brand,2016-04-07 14:03:18,brand_exact,No purchases in window,0.0,0.0,0.0,0.0,False,False
444,s_001103,1936,2020-02-17 15:52:00,social_media,6,paid_search_brand,2020-01-15 10:03:47,direct,2020-02-16 07:40:57,none,No purchases in window,0.0,0.0,0.0,0.0,False,False
446,s_000743,1447,2020-02-19 16:37:00,search,5,organic_search,2020-01-21 18:16:14,paid_social_reddit,2020-02-09 03:02:45,r_churning,No purchases in window,0.0,0.0,0.0,0.0,False,False
448,s_000535,549,2020-01-10 12:42:00,search,4,microsoft_ads,2019-12-21 17:01:28,direct,2020-01-09 19:59:49,none,No purchases in window,0.0,0.0,0.0,0.0,False,False
450,s_000961,862,2020-01-26 10:55:00,search,7,affiliate,2020-01-18 08:07:41,direct,2020-01-26 10:33:39,none,Regular debit/prepaid-led,167.57637499999998,707.0,12.0,0.0,True,False
452,s_000648,1866,2020-02-19 18:39:00,friend_or_family,6,apple_search_ads,2020-01-29 09:00:08,direct,2020-02-17 18:56:44,none,Regular debit/prepaid-led,376.802475,1603.0,12.0,0.0,True,False
453,s_000820,600,2020-01-20 17:18:00,friend_or_family,7,paid_social_meta,2019-12-23 18:07:26,direct,2020-01-19 13:27:32,none,No purchases in window,0.0,0.0,0.0,0.0,False,False
454,s_000273,5735,2018-11-03 16:27:00,blog_or_review_site,4,affiliate,2018-10-12 11:22:45,paid_search_brand,2018-11-03 05:18:39,brand_phrase,No purchases in window,0.0,0.0,0.0,0.0,False,False
455,s_001404,4064,2017-07-01 13:35:00,search,3,paid_search_nonbrand,2017-06-01 14:56:58,paid_search_brand,2017-07-01 03:44:03,brand_phrase,Regular debit/prepaid-led,167.40055999999998,887.0,12.0,0.0,True,False
459,s_001495,3625,2017-06-15 08:55:00,search,5,paid_search_brand,2017-05-28 16:51:24,paid_search_brand,2017-06-14 14:09:13,brand_exact,Regular debit/prepaid-led,316.89132,664.0,12.0,0.4369921613577283,True,False
461,s_000036,3172,2016-05-08 18:34:00,search,6,paid_search_nonbrand,2016-04-09 04:41:10,microsoft_ads,2016-05-02 11:48:39,bing_brand,Regular debit/prepaid-led,492.90711,2159.0,12.0,0.0,True,False
463,s_001450,5746,2019-11-10 18:56:00,search,2,paid_social_meta,2019-11-04 03:55:20,paid_search_brand,2019-11-08 13:29:58,brand_exact,No purchases in window,0.0,0.0,0.0,0.0,False,False
466,s_000419,2367,2017-03-25 19:35:00,search,6,organic_search,2017-03-21 11:26:47,paid_search_brand,2017-03-25 01:22:25,brand_phrase,No purchases in window,0.0,0.0,0.0,0.0,False,False
467,s_001140,4481,2019-08-25 15:47:00,search,7,organic_search,2019-07-13 06:44:42,direct,2019-08-24 04:47:12,none,Regular credit-led,675.5233499999999,1114.0,12.0,0.8648727059292101,True,True
475,s_000574,558,2020-01-08 15:55:00,social_media,3,affiliate,2019-12-07 00:54:34,paid_search_brand,2019-12-28 18:50:51,brand_exact,No purchases in window,0.0,0.0,0.0,0.0,False,False
481,s_001338,920,2020-01-06 15:27:00,app_store,6,apple_search_ads,2019-12-06 09:48:21,direct,2020-01-05 13:20:36,none,No purchases in window,0.0,0.0,0.0,0.0,False,False
482,s_000020,1461,2020-02-06 20:03:00,other,4,direct,2020-01-26 20:17:15,paid_search_brand,2020-02-04 16:41:22,brand_exact,No purchases in window,0.0,0.0,0.0,0.0,False,False
485,s_000257,1517,2020-02-26 13:35:00,other,2,direct,2020-02-08 04:14:22,paid_search_brand,2020-02-11 07:32:27,brand_phrase,No purchases in window,0.0,0.0,0.0,0.0,False,False
486,s_000554,553,2020-01-07 21:17:00,search,4,paid_search_brand,2019-12-12 16:38:42,direct,2020-01-07 14:58:56,none,No purchases in window,0.0,0.0,0.0,0.0,False,False
487,s_000983,1656,2020-02-10 16:13:00,social_media,4,paid_social_meta,2020-02-05 17:08:09,paid_search_brand,2020-02-10 12:29:50,brand_phrase,Regular debit/prepaid-led,278.428865,1139.0,12.0,0.0,True,False
489,s_001389,4051,2016-07-12 18:23:00,podcast_or_youtube,2,organic_search,2016-06-22 09:08:13,direct,2016-07-07 07:41:12,none,Regular credit-led,281.402495,562.0,12.0,0.5074109456046126,True,True
493,s_001383,1973,2020-02-14 14:05:00,social_media,7,paid_social_meta,2020-02-06 21:14:40,direct,2020-02-13 17:25:52,none,No purchases in window,0.0,0.0,0.0,0.0,False,False
494,s_000529,1847,2020-02-23 15:06:00,other,3,paid_search_nonbrand,2020-01-30 09:23:41,paid_social_reddit,2020-02-17 08:20:01,r_personalfinance,Regular credit-led,629.8884,913.0,12.0,1.0,True,True
495,s_001466,1740,2020-02-06 21:56:00,social_media,4,affiliate,2020-01-07 08:38:24,microsoft_ads,2020-01-29 17:47:59,bing_generic,No purchases in window,0.0,0.0,0.0,0.0,False,False
496,s_000960,3186,2016-05-28 11:47:00,friend_or_family,3,paid_social_reddit,2016-04-15 12:16:06,paid_search_brand,2016-05-27 01:25:48,brand_exact,Regular credit-led,306.23811,559.0,12.0,0.5290015903311098,True,True
497,s_001042,3198,2017-05-20 12:05:00,other,5,direct,2017-04-26 03:48:45,paid_search_brand,2017-05-20 04:00:47,brand_phrase,Regular credit-led,745.11194,1052.0,12.0,0.5936078221460013,True,True
498,s_001497,946,2020-01-01 14:46:00,search,8,paid_search_brand,2019-11-22 07:33:54,paid_search_nonbrand,2019-12-28 16:37:55,rewards_terms,No purchases in window,0.0,0.0,0.0,0.0,False,False
499,s_001487,715,2020-01-24 13:18:00,search,6,paid_search_nonbrand,2019-12-16 21:30:03,paid_search_brand,2020-01-22 20:50:13,brand_exact,No purchases in window,0.0,0.0,0.0,0.0,False,False
500,s_001218,661,2020-01-03 12:35:00,friend_or_family,11,affiliate,2019-12-13 02:09:49,paid_search_brand,2019-12-31 15:46:00,brand_phrase,No purchases in window,0.0,0.0,0.0,0.0,False,False
501,s_001087,636,2020-01-13 19:39:00,search,3,affiliate,2019-12-29 23:23:48,direct,2020-01-08 23:46:31,none,No purchases in window,0.0,0.0,0.0,0.0,False,False
507,s_000431,526,2020-01-09 10:06:00,blog_or_review_site,3,affiliate,2019-12-06 03:11:54,paid_search_brand,2020-01-08 16:15:38,brand_phrase,No purchases in window,0.0,0.0,0.0,0.0,False,False
508,s_000959,620,2020-01-12 21:54:00,social_media,2,paid_social_meta,2020-01-03 06:42:58,paid_search_brand,2020-01-12 02:55:38,brand_phrase,No purchases in window,0.0,0.0,0.0,0.0,False,False
509,s_000683,569,2020-01-19 10:28:00,friend_or_family,3,affiliate,2019-12-30 04:25:31,microsoft_ads,2020-01-10 01:23:12,bing_generic,Regular debit/prepaid-led,238.91909,1065.0,12.0,0.0,True,False
510,s_001315,917,2020-01-04 17:40:00,blog_or_review_site,3,affiliate,2019-12-01 10:37:20,direct,2020-01-03 16:10:37,none,No purchases in window,0.0,0.0,0.0,0.0,False,False
513,s_000565,6139,2018-12-25 19:53:00,other,6,direct,2018-12-20 03:21:16,direct,2018-12-24 20:18:08,none,No purchases in window,0.0,0.0,0.0,0.0,False,False
516,s_001224,1709,2020-02-06 13:25:00,search,5,paid_search_brand,2020-01-27 17:36:50,direct,2020-02-05 10:13:20,none,No purchases in window,0.0,0.0,0.0,0.0,False,False
517,s_001446,5335,2018-10-22 12:38:00,search,2,paid_search_nonbrand,2018-10-01 16:36:46,paid_search_brand,2018-10-22 11:05:03,brand_phrase,Regular credit-led,245.779915,659.0,12.0,0.5023322995410604,True,True
518,s_000987,5733,2017-11-02 18:07:00,search,5,paid_search_brand,2017-10-21 22:07:38,organic_search,2017-11-02 13:24:09,organic,No purchases in window,0.0,0.0,0.0,0.0,False,False
519,s_000296,3173,2016-05-04 18:58:00,search,3,paid_search_nonbrand,2016-04-16 13:02:01,paid_search_brand,2016-05-03 07:53:51,brand_exact,Regular debit/prepaid-led,143.66792,921.0,12.0,0.0,True,False
521,s_001033,627,2020-01-18 12:51:00,other,5,direct,2019-12-09 17:29:27,paid_search_brand,2020-01-17 21:54:39,brand_phrase,No purchases in window,0.0,0.0,0.0,0.0,False,False
522,s_000801,594,2020-01-11 15:21:00,other,6,direct,2019-12-03 00:58:45,paid_search_brand,2020-01-11 07:17:15,brand_exact,No purchases in window,0.0,0.0,0.0,0.0,False,False
523,s_001462,3612,2016-06-02 12:52:00,search,2,direct,2016-05-19 11:50:41,direct,2016-06-01 03:24:19,none,Regular credit-led,898.69346,1250.0,12.0,0.5094441578282058,True,True
529,s_001148,5734,2017-11-08 18:29:00,social_media,6,paid_social_reddit,2017-10-11 01:11:23,paid_search_brand,2017-11-08 13:37:14,brand_phrase,No purchases in window,0.0,0.0,0.0,0.0,False,False
530,s_000374,4926,2019-09-17 15:20:00,search,5,paid_search_nonbrand,2019-09-03 10:33:38,paid_search_brand,2019-09-16 12:24:29,brand_phrase,Regular debit/prepaid-led,294.646145,1338.0,12.0,0.0,True,False
531,s_001197,411,2020-01-13 09:57:00,social_media,5,paid_social_meta,2019-12-09 06:52:36,paid_search_brand,2020-01-12 20:09:00,brand_exact,No purchases in window,0.0,0.0,0.0,0.0,False,False
532,s_001408,931,2020-01-06 14:46:00,search,4,microsoft_ads,2019-12-28 13:40:40,paid_search_brand,2020-01-05 16:12:57,brand_exact,No purchases in window,0.0,0.0,0.0,0.0,False,False
533,s_000058,750,2020-01-05 20:15:00,blog_or_review_site,2,affiliate,2019-12-20 13:38:59,direct,2020-01-05 05:32:53,none,No purchases in window,0.0,0.0,0.0,0.0,False,False
534,s_000756,3645,2019-06-01 08:06:00,other,4,direct,2019-05-06 13:39:59,direct,2019-05-20 15:33:11,none,Regular debit/prepaid-led,327.84537,1408.0,12.0,0.0,True,False
536,s_001457,940,2020-01-05 11:21:00,social_media,7,apple_search_ads,2019-12-18 05:37:28,paid_search_brand,2020-01-04 12:52:39,brand_phrase,No purchases in window,0.0,0.0,0.0,0.0,False,False
537,s_001541,1756,2020-02-02 11:56:00,search,10,organic_search,2020-01-12 04:13:18,paid_search_brand,2020-02-02 04:47:06,brand_phrase,No purchases in window,0.0,0.0,0.0,0.0,False,False
539,s_001031,871,2020-01-08 14:27:00,search,2,paid_search_brand,2019-12-27 13:41:08,paid_search_brand,2020-01-08 14:03:16,brand_phrase,No purchases in window,0.0,0.0,0.0,0.0,False,False
540,s_000125,1488,2020-02-27 13:39:00,search,2,paid_search_nonbrand,2020-02-20 15:59:00,paid_search_brand,2020-02-23 10:59:41,brand_exact,No purchases in window,0.0,0.0,0.0,0.0,False,False
545,s_001452,6140,2019-12-03 12:20:00,social_media,6,paid_social_reddit,2019-11-24 22:01:10,paid_search_brand,2019-12-03 00:02:36,brand_exact,Regular debit/prepaid-led,139.210085,594.0,12.0,0.0,True,False
547,s_000624,4461,2017-08-18 18:22:00,search,3,paid_search_brand,2017-08-17 00:04:27,paid_search_brand,2017-08-17 13:48:42,brand_phrase,Regular debit/prepaid-led,176.075945,939.0,12.0,0.0,True,False
548,s_001269,1715,2020-02-08 13:00:00,friend_or_family,8,paid_social_reddit,2019-12-31 15:49:10,paid_search_nonbrand,2020-02-06 15:03:59,rewards_terms,No purchases in window,0.0,0.0,0.0,0.0,False,False
549,s_000512,4467,2018-08-09 18:53:00,friend_or_family,2,paid_social_meta,2018-07-16 22:54:47,paid_search_brand,2018-08-08 15:50:01,brand_phrase,Regular credit-led,752.2488,562.0,12.0,1.0,True,True
555,s_001418,700,2020-01-19 17:08:00,social_media,1,paid_social_meta,2019-12-27 16:34:47,paid_social_meta,2019-12-27 16:34:47,spring_launch,No purchases in window,0.0,0.0,0.0,0.0,False,False
558,s_000896,848,2020-01-11 17:38:00,social_media,6,paid_social_reddit,2019-12-25 03:05:16,paid_search_brand,2020-01-10 23:15:15,brand_phrase,No purchases in window,0.0,0.0,0.0,0.0,False,False
560,s_000876,1371,2017-02-26 15:27:00,search,4,paid_search_brand,2017-01-19 11:52:10,direct,2017-02-25 05:23:24,none,No purchases in window,0.0,0.0,0.0,0.0,False,False
561,s_000430,6119,2016-12-16 16:15:00,search,5,paid_search_nonbrand,2016-12-07 00:50:50,paid_search_brand,2016-12-15 15:34:42,brand_phrase,Regular debit/prepaid-led,410.28648,1178.0,12.0,0.4923649619019731,True,False
562,s_000461,427,2020-01-11 12:41:00,search,6,paid_search_brand,2019-12-16 15:14:01,paid_search_nonbrand,2020-01-11 02:48:38,compare_cards,No purchases in window,0.0,0.0,0.0,0.0,False,False
563,s_000182,2760,2016-04-27 13:25:00,social_media,3,paid_social_meta,2016-04-17 21:45:41,direct,2016-04-26 08:06:21,none,Regular credit-led,1101.358465,1698.0,12.0,0.5891236647625497,True,True
565,s_000514,3175,2016-05-26 16:36:00,search,3,paid_social_meta,2016-05-17 07:07:13,direct,2016-05-25 15:28:39,none,Regular debit/prepaid-led,335.182585,1437.0,12.0,0.0,True,False
567,s_000779,589,2020-01-15 13:42:00,social_media,5,paid_search_nonbrand,2019-12-13 20:29:09,paid_search_brand,2020-01-14 02:53:21,brand_phrase,No purchases in window,0.0,0.0,0.0,0.0,False,False
568,s_000730,1612,2020-02-24 18:48:00,search,3,affiliate,2020-02-02 07:37:41,paid_search_brand,2020-02-22 23:39:54,brand_phrase,No purchases in window,0.0,0.0,0.0,0.0,False,False
569,s_000732,2764,2016-04-04 11:42:00,other,2,organic_search,2016-03-07 11:54:12,paid_social_meta,2016-03-18 01:41:20,spring_launch,Regular credit-led,487.10682,590.0,12.0,1.0,True,True
571,s_000438,4047,2016-07-26 13:02:00,friend_or_family,2,affiliate,2016-06-19 03:48:36,organic_search,2016-07-01 23:04:03,organic,Regular debit/prepaid-led,330.58869,1452.0,12.0,0.0,True,False
572,s_000945,1916,2020-02-01 15:25:00,search,2,microsoft_ads,2020-01-14 05:54:34,direct,2020-01-31 21:35:26,none,No purchases in window,0.0,0.0,0.0,0.0,False,False
574,s_001318,435,2020-01-06 15:03:00,search,7,organic_search,2019-12-10 15:13:28,paid_social_meta,2020-01-05 15:12:28,prospecting_lal,No purchases in window,0.0,0.0,0.0,0.0,False,False
575,s_000464,369,2018-01-01 15:13:00,search,5,paid_search_nonbrand,2017-12-14 18:15:54,direct,2018-01-01 10:32:41,none,Regular credit-led,445.76398,786.0,12.0,0.5161551834779808,True,True
576,s_000893,2384,2019-03-09 13:55:00,social_media,3,paid_social_meta,2019-01-24 01:40:45,paid_search_brand,2019-03-09 01:08:21,brand_exact,Regular credit-led,687.109415,1010.0,12.0,0.6359374866326273,True,True
582,s_000303,3634,2018-06-13 15:28:00,search,2,paid_search_brand,2018-05-11 09:08:00,paid_search_brand,2018-06-13 07:31:07,brand_exact,Regular credit-led,598.5244799999999,522.0,12.0,1.0,True,True
586,s_000248,1515,2020-02-17 21:55:00,blog_or_review_site,10,paid_search_nonbrand,2020-01-28 07:11:01,paid_search_brand,2020-02-17 13:49:07,brand_exact,Regular debit/prepaid-led,401.19918,901.0,12.0,0.4884424513264158,True,False
587,s_001143,1694,2020-02-02 08:08:00,search,8,direct,2020-01-22 03:43:40,paid_search_brand,2020-01-31 16:57:15,brand_exact,No purchases in window,0.0,0.0,0.0,0.0,False,False
588,s_001584,439,2020-01-04 21:28:00,social_media,7,paid_social_reddit,2019-11-25 11:24:22,direct,2020-01-03 01:13:19,none,No purchases in window,0.0,0.0,0.0,0.0,False,False
591,s_001575,2391,2019-03-16 22:02:00,blog_or_review_site,1,organic_search,2019-02-03 14:12:43,organic_search,2019-02-03 14:12:43,organic,No purchases in window,0.0,0.0,0.0,0.0,False,False
593,s_000124,461,2020-01-13 13:17:00,friend_or_family,4,affiliate,2019-12-08 07:01:54,paid_search_brand,2020-01-03 12:25:13,brand_exact,No purchases in window,0.0,0.0,0.0,0.0,False,False
594,s_001066,877,2020-01-01 21:20:00,search,7,organic_search,2019-12-10 19:03:10,paid_search_brand,2019-12-31 03:20:00,brand_exact,No purchases in window,0.0,0.0,0.0,0.0,False,False
596,s_001004,1925,2020-02-12 15:37:00,social_media,7,paid_social_meta,2020-01-12 23:40:19,paid_social_reddit,2020-02-12 13:55:03,r_churning,Regular credit-led,568.2564,711.0,12.0,1.0,True,True
598,s_001425,2361,2016-03-11 22:50:00,search,5,organic_search,2016-02-19 13:12:29,paid_search_nonbrand,2016-03-08 12:29:44,rewards_terms,Regular debit/prepaid-led,1330.02621,2626.0,12.0,0.4902668945009638,True,False
599,s_000443,800,2020-01-15 12:25:00,other,6,direct,2019-12-06 16:57:07,affiliate,2020-01-14 10:14:34,comparison_site,No purchases in window,0.0,0.0,0.0,0.0,False,False
600,s_000907,850,2020-01-06 18:35:00,search,6,paid_search_brand,2019-12-01 05:37:35,direct,2020-01-04 11:31:00,none,No purchases in window,0.0,0.0,0.0,0.0,False,False
607,s_000132,759,2020-01-19 08:09:00,search,5,organic_search,2019-12-31 06:12:46,direct,2020-01-17 16:19:15,none,No purchases in window,0.0,0.0,0.0,0.0,False,False
608,s_000977,2355,2016-03-12 12:50:00,blog_or_review_site,2,affiliate,2016-02-02 16:45:16,organic_search,2016-02-09 01:59:23,organic,Regular debit/prepaid-led,147.42933,671.0,12.0,0.0,True,False
610,s_000618,820,2020-01-08 09:34:00,social_media,7,paid_social_meta,2019-12-06 22:59:49,direct,2020-01-07 06:44:41,none,No purchases in window,0.0,0.0,0.0,0.0,False,False
611,s_001305,679,2020-01-04 17:19:00,friend_or_family,5,affiliate,2019-11-27 12:06:46,microsoft_ads,2020-01-01 11:43:13,bing_generic,No purchases in window,0.0,0.0,0.0,0.0,False,False
612,s_001454,2375,2018-03-08 19:32:00,friend_or_family,2,affiliate,2018-03-01 22:41:38,paid_search_brand,2018-03-08 09:24:21,brand_exact,No purchases in window,0.0,0.0,0.0,0.0,False,False
613,s_000216,775,2020-01-22 20:39:00,friend_or_family,4,paid_search_brand,2019-12-21 20:23:11,direct,2020-01-21 19:46:47,none,Regular credit-led,506.97282,1094.0,12.0,0.5194625437332065,True,True
614,s_001521,416,2020-01-12 22:26:00,blog_or_review_site,1,paid_search_brand,2020-01-09 00:25:12,paid_search_brand,2020-01-09 00:25:12,brand_phrase,Regular debit/prepaid-led,371.169735,814.0,12.0,0.4938292459403444,True,False
616,s_001301,3611,2016-06-08 09:44:00,friend_or_family,7,microsoft_ads,2016-05-24 11:27:23,paid_search_brand,2016-06-08 02:42:59,brand_exact,Regular credit-led,469.4022,815.0,12.0,1.0,True,True
617,s_000337,2354,2016-03-03 16:17:00,search,4,paid_search_brand,2016-02-05 17:10:52,direct,2016-02-21 19:17:30,none,No purchases in window,0.0,0.0,0.0,0.0,False,False
618,s_001388,699,2020-01-22 16:51:00,search,5,microsoft_ads,2020-01-14 21:30:15,paid_social_meta,2020-01-21 19:38:01,spring_launch,Regular debit/prepaid-led,124.916935,558.0,12.0,0.0,True,False
620,s_001225,1710,2020-02-14 19:52:00,search,3,organic_search,2020-01-10 09:07:17,paid_search_brand,2020-02-14 12:34:01,brand_phrase,No purchases in window,0.0,0.0,0.0,0.0,False,False
622,s_001093,1935,2020-02-21 14:12:00,blog_or_review_site,3,affiliate,2020-01-19 03:01:30,paid_search_brand,2020-02-16 10:47:50,brand_exact,No purchases in window,0.0,0.0,0.0,0.0,False,False
625,s_001538,733,2020-01-09 22:48:00,social_media,1,paid_social_meta,2019-12-04 03:27:13,paid_social_meta,2019-12-04 03:27:13,spring_launch,No purchases in window,0.0,0.0,0.0,0.0,False,False
626,s_001056,876,2020-01-11 13:45:00,search,5,paid_search_nonbrand,2019-12-06 17:48:27,direct,2020-01-11 06:59:54,none,No purchases in window,0.0,0.0,0.0,0.0,False,False
627,s_001272,5334,2018-10-10 19:57:00,social_media,4,paid_social_meta,2018-09-22 01:14:29,paid_social_meta,2018-10-10 00:51:27,spring_launch,No purchases in window,0.0,0.0,0.0,0.0,False,False
628,s_001550,1757,2020-02-05 09:56:00,friend_or_family,1,affiliate,2020-02-02 11:39:29,affiliate,2020-02-02 11:39:29,cashback_portal,Regular debit/prepaid-led,182.499505,723.0,12.0,0.0,True,False
629,s_000386,5324,2017-10-22 12:01:00,search,7,direct,2017-10-20 02:12:20,paid_search_brand,2017-10-22 09:15:38,brand_phrase,Regular credit-led,965.575555,860.0,12.0,0.7012400042997156,True,True
631,s_001489,717,2020-01-01 18:35:00,social_media,6,paid_social_meta,2019-12-11 04:18:34,paid_search_nonbrand,2020-01-01 00:10:03,compare_cards,Regular credit-led,408.0341,815.0,12.0,0.5015390925182404,True,True
632,s_001307,680,2020-01-19 16:32:00,friend_or_family,4,paid_search_nonbrand,2020-01-01 11:58:28,paid_search_brand,2020-01-16 23:48:51,brand_exact,No purchases in window,0.0,0.0,0.0,0.0,False,False
635,s_000861,1448,2020-02-21 08:49:00,search,7,paid_search_brand,2020-02-18 19:22:05,paid_search_brand,2020-02-21 03:06:44,brand_phrase,No purchases in window,0.0,0.0,0.0,0.0,False,False
638,s_001302,914,2020-01-10 22:45:00,blog_or_review_site,5,affiliate,2019-12-06 11:10:53,paid_search_brand,2020-01-09 08:12:28,brand_exact,Regular debit/prepaid-led,102.426315,409.0,12.0,0.0,True,False
640,s_000006,745,2020-01-08 20:04:00,social_media,3,organic_search,2019-12-02 19:05:50,direct,2020-01-07 21:49:06,none,No purchases in window,0.0,0.0,0.0,0.0,False,False
641,s_000705,4456,2016-08-28 11:49:00,blog_or_review_site,6,affiliate,2016-08-12 00:17:07,paid_search_brand,2016-08-24 19:00:57,brand_phrase,Regular debit/prepaid-led,443.136125,1951.0,12.0,0.0,True,False
643,s_000050,1395,2020-02-12 11:09:00,search,2,paid_search_brand,2020-01-16 02:05:32,direct,2020-01-26 23:33:28,none,Regular credit-led,573.45732,1241.0,12.0,1.0,True,True
647,s_001580,4460,2016-08-01 17:16:00,other,6,paid_search_brand,2016-07-06 10:29:43,paid_search_nonbrand,2016-07-31 18:01:49,rewards_terms,Regular debit/prepaid-led,258.36937,1181.0,12.0,0.0,True,False
649,s_000942,2766,2016-04-13 22:49:00,social_media,6,paid_social_meta,2016-02-29 05:43:19,direct,2016-04-13 11:48:08,none,Regular credit-led,362.52705,981.0,12.0,0.5529716414651454,True,True
650,s_000164,4922,2019-09-03 12:41:00,search,7,paid_search_brand,2019-08-21 10:17:37,direct,2019-09-03 02:51:05,none,Regular credit-led,265.58406,550.0,12.0,0.5320039294741981,True,True
653,s_000750,1886,2020-02-25 17:37:00,search,7,organic_search,2020-02-10 15:22:28,paid_search_brand,2020-02-25 09:42:07,brand_exact,No purchases in window,0.0,0.0,0.0,0.0,False,False
659,s_000420,1821,2020-02-09 18:38:00,search,7,paid_search_nonbrand,2020-01-10 09:58:40,paid_search_brand,2020-02-08 03:29:45,brand_phrase,Regular debit/prepaid-led,532.25925,1184.0,12.0,0.4990741248304294,True,False
664,s_000255,1516,2020-02-02 11:27:00,social_media,3,direct,2019-12-27 18:34:00,paid_search_brand,2020-01-28 04:50:42,brand_exact,No purchases in window,0.0,0.0,0.0,0.0,False,False
670,s_001271,911,2020-01-16 18:45:00,social_media,8,paid_social_meta,2019-12-23 11:54:38,paid_search_brand,2020-01-15 05:37:13,brand_exact,No purchases in window,0.0,0.0,0.0,0.0,False,False
671,s_001292,5739,2018-11-25 10:44:00,social_media,5,paid_social_meta,2018-11-23 06:43:45,organic_search,2018-11-25 00:49:04,organic,Regular credit-led,574.12188,736.0,12.0,1.0,True,True
672,s_001311,4464,2017-08-12 21:28:00,social_media,5,paid_social_meta,2017-07-26 17:42:59,paid_search_brand,2017-08-11 08:48:53,brand_phrase,Regular debit/prepaid-led,347.55920000000003,1560.0,12.0,0.0,True,False
673,s_000458,1827,2020-02-03 21:51:00,search,4,microsoft_ads,2020-01-08 00:32:16,paid_search_brand,2020-01-24 21:24:50,brand_phrase,No purchases in window,0.0,0.0,0.0,0.0,False,False
675,s_000271,4454,2016-08-25 16:10:00,search,5,paid_search_brand,2016-08-08 05:46:13,organic_search,2016-08-23 12:32:46,organic,Regular debit/prepaid-led,366.4096,936.0,12.0,0.4344496324380996,True,False
677,s_000829,5317,2016-10-13 09:29:00,social_media,3,paid_social_meta,2016-08-30 14:54:04,paid_search_brand,2016-10-12 17:12:35,brand_exact,Regular credit-led,647.8856049999999,873.0,12.0,0.6014837374810689,True,True
678,s_000355,514,2020-01-28 10:06:00,search,5,paid_search_nonbrand,2020-01-19 23:18:20,direct,2020-01-27 07:51:58,none,Regular debit/prepaid-led,226.282135,657.0,12.0,0.450966941393397,True,False
681,s_001084,1679,2020-02-11 10:11:00,search,2,microsoft_ads,2020-01-29 04:49:25,paid_search_brand,2020-02-10 07:07:35,brand_phrase,No purchases in window,0.0,0.0,0.0,0.0,False,False
682,s_001469,6145,2019-12-22 11:22:00,friend_or_family,6,paid_search_nonbrand,2019-12-15 08:50:45,paid_search_brand,2019-12-20 12:56:39,brand_phrase,No purchases in window,0.0,0.0,0.0,0.0,False,False
684,s_000261,2768,2017-04-09 20:46:00,search,2,organic_search,2017-02-27 20:42:42,paid_search_brand,2017-04-08 12:01:30,brand_exact,Regular credit-led,362.036115,651.0,12.0,0.6490758755701405,True,True
685,s_000336,508,2020-01-06 16:22:00,search,9,organic_search,2019-12-31 10:14:35,direct,2020-01-06 00:41:25,none,No purchases in window,0.0,0.0,0.0,0.0,False,False
687,s_001415,1980,2020-02-25 17:26:00,social_media,2,paid_search_brand,2020-02-11 10:55:51,paid_social_meta,2020-02-24 17:53:24,prospecting_lal,No purchases in window,0.0,0.0,0.0,0.0,False,False
693,s_000702,830,2020-01-16 22:15:00,podcast_or_youtube,3,affiliate,2020-01-08 00:33:18,paid_search_brand,2020-01-15 08:35:42,brand_phrase,No purchases in window,0.0,0.0,0.0,0.0,False,False
694,s_000384,1817,2020-02-25 19:26:00,search,2,paid_search_brand,2020-01-13 11:53:47,direct,2020-02-25 17:39:38,none,No purchases in window,0.0,0.0,0.0,0.0,False,False
696,s_000846,1635,2020-02-21 14:39:00,search,5,paid_search_brand,2020-02-07 14:11:18,paid_search_brand,2020-02-21 12:30:49,brand_phrase,Regular debit/prepaid-led,276.948545,1262.0,12.0,0.0,True,False
697,s_000085,3640,2019-06-16 12:25:00,search,1,paid_search_brand,2019-05-26 15:12:43,paid_search_brand,2019-05-26 15:12:43,brand_phrase,Regular debit/prepaid-led,109.135225,427.0,12.0,0.0,True,False
698,s_000135,1490,2020-02-15 16:37:00,podcast_or_youtube,4,organic_search,2020-02-04 16:17:20,paid_search_brand,2020-02-15 08:19:46,brand_phrase,No purchases in window,0.0,0.0,0.0,0.0,False,False
700,s_001169,890,2020-01-06 19:07:00,search,4,paid_search_nonbrand,2020-01-01 04:43:46,paid_social_meta,2020-01-04 22:21:23,retargeting_site,No purchases in window,0.0,0.0,0.0,0.0,False,False
701,s_000175,365,2018-01-05 20:17:00,blog_or_review_site,2,affiliate,2017-12-21 20:47:41,direct,2018-01-04 18:20:16,none,No purchases in window,0.0,0.0,0.0,0.0,False,False
707,s_000645,825,2020-01-18 14:12:00,search,4,organic_search,2020-01-02 09:22:15,direct,2020-01-17 00:53:28,none,No purchases in window,0.0,0.0,0.0,0.0,False,False
709,s_001144,6121,2016-12-10 10:49:00,friend_or_family,6,paid_search_brand,2016-11-12 07:10:09,paid_search_brand,2016-12-08 20:10:33,brand_phrase,Regular debit/prepaid-led,246.85197,1092.0,12.0,0.0,True,False
712,s_000547,3615,2016-06-02 12:05:00,search,4,organic_search,2016-04-25 09:05:22,paid_search_brand,2016-05-19 07:09:34,brand_phrase,Regular debit/prepaid-led,336.03775,809.0,12.0,0.4265240561994559,True,False
713,s_000063,447,2020-01-02 21:35:00,search,4,affiliate,2019-12-16 22:45:56,direct,2020-01-02 03:49:44,none,No purchases in window,0.0,0.0,0.0,0.0,False,False
715,s_000551,6141,2019-12-03 11:50:00,blog_or_review_site,5,affiliate,2019-11-01 10:55:03,direct,2019-12-03 05:23:05,none,No purchases in window,0.0,0.0,0.0,0.0,False,False
716,s_000567,811,2020-01-10 21:23:00,friend_or_family,7,organic_search,2019-12-02 05:05:45,paid_search_brand,2020-01-09 20:09:23,brand_phrase,Regular credit-led,979.96608,1387.0,12.0,1.0,True,True
717,s_001133,5738,2018-11-07 09:35:00,friend_or_family,7,organic_search,2018-10-27 16:46:52,direct,2018-11-06 02:21:03,none,No purchases in window,0.0,0.0,0.0,0.0,False,False
719,s_000187,4075,2019-07-12 14:42:00,friend_or_family,6,affiliate,2019-07-03 20:30:47,direct,2019-07-12 06:36:00,none,Regular credit-led,537.562115,1086.0,12.0,0.505133675650401,True,True
720,s_001279,1963,2020-02-21 12:33:00,search,4,organic_search,2020-01-17 07:10:09,paid_search_brand,2020-02-07 05:12:39,brand_exact,Regular debit/prepaid-led,74.774055,327.0,12.0,0.0,True,False
722,s_000726,575,2020-01-24 18:03:00,search,7,affiliate,2020-01-03 18:51:29,paid_search_brand,2020-01-24 12:54:34,brand_exact,No purchases in window,0.0,0.0,0.0,0.0,False,False
725,s_000873,1907,2020-02-04 19:56:00,search,1,organic_search,2020-01-19 22:41:16,organic_search,2020-01-19 22:41:16,organic,No purchases in window,0.0,0.0,0.0,0.0,False,False
727,s_000981,1920,2020-02-08 16:39:00,search,6,microsoft_ads,2020-01-25 20:40:20,organic_search,2020-02-05 09:29:59,organic,Regular debit/prepaid-led,366.787915,1020.0,12.0,0.4371298571758484,True,False
731,s_000477,802,2020-01-25 18:10:00,search,8,paid_search_nonbrand,2019-12-14 10:36:48,referral,2020-01-25 13:38:10,refer_a_friend,Regular debit/prepaid-led,111.12518,449.0,12.0,0.0,True,False
736,s_000346,509,2020-01-13 14:33:00,other,9,paid_search_nonbrand,2020-01-03 10:02:49,paid_search_nonbrand,2020-01-10 16:38:38,rewards_terms,No purchases in window,0.0,0.0,0.0,0.0,False,False
737,s_001386,6144,2019-12-21 17:46:00,search,6,paid_search_brand,2019-11-14 04:50:41,organic_search,2019-12-20 05:47:37,organic,Regular debit/prepaid-led,386.52257,1577.0,12.0,0.0141811255205677,True,False
738,s_001491,1989,2020-02-14 17:34:00,social_media,6,paid_search_nonbrand,2020-01-28 03:26:04,paid_search_brand,2020-02-13 03:26:28,brand_exact,Regular credit-led,1024.08694,1010.0,12.0,0.6557826649177609,True,True
740,s_000864,845,2020-01-01 14:07:00,search,4,paid_search_brand,2019-12-27 05:45:08,paid_social_meta,2020-01-01 07:45:29,retargeting_site,No purchases in window,0.0,0.0,0.0,0.0,False,False
743,s_000751,836,2020-01-15 20:31:00,social_media,6,direct,2020-01-05 12:12:00,microsoft_ads,2020-01-11 08:06:37,bing_generic,Regular debit/prepaid-led,129.823105,550.0,12.0,0.0,True,False
744,s_000485,5720,2016-11-20 20:05:00,app_store,5,apple_search_ads,2016-10-22 23:27:32,paid_search_brand,2016-11-19 09:54:46,brand_phrase,Regular debit/prepaid-led,394.169975,843.0,12.0,0.476548914301588,True,False
745,s_000136,1491,2020-02-02 14:00:00,app_store,6,apple_search_ads,2020-01-27 05:43:48,paid_search_brand,2020-02-01 14:53:02,brand_phrase,No purchases in window,0.0,0.0,0.0,0.0,False,False
748,s_000898,2763,2016-04-08 19:44:00,social_media,3,paid_social_meta,2016-03-06 02:51:23,direct,2016-04-07 21:53:23,none,Regular debit/prepaid-led,345.835505,707.0,12.0,0.488092374232251,True,False
749,s_000047,389,2020-01-26 17:23:00,podcast_or_youtube,6,organic_search,2020-01-17 04:11:21,paid_search_brand,2020-01-26 10:44:44,brand_phrase,No purchases in window,0.0,0.0,0.0,0.0,False,False
755,s_000696,2757,2016-04-24 16:20:00,search,3,paid_social_meta,2016-03-28 01:56:43,paid_search_brand,2016-04-23 05:31:03,brand_phrase,Regular debit/prepaid-led,234.827745,527.0,12.0,0.4698882756048545,True,False
761,s_001126,409,2020-01-21 19:06:00,friend_or_family,6,referral,2019-12-13 18:39:28,direct,2020-01-21 04:31:29,none,No purchases in window,0.0,0.0,0.0,0.0,False,False
764,s_000887,1381,2018-02-04 10:05:00,blog_or_review_site,4,affiliate,2018-01-22 11:58:07,paid_search_brand,2018-02-03 01:05:07,brand_phrase,Regular debit/prepaid-led,479.080675,808.0,12.0,0.477776330917496,True,False
765,s_000796,1895,2020-02-11 12:42:00,social_media,3,paid_social_meta,2020-01-16 08:01:34,paid_social_meta,2020-02-10 10:58:08,spring_launch,No purchases in window,0.0,0.0,0.0,0.0,False,False
766,s_001050,2356,2016-03-20 09:33:00,search,4,paid_search_brand,2016-02-25 08:24:35,paid_search_nonbrand,2016-03-16 05:18:49,rewards_terms,No purchases in window,0.0,0.0,0.0,0.0,False,False
767,s_000354,513,2020-01-25 11:27:00,search,4,affiliate,2019-12-18 09:28:29,paid_search_brand,2020-01-24 09:14:39,brand_phrase,No purchases in window,0.0,0.0,0.0,0.0,False,False
769,s_001477,1744,2020-02-12 17:31:00,blog_or_review_site,2,affiliate,2020-01-25 20:06:50,paid_search_brand,2020-02-11 05:43:15,brand_exact,No purchases in window,0.0,0.0,0.0,0.0,False,False
770,s_000800,5725,2016-11-08 13:58:00,other,4,direct,2016-11-07 07:41:59,paid_search_brand,2016-11-08 08:44:00,brand_phrase,No purchases in window,0.0,0.0,0.0,0.0,False,False
772,s_001226,5315,2016-10-21 18:30:00,search,5,apple_search_ads,2016-10-13 15:25:50,paid_social_meta,2016-10-21 09:19:37,prospecting_lal,Regular debit/prepaid-led,136.617165,827.0,12.0,0.0,True,False
777,s_000019,441,2020-01-03 21:09:00,search,4,paid_search_nonbrand,2019-12-15 05:09:04,direct,2020-01-02 22:35:20,none,No purchases in window,0.0,0.0,0.0,0.0,False,False
778,s_000489,539,2020-01-13 11:06:00,social_media,3,paid_social_meta,2019-12-12 11:13:23,paid_search_brand,2019-12-24 07:51:25,brand_exact,No purchases in window,0.0,0.0,0.0,0.0,False,False
781,s_001439,937,2020-01-14 08:10:00,social_media,9,paid_social_meta,2019-12-26 07:06:56,paid_search_brand,2020-01-13 14:08:06,brand_exact,No purchases in window,0.0,0.0,0.0,0.0,False,False
785,s_000330,507,2020-01-13 18:11:00,search,9,organic_search,2019-11-29 17:36:11,paid_search_brand,2020-01-13 00:28:52,brand_exact,No purchases in window,0.0,0.0,0.0,0.0,False,False
786,s_000480,537,2020-01-08 18:39:00,search,6,organic_search,2019-12-13 16:09:45,paid_search_nonbrand,2020-01-07 18:21:25,generic_cards,No purchases in window,0.0,0.0,0.0,0.0,False,False
787,s_000497,541,2020-01-18 18:56:00,friend_or_family,2,paid_search_brand,2019-12-06 16:55:38,direct,2020-01-17 16:40:53,none,No purchases in window,0.0,0.0,0.0,0.0,False,False
788,s_000544,1573,2020-02-24 14:46:00,search,9,affiliate,2020-02-07 11:53:47,organic_search,2020-02-23 20:21:25,organic,No purchases in window,0.0,0.0,0.0,0.0,False,False
792,s_000111,1485,2020-02-17 08:53:00,search,6,paid_search_brand,2020-01-11 18:24:20,direct,2020-02-15 02:03:55,none,No purchases in window,0.0,0.0,0.0,0.0,False,False
793,s_001440,2775,2017-04-03 21:01:00,other,7,direct,2017-04-01 14:15:13,direct,2017-04-03 05:25:42,none,Regular credit-led,565.6617,819.0,12.0,1.0,True,True
796,s_001094,637,2020-01-01 19:51:00,search,7,organic_search,2019-11-22 13:23:15,paid_search_brand,2019-12-31 21:48:13,brand_phrase,No purchases in window,0.0,0.0,0.0,0.0,False,False
797,s_000613,4060,2017-07-25 21:04:00,social_media,6,paid_social_meta,2017-07-01 01:05:58,paid_search_brand,2017-07-24 05:40:57,brand_phrase,Regular credit-led,422.086365,653.0,12.0,0.6339120015379169,True,True
799,s_001435,936,2020-01-17 22:17:00,search,3,organic_search,2019-12-21 08:08:30,paid_search_nonbrand,2020-01-02 00:48:25,compare_cards,Regular credit-led,539.52714,598.0,12.0,1.0,True,True
800,s_000081,2759,2016-04-10 10:47:00,social_media,1,paid_social_meta,2016-03-30 10:50:09,paid_social_meta,2016-03-30 10:50:09,retargeting_site,No purchases in window,0.0,0.0,0.0,0.0,False,False
801,s_001102,3194,2017-05-15 11:13:00,other,2,direct,2017-04-05 21:39:59,paid_search_brand,2017-05-14 02:06:52,brand_phrase,Regular credit-led,276.69486,679.0,12.0,0.5374388502041019,True,True
805,s_001324,918,2020-01-13 08:40:00,social_media,6,paid_social_meta,2019-12-16 14:57:52,paid_search_brand,2020-01-10 11:27:20,brand_phrase,No purchases in window,0.0,0.0,0.0,0.0,False,False
806,s_000173,766,2020-01-12 12:44:00,blog_or_review_site,6,affiliate,2019-12-14 15:27:14,paid_search_brand,2020-01-11 00:36:20,brand_exact,No purchases in window,0.0,0.0,0.0,0.0,False,False
808,s_000361,1538,2020-02-28 13:31:00,search,3,microsoft_ads,2020-01-31 19:03:21,paid_social_meta,2020-02-10 10:04:39,spring_launch,Regular debit/prepaid-led,281.601945,1129.0,12.0,0.0,True,False
811,s_000029,444,2020-01-05 18:43:00,search,4,paid_search_nonbrand,2019-12-13 17:39:11,direct,2020-01-05 02:45:19,none,Regular debit/prepaid-led,301.27860499999997,1241.0,12.0,0.0,True,False
815,s_000586,1393,2019-02-20 17:45:00,friend_or_family,1,affiliate,2019-02-15 18:39:19,affiliate,2019-02-15 18:39:19,partner_blog,No purchases in window,0.0,0.0,0.0,0.0,False,False
816,s_000931,4468,2018-08-13 09:55:00,search,2,paid_search_brand,2018-07-31 17:45:05,paid_search_brand,2018-08-11 15:59:29,brand_phrase,Regular debit/prepaid-led,357.07802499999997,717.0,12.0,0.4940971822483047,True,False
817,s_000276,491,2020-01-18 16:58:00,blog_or_review_site,7,organic_search,2019-12-30 12:18:25,direct,2020-01-18 07:19:24,none,No purchases in window,0.0,0.0,0.0,0.0,False,False
820,s_000156,469,2020-01-23 19:32:00,friend_or_family,7,paid_social_meta,2020-01-19 15:13:24,paid_search_brand,2020-01-22 19:07:08,brand_exact,Regular credit-led,730.843245,1321.0,12.0,0.5260473587759688,True,True
821,s_000304,6131,2017-12-24 15:15:00,social_media,5,paid_social_meta,2017-11-11 10:14:54,direct,2017-12-24 10:13:34,none,Regular credit-led,243.10633499999997,551.0,12.0,0.5111189290736574,True,True
824,s_000180,473,2020-01-16 19:04:00,blog_or_review_site,10,affiliate,2019-12-27 07:59:05,paid_search_brand,2020-01-14 13:03:42,brand_phrase,No purchases in window,0.0,0.0,0.0,0.0,False,False
829,s_000401,3636,2018-06-13 19:33:00,search,1,organic_search,2018-05-16 08:35:00,organic_search,2018-05-16 08:35:00,organic,No purchases in window,0.0,0.0,0.0,0.0,False,False
830,s_001326,683,2020-01-24 14:18:00,blog_or_review_site,1,affiliate,2020-01-08 06:40:39,affiliate,2020-01-08 06:40:39,cashback_portal,No purchases in window,0.0,0.0,0.0,0.0,False,False
832,s_000684,570,2020-01-24 20:17:00,search,1,paid_search_nonbrand,2019-12-31 09:50:53,paid_search_nonbrand,2019-12-31 09:50:53,rewards_terms,Regular credit-led,533.178815,514.0,12.0,0.6206572244638974,True,True
833,s_001512,949,2020-01-18 21:09:00,social_media,2,paid_social_meta,2019-12-16 00:01:07,organic_search,2020-01-01 06:51:40,organic,No purchases in window,0.0,0.0,0.0,0.0,False,False
834,s_000672,827,2020-01-04 15:53:00,search,6,organic_search,2019-12-11 15:23:16,direct,2020-01-02 16:12:54,none,No purchases in window,0.0,0.0,0.0,0.0,False,False
835,s_000651,4910,2017-09-08 15:16:00,search,7,paid_social_meta,2017-08-30 20:44:19,paid_search_brand,2017-09-07 17:07:42,brand_phrase,No purchases in window,0.0,0.0,0.0,0.0,False,False
836,s_001347,1727,2020-02-04 13:31:00,search,4,paid_search_brand,2019-12-29 07:48:36,paid_search_brand,2020-01-30 18:47:51,brand_exact,No purchases in window,0.0,0.0,0.0,0.0,False,False
838,s_000039,445,2020-01-16 12:11:00,friend_or_family,7,organic_search,2019-12-03 01:47:56,paid_search_brand,2020-01-15 10:30:12,brand_exact,No purchases in window,0.0,0.0,0.0,0.0,False,False
839,s_000962,3187,2016-05-03 12:37:00,social_media,6,paid_social_meta,2016-04-26 22:19:15,paid_search_brand,2016-05-03 02:31:39,brand_phrase,Regular debit/prepaid-led,292.19793500000003,454.0,12.0,0.3056426305479408,True,False
840,s_000272,3633,2018-06-17 15:37:00,social_media,4,paid_social_meta,2018-05-21 08:20:23,direct,2018-06-15 18:21:13,none,Regular credit-led,2505.639265,1461.0,12.0,0.6694627663046919,True,True
841,s_000424,795,2020-01-14 14:55:00,other,2,paid_social_reddit,2020-01-03 14:31:46,paid_search_brand,2020-01-12 23:28:07,brand_phrase,No purchases in window,0.0,0.0,0.0,0.0,False,False
843,s_001281,4081,2019-07-14 14:15:00,friend_or_family,3,organic_search,2019-07-08 21:41:08,paid_search_brand,2019-07-14 08:47:46,brand_phrase,Regular debit/prepaid-led,329.72042,702.0,12.0,0.4391280838513521,True,False
844,s_000584,4896,2016-09-02 21:38:00,friend_or_family,6,referral,2016-08-16 02:09:34,direct,2016-09-01 12:55:55,none,Regular credit-led,433.19646,403.0,12.0,1.0,True,True
846,s_000470,2789,2019-04-17 08:58:00,social_media,4,paid_social_meta,2019-03-17 00:52:24,paid_search_brand,2019-04-15 18:03:18,brand_exact,Regular credit-led,1445.37948,1868.0,12.0,1.0,True,True
850,s_000566,3176,2016-05-16 10:34:00,blog_or_review_site,1,apple_search_ads,2016-05-06 02:13:29,apple_search_ads,2016-05-06 02:13:29,asa_discovery,Regular debit/prepaid-led,315.82729,1394.0,12.0,0.0,True,False
851,s_000313,3613,2016-06-11 16:19:00,podcast_or_youtube,6,paid_search_brand,2016-05-22 06:28:41,paid_search_brand,2016-06-07 15:11:51,brand_exact,Regular credit-led,516.9691799999999,690.0,12.0,1.0,True,True
853,s_001476,1743,2020-02-26 11:04:00,search,3,paid_search_nonbrand,2020-02-03 00:24:59,paid_search_brand,2020-02-26 03:48:41,brand_phrase,No purchases in window,0.0,0.0,0.0,0.0,False,False
856,s_000637,1367,2016-02-16 10:22:00,search,4,organic_search,2016-02-04 11:30:30,paid_social_meta,2016-02-10 14:57:20,prospecting_lal,Regular debit/prepaid-led,344.657715,1346.0,12.0,0.0,True,False
860,s_000986,4920,2018-09-11 20:46:00,social_media,3,organic_search,2018-08-11 02:16:30,direct,2018-09-10 14:13:52,none,Regular debit/prepaid-led,890.4227000000001,1579.0,12.0,0.4661183645471262,True,False
861,s_001194,1453,2020-02-11 15:58:00,social_media,3,paid_social_meta,2020-01-09 12:21:08,paid_social_meta,2020-01-23 04:13:24,spring_launch,No purchases in window,0.0,0.0,0.0,0.0,False,False
862,s_001355,921,2020-01-16 14:07:00,social_media,5,paid_social_meta,2019-12-23 20:34:59,paid_search_brand,2020-01-12 10:06:31,brand_phrase,Regular credit-led,880.52346,1588.0,12.0,1.0,True,True
863,s_001567,1385,2018-02-26 21:43:00,search,5,paid_search_brand,2018-02-11 22:44:52,paid_search_brand,2018-02-25 14:21:50,brand_phrase,Regular debit/prepaid-led,124.43629,774.0,12.0,0.0,True,False
865,s_000642,824,2020-01-03 13:26:00,other,7,paid_social_meta,2019-11-25 17:49:37,direct,2020-01-02 10:32:28,none,Regular credit-led,891.59742,1186.0,12.0,0.542971798948244,True,True
866,s_000259,1806,2020-02-16 11:53:00,blog_or_review_site,2,paid_search_nonbrand,2020-02-11 06:34:12,organic_search,2020-02-14 09:52:47,organic,Regular debit/prepaid-led,541.10787,947.0,12.0,0.4995604218534563,True,False
867,s_000858,606,2020-01-10 12:52:00,social_media,5,direct,2019-11-29 18:23:02,paid_search_brand,2020-01-09 04:35:13,brand_exact,No purchases in window,0.0,0.0,0.0,0.0,False,False
870,s_000079,3626,2018-06-09 08:57:00,social_media,2,paid_social_meta,2018-04-28 15:41:46,paid_search_brand,2018-06-08 14:29:24,brand_phrase,Regular credit-led,677.0888,1221.0,12.0,0.5707366010991777,True,True
871,s_000118,5336,2019-10-26 21:58:00,other,3,direct,2019-09-25 09:05:36,direct,2019-10-26 09:42:10,none,Regular credit-led,678.879255,1665.0,12.0,0.5161090776938023,True,True
874,s_000325,786,2020-01-08 12:52:00,search,5,apple_search_ads,2019-12-17 08:29:48,paid_search_brand,2020-01-06 20:20:14,brand_exact,No purchases in window,0.0,0.0,0.0,0.0,False,False
875,s_000290,2380,2019-03-12 15:47:00,friend_or_family,3,paid_social_reddit,2019-02-12 14:47:36,direct,2019-03-12 01:56:46,none,Regular credit-led,235.97642,333.0,12.0,0.7188697303425297,True,True
877,s_000021,442,2020-01-20 13:09:00,search,5,organic_search,2020-01-17 15:13:46,paid_search_brand,2020-01-19 16:42:32,brand_phrase,Regular credit-led,608.92219,840.0,12.0,0.5611356025602984,True,True
878,s_001122,2770,2017-04-07 11:48:00,search,2,microsoft_ads,2017-02-21 21:53:58,paid_search_brand,2017-03-06 11:51:32,brand_phrase,No purchases in window,0.0,0.0,0.0,0.0,False,False
880,s_000798,1625,2020-02-27 18:44:00,blog_or_review_site,5,affiliate,2020-01-16 02:17:29,paid_search_nonbrand,2020-02-27 18:40:28,rewards_terms,No purchases in window,0.0,0.0,0.0,0.0,False,False
881,s_001284,672,2020-01-27 13:36:00,friend_or_family,5,paid_search_nonbrand,2019-12-19 15:58:59,paid_social_meta,2020-01-27 06:58:28,spring_launch,No purchases in window,0.0,0.0,0.0,0.0,False,False
883,s_001023,3604,2016-06-27 19:23:00,friend_or_family,3,referral,2016-05-26 18:12:52,paid_search_brand,2016-06-22 12:54:47,brand_exact,Regular credit-led,896.5368,661.0,12.0,1.0,True,True
884,s_001134,1373,2017-02-16 22:31:00,search,6,organic_search,2017-02-07 14:47:52,direct,2017-02-14 18:31:12,none,Regular debit/prepaid-led,526.338905,1392.0,12.0,0.4475957105469768,True,False
886,s_000472,535,2020-01-15 12:35:00,friend_or_family,6,paid_search_nonbrand,2019-12-14 08:54:05,direct,2020-01-13 14:16:40,none,No purchases in window,0.0,0.0,0.0,0.0,False,False
890,s_000605,354,2016-01-12 08:06:00,search,2,paid_search_nonbrand,2016-01-02 01:55:58,direct,2016-01-11 04:21:34,none,Regular credit-led,496.53984,884.0,12.0,0.5741021578496507,True,True
893,s_001044,873,2020-01-16 20:53:00,other,7,direct,2019-12-08 12:23:05,direct,2020-01-15 18:49:37,none,No purchases in window,0.0,0.0,0.0,0.0,False,False
897,s_001500,4458,2016-08-23 22:47:00,friend_or_family,5,paid_search_brand,2016-08-19 21:53:50,direct,2016-08-22 10:32:27,none,Regular debit/prepaid-led,157.230645,710.0,12.0,0.0,True,False
902,s_001529,728,2020-01-12 17:42:00,other,2,organic_search,2019-12-01 16:33:16,paid_social_meta,2019-12-30 17:12:26,spring_launch,No purchases in window,0.0,0.0,0.0,0.0,False,False
903,s_001192,1947,2020-02-01 13:44:00,podcast_or_youtube,12,affiliate,2020-01-07 13:19:53,paid_search_brand,2020-01-31 10:03:17,brand_phrase,No purchases in window,0.0,0.0,0.0,0.0,False,False
904,s_000185,475,2020-01-16 10:48:00,social_media,4,paid_social_reddit,2019-12-02 20:06:27,direct,2020-01-11 22:00:38,none,No purchases in window,0.0,0.0,0.0,0.0,False,False
906,s_000155,4915,2017-09-25 11:16:00,search,2,paid_search_brand,2017-08-31 13:35:36,paid_search_brand,2017-09-23 14:59:34,brand_phrase,Regular credit-led,449.92814,825.0,12.0,0.5163570697294834,True,True
907,s_001265,909,2020-01-23 08:43:00,blog_or_review_site,3,paid_search_nonbrand,2019-12-24 09:35:43,paid_search_brand,2020-01-23 06:38:16,brand_exact,No purchases in window,0.0,0.0,0.0,0.0,False,False
910,s_001365,1431,2020-02-25 21:43:00,social_media,7,paid_social_meta,2020-01-26 10:29:18,direct,2020-02-25 02:10:11,none,No purchases in window,0.0,0.0,0.0,0.0,False,False
911,s_001334,687,2020-01-03 08:46:00,friend_or_family,7,organic_search,2019-12-28 17:40:52,paid_social_meta,2020-01-03 06:23:52,prospecting_lal,No purchases in window,0.0,0.0,0.0,0.0,False,False
913,s_001049,2386,2019-03-03 18:05:00,other,2,direct,2019-02-26 10:42:21,paid_search_brand,2019-03-02 23:55:55,brand_phrase,Regular credit-led,237.983955,401.0,12.0,0.7300773743892477,True,True
916,s_000948,860,2020-01-16 16:17:00,social_media,8,paid_search_brand,2019-12-13 22:49:14,direct,2020-01-14 20:32:08,none,No purchases in window,0.0,0.0,0.0,0.0,False,False
919,s_001528,6124,2016-12-24 12:39:00,social_media,5,paid_social_meta,2016-11-08 23:15:57,paid_search_brand,2016-12-03 12:24:56,brand_exact,No purchases in window,0.0,0.0,0.0,0.0,False,False
922,s_000511,544,2020-01-21 09:14:00,blog_or_review_site,6,affiliate,2020-01-13 14:51:55,paid_search_brand,2020-01-20 10:47:44,brand_exact,No purchases in window,0.0,0.0,0.0,0.0,False,False
923,s_001071,634,2020-01-01 13:50:00,friend_or_family,4,paid_search_nonbrand,2019-11-30 19:43:04,organic_search,2019-12-26 04:06:33,organic,No purchases in window,0.0,0.0,0.0,0.0,False,False
925,s_000178,1499,2020-02-23 12:31:00,friend_or_family,6,affiliate,2020-02-12 00:05:10,direct,2020-02-22 18:21:22,none,No purchases in window,0.0,0.0,0.0,0.0,False,False
926,s_000691,1602,2020-02-22 17:00:00,search,7,paid_search_nonbrand,2020-02-09 13:44:00,paid_search_nonbrand,2020-02-22 07:43:59,generic_cards,No purchases in window,0.0,0.0,0.0,0.0,False,False
927,s_000560,1853,2020-02-20 11:21:00,blog_or_review_site,2,affiliate,2020-01-08 05:01:26,direct,2020-02-17 17:23:10,none,No purchases in window,0.0,0.0,0.0,0.0,False,False
928,s_001464,2771,2017-04-10 13:51:00,friend_or_family,6,paid_social_reddit,2017-02-26 06:36:38,direct,2017-04-09 23:54:39,none,Regular credit-led,338.34195,730.0,12.0,0.5027935793105265,True,True
930,s_000189,770,2020-01-14 16:55:00,friend_or_family,7,microsoft_ads,2020-01-10 08:50:09,organic_search,2020-01-14 12:20:29,organic,No purchases in window,0.0,0.0,0.0,0.0,False,False
933,s_001090,1426,2020-02-05 14:52:00,podcast_or_youtube,2,organic_search,2020-01-19 00:04:28,paid_search_brand,2020-02-03 21:58:39,brand_exact,Regular credit-led,289.84842,724.0,12.0,0.6975087807909787,True,True
934,s_000231,480,2020-01-08 09:48:00,social_media,3,paid_social_meta,2019-12-15 13:26:01,organic_search,2020-01-07 08:05:25,organic,No purchases in window,0.0,0.0,0.0,0.0,False,False
935,s_001177,892,2020-01-12 08:14:00,search,7,paid_social_meta,2019-12-24 06:24:41,paid_search_brand,2020-01-11 18:41:49,brand_phrase,No purchases in window,0.0,0.0,0.0,0.0,False,False
936,s_000306,785,2020-01-07 12:51:00,search,11,direct,2019-12-02 13:09:01,paid_search_brand,2020-01-07 03:17:43,brand_exact,No purchases in window,0.0,0.0,0.0,0.0,False,False
938,s_001091,882,2020-01-02 16:37:00,social_media,6,paid_social_meta,2019-12-06 22:23:04,paid_search_brand,2020-01-02 14:09:53,brand_phrase,Regular credit-led,1017.97794,1043.0,12.0,1.0,True,True
942,s_000421,3174,2016-05-12 08:36:00,search,7,paid_search_brand,2016-05-10 11:23:39,direct,2016-05-11 23:25:42,none,Regular credit-led,795.847345,1190.0,12.0,0.540891558226377,True,True
943,s_000951,3171,2016-05-09 19:48:00,friend_or_family,4,direct,2016-04-27 22:06:51,direct,2016-05-06 14:26:36,none,No purchases in window,0.0,0.0,0.0,0.0,False,False
944,s_000988,372,2018-01-24 20:51:00,search,3,paid_search_brand,2018-01-20 00:32:43,paid_social_meta,2018-01-23 21:43:47,prospecting_lal,Regular credit-led,1300.093165,992.0,12.0,0.6490671249630863,True,True
945,s_000245,485,2020-01-16 12:21:00,search,7,paid_search_brand,2020-01-13 08:51:33,paid_search_nonbrand,2020-01-16 05:49:19,rewards_terms,No purchases in window,0.0,0.0,0.0,0.0,False,False
949,s_000722,430,2020-01-09 14:23:00,podcast_or_youtube,11,affiliate,2019-12-03 03:50:08,paid_search_brand,2019-12-28 12:53:56,brand_phrase,Regular credit-led,766.77556,981.0,12.0,0.5526544176824237,True,True
950,s_000490,1837,2020-02-08 17:57:00,blog_or_review_site,2,affiliate,2020-01-17 15:33:04,paid_search_brand,2020-02-08 03:57:34,brand_phrase,No purchases in window,0.0,0.0,0.0,0.0,False,False
953,s_000074,1396,2020-02-05 16:53:00,search,11,paid_search_brand,2019-12-26 18:44:17,paid_search_brand,2020-02-05 16:28:09,brand_phrase,No purchases in window,0.0,0.0,0.0,0.0,False,False
955,s_000636,1366,2016-02-20 19:37:00,friend_or_family,7,affiliate,2016-01-31 05:26:39,direct,2016-02-19 09:05:29,none,Regular debit/prepaid-led,114.95264,511.0,12.0,0.0,True,False
956,s_000700,1606,2020-02-02 08:13:00,search,2,paid_search_brand,2019-12-23 18:11:30,paid_search_brand,2020-02-02 01:38:58,brand_phrase,No purchases in window,0.0,0.0,0.0,0.0,False,False
958,s_001481,944,2020-01-18 17:39:00,other,4,paid_search_nonbrand,2019-12-12 01:25:05,direct,2020-01-17 09:40:58,none,No purchases in window,0.0,0.0,0.0,0.0,False,False
960,s_001109,1377,2017-02-13 19:24:00,search,2,paid_search_brand,2017-02-08 15:53:42,direct,2017-02-11 19:31:01,none,No purchases in window,0.0,0.0,0.0,0.0,False,False
961,s_000274,1389,2019-02-25 17:05:00,app_store,6,apple_search_ads,2019-02-12 09:54:04,paid_search_brand,2019-02-23 20:26:41,brand_exact,Regular credit-led,734.094845,1168.0,12.0,0.5331571269394022,True,True
962,s_000847,604,2020-01-05 14:39:00,search,5,paid_search_brand,2019-12-17 13:41:09,paid_search_brand,2019-12-29 13:30:50,brand_exact,Regular debit/prepaid-led,128.79939,560.0,12.0,0.0,True,False
963,s_000183,474,2020-01-28 09:18:00,search,11,paid_social_meta,2020-01-07 00:16:47,paid_search_brand,2020-01-27 23:44:00,brand_phrase,Regular credit-led,559.6848,757.0,12.0,1.0,True,True
965,s_000866,846,2020-01-07 18:28:00,podcast_or_youtube,4,affiliate,2019-11-25 09:25:14,paid_social_meta,2020-01-07 03:52:03,retargeting_site,No purchases in window,0.0,0.0,0.0,0.0,False,False
966,s_001167,654,2020-01-07 14:33:00,search,4,affiliate,2019-12-10 06:13:37,paid_search_brand,2019-12-20 05:20:14,brand_exact,No purchases in window,0.0,0.0,0.0,0.0,False,False
968,s_001449,705,2020-01-24 15:09:00,social_media,4,paid_social_reddit,2019-12-16 15:44:34,organic_search,2020-01-10 00:26:43,organic,No purchases in window,0.0,0.0,0.0,0.0,False,False
969,s_000956,861,2020-01-08 19:07:00,search,2,direct,2019-12-01 14:41:37,direct,2019-12-23 09:27:40,none,No purchases in window,0.0,0.0,0.0,0.0,False,False
970,s_000032,1464,2020-02-05 22:10:00,friend_or_family,2,paid_search_nonbrand,2020-01-22 04:54:29,paid_social_meta,2020-02-02 15:57:14,prospecting_lal,Regular debit/prepaid-led,451.645015,1222.0,12.0,0.3331464809085077,True,False
971,s_001554,737,2020-01-05 16:05:00,friend_or_family,16,paid_search_nonbrand,2019-11-23 05:24:23,direct,2020-01-04 05:26:27,none,No purchases in window,0.0,0.0,0.0,0.0,False,False
973,s_001306,2364,2017-03-15 14:37:00,other,4,paid_search_brand,2017-02-17 08:15:54,paid_search_brand,2017-03-14 20:39:24,brand_exact,Regular debit/prepaid-led,537.818245,2016.0,12.0,0.3656326970993323,True,False
975,s_000621,1591,2020-02-04 14:15:00,search,10,paid_search_nonbrand,2020-01-12 23:12:26,direct,2020-01-29 13:02:27,none,No purchases in window,0.0,0.0,0.0,0.0,False,False
976,s_001203,5741,2018-11-20 12:20:00,search,3,paid_search_nonbrand,2018-10-17 05:42:55,direct,2018-11-10 11:38:38,none,Regular credit-led,998.57065,1483.0,12.0,0.5683440456980766,True,True
978,s_001339,688,2020-01-15 11:53:00,social_media,2,paid_social_meta,2019-12-15 15:31:07,paid_search_nonbrand,2019-12-28 22:21:50,generic_cards,No purchases in window,0.0,0.0,0.0,0.0,False,False
979,s_001539,6125,2016-12-28 20:53:00,search,2,paid_search_nonbrand,2016-12-16 21:27:52,direct,2016-12-24 04:10:57,none,Regular credit-led,426.923325,538.0,12.0,0.5582603179341742,True,True
980,s_000905,1643,2020-02-07 21:03:00,friend_or_family,4,paid_social_meta,2020-02-02 20:50:20,paid_search_brand,2020-02-07 06:55:10,brand_exact,Regular credit-led,343.485745,641.0,12.0,0.5376676060383049,True,True
983,s_001204,5333,2018-10-07 09:27:00,blog_or_review_site,3,affiliate,2018-09-02 09:25:38,paid_search_brand,2018-09-05 23:28:54,brand_exact,Regular debit/prepaid-led,196.273365,851.0,12.0,0.0,True,False
985,s_000070,752,2020-01-10 16:32:00,search,2,paid_search_nonbrand,2019-12-29 02:28:21,direct,2020-01-08 18:04:25,none,Regular credit-led,1588.0275,1027.0,12.0,1.0,True,True
987,s_001335,373,2018-01-18 11:18:00,social_media,5,paid_social_meta,2018-01-08 13:04:51,direct,2018-01-16 17:24:21,none,Regular debit/prepaid-led,554.573605,3063.0,12.0,0.0,True,False
988,s_001034,1422,2020-02-10 20:34:00,podcast_or_youtube,6,organic_search,2020-02-04 08:26:50,paid_search_brand,2020-02-09 03:47:44,brand_phrase,Regular credit-led,785.16684,772.0,12.0,1.0,True,True
989,s_001483,3643,2019-06-07 11:15:00,podcast_or_youtube,2,paid_search_nonbrand,2019-06-01 15:07:43,paid_social_reddit,2019-06-01 15:24:10,r_churning,Regular credit-led,2432.938195,1204.0,12.0,0.7503141608130376,True,True
998,s_001426,702,2020-01-01 08:12:00,search,4,paid_search_brand,2019-12-20 00:22:27,microsoft_ads,2019-12-30 19:58:28,bing_brand,No purchases in window,0.0,0.0,0.0,0.0,False,False
999,s_000755,581,2020-01-01 16:11:00,blog_or_review_site,10,affiliate,2019-12-01 11:02:11,paid_search_brand,2020-01-01 08:50:56,brand_phrase,No purchases in window,0.0,0.0,0.0,0.0,False,False
1000,s_001432,2781,2018-04-24 09:59:00,search,2,organic_search,2018-03-17 01:17:18,paid_search_brand,2018-04-22 10:04:37,brand_exact,No purchases in window,0.0,0.0,0.0,0.0,False,False
1001,s_001537,732,2020-01-20 21:49:00,social_media,5,paid_social_meta,2019-12-29 07:00:30,paid_search_brand,2020-01-12 13:46:08,brand_exact,No purchases in window,0.0,0.0,0.0,0.0,False,False
1005,s_000532,548,2020-01-11 13:13:00,blog_or_review_site,1,affiliate,2019-12-03 23:27:30,affiliate,2019-12-03 23:27:30,partner_blog,No purchases in window,0.0,0.0,0.0,0.0,False,False
1008,s_001282,382,2019-01-19 11:45:00,podcast_or_youtube,1,organic_search,2019-01-16 21:11:35,organic_search,2019-01-16 21:11:35,organic,Regular debit/prepaid-led,499.177495,1720.0,12.0,0.4343896583796661,True,False
1011,s_000154,1493,2020-02-14 16:17:00,search,6,paid_search_brand,2020-01-06 21:49:02,direct,2020-02-08 07:55:08,none,No purchases in window,0.0,0.0,0.0,0.0,False,False
1013,s_000840,403,2020-01-12 12:11:00,blog_or_review_site,7,affiliate,2019-12-28 07:08:08,direct,2020-01-11 18:46:01,none,No purchases in window,0.0,0.0,0.0,0.0,False,False
1015,s_000848,4471,2018-08-06 13:52:00,podcast_or_youtube,5,microsoft_ads,2018-07-03 20:45:44,paid_social_meta,2018-08-06 03:36:59,retargeting_site,No purchases in window,0.0,0.0,0.0,0.0,False,False
1017,s_000770,584,2020-01-17 21:19:00,blog_or_review_site,2,affiliate,2019-12-19 10:27:43,paid_social_reddit,2019-12-19 18:51:03,r_personalfinance,No purchases in window,0.0,0.0,0.0,0.0,False,False
1018,s_000992,4077,2019-07-13 17:58:00,search,0,apple_search_ads,2020-02-10 15:16:12,direct,2020-02-27 13:05:03,none,Regular credit-led,1270.92402,1584.0,12.0,0.9604465384054192,True,True
1020,s_000969,406,2020-01-21 14:28:00,blog_or_review_site,5,affiliate,2019-12-21 07:16:27,paid_search_brand,2020-01-20 23:34:43,brand_exact,Regular debit/prepaid-led,389.682645,1679.0,12.0,0.0,True,False
1021,s_000392,793,2020-01-14 16:52:00,other,2,paid_search_nonbrand,2019-12-16 04:17:33,direct,2019-12-21 22:51:59,none,No purchases in window,0.0,0.0,0.0,0.0,False,False
1025,s_001242,664,2020-01-04 10:17:00,search,9,microsoft_ads,2019-12-05 02:43:59,direct,2020-01-04 01:27:07,none,No purchases in window,0.0,0.0,0.0,0.0,False,False
1028,s_000510,1567,2020-02-07 14:01:00,search,2,organic_search,2020-02-02 16:41:12,paid_search_brand,2020-02-06 00:35:15,brand_exact,Regular credit-led,1067.457195,1311.0,12.0,0.550717562632313,True,True
1033,s_000102,454,2020-01-01 12:52:00,search,2,organic_search,2019-11-27 05:34:46,paid_search_brand,2019-12-30 17:07:44,brand_exact,No purchases in window,0.0,0.0,0.0,0.0,False,False
1034,s_000828,2765,2016-04-14 19:04:00,blog_or_review_site,5,paid_search_nonbrand,2016-04-07 20:09:59,paid_search_brand,2016-04-12 15:27:48,brand_phrase,Regular credit-led,938.506835,1301.0,12.0,0.5437069776977822,True,True
1035,s_000301,784,2020-01-22 17:22:00,friend_or_family,9,paid_search_brand,2020-01-04 03:25:26,paid_search_brand,2020-01-22 01:52:30,brand_phrase,No purchases in window,0.0,0.0,0.0,0.0,False,False
1036,s_001145,888,2020-01-22 08:35:00,search,10,paid_social_meta,2019-12-27 19:03:55,direct,2020-01-21 12:58:55,none,No purchases in window,0.0,0.0,0.0,0.0,False,False
1038,s_001096,408,2020-01-07 16:35:00,search,4,paid_search_nonbrand,2019-12-27 01:22:48,paid_search_brand,2020-01-07 13:48:44,brand_exact,No purchases in window,0.0,0.0,0.0,0.0,False,False
1040,s_000734,576,2020-01-04 12:09:00,social_media,2,paid_social_meta,2019-12-03 17:00:36,paid_search_brand,2020-01-03 19:59:12,brand_phrase,No purchases in window,0.0,0.0,0.0,0.0,False,False
1042,s_001325,1724,2020-02-22 20:26:00,podcast_or_youtube,3,paid_social_meta,2020-01-27 17:10:09,paid_search_brand,2020-02-22 13:52:31,brand_exact,No purchases in window,0.0,0.0,0.0,0.0,False,False
1043,s_000666,1394,2019-02-28 12:52:00,app_store,3,apple_search_ads,2019-02-21 18:52:07,paid_search_brand,2019-02-26 18:40:14,brand_exact,No purchases in window,0.0,0.0,0.0,0.0,False,False
1046,s_000685,2362,2017-03-04 08:12:00,search,2,organic_search,2017-01-29 18:47:25,direct,2017-02-02 19:43:19,none,Regular debit/prepaid-led,619.89757,1405.0,12.0,0.4712879048343064,True,False
1047,s_000789,1411,2020-02-11 20:59:00,other,1,paid_search_brand,2020-01-28 00:51:36,paid_search_brand,2020-01-28 00:51:36,brand_exact,Regular debit/prepaid-led,273.97916,1157.0,12.0,0.0,True,False
1051,s_001138,1692,2020-02-10 13:47:00,blog_or_review_site,6,paid_search_brand,2020-01-05 07:10:19,paid_social_meta,2020-02-05 08:55:43,spring_launch,No purchases in window,0.0,0.0,0.0,0.0,False,False
1054,s_001371,924,2020-01-13 14:11:00,social_media,3,paid_social_meta,2019-12-06 05:34:51,direct,2020-01-04 11:42:58,none,Regular debit/prepaid-led,160.660165,703.0,12.0,0.0,True,False
1056,s_000428,798,2020-01-04 10:20:00,blog_or_review_site,3,paid_search_nonbrand,2019-11-28 12:07:01,direct,2019-12-10 06:14:30,none,No purchases in window,0.0,0.0,0.0,0.0,False,False
1059,s_000451,4483,2019-08-03 21:37:00,friend_or_family,5,paid_search_brand,2019-07-24 16:12:50,paid_search_brand,2019-08-03 16:56:09,brand_phrase,No purchases in window,0.0,0.0,0.0,0.0,False,False
1060,s_000706,5326,2017-10-24 18:06:00,search,6,paid_search_brand,2017-09-24 17:03:04,paid_search_brand,2017-10-24 06:53:08,brand_phrase,Regular debit/prepaid-led,319.896385,631.0,12.0,0.4995782061262239,True,False
1061,s_000165,472,2020-01-05 08:37:00,search,3,affiliate,2019-12-02 05:13:12,paid_social_meta,2019-12-22 05:06:16,prospecting_lal,No purchases in window,0.0,0.0,0.0,0.0,False,False
1062,s_000741,1390,2019-02-14 09:16:00,search,2,microsoft_ads,2019-02-01 01:18:44,direct,2019-02-13 13:38:47,none,No purchases in window,0.0,0.0,0.0,0.0,False,False
1063,s_000733,400,2020-01-03 14:10:00,blog_or_review_site,2,affiliate,2019-12-21 08:43:19,direct,2020-01-02 03:31:07,none,Regular debit/prepaid-led,759.3798850000001,1596.0,12.0,0.444952922902404,True,False
1067,s_000409,1819,2020-02-13 15:28:00,podcast_or_youtube,7,organic_search,2020-01-30 02:23:22,direct,2020-02-13 14:15:23,none,Regular credit-led,774.92952,1384.0,12.0,1.0,True,True
1068,s_000900,5343,2019-10-08 17:40:00,search,4,apple_search_ads,2019-09-12 16:05:00,paid_social_meta,2019-10-04 04:18:46,spring_launch,No purchases in window,0.0,0.0,0.0,0.0,False,False
1070,s_001490,718,2020-01-09 11:01:00,search,6,paid_search_brand,2019-12-01 06:01:48,paid_search_brand,2020-01-09 00:10:02,brand_exact,Regular credit-led,456.40075,819.0,12.0,0.5100103993956577,True,True
1071,s_001025,1662,2020-02-08 21:11:00,blog_or_review_site,6,paid_search_brand,2020-01-07 07:30:54,microsoft_ads,2020-02-07 03:14:21,bing_generic,No purchases in window,0.0,0.0,0.0,0.0,False,False
1076,s_001116,2358,2016-03-13 09:15:00,friend_or_family,3,affiliate,2016-03-10 22:54:18,direct,2016-03-12 07:53:53,none,Regular credit-led,389.956035,663.0,12.0,0.5640011288175817,True,True
1081,s_000932,404,2020-01-16 15:33:00,social_media,6,paid_social_meta,2019-12-16 01:58:03,paid_search_brand,2020-01-16 05:24:00,brand_phrase,Regular credit-led,1112.847165,1575.0,12.0,0.5244799573334517,True,True
1082,s_000786,1890,2020-02-20 19:07:00,search,2,paid_search_brand,2020-02-17 21:27:59,paid_search_brand,2020-02-20 14:53:10,brand_exact,Regular credit-led,668.0025,612.0,12.0,1.0,True,True
1085,s_000601,561,2020-01-15 17:44:00,podcast_or_youtube,2,affiliate,2019-12-30 08:39:26,paid_search_brand,2020-01-14 14:03:02,brand_phrase,No purchases in window,0.0,0.0,0.0,0.0,False,False
1090,s_001205,3619,2017-06-07 09:08:00,blog_or_review_site,4,affiliate,2017-05-01 09:48:24,direct,2017-06-01 09:43:11,none,No purchases in window,0.0,0.0,0.0,0.0,False,False
1091,s_001484,1384,2018-02-07 08:13:00,other,7,direct,2017-12-25 08:29:14,paid_search_brand,2018-02-06 02:32:02,brand_phrase,Regular credit-led,467.6392,682.0,12.0,0.5900079529396299,True,True
1092,s_001409,1456,2020-02-11 18:15:00,search,3,organic_search,2020-01-21 06:39:04,paid_search_brand,2020-02-07 04:35:03,brand_exact,No purchases in window,0.0,0.0,0.0,0.0,False,False
1093,s_000910,851,2020-01-15 13:26:00,search,6,paid_search_nonbrand,2019-12-06 13:50:51,paid_search_brand,2020-01-13 18:47:01,brand_phrase,No purchases in window,0.0,0.0,0.0,0.0,False,False
1094,s_000008,1768,2020-02-12 17:17:00,search,5,microsoft_ads,2019-12-31 13:59:44,paid_search_nonbrand,2020-01-11 09:46:04,rewards_terms,Regular debit/prepaid-led,117.4734,505.0,12.0,0.0,True,False
1099,s_001397,1733,2020-02-08 15:36:00,other,4,affiliate,2020-01-27 22:00:57,paid_social_meta,2020-02-06 05:44:36,retargeting_site,No purchases in window,0.0,0.0,0.0,0.0,False,False
1101,s_000867,1905,2020-02-04 14:12:00,friend_or_family,2,paid_social_reddit,2020-01-27 08:38:05,direct,2020-02-03 09:41:23,none,No purchases in window,0.0,0.0,0.0,0.0,False,False
1107,s_001445,1985,2020-02-12 10:11:00,search,7,affiliate,2020-01-21 19:15:36,paid_search_brand,2020-02-11 10:23:52,brand_exact,Regular debit/prepaid-led,477.214825,1190.0,12.0,0.418486289069775,True,False
1108,s_000375,518,2020-01-03 16:28:00,friend_or_family,4,microsoft_ads,2019-12-28 17:36:27,paid_search_brand,2020-01-01 17:49:23,brand_exact,No purchases in window,0.0,0.0,0.0,0.0,False,False
1109,s_000087,1480,2020-02-01 20:42:00,social_media,7,paid_social_reddit,2020-01-15 16:24:35,direct,2020-01-31 03:54:56,none,No purchases in window,0.0,0.0,0.0,0.0,False,False
1110,s_001588,3199,2017-05-16 12:37:00,app_store,5,apple_search_ads,2017-05-04 12:00:29,direct,2017-05-16 12:20:57,none,No purchases in window,0.0,0.0,0.0,0.0,False,False
1111,s_000413,396,2020-01-10 18:48:00,search,6,organic_search,2020-01-06 16:38:09,direct,2020-01-10 03:10:31,none,No purchases in window,0.0,0.0,0.0,0.0,False,False
1112,s_001163,653,2020-01-04 15:48:00,blog_or_review_site,8,affiliate,2019-12-07 07:52:57,organic_search,2019-12-31 03:36:28,organic,No purchases in window,0.0,0.0,0.0,0.0,False,False
1113,s_000709,832,2020-01-01 21:13:00,search,3,organic_search,2019-11-20 10:16:11,organic_search,2019-12-29 23:59:23,organic,No purchases in window,0.0,0.0,0.0,0.0,False,False
1115,s_000117,374,2018-01-16 13:38:00,blog_or_review_site,7,affiliate,2018-01-01 12:27:39,direct,2018-01-16 06:12:19,none,Regular debit/prepaid-led,218.244625,1157.0,12.0,0.0,True,False
1116,s_000003,4905,2017-09-05 17:10:00,social_media,2,paid_social_meta,2017-08-08 20:10:04,paid_search_brand,2017-09-05 00:12:30,brand_phrase,Regular credit-led,1265.174325,1573.0,12.0,0.5842732320237576,True,True
1117,s_001120,4476,2018-08-01 17:08:00,social_media,3,paid_social_meta,2018-06-26 15:32:01,direct,2018-07-31 12:45:28,none,Regular debit/prepaid-led,326.907075,1307.0,12.0,0.0,True,False
1118,s_001258,362,2017-01-24 08:04:00,friend_or_family,4,organic_search,2016-12-30 00:11:34,paid_search_brand,2017-01-23 13:17:40,brand_phrase,Regular credit-led,1520.338095,1112.0,12.0,0.6846867712068234,True,True
1119,s_000814,598,2020-01-24 09:48:00,search,5,organic_search,2019-12-13 19:53:01,direct,2020-01-22 21:25:47,none,No purchases in window,0.0,0.0,0.0,0.0,False,False
1121,s_000985,1372,2017-02-12 22:39:00,social_media,6,paid_social_meta,2017-01-09 22:15:03,paid_search_brand,2017-02-12 18:01:02,brand_exact,Regular credit-led,1249.81192,1701.0,12.0,0.6493440194416381,True,True
1122,s_000793,1892,2020-02-18 09:31:00,friend_or_family,5,affiliate,2020-02-15 22:29:50,direct,2020-02-18 02:20:29,none,No purchases in window,0.0,0.0,0.0,0.0,False,False
1125,s_000934,616,2020-01-02 18:33:00,blog_or_review_site,5,affiliate,2019-11-22 22:12:50,paid_search_brand,2020-01-02 05:21:52,brand_exact,Regular credit-led,535.22039,689.0,12.0,0.5794093136914568,True,True
1126,s_001283,1964,2020-02-22 15:19:00,blog_or_review_site,5,affiliate,2020-01-09 00:07:02,direct,2020-02-20 20:49:00,none,No purchases in window,0.0,0.0,0.0,0.0,False,False
1132,s_001238,663,2020-01-26 14:20:00,social_media,5,paid_social_reddit,2019-12-31 13:13:39,direct,2020-01-22 07:37:49,none,No purchases in window,0.0,0.0,0.0,0.0,False,False
1133,s_000300,392,2020-01-17 08:48:00,social_media,2,microsoft_ads,2019-12-26 13:14:34,organic_search,2019-12-26 14:52:55,organic,Regular debit/prepaid-led,129.341475,872.0,12.0,0.0,True,False
1134,s_000034,388,2020-01-15 15:43:00,social_media,3,affiliate,2020-01-05 08:55:28,paid_social_meta,2020-01-14 09:37:49,retargeting_site,No purchases in window,0.0,0.0,0.0,0.0,False,False
1135,s_001019,870,2020-01-27 11:26:00,search,6,paid_search_nonbrand,2020-01-19 11:40:12,direct,2020-01-26 04:22:11,none,Regular credit-led,696.405325,1508.0,12.0,0.5286247350245417,True,True
1136,s_000746,1885,2020-02-02 22:03:00,search,3,paid_search_nonbrand,2019-12-25 20:40:51,direct,2020-02-02 09:28:42,none,No purchases in window,0.0,0.0,0.0,0.0,False,False
1137,s_000166,3202,2019-05-22 22:19:00,search,5,organic_search,2019-04-26 18:03:11,direct,2019-05-22 20:37:58,none,Regular credit-led,556.54974,627.0,12.0,1.0,True,True
1139,s_000520,546,2020-01-03 20:10:00,search,6,paid_social_meta,2019-12-19 11:55:15,organic_search,2020-01-03 18:04:56,organic,No purchases in window,0.0,0.0,0.0,0.0,False,False
1140,s_001196,660,2020-01-03 14:19:00,search,3,direct,2019-12-13 08:52:48,paid_search_brand,2020-01-01 17:33:03,brand_exact,Regular credit-led,474.07864,1145.0,12.0,0.5264412945037448,True,True
1141,s_001337,3624,2017-06-20 17:23:00,other,1,paid_search_brand,2017-06-12 06:59:07,paid_search_brand,2017-06-12 06:59:07,brand_phrase,Regular debit/prepaid-led,244.12055,1090.0,12.0,0.0,True,False
1143,s_001207,1705,2020-02-19 09:18:00,other,6,direct,2020-01-30 05:31:13,direct,2020-02-18 12:42:59,none,No purchases in window,0.0,0.0,0.0,0.0,False,False
1146,s_000404,1547,2020-02-15 13:16:00,other,14,affiliate,2020-01-11 23:20:48,paid_social_meta,2020-02-13 18:08:24,prospecting_lal,No purchases in window,0.0,0.0,0.0,0.0,False,False
1148,s_000772,585,2020-01-14 18:28:00,blog_or_review_site,4,affiliate,2019-12-03 13:32:05,paid_search_brand,2020-01-14 01:56:58,brand_exact,Regular debit/prepaid-led,421.268025,837.0,12.0,0.4588939958233036,True,False
1149,s_000382,394,2020-01-07 08:52:00,social_media,1,affiliate,2020-01-01 23:18:04,affiliate,2020-01-01 23:18:04,partner_blog,No purchases in window,0.0,0.0,0.0,0.0,False,False
1157,s_000649,1867,2020-02-07 18:40:00,friend_or_family,3,affiliate,2020-02-03 03:04:27,paid_search_brand,2020-02-06 17:04:08,brand_phrase,No purchases in window,0.0,0.0,0.0,0.0,False,False
1158,s_000137,3617,2017-06-26 21:18:00,search,2,affiliate,2017-05-28 13:19:56,direct,2017-06-25 05:42:51,none,No purchases in window,0.0,0.0,0.0,0.0,False,False
1159,s_000112,459,2020-01-04 16:32:00,search,9,affiliate,2019-12-18 06:38:07,paid_social_reddit,2020-01-04 01:27:09,r_personalfinance,No purchases in window,0.0,0.0,0.0,0.0,False,False
1160,s_000414,525,2020-01-07 22:49:00,search,6,paid_search_brand,2019-12-10 13:16:51,paid_search_brand,2020-01-02 16:11:04,brand_exact,No purchases in window,0.0,0.0,0.0,0.0,False,False
1161,s_000056,1471,2020-02-02 16:31:00,blog_or_review_site,9,affiliate,2019-12-28 07:05:44,direct,2020-02-02 11:21:07,none,No purchases in window,0.0,0.0,0.0,0.0,False,False
1162,s_001344,1454,2020-02-01 17:49:00,app_store,10,paid_search_brand,2020-01-23 04:49:46,direct,2020-02-01 11:21:13,none,No purchases in window,0.0,0.0,0.0,0.0,False,False
1172,s_000270,1520,2020-02-17 09:19:00,search,5,organic_search,2020-01-08 01:12:09,direct,2020-02-16 09:27:17,none,No purchases in window,0.0,0.0,0.0,0.0,False,False
1173,s_000868,2388,2019-03-19 11:44:00,social_media,6,paid_social_meta,2019-02-17 01:20:00,direct,2019-03-14 15:02:11,none,Regular credit-led,624.26622,840.0,12.0,0.61646763693007,True,True
1174,s_000522,547,2020-01-24 10:07:00,search,3,paid_search_brand,2020-01-19 11:07:33,direct,2020-01-23 21:05:41,none,No purchases in window,0.0,0.0,0.0,0.0,False,False
1175,s_001026,4904,2017-09-04 16:50:00,social_media,4,paid_social_meta,2017-08-01 13:55:50,paid_search_brand,2017-09-04 11:38:14,brand_phrase,No purchases in window,0.0,0.0,0.0,0.0,False,False
1178,s_000038,383,2019-01-22 09:46:00,other,6,affiliate,2018-12-23 00:23:02,paid_search_brand,2019-01-21 04:12:49,brand_phrase,No purchases in window,0.0,0.0,0.0,0.0,False,False
1179,s_001442,4466,2017-08-18 19:55:00,search,2,microsoft_ads,2017-07-12 14:16:34,paid_social_meta,2017-07-25 22:24:38,spring_launch,Regular credit-led,465.96497,553.0,12.0,0.6071733966864657,True,True
1180,s_000714,1446,2020-02-15 09:20:00,podcast_or_youtube,8,paid_search_brand,2020-01-08 00:27:06,paid_search_brand,2020-02-13 15:54:50,brand_exact,Regular credit-led,1163.26998,1254.0,12.0,1.0,True,True
1181,s_001424,3642,2019-06-24 17:44:00,other,1,paid_social_reddit,2019-05-24 10:05:56,paid_social_reddit,2019-05-24 10:05:56,r_personalfinance,Regular credit-led,576.08924,871.0,12.0,0.5412953866341768,True,True
1184,s_000594,4897,2016-09-11 09:20:00,social_media,7,paid_social_reddit,2016-08-23 15:19:22,paid_search_brand,2016-09-09 11:25:28,brand_exact,Regular debit/prepaid-led,241.68179,1034.0,12.0,0.0,True,False
1185,s_001188,1701,2020-02-23 14:05:00,other,5,affiliate,2020-01-25 04:50:40,paid_search_brand,2020-02-21 23:41:43,brand_phrase,No purchases in window,0.0,0.0,0.0,0.0,False,False
1187,s_000968,2385,2019-03-18 22:22:00,other,4,direct,2019-03-05 00:55:10,direct,2019-03-17 22:02:36,none,Regular credit-led,275.03406,400.0,12.0,0.8015210757747976,True,True
1188,s_000157,470,2020-01-21 21:27:00,blog_or_review_site,5,affiliate,2020-01-11 11:59:46,direct,2020-01-21 02:54:27,none,No purchases in window,0.0,0.0,0.0,0.0,False,False
1189,s_001252,1958,2020-02-18 12:59:00,search,1,microsoft_ads,2020-01-04 10:27:35,microsoft_ads,2020-01-04 10:27:35,bing_generic,Regular credit-led,321.03227999999996,652.0,12.0,0.5344631892293052,True,True
1190,s_001061,632,2020-01-11 08:54:00,friend_or_family,5,direct,2019-12-19 13:09:33,paid_search_brand,2020-01-10 00:12:22,brand_exact,Regular debit/prepaid-led,469.315315,2234.0,12.0,0.0,True,False
1191,s_000174,767,2020-01-13 15:26:00,search,5,paid_search_nonbrand,2019-12-27 04:12:43,direct,2020-01-10 04:26:53,none,No purchases in window,0.0,0.0,0.0,0.0,False,False
1194,s_000371,3644,2019-06-25 13:37:00,social_media,2,direct,2019-06-24 02:44:30,direct,2019-06-25 03:28:03,none,Regular debit/prepaid-led,630.298815,1500.0,12.0,0.4433591468806834,True,False
1195,s_000784,4459,2016-08-25 08:01:00,blog_or_review_site,4,affiliate,2016-08-07 18:46:25,paid_search_brand,2016-08-23 15:29:35,brand_phrase,Regular debit/prepaid-led,673.94841,1234.0,12.0,0.4752124952004999,True,False
1196,s_000884,3637,2018-06-23 09:53:00,podcast_or_youtube,7,microsoft_ads,2018-06-21 12:57:59,paid_social_meta,2018-06-23 01:47:52,retargeting_site,Regular credit-led,570.12325,865.0,12.0,0.5137304500322709,True,True
1197,s_000493,540,2020-01-13 18:22:00,friend_or_family,2,paid_social_meta,2019-12-07 05:28:21,microsoft_ads,2020-01-05 18:42:18,bing_brand,No purchases in window,0.0,0.0,0.0,0.0,False,False
1198,s_000052,1388,2019-02-27 19:50:00,blog_or_review_site,2,affiliate,2019-02-20 22:31:26,organic_search,2019-02-21 13:05:18,organic,Regular debit/prepaid-led,655.70436,1697.0,12.0,0.3129909316632957,True,False
1199,s_000144,762,2020-01-23 19:01:00,blog_or_review_site,5,affiliate,2019-12-20 15:16:14,direct,2020-01-22 20:58:33,none,No purchases in window,0.0,0.0,0.0,0.0,False,False
1204,s_000297,2788,2019-04-18 10:40:00,social_media,7,paid_social_meta,2019-03-11 03:32:41,paid_search_brand,2019-04-18 08:18:54,brand_exact,Regular debit/prepaid-led,154.22953,637.0,12.0,0.0,True,False
1205,s_001051,875,2020-01-23 16:33:00,social_media,6,paid_social_meta,2019-12-27 13:46:24,organic_search,2020-01-22 11:35:06,organic,No purchases in window,0.0,0.0,0.0,0.0,False,False
1206,s_000288,1807,2020-02-19 08:15:00,friend_or_family,1,affiliate,2020-01-21 09:17:49,affiliate,2020-01-21 09:17:49,partner_blog,No purchases in window,0.0,0.0,0.0,0.0,False,False
1209,s_000713,4462,2017-08-12 22:56:00,search,2,paid_search_nonbrand,2017-07-29 03:42:22,paid_search_brand,2017-08-12 14:39:38,brand_phrase,Regular credit-led,1294.6424100000002,1763.0,12.0,0.5930497971593828,True,True
1210,s_000891,608,2020-01-04 13:02:00,friend_or_family,5,paid_search_brand,2019-12-03 19:20:57,organic_search,2020-01-01 13:14:17,organic,Regular credit-led,443.31763,910.0,12.0,0.5325206007484795,True,True
1216,s_000612,817,2020-01-15 17:02:00,other,16,paid_search_nonbrand,2019-12-14 10:53:16,paid_search_brand,2020-01-15 16:24:49,brand_phrase,No purchases in window,0.0,0.0,0.0,0.0,False,False
1218,s_000210,1505,2020-02-08 16:14:00,blog_or_review_site,7,affiliate,2020-01-14 04:00:00,direct,2020-02-08 05:03:14,none,No purchases in window,0.0,0.0,0.0,0.0,False,False
1219,s_000051,1468,2020-02-07 22:33:00,search,3,microsoft_ads,2020-01-28 08:45:59,paid_search_brand,2020-02-07 05:15:09,brand_exact,Regular credit-led,840.08538,995.0,12.0,0.5904544377911572,True,True
1220,s_001511,948,2020-01-24 08:30:00,blog_or_review_site,3,affiliate,2019-12-28 10:37:17,paid_search_brand,2020-01-17 15:27:47,brand_phrase,No purchases in window,0.0,0.0,0.0,0.0,False,False
1221,s_000658,355,2016-01-06 11:44:00,search,4,paid_search_brand,2016-01-01 20:28:30,paid_search_brand,2016-01-05 13:24:39,brand_phrase,Regular credit-led,488.90089,1030.0,12.0,0.5342397662618797,True,True
1223,s_000462,384,2019-01-23 08:26:00,social_media,6,paid_social_reddit,2018-12-28 16:41:13,direct,2019-01-23 05:58:25,none,Regular debit/prepaid-led,103.847905,364.0,11.0,0.0,True,False
1224,s_001237,905,2020-01-04 08:05:00,search,3,paid_search_brand,2019-12-06 21:38:33,direct,2020-01-03 04:20:54,none,Regular debit/prepaid-led,910.27676,1765.0,12.0,0.4951323690939789,True,False
1229,s_000727,386,2019-01-01 08:14:00,blog_or_review_site,2,paid_social_meta,2018-12-10 09:05:33,paid_search_brand,2018-12-30 18:54:39,brand_phrase,Regular credit-led,635.279545,784.0,12.0,0.6443423642004265,True,True
1230,s_000765,583,2020-01-15 11:35:00,other,4,paid_search_nonbrand,2019-12-14 18:55:06,direct,2020-01-14 10:20:45,none,No purchases in window,0.0,0.0,0.0,0.0,False,False
1231,s_000031,1463,2020-02-28 08:13:00,social_media,3,paid_social_meta,2020-01-29 06:20:32,paid_search_brand,2020-02-28 07:05:16,brand_exact,No purchases in window,0.0,0.0,0.0,0.0,False,False
1232,s_000553,808,2020-01-21 17:14:00,search,5,paid_social_meta,2019-12-30 16:03:06,paid_search_nonbrand,2020-01-21 01:58:42,compare_cards,No purchases in window,0.0,0.0,0.0,0.0,False,False
1233,s_000874,1449,2020-02-05 22:23:00,app_store,5,apple_search_ads,2020-01-09 05:46:15,direct,2020-01-30 15:16:18,none,No purchases in window,0.0,0.0,0.0,0.0,False,False
1235,s_001141,1427,2020-02-03 14:43:00,search,4,paid_search_nonbrand,2020-01-20 08:02:53,direct,2020-02-02 10:09:09,none,No purchases in window,0.0,0.0,0.0,0.0,False,False
1236,s_000952,2369,2017-03-15 14:20:00,social_media,4,paid_social_meta,2017-03-05 11:15:51,direct,2017-03-14 11:38:58,none,Regular debit/prepaid-led,362.714955,1111.0,12.0,0.4146300984000485,True,False
1238,s_000785,592,2020-01-07 17:44:00,search,4,organic_search,2019-12-31 07:35:05,paid_social_reddit,2020-01-06 23:43:06,r_personalfinance,Regular credit-led,1787.85612,984.0,12.0,1.0,True,True
1239,s_000459,532,2020-01-13 16:00:00,other,2,direct,2019-12-10 10:42:35,paid_search_brand,2020-01-11 16:35:06,brand_exact,Regular credit-led,504.51135,1078.0,12.0,0.5383150715843843,True,True
1243,s_000317,1527,2020-02-24 09:10:00,friend_or_family,6,paid_social_meta,2020-02-13 00:58:22,direct,2020-02-24 05:03:08,none,Regular credit-led,771.646135,834.0,12.0,0.5876684088328025,True,True
1246,s_000703,1881,2020-02-19 14:46:00,app_store,3,apple_search_ads,2020-01-11 13:33:54,direct,2020-02-18 17:25:48,none,Regular credit-led,394.12662,781.0,12.0,0.5019328446417697,True,True
1248,s_000662,5320,2017-10-12 18:02:00,search,6,organic_search,2017-10-05 18:29:53,direct,2017-10-12 16:32:38,none,Regular credit-led,654.309,884.0,12.0,1.0,True,True
1249,s_001228,902,2020-01-18 14:49:00,search,7,paid_search_brand,2019-12-07 00:34:34,direct,2020-01-16 18:59:50,none,No purchases in window,0.0,0.0,0.0,0.0,False,False
1251,s_000811,4069,2018-07-03 21:37:00,social_media,3,paid_social_meta,2018-05-28 04:13:02,paid_search_brand,2018-07-03 02:38:54,brand_exact,Regular debit/prepaid-led,209.57976,1184.0,12.0,0.0,True,False
1252,s_001173,1697,2020-02-04 21:07:00,social_media,7,paid_social_meta,2020-01-02 15:56:08,apple_search_ads,2020-02-03 12:11:57,asa_exact,No purchases in window,0.0,0.0,0.0,0.0,False,False
1253,s_000447,1556,2020-02-16 19:19:00,search,8,paid_search_nonbrand,2020-01-18 13:50:03,direct,2020-02-09 11:23:36,none,Regular debit/prepaid-led,456.598745,1906.0,12.0,0.0,True,False
1254,s_001253,1959,2020-02-25 13:15:00,search,6,paid_search_nonbrand,2020-02-21 20:39:48,direct,2020-02-25 08:35:09,none,Regular credit-led,292.604185,723.0,12.0,0.6062202905483902,True,True
1255,s_000284,494,2020-01-26 20:06:00,search,6,paid_search_brand,2020-01-12 15:37:23,paid_search_brand,2020-01-25 03:43:22,brand_phrase,No purchases in window,0.0,0.0,0.0,0.0,False,False
1256,s_001331,6137,2018-12-28 19:28:00,search,3,organic_search,2018-12-08 14:30:35,paid_search_brand,2018-12-26 22:06:04,brand_exact,Regular debit/prepaid-led,694.824035,2021.0,12.0,0.4756347845166948,True,False
1260,s_000927,857,2020-01-03 11:53:00,blog_or_review_site,2,affiliate,2019-12-04 01:54:31,paid_search_nonbrand,2019-12-11 22:52:24,compare_cards,Regular credit-led,342.47754,643.0,12.0,1.0,True,True
1263,s_000598,1445,2020-02-25 20:32:00,search,1,paid_search_brand,2020-02-15 18:12:47,paid_search_brand,2020-02-15 18:12:47,brand_phrase,Regular debit/prepaid-led,173.37839499999998,746.0,12.0,0.0,True,False
1264,s_001390,1732,2020-02-22 20:01:00,social_media,1,paid_social_meta,2020-01-20 15:26:10,paid_social_meta,2020-01-20 15:26:10,prospecting_lal,No purchases in window,0.0,0.0,0.0,0.0,False,False
1265,s_000067,1475,2020-02-13 19:58:00,search,2,microsoft_ads,2020-01-17 12:07:34,direct,2020-02-12 01:23:43,none,No purchases in window,0.0,0.0,0.0,0.0,False,False
1268,s_000254,1804,2020-02-20 20:59:00,app_store,4,apple_search_ads,2020-02-09 13:12:04,paid_search_brand,2020-02-19 00:24:16,brand_phrase,Regular debit/prepaid-led,87.95121,382.0,12.0,0.0,True,False
1270,s_001322,1429,2020-02-01 19:02:00,search,2,microsoft_ads,2020-01-24 07:13:11,paid_search_brand,2020-02-01 06:43:06,brand_exact,No purchases in window,0.0,0.0,0.0,0.0,False,False
1271,s_000875,1908,2020-02-03 22:14:00,search,3,microsoft_ads,2020-01-26 14:52:38,paid_search_brand,2020-02-02 22:40:49,brand_phrase,No purchases in window,0.0,0.0,0.0,0.0,False,False
1272,s_000944,1650,2020-02-25 15:21:00,app_store,6,apple_search_ads,2020-01-26 10:17:54,paid_search_brand,2020-02-24 21:31:07,brand_phrase,No purchases in window,0.0,0.0,0.0,0.0,False,False
1273,s_000177,1498,2020-02-18 13:20:00,social_media,2,paid_social_meta,2020-01-09 10:38:48,paid_search_brand,2020-01-24 23:41:22,brand_phrase,No purchases in window,0.0,0.0,0.0,0.0,False,False
1274,s_001260,3200,2018-05-06 20:32:00,search,4,microsoft_ads,2018-04-09 12:17:58,paid_search_brand,2018-04-29 21:12:20,brand_phrase,Regular credit-led,1342.951785,1634.0,12.0,0.6494408121673834,True,True
1275,s_001394,928,2020-01-22 18:03:00,search,6,paid_search_brand,2020-01-13 23:33:41,direct,2020-01-22 16:47:35,none,No purchases in window,0.0,0.0,0.0,0.0,False,False
1276,s_000289,4469,2018-08-01 09:08:00,other,2,direct,2018-06-24 03:38:22,organic_search,2018-07-26 14:42:40,organic,Regular credit-led,548.52681,493.0,12.0,0.6702541842100675,True,True
1278,s_001574,741,2020-01-04 09:37:00,blog_or_review_site,11,paid_search_brand,2019-11-20 20:37:38,organic_search,2020-01-04 08:23:26,organic,No purchases in window,0.0,0.0,0.0,0.0,False,False
1282,s_001412,364,2017-01-08 20:37:00,social_media,3,paid_social_meta,2016-11-24 05:23:07,paid_search_nonbrand,2016-12-21 04:41:07,rewards_terms,Regular debit/prepaid-led,215.21041,943.0,12.0,0.0,True,False
1290,s_000494,3629,2018-06-14 18:50:00,search,7,paid_search_brand,2018-05-27 09:51:00,paid_search_brand,2018-06-13 03:17:30,brand_phrase,No purchases in window,0.0,0.0,0.0,0.0,False,False
1292,s_000707,831,2020-01-04 20:33:00,social_media,3,paid_social_meta,2019-12-19 09:07:48,paid_search_brand,2019-12-29 01:20:44,brand_phrase,No purchases in window,0.0,0.0,0.0,0.0,False,False
1293,s_001378,696,2020-01-12 19:53:00,blog_or_review_site,6,affiliate,2019-12-03 17:33:29,direct,2020-01-12 14:21:05,none,Regular debit/prepaid-led,584.10841,2465.0,12.0,0.0,True,False
1295,s_000897,609,2020-01-07 09:24:00,search,6,paid_search_brand,2019-12-30 09:14:32,direct,2020-01-07 06:17:17,none,Regular debit/prepaid-led,895.830675,2026.0,12.0,0.461155011509062,True,False
1297,s_000452,4066,2018-07-01 11:02:00,social_media,3,paid_social_reddit,2018-06-08 23:14:05,direct,2018-06-13 18:03:37,none,No purchases in window,0.0,0.0,0.0,0.0,False,False
1301,s_000091,3189,2017-05-17 13:03:00,blog_or_review_site,4,referral,2017-04-10 17:16:05,paid_search_brand,2017-05-15 20:21:03,brand_phrase,Regular debit/prepaid-led,316.100685,1403.0,12.0,0.0,True,False
1302,s_000908,3203,2019-05-17 08:11:00,podcast_or_youtube,3,paid_social_meta,2019-04-17 06:28:51,paid_search_brand,2019-05-13 12:25:03,brand_exact,Regular debit/prepaid-led,587.738865,1005.0,12.0,0.4587369899163369,True,False
1303,s_000450,1557,2020-02-04 15:52:00,blog_or_review_site,3,affiliate,2020-01-25 17:30:40,paid_search_brand,2020-02-03 19:16:30,brand_exact,Regular credit-led,461.645015,381.0,12.0,0.6757704498834289,True,True
1304,s_000388,426,2020-01-09 18:01:00,podcast_or_youtube,6,direct,2019-12-29 06:30:12,direct,2020-01-09 16:19:33,none,No purchases in window,0.0,0.0,0.0,0.0,False,False
1314,s_000213,2359,2016-03-23 22:16:00,search,6,paid_search_nonbrand,2016-03-17 21:40:51,paid_search_brand,2016-03-22 00:40:43,brand_phrase,Regular debit/prepaid-led,394.059315,1706.0,12.0,0.0,True,False
1316,s_001358,436,2020-01-07 19:31:00,social_media,8,paid_search_brand,2019-12-21 04:23:24,paid_search_brand,2020-01-05 01:33:34,brand_exact,No purchases in window,0.0,0.0,0.0,0.0,False,False
1317,s_000327,4909,2017-09-08 11:10:00,other,3,direct,2017-07-25 06:22:38,paid_search_brand,2017-09-07 22:08:50,brand_phrase,Regular debit/prepaid-led,288.34548,834.0,12.0,0.4817735673280396,True,False
1318,s_001531,729,2020-01-02 21:50:00,blog_or_review_site,11,affiliate,2019-11-22 18:48:49,paid_search_brand,2020-01-02 06:48:36,brand_phrase,No purchases in window,0.0,0.0,0.0,0.0,False,False
1319,s_000463,1828,2020-02-21 18:18:00,search,6,affiliate,2020-01-14 04:33:19,direct,2020-02-20 11:41:00,none,No purchases in window,0.0,0.0,0.0,0.0,False,False
1320,s_001393,1976,2020-02-05 10:45:00,other,4,direct,2020-01-25 16:44:24,direct,2020-02-03 10:48:24,none,No purchases in window,0.0,0.0,0.0,0.0,False,False
1323,s_000228,479,2020-01-24 14:37:00,social_media,7,paid_social_meta,2019-12-18 23:34:16,direct,2020-01-23 11:38:18,none,Regular credit-led,612.93627,1051.0,12.0,0.5362714808209109,True,True
1325,s_001413,1434,2020-02-03 08:49:00,search,5,microsoft_ads,2020-01-18 01:04:51,paid_search_brand,2020-02-02 10:38:43,brand_phrase,No purchases in window,0.0,0.0,0.0,0.0,False,False
1327,s_000577,1578,2020-02-10 21:45:00,search,7,paid_search_brand,2020-01-18 08:36:16,paid_search_brand,2020-02-10 05:53:53,brand_exact,No purchases in window,0.0,0.0,0.0,0.0,False,False
1328,s_000688,1879,2020-02-28 11:11:00,social_media,6,organic_search,2020-02-14 09:51:27,paid_search_brand,2020-02-26 23:10:50,brand_exact,No purchases in window,0.0,0.0,0.0,0.0,False,False
1329,s_001509,725,2020-01-05 19:02:00,search,3,paid_search_nonbrand,2019-12-22 19:41:21,paid_search_brand,2020-01-04 00:27:49,brand_exact,No purchases in window,0.0,0.0,0.0,0.0,False,False
1333,s_001286,674,2020-01-18 20:16:00,friend_or_family,8,affiliate,2019-12-13 06:14:41,paid_search_brand,2020-01-18 02:34:18,brand_phrase,No purchases in window,0.0,0.0,0.0,0.0,False,False
1335,s_000930,615,2020-01-17 11:16:00,search,4,paid_search_brand,2019-12-24 15:46:32,paid_search_brand,2020-01-16 14:29:47,brand_phrase,Regular debit/prepaid-led,241.819805,1209.0,12.0,0.0,True,False
1336,s_000892,1911,2020-02-27 16:36:00,social_media,6,paid_social_meta,2020-01-14 08:20:58,paid_search_brand,2020-02-23 18:35:43,brand_phrase,No purchases in window,0.0,0.0,0.0,0.0,False,False
1337,s_001064,407,2020-01-07 12:01:00,social_media,1,paid_social_reddit,2019-12-06 09:10:38,paid_social_reddit,2019-12-06 09:10:38,r_churning,No purchases in window,0.0,0.0,0.0,0.0,False,False
1339,s_001545,734,2020-01-24 18:41:00,other,7,affiliate,2019-12-15 18:16:22,paid_search_brand,2020-01-23 08:04:01,brand_exact,No purchases in window,0.0,0.0,0.0,0.0,False,False
1340,s_000279,1375,2017-02-17 10:24:00,search,4,paid_search_nonbrand,2017-01-13 00:12:31,direct,2017-02-16 02:55:12,none,Regular credit-led,2450.4921,2111.0,12.0,0.6434275977493213,True,True
1343,s_000920,4043,2016-07-06 18:39:00,social_media,2,paid_social_meta,2016-06-22 05:58:49,organic_search,2016-07-01 03:17:05,organic,No purchases in window,0.0,0.0,0.0,0.0,False,False
1346,s_000448,801,2020-01-04 13:35:00,search,4,organic_search,2019-11-22 09:40:37,paid_social_meta,2019-12-23 07:51:07,prospecting_lal,No purchases in window,0.0,0.0,0.0,0.0,False,False
1350,s_000976,1654,2020-02-20 16:18:00,friend_or_family,1,paid_social_meta,2020-01-11 10:03:59,paid_social_meta,2020-01-11 10:03:59,retargeting_site,No purchases in window,0.0,0.0,0.0,0.0,False,False
1351,s_000501,1563,2020-02-26 11:15:00,search,6,microsoft_ads,2020-02-22 18:04:31,paid_search_nonbrand,2020-02-25 20:02:30,generic_cards,No purchases in window,0.0,0.0,0.0,0.0,False,False
1353,s_000342,788,2020-01-01 20:19:00,other,5,direct,2019-12-15 08:33:08,paid_search_nonbrand,2019-12-25 19:52:05,compare_cards,Regular credit-led,397.42852,560.0,12.0,0.58419489220521,True,True
1354,s_001526,727,2020-01-08 14:00:00,social_media,5,paid_social_meta,2019-12-14 02:30:57,direct,2020-01-07 00:49:06,none,No purchases in window,0.0,0.0,0.0,0.0,False,False
1356,s_001516,4057,2017-07-14 22:31:00,search,3,organic_search,2017-06-06 22:02:32,direct,2017-07-13 20:26:32,none,Regular debit/prepaid-led,412.93694,916.0,12.0,0.4743429728873912,True,False
1358,s_000882,5736,2018-11-28 22:40:00,blog_or_review_site,5,affiliate,2018-10-15 23:38:31,direct,2018-11-27 17:38:55,none,Regular debit/prepaid-led,0.0,603.0,12.0,0.0,True,False
1360,s_000839,3609,2016-06-19 21:13:00,social_media,5,paid_social_meta,2016-05-13 17:01:45,paid_search_brand,2016-06-19 08:09:22,brand_exact,Regular debit/prepaid-led,179.94243,422.0,12.0,0.424798033630121,True,False
1363,s_001171,656,2020-01-17 10:27:00,podcast_or_youtube,2,affiliate,2019-12-06 21:17:49,organic_search,2020-01-02 20:14:16,organic,No purchases in window,0.0,0.0,0.0,0.0,False,False
1365,s_001451,1986,2020-02-27 20:22:00,social_media,3,paid_social_meta,2020-02-10 15:19:19,paid_search_brand,2020-02-26 00:28:54,brand_exact,No purchases in window,0.0,0.0,0.0,0.0,False,False
1366,s_001304,2374,2018-03-13 08:52:00,blog_or_review_site,4,affiliate,2018-01-31 16:00:36,paid_search_brand,2018-03-12 07:05:48,brand_exact,Regular credit-led,503.94894,1012.0,12.0,0.5548761391072384,True,True
1367,s_000995,865,2020-01-20 19:00:00,blog_or_review_site,7,affiliate,2019-12-14 16:04:37,direct,2020-01-18 22:39:57,none,Regular debit/prepaid-led,101.19563,833.0,12.0,0.0,True,False
1368,s_000627,822,2020-01-01 21:37:00,blog_or_review_site,7,affiliate,2019-12-20 10:34:45,paid_search_brand,2020-01-01 20:35:50,brand_phrase,No purchases in window,0.0,0.0,0.0,0.0,False,False
1371,s_000408,4059,2017-07-25 22:56:00,search,4,paid_search_brand,2017-07-19 20:29:30,paid_search_brand,2017-07-23 15:04:38,brand_exact,Regular credit-led,460.900325,1199.0,12.0,0.5302485317123704,True,True
1372,s_000119,1781,2020-02-11 10:35:00,friend_or_family,3,organic_search,2020-01-06 08:32:01,paid_search_brand,2020-02-10 14:37:45,brand_exact,No purchases in window,0.0,0.0,0.0,0.0,False,False
1373,s_000731,4074,2019-07-06 08:51:00,other,2,paid_social_meta,2019-05-31 13:30:16,direct,2019-05-31 18:22:06,none,No purchases in window,0.0,0.0,0.0,0.0,False,False
1374,s_000855,1413,2020-02-18 13:44:00,app_store,2,apple_search_ads,2020-02-12 22:05:57,direct,2020-02-18 11:13:20,none,No purchases in window,0.0,0.0,0.0,0.0,False,False
1375,s_001493,719,2020-01-23 11:33:00,search,8,paid_search_nonbrand,2019-12-27 18:52:26,direct,2020-01-21 19:36:01,none,No purchases in window,0.0,0.0,0.0,0.0,False,False
1376,s_000668,1874,2020-02-23 08:12:00,blog_or_review_site,5,affiliate,2020-01-22 18:28:01,direct,2020-02-22 23:59:17,none,Regular credit-led,778.475465,1274.0,12.0,0.5807656375548143,True,True
1377,s_000193,1793,2020-02-14 21:19:00,blog_or_review_site,4,affiliate,2020-01-26 23:07:35,direct,2020-02-11 03:22:25,none,No purchases in window,0.0,0.0,0.0,0.0,False,False
1380,s_001578,742,2020-01-08 08:37:00,friend_or_family,3,paid_search_brand,2019-12-09 14:30:13,direct,2020-01-06 12:34:44,none,No purchases in window,0.0,0.0,0.0,0.0,False,False
1381,s_001035,628,2020-01-14 12:13:00,blog_or_review_site,3,affiliate,2019-12-30 09:00:31,paid_search_brand,2020-01-08 18:38:48,brand_exact,Regular debit/prepaid-led,314.63232,1348.0,12.0,0.0,True,False
1387,s_000827,842,2020-01-26 14:59:00,search,2,paid_search_nonbrand,2019-12-18 05:43:09,direct,2020-01-24 21:23:27,none,No purchases in window,0.0,0.0,0.0,0.0,False,False
1388,s_000425,796,2020-01-18 18:26:00,search,4,microsoft_ads,2019-12-27 21:12:47,direct,2020-01-17 01:24:56,none,No purchases in window,0.0,0.0,0.0,0.0,False,False
1392,s_001156,889,2020-01-13 14:25:00,social_media,4,organic_search,2019-12-08 03:28:34,affiliate,2020-01-09 19:52:40,cashback_portal,No purchases in window,0.0,0.0,0.0,0.0,False,False
1393,s_000641,1865,2020-02-21 19:10:00,other,1,direct,2020-01-15 22:11:18,direct,2020-01-15 22:11:18,none,Regular debit/prepaid-led,258.65541,1130.0,12.0,0.0,True,False
1394,s_000449,530,2020-01-26 09:30:00,social_media,2,paid_social_reddit,2020-01-23 22:25:31,direct,2020-01-25 07:29:02,none,Regular credit-led,689.4555,1307.0,12.0,0.5823832294977633,True,True
1396,s_000439,528,2020-01-05 16:25:00,social_media,6,paid_search_nonbrand,2019-11-26 13:59:36,paid_social_meta,2020-01-04 23:09:53,prospecting_lal,No purchases in window,0.0,0.0,0.0,0.0,False,False
1397,s_000150,3627,2018-06-17 10:16:00,friend_or_family,4,microsoft_ads,2018-06-08 16:16:31,paid_search_brand,2018-06-16 10:21:33,brand_phrase,Regular debit/prepaid-led,386.67905,903.0,12.0,0.490525995604663,True,False
1399,s_000094,4065,2018-07-06 20:18:00,search,5,paid_search_brand,2018-06-05 17:13:37,microsoft_ads,2018-07-05 18:52:39,bing_brand,No purchases in window,0.0,0.0,0.0,0.0,False,False
1400,s_001368,415,2020-01-12 16:33:00,social_media,7,paid_social_meta,2019-12-22 23:05:10,paid_search_brand,2020-01-10 12:03:47,brand_phrase,No purchases in window,0.0,0.0,0.0,0.0,False,False
1401,s_000211,774,2020-01-05 18:13:00,friend_or_family,7,organic_search,2019-12-06 23:59:00,paid_search_brand,2020-01-04 10:44:02,brand_exact,No purchases in window,0.0,0.0,0.0,0.0,False,False
1402,s_000234,481,2020-01-14 10:50:00,blog_or_review_site,3,affiliate,2020-01-09 12:07:27,direct,2020-01-14 00:56:15,none,No purchases in window,0.0,0.0,0.0,0.0,False,False
1409,s_000555,1851,2020-02-04 17:34:00,friend_or_family,4,paid_search_brand,2020-01-14 09:51:15,paid_search_brand,2020-02-03 05:39:40,brand_exact,No purchases in window,0.0,0.0,0.0,0.0,False,False
1410,s_001316,1968,2020-02-14 17:52:00,blog_or_review_site,1,affiliate,2020-02-11 13:34:20,affiliate,2020-02-11 13:34:20,partner_blog,No purchases in window,0.0,0.0,0.0,0.0,False,False
1413,s_001165,3195,2017-05-22 13:57:00,social_media,1,paid_social_meta,2017-05-17 12:05:51,paid_social_meta,2017-05-17 12:05:51,spring_launch,Regular debit/prepaid-led,524.223,1306.0,12.0,0.4996867306690291,True,False
1415,s_000906,4919,2018-09-18 14:30:00,social_media,4,affiliate,2018-09-10 12:52:23,direct,2018-09-13 15:45:07,none,No purchases in window,0.0,0.0,0.0,0.0,False,False
1416,s_001119,2363,2017-03-22 20:18:00,search,4,paid_search_nonbrand,2017-02-05 05:36:28,direct,2017-03-12 02:58:55,none,Regular credit-led,681.664995,983.0,12.0,0.534893989082404,True,True
1418,s_001399,1978,2020-02-08 17:50:00,search,5,organic_search,2020-01-23 23:34:51,paid_search_brand,2020-02-07 21:19:32,brand_phrase,No purchases in window,0.0,0.0,0.0,0.0,False,False
1423,s_001215,899,2020-01-27 21:57:00,search,4,organic_search,2020-01-07 09:57:07,organic_search,2020-01-25 20:34:39,organic,No purchases in window,0.0,0.0,0.0,0.0,False,False
1424,s_000260,487,2020-01-26 08:54:00,search,4,microsoft_ads,2020-01-23 17:29:12,direct,2020-01-25 15:47:52,none,Regular debit/prepaid-led,283.90158,1145.0,12.0,0.4779616797251991,True,False
1426,s_000698,571,2020-01-04 09:44:00,friend_or_family,5,paid_social_meta,2019-12-12 06:05:28,direct,2020-01-03 11:45:24,none,No purchases in window,0.0,0.0,0.0,0.0,False,False
1429,s_001227,2378,2018-03-19 17:29:00,friend_or_family,6,referral,2018-02-20 10:24:04,direct,2018-03-19 00:52:12,none,Regular debit/prepaid-led,250.958135,1090.0,12.0,0.0,True,False
1433,s_001402,4485,2019-08-21 09:18:00,social_media,3,paid_social_meta,2019-08-02 14:16:38,direct,2019-08-16 15:34:12,none,Regular debit/prepaid-led,482.91476,1632.0,12.0,0.1314139711150872,True,False
1435,s_000980,2360,2016-03-08 12:21:00,search,6,paid_search_brand,2016-03-02 15:45:37,paid_search_brand,2016-03-08 09:29:44,brand_exact,Regular credit-led,1054.739655,1887.0,12.0,0.5512128515634254,True,True
1436,s_000761,582,2020-01-12 14:10:00,social_media,8,apple_search_ads,2019-12-11 03:07:42,paid_search_brand,2020-01-12 09:09:08,brand_exact,No purchases in window,0.0,0.0,0.0,0.0,False,False
1437,s_001164,1942,2020-02-14 17:52:00,search,6,paid_search_brand,2020-01-01 03:57:26,paid_search_brand,2020-02-14 05:55:36,brand_phrase,Regular credit-led,642.916305,1811.0,12.0,0.572138953381721,True,True
1438,s_000383,521,2020-01-14 15:09:00,other,2,direct,2020-01-10 08:51:24,paid_search_brand,2020-01-12 02:48:42,brand_phrase,No purchases in window,0.0,0.0,0.0,0.0,False,False
1440,s_000595,1585,2020-02-14 09:57:00,podcast_or_youtube,3,direct,2020-02-09 10:33:43,paid_search_brand,2020-02-10 13:23:18,brand_phrase,No purchases in window,0.0,0.0,0.0,0.0,False,False
1444,s_000835,3631,2018-06-14 13:42:00,search,7,microsoft_ads,2018-05-13 21:50:02,direct,2018-06-13 09:55:56,none,Regular debit/prepaid-led,294.343165,1176.0,12.0,0.0,True,False
1446,s_000597,3181,2016-05-06 20:11:00,social_media,6,paid_social_meta,2016-03-25 02:45:50,direct,2016-05-05 14:52:54,none,Regular debit/prepaid-led,347.384175,712.0,12.0,0.4846363175280256,True,False
1450,s_000351,1814,2020-02-02 15:38:00,search,3,organic_search,2020-01-22 12:28:07,direct,2020-01-31 23:41:17,none,No purchases in window,0.0,0.0,0.0,0.0,False,False
1454,s_001139,1938,2020-02-17 20:52:00,search,5,paid_search_nonbrand,2020-01-06 21:56:45,paid_search_brand,2020-02-17 18:54:36,brand_exact,No purchases in window,0.0,0.0,0.0,0.0,False,False
1455,s_000366,1386,2019-02-21 22:52:00,search,3,paid_search_nonbrand,2019-01-16 07:17:26,paid_search_brand,2019-02-21 11:40:48,brand_exact,Regular credit-led,323.20869,865.0,12.0,0.5160050560531579,True,True
1457,s_000242,484,2020-01-07 21:46:00,other,3,direct,2019-12-28 21:22:14,paid_search_brand,2020-01-07 10:45:41,brand_exact,No purchases in window,0.0,0.0,0.0,0.0,False,False
1458,s_001202,895,2020-01-04 17:18:00,blog_or_review_site,3,affiliate,2019-12-05 19:18:41,direct,2019-12-29 23:11:05,none,Regular debit/prepaid-led,135.988295,581.0,12.0,0.0,True,False
1460,s_000758,1887,2020-02-18 16:58:00,other,8,apple_search_ads,2020-01-17 08:14:43,paid_search_brand,2020-02-17 18:36:58,brand_phrase,No purchases in window,0.0,0.0,0.0,0.0,False,False
1461,s_001313,5345,2019-10-02 20:02:00,social_media,2,direct,2019-08-19 00:07:51,paid_search_brand,2019-10-01 07:57:59,brand_exact,Regular debit/prepaid-led,275.93404499999997,1191.0,12.0,0.0358580379393567,True,False
1462,s_000831,601,2020-01-15 21:51:00,search,3,organic_search,2020-01-13 15:49:10,microsoft_ads,2020-01-14 17:18:29,bing_brand,No purchases in window,0.0,0.0,0.0,0.0,False,False
1465,s_000436,4903,2017-09-13 20:04:00,social_media,2,paid_social_meta,2017-09-04 16:34:18,direct,2017-09-10 13:09:59,none,No purchases in window,0.0,0.0,0.0,0.0,False,False
1469,s_000188,769,2020-01-27 10:40:00,social_media,1,paid_social_meta,2020-01-02 03:04:43,paid_social_meta,2020-01-02 03:04:43,spring_launch,No purchases in window,0.0,0.0,0.0,0.0,False,False
1471,s_000579,1580,2020-02-01 13:59:00,app_store,4,apple_search_ads,2020-01-09 18:51:27,paid_search_nonbrand,2020-01-20 02:32:25,compare_cards,Regular credit-led,643.0532400000001,828.0,12.0,1.0,True,True
1473,s_000341,1535,2020-02-16 11:55:00,search,2,paid_search_brand,2020-01-15 01:29:23,paid_social_meta,2020-01-22 04:26:38,spring_launch,Regular debit/prepaid-led,151.62954,665.0,12.0,0.0,True,False
1474,s_000350,1813,2020-02-23 14:18:00,search,5,microsoft_ads,2020-02-11 06:21:52,paid_search_brand,2020-02-23 06:05:48,brand_phrase,No purchases in window,0.0,0.0,0.0,0.0,False,False
1476,s_001403,4079,2019-07-28 20:36:00,search,6,paid_search_nonbrand,2019-07-09 15:16:11,paid_search_brand,2019-07-28 09:24:24,brand_phrase,No purchases in window,0.0,0.0,0.0,0.0,False,False
1480,s_001398,3196,2017-05-24 21:45:00,app_store,7,apple_search_ads,2017-04-30 23:44:01,direct,2017-05-24 18:48:48,none,No purchases in window,0.0,0.0,0.0,0.0,False,False
1483,s_000600,814,2020-01-01 19:16:00,social_media,7,direct,2019-11-27 22:03:53,direct,2019-12-31 14:25:49,none,No purchases in window,0.0,0.0,0.0,0.0,False,False
1488,s_001100,4901,2016-09-10 09:49:00,blog_or_review_site,7,paid_social_meta,2016-08-20 16:11:19,paid_search_brand,2016-09-09 07:46:15,brand_exact,Regular debit/prepaid-led,423.60413,1063.0,12.0,0.4765927675632482,True,False
1490,s_001298,1369,2016-02-13 08:49:00,social_media,7,paid_social_meta,2016-01-29 16:05:38,direct,2016-02-13 05:18:56,none,Regular credit-led,521.8284199999999,1026.0,12.0,0.5546794051934072,True,True
1491,s_000747,5732,2017-11-23 10:03:00,friend_or_family,4,organic_search,2017-11-06 06:03:19,paid_search_brand,2017-11-23 05:17:47,brand_exact,No purchases in window,0.0,0.0,0.0,0.0,False,False
1492,s_000046,6134,2017-12-10 15:49:00,blog_or_review_site,5,affiliate,2017-11-08 13:56:09,paid_search_brand,2017-12-09 09:51:49,brand_exact,Regular credit-led,612.673095,1283.0,12.0,0.5114925757294918,True,True
1493,s_000054,1774,2020-02-14 14:54:00,search,6,microsoft_ads,2020-01-12 02:15:47,paid_search_brand,2020-02-13 23:57:49,brand_phrase,Regular credit-led,1022.77224,656.0,12.0,1.0,True,True
1494,s_000515,545,2020-01-15 19:00:00,friend_or_family,7,microsoft_ads,2019-12-01 17:23:36,paid_search_brand,2020-01-15 11:40:21,brand_exact,Regular credit-led,284.29344,677.0,12.0,0.5584909993505791,True,True
1495,s_000531,1568,2020-02-22 19:34:00,search,7,affiliate,2020-01-15 04:25:03,direct,2020-02-21 15:50:41,none,Regular debit/prepaid-led,698.0533849999999,1165.0,12.0,0.4902303925108721,True,False
1496,s_001475,943,2020-01-01 16:24:00,search,6,microsoft_ads,2019-11-19 14:52:42,paid_search_brand,2019-12-27 11:08:35,brand_phrase,No purchases in window,0.0,0.0,0.0,0.0,False,False
1498,s_000738,577,2020-01-16 15:49:00,podcast_or_youtube,2,direct,2020-01-05 02:27:50,paid_search_brand,2020-01-16 06:24:12,brand_exact,Regular debit/prepaid-led,77.80426,810.0,12.0,0.0,True,False
1502,s_000788,593,2020-01-19 16:35:00,other,5,direct,2019-12-08 22:29:30,paid_search_brand,2020-01-19 14:57:52,brand_exact,No purchases in window,0.0,0.0,0.0,0.0,False,False
1505,s_001117,1686,2020-02-01 17:40:00,friend_or_family,4,paid_search_nonbrand,2020-01-18 22:21:00,direct,2020-02-01 17:27:40,none,No purchases in window,0.0,0.0,0.0,0.0,False,False
1506,s_000487,804,2020-01-02 11:08:00,search,1,paid_search_brand,2019-11-18 12:21:45,paid_search_brand,2019-11-18 12:21:45,brand_phrase,No purchases in window,0.0,0.0,0.0,0.0,False,False
1509,s_001366,5342,2019-10-15 14:30:00,app_store,6,apple_search_ads,2019-10-06 13:20:05,paid_search_nonbrand,2019-10-15 12:09:08,rewards_terms,Regular credit-led,544.420345,1471.0,12.0,0.5040112710608029,True,True
1512,s_000201,4923,2019-09-19 08:38:00,search,6,paid_search_nonbrand,2019-08-20 00:32:26,paid_search_brand,2019-09-19 02:11:35,brand_exact,Regular credit-led,581.23068,1134.0,12.0,0.5705036920107274,True,True
1517,s_000844,1634,2020-02-04 21:33:00,social_media,5,paid_search_brand,2020-01-11 22:00:53,direct,2020-02-03 18:51:56,none,Regular credit-led,721.759125,986.0,12.0,0.5826953994108893,True,True
1522,s_000432,5316,2016-10-03 22:21:00,friend_or_family,5,paid_social_meta,2016-09-13 07:00:50,paid_search_brand,2016-10-02 10:02:35,brand_phrase,No purchases in window,0.0,0.0,0.0,0.0,False,False
1523,s_000780,4061,2017-07-07 13:20:00,search,3,microsoft_ads,2017-06-03 21:25:54,paid_search_brand,2017-07-04 14:18:09,brand_phrase,Regular credit-led,324.922785,839.0,12.0,0.5414930805336423,True,True
1524,s_000352,512,2020-01-05 12:52:00,blog_or_review_site,2,paid_search_nonbrand,2019-12-02 13:05:57,direct,2019-12-05 19:49:42,none,No purchases in window,0.0,0.0,0.0,0.0,False,False
1527,s_001401,2366,2017-03-27 12:36:00,social_media,2,paid_social_reddit,2017-02-28 02:13:12,paid_search_brand,2017-03-04 01:22:05,brand_exact,Regular credit-led,804.3723,820.0,12.0,1.0,True,True
1532,s_000484,1560,2020-02-18 14:15:00,friend_or_family,6,microsoft_ads,2020-01-21 00:33:00,paid_search_brand,2020-02-16 23:15:11,brand_phrase,No purchases in window,0.0,0.0,0.0,0.0,False,False
1539,s_000689,1600,2020-02-03 18:55:00,search,2,organic_search,2019-12-22 23:27:34,paid_search_brand,2020-02-01 23:05:57,brand_exact,No purchases in window,0.0,0.0,0.0,0.0,False,False
1542,s_001416,932,2020-01-04 11:18:00,search,5,microsoft_ads,2019-12-07 16:37:34,organic_search,2019-12-25 01:22:43,organic,Regular debit/prepaid-led,0.0,576.0,12.0,0.0,True,False
1543,s_000202,4473,2018-08-17 22:18:00,social_media,1,microsoft_ads,2018-07-06 06:02:08,microsoft_ads,2018-07-06 06:02:08,bing_generic,Regular credit-led,1334.8657,2104.0,12.0,0.5309100372151883,True,True
1544,s_000521,352,2016-01-23 17:59:00,search,2,organic_search,2016-01-12 00:03:40,paid_search_brand,2016-01-23 04:01:37,brand_phrase,Regular credit-led,861.325745,1257.0,12.0,0.5462651090963218,True,True
1545,s_001535,419,2020-01-03 15:47:00,search,2,microsoft_ads,2019-12-30 00:38:43,paid_social_meta,2019-12-30 23:12:42,prospecting_lal,No purchases in window,0.0,0.0,0.0,0.0,False,False
1547,s_000629,3630,2018-06-20 09:12:00,friend_or_family,6,microsoft_ads,2018-05-09 21:17:07,direct,2018-06-19 08:08:04,none,No purchases in window,0.0,0.0,0.0,0.0,False,False
1548,s_000686,2377,2018-03-07 14:06:00,social_media,5,apple_search_ads,2018-02-17 08:32:49,direct,2018-03-07 13:06:50,none,No purchases in window,0.0,0.0,0.0,0.0,False,False
1550,s_001340,689,2020-01-20 13:11:00,social_media,8,microsoft_ads,2019-12-22 19:55:02,direct,2020-01-20 06:26:05,none,No purchases in window,0.0,0.0,0.0,0.0,False,False
1551,s_001011,2389,2019-03-14 09:17:00,podcast_or_youtube,3,organic_search,2019-02-06 20:40:19,paid_search_brand,2019-03-04 17:38:50,brand_exact,Regular credit-led,1170.981625,1462.0,12.0,0.5851237195127222,True,True
1552,s_000859,3184,2016-05-18 16:21:00,search,5,paid_search_nonbrand,2016-05-05 14:03:18,paid_search_brand,2016-05-15 14:01:23,brand_exact,Regular debit/prepaid-led,170.159455,676.0,12.0,0.0,True,False
1553,s_001406,929,2020-01-18 13:42:00,other,4,microsoft_ads,2019-12-31 07:48:42,paid_search_nonbrand,2020-01-08 12:29:14,compare_cards,No purchases in window,0.0,0.0,0.0,0.0,False,False
1555,s_000718,3190,2017-05-01 21:29:00,search,4,organic_search,2017-03-19 02:57:26,direct,2017-05-01 13:18:57,none,Regular credit-led,534.45654,469.0,12.0,0.8887712226651533,True,True
1556,s_001241,412,2020-01-07 12:46:00,social_media,3,paid_search_nonbrand,2019-11-26 03:19:56,paid_search_brand,2019-12-27 00:20:03,brand_phrase,Regular debit/prepaid-led,71.10326,440.0,12.0,0.0,True,False
1560,s_000214,2767,2017-04-15 12:52:00,other,5,direct,2017-04-13 22:26:43,direct,2017-04-15 00:14:20,none,Regular credit-led,343.43787499999996,507.0,12.0,0.5411067702053088,True,True
1570,s_000469,534,2020-01-22 11:41:00,blog_or_review_site,9,affiliate,2020-01-11 18:47:25,paid_search_brand,2020-01-22 06:42:13,brand_exact,No purchases in window,0.0,0.0,0.0,0.0,False,False
1573,s_001369,1432,2020-02-21 15:22:00,search,7,microsoft_ads,2020-01-15 10:35:00,direct,2020-02-21 02:51:26,none,No purchases in window,0.0,0.0,0.0,0.0,False,False
1574,s_000416,1552,2020-02-20 13:10:00,friend_or_family,1,paid_social_meta,2020-02-02 14:41:20,paid_social_meta,2020-02-02 14:41:20,prospecting_lal,No purchases in window,0.0,0.0,0.0,0.0,False,False
1575,s_000364,3635,2018-06-24 22:43:00,friend_or_family,4,paid_search_nonbrand,2018-05-15 06:15:53,direct,2018-06-23 23:35:47,none,Regular debit/prepaid-led,535.77901,2940.0,12.0,0.0,True,False
1576,s_000253,380,2019-01-19 14:14:00,blog_or_review_site,4,affiliate,2019-01-03 13:27:45,paid_social_meta,2019-01-18 14:59:39,spring_launch,Regular debit/prepaid-led,156.3815,1396.0,12.0,0.0,True,False
1578,s_000870,5331,2018-10-09 11:48:00,blog_or_review_site,6,affiliate,2018-08-25 20:16:38,paid_social_meta,2018-09-29 11:45:33,prospecting_lal,No purchases in window,0.0,0.0,0.0,0.0,False,False
1580,s_000465,1829,2020-02-01 17:06:00,friend_or_family,7,paid_search_nonbrand,2020-01-18 02:51:29,organic_search,2020-02-01 01:12:12,organic,No purchases in window,0.0,0.0,0.0,0.0,False,False
1583,s_000676,5724,2016-11-05 14:20:00,friend_or_family,5,referral,2016-10-28 08:52:59,paid_search_brand,2016-11-04 09:48:13,brand_phrase,Regular debit/prepaid-led,0.0,842.0,12.0,0.0,True,False
1586,s_000186,1365,2016-02-01 20:41:00,search,5,organic_search,2016-01-09 00:08:41,direct,2016-02-01 12:10:28,none,Regular credit-led,771.716115,1109.0,12.0,0.5496183368422604,True,True
1587,s_000545,807,2020-01-15 15:12:00,search,5,microsoft_ads,2019-12-26 07:14:02,paid_search_brand,2020-01-11 12:35:21,brand_exact,Regular credit-led,1466.16661,1211.0,12.0,0.6426660717624522,True,True
1589,s_001020,4913,2017-09-21 12:30:00,blog_or_review_site,7,organic_search,2017-08-09 19:48:50,direct,2017-09-19 17:38:03,none,Regular debit/prepaid-led,119.258645,512.0,12.0,0.0,True,False
1591,s_000269,489,2020-01-07 16:25:00,search,2,paid_search_brand,2019-12-03 18:43:56,paid_search_nonbrand,2019-12-17 14:30:11,generic_cards,Regular debit/prepaid-led,679.973465,2223.0,12.0,0.407637701974024,True,False
1592,s_000524,1403,2020-02-02 21:34:00,social_media,7,paid_social_meta,2019-12-23 18:28:51,paid_search_brand,2020-02-02 04:05:12,brand_exact,No purchases in window,0.0,0.0,0.0,0.0,False,False
1593,s_001275,671,2020-01-03 17:48:00,app_store,6,paid_search_brand,2019-12-19 18:31:10,organic_search,2020-01-01 09:29:53,organic,No purchases in window,0.0,0.0,0.0,0.0,False,False
1594,s_000158,6128,2016-12-12 10:38:00,other,3,direct,2016-11-22 03:21:12,organic_search,2016-11-30 16:03:58,organic,Regular debit/prepaid-led,353.005545,898.0,12.0,0.4917599375938633,True,False
1597,s_001379,925,2020-01-15 09:55:00,search,9,paid_search_brand,2019-12-21 20:43:25,paid_social_meta,2020-01-14 14:48:00,prospecting_lal,No purchases in window,0.0,0.0,0.0,0.0,False,False
1598,s_000773,2758,2016-04-10 22:26:00,search,3,microsoft_ads,2016-03-18 19:55:32,direct,2016-04-10 07:19:51,none,Regular debit/prepaid-led,201.834245,463.0,12.0,0.471553996823168,True,False
1599,s_000223,5744,2019-11-03 15:35:00,search,3,organic_search,2019-10-24 20:44:45,organic_search,2019-10-28 08:49:12,organic,No purchases in window,0.0,0.0,0.0,0.0,False,False
1601,s_000556,809,2020-01-15 19:11:00,other,7,direct,2019-12-29 14:02:49,paid_search_nonbrand,2020-01-15 09:30:19,generic_cards,No purchases in window,0.0,0.0,0.0,0.0,False,False
1603,s_000359,2381,2019-03-19 11:52:00,social_media,3,paid_social_reddit,2019-02-11 01:51:13,paid_search_brand,2019-03-18 06:39:43,brand_phrase,Regular debit/prepaid-led,317.01849999999996,1038.0,12.0,0.3569848382369518,True,False
1604,s_000939,3185,2016-05-23 10:33:00,other,7,direct,2016-04-28 13:25:29,paid_search_brand,2016-05-23 02:23:28,brand_exact,Regular debit/prepaid-led,663.019565,2161.0,12.0,0.4111360877211594,True,False
1607,s_001007,1926,2020-02-07 10:19:00,search,4,direct,2020-01-01 03:09:21,direct,2020-02-06 12:37:34,none,No purchases in window,0.0,0.0,0.0,0.0,False,False
1608,s_000365,1539,2020-02-02 13:33:00,search,2,affiliate,2020-01-11 06:11:02,direct,2020-02-01 08:27:16,none,No purchases in window,0.0,0.0,0.0,0.0,False,False
1613,s_000244,1802,2020-02-22 19:19:00,friend_or_family,4,apple_search_ads,2020-01-19 18:14:27,direct,2020-02-20 22:18:44,none,Regular debit/prepaid-led,530.306365,928.0,12.0,0.4698701024395395,True,False
1616,s_001568,2786,2018-04-07 22:47:00,social_media,2,paid_social_meta,2018-03-13 22:12:06,paid_search_brand,2018-04-07 22:13:35,brand_phrase,Regular credit-led,815.67266,1102.0,12.0,0.5608642332787236,True,True
1618,s_001486,5729,2016-11-18 16:04:00,blog_or_review_site,5,paid_search_nonbrand,2016-11-13 19:07:53,paid_search_nonbrand,2016-11-18 13:02:30,compare_cards,Regular debit/prepaid-led,222.301725,1238.0,12.0,0.0,True,False
1619,s_000402,1546,2020-02-07 20:44:00,friend_or_family,3,paid_social_meta,2020-01-29 09:23:51,paid_search_brand,2020-02-07 17:30:56,brand_phrase,Regular credit-led,222.94337,526.0,12.0,0.5229197291039142,True,True
1620,s_000663,1596,2020-02-02 12:19:00,blog_or_review_site,3,affiliate,2020-01-26 18:55:43,paid_search_brand,2020-02-02 03:34:05,brand_phrase,No purchases in window,0.0,0.0,0.0,0.0,False,False
1623,s_001118,1687,2020-02-18 13:01:00,other,2,paid_search_brand,2020-01-21 07:30:34,paid_search_brand,2020-02-17 08:09:30,brand_phrase,Regular credit-led,415.27566,737.0,12.0,1.0,True,True
1624,s_001478,714,2020-01-02 08:01:00,search,4,paid_search_nonbrand,2019-12-09 22:49:02,paid_search_brand,2019-12-31 21:04:42,brand_phrase,No purchases in window,0.0,0.0,0.0,0.0,False,False
1625,s_000176,1497,2020-02-13 19:29:00,search,5,paid_search_nonbrand,2020-01-01 18:14:32,paid_search_brand,2020-02-12 08:37:10,brand_exact,No purchases in window,0.0,0.0,0.0,0.0,False,False
1627,s_001562,1999,2020-02-24 21:04:00,search,2,microsoft_ads,2020-01-19 18:47:30,paid_search_brand,2020-02-23 16:24:08,brand_phrase,No purchases in window,0.0,0.0,0.0,0.0,False,False
1630,s_000836,1412,2020-02-01 19:26:00,app_store,4,apple_search_ads,2020-01-21 16:47:26,paid_search_brand,2020-01-30 22:01:33,brand_exact,No purchases in window,0.0,0.0,0.0,0.0,False,False
1631,s_000066,448,2020-01-23 15:48:00,search,7,apple_search_ads,2019-12-24 20:21:04,paid_search_brand,2020-01-17 20:31:45,brand_phrase,No purchases in window,0.0,0.0,0.0,0.0,False,False
1632,s_001234,903,2020-01-14 16:23:00,blog_or_review_site,5,paid_search_brand,2019-12-27 07:01:24,paid_search_brand,2020-01-12 02:41:19,brand_phrase,No purchases in window,0.0,0.0,0.0,0.0,False,False
1633,s_001274,670,2020-01-11 19:11:00,friend_or_family,5,paid_search_brand,2019-11-28 07:28:25,direct,2020-01-11 00:09:37,none,Regular credit-led,396.113275,907.0,12.0,0.5137608764726012,True,True
1635,s_000950,381,2019-01-17 18:12:00,search,6,paid_search_brand,2018-12-18 21:55:48,paid_search_brand,2019-01-16 05:55:29,brand_exact,Regular debit/prepaid-led,411.54046,1135.0,12.0,0.4673900656624,True,False
1637,s_001263,5319,2016-10-17 09:55:00,friend_or_family,5,organic_search,2016-09-09 22:03:32,paid_search_brand,2016-10-15 17:18:15,brand_exact,No purchases in window,0.0,0.0,0.0,0.0,False,False
1641,s_000644,2368,2017-03-04 20:25:00,blog_or_review_site,3,paid_search_brand,2017-02-07 23:57:51,paid_search_brand,2017-03-04 15:11:39,brand_exact,No purchases in window,0.0,0.0,0.0,0.0,False,False
1643,s_000264,488,2020-01-12 13:50:00,friend_or_family,4,direct,2019-12-16 08:21:18,direct,2020-01-11 20:42:30,none,No purchases in window,0.0,0.0,0.0,0.0,False,False
1644,s_000537,5728,2016-11-13 15:48:00,other,5,direct,2016-10-18 23:54:19,paid_search_brand,2016-11-12 20:09:07,brand_exact,Regular debit/prepaid-led,623.53294,1316.0,12.0,0.4611481696810338,True,False
1645,s_000251,778,2020-01-27 12:40:00,friend_or_family,4,referral,2020-01-01 16:49:16,paid_search_brand,2020-01-27 11:03:40,brand_exact,Regular debit/prepaid-led,135.562795,899.0,12.0,0.0,True,False
1646,s_000913,4045,2016-07-06 20:17:00,social_media,2,paid_social_reddit,2016-05-26 16:39:46,direct,2016-07-06 02:05:20,none,Regular debit/prepaid-led,346.130855,1037.0,12.0,0.4558238066282181,True,False
1647,s_000823,402,2020-01-22 21:51:00,podcast_or_youtube,9,microsoft_ads,2019-12-17 06:02:42,paid_search_brand,2020-01-21 18:53:10,brand_phrase,No purchases in window,0.0,0.0,0.0,0.0,False,False
1650,s_000236,483,2020-01-07 17:42:00,friend_or_family,2,paid_social_reddit,2019-12-12 09:38:25,affiliate,2020-01-06 17:59:07,cashback_portal,No purchases in window,0.0,0.0,0.0,0.0,False,False
1652,s_000809,597,2020-01-15 10:10:00,blog_or_review_site,5,affiliate,2019-12-23 04:58:33,paid_search_brand,2020-01-04 09:54:34,brand_exact,Regular debit/prepaid-led,201.09725,884.0,12.0,0.0,True,False
1654,s_001021,1368,2016-02-05 11:29:00,other,4,paid_search_nonbrand,2016-01-23 11:47:58,paid_search_brand,2016-02-04 15:18:12,brand_phrase,Regular credit-led,1553.234645,2516.0,12.0,0.5166444355566813,True,True
1655,s_001507,947,2020-01-02 10:41:00,blog_or_review_site,6,paid_search_brand,2019-12-13 15:51:23,paid_search_brand,2019-12-31 23:59:32,brand_exact,No purchases in window,0.0,0.0,0.0,0.0,False,False
1656,s_000728,834,2020-01-24 19:40:00,podcast_or_youtube,8,paid_social_meta,2019-12-21 20:26:34,direct,2020-01-24 07:01:32,none,Regular debit/prepaid-led,144.60274,649.0,12.0,0.0,True,False
1658,s_000282,493,2020-01-08 22:02:00,blog_or_review_site,6,paid_social_meta,2019-12-25 14:49:38,paid_search_brand,2020-01-04 17:22:41,brand_phrase,No purchases in window,0.0,0.0,0.0,0.0,False,False
1660,s_000009,4455,2016-08-16 13:51:00,app_store,5,apple_search_ads,2016-07-22 01:57:00,paid_search_nonbrand,2016-08-13 09:18:10,compare_cards,Regular debit/prepaid-led,229.31068,806.0,12.0,0.4112992285571113,True,False
1662,s_000830,360,2017-01-26 11:13:00,search,2,organic_search,2017-01-23 19:50:40,direct,2017-01-25 20:38:53,none,Regular debit/prepaid-led,387.87163,1607.0,12.0,0.0,True,False
1663,s_000871,847,2020-01-27 19:33:00,friend_or_family,6,paid_social_meta,2020-01-19 09:42:35,paid_search_brand,2020-01-26 18:02:38,brand_phrase,No purchases in window,0.0,0.0,0.0,0.0,False,False
1665,s_001267,910,2020-01-21 20:51:00,search,3,paid_search_brand,2019-12-23 16:05:38,paid_search_brand,2020-01-21 10:27:58,brand_phrase,No purchases in window,0.0,0.0,0.0,0.0,False,False
1666,s_000681,829,2020-01-03 14:54:00,social_media,6,paid_social_meta,2019-11-20 13:19:03,paid_search_brand,2020-01-02 22:30:19,brand_exact,Regular debit/prepaid-led,294.279695,1325.0,12.0,0.0,True,False
1667,s_000561,554,2020-01-08 11:56:00,social_media,3,affiliate,2020-01-07 03:35:02,organic_search,2020-01-08 10:09:08,organic,No purchases in window,0.0,0.0,0.0,0.0,False,False
1670,s_000348,4482,2019-08-15 10:49:00,search,7,microsoft_ads,2019-07-29 00:41:14,direct,2019-08-15 06:28:35,none,Regular credit-led,590.84555,863.0,12.0,0.6668465737764236,True,True
1672,s_001013,623,2020-01-26 11:23:00,social_media,6,paid_social_meta,2019-12-28 11:18:18,paid_social_reddit,2020-01-25 01:38:42,r_churning,Regular debit/prepaid-led,0.0,805.0,12.0,0.0,True,False
1673,s_000100,2777,2018-04-11 20:14:00,blog_or_review_site,4,affiliate,2018-03-07 22:50:15,paid_search_brand,2018-04-11 14:14:03,brand_exact,No purchases in window,0.0,0.0,0.0,0.0,False,False
1675,s_000647,2372,2018-03-24 20:32:00,friend_or_family,6,referral,2018-03-04 10:23:12,direct,2018-03-16 14:12:00,none,Regular debit/prepaid-led,204.75237,839.0,12.0,0.0,True,False
1679,s_000007,1459,2020-02-10 18:44:00,search,5,paid_search_nonbrand,2020-01-17 01:21:25,paid_social_meta,2020-02-03 13:51:58,spring_launch,No purchases in window,0.0,0.0,0.0,0.0,False,False
1680,s_000528,5325,2017-10-22 14:23:00,blog_or_review_site,5,affiliate,2017-10-18 10:20:31,direct,2017-10-22 09:15:39,none,Regular debit/prepaid-led,195.34983,850.0,12.0,0.0,True,False
1681,s_001441,938,2020-01-04 17:21:00,search,3,paid_search_brand,2020-01-02 00:36:42,paid_search_brand,2020-01-03 22:47:22,brand_phrase,No purchases in window,0.0,0.0,0.0,0.0,False,False
1688,s_000819,4916,2018-09-26 14:13:00,blog_or_review_site,3,affiliate,2018-08-18 20:25:28,paid_search_brand,2018-09-24 16:39:45,brand_exact,No purchases in window,0.0,0.0,0.0,0.0,False,False
1689,s_000026,6132,2017-12-24 18:12:00,search,5,organic_search,2017-12-18 22:59:18,direct,2017-12-23 13:07:22,none,No purchases in window,0.0,0.0,0.0,0.0,False,False
1690,s_001333,686,2020-01-05 12:31:00,social_media,4,paid_social_meta,2019-12-24 01:42:07,paid_search_brand,2020-01-05 07:47:55,brand_phrase,No purchases in window,0.0,0.0,0.0,0.0,False,False
1691,s_000460,533,2020-01-08 16:27:00,search,4,organic_search,2019-12-26 23:37:08,organic_search,2020-01-05 02:07:50,organic,No purchases in window,0.0,0.0,0.0,0.0,False,False
1698,s_001356,2390,2019-03-10 15:13:00,podcast_or_youtube,1,paid_search_nonbrand,2019-02-22 03:53:06,paid_search_nonbrand,2019-02-22 03:53:06,rewards_terms,No purchases in window,0.0,0.0,0.0,0.0,False,False
1706,s_001161,410,2020-01-08 15:52:00,search,3,paid_search_brand,2020-01-03 05:55:27,paid_search_brand,2020-01-07 18:19:47,brand_phrase,No purchases in window,0.0,0.0,0.0,0.0,False,False
1708,s_001434,704,2020-01-16 12:28:00,search,6,microsoft_ads,2019-12-13 11:51:40,direct,2020-01-14 15:37:09,none,No purchases in window,0.0,0.0,0.0,0.0,False,False
1710,s_001166,1363,2016-02-26 10:38:00,social_media,7,referral,2016-02-13 08:04:44,direct,2016-02-25 08:52:20,none,Regular debit/prepaid-led,345.7888,652.0,12.0,0.492029537943996,True,False
1711,s_000002,744,2020-01-06 10:32:00,search,4,paid_search_nonbrand,2019-12-14 00:18:13,paid_search_brand,2020-01-05 13:06:51,brand_phrase,No purchases in window,0.0,0.0,0.0,0.0,False,False
1712,s_000838,4056,2017-07-08 12:33:00,other,1,referral,2017-06-14 23:11:25,referral,2017-06-14 23:11:25,refer_a_friend,Regular debit/prepaid-led,384.12913,1694.0,12.0,0.0,True,False
1713,s_000486,1835,2020-02-25 22:44:00,blog_or_review_site,2,affiliate,2020-01-25 11:19:35,paid_search_brand,2020-02-25 15:09:06,brand_phrase,No purchases in window,0.0,0.0,0.0,0.0,False,False
1714,s_001029,1421,2020-02-10 15:55:00,friend_or_family,6,apple_search_ads,2019-12-30 03:51:26,direct,2020-02-09 14:35:07,none,No purchases in window,0.0,0.0,0.0,0.0,False,False
1715,s_001006,1660,2020-02-27 10:14:00,blog_or_review_site,6,affiliate,2020-01-17 03:20:23,paid_search_brand,2020-02-17 01:28:52,brand_exact,No purchases in window,0.0,0.0,0.0,0.0,False,False
1716,s_001223,1953,2020-02-18 18:16:00,podcast_or_youtube,5,organic_search,2020-01-24 18:55:37,direct,2020-02-18 08:47:05,none,No purchases in window,0.0,0.0,0.0,0.0,False,False
1717,s_001375,6122,2016-12-04 20:26:00,search,7,microsoft_ads,2016-10-22 15:26:07,paid_search_brand,2016-12-04 06:33:49,brand_phrase,Regular debit/prepaid-led,492.783765,2099.0,12.0,0.0,True,False
1718,s_000001,2379,2019-03-21 17:44:00,social_media,6,paid_search_brand,2019-03-10 19:40:20,paid_search_brand,2019-03-16 22:15:16,brand_exact,Regular debit/prepaid-led,572.33106,2517.0,12.0,0.0,True,False
1721,s_000843,3610,2016-06-03 08:53:00,blog_or_review_site,6,affiliate,2016-05-28 07:22:25,paid_search_brand,2016-06-02 15:42:56,brand_exact,No purchases in window,0.0,0.0,0.0,0.0,False,False
1724,s_000357,5337,2019-10-14 10:58:00,social_media,4,paid_social_meta,2019-09-30 07:30:57,paid_search_nonbrand,2019-10-13 13:48:39,rewards_terms,No purchases in window,0.0,0.0,0.0,0.0,False,False
1727,s_000453,1379,2018-02-04 22:30:00,friend_or_family,5,referral,2018-01-10 21:35:07,direct,2018-01-30 06:41:19,none,Regular debit/prepaid-led,428.67189,2437.0,12.0,0.0,True,False
1730,s_001232,357,2016-01-05 08:43:00,social_media,5,paid_social_meta,2016-01-01 16:41:53,paid_search_brand,2016-01-04 12:27:01,brand_phrase,Regular debit/prepaid-led,285.8356,1302.0,12.0,0.0,True,False
1734,s_000086,451,2020-01-01 15:30:00,social_media,4,paid_search_brand,2019-12-12 20:51:13,direct,2019-12-30 21:19:23,none,No purchases in window,0.0,0.0,0.0,0.0,False,False
1735,s_001571,4053,2017-07-02 22:45:00,social_media,6,paid_social_meta,2017-06-12 22:45:14,direct,2017-06-29 00:50:45,none,Regular debit/prepaid-led,328.90581000000003,807.0,12.0,0.4592767391702976,True,False
1737,s_000991,3618,2017-06-10 14:11:00,social_media,2,organic_search,2017-06-01 07:48:30,paid_search_brand,2017-06-10 07:50:25,brand_exact,Regular debit/prepaid-led,241.59041,1085.0,12.0,0.0,True,False
1738,s_000060,751,2020-01-05 10:26:00,friend_or_family,4,affiliate,2019-12-07 12:41:38,paid_social_meta,2020-01-05 05:41:14,spring_launch,No purchases in window,0.0,0.0,0.0,0.0,False,False
1740,s_000591,2382,2019-03-23 20:14:00,podcast_or_youtube,3,affiliate,2019-03-04 19:04:00,paid_search_brand,2019-03-22 22:31:47,brand_phrase,Occasional users (<9 months),162.886745,702.0,8.0,0.0,False,False
1743,s_001431,935,2020-01-02 17:30:00,search,3,paid_search_brand,2019-11-25 08:32:39,direct,2020-01-01 16:09:36,none,No purchases in window,0.0,0.0,0.0,0.0,False,False
1745,s_000145,467,2020-01-02 16:01:00,search,3,paid_social_meta,2019-12-17 03:11:40,paid_search_brand,2019-12-29 05:04:36,brand_phrase,No purchases in window,0.0,0.0,0.0,0.0,False,False
1747,s_000010,4895,2016-09-25 15:49:00,blog_or_review_site,3,affiliate,2016-09-11 10:46:56,paid_search_brand,2016-09-24 18:33:31,brand_phrase,No purchases in window,0.0,0.0,0.0,0.0,False,False
1751,s_000391,792,2020-01-15 14:43:00,friend_or_family,5,paid_search_nonbrand,2019-12-25 04:01:44,paid_search_brand,2020-01-13 22:00:22,brand_phrase,No purchases in window,0.0,0.0,0.0,0.0,False,False
1759,s_001231,377,2018-01-24 09:55:00,friend_or_family,3,referral,2018-01-11 00:11:54,paid_social_meta,2018-01-23 22:13:41,prospecting_lal,Regular debit/prepaid-led,798.567995,1924.0,12.0,0.4728295982474549,True,False
1760,s_000559,1575,2020-02-10 14:06:00,search,9,paid_social_meta,2020-01-05 23:13:06,paid_search_brand,2020-02-08 16:46:10,brand_phrase,No purchases in window,0.0,0.0,0.0,0.0,False,False
1761,s_001349,691,2020-01-12 09:00:00,social_media,7,paid_social_meta,2019-12-25 07:27:35,paid_search_brand,2020-01-11 03:21:05,brand_phrase,No purchases in window,0.0,0.0,0.0,0.0,False,False
1763,s_001128,643,2020-01-16 22:36:00,blog_or_review_site,6,affiliate,2019-12-03 04:02:38,paid_search_brand,2020-01-15 15:14:45,brand_phrase,Regular debit/prepaid-led,202.38475,894.0,12.0,0.0,True,False
1764,s_000816,4900,2016-09-17 12:09:00,friend_or_family,2,referral,2016-09-03 22:04:00,direct,2016-09-11 07:46:23,none,Regular credit-led,339.61856,588.0,12.0,0.557480550647782,True,True
1767,s_001209,898,2020-01-13 20:47:00,friend_or_family,6,apple_search_ads,2019-12-19 05:17:01,paid_search_brand,2020-01-12 02:42:12,brand_exact,No purchases in window,0.0,0.0,0.0,0.0,False,False
1768,s_000640,1864,2020-02-14 09:22:00,other,3,direct,2020-01-18 08:31:48,direct,2020-02-13 21:09:28,none,No purchases in window,0.0,0.0,0.0,0.0,False,False
1769,s_000134,375,2018-01-18 17:05:00,app_store,6,apple_search_ads,2017-12-14 15:20:02,paid_social_meta,2018-01-12 05:48:45,retargeting_site,Regular debit/prepaid-led,547.4055099999999,1752.0,12.0,0.4293606266317005,True,False
1770,s_000518,1402,2020-02-01 14:53:00,search,3,paid_search_nonbrand,2020-01-04 18:48:57,paid_social_meta,2020-01-29 03:19:17,retargeting_site,Regular debit/prepaid-led,214.457295,941.0,12.0,0.0,True,False
1773,s_001543,1996,2020-02-13 09:17:00,other,2,affiliate,2020-01-30 03:50:00,paid_search_brand,2020-02-12 14:43:24,brand_phrase,No purchases in window,0.0,0.0,0.0,0.0,False,False
1775,s_000098,5743,2019-11-19 10:30:00,social_media,4,affiliate,2019-10-21 13:48:43,paid_search_brand,2019-11-18 03:38:26,brand_phrase,Regular debit/prepaid-led,607.867355,2635.0,12.0,0.0,True,False
1776,s_000349,511,2020-01-16 15:22:00,search,4,affiliate,2019-12-25 01:14:08,paid_search_brand,2020-01-16 02:17:21,brand_exact,Regular credit-led,2423.8971,3590.0,12.0,1.0,True,True
1778,s_000541,551,2020-01-25 21:56:00,blog_or_review_site,6,microsoft_ads,2019-12-27 18:42:00,direct,2020-01-25 03:23:10,none,No purchases in window,0.0,0.0,0.0,0.0,False,False
1780,s_000027,6126,2016-12-09 20:20:00,social_media,1,paid_social_meta,2016-10-27 23:13:11,paid_social_meta,2016-10-27 23:13:11,retargeting_site,No purchases in window,0.0,0.0,0.0,0.0,False,False
1781,s_001504,723,2020-01-14 21:16:00,social_media,6,organic_search,2019-12-08 15:41:02,direct,2020-01-12 14:33:57,none,Regular debit/prepaid-led,129.386345,576.0,12.0,0.0,True,False
1789,s_000353,367,2018-01-18 22:35:00,search,3,organic_search,2017-12-13 12:06:17,direct,2017-12-30 22:30:04,none,Regular debit/prepaid-led,236.69578,1029.0,12.0,0.0,True,False
1790,s_001517,726,2020-01-02 09:40:00,social_media,6,paid_social_meta,2019-11-30 21:25:05,paid_search_brand,2019-12-31 21:30:42,brand_exact,No purchases in window,0.0,0.0,0.0,0.0,False,False
1792,s_000221,478,2020-01-06 09:47:00,social_media,2,apple_search_ads,2019-11-26 18:23:12,paid_search_nonbrand,2019-12-22 01:51:42,generic_cards,No purchases in window,0.0,0.0,0.0,0.0,False,False
1793,s_001184,4044,2016-07-14 17:35:00,friend_or_family,3,referral,2016-07-06 05:18:52,paid_search_brand,2016-07-13 04:59:24,brand_phrase,Regular credit-led,169.95168,445.0,12.0,0.5776660673541293,True,True
1795,s_000656,399,2020-01-08 18:01:00,friend_or_family,6,paid_social_meta,2019-12-01 09:16:24,direct,2020-01-07 13:50:07,none,No purchases in window,0.0,0.0,0.0,0.0,False,False
1799,s_000120,1782,2020-02-02 15:11:00,social_media,2,paid_social_meta,2019-12-20 21:20:50,direct,2020-02-01 14:24:36,none,Regular debit/prepaid-led,418.695665,1813.0,12.0,0.0,True,False
1801,s_001297,677,2020-01-07 19:49:00,social_media,6,microsoft_ads,2020-01-05 18:47:01,organic_search,2020-01-07 17:38:22,organic,No purchases in window,0.0,0.0,0.0,0.0,False,False
1803,s_000159,1494,2020-02-19 12:06:00,search,6,organic_search,2020-02-15 09:15:30,paid_search_nonbrand,2020-02-18 17:42:16,compare_cards,No purchases in window,0.0,0.0,0.0,0.0,False,False
1804,s_000195,476,2020-01-18 08:13:00,search,13,paid_search_nonbrand,2019-12-18 17:08:01,paid_search_brand,2020-01-17 08:16:12,brand_exact,No purchases in window,0.0,0.0,0.0,0.0,False,False
1805,s_001569,1763,2020-02-22 09:17:00,social_media,5,paid_social_meta,2020-02-02 17:20:25,paid_search_brand,2020-02-22 03:50:08,brand_phrase,Regular credit-led,341.10594,760.0,12.0,1.0,True,True
1808,s_001222,662,2020-01-12 19:36:00,app_store,6,apple_search_ads,2019-12-13 16:19:14,paid_search_brand,2020-01-12 11:16:40,brand_exact,Regular debit/prepaid-led,320.861535,708.0,12.0,0.4569759643023351,True,False
1809,s_000517,370,2018-01-09 17:12:00,other,4,direct,2017-12-11 02:45:04,paid_search_brand,2018-01-08 02:07:32,brand_phrase,Regular credit-led,944.005345,1790.0,12.0,0.5817093970376982,True,True
1811,s_001370,4894,2016-09-06 19:40:00,search,5,organic_search,2016-08-15 01:35:56,organic_search,2016-09-03 03:44:35,organic,Regular credit-led,1278.92254,1842.0,12.0,0.5855603346589807,True,True
1812,s_000630,564,2020-01-19 20:39:00,blog_or_review_site,3,affiliate,2019-12-08 15:03:52,paid_search_brand,2020-01-17 22:40:46,brand_phrase,Regular debit/prepaid-led,286.78131,1139.0,12.0,0.0,True,False
1814,s_000191,2761,2016-04-20 09:58:00,other,2,direct,2016-03-26 01:51:12,paid_search_brand,2016-04-18 22:54:07,brand_exact,No purchases in window,0.0,0.0,0.0,0.0,False,False
1819,s_001410,1979,2020-02-05 12:32:00,search,8,microsoft_ads,2020-01-03 21:24:34,microsoft_ads,2020-02-05 03:54:56,bing_generic,No purchases in window,0.0,0.0,0.0,0.0,False,False
1821,s_000659,568,2020-01-02 12:09:00,blog_or_review_site,8,affiliate,2019-12-15 07:03:53,paid_search_brand,2020-01-02 09:48:03,brand_phrase,No purchases in window,0.0,0.0,0.0,0.0,False,False
1822,s_000712,1608,2020-02-23 15:13:00,friend_or_family,5,organic_search,2020-02-13 12:28:23,paid_search_brand,2020-02-22 17:52:22,brand_phrase,No purchases in window,0.0,0.0,0.0,0.0,False,False
1823,s_000974,4048,2016-07-25 19:53:00,search,6,paid_search_nonbrand,2016-06-30 23:12:46,direct,2016-07-25 03:15:41,none,Regular credit-led,853.925515,939.0,12.0,0.5704487483850307,True,True
1824,s_000162,5721,2016-11-23 16:40:00,search,4,paid_search_brand,2016-11-19 07:24:15,direct,2016-11-23 01:25:28,none,No purchases in window,0.0,0.0,0.0,0.0,False,False
1827,s_001309,5727,2016-11-16 08:09:00,other,4,direct,2016-11-01 06:33:43,paid_search_brand,2016-11-15 03:37:42,brand_phrase,Regular credit-led,763.25939,1102.0,12.0,0.5160094711254367,True,True
1828,s_000207,2782,2018-04-08 21:36:00,friend_or_family,6,organic_search,2018-03-12 04:44:05,direct,2018-04-08 03:13:57,none,No purchases in window,0.0,0.0,0.0,0.0,False,False
1829,s_001152,356,2016-01-24 12:44:00,friend_or_family,6,affiliate,2016-01-03 14:18:00,paid_search_brand,2016-01-24 11:42:00,brand_phrase,No purchases in window,0.0,0.0,0.0,0.0,False,False
1830,s_000817,599,2020-01-03 17:40:00,other,5,paid_social_reddit,2019-12-31 20:06:31,paid_social_meta,2020-01-03 02:42:45,retargeting_site,Regular debit/prepaid-led,495.02624,1031.0,12.0,0.4321980472246738,True,False
1831,s_001363,437,2020-01-15 10:13:00,social_media,12,paid_social_meta,2019-12-03 02:49:01,direct,2020-01-14 07:39:52,none,No purchases in window,0.0,0.0,0.0,0.0,False,False
1833,s_000395,6118,2016-12-23 21:18:00,social_media,6,paid_search_brand,2016-11-19 12:15:57,direct,2016-12-22 00:00:17,none,Regular debit/prepaid-led,229.84451,990.0,12.0,0.0,True,False
1835,s_001300,678,2020-01-27 21:49:00,blog_or_review_site,1,affiliate,2020-01-23 22:11:38,affiliate,2020-01-23 22:11:38,comparison_site,No purchases in window,0.0,0.0,0.0,0.0,False,False
1838,s_000583,1583,2020-02-06 21:11:00,blog_or_review_site,3,affiliate,2020-01-19 20:00:58,paid_search_brand,2020-02-05 00:59:28,brand_exact,No purchases in window,0.0,0.0,0.0,0.0,False,False
1841,s_001211,1374,2017-02-21 12:09:00,social_media,2,paid_social_meta,2017-02-11 13:37:40,direct,2017-02-19 21:24:58,none,No purchases in window,0.0,0.0,0.0,0.0,False,False
1845,s_000742,1409,2020-02-10 12:42:00,social_media,3,paid_social_meta,2020-01-03 12:28:02,direct,2020-01-27 23:03:11,none,No purchases in window,0.0,0.0,0.0,0.0,False,False
1846,s_001186,2373,2018-03-11 11:12:00,social_media,4,affiliate,2018-02-07 15:25:30,paid_search_brand,2018-03-11 01:22:02,brand_phrase,Regular credit-led,333.02718,651.0,12.0,1.0,True,True
1847,s_000914,1644,2020-02-05 10:50:00,search,2,paid_search_nonbrand,2020-02-01 00:52:37,organic_search,2020-02-02 06:04:30,organic,No purchases in window,0.0,0.0,0.0,0.0,False,False
1848,s_000833,602,2020-01-02 11:16:00,friend_or_family,2,affiliate,2019-12-30 21:48:27,direct,2019-12-30 23:07:36,none,No purchases in window,0.0,0.0,0.0,0.0,False,False
1850,s_001220,1708,2020-02-21 17:50:00,search,3,organic_search,2020-01-21 08:44:04,paid_search_brand,2020-01-26 13:21:40,brand_phrase,No purchases in window,0.0,0.0,0.0,0.0,False,False
1852,s_000030,6127,2016-12-01 20:36:00,app_store,1,apple_search_ads,2016-10-17 00:55:50,apple_search_ads,2016-10-17 00:55:50,asa_exact,Regular credit-led,809.45585,1750.0,12.0,0.5280122485891912,True,True
1855,s_000856,1903,2020-02-28 13:31:00,search,5,paid_search_brand,2020-02-03 11:47:44,paid_search_brand,2020-02-27 14:57:18,brand_exact,Regular credit-led,570.12327,860.0,12.0,0.5533125954696607,True,True
1856,s_001264,4050,2016-07-06 18:52:00,social_media,5,paid_social_meta,2016-06-04 11:57:08,paid_social_meta,2016-06-29 06:25:11,spring_launch,Regular debit/prepaid-led,106.434815,829.0,12.0,0.0,True,False
1857,s_001206,896,2020-01-26 21:02:00,blog_or_review_site,1,affiliate,2020-01-24 17:29:10,affiliate,2020-01-24 17:29:10,partner_blog,Regular credit-led,950.3638,1175.0,12.0,0.5939485124833355,True,True
1860,s_000474,1832,2020-02-18 14:58:00,search,7,organic_search,2020-01-09 12:02:44,paid_search_brand,2020-02-17 01:34:13,brand_phrase,No purchases in window,0.0,0.0,0.0,0.0,False,False
1861,s_000850,4898,2016-09-01 14:31:00,friend_or_family,5,referral,2016-08-13 02:45:42,organic_search,2016-08-22 09:38:23,organic,Regular credit-led,453.686215,735.0,12.0,0.5425377125639893,True,True
1862,s_001219,4049,2016-07-11 12:08:00,social_media,3,paid_social_meta,2016-06-03 04:55:18,direct,2016-07-09 12:35:12,none,Regular credit-led,628.35588,1300.0,12.0,1.0,True,True
1864,s_000639,823,2020-01-27 20:29:00,search,3,paid_search_nonbrand,2019-12-20 22:40:35,paid_social_reddit,2020-01-26 18:34:37,r_churning,No purchases in window,0.0,0.0,0.0,0.0,False,False
1865,s_000505,1565,2020-02-24 19:18:00,blog_or_review_site,5,affiliate,2020-02-06 19:26:00,paid_social_meta,2020-02-24 11:09:31,spring_launch,No purchases in window,0.0,0.0,0.0,0.0,False,False
1866,s_000076,1778,2020-02-14 22:53:00,blog_or_review_site,6,affiliate,2020-01-09 20:31:35,paid_social_reddit,2020-02-05 18:47:19,r_personalfinance,No purchases in window,0.0,0.0,0.0,0.0,False,False
1868,s_001083,880,2020-01-05 12:18:00,search,5,paid_search_nonbrand,2019-11-26 02:01:23,direct,2020-01-04 04:08:05,none,No purchases in window,0.0,0.0,0.0,0.0,False,False
1869,s_001089,881,2020-01-10 11:48:00,search,4,organic_search,2019-12-06 22:32:48,paid_search_brand,2020-01-08 12:44:01,brand_phrase,No purchases in window,0.0,0.0,0.0,0.0,False,False
1870,s_000936,1647,2020-02-02 13:10:00,blog_or_review_site,7,microsoft_ads,2020-01-06 20:04:29,organic_search,2020-02-02 02:25:46,organic,No purchases in window,0.0,0.0,0.0,0.0,False,False
1871,s_000841,4470,2018-08-01 15:06:00,search,4,affiliate,2018-07-20 04:15:49,paid_search_brand,2018-07-31 00:46:30,brand_phrase,Regular debit/prepaid-led,191.268925,822.0,12.0,0.0,True,False
1875,s_000410,5731,2017-11-06 13:31:00,blog_or_review_site,5,affiliate,2017-09-25 18:37:57,paid_search_brand,2017-11-05 23:39:31,brand_exact,Regular debit/prepaid-led,175.74175499999998,732.0,12.0,0.0,True,False
1878,s_000697,1880,2020-02-17 18:29:00,friend_or_family,2,paid_search_nonbrand,2020-01-03 13:59:25,paid_search_brand,2020-01-10 16:20:36,brand_phrase,No purchases in window,0.0,0.0,0.0,0.0,False,False
1880,s_000035,4906,2017-09-13 15:03:00,social_media,6,paid_social_meta,2017-08-23 05:44:14,paid_social_meta,2017-09-07 23:23:09,prospecting_lal,Regular debit/prepaid-led,531.736845,1140.0,12.0,0.4611323662716651,True,False
1881,s_001159,359,2016-01-22 08:57:00,search,5,microsoft_ads,2016-01-02 09:08:13,paid_search_nonbrand,2016-01-19 00:43:45,compare_cards,Regular credit-led,569.863135,1664.0,12.0,0.5449675074143074,True,True
1884,s_000024,443,2020-01-22 15:53:00,blog_or_review_site,5,affiliate,2020-01-19 12:38:44,direct,2020-01-21 12:35:26,none,No purchases in window,0.0,0.0,0.0,0.0,False,False
1886,s_000482,538,2020-01-21 21:24:00,search,12,affiliate,2019-12-13 05:22:37,direct,2020-01-21 20:51:39,none,No purchases in window,0.0,0.0,0.0,0.0,False,False
1887,s_000320,503,2020-01-03 10:17:00,search,6,organic_search,2019-11-30 09:45:54,direct,2019-12-22 11:21:41,none,No purchases in window,0.0,0.0,0.0,0.0,False,False
1890,s_001098,3193,2017-05-25 09:26:00,blog_or_review_site,3,affiliate,2017-05-08 21:40:42,paid_search_brand,2017-05-25 05:28:31,brand_exact,No purchases in window,0.0,0.0,0.0,0.0,False,False
1892,s_001009,867,2020-01-13 08:21:00,other,9,direct,2019-12-23 08:40:47,direct,2020-01-12 15:36:55,none,No purchases in window,0.0,0.0,0.0,0.0,False,False
1893,s_000632,1862,2020-02-06 15:07:00,search,5,organic_search,2019-12-30 13:17:33,paid_search_brand,2020-02-06 06:27:15,brand_exact,No purchases in window,0.0,0.0,0.0,0.0,False,False
1894,s_001546,735,2020-01-16 21:31:00,search,9,paid_search_brand,2019-12-07 04:05:55,direct,2020-01-15 00:55:31,none,No purchases in window,0.0,0.0,0.0,0.0,False,False
1906,s_000938,1648,2020-02-23 17:15:00,search,4,paid_search_nonbrand,2020-01-17 10:05:18,paid_search_brand,2020-02-14 16:24:33,brand_phrase,No purchases in window,0.0,0.0,0.0,0.0,False,False
1907,s_000536,550,2020-01-27 13:42:00,friend_or_family,6,apple_search_ads,2019-12-20 23:33:12,organic_search,2020-01-16 17:09:15,organic,No purchases in window,0.0,0.0,0.0,0.0,False,False
1914,s_000643,566,2020-01-22 12:44:00,friend_or_family,5,apple_search_ads,2019-12-10 13:28:07,paid_search_brand,2020-01-05 05:58:49,brand_exact,No purchases in window,0.0,0.0,0.0,0.0,False,False
1919,s_000797,1624,2020-02-13 22:15:00,podcast_or_youtube,6,paid_search_brand,2019-12-30 17:09:02,organic_search,2020-02-12 07:40:20,organic,Regular credit-led,761.664445,1208.0,12.0,0.5670263468312515,True,True
1923,s_001266,669,2020-01-26 13:53:00,social_media,5,apple_search_ads,2019-12-25 05:18:39,direct,2020-01-24 16:07:42,none,Regular credit-led,539.63226,773.0,12.0,1.0,True,True
1924,s_001291,5330,2018-10-05 15:57:00,social_media,4,paid_search_nonbrand,2018-09-11 20:42:04,direct,2018-10-04 01:49:56,none,No purchases in window,0.0,0.0,0.0,0.0,False,False
1925,s_001328,684,2020-01-08 18:36:00,search,11,affiliate,2019-12-27 15:08:11,microsoft_ads,2020-01-08 00:40:34,bing_brand,No purchases in window,0.0,0.0,0.0,0.0,False,False
1927,s_000281,492,2020-01-08 15:56:00,podcast_or_youtube,6,paid_search_nonbrand,2019-12-08 20:31:02,direct,2020-01-08 06:52:17,none,No purchases in window,0.0,0.0,0.0,0.0,False,False
1928,s_000363,5722,2016-11-20 11:18:00,friend_or_family,6,paid_search_brand,2016-10-23 14:41:42,paid_social_meta,2016-11-18 21:57:47,prospecting_lal,Regular credit-led,561.773975,946.0,12.0,0.5496547345620226,True,True
1929,s_000538,1570,2020-02-13 20:28:00,blog_or_review_site,2,affiliate,2020-02-03 15:46:31,direct,2020-02-12 10:07:52,none,No purchases in window,0.0,0.0,0.0,0.0,False,False
1930,s_000924,613,2020-01-04 10:46:00,friend_or_family,3,paid_social_meta,2019-12-30 07:34:33,paid_social_meta,2020-01-01 08:02:45,spring_launch,No purchases in window,0.0,0.0,0.0,0.0,False,False
1932,s_000287,1522,2020-02-18 15:44:00,search,7,organic_search,2020-01-24 05:02:37,paid_search_brand,2020-02-18 11:56:54,brand_phrase,No purchases in window,0.0,0.0,0.0,0.0,False,False
1933,s_000941,1915,2020-02-03 17:36:00,other,4,paid_search_nonbrand,2020-01-13 15:50:58,paid_search_brand,2020-01-25 14:32:42,brand_phrase,No purchases in window,0.0,0.0,0.0,0.0,False,False
1935,s_000503,542,2020-01-27 13:09:00,social_media,4,paid_social_meta,2020-01-03 16:00:42,affiliate,2020-01-21 05:35:13,comparison_site,No purchases in window,0.0,0.0,0.0,0.0,False,False
1938,s_000044,422,2020-01-21 13:44:00,search,5,paid_social_meta,2020-01-02 22:04:52,direct,2020-01-21 09:44:40,none,No purchases in window,0.0,0.0,0.0,0.0,False,False
1939,s_000725,6135,2018-12-18 12:36:00,blog_or_review_site,4,affiliate,2018-11-26 19:58:52,organic_search,2018-12-08 18:31:44,organic,No purchases in window,0.0,0.0,0.0,0.0,False,False
1943,s_000110,757,2020-01-06 09:09:00,blog_or_review_site,9,paid_search_nonbrand,2019-12-18 00:55:31,paid_search_brand,2020-01-05 16:13:55,brand_phrase,No purchases in window,0.0,0.0,0.0,0.0,False,False
1945,s_000381,3614,2016-06-11 14:45:00,social_media,6,paid_social_meta,2016-06-08 17:37:33,microsoft_ads,2016-06-11 03:25:45,bing_brand,Regular credit-led,249.553155,480.0,12.0,0.5062588565323145,True,True
1948,s_000141,760,2020-01-14 13:32:00,other,3,paid_search_brand,2019-12-08 18:41:09,paid_search_brand,2020-01-12 23:20:39,brand_phrase,No purchases in window,0.0,0.0,0.0,0.0,False,False
1949,s_001158,1941,2020-02-07 15:19:00,other,6,affiliate,2020-01-23 20:03:58,paid_search_brand,2020-02-05 20:25:07,brand_exact,No purchases in window,0.0,0.0,0.0,0.0,False,False
1950,s_000148,5730,2017-11-02 15:34:00,app_store,2,apple_search_ads,2017-10-08 12:26:46,organic_search,2017-10-19 08:50:54,organic,No purchases in window,0.0,0.0,0.0,0.0,False,False
1951,s_000314,3188,2017-05-07 13:43:00,blog_or_review_site,6,paid_social_reddit,2017-04-17 11:05:41,paid_search_brand,2017-05-07 08:14:04,brand_exact,No purchases in window,0.0,0.0,0.0,0.0,False,False
1952,s_000935,617,2020-01-07 10:30:00,blog_or_review_site,7,affiliate,2019-12-25 17:28:26,direct,2020-01-07 05:43:26,none,No purchases in window,0.0,0.0,0.0,0.0,False,False
1953,s_001058,1424,2020-02-16 08:25:00,search,8,paid_search_nonbrand,2020-01-14 02:28:51,paid_social_reddit,2020-02-12 22:55:13,r_personalfinance,No purchases in window,0.0,0.0,0.0,0.0,False,False
1954,s_001327,2387,2019-03-05 10:13:00,other,6,affiliate,2019-02-07 22:59:31,organic_search,2019-03-04 14:46:23,organic,Regular credit-led,1944.061535,1859.0,12.0,0.7427442180298185,True,True
1960,s_000946,1917,2020-02-19 10:36:00,search,6,affiliate,2020-01-25 19:47:20,paid_search_brand,2020-02-15 20:17:34,brand_exact,No purchases in window,0.0,0.0,0.0,0.0,False,False
1961,s_000603,1588,2020-02-17 16:37:00,other,11,paid_search_nonbrand,2020-01-11 16:00:38,direct,2020-02-17 15:06:50,none,No purchases in window,0.0,0.0,0.0,0.0,False,False
1962,s_001468,711,2020-01-28 16:50:00,blog_or_review_site,2,affiliate,2020-01-25 22:49:08,paid_social_meta,2020-01-26 09:58:31,prospecting_lal,Regular debit/prepaid-led,268.069875,1134.0,12.0,0.0,True,False
1963,s_000885,5322,2017-10-14 19:15:00,search,2,paid_search_brand,2017-09-21 09:28:45,direct,2017-10-13 07:53:05,none,Regular debit/prepaid-led,1575.25389,4346.0,12.0,0.4094416218070688,True,False
1965,s_000996,1923,2020-02-18 16:16:00,search,7,paid_search_nonbrand,2020-01-24 18:13:25,paid_search_brand,2020-02-18 01:58:45,brand_phrase,No purchases in window,0.0,0.0,0.0,0.0,False,False
1968,s_000084,1479,2020-02-14 14:57:00,blog_or_review_site,6,affiliate,2020-01-04 09:45:26,organic_search,2020-02-10 05:10:31,organic,No purchases in window,0.0,0.0,0.0,0.0,False,False
1970,s_001062,1425,2020-02-14 15:31:00,friend_or_family,4,paid_social_reddit,2020-01-02 04:11:17,direct,2020-02-13 10:36:16,none,No purchases in window,0.0,0.0,0.0,0.0,False,False
1972,s_001246,5321,2017-10-01 19:23:00,other,5,organic_search,2017-08-28 04:38:00,direct,2017-09-26 15:40:38,none,Regular debit/prepaid-led,292.732615,963.0,12.0,0.4683412067966959,True,False
1976,s_000318,502,2020-01-03 10:21:00,blog_or_review_site,2,affiliate,2019-12-04 15:08:09,direct,2020-01-01 20:22:46,none,Regular debit/prepaid-led,239.05051,1177.0,12.0,0.0,True,False
1978,s_000315,501,2020-01-23 18:57:00,blog_or_review_site,2,affiliate,2019-12-21 17:30:12,paid_search_brand,2020-01-19 09:22:10,brand_phrase,No purchases in window,0.0,0.0,0.0,0.0,False,False
1979,s_000445,1824,2020-02-06 12:53:00,blog_or_review_site,6,affiliate,2020-01-21 17:34:57,organic_search,2020-02-03 16:52:04,organic,Regular debit/prepaid-led,110.84492,449.0,12.0,0.0,True,False
1981,s_000078,3606,2016-06-16 21:10:00,blog_or_review_site,3,affiliate,2016-05-21 05:54:53,paid_search_brand,2016-06-15 13:05:38,brand_phrase,Regular debit/prepaid-led,193.02002,549.0,12.0,0.1617472686111288,True,False
1982,s_001214,1707,2020-02-24 08:42:00,search,7,microsoft_ads,2020-01-11 15:33:35,paid_search_brand,2020-02-24 00:38:49,brand_phrase,No purchases in window,0.0,0.0,0.0,0.0,False,False
1984,s_000650,567,2020-01-18 18:21:00,search,7,paid_search_nonbrand,2019-12-12 23:07:59,paid_search_brand,2020-01-17 00:55:55,brand_exact,No purchases in window,0.0,0.0,0.0,0.0,False,False
1989,s_000771,838,2020-01-10 11:24:00,blog_or_review_site,2,affiliate,2019-12-05 10:43:22,direct,2020-01-09 06:35:54,none,Regular credit-led,1700.059855,1652.0,12.0,0.6983667492669291,True,True
1990,s_000122,1783,2020-02-04 16:00:00,podcast_or_youtube,3,paid_search_brand,2020-01-01 04:11:42,paid_search_nonbrand,2020-02-04 10:22:39,rewards_terms,No purchases in window,0.0,0.0,0.0,0.0,False,False
1991,s_000687,1599,2020-02-21 20:58:00,blog_or_review_site,7,microsoft_ads,2020-02-14 11:49:25,direct,2020-02-21 08:36:54,none,No purchases in window,0.0,0.0,0.0,0.0,False,False
1992,s_001448,5327,2017-10-23 16:02:00,podcast_or_youtube,2,paid_search_brand,2017-09-11 02:39:51,paid_search_brand,2017-10-18 16:07:16,brand_phrase,Regular debit/prepaid-led,266.27021,1548.0,12.0,0.0,True,False
1999,s_001518,1752,2020-02-04 14:01:00,blog_or_review_site,7,affiliate,2020-01-11 17:03:20,direct,2020-02-03 22:44:06,none,No purchases in window,0.0,0.0,0.0,0.0,False,False
