signup_id,client_id,card_id,signup_ts,self_reported_source,n_touches_before,first_touch_channel,first_touch_ts,last_touch_channel,last_touch_ts,last_touch_campaign
s_000001,1718,2379,2019-03-21 17:44:00,social_media,6,paid_search_brand,2019-03-10 19:40:20,paid_search_brand,2019-03-16 22:15:16,brand_exact
s_000002,1711,744,2020-01-06 10:32:00,search,4,paid_search_nonbrand,2019-12-14 00:18:13,paid_search_brand,2020-01-05 13:06:51,brand_phrase
s_000003,1116,4905,2017-09-05 17:10:00,social_media,2,paid_social_meta,2017-08-08 20:10:04,paid_search_brand,2017-09-05 00:12:30,brand_phrase
s_000004,192,1766,2020-02-25 18:19:00,other,3,paid_search_nonbrand,2020-01-18 06:50:27,affiliate,2020-02-23 22:52:16,comparison_site
s_000005,192,1767,2020-02-11 13:06:00,search,2,paid_search_nonbrand,2020-01-18 06:50:27,paid_search_brand,2020-02-10 18:29:43,brand_exact
s_000006,640,745,2020-01-08 20:04:00,social_media,3,organic_search,2019-12-02 19:05:50,direct,2020-01-07 21:49:06,none
s_000007,1679,1459,2020-02-10 18:44:00,search,5,paid_search_nonbrand,2020-01-17 01:21:25,paid_social_meta,2020-02-03 13:51:58,spring_launch
s_000008,1094,1768,2020-02-12 17:17:00,search,5,microsoft_ads,2019-12-31 13:59:44,paid_search_nonbrand,2020-01-11 09:46:04,rewards_terms
s_000009,1660,4455,2016-08-16 13:51:00,app_store,5,apple_search_ads,2016-07-22 01:57:00,paid_search_nonbrand,2016-08-13 09:18:10,compare_cards
s_000010,1747,4895,2016-09-25 15:49:00,blog_or_review_site,3,affiliate,2016-09-11 10:46:56,paid_search_brand,2016-09-24 18:33:31,brand_phrase
s_000011,153,440,2020-01-15 12:48:00,search,3,microsoft_ads,2019-12-08 06:14:18,paid_search_brand,2019-12-31 18:06:54,brand_phrase
s_000012,429,746,2020-01-15 14:27:00,search,8,organic_search,2019-11-24 01:10:15,paid_social_reddit,2020-01-09 20:13:33,r_churning
s_000013,429,1769,2020-02-08 22:51:00,search,15,organic_search,2019-11-24 01:10:15,organic_search,2020-01-31 17:15:14,organic
s_000014,429,421,2020-01-04 20:38:00,search,7,organic_search,2019-11-24 01:10:15,paid_search_brand,2020-01-04 02:47:26,brand_exact
s_000015,309,1460,2020-02-13 15:10:00,friend_or_family,11,organic_search,2020-01-05 01:41:32,organic_search,2020-02-13 11:11:22,organic
s_000016,309,747,2020-01-21 22:17:00,search,8,organic_search,2020-01-05 01:41:32,paid_search_brand,2020-01-20 22:41:44,brand_phrase
s_000017,309,1770,2020-02-03 09:08:00,social_media,8,organic_search,2020-01-05 01:41:32,paid_search_brand,2020-01-20 22:41:44,brand_phrase
s_000018,777,748,2020-01-21 15:40:00,other,8,paid_search_nonbrand,2019-12-15 05:09:04,direct,2020-01-19 16:45:35,none
s_000019,777,441,2020-01-03 21:09:00,search,4,paid_search_nonbrand,2019-12-15 05:09:04,direct,2020-01-02 22:35:20,none
s_000020,482,1461,2020-02-06 20:03:00,other,4,direct,2020-01-26 20:17:15,paid_search_brand,2020-02-04 16:41:22,brand_exact
s_000021,877,442,2020-01-20 13:09:00,search,5,organic_search,2020-01-17 15:13:46,paid_search_brand,2020-01-19 16:42:32,brand_phrase
s_000022,128,1462,2020-02-09 12:40:00,other,6,direct,2020-01-16 02:00:22,organic_search,2020-02-08 00:26:40,organic
s_000023,140,5312,2016-10-28 22:02:00,social_media,2,paid_social_meta,2016-10-06 12:46:24,paid_search_brand,2016-10-27 20:12:33,brand_exact
s_000024,1884,443,2020-01-22 15:53:00,blog_or_review_site,5,affiliate,2020-01-19 12:38:44,direct,2020-01-21 12:35:26,none
s_000025,1689,1771,2020-02-05 19:04:00,app_store,10,organic_search,2017-12-18 22:59:18,paid_social_meta,2020-02-05 02:23:36,retargeting_site
s_000026,1689,6132,2017-12-24 18:12:00,search,5,organic_search,2017-12-18 22:59:18,direct,2017-12-23 13:07:22,none
s_000027,1780,6126,2016-12-09 20:20:00,social_media,1,paid_social_meta,2016-10-27 23:13:11,paid_social_meta,2016-10-27 23:13:11,retargeting_site
s_000028,811,387,2020-01-21 08:04:00,search,10,paid_search_nonbrand,2019-12-13 17:39:11,paid_search_brand,2020-01-20 17:00:45,brand_exact
s_000029,811,444,2020-01-05 18:43:00,search,4,paid_search_nonbrand,2019-12-13 17:39:11,direct,2020-01-05 02:45:19,none
s_000030,1852,6127,2016-12-01 20:36:00,app_store,1,apple_search_ads,2016-10-17 00:55:50,apple_search_ads,2016-10-17 00:55:50,asa_exact
s_000031,1231,1463,2020-02-28 08:13:00,social_media,3,paid_social_meta,2020-01-29 06:20:32,paid_search_brand,2020-02-28 07:05:16,brand_exact
s_000032,970,1464,2020-02-05 22:10:00,friend_or_family,2,paid_search_nonbrand,2020-01-22 04:54:29,paid_social_meta,2020-02-02 15:57:14,prospecting_lal
s_000033,381,1465,2020-02-01 17:43:00,other,7,paid_search_brand,2020-01-15 13:25:57,microsoft_ads,2020-01-30 23:01:13,bing_generic
s_000034,1134,388,2020-01-15 15:43:00,social_media,3,affiliate,2020-01-05 08:55:28,paid_social_meta,2020-01-14 09:37:49,retargeting_site
s_000035,1880,4906,2017-09-13 15:03:00,social_media,6,paid_social_meta,2017-08-23 05:44:14,paid_social_meta,2017-09-07 23:23:09,prospecting_lal
s_000036,461,3172,2016-05-08 18:34:00,search,6,paid_search_nonbrand,2016-04-09 04:41:10,microsoft_ads,2016-05-02 11:48:39,bing_brand
s_000037,461,5313,2016-10-04 09:06:00,search,16,paid_search_nonbrand,2016-04-09 04:41:10,paid_search_brand,2016-10-03 23:42:22,brand_exact
s_000038,1178,383,2019-01-22 09:46:00,other,6,affiliate,2018-12-23 00:23:02,paid_search_brand,2019-01-21 04:12:49,brand_phrase
s_000039,838,445,2020-01-16 12:11:00,friend_or_family,7,organic_search,2019-12-03 01:47:56,paid_search_brand,2020-01-15 10:30:12,brand_exact
s_000040,54,1466,2020-02-11 15:09:00,app_store,16,paid_social_meta,2019-12-14 17:45:41,paid_search_brand,2020-02-09 19:06:41,brand_phrase
s_000041,54,749,2020-01-19 10:50:00,social_media,9,paid_social_meta,2019-12-14 17:45:41,paid_search_brand,2020-01-18 11:15:31,brand_phrase
s_000042,54,1772,2020-02-07 18:23:00,search,14,paid_social_meta,2019-12-14 17:45:41,direct,2020-02-06 08:12:24,none
s_000043,1938,446,2020-01-23 12:39:00,search,5,paid_social_meta,2020-01-02 22:04:52,direct,2020-01-21 09:44:40,none
s_000044,1938,422,2020-01-21 13:44:00,search,5,paid_social_meta,2020-01-02 22:04:52,direct,2020-01-21 09:44:40,none
s_000045,1492,2776,2018-04-21 15:51:00,search,7,affiliate,2017-11-08 13:56:09,paid_search_brand,2018-04-21 05:27:36,brand_exact
s_000046,1492,6134,2017-12-10 15:49:00,blog_or_review_site,5,affiliate,2017-11-08 13:56:09,paid_search_brand,2017-12-09 09:51:49,brand_exact
s_000047,749,389,2020-01-26 17:23:00,podcast_or_youtube,6,organic_search,2020-01-17 04:11:21,paid_search_brand,2020-01-26 10:44:44,brand_phrase
s_000048,749,1773,2020-02-28 22:45:00,app_store,14,organic_search,2020-01-17 04:11:21,direct,2020-02-28 01:21:09,none
s_000049,749,1467,2020-02-19 11:20:00,search,13,organic_search,2020-01-17 04:11:21,direct,2020-02-19 08:59:14,none
s_000050,643,1395,2020-02-12 11:09:00,search,2,paid_search_brand,2020-01-16 02:05:32,direct,2020-01-26 23:33:28,none
s_000051,1219,1468,2020-02-07 22:33:00,search,3,microsoft_ads,2020-01-28 08:45:59,paid_search_brand,2020-02-07 05:15:09,brand_exact
s_000052,1198,1388,2019-02-27 19:50:00,blog_or_review_site,2,affiliate,2019-02-20 22:31:26,organic_search,2019-02-21 13:05:18,organic
s_000053,1493,1469,2020-02-16 16:38:00,blog_or_review_site,7,microsoft_ads,2020-01-12 02:15:47,direct,2020-02-15 06:09:45,none
s_000054,1493,1774,2020-02-14 14:54:00,search,6,microsoft_ads,2020-01-12 02:15:47,paid_search_brand,2020-02-13 23:57:49,brand_phrase
s_000055,1161,1470,2020-02-03 12:13:00,search,10,affiliate,2019-12-28 07:05:44,paid_social_meta,2020-02-03 00:25:01,retargeting_site
s_000056,1161,1471,2020-02-02 16:31:00,blog_or_review_site,9,affiliate,2019-12-28 07:05:44,direct,2020-02-02 11:21:07,none
s_000057,217,1364,2016-02-05 13:31:00,app_store,2,apple_search_ads,2016-01-03 09:51:42,paid_search_brand,2016-02-05 11:17:42,brand_phrase
s_000058,533,750,2020-01-05 20:15:00,blog_or_review_site,2,affiliate,2019-12-20 13:38:59,direct,2020-01-05 05:32:53,none
s_000059,1738,1472,2020-02-20 16:19:00,search,7,affiliate,2019-12-07 12:41:38,paid_search_brand,2020-02-18 21:44:16,brand_phrase
s_000060,1738,751,2020-01-05 10:26:00,friend_or_family,4,affiliate,2019-12-07 12:41:38,paid_social_meta,2020-01-05 05:41:14,spring_launch
s_000061,713,1473,2020-02-13 21:45:00,blog_or_review_site,12,affiliate,2019-12-16 22:45:56,paid_search_brand,2020-02-13 14:18:32,brand_exact
s_000062,713,1775,2020-02-23 12:45:00,friend_or_family,16,affiliate,2019-12-16 22:45:56,email_lifecycle,2020-02-23 05:33:05,reactivation
s_000063,713,447,2020-01-02 21:35:00,search,4,affiliate,2019-12-16 22:45:56,direct,2020-01-02 03:49:44,none
s_000064,1631,1474,2020-02-10 12:38:00,social_media,10,apple_search_ads,2019-12-24 20:21:04,email_lifecycle,2020-02-04 07:21:04,onboarding_drip
s_000065,1631,1776,2020-02-01 13:58:00,app_store,9,apple_search_ads,2019-12-24 20:21:04,paid_search_brand,2020-01-31 16:48:53,brand_phrase
s_000066,1631,448,2020-01-23 15:48:00,search,7,apple_search_ads,2019-12-24 20:21:04,paid_search_brand,2020-01-17 20:31:45,brand_phrase
s_000067,1265,1475,2020-02-13 19:58:00,search,2,microsoft_ads,2020-01-17 12:07:34,direct,2020-02-12 01:23:43,none
s_000068,290,449,2020-01-21 15:20:00,blog_or_review_site,5,paid_search_brand,2019-12-31 14:04:59,paid_search_brand,2020-01-20 12:53:25,brand_exact
s_000069,290,1777,2020-02-26 13:35:00,search,12,paid_search_brand,2019-12-31 14:04:59,paid_search_brand,2020-02-25 02:44:52,brand_exact
s_000070,985,752,2020-01-10 16:32:00,search,2,paid_search_nonbrand,2019-12-29 02:28:21,direct,2020-01-08 18:04:25,none
s_000071,307,1476,2020-02-19 11:16:00,search,8,paid_social_meta,2019-12-20 00:11:30,paid_search_nonbrand,2020-02-18 18:38:43,generic_cards
s_000072,307,753,2020-01-01 13:46:00,social_media,6,paid_social_meta,2019-12-20 00:11:30,paid_search_brand,2019-12-31 00:39:40,brand_exact
s_000073,953,1477,2020-02-17 08:13:00,blog_or_review_site,14,paid_search_brand,2019-12-26 18:44:17,direct,2020-02-16 06:43:26,none
s_000074,953,1396,2020-02-05 16:53:00,search,11,paid_search_brand,2019-12-26 18:44:17,paid_search_brand,2020-02-05 16:28:09,brand_phrase
s_000075,406,3605,2016-06-10 11:53:00,friend_or_family,7,paid_social_meta,2016-04-28 04:41:37,paid_search_brand,2016-06-09 17:00:14,brand_exact
s_000076,1866,1778,2020-02-14 22:53:00,blog_or_review_site,6,affiliate,2020-01-09 20:31:35,paid_social_reddit,2020-02-05 18:47:19,r_personalfinance
s_000077,1866,1478,2020-02-17 22:53:00,other,8,affiliate,2020-01-09 20:31:35,paid_search_nonbrand,2020-02-16 10:03:43,compare_cards
s_000078,1981,3606,2016-06-16 21:10:00,blog_or_review_site,3,affiliate,2016-05-21 05:54:53,paid_search_brand,2016-06-15 13:05:38,brand_phrase
s_000079,870,3626,2018-06-09 08:57:00,social_media,2,paid_social_meta,2018-04-28 15:41:46,paid_search_brand,2018-06-08 14:29:24,brand_phrase
s_000080,800,450,2020-01-17 21:24:00,social_media,6,paid_social_meta,2016-03-30 10:50:09,paid_search_brand,2020-01-16 08:04:37,brand_phrase
s_000081,800,2759,2016-04-10 10:47:00,social_media,1,paid_social_meta,2016-03-30 10:50:09,paid_social_meta,2016-03-30 10:50:09,retargeting_site
s_000082,800,1779,2020-02-22 19:59:00,social_media,14,paid_social_meta,2016-03-30 10:50:09,paid_search_brand,2020-02-22 06:23:21,brand_exact
s_000083,800,754,2020-01-09 09:44:00,search,5,paid_social_meta,2016-03-30 10:50:09,direct,2020-01-09 05:05:36,none
s_000084,1968,1479,2020-02-14 14:57:00,blog_or_review_site,6,affiliate,2020-01-04 09:45:26,organic_search,2020-02-10 05:10:31,organic
s_000085,697,3640,2019-06-16 12:25:00,search,1,paid_search_brand,2019-05-26 15:12:43,paid_search_brand,2019-05-26 15:12:43,brand_phrase
s_000086,1734,451,2020-01-01 15:30:00,social_media,4,paid_search_brand,2019-12-12 20:51:13,direct,2019-12-30 21:19:23,none
s_000087,1109,1480,2020-02-01 20:42:00,social_media,7,paid_social_reddit,2020-01-15 16:24:35,direct,2020-01-31 03:54:56,none
s_000088,1301,755,2020-01-10 15:24:00,blog_or_review_site,16,referral,2017-04-10 17:16:05,paid_search_brand,2020-01-08 23:33:16,brand_phrase
s_000089,1301,2787,2019-04-19 09:52:00,blog_or_review_site,7,referral,2017-04-10 17:16:05,affiliate,2019-03-15 11:43:06,cashback_portal
s_000090,1301,378,2019-01-28 22:54:00,search,6,referral,2017-04-10 17:16:05,direct,2019-01-27 08:14:41,none
s_000091,1301,3189,2017-05-17 13:03:00,blog_or_review_site,4,referral,2017-04-10 17:16:05,paid_search_brand,2017-05-15 20:21:03,brand_phrase
s_000092,1301,1481,2020-02-25 17:16:00,search,25,referral,2017-04-10 17:16:05,organic_search,2020-02-16 13:22:46,organic
s_000093,1301,390,2020-01-07 17:04:00,search,15,referral,2017-04-10 17:16:05,affiliate,2020-01-07 06:43:30,comparison_site
s_000094,1399,4065,2018-07-06 20:18:00,search,5,paid_search_brand,2018-06-05 17:13:37,microsoft_ads,2018-07-05 18:52:39,bing_brand
s_000095,1399,756,2020-01-25 10:43:00,social_media,12,paid_search_brand,2018-06-05 17:13:37,direct,2020-01-24 04:39:15,none
s_000096,1399,1482,2020-02-02 14:28:00,podcast_or_youtube,23,paid_search_brand,2018-06-05 17:13:37,paid_search_brand,2020-02-02 05:00:16,brand_exact
s_000097,1399,452,2020-01-11 14:57:00,blog_or_review_site,8,paid_search_brand,2018-06-05 17:13:37,paid_search_nonbrand,2020-01-10 03:42:24,rewards_terms
s_000098,1775,5743,2019-11-19 10:30:00,social_media,4,affiliate,2019-10-21 13:48:43,paid_search_brand,2019-11-18 03:38:26,brand_phrase
s_000099,1775,423,2020-01-14 19:42:00,social_media,10,affiliate,2019-10-21 13:48:43,paid_search_brand,2020-01-09 21:51:53,brand_phrase
s_000100,1673,2777,2018-04-11 20:14:00,blog_or_review_site,4,affiliate,2018-03-07 22:50:15,paid_search_brand,2018-04-11 14:14:03,brand_exact
s_000101,1033,453,2020-01-24 11:01:00,search,5,organic_search,2019-11-27 05:34:46,paid_search_brand,2020-01-23 04:28:01,brand_phrase
s_000102,1033,454,2020-01-01 12:52:00,search,2,organic_search,2019-11-27 05:34:46,paid_search_brand,2019-12-30 17:07:44,brand_exact
s_000103,431,455,2020-01-09 13:34:00,search,3,apple_search_ads,2019-12-20 14:05:25,organic_search,2020-01-04 19:14:41,organic
s_000104,431,456,2020-01-12 18:54:00,blog_or_review_site,9,apple_search_ads,2019-12-20 14:05:25,direct,2020-01-12 05:17:56,none
s_000105,431,1483,2020-02-05 20:33:00,search,16,apple_search_ads,2019-12-20 14:05:25,email_lifecycle,2020-02-05 12:12:03,reactivation
s_000106,353,1484,2020-02-21 14:58:00,blog_or_review_site,7,microsoft_ads,2018-10-03 11:43:37,direct,2020-02-21 03:42:08,none
s_000107,353,5328,2018-10-16 10:25:00,search,3,microsoft_ads,2018-10-03 11:43:37,paid_search_brand,2018-10-14 18:35:37,brand_exact
s_000108,1943,457,2020-01-16 21:16:00,search,10,paid_search_nonbrand,2019-12-18 00:55:31,direct,2020-01-16 00:21:47,none
s_000109,1943,458,2020-01-09 21:26:00,app_store,9,paid_search_nonbrand,2019-12-18 00:55:31,paid_search_brand,2020-01-05 16:13:55,brand_phrase
s_000110,1943,757,2020-01-06 09:09:00,blog_or_review_site,9,paid_search_nonbrand,2019-12-18 00:55:31,paid_search_brand,2020-01-05 16:13:55,brand_phrase
s_000111,792,1485,2020-02-17 08:53:00,search,6,paid_search_brand,2020-01-11 18:24:20,direct,2020-02-15 02:03:55,none
s_000112,1159,459,2020-01-04 16:32:00,search,9,affiliate,2019-12-18 06:38:07,paid_social_reddit,2020-01-04 01:27:09,r_personalfinance
s_000113,1159,1780,2020-02-15 20:04:00,friend_or_family,20,affiliate,2019-12-18 06:38:07,paid_search_brand,2020-02-06 22:30:56,brand_exact
s_000114,1159,460,2020-01-21 12:05:00,blog_or_review_site,15,affiliate,2019-12-18 06:38:07,paid_search_brand,2020-01-20 18:08:24,brand_phrase
s_000115,1159,758,2020-01-27 14:06:00,search,17,affiliate,2019-12-18 06:38:07,email_lifecycle,2020-01-23 01:22:14,cross_sell_card
s_000116,1115,6138,2018-12-15 12:30:00,social_media,15,affiliate,2018-01-01 12:27:39,paid_search_brand,2018-12-06 11:32:24,brand_exact
s_000117,1115,374,2018-01-16 13:38:00,blog_or_review_site,7,affiliate,2018-01-01 12:27:39,direct,2018-01-16 06:12:19,none
s_000118,871,5336,2019-10-26 21:58:00,other,3,direct,2019-09-25 09:05:36,direct,2019-10-26 09:42:10,none
s_000119,1372,1781,2020-02-11 10:35:00,friend_or_family,3,organic_search,2020-01-06 08:32:01,paid_search_brand,2020-02-10 14:37:45,brand_exact
s_000120,1799,1782,2020-02-02 15:11:00,social_media,2,paid_social_meta,2019-12-20 21:20:50,direct,2020-02-01 14:24:36,none
s_000121,130,1486,2020-02-18 16:27:00,podcast_or_youtube,3,affiliate,2020-01-07 10:51:22,paid_social_meta,2020-02-05 06:27:44,retargeting_site
s_000122,1990,1783,2020-02-04 16:00:00,podcast_or_youtube,3,paid_search_brand,2020-01-01 04:11:42,paid_search_nonbrand,2020-02-04 10:22:39,rewards_terms
s_000123,1990,1487,2020-02-19 13:49:00,friend_or_family,5,paid_search_brand,2020-01-01 04:11:42,direct,2020-02-17 10:13:47,none
s_000124,593,461,2020-01-13 13:17:00,friend_or_family,4,affiliate,2019-12-08 07:01:54,paid_search_brand,2020-01-03 12:25:13,brand_exact
s_000125,540,1488,2020-02-27 13:39:00,search,2,paid_search_nonbrand,2020-02-20 15:59:00,paid_search_brand,2020-02-23 10:59:41,brand_exact
s_000126,417,462,2020-01-11 14:50:00,search,7,organic_search,2019-12-14 14:51:17,organic_search,2020-01-10 15:45:49,organic
s_000127,298,1784,2020-02-26 22:49:00,app_store,2,apple_search_ads,2020-02-18 12:27:02,direct,2020-02-23 20:54:42,none
s_000128,306,463,2020-01-01 17:15:00,search,6,paid_search_brand,2019-12-12 12:49:37,paid_search_nonbrand,2019-12-29 10:58:46,rewards_terms
s_000129,306,464,2020-01-25 09:22:00,social_media,7,paid_search_brand,2019-12-12 12:49:37,paid_search_brand,2020-01-25 07:55:57,brand_phrase
s_000130,607,1785,2020-02-05 15:40:00,search,9,organic_search,2019-12-31 06:12:46,paid_search_brand,2020-02-05 13:00:49,brand_exact
s_000131,607,1489,2020-02-14 17:36:00,search,15,organic_search,2019-12-31 06:12:46,paid_search_nonbrand,2020-02-13 14:55:59,generic_cards
s_000132,607,759,2020-01-19 08:09:00,search,5,organic_search,2019-12-31 06:12:46,direct,2020-01-17 16:19:15,none
s_000133,607,1786,2020-02-13 18:19:00,friend_or_family,15,organic_search,2019-12-31 06:12:46,paid_search_nonbrand,2020-02-13 14:55:59,generic_cards
s_000134,1769,375,2018-01-18 17:05:00,app_store,6,apple_search_ads,2017-12-14 15:20:02,paid_social_meta,2018-01-12 05:48:45,retargeting_site
s_000135,698,1490,2020-02-15 16:37:00,podcast_or_youtube,4,organic_search,2020-02-04 16:17:20,paid_search_brand,2020-02-15 08:19:46,brand_phrase
s_000136,745,1491,2020-02-02 14:00:00,app_store,6,apple_search_ads,2020-01-27 05:43:48,paid_search_brand,2020-02-01 14:53:02,brand_phrase
s_000137,1158,3617,2017-06-26 21:18:00,search,2,affiliate,2017-05-28 13:19:56,direct,2017-06-25 05:42:51,none
s_000138,352,465,2020-01-03 09:30:00,blog_or_review_site,7,affiliate,2019-12-21 15:00:19,paid_social_meta,2020-01-03 06:58:13,prospecting_lal
s_000139,352,466,2020-01-26 21:40:00,search,12,affiliate,2019-12-21 15:00:19,organic_search,2020-01-25 09:55:55,organic
s_000140,1948,1492,2020-02-18 16:39:00,search,12,paid_search_brand,2019-12-08 18:41:09,paid_social_reddit,2020-02-15 20:17:34,r_churning
s_000141,1948,760,2020-01-14 13:32:00,other,3,paid_search_brand,2019-12-08 18:41:09,paid_search_brand,2020-01-12 23:20:39,brand_phrase
s_000142,1948,761,2020-01-22 08:22:00,blog_or_review_site,4,paid_search_brand,2019-12-08 18:41:09,direct,2020-01-21 16:42:24,none
s_000143,1199,1787,2020-02-19 12:32:00,app_store,7,affiliate,2019-12-20 15:16:14,email_lifecycle,2020-02-04 06:16:09,cross_sell_card
s_000144,1199,762,2020-01-23 19:01:00,blog_or_review_site,5,affiliate,2019-12-20 15:16:14,direct,2020-01-22 20:58:33,none
s_000145,1745,467,2020-01-02 16:01:00,search,3,paid_social_meta,2019-12-17 03:11:40,paid_search_brand,2019-12-29 05:04:36,brand_phrase
s_000146,1745,1788,2020-02-27 11:23:00,social_media,11,paid_social_meta,2019-12-17 03:11:40,paid_search_brand,2020-02-26 18:25:59,brand_phrase
s_000147,1745,1789,2020-02-28 16:19:00,search,14,paid_social_meta,2019-12-17 03:11:40,email_lifecycle,2020-02-28 15:48:29,reactivation
s_000148,1950,5730,2017-11-02 15:34:00,app_store,2,apple_search_ads,2017-10-08 12:26:46,organic_search,2017-10-19 08:50:54,organic
s_000149,1397,763,2020-01-20 20:22:00,blog_or_review_site,10,microsoft_ads,2018-06-08 16:16:31,direct,2020-01-19 00:52:09,none
s_000150,1397,3627,2018-06-17 10:16:00,friend_or_family,4,microsoft_ads,2018-06-08 16:16:31,paid_search_brand,2018-06-16 10:21:33,brand_phrase
s_000151,299,2756,2016-04-16 21:46:00,search,1,microsoft_ads,2016-03-23 19:09:14,microsoft_ads,2016-03-23 19:09:14,bing_brand
s_000152,299,468,2020-01-04 15:29:00,blog_or_review_site,8,microsoft_ads,2016-03-23 19:09:14,direct,2020-01-03 18:16:48,none
s_000153,299,764,2020-01-18 08:03:00,friend_or_family,10,microsoft_ads,2016-03-23 19:09:14,paid_search_brand,2020-01-16 11:52:34,brand_phrase
s_000154,1011,1493,2020-02-14 16:17:00,search,6,paid_search_brand,2020-01-06 21:49:02,direct,2020-02-08 07:55:08,none
s_000155,906,4915,2017-09-25 11:16:00,search,2,paid_search_brand,2017-08-31 13:35:36,paid_search_brand,2017-09-23 14:59:34,brand_phrase
s_000156,820,469,2020-01-23 19:32:00,friend_or_family,7,paid_social_meta,2020-01-19 15:13:24,paid_search_brand,2020-01-22 19:07:08,brand_exact
s_000157,1188,470,2020-01-21 21:27:00,blog_or_review_site,5,affiliate,2020-01-11 11:59:46,direct,2020-01-21 02:54:27,none
s_000158,1594,6128,2016-12-12 10:38:00,other,3,direct,2016-11-22 03:21:12,organic_search,2016-11-30 16:03:58,organic
s_000159,1803,1494,2020-02-19 12:06:00,search,6,organic_search,2020-02-15 09:15:30,paid_search_nonbrand,2020-02-18 17:42:16,compare_cards
s_000160,1824,1790,2020-02-23 14:54:00,search,15,paid_search_brand,2016-11-19 07:24:15,paid_search_brand,2020-02-23 13:27:29,brand_phrase
s_000161,1824,1791,2020-02-15 20:59:00,blog_or_review_site,12,paid_search_brand,2016-11-19 07:24:15,direct,2020-02-14 00:07:09,none
s_000162,1824,5721,2016-11-23 16:40:00,search,4,paid_search_brand,2016-11-19 07:24:15,direct,2016-11-23 01:25:28,none
s_000163,340,471,2020-01-17 19:32:00,search,2,paid_search_nonbrand,2019-12-09 23:31:29,direct,2019-12-10 08:25:32,none
s_000164,650,4922,2019-09-03 12:41:00,search,7,paid_search_brand,2019-08-21 10:17:37,direct,2019-09-03 02:51:05,none
s_000165,1061,472,2020-01-05 08:37:00,search,3,affiliate,2019-12-02 05:13:12,paid_social_meta,2019-12-22 05:06:16,prospecting_lal
s_000166,1137,3202,2019-05-22 22:19:00,search,5,organic_search,2019-04-26 18:03:11,direct,2019-05-22 20:37:58,none
s_000167,66,765,2020-01-18 08:16:00,search,12,organic_search,2018-11-29 22:15:08,paid_search_brand,2020-01-17 19:09:50,brand_phrase
s_000168,66,1792,2020-02-18 16:20:00,friend_or_family,22,organic_search,2018-11-29 22:15:08,direct,2020-02-16 18:14:03,none
s_000169,66,6136,2018-12-05 14:29:00,social_media,3,organic_search,2018-11-29 22:15:08,paid_search_brand,2018-12-05 01:38:05,brand_exact
s_000170,66,391,2020-01-08 14:22:00,search,11,organic_search,2018-11-29 22:15:08,direct,2020-01-07 16:28:39,none
s_000171,806,1495,2020-02-21 22:51:00,search,12,affiliate,2019-12-14 15:27:14,paid_search_brand,2020-02-15 20:54:19,brand_exact
s_000172,806,1496,2020-02-01 10:54:00,search,10,affiliate,2019-12-14 15:27:14,direct,2020-01-31 04:08:40,none
s_000173,806,766,2020-01-12 12:44:00,blog_or_review_site,6,affiliate,2019-12-14 15:27:14,paid_search_brand,2020-01-11 00:36:20,brand_exact
s_000174,1191,767,2020-01-13 15:26:00,search,5,paid_search_nonbrand,2019-12-27 04:12:43,direct,2020-01-10 04:26:53,none
s_000175,701,365,2018-01-05 20:17:00,blog_or_review_site,2,affiliate,2017-12-21 20:47:41,direct,2018-01-04 18:20:16,none
s_000176,1625,1497,2020-02-13 19:29:00,search,5,paid_search_nonbrand,2020-01-01 18:14:32,paid_search_brand,2020-02-12 08:37:10,brand_exact
s_000177,1273,1498,2020-02-18 13:20:00,social_media,2,paid_social_meta,2020-01-09 10:38:48,paid_search_brand,2020-01-24 23:41:22,brand_phrase
s_000178,925,1499,2020-02-23 12:31:00,friend_or_family,6,affiliate,2020-02-12 00:05:10,direct,2020-02-22 18:21:22,none
s_000179,824,768,2020-01-24 18:11:00,app_store,11,affiliate,2019-12-27 07:59:05,direct,2020-01-23 19:09:07,none
s_000180,824,473,2020-01-16 19:04:00,blog_or_review_site,10,affiliate,2019-12-27 07:59:05,paid_search_brand,2020-01-14 13:03:42,brand_phrase
s_000181,563,4054,2017-07-03 21:16:00,other,9,paid_social_meta,2016-04-17 21:45:41,paid_search_brand,2017-07-02 14:52:45,brand_exact
s_000182,563,2760,2016-04-27 13:25:00,social_media,3,paid_social_meta,2016-04-17 21:45:41,direct,2016-04-26 08:06:21,none
s_000183,963,474,2020-01-28 09:18:00,search,11,paid_social_meta,2020-01-07 00:16:47,paid_search_brand,2020-01-27 23:44:00,brand_phrase
s_000184,963,1500,2020-02-01 22:56:00,social_media,13,paid_social_meta,2020-01-07 00:16:47,paid_search_brand,2020-01-31 21:44:01,brand_phrase
s_000185,904,475,2020-01-16 10:48:00,social_media,4,paid_social_reddit,2019-12-02 20:06:27,direct,2020-01-11 22:00:38,none
s_000186,1586,1365,2016-02-01 20:41:00,search,5,organic_search,2016-01-09 00:08:41,direct,2016-02-01 12:10:28,none
s_000187,719,4075,2019-07-12 14:42:00,friend_or_family,6,affiliate,2019-07-03 20:30:47,direct,2019-07-12 06:36:00,none
s_000188,1469,769,2020-01-27 10:40:00,social_media,1,paid_social_meta,2020-01-02 03:04:43,paid_social_meta,2020-01-02 03:04:43,spring_launch
s_000189,930,770,2020-01-14 16:55:00,friend_or_family,7,microsoft_ads,2020-01-10 08:50:09,organic_search,2020-01-14 12:20:29,organic
s_000190,930,1501,2020-02-28 08:24:00,search,10,microsoft_ads,2020-01-10 08:50:09,paid_search_brand,2020-02-25 16:01:54,brand_phrase
s_000191,1814,2761,2016-04-20 09:58:00,other,2,direct,2016-03-26 01:51:12,paid_search_brand,2016-04-18 22:54:07,brand_exact
s_000192,1377,1502,2020-02-22 17:00:00,search,7,affiliate,2020-01-26 23:07:35,email_lifecycle,2020-02-21 19:39:51,reactivation
s_000193,1377,1793,2020-02-14 21:19:00,blog_or_review_site,4,affiliate,2020-01-26 23:07:35,direct,2020-02-11 03:22:25,none
s_000194,1804,1794,2020-02-01 09:37:00,social_media,22,paid_search_nonbrand,2019-12-18 17:08:01,direct,2020-01-30 11:42:28,none
s_000195,1804,476,2020-01-18 08:13:00,search,13,paid_search_nonbrand,2019-12-18 17:08:01,paid_search_brand,2020-01-17 08:16:12,brand_exact
s_000196,1804,1795,2020-02-14 12:51:00,blog_or_review_site,23,paid_search_nonbrand,2019-12-18 17:08:01,paid_search_brand,2020-02-13 03:17:18,brand_exact
s_000197,1804,771,2020-01-24 15:20:00,search,17,paid_search_nonbrand,2019-12-18 17:08:01,paid_search_brand,2020-01-23 23:59:44,brand_phrase
s_000198,229,1503,2020-02-15 18:50:00,blog_or_review_site,14,affiliate,2020-01-01 15:21:01,direct,2020-02-15 03:21:10,none
s_000199,229,1504,2020-02-05 20:10:00,blog_or_review_site,12,affiliate,2020-01-01 15:21:01,paid_search_brand,2020-02-04 03:31:07,brand_exact
s_000200,229,1796,2020-02-20 16:26:00,search,17,affiliate,2020-01-01 15:21:01,paid_social_meta,2020-02-19 02:37:58,prospecting_lal
s_000201,1512,4923,2019-09-19 08:38:00,search,6,paid_search_nonbrand,2019-08-20 00:32:26,paid_search_brand,2019-09-19 02:11:35,brand_exact
s_000202,1543,4473,2018-08-17 22:18:00,social_media,1,microsoft_ads,2018-07-06 06:02:08,microsoft_ads,2018-07-06 06:02:08,bing_generic
s_000203,147,424,2020-01-09 16:15:00,other,5,paid_social_meta,2019-12-23 19:43:10,microsoft_ads,2020-01-09 05:00:41,bing_brand
s_000204,147,772,2020-01-18 14:09:00,podcast_or_youtube,5,paid_social_meta,2019-12-23 19:43:10,microsoft_ads,2020-01-09 05:00:41,bing_brand
s_000205,191,773,2020-01-11 16:49:00,search,1,organic_search,2019-12-13 02:02:04,organic_search,2019-12-13 02:02:04,organic
s_000206,12,477,2020-01-11 19:50:00,search,2,paid_search_nonbrand,2019-12-17 16:14:34,paid_social_meta,2019-12-31 21:23:06,spring_launch
s_000207,1828,2782,2018-04-08 21:36:00,friend_or_family,6,organic_search,2018-03-12 04:44:05,direct,2018-04-08 03:13:57,none
s_000208,29,2783,2018-04-07 22:07:00,search,1,organic_search,2018-03-12 15:49:59,organic_search,2018-03-12 15:49:59,organic
s_000209,181,4477,2019-08-15 18:30:00,app_store,2,apple_search_ads,2019-07-18 00:30:22,direct,2019-08-13 20:09:06,none
s_000210,1218,1505,2020-02-08 16:14:00,blog_or_review_site,7,affiliate,2020-01-14 04:00:00,direct,2020-02-08 05:03:14,none
s_000211,1401,774,2020-01-05 18:13:00,friend_or_family,7,organic_search,2019-12-06 23:59:00,paid_search_brand,2020-01-04 10:44:02,brand_exact
s_000212,1401,1506,2020-02-11 22:23:00,social_media,12,organic_search,2019-12-06 23:59:00,direct,2020-02-10 11:40:33,none
s_000213,1314,2359,2016-03-23 22:16:00,search,6,paid_search_nonbrand,2016-03-17 21:40:51,paid_search_brand,2016-03-22 00:40:43,brand_phrase
s_000214,1560,2767,2017-04-15 12:52:00,other,5,direct,2017-04-13 22:26:43,direct,2017-04-15 00:14:20,none
s_000215,1560,1507,2020-02-03 16:17:00,podcast_or_youtube,10,direct,2017-04-13 22:26:43,organic_search,2020-02-03 12:59:07,organic
s_000216,613,775,2020-01-22 20:39:00,friend_or_family,4,paid_search_brand,2019-12-21 20:23:11,direct,2020-01-21 19:46:47,none
s_000217,346,2778,2018-04-25 13:09:00,blog_or_review_site,2,direct,2018-03-14 18:12:52,paid_search_brand,2018-04-10 18:04:15,brand_phrase
s_000218,183,1508,2020-02-08 09:23:00,friend_or_family,10,paid_search_nonbrand,2019-12-21 13:42:07,paid_search_brand,2020-01-30 00:42:22,brand_phrase
s_000219,183,1797,2020-02-01 09:43:00,search,10,paid_search_nonbrand,2019-12-21 13:42:07,paid_search_brand,2020-01-30 00:42:22,brand_phrase
s_000220,183,1798,2020-02-23 16:56:00,friend_or_family,17,paid_search_nonbrand,2019-12-21 13:42:07,paid_search_brand,2020-02-23 14:33:27,brand_exact
s_000221,1792,478,2020-01-06 09:47:00,social_media,2,apple_search_ads,2019-11-26 18:23:12,paid_search_nonbrand,2019-12-22 01:51:42,generic_cards
s_000222,1792,1440,2020-02-17 21:35:00,social_media,12,apple_search_ads,2019-11-26 18:23:12,paid_search_brand,2020-02-17 13:15:11,brand_exact
s_000223,1599,5744,2019-11-03 15:35:00,search,3,organic_search,2019-10-24 20:44:45,organic_search,2019-10-28 08:49:12,organic
s_000224,1599,776,2020-01-17 10:18:00,friend_or_family,8,organic_search,2019-10-24 20:44:45,email_lifecycle,2020-01-12 15:29:39,reactivation
s_000225,1599,777,2020-01-09 19:05:00,search,7,organic_search,2019-10-24 20:44:45,paid_search_brand,2020-01-06 18:32:32,brand_exact
s_000226,411,1509,2020-02-06 12:36:00,search,2,paid_search_nonbrand,2020-01-07 14:17:58,organic_search,2020-02-03 10:46:39,organic
s_000227,350,3623,2017-06-14 12:15:00,search,2,paid_social_reddit,2017-05-05 16:45:26,paid_search_brand,2017-06-13 09:47:32,brand_exact
s_000228,1323,479,2020-01-24 14:37:00,social_media,7,paid_social_meta,2019-12-18 23:34:16,direct,2020-01-23 11:38:18,none
s_000229,934,1799,2020-02-11 18:34:00,blog_or_review_site,9,paid_social_meta,2019-12-15 13:26:01,paid_search_brand,2020-02-10 17:07:10,brand_phrase
s_000230,934,1800,2020-02-25 21:34:00,search,13,paid_social_meta,2019-12-15 13:26:01,email_lifecycle,2020-02-18 21:22:58,onboarding_drip
s_000231,934,480,2020-01-08 09:48:00,social_media,3,paid_social_meta,2019-12-15 13:26:01,organic_search,2020-01-07 08:05:25,organic
s_000232,421,1510,2020-02-19 09:57:00,blog_or_review_site,4,affiliate,2020-01-30 22:31:36,direct,2020-02-18 00:06:31,none
s_000233,223,4080,2019-07-16 15:17:00,other,4,paid_search_nonbrand,2019-06-28 22:43:53,direct,2019-07-15 23:30:36,none
s_000234,1402,481,2020-01-14 10:50:00,blog_or_review_site,3,affiliate,2020-01-09 12:07:27,direct,2020-01-14 00:56:15,none
s_000235,1650,482,2020-01-19 14:36:00,other,6,paid_social_reddit,2019-12-12 09:38:25,paid_social_meta,2020-01-14 09:36:47,prospecting_lal
s_000236,1650,483,2020-01-07 17:42:00,friend_or_family,2,paid_social_reddit,2019-12-12 09:38:25,affiliate,2020-01-06 17:59:07,cashback_portal
s_000237,1650,1801,2020-02-09 21:55:00,friend_or_family,14,paid_social_reddit,2019-12-12 09:38:25,paid_search_brand,2020-02-09 09:27:43,brand_phrase
s_000238,354,4902,2017-09-19 18:25:00,search,1,organic_search,2017-08-18 04:09:42,organic_search,2017-08-18 04:09:42,organic
s_000239,314,4907,2017-09-16 21:38:00,search,2,organic_search,2017-09-08 12:05:46,direct,2017-09-16 15:05:07,none
s_000240,1457,1511,2020-02-27 13:21:00,other,18,direct,2019-12-28 21:22:14,email_lifecycle,2020-02-22 20:28:36,cross_sell_card
s_000241,1457,1512,2020-02-03 08:39:00,blog_or_review_site,13,direct,2019-12-28 21:22:14,paid_social_meta,2020-02-02 22:01:09,prospecting_lal
s_000242,1457,484,2020-01-07 21:46:00,other,3,direct,2019-12-28 21:22:14,paid_search_brand,2020-01-07 10:45:41,brand_exact
s_000243,1457,1513,2020-02-20 18:16:00,search,16,direct,2019-12-28 21:22:14,paid_search_brand,2020-02-20 17:37:00,brand_phrase
s_000244,1613,1802,2020-02-22 19:19:00,friend_or_family,4,apple_search_ads,2020-01-19 18:14:27,direct,2020-02-20 22:18:44,none
s_000245,945,485,2020-01-16 12:21:00,search,7,paid_search_brand,2020-01-13 08:51:33,paid_search_nonbrand,2020-01-16 05:49:19,rewards_terms
s_000246,945,1397,2020-02-05 17:38:00,friend_or_family,12,paid_search_brand,2020-01-13 08:51:33,paid_search_brand,2020-02-05 10:18:02,brand_exact
s_000247,586,1514,2020-02-22 22:47:00,search,13,paid_search_nonbrand,2020-01-28 07:11:01,paid_search_brand,2020-02-22 09:42:47,brand_phrase
s_000248,586,1515,2020-02-17 21:55:00,blog_or_review_site,10,paid_search_nonbrand,2020-01-28 07:11:01,paid_search_brand,2020-02-17 13:49:07,brand_exact
s_000249,119,379,2019-01-07 16:44:00,app_store,3,apple_search_ads,2018-12-13 00:42:05,paid_search_nonbrand,2019-01-06 11:35:59,rewards_terms
s_000250,326,1803,2020-02-19 19:38:00,search,5,paid_social_reddit,2020-01-12 15:40:27,direct,2020-02-15 17:33:45,none
s_000251,1645,778,2020-01-27 12:40:00,friend_or_family,4,referral,2020-01-01 16:49:16,paid_search_brand,2020-01-27 11:03:40,brand_exact
s_000252,1576,486,2020-01-21 22:58:00,other,10,affiliate,2019-01-03 13:27:45,paid_search_brand,2020-01-20 11:35:08,brand_exact
s_000253,1576,380,2019-01-19 14:14:00,blog_or_review_site,4,affiliate,2019-01-03 13:27:45,paid_social_meta,2019-01-18 14:59:39,spring_launch
s_000254,1268,1804,2020-02-20 20:59:00,app_store,4,apple_search_ads,2020-02-09 13:12:04,paid_search_brand,2020-02-19 00:24:16,brand_phrase
s_000255,664,1516,2020-02-02 11:27:00,social_media,3,direct,2019-12-27 18:34:00,paid_search_brand,2020-01-28 04:50:42,brand_exact
s_000256,664,1805,2020-02-02 18:40:00,social_media,3,direct,2019-12-27 18:34:00,paid_search_brand,2020-01-28 04:50:42,brand_exact
s_000257,485,1517,2020-02-26 13:35:00,other,2,direct,2020-02-08 04:14:22,paid_search_brand,2020-02-11 07:32:27,brand_phrase
s_000258,145,4058,2017-07-09 09:07:00,friend_or_family,3,paid_search_brand,2017-06-11 22:21:52,paid_search_brand,2017-07-07 11:12:16,brand_exact
s_000259,866,1806,2020-02-16 11:53:00,blog_or_review_site,2,paid_search_nonbrand,2020-02-11 06:34:12,organic_search,2020-02-14 09:52:47,organic
s_000260,1424,487,2020-01-26 08:54:00,search,4,microsoft_ads,2020-01-23 17:29:12,direct,2020-01-25 15:47:52,none
s_000261,684,2768,2017-04-09 20:46:00,search,2,organic_search,2017-02-27 20:42:42,paid_search_brand,2017-04-08 12:01:30,brand_exact
s_000262,684,4474,2018-08-18 08:58:00,search,10,organic_search,2017-02-27 20:42:42,direct,2018-08-17 01:26:57,none
s_000263,684,4908,2017-09-06 19:34:00,search,4,organic_search,2017-02-27 20:42:42,affiliate,2017-08-08 04:36:56,partner_blog
s_000264,1643,488,2020-01-12 13:50:00,friend_or_family,4,direct,2019-12-16 08:21:18,direct,2020-01-11 20:42:30,none
s_000265,283,1518,2020-02-12 21:21:00,blog_or_review_site,10,paid_search_brand,2019-12-01 00:58:56,email_lifecycle,2020-02-02 09:32:24,cross_sell_card
s_000266,283,779,2020-01-14 13:14:00,search,7,paid_search_brand,2019-12-01 00:58:56,paid_social_meta,2020-01-13 18:15:44,retargeting_site
s_000267,355,1519,2020-02-28 19:56:00,friend_or_family,13,paid_search_nonbrand,2019-01-10 10:49:44,organic_search,2020-02-28 04:30:53,organic
s_000268,355,1387,2019-02-14 11:17:00,search,5,paid_search_nonbrand,2019-01-10 10:49:44,direct,2019-02-13 13:18:08,none
s_000269,1591,489,2020-01-07 16:25:00,search,2,paid_search_brand,2019-12-03 18:43:56,paid_search_nonbrand,2019-12-17 14:30:11,generic_cards
s_000270,1172,1520,2020-02-17 09:19:00,search,5,organic_search,2020-01-08 01:12:09,direct,2020-02-16 09:27:17,none
s_000271,675,4454,2016-08-25 16:10:00,search,5,paid_search_brand,2016-08-08 05:46:13,organic_search,2016-08-23 12:32:46,organic
s_000272,840,3633,2018-06-17 15:37:00,social_media,4,paid_social_meta,2018-05-21 08:20:23,direct,2018-06-15 18:21:13,none
s_000273,454,5735,2018-11-03 16:27:00,blog_or_review_site,4,affiliate,2018-10-12 11:22:45,paid_search_brand,2018-11-03 05:18:39,brand_phrase
s_000274,961,1389,2019-02-25 17:05:00,app_store,6,apple_search_ads,2019-02-12 09:54:04,paid_search_brand,2019-02-23 20:26:41,brand_exact
s_000275,817,490,2020-01-21 22:05:00,search,9,organic_search,2019-12-30 12:18:25,paid_search_brand,2020-01-21 04:15:10,brand_exact
s_000276,817,491,2020-01-18 16:58:00,blog_or_review_site,7,organic_search,2019-12-30 12:18:25,direct,2020-01-18 07:19:24,none
s_000277,108,4070,2018-07-24 10:26:00,social_media,4,paid_search_brand,2018-06-11 02:07:30,microsoft_ads,2018-07-18 10:05:23,bing_brand
s_000278,108,780,2020-01-10 19:31:00,search,9,paid_search_brand,2018-06-11 02:07:30,direct,2020-01-09 06:58:41,none
s_000279,1340,1375,2017-02-17 10:24:00,search,4,paid_search_nonbrand,2017-01-13 00:12:31,direct,2017-02-16 02:55:12,none
s_000280,238,781,2020-01-07 22:01:00,social_media,3,paid_social_meta,2019-12-02 16:59:51,paid_search_nonbrand,2019-12-31 04:00:13,generic_cards
s_000281,1927,492,2020-01-08 15:56:00,podcast_or_youtube,6,paid_search_nonbrand,2019-12-08 20:31:02,direct,2020-01-08 06:52:17,none
s_000282,1658,493,2020-01-08 22:02:00,blog_or_review_site,6,paid_social_meta,2019-12-25 14:49:38,paid_search_brand,2020-01-04 17:22:41,brand_phrase
s_000283,1658,782,2020-01-16 22:22:00,search,8,paid_social_meta,2019-12-25 14:49:38,paid_search_brand,2020-01-14 21:41:42,brand_exact
s_000284,1255,494,2020-01-26 20:06:00,search,6,paid_search_brand,2020-01-12 15:37:23,paid_search_brand,2020-01-25 03:43:22,brand_phrase
s_000285,1255,1521,2020-02-27 15:37:00,friend_or_family,13,paid_search_brand,2020-01-12 15:37:23,microsoft_ads,2020-02-27 09:31:50,bing_generic
s_000286,85,495,2020-01-22 12:56:00,search,2,paid_social_meta,2019-12-14 00:33:14,direct,2020-01-21 20:19:31,none
s_000287,1932,1522,2020-02-18 15:44:00,search,7,organic_search,2020-01-24 05:02:37,paid_search_brand,2020-02-18 11:56:54,brand_phrase
s_000288,1206,1807,2020-02-19 08:15:00,friend_or_family,1,affiliate,2020-01-21 09:17:49,affiliate,2020-01-21 09:17:49,partner_blog
s_000289,1276,4469,2018-08-01 09:08:00,other,2,direct,2018-06-24 03:38:22,organic_search,2018-07-26 14:42:40,organic
s_000290,875,2380,2019-03-12 15:47:00,friend_or_family,3,paid_social_reddit,2019-02-12 14:47:36,direct,2019-03-12 01:56:46,none
s_000291,875,496,2020-01-20 22:48:00,social_media,10,paid_social_reddit,2019-02-12 14:47:36,direct,2020-01-20 17:22:55,none
s_000292,422,497,2020-01-16 21:35:00,search,11,paid_search_nonbrand,2019-12-08 14:12:46,email_lifecycle,2020-01-15 21:52:45,cross_sell_card
s_000293,422,1523,2020-02-02 14:56:00,search,15,paid_search_nonbrand,2019-12-08 14:12:46,paid_search_brand,2020-02-02 12:43:03,brand_exact
s_000294,422,498,2020-01-10 15:09:00,search,8,paid_search_nonbrand,2019-12-08 14:12:46,paid_search_brand,2020-01-10 04:42:43,brand_phrase
s_000295,422,1441,2020-02-05 08:23:00,podcast_or_youtube,17,paid_search_nonbrand,2019-12-08 14:12:46,email_lifecycle,2020-02-04 22:34:59,onboarding_drip
s_000296,519,3173,2016-05-04 18:58:00,search,3,paid_search_nonbrand,2016-04-16 13:02:01,paid_search_brand,2016-05-03 07:53:51,brand_exact
s_000297,1204,2788,2019-04-18 10:40:00,social_media,7,paid_social_meta,2019-03-11 03:32:41,paid_search_brand,2019-04-18 08:18:54,brand_exact
s_000298,276,783,2020-01-07 20:14:00,other,7,direct,2020-01-03 12:39:02,direct,2020-01-07 16:01:04,none
s_000299,276,1524,2020-02-01 09:56:00,blog_or_review_site,10,direct,2020-01-03 12:39:02,affiliate,2020-01-29 17:20:05,partner_blog
s_000300,1133,392,2020-01-17 08:48:00,social_media,2,microsoft_ads,2019-12-26 13:14:34,organic_search,2019-12-26 14:52:55,organic
s_000301,1035,784,2020-01-22 17:22:00,friend_or_family,9,paid_search_brand,2020-01-04 03:25:26,paid_search_brand,2020-01-22 01:52:30,brand_phrase
s_000302,1035,1808,2020-02-21 13:13:00,search,10,paid_search_brand,2020-01-04 03:25:26,direct,2020-02-20 17:06:59,none
s_000303,582,3634,2018-06-13 15:28:00,search,2,paid_search_brand,2018-05-11 09:08:00,paid_search_brand,2018-06-13 07:31:07,brand_exact
s_000304,821,6131,2017-12-24 15:15:00,social_media,5,paid_social_meta,2017-11-11 10:14:54,direct,2017-12-24 10:13:34,none
s_000305,936,499,2020-01-07 13:17:00,search,11,direct,2019-12-02 13:09:01,paid_search_brand,2020-01-07 03:17:43,brand_exact
s_000306,936,785,2020-01-07 12:51:00,search,11,direct,2019-12-02 13:09:01,paid_search_brand,2020-01-07 03:17:43,brand_exact
s_000307,936,1525,2020-02-19 17:32:00,search,28,direct,2019-12-02 13:09:01,paid_social_meta,2020-02-18 23:30:59,prospecting_lal
s_000308,936,425,2020-01-26 09:59:00,search,14,direct,2019-12-02 13:09:01,direct,2020-01-25 21:23:14,none
s_000309,936,1809,2020-02-08 14:39:00,blog_or_review_site,24,direct,2019-12-02 13:09:01,paid_search_brand,2020-02-08 01:10:20,brand_phrase
s_000310,258,1378,2018-02-20 13:21:00,social_media,10,apple_search_ads,2017-04-25 03:24:44,direct,2018-02-13 11:02:18,none
s_000311,258,3197,2017-05-23 11:14:00,app_store,4,apple_search_ads,2017-04-25 03:24:44,paid_search_brand,2017-05-21 19:07:47,brand_exact
s_000312,258,500,2020-01-12 09:01:00,podcast_or_youtube,16,apple_search_ads,2017-04-25 03:24:44,paid_social_meta,2019-12-31 22:35:39,spring_launch
s_000313,851,3613,2016-06-11 16:19:00,podcast_or_youtube,6,paid_search_brand,2016-05-22 06:28:41,paid_search_brand,2016-06-07 15:11:51,brand_exact
s_000314,1951,3188,2017-05-07 13:43:00,blog_or_review_site,6,paid_social_reddit,2017-04-17 11:05:41,paid_search_brand,2017-05-07 08:14:04,brand_exact
s_000315,1978,501,2020-01-23 18:57:00,blog_or_review_site,2,affiliate,2019-12-21 17:30:12,paid_search_brand,2020-01-19 09:22:10,brand_phrase
s_000316,1978,1526,2020-02-24 12:18:00,search,6,affiliate,2019-12-21 17:30:12,email_lifecycle,2020-02-23 22:41:43,onboarding_drip
s_000317,1243,1527,2020-02-24 09:10:00,friend_or_family,6,paid_social_meta,2020-02-13 00:58:22,direct,2020-02-24 05:03:08,none
s_000318,1976,502,2020-01-03 10:21:00,blog_or_review_site,2,affiliate,2019-12-04 15:08:09,direct,2020-01-01 20:22:46,none
s_000319,91,2784,2018-04-04 16:10:00,blog_or_review_site,2,affiliate,2018-03-28 17:33:12,direct,2018-04-03 00:43:30,none
s_000320,1887,503,2020-01-03 10:17:00,search,6,organic_search,2019-11-30 09:45:54,direct,2019-12-22 11:21:41,none
s_000321,1887,504,2020-01-18 08:28:00,app_store,8,organic_search,2019-11-30 09:45:54,paid_search_brand,2020-01-17 04:20:49,brand_phrase
s_000322,195,505,2020-01-19 22:44:00,search,7,paid_search_brand,2019-12-26 05:55:37,direct,2020-01-19 14:52:42,none
s_000323,195,1442,2020-02-04 14:18:00,social_media,11,paid_search_brand,2019-12-26 05:55:37,direct,2020-02-03 21:52:25,none
s_000324,874,1528,2020-02-08 16:59:00,social_media,17,apple_search_ads,2019-12-17 08:29:48,microsoft_ads,2020-02-08 04:42:07,bing_brand
s_000325,874,786,2020-01-08 12:52:00,search,5,apple_search_ads,2019-12-17 08:29:48,paid_search_brand,2020-01-06 20:20:14,brand_exact
s_000326,874,506,2020-01-23 09:16:00,app_store,8,apple_search_ads,2019-12-17 08:29:48,email_lifecycle,2020-01-19 23:54:10,cross_sell_card
s_000327,1317,4909,2017-09-08 11:10:00,other,3,direct,2017-07-25 06:22:38,paid_search_brand,2017-09-07 22:08:50,brand_phrase
s_000328,1317,1529,2020-02-11 15:27:00,social_media,9,direct,2017-07-25 06:22:38,paid_search_brand,2020-02-06 01:33:09,brand_phrase
s_000329,785,1530,2020-02-03 11:50:00,app_store,12,organic_search,2019-11-29 17:36:11,paid_search_brand,2020-02-03 04:27:50,brand_phrase
s_000330,785,507,2020-01-13 18:11:00,search,9,organic_search,2019-11-29 17:36:11,paid_search_brand,2020-01-13 00:28:52,brand_exact
s_000331,685,1531,2020-02-08 11:21:00,search,16,organic_search,2019-12-31 10:14:35,direct,2020-02-07 23:57:17,none
s_000332,685,1398,2020-02-10 12:53:00,search,18,organic_search,2019-12-31 10:14:35,email_lifecycle,2020-02-09 20:52:41,reactivation
s_000333,685,1532,2020-02-06 15:20:00,search,14,organic_search,2019-12-31 10:14:35,paid_social_reddit,2020-01-21 08:35:41,r_personalfinance
s_000334,685,1533,2020-02-18 21:05:00,other,20,organic_search,2019-12-31 10:14:35,email_lifecycle,2020-02-13 16:51:27,reactivation
s_000335,685,1534,2020-02-20 14:48:00,social_media,26,organic_search,2019-12-31 10:14:35,direct,2020-02-20 06:18:07,none
s_000336,685,508,2020-01-06 16:22:00,search,9,organic_search,2019-12-31 10:14:35,direct,2020-01-06 00:41:25,none
s_000337,617,2354,2016-03-03 16:17:00,search,4,paid_search_brand,2016-02-05 17:10:52,direct,2016-02-21 19:17:30,none
s_000338,23,1810,2020-02-10 18:56:00,search,7,paid_search_brand,2020-01-28 23:26:07,direct,2020-02-08 22:21:21,none
s_000339,339,787,2020-01-22 12:19:00,other,1,affiliate,2020-01-06 22:41:15,affiliate,2020-01-06 22:41:15,cashback_portal
s_000340,339,1811,2020-02-28 14:23:00,blog_or_review_site,6,affiliate,2020-01-06 22:41:15,organic_search,2020-02-20 17:37:13,organic
s_000341,1473,1535,2020-02-16 11:55:00,search,2,paid_search_brand,2020-01-15 01:29:23,paid_social_meta,2020-01-22 04:26:38,spring_launch
s_000342,1353,788,2020-01-01 20:19:00,other,5,direct,2019-12-15 08:33:08,paid_search_nonbrand,2019-12-25 19:52:05,compare_cards
s_000343,1353,1536,2020-02-28 20:53:00,blog_or_review_site,16,direct,2019-12-15 08:33:08,email_lifecycle,2020-02-26 04:56:58,reactivation
s_000344,1353,1812,2020-02-17 20:38:00,other,12,direct,2019-12-15 08:33:08,paid_search_brand,2020-02-14 09:58:39,brand_phrase
s_000345,736,1537,2020-02-13 11:23:00,search,14,paid_search_nonbrand,2020-01-03 10:02:49,email_lifecycle,2020-02-13 01:37:18,cross_sell_card
s_000346,736,509,2020-01-13 14:33:00,other,9,paid_search_nonbrand,2020-01-03 10:02:49,paid_search_nonbrand,2020-01-10 16:38:38,rewards_terms
s_000347,736,510,2020-01-14 16:33:00,blog_or_review_site,9,paid_search_nonbrand,2020-01-03 10:02:49,paid_search_nonbrand,2020-01-10 16:38:38,rewards_terms
s_000348,1670,4482,2019-08-15 10:49:00,search,7,microsoft_ads,2019-07-29 00:41:14,direct,2019-08-15 06:28:35,none
s_000349,1776,511,2020-01-16 15:22:00,search,4,affiliate,2019-12-25 01:14:08,paid_search_brand,2020-01-16 02:17:21,brand_exact
s_000350,1474,1813,2020-02-23 14:18:00,search,5,microsoft_ads,2020-02-11 06:21:52,paid_search_brand,2020-02-23 06:05:48,brand_phrase
s_000351,1450,1814,2020-02-02 15:38:00,search,3,organic_search,2020-01-22 12:28:07,direct,2020-01-31 23:41:17,none
s_000352,1524,512,2020-01-05 12:52:00,blog_or_review_site,2,paid_search_nonbrand,2019-12-02 13:05:57,direct,2019-12-05 19:49:42,none
s_000353,1789,367,2018-01-18 22:35:00,search,3,organic_search,2017-12-13 12:06:17,direct,2017-12-30 22:30:04,none
s_000354,767,513,2020-01-25 11:27:00,search,4,affiliate,2019-12-18 09:28:29,paid_search_brand,2020-01-24 09:14:39,brand_phrase
s_000355,678,514,2020-01-28 10:06:00,search,5,paid_search_nonbrand,2020-01-19 23:18:20,direct,2020-01-27 07:51:58,none
s_000356,1724,515,2020-01-18 18:55:00,other,10,paid_social_meta,2019-09-30 07:30:57,apple_search_ads,2020-01-18 06:54:57,asa_discovery
s_000357,1724,5337,2019-10-14 10:58:00,social_media,4,paid_social_meta,2019-09-30 07:30:57,paid_search_nonbrand,2019-10-13 13:48:39,rewards_terms
s_000358,1724,1399,2020-02-05 14:22:00,app_store,16,paid_social_meta,2019-09-30 07:30:57,paid_search_brand,2020-02-01 14:40:29,brand_phrase
s_000359,1603,2381,2019-03-19 11:52:00,social_media,3,paid_social_reddit,2019-02-11 01:51:13,paid_search_brand,2019-03-18 06:39:43,brand_phrase
s_000360,224,1815,2020-02-20 13:50:00,search,4,microsoft_ads,2020-01-28 07:22:36,paid_search_brand,2020-02-19 21:33:25,brand_phrase
s_000361,808,1538,2020-02-28 13:31:00,search,3,microsoft_ads,2020-01-31 19:03:21,paid_social_meta,2020-02-10 10:04:39,spring_launch
s_000362,158,516,2020-01-09 08:41:00,social_media,2,paid_social_reddit,2020-01-03 00:11:34,direct,2020-01-08 21:50:44,none
s_000363,1928,5722,2016-11-20 11:18:00,friend_or_family,6,paid_search_brand,2016-10-23 14:41:42,paid_social_meta,2016-11-18 21:57:47,prospecting_lal
s_000364,1575,3635,2018-06-24 22:43:00,friend_or_family,4,paid_search_nonbrand,2018-05-15 06:15:53,direct,2018-06-23 23:35:47,none
s_000365,1608,1539,2020-02-02 13:33:00,search,2,affiliate,2020-01-11 06:11:02,direct,2020-02-01 08:27:16,none
s_000366,1455,1386,2019-02-21 22:52:00,search,3,paid_search_nonbrand,2019-01-16 07:17:26,paid_search_brand,2019-02-21 11:40:48,brand_exact
s_000367,1455,789,2020-01-10 13:03:00,social_media,9,paid_search_nonbrand,2019-01-16 07:17:26,paid_search_brand,2020-01-08 15:04:39,brand_exact
s_000368,143,517,2020-01-20 11:12:00,search,9,affiliate,2019-12-14 06:37:23,paid_social_meta,2020-01-20 01:51:57,spring_launch
s_000369,143,1540,2020-02-11 14:39:00,friend_or_family,19,affiliate,2019-12-14 06:37:23,organic_search,2020-02-04 22:46:05,organic
s_000370,143,1541,2020-02-05 11:46:00,search,19,affiliate,2019-12-14 06:37:23,organic_search,2020-02-04 22:46:05,organic
s_000371,1194,3644,2019-06-25 13:37:00,social_media,2,direct,2019-06-24 02:44:30,direct,2019-06-25 03:28:03,none
s_000372,423,393,2020-01-21 20:56:00,blog_or_review_site,5,paid_social_meta,2020-01-05 04:25:06,paid_search_nonbrand,2020-01-15 08:19:04,rewards_terms
s_000373,423,1542,2020-02-11 13:49:00,app_store,12,paid_social_meta,2020-01-05 04:25:06,paid_search_brand,2020-02-09 20:18:22,brand_phrase
s_000374,530,4926,2019-09-17 15:20:00,search,5,paid_search_nonbrand,2019-09-03 10:33:38,paid_search_brand,2019-09-16 12:24:29,brand_phrase
s_000375,1108,518,2020-01-03 16:28:00,friend_or_family,4,microsoft_ads,2019-12-28 17:36:27,paid_search_brand,2020-01-01 17:49:23,brand_exact
s_000376,1108,790,2020-01-20 10:56:00,search,7,microsoft_ads,2019-12-28 17:36:27,microsoft_ads,2020-01-11 20:06:02,bing_brand
s_000377,270,519,2020-01-09 09:39:00,blog_or_review_site,8,microsoft_ads,2019-12-06 07:51:30,direct,2020-01-07 19:55:48,none
s_000378,270,1543,2020-02-03 16:31:00,search,11,microsoft_ads,2019-12-06 07:51:30,paid_search_brand,2020-02-02 11:57:26,brand_exact
s_000379,270,1816,2020-02-20 11:53:00,social_media,20,microsoft_ads,2019-12-06 07:51:30,direct,2020-02-19 11:53:29,none
s_000380,270,520,2020-01-20 16:26:00,friend_or_family,10,microsoft_ads,2019-12-06 07:51:30,paid_search_brand,2020-01-19 19:46:29,brand_exact
s_000381,1945,3614,2016-06-11 14:45:00,social_media,6,paid_social_meta,2016-06-08 17:37:33,microsoft_ads,2016-06-11 03:25:45,bing_brand
s_000382,1149,394,2020-01-07 08:52:00,social_media,1,affiliate,2020-01-01 23:18:04,affiliate,2020-01-01 23:18:04,partner_blog
s_000383,1438,521,2020-01-14 15:09:00,other,2,direct,2020-01-10 08:51:24,paid_search_brand,2020-01-12 02:48:42,brand_phrase
s_000384,694,1817,2020-02-25 19:26:00,search,2,paid_search_brand,2020-01-13 11:53:47,direct,2020-02-25 17:39:38,none
s_000385,382,2371,2018-03-12 16:47:00,friend_or_family,6,paid_social_meta,2018-03-07 20:35:56,paid_search_brand,2018-03-11 12:23:18,brand_phrase
s_000386,629,5324,2017-10-22 12:01:00,search,7,direct,2017-10-20 02:12:20,paid_search_brand,2017-10-22 09:15:38,brand_phrase
s_000387,1304,1400,2020-02-09 15:33:00,social_media,16,direct,2019-12-29 06:30:12,direct,2020-02-07 19:19:07,none
s_000388,1304,426,2020-01-09 18:01:00,podcast_or_youtube,6,direct,2019-12-29 06:30:12,direct,2020-01-09 16:19:33,none
s_000389,1304,791,2020-01-24 22:18:00,other,12,direct,2019-12-29 06:30:12,organic_search,2020-01-24 09:41:18,organic
s_000390,1751,1544,2020-02-22 11:45:00,search,12,paid_search_nonbrand,2019-12-25 04:01:44,paid_search_brand,2020-02-21 15:22:37,brand_phrase
s_000391,1751,792,2020-01-15 14:43:00,friend_or_family,5,paid_search_nonbrand,2019-12-25 04:01:44,paid_search_brand,2020-01-13 22:00:22,brand_phrase
s_000392,1021,793,2020-01-14 16:52:00,other,2,paid_search_nonbrand,2019-12-16 04:17:33,direct,2019-12-21 22:51:59,none
s_000393,1021,522,2020-01-17 18:31:00,blog_or_review_site,7,paid_search_nonbrand,2019-12-16 04:17:33,paid_search_brand,2020-01-16 17:20:59,brand_exact
s_000394,87,3607,2016-06-13 12:08:00,blog_or_review_site,6,affiliate,2016-05-19 17:50:25,direct,2016-06-10 07:06:05,none
s_000395,1833,6118,2016-12-23 21:18:00,social_media,6,paid_search_brand,2016-11-19 12:15:57,direct,2016-12-22 00:00:17,none
s_000396,1833,1545,2020-02-06 16:53:00,friend_or_family,12,paid_search_brand,2016-11-19 12:15:57,email_lifecycle,2020-02-04 16:00:58,cross_sell_card
s_000397,1833,1818,2020-02-14 20:07:00,other,17,paid_search_brand,2016-11-19 12:15:57,paid_search_nonbrand,2020-02-10 15:33:17,compare_cards
s_000398,1833,794,2020-01-16 08:50:00,friend_or_family,8,paid_search_brand,2016-11-19 12:15:57,referral,2020-01-11 17:34:29,refer_a_friend
s_000399,829,395,2020-01-23 16:35:00,social_media,16,organic_search,2018-05-16 08:35:00,organic_search,2020-01-23 10:31:14,organic
s_000400,829,523,2020-01-03 09:07:00,friend_or_family,11,organic_search,2018-05-16 08:35:00,direct,2020-01-02 01:46:56,none
s_000401,829,3636,2018-06-13 19:33:00,search,1,organic_search,2018-05-16 08:35:00,organic_search,2018-05-16 08:35:00,organic
s_000402,1619,1546,2020-02-07 20:44:00,friend_or_family,3,paid_social_meta,2020-01-29 09:23:51,paid_search_brand,2020-02-07 17:30:56,brand_phrase
s_000403,1619,1443,2020-02-08 20:18:00,search,3,paid_social_meta,2020-01-29 09:23:51,paid_search_brand,2020-02-07 17:30:56,brand_phrase
s_000404,1146,1547,2020-02-15 13:16:00,other,14,affiliate,2020-01-11 23:20:48,paid_social_meta,2020-02-13 18:08:24,prospecting_lal
s_000405,1146,1548,2020-02-28 12:50:00,friend_or_family,19,affiliate,2020-01-11 23:20:48,email_lifecycle,2020-02-27 10:07:34,reactivation
s_000406,1146,1549,2020-02-22 11:39:00,other,15,affiliate,2020-01-11 23:20:48,paid_search_brand,2020-02-22 10:02:05,brand_phrase
s_000407,193,524,2020-01-02 18:25:00,blog_or_review_site,3,affiliate,2019-12-31 07:50:53,direct,2020-01-02 02:46:21,none
s_000408,1371,4059,2017-07-25 22:56:00,search,4,paid_search_brand,2017-07-19 20:29:30,paid_search_brand,2017-07-23 15:04:38,brand_exact
s_000409,1067,1819,2020-02-13 15:28:00,podcast_or_youtube,7,organic_search,2020-01-30 02:23:22,direct,2020-02-13 14:15:23,none
s_000410,1875,5731,2017-11-06 13:31:00,blog_or_review_site,5,affiliate,2017-09-25 18:37:57,paid_search_brand,2017-11-05 23:39:31,brand_exact
s_000411,1111,1550,2020-02-25 21:06:00,friend_or_family,12,organic_search,2020-01-06 16:38:09,paid_search_brand,2020-02-25 11:53:20,brand_exact
s_000412,1111,1551,2020-02-26 09:33:00,search,12,organic_search,2020-01-06 16:38:09,paid_search_brand,2020-02-25 11:53:20,brand_exact
s_000413,1111,396,2020-01-10 18:48:00,search,6,organic_search,2020-01-06 16:38:09,direct,2020-01-10 03:10:31,none
s_000414,1160,525,2020-01-07 22:49:00,search,6,paid_search_brand,2019-12-10 13:16:51,paid_search_brand,2020-01-02 16:11:04,brand_exact
s_000415,1160,1820,2020-02-10 17:08:00,podcast_or_youtube,13,paid_search_brand,2019-12-10 13:16:51,paid_search_brand,2020-02-10 00:32:18,brand_phrase
s_000416,1574,1552,2020-02-20 13:10:00,friend_or_family,1,paid_social_meta,2020-02-02 14:41:20,paid_social_meta,2020-02-02 14:41:20,prospecting_lal
s_000417,189,1370,2017-02-19 11:35:00,social_media,1,paid_social_meta,2017-01-06 13:54:00,paid_social_meta,2017-01-06 13:54:00,spring_launch
s_000418,189,4055,2017-07-18 13:49:00,app_store,4,paid_social_meta,2017-01-06 13:54:00,paid_search_brand,2017-06-24 17:28:44,brand_phrase
s_000419,466,2367,2017-03-25 19:35:00,search,6,organic_search,2017-03-21 11:26:47,paid_search_brand,2017-03-25 01:22:25,brand_phrase
s_000420,659,1821,2020-02-09 18:38:00,search,7,paid_search_nonbrand,2020-01-10 09:58:40,paid_search_brand,2020-02-08 03:29:45,brand_phrase
s_000421,942,3174,2016-05-12 08:36:00,search,7,paid_search_brand,2016-05-10 11:23:39,direct,2016-05-11 23:25:42,none
s_000422,942,2772,2017-04-15 18:45:00,search,12,paid_search_brand,2016-05-10 11:23:39,paid_social_meta,2017-04-10 21:31:36,retargeting_site
s_000423,841,1822,2020-02-26 21:13:00,social_media,8,paid_social_reddit,2020-01-03 14:31:46,direct,2020-02-26 02:45:58,none
s_000424,841,795,2020-01-14 14:55:00,other,2,paid_social_reddit,2020-01-03 14:31:46,paid_search_brand,2020-01-12 23:28:07,brand_phrase
s_000425,1388,796,2020-01-18 18:26:00,search,4,microsoft_ads,2019-12-27 21:12:47,direct,2020-01-17 01:24:56,none
s_000426,1388,797,2020-01-25 22:47:00,blog_or_review_site,6,microsoft_ads,2019-12-27 21:12:47,paid_search_brand,2020-01-25 22:23:03,brand_phrase
s_000427,1056,1553,2020-02-24 14:46:00,search,8,paid_search_nonbrand,2019-11-28 12:07:01,direct,2020-02-23 05:02:13,none
s_000428,1056,798,2020-01-04 10:20:00,blog_or_review_site,3,paid_search_nonbrand,2019-11-28 12:07:01,direct,2019-12-10 06:14:30,none
s_000429,308,3628,2018-06-27 17:48:00,friend_or_family,3,affiliate,2018-06-20 13:57:14,paid_search_brand,2018-06-27 09:07:56,brand_phrase
s_000430,561,6119,2016-12-16 16:15:00,search,5,paid_search_nonbrand,2016-12-07 00:50:50,paid_search_brand,2016-12-15 15:34:42,brand_phrase
s_000431,507,526,2020-01-09 10:06:00,blog_or_review_site,3,affiliate,2019-12-06 03:11:54,paid_search_brand,2020-01-08 16:15:38,brand_phrase
s_000432,1522,5316,2016-10-03 22:21:00,friend_or_family,5,paid_social_meta,2016-09-13 07:00:50,paid_search_brand,2016-10-02 10:02:35,brand_phrase
s_000433,1522,368,2018-01-17 13:59:00,blog_or_review_site,12,paid_social_meta,2016-09-13 07:00:50,paid_social_meta,2018-01-17 03:50:10,spring_launch
s_000434,113,3608,2016-06-02 09:16:00,podcast_or_youtube,6,referral,2016-04-27 17:45:10,paid_search_brand,2016-05-15 06:43:39,brand_phrase
s_000435,1465,527,2020-01-01 10:11:00,blog_or_review_site,6,paid_social_meta,2017-09-04 16:34:18,paid_search_brand,2019-12-31 05:13:10,brand_phrase
s_000436,1465,4903,2017-09-13 20:04:00,social_media,2,paid_social_meta,2017-09-04 16:34:18,direct,2017-09-10 13:09:59,none
s_000437,25,1554,2020-02-12 16:33:00,other,7,direct,2020-01-04 15:15:18,paid_search_brand,2020-02-11 18:33:12,brand_phrase
s_000438,571,4047,2016-07-26 13:02:00,friend_or_family,2,affiliate,2016-06-19 03:48:36,organic_search,2016-07-01 23:04:03,organic
s_000439,1396,528,2020-01-05 16:25:00,social_media,6,paid_search_nonbrand,2019-11-26 13:59:36,paid_social_meta,2020-01-04 23:09:53,prospecting_lal
s_000440,1396,799,2020-01-23 12:15:00,social_media,12,paid_search_nonbrand,2019-11-26 13:59:36,paid_search_brand,2020-01-18 02:15:24,brand_phrase
s_000441,1396,1555,2020-02-05 09:59:00,search,17,paid_search_nonbrand,2019-11-26 13:59:36,paid_search_brand,2020-02-03 21:54:07,brand_phrase
s_000442,599,1823,2020-02-26 18:09:00,blog_or_review_site,14,direct,2019-12-06 16:57:07,paid_social_meta,2020-02-22 06:17:30,spring_launch
s_000443,599,800,2020-01-15 12:25:00,other,6,direct,2019-12-06 16:57:07,affiliate,2020-01-14 10:14:34,comparison_site
s_000444,599,529,2020-01-19 08:11:00,search,7,direct,2019-12-06 16:57:07,paid_search_brand,2020-01-18 11:43:32,brand_exact
s_000445,1979,1824,2020-02-06 12:53:00,blog_or_review_site,6,affiliate,2020-01-21 17:34:57,organic_search,2020-02-03 16:52:04,organic
s_000446,1253,1825,2020-02-24 15:11:00,friend_or_family,8,paid_search_nonbrand,2020-01-18 13:50:03,direct,2020-02-09 11:23:36,none
s_000447,1253,1556,2020-02-16 19:19:00,search,8,paid_search_nonbrand,2020-01-18 13:50:03,direct,2020-02-09 11:23:36,none
s_000448,1346,801,2020-01-04 13:35:00,search,4,organic_search,2019-11-22 09:40:37,paid_social_meta,2019-12-23 07:51:07,prospecting_lal
s_000449,1394,530,2020-01-26 09:30:00,social_media,2,paid_social_reddit,2020-01-23 22:25:31,direct,2020-01-25 07:29:02,none
s_000450,1303,1557,2020-02-04 15:52:00,blog_or_review_site,3,affiliate,2020-01-25 17:30:40,paid_search_brand,2020-02-03 19:16:30,brand_exact
s_000451,1059,4483,2019-08-03 21:37:00,friend_or_family,5,paid_search_brand,2019-07-24 16:12:50,paid_search_brand,2019-08-03 16:56:09,brand_phrase
s_000452,1297,4066,2018-07-01 11:02:00,social_media,3,paid_social_reddit,2018-06-08 23:14:05,direct,2018-06-13 18:03:37,none
s_000453,1727,1379,2018-02-04 22:30:00,friend_or_family,5,referral,2018-01-10 21:35:07,direct,2018-01-30 06:41:19,none
s_000454,1727,5329,2018-10-19 13:01:00,search,8,referral,2018-01-10 21:35:07,paid_search_brand,2018-09-08 08:17:27,brand_exact
s_000455,1727,4918,2018-09-09 22:39:00,app_store,8,referral,2018-01-10 21:35:07,paid_search_brand,2018-09-08 08:17:27,brand_exact
s_000456,310,1826,2020-02-04 13:06:00,social_media,8,affiliate,2019-12-14 05:33:00,direct,2020-02-02 19:35:58,none
s_000457,310,531,2020-01-08 09:06:00,blog_or_review_site,5,affiliate,2019-12-14 05:33:00,paid_search_brand,2020-01-07 03:12:42,brand_phrase
s_000458,673,1827,2020-02-03 21:51:00,search,4,microsoft_ads,2020-01-08 00:32:16,paid_search_brand,2020-01-24 21:24:50,brand_phrase
s_000459,1239,532,2020-01-13 16:00:00,other,2,direct,2019-12-10 10:42:35,paid_search_brand,2020-01-11 16:35:06,brand_exact
s_000460,1691,533,2020-01-08 16:27:00,search,4,organic_search,2019-12-26 23:37:08,organic_search,2020-01-05 02:07:50,organic
s_000461,562,427,2020-01-11 12:41:00,search,6,paid_search_brand,2019-12-16 15:14:01,paid_search_nonbrand,2020-01-11 02:48:38,compare_cards
s_000462,1223,384,2019-01-23 08:26:00,social_media,6,paid_social_reddit,2018-12-28 16:41:13,direct,2019-01-23 05:58:25,none
s_000463,1319,1828,2020-02-21 18:18:00,search,6,affiliate,2020-01-14 04:33:19,direct,2020-02-20 11:41:00,none
s_000464,575,369,2018-01-01 15:13:00,search,5,paid_search_nonbrand,2017-12-14 18:15:54,direct,2018-01-01 10:32:41,none
s_000465,1580,1829,2020-02-01 17:06:00,friend_or_family,7,paid_search_nonbrand,2020-01-18 02:51:29,organic_search,2020-02-01 01:12:12,organic
s_000466,1580,1830,2020-02-15 17:57:00,search,11,paid_search_nonbrand,2020-01-18 02:51:29,direct,2020-02-15 10:09:06,none
s_000467,1570,1558,2020-02-12 09:14:00,blog_or_review_site,21,affiliate,2020-01-11 18:47:25,paid_search_brand,2020-02-10 23:13:08,brand_exact
s_000468,1570,1831,2020-02-20 18:59:00,podcast_or_youtube,25,affiliate,2020-01-11 18:47:25,paid_search_brand,2020-02-20 14:24:41,brand_phrase
s_000469,1570,534,2020-01-22 11:41:00,blog_or_review_site,9,affiliate,2020-01-11 18:47:25,paid_search_brand,2020-01-22 06:42:13,brand_exact
s_000470,846,2789,2019-04-17 08:58:00,social_media,4,paid_social_meta,2019-03-17 00:52:24,paid_search_brand,2019-04-15 18:03:18,brand_exact
s_000471,335,353,2016-01-27 19:30:00,social_media,6,paid_social_reddit,2016-01-11 08:54:55,paid_search_brand,2016-01-26 08:42:46,brand_exact
s_000472,886,535,2020-01-15 12:35:00,friend_or_family,6,paid_search_nonbrand,2019-12-14 08:54:05,direct,2020-01-13 14:16:40,none
s_000473,297,536,2020-01-25 12:45:00,friend_or_family,4,paid_search_nonbrand,2020-01-13 07:07:21,paid_search_brand,2020-01-23 06:30:30,brand_exact
s_000474,1860,1832,2020-02-18 14:58:00,search,7,organic_search,2020-01-09 12:02:44,paid_search_brand,2020-02-17 01:34:13,brand_phrase
s_000475,1860,1833,2020-02-20 09:34:00,blog_or_review_site,8,organic_search,2020-01-09 12:02:44,email_lifecycle,2020-02-18 16:28:56,cross_sell_card
s_000476,731,1559,2020-02-22 11:41:00,social_media,18,paid_search_nonbrand,2019-12-14 10:36:48,direct,2020-02-22 06:44:02,none
s_000477,731,802,2020-01-25 18:10:00,search,8,paid_search_nonbrand,2019-12-14 10:36:48,referral,2020-01-25 13:38:10,refer_a_friend
s_000478,63,397,2020-01-21 09:34:00,other,12,affiliate,2018-07-08 18:42:49,paid_search_brand,2020-01-21 06:30:05,brand_exact
s_000479,63,4067,2018-07-23 11:46:00,blog_or_review_site,6,affiliate,2018-07-08 18:42:49,paid_search_brand,2018-07-22 14:59:48,brand_exact
s_000480,786,537,2020-01-08 18:39:00,search,6,organic_search,2019-12-13 16:09:45,paid_search_nonbrand,2020-01-07 18:21:25,generic_cards
s_000481,786,1834,2020-02-08 11:26:00,search,9,organic_search,2019-12-13 16:09:45,paid_social_meta,2020-02-07 04:03:18,retargeting_site
s_000482,1886,538,2020-01-21 21:24:00,search,12,affiliate,2019-12-13 05:22:37,direct,2020-01-21 20:51:39,none
s_000483,1886,803,2020-01-24 13:25:00,blog_or_review_site,13,affiliate,2019-12-13 05:22:37,paid_search_brand,2020-01-23 19:06:58,brand_exact
s_000484,1532,1560,2020-02-18 14:15:00,friend_or_family,6,microsoft_ads,2020-01-21 00:33:00,paid_search_brand,2020-02-16 23:15:11,brand_phrase
s_000485,744,5720,2016-11-20 20:05:00,app_store,5,apple_search_ads,2016-10-22 23:27:32,paid_search_brand,2016-11-19 09:54:46,brand_phrase
s_000486,1713,1835,2020-02-25 22:44:00,blog_or_review_site,2,affiliate,2020-01-25 11:19:35,paid_search_brand,2020-02-25 15:09:06,brand_phrase
s_000487,1506,804,2020-01-02 11:08:00,search,1,paid_search_brand,2019-11-18 12:21:45,paid_search_brand,2019-11-18 12:21:45,brand_phrase
s_000488,1506,1836,2020-02-19 21:25:00,search,9,paid_search_brand,2019-11-18 12:21:45,email_lifecycle,2020-02-17 06:50:46,cross_sell_card
s_000489,778,539,2020-01-13 11:06:00,social_media,3,paid_social_meta,2019-12-12 11:13:23,paid_search_brand,2019-12-24 07:51:25,brand_exact
s_000490,950,1837,2020-02-08 17:57:00,blog_or_review_site,2,affiliate,2020-01-17 15:33:04,paid_search_brand,2020-02-08 03:57:34,brand_phrase
s_000491,1197,1838,2020-02-23 10:10:00,social_media,10,paid_social_meta,2019-12-07 05:28:21,email_lifecycle,2020-02-19 10:57:15,reactivation
s_000492,1197,1839,2020-02-27 12:34:00,search,19,paid_social_meta,2019-12-07 05:28:21,email_lifecycle,2020-02-27 07:12:53,onboarding_drip
s_000493,1197,540,2020-01-13 18:22:00,friend_or_family,2,paid_social_meta,2019-12-07 05:28:21,microsoft_ads,2020-01-05 18:42:18,bing_brand
s_000494,1290,3629,2018-06-14 18:50:00,search,7,paid_search_brand,2018-05-27 09:51:00,paid_search_brand,2018-06-13 03:17:30,brand_phrase
s_000495,56,1444,2020-02-02 10:01:00,other,8,direct,2019-12-28 10:35:18,email_lifecycle,2020-01-31 07:48:10,cross_sell_card
s_000496,56,805,2020-01-12 16:09:00,search,6,direct,2019-12-28 10:35:18,organic_search,2020-01-11 18:34:34,organic
s_000497,787,541,2020-01-18 18:56:00,friend_or_family,2,paid_search_brand,2019-12-06 16:55:38,direct,2020-01-17 16:40:53,none
s_000498,787,1561,2020-02-22 18:43:00,podcast_or_youtube,12,paid_search_brand,2019-12-06 16:55:38,paid_search_brand,2020-02-22 01:30:24,brand_phrase
s_000499,251,1562,2020-02-05 21:49:00,search,7,affiliate,2020-01-03 18:17:09,paid_search_brand,2020-01-28 04:27:39,brand_exact
s_000500,251,806,2020-01-28 13:51:00,blog_or_review_site,7,affiliate,2020-01-03 18:17:09,paid_search_brand,2020-01-28 04:27:39,brand_exact
s_000501,1351,1563,2020-02-26 11:15:00,search,6,microsoft_ads,2020-02-22 18:04:31,paid_search_nonbrand,2020-02-25 20:02:30,generic_cards
s_000502,1935,1564,2020-02-28 19:23:00,friend_or_family,14,paid_social_meta,2020-01-03 16:00:42,paid_search_brand,2020-02-26 21:14:21,brand_phrase
s_000503,1935,542,2020-01-27 13:09:00,social_media,4,paid_social_meta,2020-01-03 16:00:42,affiliate,2020-01-21 05:35:13,comparison_site
s_000504,1935,1840,2020-02-20 20:00:00,friend_or_family,12,paid_social_meta,2020-01-03 16:00:42,paid_search_nonbrand,2020-02-20 09:06:47,rewards_terms
s_000505,1865,1565,2020-02-24 19:18:00,blog_or_review_site,5,affiliate,2020-02-06 19:26:00,paid_social_meta,2020-02-24 11:09:31,spring_launch
s_000506,268,1841,2020-02-17 11:36:00,social_media,12,affiliate,2019-11-19 11:10:59,paid_social_meta,2020-02-14 01:18:56,spring_launch
s_000507,268,1566,2020-02-13 08:40:00,friend_or_family,11,affiliate,2019-11-19 11:10:59,paid_search_brand,2020-02-12 06:44:09,brand_phrase
s_000508,268,543,2020-01-01 19:45:00,blog_or_review_site,1,affiliate,2019-11-19 11:10:59,affiliate,2019-11-19 11:10:59,partner_blog
s_000509,152,1401,2020-02-07 08:20:00,search,2,paid_search_brand,2020-01-13 06:47:44,direct,2020-02-05 16:32:26,none
s_000510,1028,1567,2020-02-07 14:01:00,search,2,organic_search,2020-02-02 16:41:12,paid_search_brand,2020-02-06 00:35:15,brand_exact
s_000511,922,544,2020-01-21 09:14:00,blog_or_review_site,6,affiliate,2020-01-13 14:51:55,paid_search_brand,2020-01-20 10:47:44,brand_exact
s_000512,549,4467,2018-08-09 18:53:00,friend_or_family,2,paid_social_meta,2018-07-16 22:54:47,paid_search_brand,2018-08-08 15:50:01,brand_phrase
s_000513,565,4071,2018-07-19 19:24:00,friend_or_family,13,paid_social_meta,2016-05-17 07:07:13,paid_social_meta,2018-07-18 16:39:42,retargeting_site
s_000514,565,3175,2016-05-26 16:36:00,search,3,paid_social_meta,2016-05-17 07:07:13,direct,2016-05-25 15:28:39,none
s_000515,1494,545,2020-01-15 19:00:00,friend_or_family,7,microsoft_ads,2019-12-01 17:23:36,paid_search_brand,2020-01-15 11:40:21,brand_exact
s_000516,1494,1842,2020-02-15 15:08:00,search,14,microsoft_ads,2019-12-01 17:23:36,paid_search_brand,2020-02-15 13:18:24,brand_exact
s_000517,1809,370,2018-01-09 17:12:00,other,4,direct,2017-12-11 02:45:04,paid_search_brand,2018-01-08 02:07:32,brand_phrase
s_000518,1770,1402,2020-02-01 14:53:00,search,3,paid_search_nonbrand,2020-01-04 18:48:57,paid_social_meta,2020-01-29 03:19:17,retargeting_site
s_000519,1770,1843,2020-02-20 17:48:00,other,8,paid_search_nonbrand,2020-01-04 18:48:57,paid_search_nonbrand,2020-02-20 15:15:56,compare_cards
s_000520,1139,546,2020-01-03 20:10:00,search,6,paid_social_meta,2019-12-19 11:55:15,organic_search,2020-01-03 18:04:56,organic
s_000521,1544,352,2016-01-23 17:59:00,search,2,organic_search,2016-01-12 00:03:40,paid_search_brand,2016-01-23 04:01:37,brand_phrase
s_000522,1174,547,2020-01-24 10:07:00,search,3,paid_search_brand,2020-01-19 11:07:33,direct,2020-01-23 21:05:41,none
s_000523,369,2779,2018-04-04 20:39:00,search,4,paid_search_nonbrand,2018-03-07 04:09:08,paid_search_brand,2018-04-04 15:42:04,brand_exact
s_000524,1592,1403,2020-02-02 21:34:00,social_media,7,paid_social_meta,2019-12-23 18:28:51,paid_search_brand,2020-02-02 04:05:12,brand_exact
s_000525,1592,1844,2020-02-04 10:40:00,social_media,7,paid_social_meta,2019-12-23 18:28:51,paid_search_brand,2020-02-02 04:05:12,brand_exact
s_000526,1592,1845,2020-02-26 10:31:00,app_store,15,paid_social_meta,2019-12-23 18:28:51,direct,2020-02-26 09:16:21,none
s_000527,1680,1846,2020-02-01 22:03:00,search,7,affiliate,2017-10-18 10:20:31,paid_search_brand,2020-01-25 14:16:26,brand_exact
s_000528,1680,5325,2017-10-22 14:23:00,blog_or_review_site,5,affiliate,2017-10-18 10:20:31,direct,2017-10-22 09:15:39,none
s_000529,494,1847,2020-02-23 15:06:00,other,3,paid_search_nonbrand,2020-01-30 09:23:41,paid_social_reddit,2020-02-17 08:20:01,r_personalfinance
s_000530,425,6133,2017-12-22 12:15:00,search,7,microsoft_ads,2017-12-12 07:34:14,organic_search,2017-12-21 07:33:39,organic
s_000531,1495,1568,2020-02-22 19:34:00,search,7,affiliate,2020-01-15 04:25:03,direct,2020-02-21 15:50:41,none
s_000532,1005,548,2020-01-11 13:13:00,blog_or_review_site,1,affiliate,2019-12-03 23:27:30,affiliate,2019-12-03 23:27:30,partner_blog
s_000533,439,1569,2020-02-16 08:06:00,search,14,affiliate,2016-03-01 14:25:10,paid_social_meta,2020-02-16 04:32:07,prospecting_lal
s_000534,439,2762,2016-04-08 21:18:00,blog_or_review_site,6,affiliate,2016-03-01 14:25:10,paid_search_brand,2016-04-07 14:03:18,brand_exact
s_000535,448,549,2020-01-10 12:42:00,search,4,microsoft_ads,2019-12-21 17:01:28,direct,2020-01-09 19:59:49,none
s_000536,1907,550,2020-01-27 13:42:00,friend_or_family,6,apple_search_ads,2019-12-20 23:33:12,organic_search,2020-01-16 17:09:15,organic
s_000537,1644,5728,2016-11-13 15:48:00,other,5,direct,2016-10-18 23:54:19,paid_search_brand,2016-11-12 20:09:07,brand_exact
s_000538,1929,1570,2020-02-13 20:28:00,blog_or_review_site,2,affiliate,2020-02-03 15:46:31,direct,2020-02-12 10:07:52,none
s_000539,95,1571,2020-02-16 19:28:00,search,7,organic_search,2020-01-16 07:14:41,direct,2020-02-16 19:14:02,none
s_000540,95,1848,2020-02-26 19:14:00,friend_or_family,16,organic_search,2020-01-16 07:14:41,email_lifecycle,2020-02-26 14:41:43,reactivation
s_000541,1778,551,2020-01-25 21:56:00,blog_or_review_site,6,microsoft_ads,2019-12-27 18:42:00,direct,2020-01-25 03:23:10,none
s_000542,1778,1572,2020-02-12 13:09:00,other,8,microsoft_ads,2019-12-27 18:42:00,paid_search_brand,2020-02-04 07:47:09,brand_exact
s_000543,788,1849,2020-02-26 21:04:00,blog_or_review_site,12,affiliate,2020-02-07 11:53:47,paid_search_brand,2020-02-25 21:39:23,brand_exact
s_000544,788,1573,2020-02-24 14:46:00,search,9,affiliate,2020-02-07 11:53:47,organic_search,2020-02-23 20:21:25,organic
s_000545,1587,807,2020-01-15 15:12:00,search,5,microsoft_ads,2019-12-26 07:14:02,paid_search_brand,2020-01-11 12:35:21,brand_exact
s_000546,712,2773,2017-04-05 17:48:00,social_media,10,organic_search,2016-04-25 09:05:22,paid_search_brand,2017-03-25 13:45:40,brand_exact
s_000547,712,3615,2016-06-02 12:05:00,search,4,organic_search,2016-04-25 09:05:22,paid_search_brand,2016-05-19 07:09:34,brand_phrase
s_000548,243,552,2020-01-20 12:59:00,blog_or_review_site,1,affiliate,2020-01-11 03:33:59,affiliate,2020-01-11 03:33:59,cashback_portal
s_000549,146,4475,2018-08-22 13:09:00,podcast_or_youtube,5,affiliate,2018-07-27 04:37:46,organic_search,2018-08-16 01:52:26,organic
s_000550,715,1574,2020-02-20 09:34:00,friend_or_family,11,affiliate,2019-11-01 10:55:03,direct,2020-02-20 05:41:55,none
s_000551,715,6141,2019-12-03 11:50:00,blog_or_review_site,5,affiliate,2019-11-01 10:55:03,direct,2019-12-03 05:23:05,none
s_000552,1232,1850,2020-02-01 12:35:00,social_media,6,paid_social_meta,2019-12-30 16:03:06,organic_search,2020-01-25 05:13:38,organic
s_000553,1232,808,2020-01-21 17:14:00,search,5,paid_social_meta,2019-12-30 16:03:06,paid_search_nonbrand,2020-01-21 01:58:42,compare_cards
s_000554,486,553,2020-01-07 21:17:00,search,4,paid_search_brand,2019-12-12 16:38:42,direct,2020-01-07 14:58:56,none
s_000555,1409,1851,2020-02-04 17:34:00,friend_or_family,4,paid_search_brand,2020-01-14 09:51:15,paid_search_brand,2020-02-03 05:39:40,brand_exact
s_000556,1601,809,2020-01-15 19:11:00,other,7,direct,2019-12-29 14:02:49,paid_search_nonbrand,2020-01-15 09:30:19,generic_cards
s_000557,1601,1852,2020-02-05 19:14:00,search,13,direct,2019-12-29 14:02:49,direct,2020-02-01 21:01:31,none
s_000558,1760,1404,2020-02-14 10:14:00,social_media,9,paid_social_meta,2020-01-05 23:13:06,paid_search_brand,2020-02-08 16:46:10,brand_phrase
s_000559,1760,1575,2020-02-10 14:06:00,search,9,paid_social_meta,2020-01-05 23:13:06,paid_search_brand,2020-02-08 16:46:10,brand_phrase
s_000560,927,1853,2020-02-20 11:21:00,blog_or_review_site,2,affiliate,2020-01-08 05:01:26,direct,2020-02-17 17:23:10,none
s_000561,1667,554,2020-01-08 11:56:00,social_media,3,affiliate,2020-01-07 03:35:02,organic_search,2020-01-08 10:09:08,organic
s_000562,179,1854,2020-02-18 18:59:00,social_media,7,paid_social_meta,2020-01-23 00:21:54,paid_search_brand,2020-02-18 11:19:54,brand_exact
s_000563,513,1855,2020-02-07 20:45:00,social_media,15,direct,2018-12-20 03:21:16,microsoft_ads,2020-01-25 17:16:07,bing_generic
s_000564,513,810,2020-01-07 08:51:00,social_media,12,direct,2018-12-20 03:21:16,paid_search_brand,2019-12-30 13:20:55,brand_exact
s_000565,513,6139,2018-12-25 19:53:00,other,6,direct,2018-12-20 03:21:16,direct,2018-12-24 20:18:08,none
s_000566,850,3176,2016-05-16 10:34:00,blog_or_review_site,1,apple_search_ads,2016-05-06 02:13:29,apple_search_ads,2016-05-06 02:13:29,asa_discovery
s_000567,716,811,2020-01-10 21:23:00,friend_or_family,7,organic_search,2019-12-02 05:05:45,paid_search_brand,2020-01-09 20:09:23,brand_phrase
s_000568,716,555,2020-01-19 08:24:00,search,10,organic_search,2019-12-02 05:05:45,direct,2020-01-16 16:03:16,none
s_000569,716,556,2020-01-22 11:26:00,app_store,12,organic_search,2019-12-02 05:05:45,direct,2020-01-22 10:35:33,none
s_000570,254,557,2020-01-18 15:28:00,social_media,3,organic_search,2019-12-23 02:21:33,paid_search_brand,2020-01-17 21:47:37,brand_exact
s_000571,254,1576,2020-02-05 13:18:00,friend_or_family,6,organic_search,2019-12-23 02:21:33,paid_search_nonbrand,2020-01-30 14:08:11,compare_cards
s_000572,226,1856,2020-02-15 09:10:00,search,8,paid_social_meta,2019-12-22 16:03:37,paid_search_nonbrand,2020-01-27 16:36:35,compare_cards
s_000573,226,812,2020-01-17 16:53:00,search,7,paid_social_meta,2019-12-22 16:03:37,paid_search_nonbrand,2020-01-17 05:29:28,compare_cards
s_000574,475,558,2020-01-08 15:55:00,social_media,3,affiliate,2019-12-07 00:54:34,paid_search_brand,2019-12-28 18:50:51,brand_exact
s_000575,93,1405,2020-02-12 16:46:00,search,3,organic_search,2020-01-30 15:23:39,paid_search_brand,2020-02-12 13:16:50,brand_phrase
s_000576,93,1577,2020-02-23 13:38:00,search,9,organic_search,2020-01-30 15:23:39,paid_search_brand,2020-02-23 04:47:24,brand_phrase
s_000577,1327,1578,2020-02-10 21:45:00,search,7,paid_search_brand,2020-01-18 08:36:16,paid_search_brand,2020-02-10 05:53:53,brand_exact
s_000578,1327,1579,2020-02-21 22:39:00,friend_or_family,7,paid_search_brand,2020-01-18 08:36:16,paid_search_brand,2020-02-10 05:53:53,brand_exact
s_000579,1471,1580,2020-02-01 13:59:00,app_store,4,apple_search_ads,2020-01-09 18:51:27,paid_search_nonbrand,2020-01-20 02:32:25,compare_cards
s_000580,367,1581,2020-02-02 11:56:00,social_media,10,paid_search_brand,2020-01-07 08:56:57,paid_search_brand,2020-02-01 11:44:03,brand_phrase
s_000581,367,1582,2020-02-08 17:12:00,search,10,paid_search_brand,2020-01-07 08:56:57,paid_search_brand,2020-02-01 11:44:03,brand_phrase
s_000582,207,385,2019-01-21 16:09:00,search,4,organic_search,2018-12-11 20:41:27,paid_search_brand,2019-01-12 05:58:36,brand_exact
s_000583,1838,1583,2020-02-06 21:11:00,blog_or_review_site,3,affiliate,2020-01-19 20:00:58,paid_search_brand,2020-02-05 00:59:28,brand_exact
s_000584,844,4896,2016-09-02 21:38:00,friend_or_family,6,referral,2016-08-16 02:09:34,direct,2016-09-01 12:55:55,none
s_000585,815,813,2020-01-04 22:49:00,blog_or_review_site,6,affiliate,2019-02-15 18:39:19,direct,2020-01-04 09:18:05,none
s_000586,815,1393,2019-02-20 17:45:00,friend_or_family,1,affiliate,2019-02-15 18:39:19,affiliate,2019-02-15 18:39:19,partner_blog
s_000587,407,559,2020-01-13 09:40:00,search,12,paid_search_brand,2019-12-05 10:43:45,paid_search_brand,2020-01-11 06:43:43,brand_phrase
s_000588,407,1406,2020-02-22 21:55:00,friend_or_family,24,paid_search_brand,2019-12-05 10:43:45,paid_search_brand,2020-02-20 22:33:30,brand_exact
s_000589,407,560,2020-01-22 15:02:00,blog_or_review_site,15,paid_search_brand,2019-12-05 10:43:45,email_lifecycle,2020-01-18 22:36:09,reactivation
s_000590,407,428,2020-01-05 18:17:00,app_store,9,paid_search_brand,2019-12-05 10:43:45,paid_search_brand,2020-01-02 21:16:08,brand_exact
s_000591,1740,2382,2019-03-23 20:14:00,podcast_or_youtube,3,affiliate,2019-03-04 19:04:00,paid_search_brand,2019-03-22 22:31:47,brand_phrase
s_000592,1740,1584,2020-02-14 18:05:00,search,18,affiliate,2019-03-04 19:04:00,paid_social_meta,2020-02-14 17:08:09,retargeting_site
s_000593,1740,5338,2019-10-26 11:27:00,social_media,9,affiliate,2019-03-04 19:04:00,direct,2019-10-25 04:24:07,none
s_000594,1184,4897,2016-09-11 09:20:00,social_media,7,paid_social_reddit,2016-08-23 15:19:22,paid_search_brand,2016-09-09 11:25:28,brand_exact
s_000595,1440,1585,2020-02-14 09:57:00,podcast_or_youtube,3,direct,2020-02-09 10:33:43,paid_search_brand,2020-02-10 13:23:18,brand_phrase
s_000596,1446,1857,2020-02-05 13:24:00,search,13,paid_social_meta,2016-03-25 02:45:50,direct,2020-01-18 18:45:44,none
s_000597,1446,3181,2016-05-06 20:11:00,social_media,6,paid_social_meta,2016-03-25 02:45:50,direct,2016-05-05 14:52:54,none
s_000598,1263,1445,2020-02-25 20:32:00,search,1,paid_search_brand,2020-02-15 18:12:47,paid_search_brand,2020-02-15 18:12:47,brand_phrase
s_000599,1483,1586,2020-02-19 20:52:00,blog_or_review_site,17,direct,2019-11-27 22:03:53,paid_search_brand,2020-02-19 11:19:31,brand_phrase
s_000600,1483,814,2020-01-01 19:16:00,social_media,7,direct,2019-11-27 22:03:53,direct,2019-12-31 14:25:49,none
s_000601,1085,561,2020-01-15 17:44:00,podcast_or_youtube,2,affiliate,2019-12-30 08:39:26,paid_search_brand,2020-01-14 14:03:02,brand_phrase
s_000602,1085,1587,2020-02-17 18:39:00,social_media,6,affiliate,2019-12-30 08:39:26,direct,2020-02-17 18:15:26,none
s_000603,1961,1588,2020-02-17 16:37:00,other,11,paid_search_nonbrand,2020-01-11 16:00:38,direct,2020-02-17 15:06:50,none
s_000604,1961,1589,2020-02-26 20:47:00,friend_or_family,11,paid_search_nonbrand,2020-01-11 16:00:38,direct,2020-02-17 15:06:50,none
s_000605,890,354,2016-01-12 08:06:00,search,2,paid_search_nonbrand,2016-01-02 01:55:58,direct,2016-01-11 04:21:34,none
s_000606,74,562,2020-01-12 19:33:00,blog_or_review_site,5,affiliate,2019-12-19 21:40:30,direct,2020-01-11 19:56:40,none
s_000607,1216,815,2020-01-17 22:25:00,search,17,paid_search_nonbrand,2019-12-14 10:53:16,direct,2020-01-16 01:00:06,none
s_000608,1216,1858,2020-02-25 18:37:00,social_media,38,paid_search_nonbrand,2019-12-14 10:53:16,email_lifecycle,2020-02-22 20:35:45,onboarding_drip
s_000609,1216,1590,2020-02-17 17:47:00,other,34,paid_search_nonbrand,2019-12-14 10:53:16,paid_search_brand,2020-02-16 18:30:00,brand_phrase
s_000610,1216,1859,2020-02-09 10:47:00,search,30,paid_search_nonbrand,2019-12-14 10:53:16,paid_search_brand,2020-02-09 09:02:21,brand_exact
s_000611,1216,816,2020-01-21 11:36:00,other,19,paid_search_nonbrand,2019-12-14 10:53:16,email_lifecycle,2020-01-20 14:56:49,reactivation
s_000612,1216,817,2020-01-15 17:02:00,other,16,paid_search_nonbrand,2019-12-14 10:53:16,paid_search_brand,2020-01-15 16:24:49,brand_phrase
s_000613,797,4060,2017-07-25 21:04:00,social_media,6,paid_social_meta,2017-07-01 01:05:58,paid_search_brand,2017-07-24 05:40:57,brand_phrase
s_000614,797,818,2020-01-02 10:32:00,search,13,paid_social_meta,2017-07-01 01:05:58,direct,2020-01-01 16:26:20,none
s_000615,797,5339,2019-10-27 21:38:00,social_media,9,paid_social_meta,2017-07-01 01:05:58,direct,2019-10-21 00:44:07,none
s_000616,610,429,2020-01-17 14:32:00,friend_or_family,8,paid_social_meta,2019-12-06 22:59:49,paid_search_brand,2020-01-10 23:02:59,brand_exact
s_000617,610,819,2020-01-22 12:00:00,search,10,paid_social_meta,2019-12-06 22:59:49,direct,2020-01-22 10:37:54,none
s_000618,610,820,2020-01-08 09:34:00,social_media,7,paid_social_meta,2019-12-06 22:59:49,direct,2020-01-07 06:44:41,none
s_000619,610,398,2020-01-24 08:32:00,other,11,paid_social_meta,2019-12-06 22:59:49,direct,2020-01-22 14:54:25,none
s_000620,975,1860,2020-02-16 12:53:00,blog_or_review_site,13,paid_search_nonbrand,2020-01-12 23:12:26,paid_social_meta,2020-02-15 18:37:10,retargeting_site
s_000621,975,1591,2020-02-04 14:15:00,search,10,paid_search_nonbrand,2020-01-12 23:12:26,direct,2020-01-29 13:02:27,none
s_000622,109,1861,2020-02-10 12:40:00,social_media,2,apple_search_ads,2020-02-04 09:08:51,direct,2020-02-05 08:43:56,none
s_000623,547,4076,2019-07-11 12:50:00,search,5,paid_search_brand,2017-08-17 00:04:27,paid_search_brand,2019-07-04 07:37:15,brand_exact
s_000624,547,4461,2017-08-18 18:22:00,search,3,paid_search_brand,2017-08-17 00:04:27,paid_search_brand,2017-08-17 13:48:42,brand_phrase
s_000625,347,1592,2020-02-13 08:26:00,friend_or_family,6,organic_search,2019-12-14 07:29:43,paid_search_nonbrand,2020-02-12 16:09:02,rewards_terms
s_000626,347,821,2020-01-21 09:01:00,other,3,organic_search,2019-12-14 07:29:43,direct,2020-01-20 05:24:45,none
s_000627,1368,822,2020-01-01 21:37:00,blog_or_review_site,7,affiliate,2019-12-20 10:34:45,paid_search_brand,2020-01-01 20:35:50,brand_phrase
s_000628,1547,563,2020-01-14 10:28:00,blog_or_review_site,13,microsoft_ads,2018-05-09 21:17:07,paid_search_brand,2020-01-14 09:25:17,brand_exact
s_000629,1547,3630,2018-06-20 09:12:00,friend_or_family,6,microsoft_ads,2018-05-09 21:17:07,direct,2018-06-19 08:08:04,none
s_000630,1812,564,2020-01-19 20:39:00,blog_or_review_site,3,affiliate,2019-12-08 15:03:52,paid_search_brand,2020-01-17 22:40:46,brand_phrase
s_000631,82,2780,2018-04-01 17:32:00,friend_or_family,1,organic_search,2018-02-16 07:07:00,organic_search,2018-02-16 07:07:00,organic
s_000632,1893,1862,2020-02-06 15:07:00,search,5,organic_search,2019-12-30 13:17:33,paid_search_brand,2020-02-06 06:27:15,brand_exact
s_000633,955,1863,2020-02-21 20:39:00,other,27,affiliate,2016-01-31 05:26:39,paid_search_brand,2020-02-20 15:02:53,brand_exact
s_000634,955,565,2020-01-18 17:56:00,search,21,affiliate,2016-01-31 05:26:39,paid_search_brand,2020-01-17 13:58:06,brand_phrase
s_000635,955,5723,2016-11-07 21:32:00,friend_or_family,15,affiliate,2016-01-31 05:26:39,organic_search,2016-11-07 13:36:37,organic
s_000636,955,1366,2016-02-20 19:37:00,friend_or_family,7,affiliate,2016-01-31 05:26:39,direct,2016-02-19 09:05:29,none
s_000637,856,1367,2016-02-16 10:22:00,search,4,organic_search,2016-02-04 11:30:30,paid_social_meta,2016-02-10 14:57:20,prospecting_lal
s_000638,261,6129,2016-12-04 22:48:00,friend_or_family,7,paid_social_meta,2016-10-30 20:15:36,paid_search_brand,2016-12-04 04:11:16,brand_phrase
s_000639,1864,823,2020-01-27 20:29:00,search,3,paid_search_nonbrand,2019-12-20 22:40:35,paid_social_reddit,2020-01-26 18:34:37,r_churning
s_000640,1768,1864,2020-02-14 09:22:00,other,3,direct,2020-01-18 08:31:48,direct,2020-02-13 21:09:28,none
s_000641,1393,1865,2020-02-21 19:10:00,other,1,direct,2020-01-15 22:11:18,direct,2020-01-15 22:11:18,none
s_000642,865,824,2020-01-03 13:26:00,other,7,paid_social_meta,2019-11-25 17:49:37,direct,2020-01-02 10:32:28,none
s_000643,1914,566,2020-01-22 12:44:00,friend_or_family,5,apple_search_ads,2019-12-10 13:28:07,paid_search_brand,2020-01-05 05:58:49,brand_exact
s_000644,1641,2368,2017-03-04 20:25:00,blog_or_review_site,3,paid_search_brand,2017-02-07 23:57:51,paid_search_brand,2017-03-04 15:11:39,brand_exact
s_000645,707,825,2020-01-18 14:12:00,search,4,organic_search,2020-01-02 09:22:15,direct,2020-01-17 00:53:28,none
s_000646,127,2376,2018-03-19 18:19:00,social_media,5,paid_social_meta,2018-02-28 00:45:27,paid_search_nonbrand,2018-03-13 07:44:09,compare_cards
s_000647,1675,2372,2018-03-24 20:32:00,friend_or_family,6,referral,2018-03-04 10:23:12,direct,2018-03-16 14:12:00,none
s_000648,452,1866,2020-02-19 18:39:00,friend_or_family,6,apple_search_ads,2020-01-29 09:00:08,direct,2020-02-17 18:56:44,none
s_000649,1157,1867,2020-02-07 18:40:00,friend_or_family,3,affiliate,2020-02-03 03:04:27,paid_search_brand,2020-02-06 17:04:08,brand_phrase
s_000650,1984,567,2020-01-18 18:21:00,search,7,paid_search_nonbrand,2019-12-12 23:07:59,paid_search_brand,2020-01-17 00:55:55,brand_exact
s_000651,835,4910,2017-09-08 15:16:00,search,7,paid_social_meta,2017-08-30 20:44:19,paid_search_brand,2017-09-07 17:07:42,brand_phrase
s_000652,1795,1868,2020-02-05 13:54:00,social_media,17,paid_social_meta,2019-12-01 09:16:24,paid_search_brand,2020-02-04 12:55:37,brand_exact
s_000653,1795,1869,2020-02-06 21:48:00,search,18,paid_social_meta,2019-12-01 09:16:24,direct,2020-02-06 18:15:29,none
s_000654,1795,1593,2020-02-21 08:56:00,social_media,30,paid_social_meta,2019-12-01 09:16:24,direct,2020-02-21 05:18:24,none
s_000655,1795,1594,2020-02-13 22:40:00,other,22,paid_social_meta,2019-12-01 09:16:24,paid_social_reddit,2020-02-13 01:32:59,r_personalfinance
s_000656,1795,399,2020-01-08 18:01:00,friend_or_family,6,paid_social_meta,2019-12-01 09:16:24,direct,2020-01-07 13:50:07,none
s_000657,1795,1595,2020-02-24 21:41:00,search,31,paid_social_meta,2019-12-01 09:16:24,email_lifecycle,2020-02-22 09:22:36,reactivation
s_000658,1221,355,2016-01-06 11:44:00,search,4,paid_search_brand,2016-01-01 20:28:30,paid_search_brand,2016-01-05 13:24:39,brand_phrase
s_000659,1821,568,2020-01-02 12:09:00,blog_or_review_site,8,affiliate,2019-12-15 07:03:53,paid_search_brand,2020-01-02 09:48:03,brand_phrase
s_000660,1821,1870,2020-02-19 10:01:00,search,17,affiliate,2019-12-15 07:03:53,paid_search_brand,2020-02-18 02:28:22,brand_phrase
s_000661,1821,826,2020-01-12 18:43:00,search,10,affiliate,2019-12-15 07:03:53,paid_search_brand,2020-01-11 18:19:53,brand_phrase
s_000662,1248,5320,2017-10-12 18:02:00,search,6,organic_search,2017-10-05 18:29:53,direct,2017-10-12 16:32:38,none
s_000663,1620,1596,2020-02-02 12:19:00,blog_or_review_site,3,affiliate,2020-01-26 18:55:43,paid_search_brand,2020-02-02 03:34:05,brand_phrase
s_000664,1620,1871,2020-02-26 19:41:00,blog_or_review_site,6,affiliate,2020-01-26 18:55:43,paid_social_meta,2020-02-16 01:44:04,prospecting_lal
s_000665,1620,1872,2020-02-25 15:32:00,blog_or_review_site,6,affiliate,2020-01-26 18:55:43,paid_social_meta,2020-02-16 01:44:04,prospecting_lal
s_000666,1043,1394,2019-02-28 12:52:00,app_store,3,apple_search_ads,2019-02-21 18:52:07,paid_search_brand,2019-02-26 18:40:14,brand_exact
s_000667,1043,1873,2020-02-03 12:42:00,search,10,apple_search_ads,2019-02-21 18:52:07,paid_search_brand,2020-02-01 18:13:31,brand_phrase
s_000668,1376,1874,2020-02-23 08:12:00,blog_or_review_site,5,affiliate,2020-01-22 18:28:01,direct,2020-02-22 23:59:17,none
s_000669,834,1875,2020-02-25 14:36:00,social_media,15,organic_search,2019-12-11 15:23:16,direct,2020-02-22 20:50:19,none
s_000670,834,1876,2020-02-21 10:51:00,social_media,14,organic_search,2019-12-11 15:23:16,paid_social_meta,2020-02-18 17:01:01,retargeting_site
s_000671,834,1407,2020-02-12 12:24:00,friend_or_family,13,organic_search,2019-12-11 15:23:16,paid_search_brand,2020-02-11 15:37:00,brand_phrase
s_000672,834,827,2020-01-04 15:53:00,search,6,organic_search,2019-12-11 15:23:16,direct,2020-01-02 16:12:54,none
s_000673,834,1877,2020-02-24 09:26:00,blog_or_review_site,15,organic_search,2019-12-11 15:23:16,direct,2020-02-22 20:50:19,none
s_000674,834,1878,2020-02-22 11:59:00,search,14,organic_search,2019-12-11 15:23:16,paid_social_meta,2020-02-18 17:01:01,retargeting_site
s_000675,1583,828,2020-01-01 09:26:00,search,11,referral,2016-10-28 08:52:59,paid_search_brand,2020-01-01 02:06:38,brand_exact
s_000676,1583,5724,2016-11-05 14:20:00,friend_or_family,5,referral,2016-10-28 08:52:59,paid_search_brand,2016-11-04 09:48:13,brand_phrase
s_000677,401,2383,2019-03-23 13:41:00,social_media,4,paid_social_meta,2019-03-06 18:22:23,paid_search_brand,2019-03-21 20:30:21,brand_exact
s_000678,401,4924,2019-09-08 19:33:00,other,12,paid_social_meta,2019-03-06 18:22:23,paid_search_brand,2019-09-08 06:07:16,brand_exact
s_000679,401,1597,2020-02-25 17:03:00,blog_or_review_site,20,paid_social_meta,2019-03-06 18:22:23,paid_search_brand,2020-02-25 09:24:14,brand_phrase
s_000680,15,3182,2016-05-09 16:08:00,search,5,organic_search,2016-04-25 22:16:03,paid_search_brand,2016-05-08 21:31:36,brand_phrase
s_000681,1666,829,2020-01-03 14:54:00,social_media,6,paid_social_meta,2019-11-20 13:19:03,paid_search_brand,2020-01-02 22:30:19,brand_exact
s_000682,509,1598,2020-02-09 10:37:00,other,5,affiliate,2019-12-30 04:25:31,direct,2020-02-08 16:51:12,none
s_000683,509,569,2020-01-19 10:28:00,friend_or_family,3,affiliate,2019-12-30 04:25:31,microsoft_ads,2020-01-10 01:23:12,bing_generic
s_000684,832,570,2020-01-24 20:17:00,search,1,paid_search_nonbrand,2019-12-31 09:50:53,paid_search_nonbrand,2019-12-31 09:50:53,rewards_terms
s_000685,1046,2362,2017-03-04 08:12:00,search,2,organic_search,2017-01-29 18:47:25,direct,2017-02-02 19:43:19,none
s_000686,1548,2377,2018-03-07 14:06:00,social_media,5,apple_search_ads,2018-02-17 08:32:49,direct,2018-03-07 13:06:50,none
s_000687,1991,1599,2020-02-21 20:58:00,blog_or_review_site,7,microsoft_ads,2020-02-14 11:49:25,direct,2020-02-21 08:36:54,none
s_000688,1328,1879,2020-02-28 11:11:00,social_media,6,organic_search,2020-02-14 09:51:27,paid_search_brand,2020-02-26 23:10:50,brand_exact
s_000689,1539,1600,2020-02-03 18:55:00,search,2,organic_search,2019-12-22 23:27:34,paid_search_brand,2020-02-01 23:05:57,brand_exact
s_000690,206,1601,2020-02-14 11:43:00,search,6,microsoft_ads,2020-01-07 02:43:39,paid_search_brand,2020-02-13 22:19:08,brand_phrase
s_000691,926,1602,2020-02-22 17:00:00,search,7,paid_search_nonbrand,2020-02-09 13:44:00,paid_search_nonbrand,2020-02-22 07:43:59,generic_cards
s_000692,115,1603,2020-02-22 19:19:00,search,9,paid_social_meta,2019-08-23 06:01:34,paid_search_brand,2020-02-21 04:45:42,brand_phrase
s_000693,115,4927,2019-09-08 08:32:00,social_media,6,paid_social_meta,2019-08-23 06:01:34,organic_search,2019-09-03 05:39:39,organic
s_000694,294,1604,2020-02-10 15:45:00,friend_or_family,2,paid_social_meta,2019-12-30 21:25:07,paid_search_brand,2020-02-08 15:50:32,brand_exact
s_000695,292,1605,2020-02-09 17:05:00,search,4,organic_search,2020-01-23 10:48:03,direct,2020-01-30 07:43:22,none
s_000696,755,2757,2016-04-24 16:20:00,search,3,paid_social_meta,2016-03-28 01:56:43,paid_search_brand,2016-04-23 05:31:03,brand_phrase
s_000697,1878,1880,2020-02-17 18:29:00,friend_or_family,2,paid_search_nonbrand,2020-01-03 13:59:25,paid_search_brand,2020-01-10 16:20:36,brand_phrase
s_000698,1426,571,2020-01-04 09:44:00,friend_or_family,5,paid_social_meta,2019-12-12 06:05:28,direct,2020-01-03 11:45:24,none
s_000699,1426,572,2020-01-09 12:21:00,search,8,paid_social_meta,2019-12-12 06:05:28,organic_search,2020-01-08 14:15:33,organic
s_000700,956,1606,2020-02-02 08:13:00,search,2,paid_search_brand,2019-12-23 18:11:30,paid_search_brand,2020-02-02 01:38:58,brand_phrase
s_000701,693,1607,2020-02-12 22:40:00,podcast_or_youtube,5,affiliate,2020-01-08 00:33:18,direct,2020-02-11 23:54:02,none
s_000702,693,830,2020-01-16 22:15:00,podcast_or_youtube,3,affiliate,2020-01-08 00:33:18,paid_search_brand,2020-01-15 08:35:42,brand_phrase
s_000703,1246,1881,2020-02-19 14:46:00,app_store,3,apple_search_ads,2020-01-11 13:33:54,direct,2020-02-18 17:25:48,none
s_000704,641,2774,2017-04-02 18:33:00,app_store,11,affiliate,2016-08-12 00:17:07,paid_social_meta,2017-03-12 12:54:11,retargeting_site
s_000705,641,4456,2016-08-28 11:49:00,blog_or_review_site,6,affiliate,2016-08-12 00:17:07,paid_search_brand,2016-08-24 19:00:57,brand_phrase
s_000706,1060,5326,2017-10-24 18:06:00,search,6,paid_search_brand,2017-09-24 17:03:04,paid_search_brand,2017-10-24 06:53:08,brand_phrase
s_000707,1292,831,2020-01-04 20:33:00,social_media,3,paid_social_meta,2019-12-19 09:07:48,paid_search_brand,2019-12-29 01:20:44,brand_phrase
s_000708,1292,1882,2020-02-23 09:07:00,search,11,paid_social_meta,2019-12-19 09:07:48,paid_search_brand,2020-02-22 01:49:38,brand_phrase
s_000709,1113,832,2020-01-01 21:13:00,search,3,organic_search,2019-11-20 10:16:11,organic_search,2019-12-29 23:59:23,organic
s_000710,1113,833,2020-01-09 21:21:00,blog_or_review_site,8,organic_search,2019-11-20 10:16:11,paid_search_brand,2020-01-08 15:08:26,brand_exact
s_000711,245,1883,2020-02-14 19:58:00,other,2,paid_search_brand,2020-02-03 07:19:45,paid_search_nonbrand,2020-02-12 06:44:26,compare_cards
s_000712,1822,1608,2020-02-23 15:13:00,friend_or_family,5,organic_search,2020-02-13 12:28:23,paid_search_brand,2020-02-22 17:52:22,brand_phrase
s_000713,1209,4462,2017-08-12 22:56:00,search,2,paid_search_nonbrand,2017-07-29 03:42:22,paid_search_brand,2017-08-12 14:39:38,brand_phrase
s_000714,1180,1446,2020-02-15 09:20:00,podcast_or_youtube,8,paid_search_brand,2020-01-08 00:27:06,paid_search_brand,2020-02-13 15:54:50,brand_exact
s_000715,1180,1609,2020-02-21 08:26:00,search,11,paid_search_brand,2020-01-08 00:27:06,email_lifecycle,2020-02-20 00:51:30,cross_sell_card
s_000716,318,3183,2016-05-24 13:51:00,search,3,organic_search,2016-05-07 13:47:56,paid_search_brand,2016-05-23 13:19:24,brand_phrase
s_000717,1555,1610,2020-02-11 13:06:00,other,8,organic_search,2017-03-19 02:57:26,paid_social_meta,2020-02-11 02:01:37,prospecting_lal
s_000718,1555,3190,2017-05-01 21:29:00,search,4,organic_search,2017-03-19 02:57:26,direct,2017-05-01 13:18:57,none
s_000719,156,573,2020-01-05 11:16:00,social_media,5,paid_social_meta,2019-12-06 04:19:33,direct,2020-01-04 02:31:01,none
s_000720,302,1408,2020-02-20 08:31:00,friend_or_family,3,direct,2020-01-29 15:20:43,paid_search_brand,2020-02-19 18:30:12,brand_exact
s_000721,949,1884,2020-02-28 10:55:00,friend_or_family,19,affiliate,2019-12-03 03:50:08,paid_search_brand,2020-02-28 06:07:22,brand_exact
s_000722,949,430,2020-01-09 14:23:00,podcast_or_youtube,11,affiliate,2019-12-03 03:50:08,paid_search_brand,2019-12-28 12:53:56,brand_phrase
s_000723,949,574,2020-01-14 16:46:00,blog_or_review_site,12,affiliate,2019-12-03 03:50:08,direct,2020-01-13 03:21:58,none
s_000724,433,2370,2018-03-01 16:29:00,social_media,4,affiliate,2018-01-19 02:16:42,direct,2018-03-01 10:14:31,none
s_000725,1939,6135,2018-12-18 12:36:00,blog_or_review_site,4,affiliate,2018-11-26 19:58:52,organic_search,2018-12-08 18:31:44,organic
s_000726,722,575,2020-01-24 18:03:00,search,7,affiliate,2020-01-03 18:51:29,paid_search_brand,2020-01-24 12:54:34,brand_exact
s_000727,1229,386,2019-01-01 08:14:00,blog_or_review_site,2,paid_social_meta,2018-12-10 09:05:33,paid_search_brand,2018-12-30 18:54:39,brand_phrase
s_000728,1656,834,2020-01-24 19:40:00,podcast_or_youtube,8,paid_social_meta,2019-12-21 20:26:34,direct,2020-01-24 07:01:32,none
s_000729,1656,1611,2020-02-04 09:18:00,friend_or_family,11,paid_social_meta,2019-12-21 20:26:34,email_lifecycle,2020-02-02 17:22:31,onboarding_drip
s_000730,568,1612,2020-02-24 18:48:00,search,3,affiliate,2020-02-02 07:37:41,paid_search_brand,2020-02-22 23:39:54,brand_phrase
s_000731,1373,4074,2019-07-06 08:51:00,other,2,paid_social_meta,2019-05-31 13:30:16,direct,2019-05-31 18:22:06,none
s_000732,569,2764,2016-04-04 11:42:00,other,2,organic_search,2016-03-07 11:54:12,paid_social_meta,2016-03-18 01:41:20,spring_launch
s_000733,1063,400,2020-01-03 14:10:00,blog_or_review_site,2,affiliate,2019-12-21 08:43:19,direct,2020-01-02 03:31:07,none
s_000734,1040,576,2020-01-04 12:09:00,social_media,2,paid_social_meta,2019-12-03 17:00:36,paid_search_brand,2020-01-03 19:59:12,brand_phrase
s_000735,1040,401,2020-01-18 20:27:00,blog_or_review_site,6,paid_social_meta,2019-12-03 17:00:36,paid_search_brand,2020-01-14 22:31:26,brand_exact
s_000736,396,2785,2018-04-01 18:57:00,podcast_or_youtube,7,affiliate,2017-08-17 16:34:28,direct,2018-03-30 03:21:04,none
s_000737,396,4911,2017-09-03 16:02:00,search,2,affiliate,2017-08-17 16:34:28,direct,2017-08-20 12:43:30,none
s_000738,1498,577,2020-01-16 15:49:00,podcast_or_youtube,2,direct,2020-01-05 02:27:50,paid_search_brand,2020-01-16 06:24:12,brand_exact
s_000739,104,1613,2020-02-10 14:02:00,app_store,4,apple_search_ads,2020-01-20 11:56:35,paid_social_reddit,2020-02-07 00:45:32,r_churning
s_000740,1062,835,2020-01-21 11:23:00,search,7,microsoft_ads,2019-02-01 01:18:44,paid_social_meta,2020-01-20 19:59:31,spring_launch
s_000741,1062,1390,2019-02-14 09:16:00,search,2,microsoft_ads,2019-02-01 01:18:44,direct,2019-02-13 13:38:47,none
s_000742,1845,1409,2020-02-10 12:42:00,social_media,3,paid_social_meta,2020-01-03 12:28:02,direct,2020-01-27 23:03:11,none
s_000743,446,1447,2020-02-19 16:37:00,search,5,organic_search,2020-01-21 18:16:14,paid_social_reddit,2020-02-09 03:02:45,r_churning
s_000744,1136,1410,2020-02-28 08:10:00,social_media,15,paid_search_nonbrand,2019-12-25 20:40:51,email_lifecycle,2020-02-27 23:43:16,onboarding_drip
s_000745,1136,1614,2020-02-07 15:48:00,search,5,paid_search_nonbrand,2019-12-25 20:40:51,paid_search_brand,2020-02-06 00:10:37,brand_phrase
s_000746,1136,1885,2020-02-02 22:03:00,search,3,paid_search_nonbrand,2019-12-25 20:40:51,direct,2020-02-02 09:28:42,none
s_000747,1491,5732,2017-11-23 10:03:00,friend_or_family,4,organic_search,2017-11-06 06:03:19,paid_search_brand,2017-11-23 05:17:47,brand_exact
s_000748,27,578,2020-01-23 12:50:00,search,4,paid_search_brand,2019-12-31 16:59:15,paid_search_brand,2020-01-23 06:13:44,brand_phrase
s_000749,50,3191,2017-05-14 09:39:00,search,6,paid_social_reddit,2017-04-04 05:57:57,direct,2017-05-14 09:24:18,none
s_000750,653,1886,2020-02-25 17:37:00,search,7,organic_search,2020-02-10 15:22:28,paid_search_brand,2020-02-25 09:42:07,brand_exact
s_000751,743,836,2020-01-15 20:31:00,social_media,6,direct,2020-01-05 12:12:00,microsoft_ads,2020-01-11 08:06:37,bing_generic
s_000752,999,837,2020-01-14 10:39:00,blog_or_review_site,20,affiliate,2019-12-01 11:02:11,microsoft_ads,2020-01-11 02:27:04,bing_generic
s_000753,999,579,2020-01-06 17:05:00,search,18,affiliate,2019-12-01 11:02:11,direct,2020-01-05 14:32:21,none
s_000754,999,580,2020-01-13 19:07:00,friend_or_family,20,affiliate,2019-12-01 11:02:11,microsoft_ads,2020-01-11 02:27:04,bing_generic
s_000755,999,581,2020-01-01 16:11:00,blog_or_review_site,10,affiliate,2019-12-01 11:02:11,paid_search_brand,2020-01-01 08:50:56,brand_phrase
s_000756,534,3645,2019-06-01 08:06:00,other,4,direct,2019-05-06 13:39:59,direct,2019-05-20 15:33:11,none
s_000757,1460,1615,2020-02-21 14:26:00,friend_or_family,10,apple_search_ads,2020-01-17 08:14:43,paid_search_brand,2020-02-20 02:01:32,brand_exact
s_000758,1460,1887,2020-02-18 16:58:00,other,8,apple_search_ads,2020-01-17 08:14:43,paid_search_brand,2020-02-17 18:36:58,brand_phrase
s_000759,59,4068,2018-07-25 17:40:00,social_media,5,paid_social_meta,2018-06-18 15:50:31,organic_search,2018-07-02 17:54:04,organic
s_000760,59,1391,2019-02-12 21:25:00,search,10,paid_social_meta,2018-06-18 15:50:31,organic_search,2019-02-12 02:01:41,organic
s_000761,1436,582,2020-01-12 14:10:00,social_media,8,apple_search_ads,2019-12-11 03:07:42,paid_search_brand,2020-01-12 09:09:08,brand_exact
s_000762,1436,1616,2020-02-03 14:23:00,social_media,10,apple_search_ads,2019-12-11 03:07:42,paid_search_nonbrand,2020-01-30 03:30:26,rewards_terms
s_000763,1436,1888,2020-02-18 17:15:00,search,11,apple_search_ads,2019-12-11 03:07:42,organic_search,2020-02-09 19:20:38,organic
s_000764,1436,1617,2020-02-14 20:33:00,blog_or_review_site,11,apple_search_ads,2019-12-11 03:07:42,organic_search,2020-02-09 19:20:38,organic
s_000765,1230,583,2020-01-15 11:35:00,other,4,paid_search_nonbrand,2019-12-14 18:55:06,direct,2020-01-14 10:20:45,none
s_000766,324,1618,2020-02-14 12:42:00,search,5,microsoft_ads,2020-01-14 20:10:31,paid_search_nonbrand,2020-02-11 22:29:52,generic_cards
s_000767,324,1889,2020-02-27 10:48:00,search,9,microsoft_ads,2020-01-14 20:10:31,paid_search_nonbrand,2020-02-23 10:31:21,compare_cards
s_000768,324,1619,2020-02-12 15:57:00,social_media,5,microsoft_ads,2020-01-14 20:10:31,paid_search_nonbrand,2020-02-11 22:29:52,generic_cards
s_000769,198,3177,2016-05-17 09:45:00,social_media,6,paid_social_meta,2016-04-28 09:15:45,paid_search_brand,2016-05-13 01:45:23,brand_phrase
s_000770,1017,584,2020-01-17 21:19:00,blog_or_review_site,2,affiliate,2019-12-19 10:27:43,paid_social_reddit,2019-12-19 18:51:03,r_personalfinance
s_000771,1989,838,2020-01-10 11:24:00,blog_or_review_site,2,affiliate,2019-12-05 10:43:22,direct,2020-01-09 06:35:54,none
s_000772,1148,585,2020-01-14 18:28:00,blog_or_review_site,4,affiliate,2019-12-03 13:32:05,paid_search_brand,2020-01-14 01:56:58,brand_exact
s_000773,1598,2758,2016-04-10 22:26:00,search,3,microsoft_ads,2016-03-18 19:55:32,direct,2016-04-10 07:19:51,none
s_000774,412,839,2020-01-07 15:19:00,social_media,9,paid_social_meta,2019-12-04 17:36:51,paid_search_brand,2020-01-03 02:43:53,brand_phrase
s_000775,412,586,2020-01-28 19:09:00,blog_or_review_site,14,paid_social_meta,2019-12-04 17:36:51,direct,2020-01-27 20:23:16,none
s_000776,412,1620,2020-02-14 22:10:00,search,18,paid_social_meta,2019-12-04 17:36:51,paid_search_brand,2020-02-14 08:49:57,brand_exact
s_000777,412,587,2020-01-21 15:17:00,other,13,paid_social_meta,2019-12-04 17:36:51,paid_search_brand,2020-01-19 22:20:52,brand_exact
s_000778,567,588,2020-01-25 12:58:00,search,6,paid_search_nonbrand,2019-12-13 20:29:09,email_lifecycle,2020-01-25 03:58:57,onboarding_drip
s_000779,567,589,2020-01-15 13:42:00,social_media,5,paid_search_nonbrand,2019-12-13 20:29:09,paid_search_brand,2020-01-14 02:53:21,brand_phrase
s_000780,1523,4061,2017-07-07 13:20:00,search,3,microsoft_ads,2017-06-03 21:25:54,paid_search_brand,2017-07-04 14:18:09,brand_phrase
s_000781,35,590,2020-01-02 20:29:00,search,7,paid_search_nonbrand,2019-11-30 12:25:50,paid_search_brand,2019-12-26 06:16:31,brand_exact
s_000782,35,1621,2020-02-14 12:33:00,app_store,14,paid_search_nonbrand,2019-11-30 12:25:50,direct,2020-02-13 07:50:57,none
s_000783,35,591,2020-01-11 22:42:00,other,8,paid_search_nonbrand,2019-11-30 12:25:50,email_lifecycle,2020-01-03 10:13:54,reactivation
s_000784,1195,4459,2016-08-25 08:01:00,blog_or_review_site,4,affiliate,2016-08-07 18:46:25,paid_search_brand,2016-08-23 15:29:35,brand_phrase
s_000785,1238,592,2020-01-07 17:44:00,search,4,organic_search,2019-12-31 07:35:05,paid_social_reddit,2020-01-06 23:43:06,r_personalfinance
s_000786,1082,1890,2020-02-20 19:07:00,search,2,paid_search_brand,2020-02-17 21:27:59,paid_search_brand,2020-02-20 14:53:10,brand_exact
s_000787,1502,1891,2020-02-13 17:22:00,social_media,8,direct,2019-12-08 22:29:30,paid_search_brand,2020-02-13 03:09:09,brand_phrase
s_000788,1502,593,2020-01-19 16:35:00,other,5,direct,2019-12-08 22:29:30,paid_search_brand,2020-01-19 14:57:52,brand_exact
s_000789,1047,1411,2020-02-11 20:59:00,other,1,paid_search_brand,2020-01-28 00:51:36,paid_search_brand,2020-01-28 00:51:36,brand_exact
s_000790,0,1622,2020-02-01 09:58:00,search,5,affiliate,2020-01-02 01:07:44,paid_search_brand,2020-01-31 17:20:08,brand_exact
s_000791,0,1623,2020-02-18 20:26:00,blog_or_review_site,6,affiliate,2020-01-02 01:07:44,paid_search_nonbrand,2020-02-16 06:28:54,rewards_terms
s_000792,351,431,2020-01-20 10:10:00,blog_or_review_site,2,affiliate,2019-12-23 12:28:38,paid_search_brand,2020-01-18 20:12:29,brand_exact
s_000793,1122,1892,2020-02-18 09:31:00,friend_or_family,5,affiliate,2020-02-15 22:29:50,direct,2020-02-18 02:20:29,none
s_000794,255,1893,2020-02-12 20:14:00,social_media,3,paid_social_meta,2020-02-01 08:01:05,paid_search_brand,2020-02-02 03:35:58,brand_exact
s_000795,765,1894,2020-02-16 19:25:00,search,7,paid_social_meta,2020-01-16 08:01:34,paid_search_brand,2020-02-16 00:55:50,brand_phrase
s_000796,765,1895,2020-02-11 12:42:00,social_media,3,paid_social_meta,2020-01-16 08:01:34,paid_social_meta,2020-02-10 10:58:08,spring_launch
s_000797,1919,1624,2020-02-13 22:15:00,podcast_or_youtube,6,paid_search_brand,2019-12-30 17:09:02,organic_search,2020-02-12 07:40:20,organic
s_000798,880,1625,2020-02-27 18:44:00,blog_or_review_site,5,affiliate,2020-01-16 02:17:29,paid_search_nonbrand,2020-02-27 18:40:28,rewards_terms
s_000799,770,5745,2019-11-14 21:39:00,search,11,direct,2016-11-07 07:41:59,direct,2019-11-13 00:11:52,none
s_000800,770,5725,2016-11-08 13:58:00,other,4,direct,2016-11-07 07:41:59,paid_search_brand,2016-11-08 08:44:00,brand_phrase
s_000801,522,594,2020-01-11 15:21:00,other,6,direct,2019-12-03 00:58:45,paid_search_brand,2020-01-11 07:17:15,brand_exact
s_000802,522,1626,2020-02-01 08:47:00,search,10,direct,2019-12-03 00:58:45,paid_search_brand,2020-02-01 00:29:42,brand_exact
s_000803,131,1627,2020-02-15 09:59:00,search,14,paid_social_meta,2019-12-16 14:22:28,paid_search_brand,2020-02-15 09:22:33,brand_phrase
s_000804,131,595,2020-01-25 09:28:00,other,10,paid_social_meta,2019-12-16 14:22:28,email_lifecycle,2020-01-18 15:23:37,onboarding_drip
s_000805,131,596,2020-01-08 20:52:00,search,8,paid_social_meta,2019-12-16 14:22:28,paid_search_brand,2020-01-07 12:57:24,brand_phrase
s_000806,76,1896,2020-02-22 10:58:00,search,9,organic_search,2019-12-31 14:03:33,direct,2020-02-21 08:57:14,none
s_000807,76,840,2020-01-22 16:20:00,search,6,organic_search,2019-12-31 14:03:33,direct,2020-01-21 14:19:06,none
s_000808,249,1897,2020-02-15 11:16:00,social_media,5,paid_social_reddit,2020-01-13 05:53:37,paid_search_brand,2020-02-14 14:21:20,brand_phrase
s_000809,1652,597,2020-01-15 10:10:00,blog_or_review_site,5,affiliate,2019-12-23 04:58:33,paid_search_brand,2020-01-04 09:54:34,brand_exact
s_000810,1251,1628,2020-02-14 21:04:00,blog_or_review_site,7,paid_social_meta,2018-05-28 04:13:02,direct,2020-02-13 23:29:39,none
s_000811,1251,4069,2018-07-03 21:37:00,social_media,3,paid_social_meta,2018-05-28 04:13:02,paid_search_brand,2018-07-03 02:38:54,brand_exact
s_000812,1119,1898,2020-02-27 09:26:00,other,16,organic_search,2019-12-13 19:53:01,email_lifecycle,2020-02-26 06:30:14,reactivation
s_000813,1119,1899,2020-02-04 21:03:00,friend_or_family,9,organic_search,2019-12-13 19:53:01,direct,2020-02-04 19:38:49,none
s_000814,1119,598,2020-01-24 09:48:00,search,5,organic_search,2019-12-13 19:53:01,direct,2020-01-22 21:25:47,none
s_000815,1119,1629,2020-02-14 10:21:00,social_media,11,organic_search,2019-12-13 19:53:01,paid_search_brand,2020-02-13 19:14:12,brand_exact
s_000816,1764,4900,2016-09-17 12:09:00,friend_or_family,2,referral,2016-09-03 22:04:00,direct,2016-09-11 07:46:23,none
s_000817,1830,599,2020-01-03 17:40:00,other,5,paid_social_reddit,2019-12-31 20:06:31,paid_social_meta,2020-01-03 02:42:45,retargeting_site
s_000818,123,3192,2017-05-05 15:39:00,search,3,paid_search_brand,2017-04-22 18:22:11,paid_search_brand,2017-04-29 02:15:22,brand_phrase
s_000819,1688,4916,2018-09-26 14:13:00,blog_or_review_site,3,affiliate,2018-08-18 20:25:28,paid_search_brand,2018-09-24 16:39:45,brand_exact
s_000820,453,600,2020-01-20 17:18:00,friend_or_family,7,paid_social_meta,2019-12-23 18:07:26,direct,2020-01-19 13:27:32,none
s_000821,341,1900,2020-02-22 13:04:00,other,6,direct,2020-02-05 06:27:17,direct,2020-02-21 18:39:16,none
s_000822,1647,841,2020-01-28 09:36:00,search,10,microsoft_ads,2019-12-17 06:02:42,paid_search_brand,2020-01-26 11:05:24,brand_exact
s_000823,1647,402,2020-01-22 21:51:00,podcast_or_youtube,9,microsoft_ads,2019-12-17 06:02:42,paid_search_brand,2020-01-21 18:53:10,brand_phrase
s_000824,1647,1630,2020-02-19 10:10:00,search,16,microsoft_ads,2019-12-17 06:02:42,paid_social_meta,2020-02-19 07:54:07,prospecting_lal
s_000825,1647,1631,2020-02-28 14:22:00,social_media,21,microsoft_ads,2019-12-17 06:02:42,email_lifecycle,2020-02-27 23:28:24,reactivation
s_000826,1647,1901,2020-02-17 15:04:00,other,15,microsoft_ads,2019-12-17 06:02:42,paid_social_meta,2020-02-14 11:42:31,retargeting_site
s_000827,1387,842,2020-01-26 14:59:00,search,2,paid_search_nonbrand,2019-12-18 05:43:09,direct,2020-01-24 21:23:27,none
s_000828,1034,2765,2016-04-14 19:04:00,blog_or_review_site,5,paid_search_nonbrand,2016-04-07 20:09:59,paid_search_brand,2016-04-12 15:27:48,brand_phrase
s_000829,677,5317,2016-10-13 09:29:00,social_media,3,paid_social_meta,2016-08-30 14:54:04,paid_search_brand,2016-10-12 17:12:35,brand_exact
s_000830,1662,360,2017-01-26 11:13:00,search,2,organic_search,2017-01-23 19:50:40,direct,2017-01-25 20:38:53,none
s_000831,1462,601,2020-01-15 21:51:00,search,3,organic_search,2020-01-13 15:49:10,microsoft_ads,2020-01-14 17:18:29,bing_brand
s_000832,1848,1632,2020-02-16 17:14:00,app_store,5,affiliate,2019-12-30 21:48:27,paid_social_meta,2020-02-14 14:24:44,spring_launch
s_000833,1848,602,2020-01-02 11:16:00,friend_or_family,2,affiliate,2019-12-30 21:48:27,direct,2019-12-30 23:07:36,none
s_000834,1444,603,2020-01-27 22:19:00,social_media,18,microsoft_ads,2018-05-13 21:50:02,paid_search_brand,2020-01-27 00:47:47,brand_exact
s_000835,1444,3631,2018-06-14 13:42:00,search,7,microsoft_ads,2018-05-13 21:50:02,direct,2018-06-13 09:55:56,none
s_000836,1630,1412,2020-02-01 19:26:00,app_store,4,apple_search_ads,2020-01-21 16:47:26,paid_search_brand,2020-01-30 22:01:33,brand_exact
s_000837,266,4479,2019-08-24 14:41:00,search,6,microsoft_ads,2019-08-08 03:22:35,paid_search_brand,2019-08-24 11:58:05,brand_exact
s_000838,1712,4056,2017-07-08 12:33:00,other,1,referral,2017-06-14 23:11:25,referral,2017-06-14 23:11:25,refer_a_friend
s_000839,1360,3609,2016-06-19 21:13:00,social_media,5,paid_social_meta,2016-05-13 17:01:45,paid_search_brand,2016-06-19 08:09:22,brand_exact
s_000840,1013,403,2020-01-12 12:11:00,blog_or_review_site,7,affiliate,2019-12-28 07:08:08,direct,2020-01-11 18:46:01,none
s_000841,1871,4470,2018-08-01 15:06:00,search,4,affiliate,2018-07-20 04:15:49,paid_search_brand,2018-07-31 00:46:30,brand_phrase
s_000842,1871,1633,2020-02-18 12:05:00,search,7,affiliate,2018-07-20 04:15:49,paid_search_brand,2020-01-17 00:47:18,brand_exact
s_000843,1721,3610,2016-06-03 08:53:00,blog_or_review_site,6,affiliate,2016-05-28 07:22:25,paid_search_brand,2016-06-02 15:42:56,brand_exact
s_000844,1517,1634,2020-02-04 21:33:00,social_media,5,paid_search_brand,2020-01-11 22:00:53,direct,2020-02-03 18:51:56,none
s_000845,364,5340,2019-10-15 18:20:00,search,6,organic_search,2019-09-12 23:42:48,paid_social_meta,2019-10-04 03:02:54,prospecting_lal
s_000846,696,1635,2020-02-21 14:39:00,search,5,paid_search_brand,2020-02-07 14:11:18,paid_search_brand,2020-02-21 12:30:49,brand_phrase
s_000847,962,604,2020-01-05 14:39:00,search,5,paid_search_brand,2019-12-17 13:41:09,paid_search_brand,2019-12-29 13:30:50,brand_exact
s_000848,1015,4471,2018-08-06 13:52:00,podcast_or_youtube,5,microsoft_ads,2018-07-03 20:45:44,paid_social_meta,2018-08-06 03:36:59,retargeting_site
s_000849,1015,1636,2020-02-22 08:45:00,search,13,microsoft_ads,2018-07-03 20:45:44,paid_search_nonbrand,2020-02-20 00:14:49,rewards_terms
s_000850,1861,4898,2016-09-01 14:31:00,friend_or_family,5,referral,2016-08-13 02:45:42,organic_search,2016-08-22 09:38:23,organic
s_000851,161,605,2020-01-26 20:01:00,blog_or_review_site,3,affiliate,2019-12-20 14:52:21,direct,2020-01-06 14:54:27,none
s_000852,263,843,2020-01-25 08:20:00,search,12,paid_search_brand,2019-02-18 12:47:32,paid_search_brand,2020-01-23 23:05:23,brand_phrase
s_000853,263,1392,2019-02-27 12:35:00,friend_or_family,6,paid_search_brand,2019-02-18 12:47:32,direct,2019-02-23 14:08:43,none
s_000854,1374,1902,2020-02-26 22:20:00,search,4,apple_search_ads,2020-02-12 22:05:57,paid_search_brand,2020-02-25 22:55:45,brand_phrase
s_000855,1374,1413,2020-02-18 13:44:00,app_store,2,apple_search_ads,2020-02-12 22:05:57,direct,2020-02-18 11:13:20,none
s_000856,1855,1903,2020-02-28 13:31:00,search,5,paid_search_brand,2020-02-03 11:47:44,paid_search_brand,2020-02-27 14:57:18,brand_exact
s_000857,867,1904,2020-02-20 16:27:00,search,8,direct,2019-11-29 18:23:02,paid_social_meta,2020-01-30 18:38:23,prospecting_lal
s_000858,867,606,2020-01-10 12:52:00,social_media,5,direct,2019-11-29 18:23:02,paid_search_brand,2020-01-09 04:35:13,brand_exact
s_000859,1552,3184,2016-05-18 16:21:00,search,5,paid_search_nonbrand,2016-05-05 14:03:18,paid_search_brand,2016-05-15 14:01:23,brand_exact
s_000860,1552,1380,2018-02-12 21:07:00,blog_or_review_site,7,paid_search_nonbrand,2016-05-05 14:03:18,paid_search_brand,2018-02-12 14:19:41,brand_exact
s_000861,635,1448,2020-02-21 08:49:00,search,7,paid_search_brand,2020-02-18 19:22:05,paid_search_brand,2020-02-21 03:06:44,brand_phrase
s_000862,319,844,2020-01-01 10:31:00,podcast_or_youtube,4,organic_search,2019-11-29 13:12:28,paid_search_nonbrand,2019-12-22 06:25:13,rewards_terms
s_000863,740,607,2020-01-28 15:30:00,search,9,paid_search_brand,2019-12-27 05:45:08,organic_search,2020-01-19 15:44:11,organic
s_000864,740,845,2020-01-01 14:07:00,search,4,paid_search_brand,2019-12-27 05:45:08,paid_social_meta,2020-01-01 07:45:29,retargeting_site
s_000865,965,1414,2020-02-12 10:06:00,social_media,9,affiliate,2019-11-25 09:25:14,direct,2020-02-11 20:35:20,none
s_000866,965,846,2020-01-07 18:28:00,podcast_or_youtube,4,affiliate,2019-11-25 09:25:14,paid_social_meta,2020-01-07 03:52:03,retargeting_site
s_000867,1101,1905,2020-02-04 14:12:00,friend_or_family,2,paid_social_reddit,2020-01-27 08:38:05,direct,2020-02-03 09:41:23,none
s_000868,1173,2388,2019-03-19 11:44:00,social_media,6,paid_social_meta,2019-02-17 01:20:00,direct,2019-03-14 15:02:11,none
s_000869,1173,4480,2019-08-27 13:50:00,search,8,paid_social_meta,2019-02-17 01:20:00,paid_search_brand,2019-08-27 09:15:00,brand_phrase
s_000870,1578,5331,2018-10-09 11:48:00,blog_or_review_site,6,affiliate,2018-08-25 20:16:38,paid_social_meta,2018-09-29 11:45:33,prospecting_lal
s_000871,1663,847,2020-01-27 19:33:00,friend_or_family,6,paid_social_meta,2020-01-19 09:42:35,paid_search_brand,2020-01-26 18:02:38,brand_phrase
s_000872,725,1906,2020-02-21 11:40:00,friend_or_family,7,organic_search,2020-01-19 22:41:16,microsoft_ads,2020-02-19 05:40:43,bing_brand
s_000873,725,1907,2020-02-04 19:56:00,search,1,organic_search,2020-01-19 22:41:16,organic_search,2020-01-19 22:41:16,organic
s_000874,1233,1449,2020-02-05 22:23:00,app_store,5,apple_search_ads,2020-01-09 05:46:15,direct,2020-01-30 15:16:18,none
s_000875,1271,1908,2020-02-03 22:14:00,search,3,microsoft_ads,2020-01-26 14:52:38,paid_search_brand,2020-02-02 22:40:49,brand_phrase
s_000876,560,1371,2017-02-26 15:27:00,search,4,paid_search_brand,2017-01-19 11:52:10,direct,2017-02-25 05:23:24,none
s_000877,368,371,2018-01-10 17:16:00,social_media,10,paid_search_brand,2017-07-15 17:03:22,paid_search_brand,2018-01-08 16:19:04,brand_phrase
s_000878,368,4463,2017-08-24 20:17:00,search,4,paid_search_brand,2017-07-15 17:03:22,direct,2017-08-03 00:23:35,none
s_000879,51,1637,2020-02-18 09:04:00,other,8,affiliate,2020-01-06 18:49:39,direct,2020-02-17 19:55:25,none
s_000880,51,1450,2020-02-22 12:26:00,social_media,12,affiliate,2020-01-06 18:49:39,paid_search_brand,2020-02-21 23:21:06,brand_exact
s_000881,1358,1909,2020-02-14 16:42:00,other,8,affiliate,2018-10-15 23:38:31,paid_social_meta,2020-02-13 06:09:50,prospecting_lal
s_000882,1358,5736,2018-11-28 22:40:00,blog_or_review_site,5,affiliate,2018-10-15 23:38:31,direct,2018-11-27 17:38:55,none
s_000883,1196,1415,2020-02-20 21:20:00,social_media,18,microsoft_ads,2018-06-21 12:57:59,paid_search_brand,2020-02-19 15:50:37,brand_exact
s_000884,1196,3637,2018-06-23 09:53:00,podcast_or_youtube,7,microsoft_ads,2018-06-21 12:57:59,paid_social_meta,2018-06-23 01:47:52,retargeting_site
s_000885,1963,5322,2017-10-14 19:15:00,search,2,paid_search_brand,2017-09-21 09:28:45,direct,2017-10-13 07:53:05,none
s_000886,1963,1638,2020-02-27 14:30:00,search,9,paid_search_brand,2017-09-21 09:28:45,paid_search_brand,2020-02-27 09:59:03,brand_phrase
s_000887,764,1381,2018-02-04 10:05:00,blog_or_review_site,4,affiliate,2018-01-22 11:58:07,paid_search_brand,2018-02-03 01:05:07,brand_phrase
s_000888,764,1910,2020-02-21 18:45:00,search,8,affiliate,2018-01-22 11:58:07,paid_search_brand,2020-02-08 19:12:33,brand_exact
s_000889,213,1639,2020-02-11 13:27:00,blog_or_review_site,5,affiliate,2020-01-22 12:07:08,direct,2020-02-10 02:00:31,none
s_000890,225,432,2020-01-28 21:07:00,search,5,paid_search_nonbrand,2019-12-16 19:04:27,paid_social_meta,2020-01-07 11:33:26,prospecting_lal
s_000891,1210,608,2020-01-04 13:02:00,friend_or_family,5,paid_search_brand,2019-12-03 19:20:57,organic_search,2020-01-01 13:14:17,organic
s_000892,1336,1911,2020-02-27 16:36:00,social_media,6,paid_social_meta,2020-01-14 08:20:58,paid_search_brand,2020-02-23 18:35:43,brand_phrase
s_000893,576,2384,2019-03-09 13:55:00,social_media,3,paid_social_meta,2019-01-24 01:40:45,paid_search_brand,2019-03-09 01:08:21,brand_exact
s_000894,558,1912,2020-02-15 14:21:00,search,21,paid_social_reddit,2019-12-25 03:05:16,direct,2020-02-14 01:43:12,none
s_000895,558,1640,2020-02-20 20:40:00,social_media,22,paid_social_reddit,2019-12-25 03:05:16,paid_search_brand,2020-02-19 02:57:36,brand_phrase
s_000896,558,848,2020-01-11 17:38:00,social_media,6,paid_social_reddit,2019-12-25 03:05:16,paid_search_brand,2020-01-10 23:15:15,brand_phrase
s_000897,1295,609,2020-01-07 09:24:00,search,6,paid_search_brand,2019-12-30 09:14:32,direct,2020-01-07 06:17:17,none
s_000898,748,2763,2016-04-08 19:44:00,social_media,3,paid_social_meta,2016-03-06 02:51:23,direct,2016-04-07 21:53:23,none
s_000899,1068,1641,2020-02-04 18:00:00,friend_or_family,13,apple_search_ads,2019-09-12 16:05:00,organic_search,2020-02-03 20:39:16,organic
s_000900,1068,5343,2019-10-08 17:40:00,search,4,apple_search_ads,2019-09-12 16:05:00,paid_social_meta,2019-10-04 04:18:46,spring_launch
s_000901,1068,849,2020-01-12 15:43:00,search,9,apple_search_ads,2019-09-12 16:05:00,paid_search_brand,2019-12-31 12:24:18,brand_phrase
s_000902,204,1642,2020-02-23 08:35:00,search,2,microsoft_ads,2020-01-11 19:55:59,paid_search_brand,2020-02-21 15:04:00,brand_phrase
s_000903,424,1913,2020-02-11 19:00:00,friend_or_family,7,affiliate,2020-01-12 13:43:09,direct,2020-02-10 12:15:41,none
s_000904,424,610,2020-01-27 17:45:00,blog_or_review_site,5,affiliate,2020-01-12 13:43:09,paid_search_nonbrand,2020-01-26 17:29:00,generic_cards
s_000905,980,1643,2020-02-07 21:03:00,friend_or_family,4,paid_social_meta,2020-02-02 20:50:20,paid_search_brand,2020-02-07 06:55:10,brand_exact
s_000906,1415,4919,2018-09-18 14:30:00,social_media,4,affiliate,2018-09-10 12:52:23,direct,2018-09-13 15:45:07,none
s_000907,600,850,2020-01-06 18:35:00,search,6,paid_search_brand,2019-12-01 05:37:35,direct,2020-01-04 11:31:00,none
s_000908,1302,3203,2019-05-17 08:11:00,podcast_or_youtube,3,paid_social_meta,2019-04-17 06:28:51,paid_search_brand,2019-05-13 12:25:03,brand_exact
s_000909,415,5344,2019-10-10 11:51:00,search,6,organic_search,2019-09-06 04:36:27,direct,2019-10-08 18:37:10,none
s_000910,1093,851,2020-01-15 13:26:00,search,6,paid_search_nonbrand,2019-12-06 13:50:51,paid_search_brand,2020-01-13 18:47:01,brand_phrase
s_000911,28,852,2020-01-26 21:13:00,search,6,paid_search_brand,2019-12-29 12:45:45,paid_search_brand,2020-01-25 03:42:53,brand_phrase
s_000912,1646,5314,2016-10-25 22:23:00,social_media,9,paid_social_reddit,2016-05-26 16:39:46,paid_search_nonbrand,2016-10-17 08:01:25,compare_cards
s_000913,1646,4045,2016-07-06 20:17:00,social_media,2,paid_social_reddit,2016-05-26 16:39:46,direct,2016-07-06 02:05:20,none
s_000914,1847,1644,2020-02-05 10:50:00,search,2,paid_search_nonbrand,2020-02-01 00:52:37,organic_search,2020-02-02 06:04:30,organic
s_000915,134,6120,2016-12-05 14:17:00,search,5,paid_search_nonbrand,2016-11-15 14:21:02,paid_search_brand,2016-12-03 14:38:35,brand_phrase
s_000916,134,611,2020-01-16 10:13:00,other,13,paid_search_nonbrand,2016-11-15 14:21:02,paid_search_brand,2020-01-15 21:58:01,brand_phrase
s_000917,188,853,2020-01-25 11:24:00,friend_or_family,8,paid_search_brand,2019-12-04 21:47:55,paid_search_brand,2020-01-17 00:00:20,brand_phrase
s_000918,188,854,2020-01-17 12:45:00,search,8,paid_search_brand,2019-12-04 21:47:55,paid_search_brand,2020-01-17 00:00:20,brand_phrase
s_000919,220,1645,2020-02-18 14:24:00,search,1,paid_search_brand,2020-01-20 06:42:33,paid_search_brand,2020-01-20 06:42:33,brand_exact
s_000920,1343,4043,2016-07-06 18:39:00,social_media,2,paid_social_meta,2016-06-22 05:58:49,organic_search,2016-07-01 03:17:05,organic
s_000921,1343,612,2020-01-03 17:32:00,social_media,10,paid_social_meta,2016-06-22 05:58:49,microsoft_ads,2020-01-03 02:03:28,bing_generic
s_000922,1343,855,2020-01-28 10:39:00,other,17,paid_social_meta,2016-06-22 05:58:49,direct,2020-01-26 00:33:49,none
s_000923,1343,856,2020-01-12 18:11:00,app_store,12,paid_social_meta,2016-06-22 05:58:49,direct,2020-01-11 09:30:56,none
s_000924,1930,613,2020-01-04 10:46:00,friend_or_family,3,paid_social_meta,2019-12-30 07:34:33,paid_social_meta,2020-01-01 08:02:45,spring_launch
s_000925,1930,614,2020-01-14 17:44:00,other,5,paid_social_meta,2019-12-30 07:34:33,direct,2020-01-13 01:43:15,none
s_000926,1260,1646,2020-02-09 12:13:00,other,11,affiliate,2019-12-04 01:54:31,direct,2020-02-07 19:43:57,none
s_000927,1260,857,2020-01-03 11:53:00,blog_or_review_site,2,affiliate,2019-12-04 01:54:31,paid_search_nonbrand,2019-12-11 22:52:24,compare_cards
s_000928,96,361,2017-01-08 13:42:00,social_media,5,paid_social_meta,2016-12-03 01:39:52,paid_search_nonbrand,2017-01-08 10:15:41,compare_cards
s_000929,88,858,2020-01-16 22:40:00,social_media,4,paid_social_meta,2019-12-05 05:55:09,paid_social_meta,2020-01-05 09:14:50,prospecting_lal
s_000930,1335,615,2020-01-17 11:16:00,search,4,paid_search_brand,2019-12-24 15:46:32,paid_search_brand,2020-01-16 14:29:47,brand_phrase
s_000931,816,4468,2018-08-13 09:55:00,search,2,paid_search_brand,2018-07-31 17:45:05,paid_search_brand,2018-08-11 15:59:29,brand_phrase
s_000932,1081,404,2020-01-16 15:33:00,social_media,6,paid_social_meta,2019-12-16 01:58:03,paid_search_brand,2020-01-16 05:24:00,brand_phrase
s_000933,1125,405,2020-01-09 18:08:00,social_media,6,affiliate,2019-11-22 22:12:50,direct,2020-01-09 11:42:27,none
s_000934,1125,616,2020-01-02 18:33:00,blog_or_review_site,5,affiliate,2019-11-22 22:12:50,paid_search_brand,2020-01-02 05:21:52,brand_exact
s_000935,1952,617,2020-01-07 10:30:00,blog_or_review_site,7,affiliate,2019-12-25 17:28:26,direct,2020-01-07 05:43:26,none
s_000936,1870,1647,2020-02-02 13:10:00,blog_or_review_site,7,microsoft_ads,2020-01-06 20:04:29,organic_search,2020-02-02 02:25:46,organic
s_000937,1870,1914,2020-02-23 13:31:00,search,11,microsoft_ads,2020-01-06 20:04:29,direct,2020-02-23 02:59:20,none
s_000938,1906,1648,2020-02-23 17:15:00,search,4,paid_search_nonbrand,2020-01-17 10:05:18,paid_search_brand,2020-02-14 16:24:33,brand_phrase
s_000939,1604,3185,2016-05-23 10:33:00,other,7,direct,2016-04-28 13:25:29,paid_search_brand,2016-05-23 02:23:28,brand_exact
s_000940,1933,1649,2020-02-15 08:35:00,podcast_or_youtube,8,paid_search_nonbrand,2020-01-13 15:50:58,direct,2020-02-13 10:57:55,none
s_000941,1933,1915,2020-02-03 17:36:00,other,4,paid_search_nonbrand,2020-01-13 15:50:58,paid_search_brand,2020-01-25 14:32:42,brand_phrase
s_000942,649,2766,2016-04-13 22:49:00,social_media,6,paid_social_meta,2016-02-29 05:43:19,direct,2016-04-13 11:48:08,none
s_000943,649,1376,2017-02-01 22:50:00,search,13,paid_social_meta,2016-02-29 05:43:19,paid_search_brand,2017-02-01 22:14:22,brand_phrase
s_000944,1272,1650,2020-02-25 15:21:00,app_store,6,apple_search_ads,2020-01-26 10:17:54,paid_search_brand,2020-02-24 21:31:07,brand_phrase
s_000945,572,1916,2020-02-01 15:25:00,search,2,microsoft_ads,2020-01-14 05:54:34,direct,2020-01-31 21:35:26,none
s_000946,1960,1917,2020-02-19 10:36:00,search,6,affiliate,2020-01-25 19:47:20,paid_search_brand,2020-02-15 20:17:34,brand_exact
s_000947,916,859,2020-01-24 16:22:00,blog_or_review_site,9,paid_search_brand,2019-12-13 22:49:14,email_lifecycle,2020-01-18 13:12:41,reactivation
s_000948,916,860,2020-01-16 16:17:00,social_media,8,paid_search_brand,2019-12-13 22:49:14,direct,2020-01-14 20:32:08,none
s_000949,1635,618,2020-01-09 19:12:00,other,9,paid_search_brand,2018-12-18 21:55:48,organic_search,2020-01-02 06:09:53,organic
s_000950,1635,381,2019-01-17 18:12:00,search,6,paid_search_brand,2018-12-18 21:55:48,paid_search_brand,2019-01-16 05:55:29,brand_exact
s_000951,943,3171,2016-05-09 19:48:00,friend_or_family,4,direct,2016-04-27 22:06:51,direct,2016-05-06 14:26:36,none
s_000952,1236,2369,2017-03-15 14:20:00,social_media,4,paid_social_meta,2017-03-05 11:15:51,direct,2017-03-14 11:38:58,none
s_000953,1236,6142,2019-12-03 22:52:00,blog_or_review_site,10,paid_social_meta,2017-03-05 11:15:51,paid_search_brand,2019-12-02 02:42:17,brand_exact
s_000954,969,1918,2020-02-26 17:02:00,blog_or_review_site,12,direct,2019-12-01 14:41:37,email_lifecycle,2020-02-26 05:33:47,onboarding_drip
s_000955,969,619,2020-01-22 22:29:00,other,2,direct,2019-12-01 14:41:37,direct,2019-12-23 09:27:40,none
s_000956,969,861,2020-01-08 19:07:00,search,2,direct,2019-12-01 14:41:37,direct,2019-12-23 09:27:40,none
s_000957,508,1651,2020-02-27 11:16:00,search,13,paid_social_meta,2020-01-03 06:42:58,direct,2020-02-27 06:39:41,none
s_000958,508,1652,2020-02-19 15:17:00,search,10,paid_social_meta,2020-01-03 06:42:58,email_lifecycle,2020-02-15 00:07:42,cross_sell_card
s_000959,508,620,2020-01-12 21:54:00,social_media,2,paid_social_meta,2020-01-03 06:42:58,paid_search_brand,2020-01-12 02:55:38,brand_phrase
s_000960,496,3186,2016-05-28 11:47:00,friend_or_family,3,paid_social_reddit,2016-04-15 12:16:06,paid_search_brand,2016-05-27 01:25:48,brand_exact
s_000961,450,862,2020-01-26 10:55:00,search,7,affiliate,2020-01-18 08:07:41,direct,2020-01-26 10:33:39,none
s_000962,839,3187,2016-05-03 12:37:00,social_media,6,paid_social_meta,2016-04-26 22:19:15,paid_search_brand,2016-05-03 02:31:39,brand_phrase
s_000963,43,4912,2017-09-11 13:01:00,friend_or_family,3,affiliate,2017-09-04 14:29:22,paid_search_nonbrand,2017-09-10 15:23:21,compare_cards
s_000964,43,1416,2020-02-20 20:19:00,social_media,18,affiliate,2017-09-04 14:29:22,paid_search_brand,2020-02-19 15:03:49,brand_exact
s_000965,43,5740,2018-11-19 13:20:00,search,10,affiliate,2017-09-04 14:29:22,organic_search,2018-11-10 17:01:45,organic
s_000966,43,863,2020-01-01 21:23:00,social_media,16,affiliate,2017-09-04 14:29:22,direct,2020-01-01 03:57:33,none
s_000967,1187,864,2020-01-06 19:14:00,blog_or_review_site,12,direct,2019-03-05 00:55:10,microsoft_ads,2020-01-05 21:44:09,bing_brand
s_000968,1187,2385,2019-03-18 22:22:00,other,4,direct,2019-03-05 00:55:10,direct,2019-03-17 22:02:36,none
s_000969,1020,406,2020-01-21 14:28:00,blog_or_review_site,5,affiliate,2019-12-21 07:16:27,paid_search_brand,2020-01-20 23:34:43,brand_exact
s_000970,1020,1417,2020-02-10 19:10:00,blog_or_review_site,12,affiliate,2019-12-21 07:16:27,paid_search_brand,2020-02-10 01:29:08,brand_phrase
s_000971,22,4062,2017-07-17 11:58:00,friend_or_family,4,paid_search_brand,2017-06-08 16:36:13,paid_search_brand,2017-07-14 14:19:38,brand_exact
s_000972,436,1653,2020-02-05 18:23:00,search,3,paid_search_nonbrand,2020-01-29 22:00:23,paid_search_brand,2020-02-05 04:00:32,brand_phrase
s_000973,1823,3638,2018-06-26 19:44:00,friend_or_family,17,paid_search_nonbrand,2016-06-30 23:12:46,paid_search_brand,2018-06-05 04:10:46,brand_phrase
s_000974,1823,4048,2016-07-25 19:53:00,search,6,paid_search_nonbrand,2016-06-30 23:12:46,direct,2016-07-25 03:15:41,none
s_000975,1823,3201,2018-05-27 22:38:00,search,16,paid_search_nonbrand,2016-06-30 23:12:46,paid_search_brand,2018-05-27 19:04:56,brand_exact
s_000976,1350,1654,2020-02-20 16:18:00,friend_or_family,1,paid_social_meta,2020-01-11 10:03:59,paid_social_meta,2020-01-11 10:03:59,retargeting_site
s_000977,608,2355,2016-03-12 12:50:00,blog_or_review_site,2,affiliate,2016-02-02 16:45:16,organic_search,2016-02-09 01:59:23,organic
s_000978,608,1655,2020-02-04 11:37:00,search,9,affiliate,2016-02-02 16:45:16,paid_search_brand,2020-02-03 17:22:40,brand_phrase
s_000979,374,1919,2020-02-27 12:33:00,podcast_or_youtube,2,affiliate,2020-02-21 06:16:43,paid_search_brand,2020-02-21 18:50:18,brand_exact
s_000980,1435,2360,2016-03-08 12:21:00,search,6,paid_search_brand,2016-03-02 15:45:37,paid_search_brand,2016-03-08 09:29:44,brand_exact
s_000981,727,1920,2020-02-08 16:39:00,search,6,microsoft_ads,2020-01-25 20:40:20,organic_search,2020-02-05 09:29:59,organic
s_000982,332,4484,2019-08-20 10:41:00,social_media,5,paid_social_reddit,2019-07-25 11:05:50,paid_search_brand,2019-08-15 17:21:47,brand_phrase
s_000983,487,1656,2020-02-10 16:13:00,social_media,4,paid_social_meta,2020-02-05 17:08:09,paid_search_brand,2020-02-10 12:29:50,brand_phrase
s_000984,1121,4063,2017-07-01 08:04:00,search,9,paid_social_meta,2017-01-09 22:15:03,direct,2017-06-29 09:17:21,none
s_000985,1121,1372,2017-02-12 22:39:00,social_media,6,paid_social_meta,2017-01-09 22:15:03,paid_search_brand,2017-02-12 18:01:02,brand_exact
s_000986,860,4920,2018-09-11 20:46:00,social_media,3,organic_search,2018-08-11 02:16:30,direct,2018-09-10 14:13:52,none
s_000987,518,5733,2017-11-02 18:07:00,search,5,paid_search_brand,2017-10-21 22:07:38,organic_search,2017-11-02 13:24:09,organic
s_000988,944,372,2018-01-24 20:51:00,search,3,paid_search_brand,2018-01-20 00:32:43,paid_social_meta,2018-01-23 21:43:47,prospecting_lal
s_000989,944,1921,2020-02-05 19:06:00,social_media,6,paid_search_brand,2018-01-20 00:32:43,paid_social_meta,2020-01-24 03:09:39,retargeting_site
s_000990,388,1657,2020-02-07 17:25:00,blog_or_review_site,4,paid_search_brand,2020-01-11 14:35:22,paid_search_brand,2020-02-05 07:46:36,brand_exact
s_000991,1737,3618,2017-06-10 14:11:00,social_media,2,organic_search,2017-06-01 07:48:30,paid_search_brand,2017-06-10 07:50:25,brand_exact
s_000992,1018,4077,2019-07-13 17:58:00,search,0,,,,,
s_000993,1018,1922,2020-02-27 21:37:00,app_store,6,apple_search_ads,2020-02-10 15:16:12,direct,2020-02-27 13:05:03,none
s_000994,275,2769,2017-04-13 10:30:00,search,7,organic_search,2017-03-21 07:06:32,direct,2017-04-13 06:46:00,none
s_000995,1367,865,2020-01-20 19:00:00,blog_or_review_site,7,affiliate,2019-12-14 16:04:37,direct,2020-01-18 22:39:57,none
s_000996,1965,1923,2020-02-18 16:16:00,search,7,paid_search_nonbrand,2020-01-24 18:13:25,paid_search_brand,2020-02-18 01:58:45,brand_phrase
s_000997,284,4917,2018-09-01 10:25:00,search,9,paid_social_reddit,2016-10-23 03:51:18,paid_social_meta,2018-08-28 03:09:59,prospecting_lal
s_000998,284,5726,2016-11-21 08:33:00,social_media,4,paid_social_reddit,2016-10-23 03:51:18,direct,2016-10-31 00:40:14,none
s_000999,79,1924,2020-02-18 21:17:00,search,3,paid_search_nonbrand,2020-01-09 19:59:01,paid_search_brand,2020-02-09 21:55:46,brand_exact
s_001000,9,1658,2020-02-03 22:06:00,search,11,affiliate,2019-12-15 17:02:43,organic_search,2020-02-03 15:22:01,organic
s_001001,9,1418,2020-02-21 16:08:00,blog_or_review_site,16,affiliate,2019-12-15 17:02:43,paid_search_brand,2020-02-21 14:26:00,brand_exact
s_001002,9,621,2020-01-16 13:33:00,blog_or_review_site,4,affiliate,2019-12-15 17:02:43,paid_search_brand,2020-01-02 06:06:29,brand_exact
s_001003,596,1659,2020-02-14 22:16:00,search,8,paid_social_meta,2020-01-12 23:40:19,paid_search_brand,2020-02-14 13:49:28,brand_exact
s_001004,596,1925,2020-02-12 15:37:00,social_media,7,paid_social_meta,2020-01-12 23:40:19,paid_social_reddit,2020-02-12 13:55:03,r_churning
s_001005,170,866,2020-01-01 10:41:00,social_media,2,paid_social_reddit,2019-12-04 17:00:51,paid_social_meta,2019-12-27 12:27:08,spring_launch
s_001006,1715,1660,2020-02-27 10:14:00,blog_or_review_site,6,affiliate,2020-01-17 03:20:23,paid_search_brand,2020-02-17 01:28:52,brand_exact
s_001007,1607,1926,2020-02-07 10:19:00,search,4,direct,2020-01-01 03:09:21,direct,2020-02-06 12:37:34,none
s_001008,1892,622,2020-01-27 20:32:00,social_media,11,direct,2019-12-23 08:40:47,paid_search_brand,2020-01-26 00:28:44,brand_phrase
s_001009,1892,867,2020-01-13 08:21:00,other,9,direct,2019-12-23 08:40:47,direct,2020-01-12 15:36:55,none
s_001010,402,1927,2020-02-20 13:56:00,social_media,4,paid_social_meta,2020-02-16 11:15:30,direct,2020-02-20 13:13:37,none
s_001011,1551,2389,2019-03-14 09:17:00,podcast_or_youtube,3,organic_search,2019-02-06 20:40:19,paid_search_brand,2019-03-04 17:38:50,brand_exact
s_001012,1672,1451,2020-02-19 18:02:00,search,10,paid_social_meta,2019-12-28 11:18:18,paid_search_brand,2020-02-18 23:32:33,brand_phrase
s_001013,1672,623,2020-01-26 11:23:00,social_media,6,paid_social_meta,2019-12-28 11:18:18,paid_social_reddit,2020-01-25 01:38:42,r_churning
s_001014,426,868,2020-01-11 21:29:00,search,12,microsoft_ads,2019-11-26 18:54:08,paid_search_brand,2020-01-10 22:21:16,brand_exact
s_001015,426,1661,2020-02-11 16:29:00,search,17,microsoft_ads,2019-11-26 18:54:08,direct,2020-02-09 20:03:51,none
s_001016,426,869,2020-01-20 08:31:00,other,14,microsoft_ads,2019-11-26 18:54:08,microsoft_ads,2020-01-20 04:29:58,bing_generic
s_001017,426,624,2020-01-09 13:44:00,friend_or_family,11,microsoft_ads,2019-11-26 18:54:08,paid_search_brand,2020-01-07 23:22:50,brand_phrase
s_001018,1135,1419,2020-02-27 21:25:00,other,13,paid_search_nonbrand,2020-01-19 11:40:12,paid_search_nonbrand,2020-02-26 20:50:30,compare_cards
s_001019,1135,870,2020-01-27 11:26:00,search,6,paid_search_nonbrand,2020-01-19 11:40:12,direct,2020-01-26 04:22:11,none
s_001020,1589,4913,2017-09-21 12:30:00,blog_or_review_site,7,organic_search,2017-08-09 19:48:50,direct,2017-09-19 17:38:03,none
s_001021,1654,1368,2016-02-05 11:29:00,other,4,paid_search_nonbrand,2016-01-23 11:47:58,paid_search_brand,2016-02-04 15:18:12,brand_phrase
s_001022,139,3641,2019-06-27 10:13:00,podcast_or_youtube,4,paid_search_brand,2019-06-25 02:52:26,paid_search_nonbrand,2019-06-26 08:07:09,generic_cards
s_001023,883,3604,2016-06-27 19:23:00,friend_or_family,3,referral,2016-05-26 18:12:52,paid_search_brand,2016-06-22 12:54:47,brand_exact
s_001024,1071,1420,2020-02-21 08:05:00,search,9,paid_search_brand,2020-01-07 07:30:54,email_lifecycle,2020-02-21 04:32:35,reactivation
s_001025,1071,1662,2020-02-08 21:11:00,blog_or_review_site,6,paid_search_brand,2020-01-07 07:30:54,microsoft_ads,2020-02-07 03:14:21,bing_generic
s_001026,1175,4904,2017-09-04 16:50:00,social_media,4,paid_social_meta,2017-08-01 13:55:50,paid_search_brand,2017-09-04 11:38:14,brand_phrase
s_001027,1175,5341,2019-10-25 09:54:00,social_media,10,paid_social_meta,2017-08-01 13:55:50,paid_search_brand,2019-10-25 02:16:29,brand_phrase
s_001028,1714,1663,2020-02-10 18:11:00,other,6,apple_search_ads,2019-12-30 03:51:26,direct,2020-02-09 14:35:07,none
s_001029,1714,1421,2020-02-10 15:55:00,friend_or_family,6,apple_search_ads,2019-12-30 03:51:26,direct,2020-02-09 14:35:07,none
s_001030,342,625,2020-01-18 12:31:00,search,6,affiliate,2020-01-03 19:04:59,organic_search,2020-01-16 11:37:27,organic
s_001031,539,871,2020-01-08 14:27:00,search,2,paid_search_brand,2019-12-27 13:41:08,paid_search_brand,2020-01-08 14:03:16,brand_phrase
s_001032,272,626,2020-01-25 16:07:00,blog_or_review_site,4,paid_search_brand,2019-12-20 16:59:50,paid_search_brand,2020-01-15 09:11:20,brand_phrase
s_001033,521,627,2020-01-18 12:51:00,other,5,direct,2019-12-09 17:29:27,paid_search_brand,2020-01-17 21:54:39,brand_phrase
s_001034,988,1422,2020-02-10 20:34:00,podcast_or_youtube,6,organic_search,2020-02-04 08:26:50,paid_search_brand,2020-02-09 03:47:44,brand_phrase
s_001035,1381,628,2020-01-14 12:13:00,blog_or_review_site,3,affiliate,2019-12-30 09:00:31,paid_search_brand,2020-01-08 18:38:48,brand_exact
s_001036,239,433,2020-01-05 09:26:00,search,15,paid_social_reddit,2019-11-19 23:16:08,paid_search_brand,2020-01-05 01:20:59,brand_phrase
s_001037,239,872,2020-01-15 19:55:00,search,24,paid_social_reddit,2019-11-19 23:16:08,paid_search_brand,2020-01-15 18:05:31,brand_exact
s_001038,239,629,2020-01-05 15:58:00,blog_or_review_site,15,paid_social_reddit,2019-11-19 23:16:08,paid_search_brand,2020-01-05 01:20:59,brand_phrase
s_001039,239,630,2020-01-03 18:41:00,friend_or_family,11,paid_social_reddit,2019-11-19 23:16:08,direct,2020-01-02 10:16:34,none
s_001040,239,1664,2020-02-02 20:04:00,search,30,paid_social_reddit,2019-11-19 23:16:08,microsoft_ads,2020-02-02 10:26:11,bing_generic
s_001041,383,1928,2020-02-26 14:09:00,search,1,microsoft_ads,2020-02-21 13:46:41,microsoft_ads,2020-02-21 13:46:41,bing_brand
s_001042,497,3198,2017-05-20 12:05:00,other,5,direct,2017-04-26 03:48:45,paid_search_brand,2017-05-20 04:00:47,brand_phrase
s_001043,497,1452,2020-02-22 13:43:00,search,11,direct,2017-04-26 03:48:45,paid_search_brand,2020-02-22 06:03:44,brand_phrase
s_001044,893,873,2020-01-16 20:53:00,other,7,direct,2019-12-08 12:23:05,direct,2020-01-15 18:49:37,none
s_001045,893,1665,2020-02-11 13:05:00,social_media,14,direct,2019-12-08 12:23:05,paid_search_brand,2020-02-11 09:58:56,brand_phrase
s_001046,893,1929,2020-02-04 10:56:00,search,9,direct,2019-12-08 12:23:05,paid_search_nonbrand,2020-02-02 22:06:55,rewards_terms
s_001047,67,874,2020-01-17 13:11:00,other,3,paid_social_meta,2019-12-21 14:17:09,direct,2020-01-15 22:39:34,none
s_001048,67,1666,2020-02-24 16:08:00,social_media,9,paid_social_meta,2019-12-21 14:17:09,paid_search_brand,2020-02-23 18:03:43,brand_phrase
s_001049,913,2386,2019-03-03 18:05:00,other,2,direct,2019-02-26 10:42:21,paid_search_brand,2019-03-02 23:55:55,brand_phrase
s_001050,766,2356,2016-03-20 09:33:00,search,4,paid_search_brand,2016-02-25 08:24:35,paid_search_nonbrand,2016-03-16 05:18:49,rewards_terms
s_001051,1205,875,2020-01-23 16:33:00,social_media,6,paid_social_meta,2019-12-27 13:46:24,organic_search,2020-01-22 11:35:06,organic
s_001052,1205,631,2020-01-27 20:37:00,friend_or_family,9,paid_social_meta,2019-12-27 13:46:24,microsoft_ads,2020-01-27 04:13:58,bing_generic
s_001053,1205,1423,2020-02-26 20:25:00,podcast_or_youtube,23,paid_social_meta,2019-12-27 13:46:24,paid_search_brand,2020-02-25 05:29:31,brand_phrase
s_001054,1205,1667,2020-02-18 10:18:00,friend_or_family,19,paid_social_meta,2019-12-27 13:46:24,paid_social_meta,2020-02-15 04:09:14,spring_launch
s_001055,1205,1668,2020-02-14 22:40:00,blog_or_review_site,18,paid_social_meta,2019-12-27 13:46:24,email_lifecycle,2020-02-13 13:53:12,cross_sell_card
s_001056,626,876,2020-01-11 13:45:00,search,5,paid_search_nonbrand,2019-12-06 17:48:27,direct,2020-01-11 06:59:54,none
s_001057,626,1669,2020-02-21 12:12:00,search,6,paid_search_nonbrand,2019-12-06 17:48:27,email_lifecycle,2020-02-07 01:29:19,reactivation
s_001058,1953,1424,2020-02-16 08:25:00,search,8,paid_search_nonbrand,2020-01-14 02:28:51,paid_social_reddit,2020-02-12 22:55:13,r_personalfinance
s_001059,1953,1670,2020-02-18 12:26:00,search,11,paid_search_nonbrand,2020-01-14 02:28:51,email_lifecycle,2020-02-18 02:55:24,reactivation
s_001060,1190,1671,2020-02-14 10:13:00,social_media,11,direct,2019-12-19 13:09:33,paid_search_brand,2020-02-12 18:05:09,brand_phrase
s_001061,1190,632,2020-01-11 08:54:00,friend_or_family,5,direct,2019-12-19 13:09:33,paid_search_brand,2020-01-10 00:12:22,brand_exact
s_001062,1970,1425,2020-02-14 15:31:00,friend_or_family,4,paid_social_reddit,2020-01-02 04:11:17,direct,2020-02-13 10:36:16,none
s_001063,1970,1672,2020-02-28 15:47:00,social_media,7,paid_social_reddit,2020-01-02 04:11:17,email_lifecycle,2020-02-24 07:20:15,onboarding_drip
s_001064,1337,407,2020-01-07 12:01:00,social_media,1,paid_social_reddit,2019-12-06 09:10:38,paid_social_reddit,2019-12-06 09:10:38,r_churning
s_001065,1337,1673,2020-02-22 13:54:00,social_media,4,paid_social_reddit,2019-12-06 09:10:38,direct,2020-02-20 22:26:09,none
s_001066,594,877,2020-01-01 21:20:00,search,7,organic_search,2019-12-10 19:03:10,paid_search_brand,2019-12-31 03:20:00,brand_exact
s_001067,594,1674,2020-02-05 20:01:00,blog_or_review_site,24,organic_search,2019-12-10 19:03:10,paid_search_brand,2020-02-03 05:52:26,brand_phrase
s_001068,594,633,2020-01-18 10:37:00,friend_or_family,16,organic_search,2019-12-10 19:03:10,organic_search,2020-01-18 08:06:36,organic
s_001069,594,1930,2020-02-24 12:20:00,friend_or_family,33,organic_search,2019-12-10 19:03:10,paid_search_brand,2020-02-18 16:46:44,brand_exact
s_001070,594,1931,2020-02-06 15:33:00,app_store,26,organic_search,2019-12-10 19:03:10,direct,2020-02-06 02:01:29,none
s_001071,923,634,2020-01-01 13:50:00,friend_or_family,4,paid_search_nonbrand,2019-11-30 19:43:04,organic_search,2019-12-26 04:06:33,organic
s_001072,923,878,2020-01-04 11:55:00,search,6,paid_search_nonbrand,2019-11-30 19:43:04,paid_search_brand,2020-01-04 10:06:34,brand_phrase
s_001073,197,1932,2020-02-07 11:50:00,podcast_or_youtube,11,microsoft_ads,2016-03-04 14:59:30,direct,2020-02-07 09:58:04,none
s_001074,197,1933,2020-02-18 14:02:00,social_media,12,microsoft_ads,2016-03-04 14:59:30,paid_social_meta,2020-02-09 02:48:09,prospecting_lal
s_001075,197,2357,2016-03-22 10:37:00,friend_or_family,3,microsoft_ads,2016-03-04 14:59:30,organic_search,2016-03-12 00:43:20,organic
s_001076,405,879,2020-01-05 11:25:00,podcast_or_youtube,5,affiliate,2019-12-15 08:25:44,direct,2020-01-05 00:55:03,none
s_001077,20,376,2018-01-22 16:29:00,friend_or_family,3,paid_search_brand,2017-12-15 12:42:17,paid_search_brand,2018-01-21 01:53:52,brand_exact
s_001078,293,1675,2020-02-11 20:26:00,blog_or_review_site,14,paid_social_meta,2020-01-04 12:52:38,paid_search_brand,2020-02-11 13:15:41,brand_phrase
s_001079,293,1676,2020-02-12 13:18:00,social_media,15,paid_social_meta,2020-01-04 12:52:38,paid_search_brand,2020-02-12 11:52:27,brand_phrase
s_001080,293,1677,2020-02-17 16:27:00,friend_or_family,17,paid_social_meta,2020-01-04 12:52:38,paid_search_brand,2020-02-17 03:13:15,brand_phrase
s_001081,293,635,2020-01-19 09:40:00,search,5,paid_social_meta,2020-01-04 12:52:38,paid_search_brand,2020-01-17 20:54:25,brand_phrase
s_001082,1868,1678,2020-02-19 08:04:00,search,10,paid_search_nonbrand,2019-11-26 02:01:23,direct,2020-02-18 23:15:36,none
s_001083,1868,880,2020-01-05 12:18:00,search,5,paid_search_nonbrand,2019-11-26 02:01:23,direct,2020-01-04 04:08:05,none
s_001084,681,1679,2020-02-11 10:11:00,search,2,microsoft_ads,2020-01-29 04:49:25,paid_search_brand,2020-02-10 07:07:35,brand_phrase
s_001085,240,1680,2020-02-25 12:00:00,search,4,organic_search,2020-02-19 11:48:47,paid_search_brand,2020-02-25 05:59:30,brand_exact
s_001086,501,1934,2020-02-24 10:40:00,search,10,affiliate,2019-12-29 23:23:48,paid_search_brand,2020-02-23 15:15:27,brand_phrase
s_001087,501,636,2020-01-13 19:39:00,search,3,affiliate,2019-12-29 23:23:48,direct,2020-01-08 23:46:31,none
s_001088,178,1681,2020-02-13 09:03:00,search,4,paid_search_brand,2020-01-03 14:41:42,paid_search_brand,2020-01-22 13:12:12,brand_phrase
s_001089,1869,881,2020-01-10 11:48:00,search,4,organic_search,2019-12-06 22:32:48,paid_search_brand,2020-01-08 12:44:01,brand_phrase
s_001090,933,1426,2020-02-05 14:52:00,podcast_or_youtube,2,organic_search,2020-01-19 00:04:28,paid_search_brand,2020-02-03 21:58:39,brand_exact
s_001091,938,882,2020-01-02 16:37:00,social_media,6,paid_social_meta,2019-12-06 22:23:04,paid_search_brand,2020-01-02 14:09:53,brand_phrase
s_001092,938,1682,2020-02-06 17:46:00,search,13,paid_social_meta,2019-12-06 22:23:04,direct,2020-02-04 23:40:30,none
s_001093,622,1935,2020-02-21 14:12:00,blog_or_review_site,3,affiliate,2020-01-19 03:01:30,paid_search_brand,2020-02-16 10:47:50,brand_exact
s_001094,796,637,2020-01-01 19:51:00,search,7,organic_search,2019-11-22 13:23:15,paid_search_brand,2019-12-31 21:48:13,brand_phrase
s_001095,796,638,2020-01-09 22:56:00,other,11,organic_search,2019-11-22 13:23:15,paid_search_brand,2020-01-09 13:35:44,brand_exact
s_001096,1038,408,2020-01-07 16:35:00,search,4,paid_search_nonbrand,2019-12-27 01:22:48,paid_search_brand,2020-01-07 13:48:44,brand_exact
s_001097,1038,1683,2020-02-10 18:21:00,friend_or_family,7,paid_search_nonbrand,2019-12-27 01:22:48,organic_search,2020-01-29 02:24:49,organic
s_001098,1890,3193,2017-05-25 09:26:00,blog_or_review_site,3,affiliate,2017-05-08 21:40:42,paid_search_brand,2017-05-25 05:28:31,brand_exact
s_001099,58,883,2020-01-17 21:02:00,search,3,paid_search_nonbrand,2019-12-09 15:36:36,direct,2020-01-17 16:26:29,none
s_001100,1488,4901,2016-09-10 09:49:00,blog_or_review_site,7,paid_social_meta,2016-08-20 16:11:19,paid_search_brand,2016-09-09 07:46:15,brand_exact
s_001101,1488,1684,2020-02-19 14:11:00,social_media,13,paid_social_meta,2016-08-20 16:11:19,direct,2020-02-18 13:32:14,none
s_001102,801,3194,2017-05-15 11:13:00,other,2,direct,2017-04-05 21:39:59,paid_search_brand,2017-05-14 02:06:52,brand_phrase
s_001103,444,1936,2020-02-17 15:52:00,social_media,6,paid_search_brand,2020-01-15 10:03:47,direct,2020-02-16 07:40:57,none
s_001104,444,1685,2020-02-21 15:59:00,friend_or_family,8,paid_search_brand,2020-01-15 10:03:47,email_lifecycle,2020-02-20 01:48:16,cross_sell_card
s_001105,418,639,2020-01-25 14:24:00,friend_or_family,10,microsoft_ads,2019-12-30 03:35:33,paid_search_brand,2020-01-24 04:32:59,brand_phrase
s_001106,418,434,2020-01-13 21:15:00,search,4,microsoft_ads,2019-12-30 03:35:33,paid_search_nonbrand,2020-01-13 00:49:06,compare_cards
s_001107,418,1937,2020-02-10 16:10:00,search,18,microsoft_ads,2019-12-30 03:35:33,email_lifecycle,2020-02-07 18:22:54,onboarding_drip
s_001108,242,5737,2018-11-25 17:58:00,search,4,microsoft_ads,2018-10-21 10:03:06,paid_search_brand,2018-11-23 11:42:38,brand_exact
s_001109,960,1377,2017-02-13 19:24:00,search,2,paid_search_brand,2017-02-08 15:53:42,direct,2017-02-11 19:31:01,none
s_001110,960,884,2020-01-11 09:10:00,search,12,paid_search_brand,2017-02-08 15:53:42,organic_search,2020-01-06 14:43:20,organic
s_001111,960,640,2020-01-07 18:15:00,blog_or_review_site,12,paid_search_brand,2017-02-08 15:53:42,organic_search,2020-01-06 14:43:20,organic
s_001112,259,358,2016-01-08 08:50:00,friend_or_family,5,direct,2016-01-01 23:44:29,direct,2016-01-08 04:09:57,none
s_001113,434,885,2020-01-05 22:03:00,friend_or_family,8,direct,2019-12-16 00:17:28,paid_search_brand,2020-01-03 22:54:04,brand_exact
s_001114,434,886,2020-01-24 18:01:00,friend_or_family,10,direct,2019-12-16 00:17:28,direct,2020-01-23 04:16:17,none
s_001115,1076,5742,2019-11-11 22:36:00,social_media,5,affiliate,2016-03-10 22:54:18,direct,2019-11-10 14:30:23,none
s_001116,1076,2358,2016-03-13 09:15:00,friend_or_family,3,affiliate,2016-03-10 22:54:18,direct,2016-03-12 07:53:53,none
s_001117,1505,1686,2020-02-01 17:40:00,friend_or_family,4,paid_search_nonbrand,2020-01-18 22:21:00,direct,2020-02-01 17:27:40,none
s_001118,1623,1687,2020-02-18 13:01:00,other,2,paid_search_brand,2020-01-21 07:30:34,paid_search_brand,2020-02-17 08:09:30,brand_phrase
s_001119,1416,2363,2017-03-22 20:18:00,search,4,paid_search_nonbrand,2017-02-05 05:36:28,direct,2017-03-12 02:58:55,none
s_001120,1117,4476,2018-08-01 17:08:00,social_media,3,paid_social_meta,2018-06-26 15:32:01,direct,2018-07-31 12:45:28,none
s_001121,878,366,2018-01-05 09:34:00,friend_or_family,9,microsoft_ads,2017-02-21 21:53:58,paid_search_brand,2018-01-04 20:12:17,brand_phrase
s_001122,878,2770,2017-04-07 11:48:00,search,2,microsoft_ads,2017-02-21 21:53:58,paid_search_brand,2017-03-06 11:51:32,brand_phrase
s_001123,761,641,2020-01-24 13:16:00,blog_or_review_site,7,referral,2019-12-13 18:39:28,paid_search_brand,2020-01-22 19:25:21,brand_exact
s_001124,761,1688,2020-02-15 12:33:00,other,15,referral,2019-12-13 18:39:28,direct,2020-02-13 19:07:55,none
s_001125,761,1689,2020-02-07 18:31:00,social_media,10,referral,2019-12-13 18:39:28,paid_search_brand,2020-02-05 19:55:36,brand_phrase
s_001126,761,409,2020-01-21 19:06:00,friend_or_family,6,referral,2019-12-13 18:39:28,direct,2020-01-21 04:31:29,none
s_001127,399,642,2020-01-07 18:06:00,social_media,4,organic_search,2019-12-17 19:05:23,microsoft_ads,2020-01-04 09:12:26,bing_brand
s_001128,1763,643,2020-01-16 22:36:00,blog_or_review_site,6,affiliate,2019-12-03 04:02:38,paid_search_brand,2020-01-15 15:14:45,brand_phrase
s_001129,717,644,2020-01-04 20:38:00,podcast_or_youtube,20,organic_search,2018-10-27 16:46:52,paid_social_reddit,2020-01-01 19:20:30,r_churning
s_001130,717,1690,2020-02-06 17:03:00,blog_or_review_site,31,organic_search,2018-10-27 16:46:52,paid_search_brand,2020-01-27 05:55:22,brand_phrase
s_001131,717,645,2020-01-27 19:06:00,blog_or_review_site,31,organic_search,2018-10-27 16:46:52,paid_search_brand,2020-01-27 05:55:22,brand_phrase
s_001132,717,887,2020-01-06 08:04:00,search,21,organic_search,2018-10-27 16:46:52,paid_search_brand,2020-01-05 06:15:32,brand_phrase
s_001133,717,5738,2018-11-07 09:35:00,friend_or_family,7,organic_search,2018-10-27 16:46:52,direct,2018-11-06 02:21:03,none
s_001134,884,1373,2017-02-16 22:31:00,search,6,organic_search,2017-02-07 14:47:52,direct,2017-02-14 18:31:12,none
s_001135,117,646,2020-01-22 17:25:00,other,10,organic_search,2019-12-14 17:19:24,paid_search_brand,2020-01-22 04:33:42,brand_exact
s_001136,117,647,2020-01-01 20:27:00,search,5,organic_search,2019-12-14 17:19:24,organic_search,2020-01-01 16:21:37,organic
s_001137,117,1691,2020-02-13 12:27:00,social_media,13,organic_search,2019-12-14 17:19:24,paid_social_meta,2020-02-12 11:11:36,retargeting_site
s_001138,1051,1692,2020-02-10 13:47:00,blog_or_review_site,6,paid_search_brand,2020-01-05 07:10:19,paid_social_meta,2020-02-05 08:55:43,spring_launch
s_001139,1454,1938,2020-02-17 20:52:00,search,5,paid_search_nonbrand,2020-01-06 21:56:45,paid_search_brand,2020-02-17 18:54:36,brand_exact
s_001140,467,4481,2019-08-25 15:47:00,search,7,organic_search,2019-07-13 06:44:42,direct,2019-08-24 04:47:12,none
s_001141,1235,1427,2020-02-03 14:43:00,search,4,paid_search_nonbrand,2020-01-20 08:02:53,direct,2020-02-02 10:09:09,none
s_001142,587,1693,2020-02-25 08:29:00,blog_or_review_site,13,direct,2020-01-22 03:43:40,email_lifecycle,2020-02-11 03:37:11,cross_sell_card
s_001143,587,1694,2020-02-02 08:08:00,search,8,direct,2020-01-22 03:43:40,paid_search_brand,2020-01-31 16:57:15,brand_exact
s_001144,709,6121,2016-12-10 10:49:00,friend_or_family,6,paid_search_brand,2016-11-12 07:10:09,paid_search_brand,2016-12-08 20:10:33,brand_phrase
s_001145,1036,888,2020-01-22 08:35:00,search,10,paid_social_meta,2019-12-27 19:03:55,direct,2020-01-21 12:58:55,none
s_001146,1036,1939,2020-02-07 14:30:00,search,12,paid_social_meta,2019-12-27 19:03:55,email_lifecycle,2020-02-02 01:26:22,reactivation
s_001147,253,6143,2019-12-23 16:36:00,social_media,5,paid_social_meta,2019-11-22 06:35:29,direct,2019-12-22 06:12:33,none
s_001148,529,5734,2017-11-08 18:29:00,social_media,6,paid_social_reddit,2017-10-11 01:11:23,paid_search_brand,2017-11-08 13:37:14,brand_phrase
s_001149,389,1940,2020-02-19 18:26:00,app_store,16,paid_search_nonbrand,2020-01-11 00:01:16,email_lifecycle,2020-02-19 01:33:17,onboarding_drip
s_001150,389,1695,2020-02-07 10:48:00,social_media,11,paid_search_nonbrand,2020-01-11 00:01:16,email_lifecycle,2020-02-05 17:07:06,cross_sell_card
s_001151,389,648,2020-01-15 22:59:00,search,4,paid_search_nonbrand,2020-01-11 00:01:16,paid_search_brand,2020-01-14 21:56:29,brand_phrase
s_001152,1829,356,2016-01-24 12:44:00,friend_or_family,6,affiliate,2016-01-03 14:18:00,paid_search_brand,2016-01-24 11:42:00,brand_phrase
s_001153,1829,649,2020-01-13 13:23:00,search,14,affiliate,2016-01-03 14:18:00,direct,2020-01-12 02:44:47,none
s_001154,1829,1696,2020-02-06 15:14:00,search,14,affiliate,2016-01-03 14:18:00,direct,2020-01-12 02:44:47,none
s_001155,1392,650,2020-01-14 19:26:00,search,5,organic_search,2019-12-08 03:28:34,direct,2020-01-14 11:12:48,none
s_001156,1392,889,2020-01-13 14:25:00,social_media,4,organic_search,2019-12-08 03:28:34,affiliate,2020-01-09 19:52:40,cashback_portal
s_001157,1392,651,2020-01-18 09:49:00,friend_or_family,6,organic_search,2019-12-08 03:28:34,direct,2020-01-17 12:07:09,none
s_001158,1949,1941,2020-02-07 15:19:00,other,6,affiliate,2020-01-23 20:03:58,paid_search_brand,2020-02-05 20:25:07,brand_exact
s_001159,1881,359,2016-01-22 08:57:00,search,5,microsoft_ads,2016-01-02 09:08:13,paid_search_nonbrand,2016-01-19 00:43:45,compare_cards
s_001160,1881,5318,2016-10-10 18:53:00,search,11,microsoft_ads,2016-01-02 09:08:13,direct,2016-10-10 14:57:06,none
s_001161,1706,410,2020-01-08 15:52:00,search,3,paid_search_brand,2020-01-03 05:55:27,paid_search_brand,2020-01-07 18:19:47,brand_phrase
s_001162,1112,652,2020-01-18 12:44:00,search,10,affiliate,2019-12-07 07:52:57,paid_search_brand,2020-01-17 09:39:54,brand_exact
s_001163,1112,653,2020-01-04 15:48:00,blog_or_review_site,8,affiliate,2019-12-07 07:52:57,organic_search,2019-12-31 03:36:28,organic
s_001164,1437,1942,2020-02-14 17:52:00,search,6,paid_search_brand,2020-01-01 03:57:26,paid_search_brand,2020-02-14 05:55:36,brand_phrase
s_001165,1413,3195,2017-05-22 13:57:00,social_media,1,paid_social_meta,2017-05-17 12:05:51,paid_social_meta,2017-05-17 12:05:51,spring_launch
s_001166,1710,1363,2016-02-26 10:38:00,social_media,7,referral,2016-02-13 08:04:44,direct,2016-02-25 08:52:20,none
s_001167,966,654,2020-01-07 14:33:00,search,4,affiliate,2019-12-10 06:13:37,paid_search_brand,2019-12-20 05:20:14,brand_exact
s_001168,107,655,2020-01-28 12:54:00,search,5,paid_search_nonbrand,2020-01-04 12:22:10,paid_search_brand,2020-01-27 02:16:00,brand_phrase
s_001169,700,890,2020-01-06 19:07:00,search,4,paid_search_nonbrand,2020-01-01 04:43:46,paid_social_meta,2020-01-04 22:21:23,retargeting_site
s_001170,1363,891,2020-01-26 20:58:00,search,3,affiliate,2019-12-06 21:17:49,paid_search_brand,2020-01-25 01:54:11,brand_phrase
s_001171,1363,656,2020-01-17 10:27:00,podcast_or_youtube,2,affiliate,2019-12-06 21:17:49,organic_search,2020-01-02 20:14:16,organic
s_001172,10,657,2020-01-23 13:09:00,other,6,direct,2019-12-27 14:29:47,organic_search,2020-01-09 13:21:49,organic
s_001173,1252,1697,2020-02-04 21:07:00,social_media,7,paid_social_meta,2020-01-02 15:56:08,apple_search_ads,2020-02-03 12:11:57,asa_exact
s_001174,1252,1943,2020-02-15 20:19:00,app_store,9,paid_social_meta,2020-01-02 15:56:08,organic_search,2020-02-14 11:19:15,organic
s_001175,935,1698,2020-02-03 21:37:00,blog_or_review_site,16,paid_social_meta,2019-12-24 06:24:41,paid_search_brand,2020-02-02 16:38:44,brand_phrase
s_001176,935,658,2020-01-26 16:41:00,search,14,paid_social_meta,2019-12-24 06:24:41,direct,2020-01-26 08:22:28,none
s_001177,935,892,2020-01-12 08:14:00,search,7,paid_social_meta,2019-12-24 06:24:41,paid_search_brand,2020-01-11 18:41:49,brand_phrase
s_001178,413,1944,2020-02-24 09:22:00,social_media,7,apple_search_ads,2019-12-12 08:25:46,paid_search_nonbrand,2020-02-16 00:26:59,rewards_terms
s_001179,413,893,2020-01-01 18:20:00,app_store,4,apple_search_ads,2019-12-12 08:25:46,direct,2019-12-31 07:19:28,none
s_001180,269,1699,2020-02-21 22:38:00,social_media,11,microsoft_ads,2018-08-24 20:35:37,paid_search_brand,2020-02-20 20:50:48,brand_phrase
s_001181,269,5332,2018-10-01 21:51:00,search,3,microsoft_ads,2018-08-24 20:35:37,paid_search_brand,2018-09-21 18:24:17,brand_phrase
s_001182,269,1945,2020-02-21 19:23:00,blog_or_review_site,11,microsoft_ads,2018-08-24 20:35:37,paid_search_brand,2020-02-20 20:50:48,brand_phrase
s_001183,37,659,2020-01-25 10:59:00,search,3,organic_search,2020-01-23 13:21:44,direct,2020-01-24 11:32:44,none
s_001184,1793,4044,2016-07-14 17:35:00,friend_or_family,3,referral,2016-07-06 05:18:52,paid_search_brand,2016-07-13 04:59:24,brand_phrase
s_001185,1793,1700,2020-02-10 16:55:00,social_media,8,referral,2016-07-06 05:18:52,paid_search_brand,2020-02-09 11:15:23,brand_phrase
s_001186,1846,2373,2018-03-11 11:12:00,social_media,4,affiliate,2018-02-07 15:25:30,paid_search_brand,2018-03-11 01:22:02,brand_phrase
s_001187,116,4899,2016-09-18 19:16:00,social_media,4,paid_social_reddit,2016-08-29 18:52:10,paid_search_brand,2016-09-10 00:05:04,brand_phrase
s_001188,1185,1701,2020-02-23 14:05:00,other,5,affiliate,2020-01-25 04:50:40,paid_search_brand,2020-02-21 23:41:43,brand_phrase
s_001189,903,1428,2020-02-21 14:37:00,podcast_or_youtube,18,affiliate,2020-01-07 13:19:53,email_lifecycle,2020-02-21 00:01:23,onboarding_drip
s_001190,903,1702,2020-02-11 13:37:00,podcast_or_youtube,15,affiliate,2020-01-07 13:19:53,paid_search_brand,2020-02-10 03:33:25,brand_phrase
s_001191,903,1946,2020-02-18 14:57:00,search,17,affiliate,2020-01-07 13:19:53,direct,2020-02-17 18:31:14,none
s_001192,903,1947,2020-02-01 13:44:00,podcast_or_youtube,12,affiliate,2020-01-07 13:19:53,paid_search_brand,2020-01-31 10:03:17,brand_phrase
s_001193,903,1703,2020-02-28 12:40:00,search,19,affiliate,2020-01-07 13:19:53,email_lifecycle,2020-02-27 07:22:57,cross_sell_card
s_001194,861,1453,2020-02-11 15:58:00,social_media,3,paid_social_meta,2020-01-09 12:21:08,paid_social_meta,2020-01-23 04:13:24,spring_launch
s_001195,100,4078,2019-07-02 14:03:00,social_media,3,paid_social_meta,2019-05-23 04:13:14,paid_search_brand,2019-06-28 22:51:05,brand_phrase
s_001196,1140,660,2020-01-03 14:19:00,search,3,direct,2019-12-13 08:52:48,paid_search_brand,2020-01-01 17:33:03,brand_exact
s_001197,531,411,2020-01-13 09:57:00,social_media,5,paid_social_meta,2019-12-09 06:52:36,paid_search_brand,2020-01-12 20:09:00,brand_exact
s_001198,531,1948,2020-02-17 12:00:00,social_media,10,paid_social_meta,2019-12-09 06:52:36,paid_search_brand,2020-02-16 16:14:09,brand_exact
s_001199,531,894,2020-01-14 08:01:00,search,5,paid_social_meta,2019-12-09 06:52:36,paid_search_brand,2020-01-12 20:09:00,brand_exact
s_001200,279,1704,2020-02-16 18:13:00,search,8,affiliate,2020-01-11 03:42:21,paid_search_brand,2020-02-16 17:14:12,brand_exact
s_001201,279,1949,2020-02-21 10:24:00,other,10,affiliate,2020-01-11 03:42:21,paid_search_brand,2020-02-20 20:07:01,brand_exact
s_001202,1458,895,2020-01-04 17:18:00,blog_or_review_site,3,affiliate,2019-12-05 19:18:41,direct,2019-12-29 23:11:05,none
s_001203,976,5741,2018-11-20 12:20:00,search,3,paid_search_nonbrand,2018-10-17 05:42:55,direct,2018-11-10 11:38:38,none
s_001204,983,5333,2018-10-07 09:27:00,blog_or_review_site,3,affiliate,2018-09-02 09:25:38,paid_search_brand,2018-09-05 23:28:54,brand_exact
s_001205,1090,3619,2017-06-07 09:08:00,blog_or_review_site,4,affiliate,2017-05-01 09:48:24,direct,2017-06-01 09:43:11,none
s_001206,1857,896,2020-01-26 21:02:00,blog_or_review_site,1,affiliate,2020-01-24 17:29:10,affiliate,2020-01-24 17:29:10,partner_blog
s_001207,1143,1705,2020-02-19 09:18:00,other,6,direct,2020-01-30 05:31:13,direct,2020-02-18 12:42:59,none
s_001208,1767,897,2020-01-18 19:53:00,other,11,apple_search_ads,2019-12-19 05:17:01,direct,2020-01-18 11:36:01,none
s_001209,1767,898,2020-01-13 20:47:00,friend_or_family,6,apple_search_ads,2019-12-19 05:17:01,paid_search_brand,2020-01-12 02:42:12,brand_exact
s_001210,1841,1706,2020-02-07 08:35:00,search,11,paid_social_meta,2017-02-11 13:37:40,paid_search_brand,2020-02-05 10:50:15,brand_exact
s_001211,1841,1374,2017-02-21 12:09:00,social_media,2,paid_social_meta,2017-02-11 13:37:40,direct,2017-02-19 21:24:58,none
s_001212,1841,1950,2020-02-21 17:26:00,blog_or_review_site,12,paid_social_meta,2017-02-11 13:37:40,direct,2020-02-21 05:50:09,none
s_001213,235,1951,2020-02-07 08:09:00,social_media,5,paid_social_meta,2020-01-09 16:34:38,paid_search_brand,2020-01-25 06:18:50,brand_phrase
s_001214,1982,1707,2020-02-24 08:42:00,search,7,microsoft_ads,2020-01-11 15:33:35,paid_search_brand,2020-02-24 00:38:49,brand_phrase
s_001215,1423,899,2020-01-27 21:57:00,search,4,organic_search,2020-01-07 09:57:07,organic_search,2020-01-25 20:34:39,organic
s_001216,500,900,2020-01-27 12:22:00,social_media,21,affiliate,2019-12-13 02:09:49,direct,2020-01-27 10:13:10,none
s_001217,500,901,2020-01-13 08:19:00,app_store,13,affiliate,2019-12-13 02:09:49,direct,2020-01-12 12:06:04,none
s_001218,500,661,2020-01-03 12:35:00,friend_or_family,11,affiliate,2019-12-13 02:09:49,paid_search_brand,2019-12-31 15:46:00,brand_phrase
s_001219,1862,4049,2016-07-11 12:08:00,social_media,3,paid_social_meta,2016-06-03 04:55:18,direct,2016-07-09 12:35:12,none
s_001220,1850,1708,2020-02-21 17:50:00,search,3,organic_search,2020-01-21 08:44:04,paid_search_brand,2020-01-26 13:21:40,brand_phrase
s_001221,1808,1952,2020-02-17 16:54:00,social_media,12,apple_search_ads,2019-12-13 16:19:14,direct,2020-02-17 01:07:34,none
s_001222,1808,662,2020-01-12 19:36:00,app_store,6,apple_search_ads,2019-12-13 16:19:14,paid_search_brand,2020-01-12 11:16:40,brand_exact
s_001223,1716,1953,2020-02-18 18:16:00,podcast_or_youtube,5,organic_search,2020-01-24 18:55:37,direct,2020-02-18 08:47:05,none
s_001224,516,1709,2020-02-06 13:25:00,search,5,paid_search_brand,2020-01-27 17:36:50,direct,2020-02-05 10:13:20,none
s_001225,620,1710,2020-02-14 19:52:00,search,3,organic_search,2020-01-10 09:07:17,paid_search_brand,2020-02-14 12:34:01,brand_phrase
s_001226,772,5315,2016-10-21 18:30:00,search,5,apple_search_ads,2016-10-13 15:25:50,paid_social_meta,2016-10-21 09:19:37,prospecting_lal
s_001227,1429,2378,2018-03-19 17:29:00,friend_or_family,6,referral,2018-02-20 10:24:04,direct,2018-03-19 00:52:12,none
s_001228,1249,902,2020-01-18 14:49:00,search,7,paid_search_brand,2019-12-07 00:34:34,direct,2020-01-16 18:59:50,none
s_001229,1759,4472,2018-08-27 15:26:00,friend_or_family,9,referral,2018-01-11 00:11:54,direct,2018-08-27 08:33:11,none
s_001230,1759,4478,2019-08-20 18:36:00,app_store,10,referral,2018-01-11 00:11:54,apple_search_ads,2019-07-11 10:34:30,asa_exact
s_001231,1759,377,2018-01-24 09:55:00,friend_or_family,3,referral,2018-01-11 00:11:54,paid_social_meta,2018-01-23 22:13:41,prospecting_lal
s_001232,1730,357,2016-01-05 08:43:00,social_media,5,paid_social_meta,2016-01-01 16:41:53,paid_search_brand,2016-01-04 12:27:01,brand_phrase
s_001233,1632,1711,2020-02-17 18:27:00,social_media,16,paid_search_brand,2019-12-27 07:01:24,paid_search_brand,2020-02-06 08:36:51,brand_exact
s_001234,1632,903,2020-01-14 16:23:00,blog_or_review_site,5,paid_search_brand,2019-12-27 07:01:24,paid_search_brand,2020-01-12 02:41:19,brand_phrase
s_001235,1632,1954,2020-02-18 21:46:00,search,17,paid_search_brand,2019-12-27 07:01:24,paid_search_brand,2020-02-18 04:57:53,brand_exact
s_001236,1632,904,2020-01-23 10:09:00,social_media,9,paid_search_brand,2019-12-27 07:01:24,direct,2020-01-22 22:03:12,none
s_001237,1224,905,2020-01-04 08:05:00,search,3,paid_search_brand,2019-12-06 21:38:33,direct,2020-01-03 04:20:54,none
s_001238,1132,663,2020-01-26 14:20:00,social_media,5,paid_social_reddit,2019-12-31 13:13:39,direct,2020-01-22 07:37:49,none
s_001239,1132,1712,2020-02-10 22:12:00,search,8,paid_social_reddit,2019-12-31 13:13:39,paid_search_brand,2020-02-10 19:25:38,brand_phrase
s_001240,1556,1955,2020-02-12 12:18:00,blog_or_review_site,8,paid_search_nonbrand,2019-11-26 03:19:56,email_lifecycle,2020-02-12 00:53:07,onboarding_drip
s_001241,1556,412,2020-01-07 12:46:00,social_media,3,paid_search_nonbrand,2019-11-26 03:19:56,paid_search_brand,2019-12-27 00:20:03,brand_phrase
s_001242,1025,664,2020-01-04 10:17:00,search,9,microsoft_ads,2019-12-05 02:43:59,direct,2020-01-04 01:27:07,none
s_001243,1025,1713,2020-02-20 17:25:00,blog_or_review_site,23,microsoft_ads,2019-12-05 02:43:59,direct,2020-02-19 14:55:49,none
s_001244,1025,906,2020-01-18 21:10:00,blog_or_review_site,14,microsoft_ads,2019-12-05 02:43:59,paid_search_brand,2020-01-17 07:05:55,brand_exact
s_001245,1025,1956,2020-02-03 21:22:00,blog_or_review_site,19,microsoft_ads,2019-12-05 02:43:59,paid_search_nonbrand,2020-02-03 01:41:08,generic_cards
s_001246,1972,5321,2017-10-01 19:23:00,other,5,organic_search,2017-08-28 04:38:00,direct,2017-09-26 15:40:38,none
s_001247,86,3178,2016-05-06 15:48:00,social_media,3,paid_social_meta,2016-04-11 11:37:58,direct,2016-04-21 14:47:25,none
s_001248,86,907,2020-01-22 11:04:00,friend_or_family,13,paid_social_meta,2016-04-11 11:37:58,direct,2020-01-21 05:38:24,none
s_001249,344,1957,2020-02-21 08:32:00,blog_or_review_site,12,paid_social_meta,2020-01-06 02:24:00,direct,2020-02-20 15:33:55,none
s_001250,344,665,2020-01-23 20:45:00,social_media,4,paid_social_meta,2020-01-06 02:24:00,paid_search_brand,2020-01-22 08:55:00,brand_phrase
s_001251,344,666,2020-01-28 14:11:00,search,7,paid_social_meta,2020-01-06 02:24:00,direct,2020-01-28 04:42:07,none
s_001252,1189,1958,2020-02-18 12:59:00,search,1,microsoft_ads,2020-01-04 10:27:35,microsoft_ads,2020-01-04 10:27:35,bing_generic
s_001253,1254,1959,2020-02-25 13:15:00,search,6,paid_search_nonbrand,2020-02-21 20:39:48,direct,2020-02-25 08:35:09,none
s_001254,212,908,2020-01-05 22:21:00,app_store,12,paid_search_nonbrand,2017-06-06 09:57:29,paid_search_brand,2020-01-03 22:09:52,brand_exact
s_001255,212,4052,2017-07-15 10:28:00,friend_or_family,5,paid_search_nonbrand,2017-06-06 09:57:29,paid_search_brand,2017-07-14 14:41:34,brand_exact
s_001256,1118,1382,2018-02-15 14:45:00,blog_or_review_site,10,organic_search,2016-12-30 00:11:34,direct,2018-02-05 19:05:49,none
s_001257,1118,667,2020-01-17 11:54:00,social_media,19,organic_search,2016-12-30 00:11:34,direct,2020-01-16 18:34:45,none
s_001258,1118,362,2017-01-24 08:04:00,friend_or_family,4,organic_search,2016-12-30 00:11:34,paid_search_brand,2017-01-23 13:17:40,brand_phrase
s_001259,1118,1960,2020-02-23 17:51:00,search,21,organic_search,2016-12-30 00:11:34,email_lifecycle,2020-02-13 18:20:23,onboarding_drip
s_001260,1274,3200,2018-05-06 20:32:00,search,4,microsoft_ads,2018-04-09 12:17:58,paid_search_brand,2018-04-29 21:12:20,brand_phrase
s_001261,1274,1714,2020-02-26 08:06:00,search,7,microsoft_ads,2018-04-09 12:17:58,paid_search_brand,2020-02-24 11:52:31,brand_exact
s_001262,337,668,2020-01-01 10:24:00,friend_or_family,6,paid_social_meta,2019-12-02 22:42:54,paid_search_brand,2019-12-31 22:20:25,brand_phrase
s_001263,1637,5319,2016-10-17 09:55:00,friend_or_family,5,organic_search,2016-09-09 22:03:32,paid_search_brand,2016-10-15 17:18:15,brand_exact
s_001264,1856,4050,2016-07-06 18:52:00,social_media,5,paid_social_meta,2016-06-04 11:57:08,paid_social_meta,2016-06-29 06:25:11,spring_launch
s_001265,907,909,2020-01-23 08:43:00,blog_or_review_site,3,paid_search_nonbrand,2019-12-24 09:35:43,paid_search_brand,2020-01-23 06:38:16,brand_exact
s_001266,1923,669,2020-01-26 13:53:00,social_media,5,apple_search_ads,2019-12-25 05:18:39,direct,2020-01-24 16:07:42,none
s_001267,1665,910,2020-01-21 20:51:00,search,3,paid_search_brand,2019-12-23 16:05:38,paid_search_brand,2020-01-21 10:27:58,brand_phrase
s_001268,548,1961,2020-02-12 22:29:00,podcast_or_youtube,10,paid_social_reddit,2019-12-31 15:49:10,paid_search_brand,2020-02-12 07:30:44,brand_phrase
s_001269,548,1715,2020-02-08 13:00:00,friend_or_family,8,paid_social_reddit,2019-12-31 15:49:10,paid_search_nonbrand,2020-02-06 15:03:59,rewards_terms
s_001270,670,1716,2020-02-12 14:19:00,friend_or_family,9,paid_social_meta,2019-12-23 11:54:38,paid_search_brand,2020-02-12 06:46:04,brand_exact
s_001271,670,911,2020-01-16 18:45:00,social_media,8,paid_social_meta,2019-12-23 11:54:38,paid_search_brand,2020-01-15 05:37:13,brand_exact
s_001272,627,5334,2018-10-10 19:57:00,social_media,4,paid_social_meta,2018-09-22 01:14:29,paid_social_meta,2018-10-10 00:51:27,spring_launch
s_001273,1633,1717,2020-02-15 08:07:00,social_media,8,paid_search_brand,2019-11-28 07:28:25,paid_search_nonbrand,2020-02-14 11:57:37,generic_cards
s_001274,1633,670,2020-01-11 19:11:00,friend_or_family,5,paid_search_brand,2019-11-28 07:28:25,direct,2020-01-11 00:09:37,none
s_001275,1593,671,2020-01-03 17:48:00,app_store,6,paid_search_brand,2019-12-19 18:31:10,organic_search,2020-01-01 09:29:53,organic
s_001276,1593,1718,2020-02-14 20:40:00,blog_or_review_site,18,paid_search_brand,2019-12-19 18:31:10,paid_search_brand,2020-02-11 10:49:05,brand_phrase
s_001277,1593,912,2020-01-26 18:16:00,search,10,paid_search_brand,2019-12-19 18:31:10,direct,2020-01-18 17:51:08,none
s_001278,1593,1962,2020-02-12 21:50:00,search,18,paid_search_brand,2019-12-19 18:31:10,paid_search_brand,2020-02-11 10:49:05,brand_phrase
s_001279,720,1963,2020-02-21 12:33:00,search,4,organic_search,2020-01-17 07:10:09,paid_search_brand,2020-02-07 05:12:39,brand_exact
s_001280,843,913,2020-01-06 13:30:00,social_media,11,organic_search,2019-07-08 21:41:08,paid_search_brand,2020-01-05 06:50:23,brand_phrase
s_001281,843,4081,2019-07-14 14:15:00,friend_or_family,3,organic_search,2019-07-08 21:41:08,paid_search_brand,2019-07-14 08:47:46,brand_phrase
s_001282,1008,382,2019-01-19 11:45:00,podcast_or_youtube,1,organic_search,2019-01-16 21:11:35,organic_search,2019-01-16 21:11:35,organic
s_001283,1126,1964,2020-02-22 15:19:00,blog_or_review_site,5,affiliate,2020-01-09 00:07:02,direct,2020-02-20 20:49:00,none
s_001284,881,672,2020-01-27 13:36:00,friend_or_family,5,paid_search_nonbrand,2019-12-19 15:58:59,paid_social_meta,2020-01-27 06:58:28,spring_launch
s_001285,1333,673,2020-01-18 22:02:00,blog_or_review_site,8,affiliate,2019-12-13 06:14:41,paid_search_brand,2020-01-18 02:34:18,brand_phrase
s_001286,1333,674,2020-01-18 20:16:00,friend_or_family,8,affiliate,2019-12-13 06:14:41,paid_search_brand,2020-01-18 02:34:18,brand_phrase
s_001287,1333,1719,2020-02-27 21:12:00,blog_or_review_site,17,affiliate,2019-12-13 06:14:41,email_lifecycle,2020-02-23 06:48:43,reactivation
s_001288,1333,675,2020-01-23 16:55:00,friend_or_family,9,affiliate,2019-12-13 06:14:41,direct,2020-01-22 21:06:17,none
s_001289,398,5323,2017-10-03 22:25:00,other,1,paid_search_nonbrand,2017-09-19 02:10:52,paid_search_nonbrand,2017-09-19 02:10:52,compare_cards
s_001290,151,676,2020-01-27 08:04:00,social_media,4,paid_social_reddit,2020-01-21 06:28:04,direct,2020-01-26 23:41:17,none
s_001291,1924,5330,2018-10-05 15:57:00,social_media,4,paid_search_nonbrand,2018-09-11 20:42:04,direct,2018-10-04 01:49:56,none
s_001292,671,5739,2018-11-25 10:44:00,social_media,5,paid_social_meta,2018-11-23 06:43:45,organic_search,2018-11-25 00:49:04,organic
s_001293,384,4072,2018-07-24 21:22:00,search,4,microsoft_ads,2018-06-30 08:33:50,paid_search_brand,2018-07-23 22:43:22,brand_phrase
s_001294,205,6130,2016-12-17 10:55:00,blog_or_review_site,4,organic_search,2016-11-16 19:41:40,paid_search_brand,2016-12-17 03:47:10,brand_exact
s_001295,205,3620,2017-06-11 21:41:00,social_media,8,organic_search,2016-11-16 19:41:40,paid_search_brand,2017-06-11 20:44:01,brand_phrase
s_001296,205,3639,2018-06-12 16:47:00,other,14,organic_search,2016-11-16 19:41:40,paid_search_brand,2018-06-11 08:02:01,brand_exact
s_001297,1801,677,2020-01-07 19:49:00,social_media,6,microsoft_ads,2020-01-05 18:47:01,organic_search,2020-01-07 17:38:22,organic
s_001298,1490,1369,2016-02-13 08:49:00,social_media,7,paid_social_meta,2016-01-29 16:05:38,direct,2016-02-13 05:18:56,none
s_001299,1490,1965,2020-02-26 09:17:00,other,14,paid_social_meta,2016-01-29 16:05:38,organic_search,2020-02-25 19:13:57,organic
s_001300,1835,678,2020-01-27 21:49:00,blog_or_review_site,1,affiliate,2020-01-23 22:11:38,affiliate,2020-01-23 22:11:38,comparison_site
s_001301,616,3611,2016-06-08 09:44:00,friend_or_family,7,microsoft_ads,2016-05-24 11:27:23,paid_search_brand,2016-06-08 02:42:59,brand_exact
s_001302,638,914,2020-01-10 22:45:00,blog_or_review_site,5,affiliate,2019-12-06 11:10:53,paid_search_brand,2020-01-09 08:12:28,brand_exact
s_001303,1366,1966,2020-02-01 20:27:00,search,8,affiliate,2018-01-31 16:00:36,paid_search_brand,2020-01-31 21:47:12,brand_phrase
s_001304,1366,2374,2018-03-13 08:52:00,blog_or_review_site,4,affiliate,2018-01-31 16:00:36,paid_search_brand,2018-03-12 07:05:48,brand_exact
s_001305,611,679,2020-01-04 17:19:00,friend_or_family,5,affiliate,2019-11-27 12:06:46,microsoft_ads,2020-01-01 11:43:13,bing_generic
s_001306,973,2364,2017-03-15 14:37:00,other,4,paid_search_brand,2017-02-17 08:15:54,paid_search_brand,2017-03-14 20:39:24,brand_exact
s_001307,632,680,2020-01-19 16:32:00,friend_or_family,4,paid_search_nonbrand,2020-01-01 11:58:28,paid_search_brand,2020-01-16 23:48:51,brand_exact
s_001308,1827,1967,2020-02-20 13:49:00,friend_or_family,9,direct,2016-11-01 06:33:43,direct,2020-02-19 12:43:27,none
s_001309,1827,5727,2016-11-16 08:09:00,other,4,direct,2016-11-01 06:33:43,paid_search_brand,2016-11-15 03:37:42,brand_phrase
s_001310,70,681,2020-01-04 10:39:00,other,2,organic_search,2019-11-24 16:56:00,direct,2020-01-02 14:01:37,none
s_001311,672,4464,2017-08-12 21:28:00,social_media,5,paid_social_meta,2017-07-26 17:42:59,paid_search_brand,2017-08-11 08:48:53,brand_phrase
s_001312,672,915,2020-01-22 15:20:00,blog_or_review_site,15,paid_social_meta,2017-07-26 17:42:59,paid_search_brand,2020-01-22 13:15:30,brand_phrase
s_001313,1461,5345,2019-10-02 20:02:00,social_media,2,direct,2019-08-19 00:07:51,paid_search_brand,2019-10-01 07:57:59,brand_exact
s_001314,510,916,2020-01-19 10:26:00,friend_or_family,8,affiliate,2019-12-01 10:37:20,direct,2020-01-18 12:16:48,none
s_001315,510,917,2020-01-04 17:40:00,blog_or_review_site,3,affiliate,2019-12-01 10:37:20,direct,2020-01-03 16:10:37,none
s_001316,1410,1968,2020-02-14 17:52:00,blog_or_review_site,1,affiliate,2020-02-11 13:34:20,affiliate,2020-02-11 13:34:20,partner_blog
s_001317,574,1720,2020-02-03 13:49:00,friend_or_family,9,organic_search,2019-12-10 15:13:28,paid_search_brand,2020-02-01 15:07:31,brand_exact
s_001318,574,435,2020-01-06 15:03:00,search,7,organic_search,2019-12-10 15:13:28,paid_social_meta,2020-01-05 15:12:28,prospecting_lal
s_001319,574,1721,2020-02-10 12:11:00,search,11,organic_search,2019-12-10 15:13:28,paid_search_brand,2020-02-10 01:37:33,brand_phrase
s_001320,574,1722,2020-02-23 17:47:00,social_media,17,organic_search,2019-12-10 15:13:28,paid_search_brand,2020-02-23 08:22:24,brand_phrase
s_001321,30,1723,2020-02-10 18:18:00,friend_or_family,4,organic_search,2020-02-02 20:08:23,direct,2020-02-09 13:55:29,none
s_001322,1270,1429,2020-02-01 19:02:00,search,2,microsoft_ads,2020-01-24 07:13:11,paid_search_brand,2020-02-01 06:43:06,brand_exact
s_001323,805,682,2020-01-17 10:13:00,social_media,6,paid_social_meta,2019-12-16 14:57:52,paid_search_brand,2020-01-10 11:27:20,brand_phrase
s_001324,805,918,2020-01-13 08:40:00,social_media,6,paid_social_meta,2019-12-16 14:57:52,paid_search_brand,2020-01-10 11:27:20,brand_phrase
s_001325,1042,1724,2020-02-22 20:26:00,podcast_or_youtube,3,paid_social_meta,2020-01-27 17:10:09,paid_search_brand,2020-02-22 13:52:31,brand_exact
s_001326,830,683,2020-01-24 14:18:00,blog_or_review_site,1,affiliate,2020-01-08 06:40:39,affiliate,2020-01-08 06:40:39,cashback_portal
s_001327,1954,2387,2019-03-05 10:13:00,other,6,affiliate,2019-02-07 22:59:31,organic_search,2019-03-04 14:46:23,organic
s_001328,1925,684,2020-01-08 18:36:00,search,11,affiliate,2019-12-27 15:08:11,microsoft_ads,2020-01-08 00:40:34,bing_brand
s_001329,1925,685,2020-01-11 13:12:00,blog_or_review_site,12,affiliate,2019-12-27 15:08:11,paid_search_brand,2020-01-09 19:39:22,brand_phrase
s_001330,141,4073,2018-07-25 16:16:00,friend_or_family,1,referral,2018-06-14 05:43:56,referral,2018-06-14 05:43:56,refer_a_friend
s_001331,1256,6137,2018-12-28 19:28:00,search,3,organic_search,2018-12-08 14:30:35,paid_search_brand,2018-12-26 22:06:04,brand_exact
s_001332,1690,1969,2020-02-27 14:11:00,social_media,8,paid_social_meta,2019-12-24 01:42:07,paid_search_brand,2020-02-26 06:13:56,brand_phrase
s_001333,1690,686,2020-01-05 12:31:00,social_media,4,paid_social_meta,2019-12-24 01:42:07,paid_search_brand,2020-01-05 07:47:55,brand_phrase
s_001334,911,687,2020-01-03 08:46:00,friend_or_family,7,organic_search,2019-12-28 17:40:52,paid_social_meta,2020-01-03 06:23:52,prospecting_lal
s_001335,987,373,2018-01-18 11:18:00,social_media,5,paid_social_meta,2018-01-08 13:04:51,direct,2018-01-16 17:24:21,none
s_001336,101,919,2020-01-11 08:08:00,app_store,5,apple_search_ads,2020-01-05 16:36:04,paid_social_meta,2020-01-07 05:01:26,retargeting_site
s_001337,1141,3624,2017-06-20 17:23:00,other,1,paid_search_brand,2017-06-12 06:59:07,paid_search_brand,2017-06-12 06:59:07,brand_phrase
s_001338,481,920,2020-01-06 15:27:00,app_store,6,apple_search_ads,2019-12-06 09:48:21,direct,2020-01-05 13:20:36,none
s_001339,978,688,2020-01-15 11:53:00,social_media,2,paid_social_meta,2019-12-15 15:31:07,paid_search_nonbrand,2019-12-28 22:21:50,generic_cards
s_001340,1550,689,2020-01-20 13:11:00,social_media,8,microsoft_ads,2019-12-22 19:55:02,direct,2020-01-20 06:26:05,none
s_001341,1550,1725,2020-02-11 16:30:00,friend_or_family,14,microsoft_ads,2019-12-22 19:55:02,email_lifecycle,2020-02-03 11:22:01,reactivation
s_001342,1550,690,2020-01-27 16:47:00,blog_or_review_site,12,microsoft_ads,2019-12-22 19:55:02,paid_search_brand,2020-01-27 02:44:13,brand_exact
s_001343,1162,1970,2020-02-28 22:42:00,search,14,paid_search_brand,2020-01-23 04:49:46,direct,2020-02-27 03:54:37,none
s_001344,1162,1454,2020-02-01 17:49:00,app_store,10,paid_search_brand,2020-01-23 04:49:46,direct,2020-02-01 11:21:13,none
s_001345,172,2365,2017-03-26 11:43:00,social_media,2,paid_social_meta,2017-03-11 06:55:23,direct,2017-03-25 09:32:47,none
s_001346,315,1726,2020-02-16 14:19:00,blog_or_review_site,1,affiliate,2020-02-05 20:55:58,affiliate,2020-02-05 20:55:58,partner_blog
s_001347,836,1727,2020-02-04 13:31:00,search,4,paid_search_brand,2019-12-29 07:48:36,paid_search_brand,2020-01-30 18:47:51,brand_exact
s_001348,155,413,2020-01-11 22:40:00,search,6,organic_search,2019-12-25 21:43:38,direct,2020-01-11 08:44:22,none
s_001349,1761,691,2020-01-12 09:00:00,social_media,7,paid_social_meta,2019-12-25 07:27:35,paid_search_brand,2020-01-11 03:21:05,brand_phrase
s_001350,1761,1971,2020-02-08 22:22:00,social_media,9,paid_social_meta,2019-12-25 07:27:35,email_lifecycle,2020-01-31 07:28:09,cross_sell_card
s_001351,1761,1728,2020-02-23 21:41:00,social_media,12,paid_social_meta,2019-12-25 07:27:35,paid_search_nonbrand,2020-02-23 00:10:23,compare_cards
s_001352,215,1729,2020-02-28 11:00:00,search,10,direct,2020-01-15 00:39:14,email_lifecycle,2020-02-22 17:34:04,cross_sell_card
s_001353,215,1430,2020-02-06 11:52:00,other,5,direct,2020-01-15 00:39:14,paid_social_meta,2020-02-05 21:10:05,spring_launch
s_001354,862,1455,2020-02-06 08:54:00,search,9,paid_social_meta,2019-12-23 20:34:59,email_lifecycle,2020-02-03 01:55:49,cross_sell_card
s_001355,862,921,2020-01-16 14:07:00,social_media,5,paid_social_meta,2019-12-23 20:34:59,paid_search_brand,2020-01-12 10:06:31,brand_phrase
s_001356,1698,2390,2019-03-10 15:13:00,podcast_or_youtube,1,paid_search_nonbrand,2019-02-22 03:53:06,paid_search_nonbrand,2019-02-22 03:53:06,rewards_terms
s_001357,1698,922,2020-01-09 19:42:00,search,2,paid_search_nonbrand,2019-02-22 03:53:06,microsoft_ads,2019-12-31 13:27:02,bing_generic
s_001358,1316,436,2020-01-07 19:31:00,social_media,8,paid_search_brand,2019-12-21 04:23:24,paid_search_brand,2020-01-05 01:33:34,brand_exact
s_001359,1316,692,2020-01-28 18:41:00,search,10,paid_search_brand,2019-12-21 04:23:24,paid_search_brand,2020-01-15 07:39:01,brand_exact
s_001360,1316,1972,2020-02-07 20:04:00,blog_or_review_site,17,paid_search_brand,2019-12-21 04:23:24,direct,2020-02-07 18:43:19,none
s_001361,1316,1730,2020-02-03 12:20:00,search,13,paid_search_brand,2019-12-21 04:23:24,direct,2020-02-02 02:08:03,none
s_001362,1831,693,2020-01-20 21:18:00,blog_or_review_site,13,paid_social_meta,2019-12-03 02:49:01,paid_search_brand,2020-01-19 08:39:26,brand_phrase
s_001363,1831,437,2020-01-15 10:13:00,social_media,12,paid_social_meta,2019-12-03 02:49:01,direct,2020-01-14 07:39:52,none
s_001364,231,414,2020-01-27 10:56:00,friend_or_family,4,microsoft_ads,2020-01-14 05:52:43,direct,2020-01-27 10:51:59,none
s_001365,910,1431,2020-02-25 21:43:00,social_media,7,paid_social_meta,2020-01-26 10:29:18,direct,2020-02-25 02:10:11,none
s_001366,1509,5342,2019-10-15 14:30:00,app_store,6,apple_search_ads,2019-10-06 13:20:05,paid_search_nonbrand,2019-10-15 12:09:08,rewards_terms
s_001367,1400,923,2020-01-28 13:57:00,search,10,paid_social_meta,2019-12-22 23:05:10,paid_search_nonbrand,2020-01-23 15:32:30,rewards_terms
s_001368,1400,415,2020-01-12 16:33:00,social_media,7,paid_social_meta,2019-12-22 23:05:10,paid_search_brand,2020-01-10 12:03:47,brand_phrase
s_001369,1573,1432,2020-02-21 15:22:00,search,7,microsoft_ads,2020-01-15 10:35:00,direct,2020-02-21 02:51:26,none
s_001370,1811,4894,2016-09-06 19:40:00,search,5,organic_search,2016-08-15 01:35:56,organic_search,2016-09-03 03:44:35,organic
s_001371,1054,924,2020-01-13 14:11:00,social_media,3,paid_social_meta,2019-12-06 05:34:51,direct,2020-01-04 11:42:58,none
s_001372,333,1731,2020-02-05 15:49:00,search,3,microsoft_ads,2019-12-25 02:10:22,organic_search,2020-01-27 17:09:27,organic
s_001373,390,694,2020-01-16 20:08:00,other,4,organic_search,2019-12-12 17:05:35,microsoft_ads,2020-01-11 10:06:27,bing_brand
s_001374,390,695,2020-01-27 14:46:00,friend_or_family,7,organic_search,2019-12-12 17:05:35,paid_search_brand,2020-01-27 09:06:07,brand_exact
s_001375,1717,6122,2016-12-04 20:26:00,search,7,microsoft_ads,2016-10-22 15:26:07,paid_search_brand,2016-12-04 06:33:49,brand_phrase
s_001376,1717,1383,2018-02-27 20:36:00,blog_or_review_site,18,microsoft_ads,2016-10-22 15:26:07,direct,2018-02-26 22:23:00,none
s_001377,1717,363,2017-01-11 18:14:00,other,12,microsoft_ads,2016-10-22 15:26:07,paid_search_brand,2017-01-01 18:55:31,brand_phrase
s_001378,1293,696,2020-01-12 19:53:00,blog_or_review_site,6,affiliate,2019-12-03 17:33:29,direct,2020-01-12 14:21:05,none
s_001379,1597,925,2020-01-15 09:55:00,search,9,paid_search_brand,2019-12-21 20:43:25,paid_social_meta,2020-01-14 14:48:00,prospecting_lal
s_001380,1597,926,2020-01-17 21:27:00,search,10,paid_search_brand,2019-12-21 20:43:25,direct,2020-01-16 06:28:40,none
s_001381,1597,697,2020-01-15 13:24:00,other,9,paid_search_brand,2019-12-21 20:43:25,paid_social_meta,2020-01-14 14:48:00,prospecting_lal
s_001382,202,927,2020-01-24 10:52:00,search,6,paid_search_nonbrand,2020-01-15 14:11:35,direct,2020-01-24 09:18:23,none
s_001383,493,1973,2020-02-14 14:05:00,social_media,7,paid_social_meta,2020-02-06 21:14:40,direct,2020-02-13 17:25:52,none
s_001384,289,1974,2020-02-17 13:26:00,search,14,paid_search_brand,2020-01-04 07:11:42,direct,2020-02-16 07:44:48,none
s_001385,289,698,2020-01-16 22:30:00,search,8,paid_search_brand,2020-01-04 07:11:42,paid_search_brand,2020-01-16 20:16:24,brand_exact
s_001386,737,6144,2019-12-21 17:46:00,search,6,paid_search_brand,2019-11-14 04:50:41,organic_search,2019-12-20 05:47:37,organic
s_001387,278,6123,2016-12-06 16:34:00,search,7,paid_search_nonbrand,2016-11-05 22:58:26,paid_search_brand,2016-12-05 18:48:56,brand_phrase
s_001388,618,699,2020-01-22 16:51:00,search,5,microsoft_ads,2020-01-14 21:30:15,paid_social_meta,2020-01-21 19:38:01,spring_launch
s_001389,489,4051,2016-07-12 18:23:00,podcast_or_youtube,2,organic_search,2016-06-22 09:08:13,direct,2016-07-07 07:41:12,none
s_001390,1264,1732,2020-02-22 20:01:00,social_media,1,paid_social_meta,2020-01-20 15:26:10,paid_social_meta,2020-01-20 15:26:10,prospecting_lal
s_001391,18,1975,2020-02-15 19:06:00,search,2,paid_search_brand,2020-01-29 11:55:51,direct,2020-02-15 01:27:04,none
s_001392,218,4465,2017-08-07 12:44:00,search,7,paid_search_brand,2017-07-23 01:22:20,paid_search_brand,2017-08-06 20:40:42,brand_phrase
s_001393,1320,1976,2020-02-05 10:45:00,other,4,direct,2020-01-25 16:44:24,direct,2020-02-03 10:48:24,none
s_001394,1275,928,2020-01-22 18:03:00,search,6,paid_search_brand,2020-01-13 23:33:41,direct,2020-01-22 16:47:35,none
s_001395,1275,1977,2020-02-06 09:10:00,search,11,paid_search_brand,2020-01-13 23:33:41,paid_search_brand,2020-02-05 21:09:03,brand_phrase
s_001396,397,3179,2016-05-28 18:30:00,search,3,paid_search_brand,2016-04-22 07:46:49,paid_search_nonbrand,2016-05-25 20:00:35,compare_cards
s_001397,1099,1733,2020-02-08 15:36:00,other,4,affiliate,2020-01-27 22:00:57,paid_social_meta,2020-02-06 05:44:36,retargeting_site
s_001398,1480,3196,2017-05-24 21:45:00,app_store,7,apple_search_ads,2017-04-30 23:44:01,direct,2017-05-24 18:48:48,none
s_001399,1418,1978,2020-02-08 17:50:00,search,5,organic_search,2020-01-23 23:34:51,paid_search_brand,2020-02-07 21:19:32,brand_phrase
s_001400,6,1734,2020-02-05 09:04:00,app_store,4,apple_search_ads,2020-01-26 00:03:32,paid_search_brand,2020-02-05 01:52:39,brand_phrase
s_001401,1527,2366,2017-03-27 12:36:00,social_media,2,paid_social_reddit,2017-02-28 02:13:12,paid_search_brand,2017-03-04 01:22:05,brand_exact
s_001402,1433,4485,2019-08-21 09:18:00,social_media,3,paid_social_meta,2019-08-02 14:16:38,direct,2019-08-16 15:34:12,none
s_001403,1476,4079,2019-07-28 20:36:00,search,6,paid_search_nonbrand,2019-07-09 15:16:11,paid_search_brand,2019-07-28 09:24:24,brand_phrase
s_001404,455,4064,2017-07-01 13:35:00,search,3,paid_search_nonbrand,2017-06-01 14:56:58,paid_search_brand,2017-07-01 03:44:03,brand_phrase
s_001405,1553,1433,2020-02-26 21:24:00,friend_or_family,8,microsoft_ads,2019-12-31 07:48:42,paid_search_brand,2020-02-24 22:20:19,brand_exact
s_001406,1553,929,2020-01-18 13:42:00,other,4,microsoft_ads,2019-12-31 07:48:42,paid_search_nonbrand,2020-01-08 12:29:14,compare_cards
s_001407,532,930,2020-01-26 20:31:00,search,9,microsoft_ads,2019-12-28 13:40:40,paid_search_brand,2020-01-25 00:35:34,brand_exact
s_001408,532,931,2020-01-06 14:46:00,search,4,microsoft_ads,2019-12-28 13:40:40,paid_search_brand,2020-01-05 16:12:57,brand_exact
s_001409,1092,1456,2020-02-11 18:15:00,search,3,organic_search,2020-01-21 06:39:04,paid_search_brand,2020-02-07 04:35:03,brand_exact
s_001410,1819,1979,2020-02-05 12:32:00,search,8,microsoft_ads,2020-01-03 21:24:34,microsoft_ads,2020-02-05 03:54:56,bing_generic
s_001411,1819,1735,2020-02-18 18:06:00,social_media,10,microsoft_ads,2020-01-03 21:24:34,paid_search_nonbrand,2020-02-18 11:31:25,generic_cards
s_001412,1282,364,2017-01-08 20:37:00,social_media,3,paid_social_meta,2016-11-24 05:23:07,paid_search_nonbrand,2016-12-21 04:41:07,rewards_terms
s_001413,1325,1434,2020-02-03 08:49:00,search,5,microsoft_ads,2020-01-18 01:04:51,paid_search_brand,2020-02-02 10:38:43,brand_phrase
s_001414,1325,1435,2020-02-27 09:46:00,social_media,10,microsoft_ads,2020-01-18 01:04:51,email_lifecycle,2020-02-18 07:42:22,onboarding_drip
s_001415,687,1980,2020-02-25 17:26:00,social_media,2,paid_search_brand,2020-02-11 10:55:51,paid_social_meta,2020-02-24 17:53:24,prospecting_lal
s_001416,1542,932,2020-01-04 11:18:00,search,5,microsoft_ads,2019-12-07 16:37:34,organic_search,2019-12-25 01:22:43,organic
s_001417,36,1736,2020-02-27 16:47:00,friend_or_family,2,affiliate,2020-01-15 21:00:27,direct,2020-01-18 10:11:24,none
s_001418,555,700,2020-01-19 17:08:00,social_media,1,paid_social_meta,2019-12-27 16:34:47,paid_social_meta,2019-12-27 16:34:47,spring_launch
s_001419,136,1981,2020-02-16 15:58:00,search,15,microsoft_ads,2019-12-28 14:07:35,email_lifecycle,2020-02-16 07:22:07,reactivation
s_001420,136,701,2020-01-02 12:26:00,search,4,microsoft_ads,2019-12-28 14:07:35,microsoft_ads,2019-12-30 21:18:02,bing_brand
s_001421,136,1982,2020-02-05 22:29:00,other,12,microsoft_ads,2019-12-28 14:07:35,paid_search_nonbrand,2020-02-03 08:18:50,compare_cards
s_001422,329,1362,2016-02-05 08:08:00,social_media,7,paid_social_reddit,2016-01-03 07:22:45,paid_search_brand,2016-02-05 04:56:07,brand_phrase
s_001423,329,4082,2019-07-07 19:15:00,blog_or_review_site,12,paid_social_reddit,2016-01-03 07:22:45,paid_search_brand,2019-07-07 11:58:47,brand_phrase
s_001424,1181,3642,2019-06-24 17:44:00,other,1,paid_social_reddit,2019-05-24 10:05:56,paid_social_reddit,2019-05-24 10:05:56,r_personalfinance
s_001425,598,2361,2016-03-11 22:50:00,search,5,organic_search,2016-02-19 13:12:29,paid_search_nonbrand,2016-03-08 12:29:44,rewards_terms
s_001426,998,702,2020-01-01 08:12:00,search,4,paid_search_brand,2019-12-20 00:22:27,microsoft_ads,2019-12-30 19:58:28,bing_brand
s_001427,998,703,2020-01-28 16:16:00,search,10,paid_search_brand,2019-12-20 00:22:27,paid_search_brand,2020-01-27 11:07:37,brand_phrase
s_001428,1743,933,2020-01-24 10:41:00,social_media,13,paid_search_brand,2019-11-25 08:32:39,paid_search_brand,2020-01-17 22:21:10,brand_exact
s_001429,1743,1983,2020-02-04 11:44:00,social_media,17,paid_search_brand,2019-11-25 08:32:39,paid_social_meta,2020-01-29 18:26:51,spring_launch
s_001430,1743,934,2020-01-25 22:33:00,search,14,paid_search_brand,2019-11-25 08:32:39,direct,2020-01-25 02:05:45,none
s_001431,1743,935,2020-01-02 17:30:00,search,3,paid_search_brand,2019-11-25 08:32:39,direct,2020-01-01 16:09:36,none
s_001432,1000,2781,2018-04-24 09:59:00,search,2,organic_search,2018-03-17 01:17:18,paid_search_brand,2018-04-22 10:04:37,brand_exact
s_001433,1708,1737,2020-02-04 20:43:00,search,10,microsoft_ads,2019-12-13 11:51:40,email_lifecycle,2020-02-04 14:40:48,cross_sell_card
s_001434,1708,704,2020-01-16 12:28:00,search,6,microsoft_ads,2019-12-13 11:51:40,direct,2020-01-14 15:37:09,none
s_001435,799,936,2020-01-17 22:17:00,search,3,organic_search,2019-12-21 08:08:30,paid_search_nonbrand,2020-01-02 00:48:25,compare_cards
s_001436,144,1436,2020-02-05 15:04:00,social_media,14,organic_search,2016-07-05 20:17:40,organic_search,2020-01-23 11:38:12,organic
s_001437,144,4457,2016-08-13 22:26:00,podcast_or_youtube,6,organic_search,2016-07-05 20:17:40,paid_search_brand,2016-08-13 12:52:38,brand_exact
s_001438,781,1984,2020-02-02 15:56:00,blog_or_review_site,13,paid_social_meta,2019-12-26 07:06:56,paid_search_brand,2020-01-31 15:34:18,brand_exact
s_001439,781,937,2020-01-14 08:10:00,social_media,9,paid_social_meta,2019-12-26 07:06:56,paid_search_brand,2020-01-13 14:08:06,brand_exact
s_001440,793,2775,2017-04-03 21:01:00,other,7,direct,2017-04-01 14:15:13,direct,2017-04-03 05:25:42,none
s_001441,1681,938,2020-01-04 17:21:00,search,3,paid_search_brand,2020-01-02 00:36:42,paid_search_brand,2020-01-03 22:47:22,brand_phrase
s_001442,1179,4466,2017-08-18 19:55:00,search,2,microsoft_ads,2017-07-12 14:16:34,paid_social_meta,2017-07-25 22:24:38,spring_launch
s_001443,114,939,2020-01-08 09:59:00,blog_or_review_site,3,affiliate,2019-12-21 10:06:53,paid_search_brand,2020-01-07 07:29:08,brand_exact
s_001444,271,1738,2020-02-25 14:25:00,other,5,apple_search_ads,2020-01-30 21:05:46,paid_search_brand,2020-02-24 13:42:44,brand_phrase
s_001445,1107,1985,2020-02-12 10:11:00,search,7,affiliate,2020-01-21 19:15:36,paid_search_brand,2020-02-11 10:23:52,brand_exact
s_001446,517,5335,2018-10-22 12:38:00,search,2,paid_search_nonbrand,2018-10-01 16:36:46,paid_search_brand,2018-10-22 11:05:03,brand_phrase
s_001447,517,1739,2020-02-20 16:28:00,search,8,paid_search_nonbrand,2018-10-01 16:36:46,direct,2020-02-19 06:21:29,none
s_001448,1992,5327,2017-10-23 16:02:00,podcast_or_youtube,2,paid_search_brand,2017-09-11 02:39:51,paid_search_brand,2017-10-18 16:07:16,brand_phrase
s_001449,968,705,2020-01-24 15:09:00,social_media,4,paid_social_reddit,2019-12-16 15:44:34,organic_search,2020-01-10 00:26:43,organic
s_001450,463,5746,2019-11-10 18:56:00,search,2,paid_social_meta,2019-11-04 03:55:20,paid_search_brand,2019-11-08 13:29:58,brand_exact
s_001451,1365,1986,2020-02-27 20:22:00,social_media,3,paid_social_meta,2020-02-10 15:19:19,paid_search_brand,2020-02-26 00:28:54,brand_exact
s_001452,545,6140,2019-12-03 12:20:00,social_media,6,paid_social_reddit,2019-11-24 22:01:10,paid_search_brand,2019-12-03 00:02:36,brand_exact
s_001453,612,706,2020-01-04 18:53:00,search,16,affiliate,2018-03-01 22:41:38,direct,2020-01-04 13:06:07,none
s_001454,612,2375,2018-03-08 19:32:00,friend_or_family,2,affiliate,2018-03-01 22:41:38,paid_search_brand,2018-03-08 09:24:21,brand_exact
s_001455,612,4925,2019-09-24 11:32:00,blog_or_review_site,11,affiliate,2018-03-01 22:41:38,microsoft_ads,2019-09-17 22:00:22,bing_generic
s_001456,536,1437,2020-02-16 20:24:00,blog_or_review_site,21,apple_search_ads,2019-12-18 05:37:28,email_lifecycle,2020-02-16 08:13:10,onboarding_drip
s_001457,536,940,2020-01-05 11:21:00,social_media,7,apple_search_ads,2019-12-18 05:37:28,paid_search_brand,2020-01-04 12:52:39,brand_phrase
s_001458,536,707,2020-01-12 18:01:00,podcast_or_youtube,12,apple_search_ads,2019-12-18 05:37:28,direct,2020-01-11 05:26:44,none
s_001459,536,941,2020-01-12 09:03:00,blog_or_review_site,12,apple_search_ads,2019-12-18 05:37:28,direct,2020-01-11 05:26:44,none
s_001460,536,708,2020-01-16 08:02:00,blog_or_review_site,13,apple_search_ads,2019-12-18 05:37:28,paid_search_brand,2020-01-15 19:56:33,brand_phrase
s_001461,523,1438,2020-02-15 19:58:00,podcast_or_youtube,11,direct,2016-05-19 11:50:41,paid_search_brand,2020-02-14 04:21:22,brand_phrase
s_001462,523,3612,2016-06-02 12:52:00,search,2,direct,2016-05-19 11:50:41,direct,2016-06-01 03:24:19,none
s_001463,523,709,2020-01-04 18:45:00,social_media,5,direct,2016-05-19 11:50:41,direct,2019-12-24 11:29:02,none
s_001464,928,2771,2017-04-10 13:51:00,friend_or_family,6,paid_social_reddit,2017-02-26 06:36:38,direct,2017-04-09 23:54:39,none
s_001465,928,710,2020-01-01 08:45:00,social_media,12,paid_social_reddit,2017-02-26 06:36:38,paid_search_brand,2020-01-01 00:13:22,brand_exact
s_001466,495,1740,2020-02-06 21:56:00,social_media,4,affiliate,2020-01-07 08:38:24,microsoft_ads,2020-01-29 17:47:59,bing_generic
s_001467,166,1741,2020-02-21 18:20:00,blog_or_review_site,1,affiliate,2020-01-28 02:33:33,affiliate,2020-01-28 02:33:33,partner_blog
s_001468,1962,711,2020-01-28 16:50:00,blog_or_review_site,2,affiliate,2020-01-25 22:49:08,paid_social_meta,2020-01-26 09:58:31,prospecting_lal
s_001469,682,6145,2019-12-22 11:22:00,friend_or_family,6,paid_search_nonbrand,2019-12-15 08:50:45,paid_search_brand,2019-12-20 12:56:39,brand_phrase
s_001470,167,712,2020-01-20 08:48:00,search,6,paid_search_nonbrand,2019-12-16 20:16:19,paid_social_meta,2020-01-19 18:02:20,spring_launch
s_001471,167,1742,2020-02-22 20:16:00,friend_or_family,14,paid_search_nonbrand,2019-12-16 20:16:19,paid_search_brand,2020-02-20 19:25:13,brand_phrase
s_001472,167,942,2020-01-24 22:09:00,search,7,paid_search_nonbrand,2019-12-16 20:16:19,direct,2020-01-23 08:06:29,none
s_001473,1496,1987,2020-02-15 12:21:00,podcast_or_youtube,9,microsoft_ads,2019-11-19 14:52:42,paid_search_nonbrand,2020-02-05 23:34:29,generic_cards
s_001474,1496,713,2020-01-02 13:43:00,social_media,6,microsoft_ads,2019-11-19 14:52:42,paid_search_brand,2019-12-27 11:08:35,brand_phrase
s_001475,1496,943,2020-01-01 16:24:00,search,6,microsoft_ads,2019-11-19 14:52:42,paid_search_brand,2019-12-27 11:08:35,brand_phrase
s_001476,853,1743,2020-02-26 11:04:00,search,3,paid_search_nonbrand,2020-02-03 00:24:59,paid_search_brand,2020-02-26 03:48:41,brand_phrase
s_001477,769,1744,2020-02-12 17:31:00,blog_or_review_site,2,affiliate,2020-01-25 20:06:50,paid_search_brand,2020-02-11 05:43:15,brand_exact
s_001478,1624,714,2020-01-02 08:01:00,search,4,paid_search_nonbrand,2019-12-09 22:49:02,paid_search_brand,2019-12-31 21:04:42,brand_phrase
s_001479,1624,1988,2020-02-07 20:08:00,blog_or_review_site,10,paid_search_nonbrand,2019-12-09 22:49:02,organic_search,2020-02-07 03:55:24,organic
s_001480,958,1745,2020-02-22 11:14:00,search,10,paid_search_nonbrand,2019-12-12 01:25:05,paid_search_brand,2020-02-21 18:12:54,brand_exact
s_001481,958,944,2020-01-18 17:39:00,other,4,paid_search_nonbrand,2019-12-12 01:25:05,direct,2020-01-17 09:40:58,none
s_001482,958,945,2020-01-27 10:00:00,search,5,paid_search_nonbrand,2019-12-12 01:25:05,direct,2020-01-27 06:24:42,none
s_001483,989,3643,2019-06-07 11:15:00,podcast_or_youtube,2,paid_search_nonbrand,2019-06-01 15:07:43,paid_social_reddit,2019-06-01 15:24:10,r_churning
s_001484,1091,1384,2018-02-07 08:13:00,other,7,direct,2017-12-25 08:29:14,paid_search_brand,2018-02-06 02:32:02,brand_phrase
s_001485,1618,3632,2018-06-06 10:58:00,search,13,paid_search_nonbrand,2016-11-13 19:07:53,paid_search_brand,2018-06-05 09:41:26,brand_exact
s_001486,1618,5729,2016-11-18 16:04:00,blog_or_review_site,5,paid_search_nonbrand,2016-11-13 19:07:53,paid_search_nonbrand,2016-11-18 13:02:30,compare_cards
s_001487,499,715,2020-01-24 13:18:00,search,6,paid_search_nonbrand,2019-12-16 21:30:03,paid_search_brand,2020-01-22 20:50:13,brand_exact
s_001488,499,716,2020-01-25 12:07:00,blog_or_review_site,6,paid_search_nonbrand,2019-12-16 21:30:03,paid_search_brand,2020-01-22 20:50:13,brand_exact
s_001489,631,717,2020-01-01 18:35:00,social_media,6,paid_social_meta,2019-12-11 04:18:34,paid_search_nonbrand,2020-01-01 00:10:03,compare_cards
s_001490,1070,718,2020-01-09 11:01:00,search,6,paid_search_brand,2019-12-01 06:01:48,paid_search_brand,2020-01-09 00:10:02,brand_exact
s_001491,738,1989,2020-02-14 17:34:00,social_media,6,paid_search_nonbrand,2020-01-28 03:26:04,paid_search_brand,2020-02-13 03:26:28,brand_exact
s_001492,1375,1990,2020-02-08 14:31:00,other,9,paid_search_nonbrand,2019-12-27 18:52:26,direct,2020-02-06 23:40:13,none
s_001493,1375,719,2020-01-23 11:33:00,search,8,paid_search_nonbrand,2019-12-27 18:52:26,direct,2020-01-21 19:36:01,none
s_001494,459,1991,2020-02-26 21:38:00,social_media,9,paid_search_brand,2017-05-28 16:51:24,direct,2020-02-26 12:11:13,none
s_001495,459,3625,2017-06-15 08:55:00,search,5,paid_search_brand,2017-05-28 16:51:24,paid_search_brand,2017-06-14 14:09:13,brand_exact
s_001496,281,1457,2020-02-20 17:26:00,search,3,paid_search_nonbrand,2020-02-11 09:40:20,paid_search_brand,2020-02-20 02:38:17,brand_phrase
s_001497,498,946,2020-01-01 14:46:00,search,8,paid_search_brand,2019-11-22 07:33:54,paid_search_nonbrand,2019-12-28 16:37:55,rewards_terms
s_001498,498,720,2020-01-19 13:17:00,social_media,13,paid_search_brand,2019-11-22 07:33:54,paid_search_brand,2020-01-18 21:28:02,brand_phrase
s_001499,897,721,2020-01-16 11:35:00,app_store,11,paid_search_brand,2016-08-19 21:53:50,direct,2019-12-31 03:45:55,none
s_001500,897,4458,2016-08-23 22:47:00,friend_or_family,5,paid_search_brand,2016-08-19 21:53:50,direct,2016-08-22 10:32:27,none
s_001501,262,1992,2020-02-06 12:09:00,blog_or_review_site,11,apple_search_ads,2020-01-02 15:43:01,direct,2020-02-02 17:02:16,none
s_001502,262,722,2020-01-26 12:20:00,blog_or_review_site,9,apple_search_ads,2020-01-02 15:43:01,paid_social_meta,2020-01-26 03:30:55,retargeting_site
s_001503,262,1746,2020-02-03 20:48:00,app_store,11,apple_search_ads,2020-01-02 15:43:01,direct,2020-02-02 17:02:16,none
s_001504,1781,723,2020-01-14 21:16:00,social_media,6,organic_search,2019-12-08 15:41:02,direct,2020-01-12 14:33:57,none
s_001505,160,1747,2020-02-20 15:14:00,blog_or_review_site,6,affiliate,2017-08-11 15:44:00,paid_search_brand,2020-02-08 08:19:13,brand_phrase
s_001506,160,4914,2017-09-18 08:40:00,blog_or_review_site,1,affiliate,2017-08-11 15:44:00,affiliate,2017-08-11 15:44:00,partner_blog
s_001507,1655,947,2020-01-02 10:41:00,blog_or_review_site,6,paid_search_brand,2019-12-13 15:51:23,paid_search_brand,2019-12-31 23:59:32,brand_exact
s_001508,1329,724,2020-01-19 18:08:00,friend_or_family,7,paid_search_nonbrand,2019-12-22 19:41:21,paid_search_brand,2020-01-19 11:54:22,brand_phrase
s_001509,1329,725,2020-01-05 19:02:00,search,3,paid_search_nonbrand,2019-12-22 19:41:21,paid_search_brand,2020-01-04 00:27:49,brand_exact
s_001510,1329,1748,2020-02-04 19:27:00,blog_or_review_site,14,paid_search_nonbrand,2019-12-22 19:41:21,paid_search_brand,2020-02-04 05:47:35,brand_exact
s_001511,1220,948,2020-01-24 08:30:00,blog_or_review_site,3,affiliate,2019-12-28 10:37:17,paid_search_brand,2020-01-17 15:27:47,brand_phrase
s_001512,833,949,2020-01-18 21:09:00,social_media,2,paid_social_meta,2019-12-16 00:01:07,organic_search,2020-01-01 06:51:40,organic
s_001513,833,1749,2020-02-05 17:51:00,search,7,paid_social_meta,2019-12-16 00:01:07,direct,2020-02-05 13:28:49,none
s_001514,208,1750,2020-02-26 11:48:00,search,3,affiliate,2020-02-25 07:26:40,paid_social_meta,2020-02-25 15:44:39,prospecting_lal
s_001515,1356,1751,2020-02-19 10:25:00,blog_or_review_site,9,organic_search,2017-06-06 22:02:32,paid_search_brand,2020-02-16 18:58:44,brand_exact
s_001516,1356,4057,2017-07-14 22:31:00,search,3,organic_search,2017-06-06 22:02:32,direct,2017-07-13 20:26:32,none
s_001517,1790,726,2020-01-02 09:40:00,social_media,6,paid_social_meta,2019-11-30 21:25:05,paid_search_brand,2019-12-31 21:30:42,brand_exact
s_001518,1999,1752,2020-02-04 14:01:00,blog_or_review_site,7,affiliate,2020-01-11 17:03:20,direct,2020-02-03 22:44:06,none
s_001519,1999,1993,2020-02-27 18:19:00,social_media,12,affiliate,2020-01-11 17:03:20,email_lifecycle,2020-02-22 09:45:59,onboarding_drip
s_001520,614,1753,2020-02-27 08:30:00,other,3,paid_search_brand,2020-01-09 00:25:12,paid_search_brand,2020-02-26 16:37:49,brand_exact
s_001521,614,416,2020-01-12 22:26:00,blog_or_review_site,1,paid_search_brand,2020-01-09 00:25:12,paid_search_brand,2020-01-09 00:25:12,brand_phrase
s_001522,175,950,2020-01-07 19:48:00,friend_or_family,5,paid_social_meta,2019-12-30 18:04:02,paid_search_brand,2020-01-06 15:54:46,brand_phrase
s_001523,331,1994,2020-02-21 11:20:00,podcast_or_youtube,3,paid_search_nonbrand,2020-02-02 04:18:05,direct,2020-02-20 02:54:48,none
s_001524,8,417,2020-01-15 09:10:00,search,10,paid_social_meta,2019-11-30 05:03:27,email_lifecycle,2020-01-14 02:36:30,onboarding_drip
s_001525,8,418,2020-01-12 13:55:00,social_media,8,paid_social_meta,2019-11-30 05:03:27,direct,2020-01-12 12:30:11,none
s_001526,1354,727,2020-01-08 14:00:00,social_media,5,paid_social_meta,2019-12-14 02:30:57,direct,2020-01-07 00:49:06,none
s_001527,1354,1995,2020-02-23 21:53:00,search,10,paid_social_meta,2019-12-14 02:30:57,direct,2020-02-23 01:44:00,none
s_001528,919,6124,2016-12-24 12:39:00,social_media,5,paid_social_meta,2016-11-08 23:15:57,paid_search_brand,2016-12-03 12:24:56,brand_exact
s_001529,902,728,2020-01-12 17:42:00,other,2,organic_search,2019-12-01 16:33:16,paid_social_meta,2019-12-30 17:12:26,spring_launch
s_001530,1318,951,2020-01-03 15:56:00,search,11,affiliate,2019-11-22 18:48:49,paid_search_brand,2020-01-02 06:48:36,brand_phrase
s_001531,1318,729,2020-01-02 21:50:00,blog_or_review_site,11,affiliate,2019-11-22 18:48:49,paid_search_brand,2020-01-02 06:48:36,brand_phrase
s_001532,1318,730,2020-01-15 17:50:00,social_media,12,affiliate,2019-11-22 18:48:49,paid_search_brand,2020-01-14 01:48:45,brand_exact
s_001533,1318,1458,2020-02-17 18:56:00,search,19,affiliate,2019-11-22 18:48:49,paid_search_brand,2020-02-17 13:14:37,brand_exact
s_001534,1545,731,2020-01-27 15:40:00,app_store,5,microsoft_ads,2019-12-30 00:38:43,paid_search_brand,2020-01-27 12:15:42,brand_phrase
s_001535,1545,419,2020-01-03 15:47:00,search,2,microsoft_ads,2019-12-30 00:38:43,paid_social_meta,2019-12-30 23:12:42,prospecting_lal
s_001536,1545,1754,2020-02-24 21:48:00,social_media,11,microsoft_ads,2019-12-30 00:38:43,paid_search_brand,2020-02-24 03:29:37,brand_phrase
s_001537,1001,732,2020-01-20 21:49:00,social_media,5,paid_social_meta,2019-12-29 07:00:30,paid_search_brand,2020-01-12 13:46:08,brand_exact
s_001538,625,733,2020-01-09 22:48:00,social_media,1,paid_social_meta,2019-12-04 03:27:13,paid_social_meta,2019-12-04 03:27:13,spring_launch
s_001539,979,6125,2016-12-28 20:53:00,search,2,paid_search_nonbrand,2016-12-16 21:27:52,direct,2016-12-24 04:10:57,none
s_001540,537,1755,2020-02-23 08:08:00,search,11,organic_search,2020-01-12 04:13:18,paid_search_brand,2020-02-22 13:02:40,brand_phrase
s_001541,537,1756,2020-02-02 11:56:00,search,10,organic_search,2020-01-12 04:13:18,paid_search_brand,2020-02-02 04:47:06,brand_phrase
s_001542,121,420,2020-01-25 09:54:00,blog_or_review_site,1,affiliate,2019-12-14 06:52:30,affiliate,2019-12-14 06:52:30,partner_blog
s_001543,1773,1996,2020-02-13 09:17:00,other,2,affiliate,2020-01-30 03:50:00,paid_search_brand,2020-02-12 14:43:24,brand_phrase
s_001544,1339,1997,2020-02-26 11:12:00,blog_or_review_site,10,affiliate,2019-12-15 18:16:22,paid_search_nonbrand,2020-02-23 07:10:19,compare_cards
s_001545,1339,734,2020-01-24 18:41:00,other,7,affiliate,2019-12-15 18:16:22,paid_search_brand,2020-01-23 08:04:01,brand_exact
s_001546,1894,735,2020-01-16 21:31:00,search,9,paid_search_brand,2019-12-07 04:05:55,direct,2020-01-15 00:55:31,none
s_001547,1894,736,2020-01-21 20:58:00,social_media,10,paid_search_brand,2019-12-07 04:05:55,paid_search_brand,2020-01-20 13:57:49,brand_exact
s_001548,77,438,2020-01-03 12:56:00,blog_or_review_site,5,paid_social_reddit,2017-06-12 10:43:15,direct,2020-01-02 21:12:41,none
s_001549,77,3621,2017-06-16 09:03:00,social_media,2,paid_social_reddit,2017-06-12 10:43:15,direct,2017-06-14 21:48:57,none
s_001550,628,1757,2020-02-05 09:56:00,friend_or_family,1,affiliate,2020-02-02 11:39:29,affiliate,2020-02-02 11:39:29,cashback_portal
s_001551,971,952,2020-01-13 20:48:00,friend_or_family,19,paid_search_nonbrand,2019-11-23 05:24:23,apple_search_ads,2020-01-12 04:43:20,asa_discovery
s_001552,971,953,2020-01-10 19:05:00,search,18,paid_search_nonbrand,2019-11-23 05:24:23,paid_search_brand,2020-01-09 23:15:14,brand_phrase
s_001553,971,1998,2020-02-01 20:10:00,friend_or_family,21,paid_search_nonbrand,2019-11-23 05:24:23,direct,2020-01-31 23:12:51,none
s_001554,971,737,2020-01-05 16:05:00,friend_or_family,16,paid_search_nonbrand,2019-11-23 05:24:23,direct,2020-01-04 05:26:27,none
s_001555,971,954,2020-01-16 10:29:00,search,19,paid_search_nonbrand,2019-11-23 05:24:23,apple_search_ads,2020-01-12 04:43:20,asa_discovery
s_001556,111,1758,2020-02-01 09:31:00,blog_or_review_site,10,organic_search,2020-01-07 05:09:23,paid_search_brand,2020-02-01 07:56:25,brand_exact
s_001557,111,1439,2020-02-16 09:06:00,podcast_or_youtube,12,organic_search,2020-01-07 05:09:23,paid_search_brand,2020-02-11 18:16:47,brand_phrase
s_001558,312,738,2020-01-22 11:25:00,social_media,17,affiliate,2019-11-18 06:20:59,paid_search_brand,2020-01-21 00:53:26,brand_phrase
s_001559,312,955,2020-01-10 08:52:00,social_media,13,affiliate,2019-11-18 06:20:59,paid_search_brand,2020-01-10 03:02:04,brand_exact
s_001560,312,1759,2020-02-13 22:25:00,social_media,24,affiliate,2019-11-18 06:20:59,direct,2020-02-13 19:44:53,none
s_001561,312,956,2020-01-01 13:13:00,friend_or_family,8,affiliate,2019-11-18 06:20:59,paid_search_nonbrand,2019-12-26 11:32:43,compare_cards
s_001562,1627,1999,2020-02-24 21:04:00,search,2,microsoft_ads,2020-01-19 18:47:30,paid_search_brand,2020-02-23 16:24:08,brand_phrase
s_001563,174,1760,2020-02-05 08:40:00,search,8,paid_search_nonbrand,2020-01-16 16:45:13,direct,2020-02-04 18:17:21,none
s_001564,174,1761,2020-02-15 09:46:00,search,10,paid_search_nonbrand,2020-01-16 16:45:13,email_lifecycle,2020-02-12 00:40:48,onboarding_drip
s_001565,174,1762,2020-02-26 11:46:00,search,13,paid_search_nonbrand,2020-01-16 16:45:13,email_lifecycle,2020-02-25 07:15:06,reactivation
s_001566,420,739,2020-01-02 14:01:00,other,3,affiliate,2019-11-22 04:08:46,paid_search_nonbrand,2019-12-13 01:48:00,rewards_terms
s_001567,863,1385,2018-02-26 21:43:00,search,5,paid_search_brand,2018-02-11 22:44:52,paid_search_brand,2018-02-25 14:21:50,brand_phrase
s_001568,1616,2786,2018-04-07 22:47:00,social_media,2,paid_social_meta,2018-03-13 22:12:06,paid_search_brand,2018-04-07 22:13:35,brand_phrase
s_001569,1805,1763,2020-02-22 09:17:00,social_media,5,paid_social_meta,2020-02-02 17:20:25,paid_search_brand,2020-02-22 03:50:08,brand_phrase
s_001570,1735,2000,2020-02-28 10:43:00,other,16,paid_social_meta,2017-06-12 22:45:14,paid_search_brand,2020-02-26 12:53:33,brand_phrase
s_001571,1735,4053,2017-07-02 22:45:00,social_media,6,paid_social_meta,2017-06-12 22:45:14,direct,2017-06-29 00:50:45,none
s_001572,1278,740,2020-01-04 18:54:00,search,11,paid_search_brand,2019-11-20 20:37:38,organic_search,2020-01-04 08:23:26,organic
s_001573,1278,1764,2020-02-15 20:02:00,app_store,14,paid_search_brand,2019-11-20 20:37:38,paid_search_brand,2020-02-15 02:25:40,brand_phrase
s_001574,1278,741,2020-01-04 09:37:00,blog_or_review_site,11,paid_search_brand,2019-11-20 20:37:38,organic_search,2020-01-04 08:23:26,organic
s_001575,591,2391,2019-03-16 22:02:00,blog_or_review_site,1,organic_search,2019-02-03 14:12:43,organic_search,2019-02-03 14:12:43,organic
s_001576,31,3180,2016-05-16 17:33:00,search,4,paid_search_nonbrand,2016-04-05 04:20:57,paid_search_brand,2016-05-15 16:46:11,brand_phrase
s_001577,31,3622,2017-06-13 18:31:00,search,10,paid_search_nonbrand,2016-04-05 04:20:57,organic_search,2017-06-13 10:15:33,organic
s_001578,1380,742,2020-01-08 08:37:00,friend_or_family,3,paid_search_brand,2019-12-09 14:30:13,direct,2020-01-06 12:34:44,none
s_001579,378,2001,2020-02-20 21:54:00,friend_or_family,6,organic_search,2020-01-27 00:20:25,paid_search_brand,2020-02-19 15:28:49,brand_phrase
s_001580,647,4460,2016-08-01 17:16:00,other,6,paid_search_brand,2016-07-06 10:29:43,paid_search_nonbrand,2016-07-31 18:01:49,rewards_terms
s_001581,391,4921,2019-09-16 16:37:00,search,5,paid_search_nonbrand,2016-05-21 22:59:34,paid_search_brand,2019-09-15 18:35:47,brand_phrase
s_001582,391,3616,2016-06-02 12:02:00,search,2,paid_search_nonbrand,2016-05-21 22:59:34,direct,2016-06-02 10:17:25,none
s_001583,588,957,2020-01-18 15:41:00,search,12,paid_social_reddit,2019-11-25 11:24:22,direct,2020-01-17 22:24:58,none
s_001584,588,439,2020-01-04 21:28:00,social_media,7,paid_social_reddit,2019-11-25 11:24:22,direct,2020-01-03 01:13:19,none
s_001585,588,1765,2020-02-07 11:30:00,friend_or_family,15,paid_social_reddit,2019-11-25 11:24:22,direct,2020-02-05 14:36:36,none
s_001586,185,4046,2016-07-14 10:17:00,friend_or_family,7,affiliate,2016-05-30 07:02:28,paid_search_brand,2016-07-12 22:22:37,brand_phrase
s_001587,1110,743,2020-01-23 20:30:00,search,12,apple_search_ads,2017-05-04 12:00:29,paid_search_brand,2020-01-22 12:04:33,brand_exact
s_001588,1110,3199,2017-05-16 12:37:00,app_store,5,apple_search_ads,2017-05-04 12:00:29,direct,2017-05-16 12:20:57,none
