client_id,current_age,gender,yearly_income,total_debt,credit_score,n_cards_pre_window,n_credit_pre_window,n_debit_pre_window,n_prepaid_pre_window,owned_credit_pre_window,has_window_purchase,active_months,purchase_count,purchase_volume,refund_volume,credit_purchase_volume,debit_purchase_volume,prepaid_purchase_volume,credit_share,product_role,interchange,amex_fees,estimated_revenue
825,53,Female,59696,127613,787,5,1,3,1,True,True,12.0,1124.0,93372.29,3593.0,49835.19,43537.1,0.0,0.5337256909946195,Credit-primary,1023.77297,0.0,1023.77297
1746,53,Female,77254,191349,701,5,1,2,2,True,True,12.0,539.0,53766.14,5791.0,0.0,47337.76,6428.38,0.0,Debit/prepaid only,100.10338,0.0,100.10338
1718,81,Female,33483,196,698,4,0,4,0,False,True,12.0,2517.0,91540.12,4018.0,0.0,91540.12,0.0,0.0,Debit/prepaid only,572.33106,0.0,572.33106
708,63,Female,249925,202328,722,4,1,2,1,True,True,12.0,814.0,124787.98,9315.0,0.0,119477.5,5310.48,0.0,Debit/prepaid only,195.79625,0.0,195.79625
1164,43,Male,109687,183855,675,1,0,1,0,False,True,12.0,928.0,89642.51,1382.0,0.0,89642.51,0.0,0.0,Debit/prepaid only,239.010255,0.0,239.010255
68,42,Male,41997,0,704,3,2,1,0,True,True,12.0,1192.0,72823.5,3153.0,72823.5,0.0,0.0,1.0,Credit-primary,1254.069,0.0,1254.069
1075,36,Female,51500,102286,672,3,1,2,0,True,True,12.0,2044.0,75049.53,5563.0,36954.14,38095.39,0.0,0.4923966878939815,Mixed,899.6657149999999,0.0,899.6657149999999
1116,81,Female,42509,2895,755,5,2,3,0,True,True,12.0,1573.0,102030.5,2141.0,59613.69,42416.81,0.0,0.5842732320237576,Credit-primary,1265.1743250000002,0.0,1265.1743250000002
1752,34,Female,38190,81262,810,1,0,1,0,False,True,12.0,1388.0,64881.32,28894.0,0.0,64881.32,0.0,0.0,Debit/prepaid only,309.47365999999994,0.0,309.47365999999994
1094,34,Male,41442,78833,712,2,0,2,0,False,True,12.0,505.0,27689.8,4843.0,0.0,27689.8,0.0,0.0,Debit/prepaid only,117.4734,0.0,117.4734
1590,48,Female,20513,32509,599,1,0,1,0,False,False,0.0,0.0,0.0,0.0,0.0,0.0,0.0,,Dormant,0.0,0.0,0.0
1660,41,Female,23123,5079,723,6,3,2,1,True,True,12.0,806.0,25064.72,5010.0,10309.1,9806.76,4948.86,0.4112992285571113,Mixed,229.31067999999996,0.0,229.31067999999996
1747,54,Male,36497,38333,719,6,2,4,0,True,False,0.0,0.0,0.0,0.0,0.0,0.0,0.0,,Dormant,0.0,0.0,0.0
153,76,Female,27484,16803,660,3,1,2,0,True,True,12.0,337.0,25614.5,3274.0,0.0,25614.5,0.0,0.0,Debit/prepaid only,81.94024999999999,0.0,81.94024999999999
511,66,Male,35602,55369,661,5,1,3,1,True,True,12.0,2263.0,108795.48,7647.0,60092.32,40159.65,8543.51,0.5523420642107558,Credit-primary,1214.856085,0.0,1214.856085
1946,76,Male,41109,21486,698,2,1,1,0,True,True,12.0,972.0,33584.43,5272.0,18184.16,15400.27,0.0,0.5414461403692128,Credit-primary,401.031515,0.0,401.031515
1674,70,Male,26858,11245,712,2,1,1,0,True,True,12.0,451.0,20460.54,4456.0,10547.45,9913.09,0.0,0.5155020346481569,Credit-primary,217.94014499999997,95.0,312.940145
877,36,Female,34317,61826,610,2,1,1,0,True,True,12.0,840.0,58505.68,7443.0,32829.62,25676.06,0.0,0.5611356025602985,Credit-primary,608.9221900000001,95.0,703.9221900000001
128,40,Female,31377,59615,722,1,0,1,0,False,True,12.0,794.0,40760.61,4245.0,0.0,40760.61,0.0,0.0,Debit/prepaid only,184.99780499999997,0.0,184.99780499999997
775,37,Male,43638,104052,627,1,0,1,0,False,False,0.0,0.0,0.0,0.0,0.0,0.0,0.0,,Dormant,0.0,0.0,0.0
1536,41,Male,32531,38260,766,2,1,1,0,True,False,0.0,0.0,0.0,0.0,0.0,0.0,0.0,,Dormant,0.0,95.0,95.0
140,37,Female,42120,72801,739,4,0,4,0,False,True,12.0,1107.0,38056.41,5985.0,0.0,38056.41,0.0,0.0,Debit/prepaid only,248.505705,0.0,248.505705
1874,49,Male,38390,87923,783,4,1,3,0,True,True,12.0,862.0,43152.43,4725.0,22706.28,20446.15,0.0,0.5261877488706893,Credit-primary,480.186115,0.0,480.186115
1310,33,Female,35670,58182,751,2,2,0,0,True,False,0.0,0.0,0.0,0.0,0.0,0.0,0.0,,Dormant,0.0,0.0,0.0
1689,21,Female,61746,154817,637,1,0,1,0,False,False,0.0,0.0,0.0,0.0,0.0,0.0,0.0,,Dormant,0.0,0.0,0.0
379,47,Female,43496,114563,765,3,1,2,0,True,True,12.0,2382.0,64824.33,6180.0,32113.48,32710.85,0.0,0.49539239356581083,Mixed,890.085565,95.0,985.085565
34,41,Male,51854,72162,737,2,0,1,1,False,True,12.0,1373.0,75381.43,7030.0,0.0,51767.84,23613.59,0.0,Debit/prepaid only,184.63342,0.0,184.63342
822,51,Female,34540,22641,793,5,2,2,1,True,True,12.0,662.0,26359.86,3242.0,15039.79,11320.07,0.0,0.5705565204064058,Credit-primary,328.182755,0.0,328.182755
1499,46,Male,41287,88151,662,1,1,0,0,True,True,12.0,396.0,21576.61,3064.0,21576.61,0.0,0.0,1.0,Credit-primary,333.22697999999997,95.0,428.22697999999997
1780,46,Male,38054,63293,666,1,1,0,0,True,False,0.0,0.0,0.0,0.0,0.0,0.0,0.0,,Dormant,0.0,0.0,0.0
1806,59,Female,80371,108499,822,1,0,1,0,False,False,0.0,0.0,0.0,0.0,0.0,0.0,0.0,,Dormant,0.0,0.0,0.0
811,91,Female,84694,2149,741,5,1,4,0,True,True,12.0,1241.0,86180.21,4843.0,0.0,86180.21,0.0,0.0,Debit/prepaid only,301.278605,0.0,301.278605
1844,79,Male,37503,14272,706,5,2,2,1,True,True,12.0,1003.0,34183.47,4420.0,18244.79,14356.89,1581.79,0.5337313619711516,Credit-primary,402.884665,0.0,402.884665
1852,57,Male,65357,21844,685,4,2,1,1,True,True,12.0,1750.0,80322.72,8310.52,42411.38,24449.54,13461.8,0.5280122485891912,Credit-primary,809.4558499999999,0.0,809.4558499999999
970,42,Male,44681,42011,770,2,1,1,0,True,True,12.0,1222.0,45936.43,6641.0,15303.56,30632.87,0.0,0.3331464809085077,Mixed,451.645015,0.0,451.645015
1296,60,Female,46683,93126,788,5,2,2,1,True,True,12.0,2152.0,58815.21,1186.0,23886.31,33799.03,1129.87,0.40612470821748325,Mixed,693.675095,0.0,693.675095
1880,61,Male,31579,52419,771,3,1,2,0,True,True,12.0,1140.0,46741.59,2470.0,21554.06,25187.53,0.0,0.4611323662716652,Mixed,531.736845,0.0,531.736845
322,47,Male,28055,12475,829,3,1,2,0,True,True,12.0,634.0,18001.21,3830.0,9880.03,8121.18,0.0,0.5488536603928292,Credit-primary,226.06363,0.0,226.06363
461,42,Female,65403,80057,784,4,0,4,0,False,True,12.0,2159.0,85492.22,6458.0,0.0,85492.22,0.0,0.0,Debit/prepaid only,492.90711,0.0,492.90711
1165,55,Female,27572,59404,797,1,0,1,0,False,False,0.0,0.0,0.0,0.0,0.0,0.0,0.0,,Dormant,0.0,0.0,0.0
1448,48,Female,38539,0,850,3,2,1,0,True,True,12.0,1864.0,76679.87,5404.0,34209.04,42470.83,0.0,0.4461280385582292,Mixed,842.5636349999999,0.0,842.5636349999999
1288,41,Female,38059,68220,634,2,0,2,0,False,True,12.0,999.0,53224.06,4878.0,0.0,53224.06,0.0,0.0,Debit/prepaid only,233.96303,0.0,233.96303
1178,59,Female,52754,38191,693,4,0,4,0,False,False,0.0,0.0,0.0,0.0,0.0,0.0,0.0,,Dormant,0.0,0.0,0.0
1391,45,Male,51196,67164,631,4,0,3,1,False,True,12.0,2107.0,91413.7,2285.52,0.0,64467.03,26946.67,0.0,Debit/prepaid only,318.887255,0.0,318.887255
1452,46,Female,193773,241571,660,1,0,1,0,False,True,12.0,1858.0,152831.02,52919.0,0.0,152831.02,0.0,0.0,Debit/prepaid only,440.13601,0.0,440.13601
1602,41,Female,29864,44902,717,2,2,0,0,True,True,12.0,426.0,25261.73,2865.0,25261.73,0.0,0.0,1.0,Credit-primary,403.14113999999995,0.0,403.14113999999995
1492,63,Female,56635,13015,786,8,2,4,2,True,True,12.0,1283.0,56918.05,4550.0,29113.16,23494.43,4310.46,0.5114925757294918,Credit-primary,612.6730949999999,0.0,612.6730949999999
688,44,Male,47227,151030,760,4,2,2,0,True,True,12.0,1303.0,43514.48,2127.0,20171.53,23342.95,0.0,0.46355902678832417,Mixed,534.730515,95.0,629.730515
643,29,Female,43397,42168,697,1,1,0,0,True,True,12.0,1241.0,35645.74,3787.0,35645.74,0.0,0.0,1.0,Credit-primary,573.4573199999999,0.0,573.4573199999999
1219,28,Female,58105,70254,688,2,1,1,0,True,True,12.0,995.0,71308.11,4504.0,42104.19,29203.92,0.0,0.5904544377911572,Credit-primary,840.08538,0.0,840.08538
1198,82,Male,10869,1820,820,1,0,1,0,False,True,12.0,1697.0,69159.32,2639.0,21646.24,47513.08,0.0,0.3129909316632957,Mixed,655.70436,0.0,655.70436
898,90,Female,19893,1712,566,3,1,2,0,True,True,12.0,742.0,23544.33,3823.0,11007.22,12537.11,0.0,0.4675104366953742,Mixed,281.90201499999995,0.0,281.90201499999995
882,63,Male,36743,71719,612,2,0,2,0,False,True,12.0,726.0,29487.94,4598.0,0.0,29487.94,0.0,0.0,Debit/prepaid only,164.90497000000002,0.0,164.90497000000002
348,49,Female,46377,79980,719,3,2,1,0,True,True,12.0,452.0,27711.45,4745.0,27711.45,0.0,0.0,1.0,Credit-primary,413.3961,0.0,413.3961
633,36,Female,50179,110515,743,1,0,1,0,False,True,12.0,454.0,40621.17,4677.0,0.0,40621.17,0.0,0.0,Debit/prepaid only,113.312085,0.0,113.312085
1493,30,Male,54537,121987,765,2,2,0,0,True,True,12.0,656.0,62275.68,5455.0,62275.68,0.0,0.0,1.0,Credit-primary,1022.7722399999999,0.0,1022.7722399999999
217,42,Male,31031,21853,744,7,3,4,0,True,True,12.0,1059.0,38919.59,2481.0,17338.38,21581.21,0.0,0.44549236001715337,Mixed,436.10844499999996,95.0,531.108445
1877,65,Male,70673,87605,714,4,2,2,0,True,True,12.0,1280.0,94058.73,2975.0,49774.93,44283.8,0.0,0.5291899008204768,Credit-primary,1040.5556399999998,95.0,1135.5556399999998
668,87,Female,16342,1758,747,5,1,4,0,True,True,12.0,1319.0,34651.44,5570.0,15239.05,19412.39,0.0,0.4397811461803607,Mixed,421.01409499999994,0.0,421.01409499999994
203,58,Female,30305,23392,776,3,3,0,0,True,True,12.0,544.0,33822.3,6181.0,33822.3,0.0,0.0,1.0,Credit-primary,497.5434,0.0,497.5434
1738,30,Male,68784,198417,696,2,2,0,0,True,False,0.0,0.0,0.0,0.0,0.0,0.0,0.0,,Dormant,0.0,0.0,0.0
713,25,Female,34745,26503,691,1,0,1,0,False,False,0.0,0.0,0.0,0.0,0.0,0.0,0.0,,Dormant,0.0,0.0,0.0
1487,59,Female,80464,76261,727,3,1,2,0,True,True,12.0,1303.0,121410.69,4232.0,72734.57,48676.12,0.0,0.5990787961093047,Credit-primary,1410.68432,0.0,1410.68432
370,61,Male,41904,12545,655,4,0,4,0,False,True,12.0,796.0,26789.4,1794.0,0.0,26789.4,0.0,0.0,Debit/prepaid only,179.6577,0.0,179.6577
1014,54,Female,196784,437533,729,3,1,1,1,True,False,0.0,0.0,0.0,0.0,0.0,0.0,0.0,,Dormant,0.0,0.0,0.0
985,32,Male,51654,95454,600,3,3,0,0,True,True,12.0,1027.0,93744.75,5521.0,93744.75,0.0,0.0,1.0,Credit-primary,1588.0275,0.0,1588.0275
135,64,Female,38088,51679,691,2,0,2,0,False,True,12.0,1508.0,79343.1,5302.0,0.0,79343.1,0.0,0.0,Debit/prepaid only,353.70055,0.0,353.70055
1783,52,Male,37607,63689,749,5,4,1,0,True,True,12.0,1061.0,28474.73,4370.0,14187.9,14286.83,0.0,0.49826284568808904,Mixed,375.89311499999997,190.0,565.893115
1321,49,Female,34480,58795,696,1,0,1,0,False,False,0.0,0.0,0.0,0.0,0.0,0.0,0.0,,Dormant,0.0,0.0,0.0
1511,43,Male,48279,114254,719,2,0,2,0,False,True,12.0,1123.0,42510.16,2901.0,0.0,42510.16,0.0,0.0,Debit/prepaid only,255.63457999999997,0.0,255.63457999999997
900,36,Male,32896,69800,735,2,1,0,1,True,True,12.0,810.0,37822.92,5690.0,28579.07,0.0,9243.85,0.7556018943011275,Credit-primary,435.96126,95.0,530.96126
233,37,Female,47464,83591,716,1,1,0,0,True,True,12.0,680.0,57783.36,3158.0,57783.36,0.0,0.0,1.0,Credit-primary,983.2564799999999,95.0,1078.25648
406,23,Female,85128,108678,641,1,1,0,0,True,False,0.0,0.0,0.0,0.0,0.0,0.0,0.0,,Dormant,0.0,0.0,0.0
1069,54,Male,45852,114746,615,2,1,1,0,True,True,12.0,1241.0,50744.16,6592.0,24472.920000000002,26271.24,0.0,0.48228052252712433,Mixed,565.11718,95.0,660.11718
180,33,Female,26556,43042,840,2,2,0,0,True,True,12.0,634.0,22459.37,1048.0,22459.37,0.0,0.0,1.0,Credit-primary,385.40466,0.0,385.40466
996,63,Female,40194,107765,738,6,2,4,0,True,True,12.0,1576.0,73353.86,4949.0,40880.24,32473.62,0.0,0.5573018243348066,Credit-primary,912.2341299999998,0.0,912.2341299999998
1981,48,Male,39303,23650,702,7,2,5,0,True,True,12.0,549.0,35598.19,8340.0,5757.91,29840.28,0.0,0.1617472686111288,Mixed,193.02002,0.0,193.02002
870,63,Female,71593,132181,821,3,1,2,0,True,True,12.0,1221.0,52630.25,4023.0,30038.01,22592.24,0.0,0.5707366010991777,Credit-primary,677.0888,95.0,772.0888
16,75,Male,22158,19101,681,5,1,3,1,True,True,12.0,642.0,42743.88,4451.0,0.0,42003.3,740.58,0.0,Debit/prepaid only,142.25615,0.0,142.25615
46,62,Male,53996,98211,632,4,0,2,2,False,True,12.0,812.0,47242.19,7702.0,0.0,42648.48,4593.71,0.0,Debit/prepaid only,146.86824000000001,0.0,146.86824000000001
800,28,Female,26025,23971,723,1,0,1,0,False,False,0.0,0.0,0.0,0.0,0.0,0.0,0.0,,Dormant,0.0,0.0,0.0
697,56,Female,66230,90248,742,2,0,2,0,False,True,12.0,427.0,41738.45,2808.0,0.0,41738.45,0.0,0.0,Debit/prepaid only,109.135225,0.0,109.135225
1269,56,Male,36335,28929,676,2,1,1,0,True,True,12.0,1319.0,62876.09,6488.0,62876.09,0.0,0.0,1.0,Credit-primary,1014.9856199999998,95.0,1109.98562
1782,59,Female,39633,58586,777,3,0,3,0,False,True,12.0,562.0,28686.31,6195.0,0.0,28686.31,0.0,0.0,Debit/prepaid only,129.265655,0.0,129.265655
1977,43,Female,57185,0,773,3,1,1,1,True,True,12.0,1131.0,39343.85,3851.0,0.0,34813.26,4530.59,0.0,Debit/prepaid only,147.29213,0.0,147.29213
1734,37,Male,82637,84762,739,1,0,1,0,False,False,0.0,0.0,0.0,0.0,0.0,0.0,0.0,,Dormant,0.0,0.0,0.0
1913,60,Female,31121,32768,619,5,4,1,0,True,True,12.0,1068.0,54109.74,7422.0,54109.74,0.0,0.0,1.0,Credit-primary,840.3793199999999,285.0,1125.37932
858,47,Male,30774,51428,700,3,2,0,1,True,True,12.0,1303.0,66646.43,26563.0,33914.21,0.0,32732.22,0.5088676167650691,Credit-primary,407.4157799999999,0.0,407.4157799999999
606,48,Male,33236,57549,747,1,0,1,0,False,False,0.0,0.0,0.0,0.0,0.0,0.0,0.0,,Dormant,0.0,0.0,0.0
1564,35,Male,37947,49951,683,3,2,1,0,True,True,12.0,786.0,30573.03,6230.0,17535.87,13037.16,0.0,0.5735731787133954,Credit-primary,362.72923999999995,0.0,362.72923999999995
1301,26,Female,61850,81158,728,4,0,4,0,False,True,12.0,1403.0,47802.37,4861.0,0.0,47802.37,0.0,0.0,Debit/prepaid only,316.100685,0.0,316.100685
1399,28,Male,40314,131348,707,1,0,1,0,False,False,0.0,0.0,0.0,0.0,0.0,0.0,0.0,,Dormant,0.0,0.0,0.0
1775,26,Male,37968,55982,788,1,0,1,0,False,True,12.0,2635.0,135630.71,26596.0,0.0,135630.71,0.0,0.0,Debit/prepaid only,607.867355,0.0,607.867355
1673,41,Male,34954,45456,772,3,0,3,0,False,False,0.0,0.0,0.0,0.0,0.0,0.0,0.0,,Dormant,0.0,0.0,0.0
1957,40,Male,95945,222735,772,2,1,0,1,True,False,0.0,0.0,0.0,0.0,0.0,0.0,0.0,,Dormant,0.0,0.0,0.0
1024,66,Male,65573,143069,739,4,1,3,0,True,True,12.0,1611.0,45307.52,6245.0,23467.47,21840.05,0.0,0.5179597117652875,Credit-primary,601.834485,0.0,601.834485
1441,40,Male,48609,43520,737,3,1,1,1,True,False,0.0,0.0,0.0,0.0,0.0,0.0,0.0,,Dormant,0.0,0.0,0.0
1103,45,Female,25723,34007,746,3,1,2,0,True,True,12.0,1166.0,51169.41,5544.0,21106.67,30062.74,0.0,0.41248609276518916,Mixed,513.1744299999999,0.0,513.1744299999999
165,34,Male,107683,225017,694,3,0,2,1,False,True,12.0,1351.0,128677.07,4880.0,0.0,120968.1,7708.97,0.0,Debit/prepaid only,300.84355,0.0,300.84355
353,24,Female,32847,33514,721,1,0,0,1,False,False,0.0,0.0,0.0,0.0,0.0,0.0,0.0,,Dormant,0.0,0.0,0.0
1758,57,Male,22556,43260,645,4,1,3,0,True,True,12.0,1447.0,35092.91,205.0,15872.56,19220.35,0.0,0.45230104884433914,Mixed,498.686255,0.0,498.686255
1266,35,Female,46063,106528,618,1,0,1,0,False,True,12.0,610.0,29417.45,5858.0,0.0,29417.45,0.0,0.0,Debit/prepaid only,139.879725,0.0,139.879725
792,28,Female,45180,13168,698,1,0,0,1,False,False,0.0,0.0,0.0,0.0,0.0,0.0,0.0,,Dormant,0.0,0.0,0.0
1055,37,Male,30865,55079,594,1,0,1,0,False,False,0.0,0.0,0.0,0.0,0.0,0.0,0.0,,Dormant,0.0,0.0,0.0
1115,53,Male,30198,40950,693,5,2,2,1,True,True,12.0,1157.0,70072.09,4476.0,0.0,57702.25,12369.84,0.0,Debit/prepaid only,218.24462499999998,0.0,218.24462499999998
38,45,Female,40006,72794,621,1,0,1,0,False,True,12.0,1251.0,53007.68,4847.0,0.0,53007.68,0.0,0.0,Debit/prepaid only,286.79033999999996,0.0,286.79033999999996
1027,53,Male,61646,0,693,3,1,2,0,True,True,12.0,807.0,71199.29,7602.0,39417.28,31782.01,0.0,0.5536190037850097,Credit-primary,755.9185449999999,0.0,755.9185449999999
11,39,Female,67643,0,714,6,3,2,1,True,True,12.0,971.0,59153.39,3087.0,32010.55,25873.68,1269.16,0.5411448101283798,Credit-primary,665.2482399999999,95.0,760.2482399999999
871,86,Female,22650,0,690,5,3,1,1,True,True,12.0,1665.0,60508.43,3229.0,31228.95,19289.31,9990.17,0.5161090776938023,Credit-primary,678.879255,95.0,773.879255
746,63,Male,30288,42745,689,4,3,0,1,True,True,12.0,1132.0,42199.38,2743.0,42199.38,0.0,0.0,1.0,Credit-primary,710.2148399999999,95.0,805.2148399999999
1520,67,Male,47213,1082,789,5,2,2,1,True,True,12.0,1182.0,42010.95,1973.0,21608.32,20402.63,0.0,0.5143497112062451,Credit-primary,528.364575,0.0,528.364575
1372,76,Female,28215,18116,697,1,0,1,0,False,False,0.0,0.0,0.0,0.0,0.0,0.0,0.0,,Dormant,0.0,0.0,0.0
1799,32,Male,105515,192458,646,3,0,2,1,False,True,12.0,1813.0,83308.33,7377.0,0.0,83308.33,0.0,0.0,Debit/prepaid only,418.69566499999996,0.0,418.69566499999996
1905,36,Male,28489,6087,808,4,3,1,0,True,True,12.0,436.0,25611.02,4088.0,12991.78,12619.24,0.0,0.507273041058107,Credit-primary,248.47766000000001,95.0,343.47766
130,63,Female,81048,156195,781,3,2,1,0,True,False,0.0,0.0,0.0,0.0,0.0,0.0,0.0,,Dormant,0.0,0.0,0.0
1155,83,Female,29494,1196,689,5,2,3,0,True,True,12.0,1235.0,63471.98,3609.0,34002.83,29469.15,0.0,0.5357140268824133,Credit-primary,756.6860150000001,0.0,756.6860150000001
663,68,Female,70554,39078,655,5,1,3,1,True,True,12.0,1249.0,60872.9,2970.0,32323.65,28549.25,0.0,0.5310023015167669,Credit-primary,726.040325,0.0,726.040325
1987,63,Male,33686,24997,488,2,2,0,0,True,False,0.0,0.0,0.0,0.0,0.0,0.0,0.0,,Dormant,0.0,0.0,0.0
1484,92,Female,57732,2261,726,6,2,4,0,True,True,12.0,1545.0,63563.99,5059.0,36622.73,26941.26,0.0,0.576155304284706,Credit-primary,828.9627699999999,0.0,828.9627699999999
607,25,Male,42617,67590,771,1,0,1,0,False,False,0.0,0.0,0.0,0.0,0.0,0.0,0.0,,Dormant,0.0,0.0,0.0
1769,75,Male,46031,8332,661,5,2,2,1,True,True,12.0,1752.0,54498.36,7756.0,23399.45,23865.82,7233.09,0.4293606266317005,Mixed,547.40551,0.0,547.40551
698,55,Female,65094,23909,699,2,0,2,0,False,False,0.0,0.0,0.0,0.0,0.0,0.0,0.0,,Dormant,0.0,0.0,0.0
896,27,Female,37268,50388,626,1,0,1,0,False,False,0.0,0.0,0.0,0.0,0.0,0.0,0.0,,Dormant,0.0,0.0,0.0
1975,53,Female,38972,44098,738,3,2,1,0,True,True,12.0,747.0,33140.22,4378.0,16913.9,16226.32,0.0,0.5103737995704314,Credit-primary,351.41186,0.0,351.41186
645,63,Female,26661,42667,750,5,0,5,0,False,False,0.0,0.0,0.0,0.0,0.0,0.0,0.0,,Dormant,0.0,0.0,0.0
227,48,Male,82295,1555,736,4,1,3,0,True,True,12.0,956.0,78338.2,6591.0,49723.29,28614.91,0.0,0.6347259702163185,Credit-primary,965.2161749999999,0.0,965.2161749999999
84,47,Male,25748,41455,738,3,1,2,0,True,True,12.0,1263.0,40509.31,911.0,0.0,40509.31,0.0,0.0,Debit/prepaid only,285.029155,0.0,285.029155
1684,56,Male,27861,108313,782,5,1,3,1,True,True,12.0,1418.0,48033.83,5055.0,19737.98,20769.27,7526.58,0.4109183048697137,Mixed,457.08527499999997,0.0,457.08527499999997
1508,66,Female,38999,64875,747,4,2,1,1,True,True,12.0,669.0,22836.32,1140.0,11716.98,6957.03,4162.31,0.5130852957043867,Credit-primary,253.267655,95.0,348.267655
1158,62,Male,33112,56040,716,2,1,1,0,True,False,0.0,0.0,0.0,0.0,0.0,0.0,0.0,,Dormant,0.0,0.0,0.0
1427,34,Female,100880,210445,770,1,0,1,0,False,True,12.0,808.0,58060.27,4278.0,0.0,58060.27,0.0,0.0,Debit/prepaid only,196.571135,0.0,196.571135
724,45,Female,35142,107898,731,4,3,1,0,True,True,12.0,604.0,36295.4,4335.0,21621.38,14674.02,0.0,0.5957057919185351,Credit-primary,421.65435,0.0,421.65435
543,43,Female,30721,49961,749,3,1,2,0,True,True,12.0,764.0,42089.67,5967.0,0.0,42089.67,0.0,0.0,Debit/prepaid only,178.50133499999998,0.0,178.50133499999998
1559,56,Female,58846,126806,746,3,1,2,0,True,True,12.0,2789.0,112560.51,27128.0,51783.37,60777.14,0.0,0.4600491771048302,Mixed,1151.4877299999998,95.0,1246.4877299999998
1950,39,Female,22312,39445,720,5,1,4,0,True,False,0.0,0.0,0.0,0.0,0.0,0.0,0.0,,Dormant,0.0,0.0,0.0
1397,32,Male,36388,92949,710,3,2,1,0,True,True,12.0,903.0,32875.75,3597.0,16126.41,16749.34,0.0,0.49052599560466303,Mixed,386.67904999999996,95.0,481.67904999999996
873,52,Female,45037,31792,710,3,0,3,0,False,False,0.0,0.0,0.0,0.0,0.0,0.0,0.0,,Dormant,0.0,0.0,0.0
1728,47,Female,38615,74337,601,4,3,1,0,True,True,12.0,486.0,34212.46,3540.0,18505.52,15706.94,0.0,0.5409000112824393,Credit-primary,366.79783,0.0,366.79783
299,40,Male,28229,55675,622,3,1,2,0,True,True,12.0,385.0,21968.02,1672.0,11271.58,10696.44,0.0,0.5130903923066348,Credit-primary,248.40315999999999,95.0,343.40315999999996
1742,58,Female,50232,1218,751,4,1,2,1,True,True,12.0,934.0,44493.61,7399.0,0.0,43680.63,812.98,0.0,Debit/prepaid only,175.220815,0.0,175.220815
1004,59,Male,34350,61639,705,3,0,3,0,False,False,0.0,0.0,0.0,0.0,0.0,0.0,0.0,,Dormant,0.0,0.0,0.0
301,47,Male,52308,135319,679,1,1,0,0,True,True,12.0,1123.0,39800.3,2656.0,39800.3,0.0,0.0,1.0,Credit-primary,668.5974,0.0,668.5974
906,75,Male,21154,5764,705,6,3,2,1,True,True,12.0,825.0,43143.73,7618.4,22277.57,20866.16,0.0,0.5163570697294833,Credit-primary,449.9281399999999,0.0,449.9281399999999
110,52,Female,52186,42852,737,4,1,3,0,True,True,12.0,614.0,47709.83,3262.0,29894.08,17815.75,0.0,0.6265811469041076,Credit-primary,568.347815,95.0,663.347815
1073,43,Female,35264,70328,770,2,0,1,1,False,True,12.0,918.0,41709.98,4306.0,0.0,41709.98,0.0,0.0,Debit/prepaid only,211.48199,0.0,211.48199
705,84,Female,79870,4031,609,2,1,0,1,True,True,12.0,1991.0,105339.64,6274.0,101228.17,0.0,4111.47,0.9609693938578108,Credit-primary,1709.1750599999998,0.0,1709.1750599999998
820,70,Female,41902,29713,633,4,2,1,1,True,True,12.0,1321.0,62513.44,3523.0,32885.03,29628.41,0.0,0.5260473587759688,Credit-primary,730.8432449999999,95.0,825.8432449999999
1128,47,Male,34606,23909,680,5,4,1,0,True,True,12.0,752.0,31027.62,4521.0,16988.91,14038.71,0.0,0.5475415130132444,Credit-primary,366.90923499999997,95.0,461.90923499999997
1479,32,Male,26631,33950,805,1,1,0,0,True,True,12.0,566.0,24814.47,5207.0,24814.47,0.0,0.0,1.0,Credit-primary,352.93446,0.0,352.93446
1594,39,Male,35978,49366,643,3,1,2,0,True,True,12.0,898.0,28625.39,3288.0,14076.82,14548.57,0.0,0.4917599375938633,Mixed,353.005545,0.0,353.005545
1485,64,Male,49756,89743,618,4,0,3,1,False,True,12.0,1162.0,43792.61,1897.0,0.0,39107.5,4685.11,0.0,Debit/prepaid only,201.51525,0.0,201.51525
1390,37,Male,60897,85771,850,3,2,1,0,True,False,0.0,0.0,0.0,0.0,0.0,0.0,0.0,,Dormant,0.0,95.0,95.0
644,58,Female,41963,53857,741,1,1,0,0,True,True,12.0,566.0,28707.9,4583.0,28707.9,0.0,0.0,1.0,Credit-primary,434.2482,0.0,434.2482
1912,37,Female,44976,134335,684,1,0,1,0,False,False,0.0,0.0,0.0,0.0,0.0,0.0,0.0,,Dormant,0.0,0.0,0.0
1584,27,Male,46733,34333,692,2,0,2,0,False,True,12.0,519.0,28671.72,2723.0,0.0,28671.72,0.0,0.0,Debit/prepaid only,121.96436,0.0,121.96436
1824,23,Male,50433,97029,838,1,0,1,0,False,False,0.0,0.0,0.0,0.0,0.0,0.0,0.0,,Dormant,0.0,0.0,0.0
650,45,Male,24215,28552,707,5,2,1,2,True,True,12.0,550.0,28329.49,5867.0,15071.4,8513.72,4744.37,0.5320039294741981,Credit-primary,265.58405999999997,0.0,265.58405999999997
762,49,Male,37298,52134,683,1,0,1,0,False,True,12.0,949.0,45746.14,4912.0,0.0,45746.14,0.0,0.0,Debit/prepaid only,219.70707,0.0,219.70707
1931,58,Male,82974,181429,503,2,1,1,0,True,True,12.0,1742.0,122207.52,7445.0,122207.52,0.0,0.0,1.0,Credit-primary,2065.72536,0.0,2065.72536
702,46,Female,71103,136853,721,4,2,0,2,True,True,12.0,1330.0,87650.53,2971.0,68256.76,0.0,19393.77,0.7787375615412707,Credit-primary,1177.8796799999998,0.0,1177.8796799999998
918,43,Female,29194,10895,703,2,0,2,0,False,True,12.0,823.0,38158.13,5947.0,0.0,38158.13,0.0,0.0,Debit/prepaid only,188.935565,0.0,188.935565
1137,52,Male,33465,98713,669,2,1,1,0,True,True,12.0,627.0,34152.43,3233.0,34152.43,0.0,0.0,1.0,Credit-primary,556.5497399999999,0.0,556.5497399999999
1406,36,Male,23718,1386,712,2,1,1,0,True,True,12.0,767.0,18599.69,1654.0,8877.19,9722.5,0.0,0.47727623417379544,Mixed,261.28117,0.0,261.28117
437,46,Female,72670,28915,718,3,1,2,0,True,True,12.0,848.0,55124.56,5309.0,0.0,55124.56,0.0,0.0,Debit/prepaid only,202.98778,0.0,202.98778
891,38,Female,34854,40722,746,5,1,4,0,True,True,12.0,1251.0,45782.98,6703.0,0.0,45782.98,0.0,0.0,Debit/prepaid only,282.24998999999997,0.0,282.24998999999997
701,28,Female,53984,76118,701,1,1,0,0,True,False,0.0,0.0,0.0,0.0,0.0,0.0,0.0,,Dormant,0.0,95.0,95.0
1147,80,Male,104692,6955,704,2,1,1,0,True,True,12.0,2320.0,99321.18,4009.0,53475.77,45845.41,0.0,0.5384125520860706,Credit-primary,1245.4570649999998,0.0,1245.4570649999998
1664,38,Male,69566,50003,791,4,3,1,0,True,True,12.0,1806.0,47144.59,5764.0,26821.32,20323.27,0.0,0.5689161789295443,Credit-primary,693.378395,95.0,788.378395
1009,41,Female,28733,0,702,3,1,2,0,True,True,12.0,676.0,21042.69,3056.0,9708.78,11333.91,0.0,0.4613849274973875,Mixed,251.504495,0.0,251.504495
1341,87,Male,30349,2985,686,4,2,2,0,True,True,12.0,1338.0,48982.13,0.0,23658.48,25323.65,0.0,0.48300227041984495,Mixed,615.3344649999999,0.0,615.3344649999999
824,32,Female,36901,23293,695,2,0,2,0,False,False,0.0,0.0,0.0,0.0,0.0,0.0,0.0,,Dormant,0.0,0.0,0.0
563,70,Male,49531,6707,737,6,2,3,1,True,True,12.0,1698.0,87062.23,5150.0,51290.42,35771.81,0.0,0.5891236647625497,Credit-primary,1101.3584649999998,0.0,1101.3584649999998
1612,68,Male,35370,14777,562,1,1,0,0,True,False,0.0,0.0,0.0,0.0,0.0,0.0,0.0,,Dormant,0.0,0.0,0.0
1700,45,Female,38666,116783,822,1,1,0,0,True,True,12.0,705.0,17566.62,430.0,17566.62,0.0,0.0,1.0,Credit-primary,308.45915999999994,0.0,308.45915999999994
963,24,Female,41714,54541,687,1,1,0,0,True,True,12.0,757.0,39336.6,8243.0,39336.6,0.0,0.0,1.0,Credit-primary,559.6847999999999,0.0,559.6847999999999
1586,43,Male,56640,104134,672,4,3,1,0,True,True,12.0,1109.0,70543.88,7829.0,38772.21,31771.67,0.0,0.5496183368422604,Credit-primary,771.716115,0.0,771.716115
1286,53,Female,61578,85383,602,2,0,2,0,False,True,12.0,1360.0,74544.28,4492.0,0.0,74544.28,0.0,0.0,Debit/prepaid only,320.62613999999996,0.0,320.62613999999996
719,53,Female,50139,109623,767,2,1,1,0,True,True,12.0,1086.0,46280.68,4984.0,23377.93,22902.75,0.0,0.505133675650401,Credit-primary,537.562115,0.0,537.562115
1814,41,Female,32856,26535,703,3,1,1,1,True,False,0.0,0.0,0.0,0.0,0.0,0.0,0.0,,Dormant,0.0,0.0,0.0
1723,41,Female,36080,80443,839,3,0,2,1,False,True,12.0,632.0,27623.14,2909.0,0.0,27623.14,0.0,0.0,Debit/prepaid only,145.07707,0.0,145.07707
1377,32,Female,29637,56446,569,1,0,1,0,False,False,0.0,0.0,0.0,0.0,0.0,0.0,0.0,,Dormant,0.0,0.0,0.0
470,56,Male,28553,94214,747,3,1,2,0,True,True,12.0,945.0,50681.96,3605.0,28269.83,22412.13,0.0,0.5577888069048632,Credit-primary,592.530505,0.0,592.530505
229,35,Female,59248,173887,725,2,1,1,0,True,True,12.0,1066.0,49057.18,5912.0,27447.71,21609.47,0.0,0.5595044395132374,Credit-primary,584.3150149999999,0.0,584.3150149999999
1512,44,Male,67008,81402,778,7,1,5,1,True,True,12.0,1134.0,47765.3,5866.0,27250.28,20192.28,322.74,0.5705036920107274,Credit-primary,581.2306799999999,0.0,581.2306799999999
1543,31,Female,105963,106266,684,4,1,3,0,True,True,12.0,2104.0,117586.4,6698.0,62427.8,55158.6,0.0,0.5309100372151883,Credit-primary,1334.8657000000003,0.0,1334.8657000000003
147,30,Male,56383,130152,800,2,1,1,0,True,True,12.0,645.0,40963.82,6597.0,40963.82,0.0,0.0,1.0,Credit-primary,618.60276,0.0,618.60276
1941,38,Male,38609,27463,740,3,1,1,1,True,True,12.0,1724.0,71648.04,26858.0,65056.16,0.0,6591.88,0.9079963666835829,Credit-primary,695.43288,0.0,695.43288
901,48,Male,36671,39882,850,3,1,1,1,True,True,12.0,689.0,28766.74,1163.0,15008.49,13758.25,0.0,0.5217306514398224,Credit-primary,350.68544499999996,0.0,350.68544499999996
1828,50,Male,2466,5521,711,2,0,2,0,False,False,0.0,0.0,0.0,0.0,0.0,0.0,0.0,,Dormant,0.0,0.0,0.0
29,68,Female,27358,13557,665,2,1,1,0,True,False,0.0,0.0,0.0,0.0,0.0,0.0,0.0,,Dormant,0.0,0.0,0.0
995,40,Female,101679,307856,592,1,0,1,0,False,False,0.0,0.0,0.0,0.0,0.0,0.0,0.0,,Dormant,0.0,0.0,0.0
186,61,Female,38536,72299,705,1,1,0,0,True,False,0.0,0.0,0.0,0.0,0.0,0.0,0.0,,Dormant,0.0,0.0,0.0
171,43,Female,49577,142314,694,3,0,2,1,False,True,12.0,1365.0,111218.9,27677.0,0.0,107598.37,3620.53,0.0,Debit/prepaid only,298.87418499999995,0.0,298.87418499999995
1314,43,Male,39404,71859,723,5,2,3,0,True,True,12.0,1706.0,76660.63,5062.0,0.0,76660.63,0.0,0.0,Debit/prepaid only,394.05931499999997,0.0,394.05931499999997
1560,61,Female,18452,16827,741,5,4,1,0,True,True,12.0,507.0,31099.5,4014.0,16828.15,14271.35,0.0,0.5411067702053088,Credit-primary,343.4378750000001,95.0,438.4378750000001
613,39,Female,56562,111495,712,3,1,2,0,True,True,12.0,1094.0,42922.19,6858.0,22296.47,20625.72,0.0,0.5194625437332065,Credit-primary,506.97281999999996,95.0,601.97282
346,90,Female,48580,1785,687,7,3,3,1,True,True,12.0,844.0,52235.49,4714.0,29237.58,19142.71,3855.2,0.5597263469721449,Credit-primary,572.411795,0.0,572.411795
812,41,Female,41469,119423,659,1,1,0,0,True,False,0.0,0.0,0.0,0.0,0.0,0.0,0.0,,Dormant,0.0,0.0,0.0
13,52,Female,32378,65919,588,4,2,1,1,True,True,12.0,691.0,28947.21,3833.0,13762.210000000001,11053.94,4131.06,0.47542440186809026,Mixed,272.57625,0.0,272.57625
602,57,Male,34437,0,681,4,1,3,0,True,True,12.0,1436.0,61348.86,5064.0,32980.29,28368.57,0.0,0.5375860284934391,Credit-primary,736.4250049999999,0.0,736.4250049999999
657,83,Female,33897,533,705,4,0,4,0,False,True,12.0,630.0,20369.51,2107.0,0.0,20369.51,0.0,0.0,Debit/prepaid only,141.431255,0.0,141.431255
909,38,Male,49023,66148,583,5,0,4,1,False,True,12.0,3241.0,161886.99,74434.0,0.0,155996.66,5890.33,0.0,Debit/prepaid only,690.16833,0.0,690.16833
1267,81,Female,31912,2182,630,4,0,3,1,False,True,12.0,520.0,40394.83,3481.0,0.0,36889.31,3505.52,0.0,Debit/prepaid only,109.128655,0.0,109.128655
411,30,Male,37521,65701,775,1,0,0,1,False,False,0.0,0.0,0.0,0.0,0.0,0.0,0.0,,Dormant,0.0,0.0,0.0
350,62,Female,58463,141151,737,4,1,3,0,True,True,12.0,1196.0,77617.24,7957.0,43279.04,34338.2,0.0,0.5575957094068277,Credit-primary,866.02832,0.0,866.02832
1323,36,Female,31414,42233,719,3,1,2,0,True,True,12.0,1051.0,53107.84,3838.0,28480.22,24627.62,0.0,0.5362714808209109,Credit-primary,612.9362699999999,0.0,612.9362699999999
421,53,Female,45876,58252,790,6,1,5,0,True,True,12.0,1873.0,59182.94,5543.0,31967.69,27215.25,0.0,0.5401504217262609,Credit-primary,799.632045,0.0,799.632045
223,37,Female,58637,87340,803,5,4,1,0,True,False,0.0,0.0,0.0,0.0,0.0,0.0,0.0,,Dormant,0.0,190.0,190.0
1402,35,Male,96574,265319,590,2,1,1,0,True,False,0.0,0.0,0.0,0.0,0.0,0.0,0.0,,Dormant,0.0,0.0,0.0
354,77,Female,31942,11845,713,6,2,4,0,True,True,12.0,955.0,48755.09,4006.0,21950.58,26804.51,0.0,0.45022129997093646,Mixed,508.937195,95.0,603.937195
314,27,Male,57927,87736,557,1,1,0,0,True,False,0.0,0.0,0.0,0.0,0.0,0.0,0.0,,Dormant,0.0,0.0,0.0
1613,39,Male,44134,0,792,3,1,1,1,True,True,12.0,928.0,62021.95,8261.0,29142.26,21457.37,11422.32,0.4698701024395395,Mixed,530.3063649999999,0.0,530.3063649999999
586,37,Male,46864,58954,751,2,1,1,0,True,True,12.0,901.0,33212.06,1835.0,16222.18,16989.88,0.0,0.4884424513264158,Mixed,401.19917999999996,0.0,401.19917999999996
119,44,Female,56605,87970,624,2,1,1,0,True,True,12.0,692.0,43342.33,5367.0,10526.37,32815.96,0.0,0.24286580809107403,Mixed,307.51664,0.0,307.51664
1312,31,Female,51209,76900,765,1,0,1,0,False,False,0.0,0.0,0.0,0.0,0.0,0.0,0.0,,Dormant,0.0,0.0,0.0
1529,51,Male,76305,112785,692,3,0,3,0,False,True,12.0,1604.0,62748.53,5366.0,0.0,62748.53,0.0,0.0,Debit/prepaid only,365.53126499999996,0.0,365.53126499999996
1596,42,Male,31772,17286,734,4,2,1,1,True,True,12.0,1223.0,74331.37,3829.0,57575.55,0.0,16755.82,0.7745794272324055,Credit-primary,986.3379,0.0,986.3379
714,61,Female,73383,155191,760,2,0,0,2,False,True,12.0,895.0,30594.11,2630.0,0.0,0.0,30594.11,0.0,Debit/prepaid only,0.0,0.0,0.0
887,55,Male,53287,51026,816,4,3,1,0,True,False,0.0,0.0,0.0,0.0,0.0,0.0,0.0,,Dormant,0.0,0.0,0.0
1425,88,Female,19225,1644,809,8,3,2,3,True,True,12.0,1181.0,45962.6,2781.0,22734.52,18663.19,4564.89,0.49463085204057217,Mixed,511.561455,0.0,511.561455
1645,62,Female,60541,160456,716,2,0,1,1,False,True,12.0,899.0,42114.1,6601.0,0.0,36445.59,5668.51,0.0,Debit/prepaid only,135.562795,0.0,135.562795
1863,44,Female,44124,107162,850,1,0,1,0,False,True,12.0,875.0,61574.08,3514.0,0.0,61574.08,0.0,0.0,Debit/prepaid only,212.78004,0.0,212.78004
1576,88,Female,36764,839,712,6,0,3,3,False,True,12.0,1396.0,67662.51,8124.0,0.0,47512.0,20150.51,0.0,Debit/prepaid only,156.3815,0.0,156.3815
1268,47,Male,29597,44388,513,3,1,2,0,True,True,12.0,382.0,21841.42,6379.0,0.0,21841.42,0.0,0.0,Debit/prepaid only,87.95121,0.0,87.95121
1565,37,Female,38656,47523,584,1,1,0,0,True,False,0.0,0.0,0.0,0.0,0.0,0.0,0.0,,Dormant,0.0,0.0,0.0
1842,45,Male,31373,58481,637,2,1,1,0,True,True,12.0,1221.0,59438.77,5839.0,31952.77,27486.0,0.0,0.5375745494060526,Credit-primary,665.56336,0.0,665.56336
485,39,Male,38211,84427,665,1,1,0,0,True,False,0.0,0.0,0.0,0.0,0.0,0.0,0.0,,Dormant,0.0,0.0,0.0
244,40,Female,26802,43444,638,2,2,0,0,True,True,12.0,482.0,26100.52,4944.0,26100.52,0.0,0.0,1.0,Credit-primary,380.81735999999995,95.0,475.81735999999995
145,58,Female,25334,182,696,3,2,1,0,True,True,12.0,712.0,22489.94,5021.0,7537.4,14952.54,0.0,0.3351454027889803,Mixed,213.49147,0.0,213.49147
866,34,Male,61904,125358,639,2,1,1,0,True,True,12.0,947.0,48034.69,3402.0,23996.23,24038.46,0.0,0.4995604218534563,Mixed,541.1078699999999,95.0,636.1078699999999
1424,101,Female,15348,1396,761,3,2,0,1,True,True,12.0,1145.0,54657.75,26238.0,26124.31,0.0,28533.44,0.4779616797251991,Mixed,283.90158,0.0,283.90158
427,44,Female,32527,74331,705,3,0,2,1,False,True,12.0,750.0,34990.71,4746.0,0.0,25967.68,9023.03,0.0,Debit/prepaid only,96.87234,0.0,96.87234
684,51,Male,44170,90049,661,7,1,5,1,True,True,12.0,651.0,29034.51,4487.0,18845.6,9021.63,1167.28,0.6490758755701405,Credit-primary,362.0361149999999,0.0,362.0361149999999
1300,58,Male,23092,20545,752,4,1,2,1,True,True,12.0,1344.0,33324.7,4886.0,13487.32,19837.38,0.0,0.4047244236257191,Mixed,401.62244999999996,0.0,401.62244999999996
1669,44,Male,51454,151162,698,4,3,1,0,True,True,12.0,660.0,39418.89,3969.0,24232.87,15186.02,0.0,0.6147527238844117,Credit-primary,498.34266999999994,95.0,593.34267
937,47,Female,94133,189899,603,1,0,1,0,False,False,0.0,0.0,0.0,0.0,0.0,0.0,0.0,,Dormant,0.0,0.0,0.0
845,58,Male,36710,116794,786,5,1,4,0,True,True,12.0,1011.0,47292.21,2321.0,0.0,47292.21,0.0,0.0,Debit/prepaid only,234.795605,0.0,234.795605
1518,62,Male,37785,81500,745,3,3,0,0,True,True,12.0,775.0,37652.83,2971.0,37652.83,0.0,0.0,1.0,Credit-primary,624.27294,0.0,624.27294
1591,58,Female,33717,58236,698,5,2,2,1,True,True,12.0,2223.0,68290.96,6175.0,27837.97,28243.01,12209.98,0.40763770197402405,Mixed,679.973465,95.0,774.973465
1629,42,Female,29422,58679,598,1,0,1,0,False,True,12.0,1535.0,47478.22,2964.0,0.0,47478.22,0.0,0.0,Debit/prepaid only,344.60711,0.0,344.60711
675,40,Male,35489,91995,724,5,3,2,0,True,True,12.0,936.0,32810.8,4774.0,14254.64,18556.16,0.0,0.4344496324380996,Mixed,366.40959999999995,0.0,366.40959999999995
577,28,Female,33106,108695,763,2,1,1,0,True,True,12.0,1150.0,37066.51,1478.0,16438.92,20627.59,0.0,0.443497917662062,Mixed,452.4228549999999,95.0,547.4228549999999
854,26,Female,59699,71110,688,1,0,1,0,False,False,0.0,0.0,0.0,0.0,0.0,0.0,0.0,,Dormant,0.0,0.0,0.0
1261,58,Male,68787,171854,527,1,0,1,0,False,True,12.0,757.0,47319.99,7881.0,0.0,47319.99,0.0,0.0,Debit/prepaid only,178.689495,0.0,178.689495
1227,65,Female,67344,7049,804,4,2,1,1,True,True,12.0,1278.0,52564.89,4580.0,29722.96,17413.73,5428.2,0.5654527194863339,Credit-primary,590.062145,95.0,685.062145
840,68,Female,88432,63075,694,6,1,4,1,True,True,12.0,1461.0,201586.76,6838.0,134954.83,65177.65,1454.28,0.6694627663046917,Credit-primary,2505.639265,0.0,2505.639265
733,36,Male,53138,153374,606,4,2,2,0,True,True,12.0,1539.0,117862.28,8079.0,66920.05,50942.23,0.0,0.5677817364469786,Credit-primary,1328.017515,0.0,1328.017515
454,88,Female,38523,49,751,4,0,4,0,False,False,0.0,0.0,0.0,0.0,0.0,0.0,0.0,,Dormant,0.0,0.0,0.0
961,76,Male,26660,28332,721,3,1,2,0,True,True,12.0,1168.0,65820.54,6370.0,35092.69,30727.85,0.0,0.5331571269394023,Credit-primary,734.094845,0.0,734.094845
768,53,Female,69412,177225,620,1,0,1,0,False,False,0.0,0.0,0.0,0.0,0.0,0.0,0.0,,Dormant,0.0,0.0,0.0
78,37,Male,25205,65179,688,1,0,0,1,False,False,0.0,0.0,0.0,0.0,0.0,0.0,0.0,,Dormant,0.0,0.0,0.0
1334,38,Female,39627,47793,718,4,3,1,0,True,True,12.0,640.0,25003.22,4116.0,12556.65,12446.57,0.0,0.5022013164704385,Credit-primary,282.14248499999997,0.0,282.14248499999997
1610,42,Female,27967,50159,690,2,1,1,0,True,True,12.0,1264.0,32064.56,4212.0,12831.42,19233.14,0.0,0.4001745229000491,Mixed,386.35112999999996,0.0,386.35112999999996
108,50,Female,38142,0,768,3,0,3,0,False,False,0.0,0.0,0.0,0.0,0.0,0.0,0.0,,Dormant,0.0,0.0,0.0
1308,36,Female,58964,71890,619,1,1,0,0,True,False,0.0,0.0,0.0,0.0,0.0,0.0,0.0,,Dormant,0.0,0.0,0.0
780,74,Male,58378,73124,652,1,0,0,1,False,True,12.0,808.0,27614.08,3427.0,0.0,0.0,27614.08,0.0,Debit/prepaid only,0.0,0.0,0.0
1340,53,Male,53872,64269,691,5,2,2,1,True,True,12.0,2111.0,198434.37,6978.0,127678.15,67964.8,2791.42,0.6434275977493213,Credit-primary,2450.4920999999995,190.0,2640.4920999999995
1888,75,Female,41513,15899,748,3,0,3,0,False,True,12.0,2776.0,221893.04,83446.0,0.0,221893.04,0.0,0.0,Debit/prepaid only,652.1835199999999,0.0,652.1835199999999
247,49,Female,54587,69070,761,6,2,4,0,True,True,12.0,1379.0,108891.94,7976.0,66257.81,42634.13,0.0,0.6084730421737367,Credit-primary,1290.6446449999999,0.0,1290.6446449999999
915,44,Male,44953,97076,728,1,0,1,0,False,False,0.0,0.0,0.0,0.0,0.0,0.0,0.0,,Dormant,0.0,0.0,0.0
1927,28,Male,35199,68569,739,1,0,1,0,False,False,0.0,0.0,0.0,0.0,0.0,0.0,0.0,,Dormant,0.0,0.0,0.0
1208,38,Male,33387,69066,526,3,0,3,0,False,True,12.0,1048.0,35754.18,5168.0,0.0,35754.18,0.0,0.0,Debit/prepaid only,235.37309,0.0,235.37309
1382,58,Male,25883,44404,706,4,2,1,1,True,True,12.0,1824.0,82231.54,28230.0,35681.96,46549.58,0.0,0.43392061002384247,Mixed,676.6875699999999,95.0,771.6875699999999
1217,59,Female,44992,53368,785,3,1,2,0,True,True,12.0,603.0,51223.82,4411.0,30009.420000000002,21214.4,0.0,0.585848927315456,Credit-primary,573.1587599999999,0.0,573.1587599999999
514,58,Male,32295,72357,698,4,1,3,0,True,True,12.0,986.0,42713.39,1673.0,20721.25,21992.14,0.0,0.48512304923584854,Mixed,504.08457,0.0,504.08457
232,57,Female,69159,135111,786,3,0,2,1,False,False,0.0,0.0,0.0,0.0,0.0,0.0,0.0,,Dormant,0.0,0.0,0.0
445,42,Female,12643,19299,645,1,0,1,0,False,False,0.0,0.0,0.0,0.0,0.0,0.0,0.0,,Dormant,0.0,0.0,0.0
1206,34,Female,87030,161964,727,2,1,1,0,True,False,0.0,0.0,0.0,0.0,0.0,0.0,0.0,,Dormant,0.0,0.0,0.0
1276,82,Female,41793,1141,730,5,3,2,0,True,True,12.0,493.0,41879.47,1122.0,28069.89,13809.58,0.0,0.6702541842100675,Credit-primary,548.52681,0.0,548.52681
875,39,Male,41907,87163,728,2,2,0,0,True,True,12.0,333.0,19705.74,3168.0,14165.86,5539.88,0.0,0.7188697303425297,Credit-primary,235.97642,0.0,235.97642
1546,48,Male,40336,144284,668,4,1,2,1,True,True,12.0,684.0,33244.22,5341.0,16101.44,17142.78,0.0,0.4843380292874972,Mixed,347.12431,0.0,347.12431
519,57,Female,39508,18870,770,4,0,2,2,False,True,12.0,921.0,25917.15,2984.0,0.0,21606.84,4310.31,0.0,Debit/prepaid only,143.66792,0.0,143.66792
1408,42,Male,24859,43986,683,2,0,2,0,False,False,0.0,0.0,0.0,0.0,0.0,0.0,0.0,,Dormant,0.0,0.0,0.0
1204,42,Male,69440,129944,743,2,0,2,0,False,True,12.0,637.0,43553.06,2634.0,0.0,43553.06,0.0,0.0,Debit/prepaid only,154.22952999999998,0.0,154.22952999999998
1133,30,Female,46599,12700,684,3,0,2,1,False,True,12.0,872.0,32210.25,3695.0,0.0,25733.95,6476.3,0.0,Debit/prepaid only,129.341475,0.0,129.341475
710,60,Female,52397,72810,729,3,1,1,1,True,False,0.0,0.0,0.0,0.0,0.0,0.0,0.0,,Dormant,0.0,0.0,0.0
582,53,Male,39222,66559,583,3,1,2,0,True,True,12.0,522.0,37721.36,4470.0,37721.36,0.0,0.0,1.0,Credit-primary,598.5244799999999,0.0,598.5244799999999
821,73,Male,18015,10463,645,2,1,1,0,True,True,12.0,551.0,20153.02,2331.0,10300.59,9852.43,0.0,0.5111189290736574,Credit-primary,243.106335,95.0,338.106335
1352,65,Female,42102,9645,672,3,0,3,0,False,True,12.0,511.0,26553.29,6014.0,0.0,26553.29,0.0,0.0,Debit/prepaid only,117.579645,0.0,117.579645
831,36,Male,37316,37515,726,2,1,1,0,True,True,12.0,676.0,35644.28,5909.0,17654.03,17990.25,0.0,0.49528367524887584,Mixed,371.90316499999994,0.0,371.90316499999994
578,75,Male,20797,10127,777,1,0,1,0,False,False,0.0,0.0,0.0,0.0,0.0,0.0,0.0,,Dormant,0.0,0.0,0.0
1997,76,Male,38800,25867,758,7,1,6,0,True,True,12.0,963.0,64527.22,5757.09,42291.79,22235.43,0.0,0.6554100734542725,Credit-primary,825.5773149999999,95.0,920.5773149999999
258,51,Male,29622,17385,694,2,0,2,0,False,False,0.0,0.0,0.0,0.0,0.0,0.0,0.0,,Dormant,0.0,0.0,0.0
851,88,Female,31399,2528,757,4,2,1,1,True,True,12.0,690.0,31680.51,2960.0,31680.51,0.0,0.0,1.0,Credit-primary,516.9691799999999,0.0,516.9691799999999
1951,48,Female,63355,0,708,5,2,3,0,True,False,0.0,0.0,0.0,0.0,0.0,0.0,0.0,,Dormant,0.0,95.0,95.0
1897,38,Male,104049,247623,741,2,0,1,1,False,True,12.0,1352.0,66344.98,4040.0,0.0,66344.98,0.0,0.0,Debit/prepaid only,315.07249,0.0,315.07249
972,35,Male,50177,101323,681,4,3,1,0,True,True,12.0,1159.0,79344.61,29552.0,39319.39,40025.22,0.0,0.4955521238304656,Mixed,655.1481299999999,0.0,655.1481299999999
1010,40,Female,34344,48931,548,1,0,1,0,False,False,0.0,0.0,0.0,0.0,0.0,0.0,0.0,,Dormant,0.0,0.0,0.0
1243,31,Female,34884,26799,705,4,1,2,1,True,True,12.0,834.0,69404.02,5546.0,40786.55,28617.47,0.0,0.5876684088328025,Credit-primary,771.646135,0.0,771.646135
1976,33,Female,56897,0,699,4,0,3,1,False,True,12.0,1177.0,79668.43,4696.0,0.0,72457.02,7211.41,0.0,Debit/prepaid only,239.05050999999997,0.0,239.05050999999997
91,38,Female,72647,90579,739,1,1,0,0,True,False,0.0,0.0,0.0,0.0,0.0,0.0,0.0,,Dormant,0.0,0.0,0.0
1606,49,Male,51755,88605,806,1,0,1,0,False,True,12.0,473.0,47177.87,3212.0,0.0,47177.87,0.0,0.0,Debit/prepaid only,121.312935,0.0,121.312935
1201,60,Male,115465,195657,715,4,0,4,0,False,True,12.0,704.0,75762.14,7056.0,0.0,75762.14,0.0,0.0,Debit/prepaid only,182.19307,0.0,182.19307
1317,41,Female,30910,42507,749,3,1,2,0,True,True,12.0,834.0,23765.21,5340.0,11449.45,12315.76,0.0,0.48177356732803966,Mixed,288.34547999999995,0.0,288.34547999999995
1311,27,Male,43264,89798,729,1,1,0,0,True,False,0.0,0.0,0.0,0.0,0.0,0.0,0.0,,Dormant,0.0,0.0,0.0
662,32,Female,85694,120733,822,2,0,1,1,False,True,12.0,1457.0,81172.24,7245.0,0.0,54931.45,26240.79,0.0,Debit/prepaid only,188.613725,0.0,188.613725
847,81,Female,27864,1371,591,6,3,1,2,True,True,12.0,1143.0,68915.09,3955.0,45164.48,0.0,23750.61,0.6553641589962373,Credit-primary,765.87264,0.0,765.87264
617,27,Female,58026,133169,691,1,0,1,0,False,False,0.0,0.0,0.0,0.0,0.0,0.0,0.0,,Dormant,0.0,0.0,0.0
280,40,Female,44585,81825,684,5,3,2,0,True,True,12.0,894.0,59280.05,4890.0,27709.81,31570.24,0.0,0.46743904568231637,Mixed,590.7442,95.0,685.7442
1473,51,Female,41427,53773,850,2,0,2,0,False,True,12.0,665.0,28972.079999999998,5013.0,0.0,28972.079999999998,0.0,0.0,Debit/prepaid only,151.62954000000002,0.0,151.62954000000002
65,51,Female,34517,74143,645,2,0,2,0,False,True,12.0,870.0,38430.35,3473.0,0.0,38430.35,0.0,0.0,Debit/prepaid only,200.178675,0.0,200.178675
1353,50,Female,43294,104521,816,4,1,3,0,True,True,12.0,560.0,34065.19,4753.0,19900.71,14164.48,0.0,0.58419489220521,Credit-primary,397.42852,95.0,492.42852
1670,68,Male,50184,27778,732,3,1,2,0,True,True,12.0,863.0,47672.75,7101.0,31790.41,15882.34,0.0,0.6668465737764236,Credit-primary,590.84555,0.0,590.84555
1776,47,Male,43133,44263,693,2,2,0,0,True,True,12.0,3590.0,186360.95,51700.0,186360.95,0.0,0.0,1.0,Credit-primary,2423.8971,95.0,2518.8971
951,57,Female,26664,12241,709,4,2,1,1,True,True,12.0,1110.0,29089.11,4576.0,29089.11,0.0,0.0,1.0,Credit-primary,441.23598,95.0,536.2359799999999
1818,85,Female,41843,1741,500,3,0,3,0,False,True,12.0,1839.0,98708.76,5732.2,0.0,98708.76,0.0,0.0,Debit/prepaid only,432.67828,0.0,432.67828
1789,40,Female,38527,36933,684,2,0,2,0,False,True,12.0,1029.0,42994.56,1783.0,0.0,42994.56,0.0,0.0,Debit/prepaid only,236.69578,0.0,236.69578
767,32,Female,36729,48624,686,2,0,2,0,False,False,0.0,0.0,0.0,0.0,0.0,0.0,0.0,,Dormant,0.0,0.0,0.0
678,63,Female,29477,56355,850,3,2,1,0,True,True,12.0,657.0,20131.52,4460.0,9078.65,11052.87,0.0,0.450966941393397,Mixed,226.28213499999995,0.0,226.28213499999995
471,52,Male,71645,155006,629,3,1,2,0,True,False,0.0,0.0,0.0,0.0,0.0,0.0,0.0,,Dormant,0.0,0.0,0.0
757,62,Female,46232,68957,691,4,0,4,0,False,True,12.0,1011.0,61355.72,6112.0,0.0,61355.72,0.0,0.0,Debit/prepaid only,239.93186,0.0,239.93186
1603,41,Male,38812,16331,762,3,1,1,1,True,True,12.0,1038.0,38322.72,4627.0,13680.63,17536.32,7105.77,0.3569848382369518,Mixed,317.01849999999996,0.0,317.01849999999996
808,38,Female,36045,0,683,2,0,2,0,False,True,12.0,1129.0,90781.89,1758.0,0.0,90781.89,0.0,0.0,Debit/prepaid only,281.601945,0.0,281.601945
1326,52,Female,66489,83828,731,2,0,2,0,False,True,12.0,718.0,44996.05,3573.0,0.0,44996.05,0.0,0.0,Debit/prepaid only,171.491525,0.0,171.491525
158,31,Female,41475,0,747,1,0,1,0,False,False,0.0,0.0,0.0,0.0,0.0,0.0,0.0,,Dormant,0.0,0.0,0.0
1928,56,Male,55682,82696,750,4,2,1,1,True,True,12.0,946.0,53553.0,5611.0,29435.66,22575.19,1542.15,0.5496547345620226,Credit-primary,561.773975,0.0,561.773975
1575,51,Female,57646,127892,724,4,0,3,1,False,True,12.0,2940.0,152391.14,5856.0,0.0,139309.02,13082.12,0.0,Debit/prepaid only,535.77901,0.0,535.77901
1455,36,Male,34330,15223,713,2,1,1,0,True,True,12.0,865.0,25379.48,3115.0,13095.94,12283.54,0.0,0.5160050560531579,Credit-primary,323.20869,71.25,394.45869
1916,82,Male,10142,1809,767,7,2,4,1,True,True,12.0,614.0,28773.33,4365.0,14722.21,9531.7,4519.42,0.5116616672453275,Credit-primary,283.88312999999994,0.0,283.88312999999994
1617,30,Male,76867,118029,659,1,0,1,0,False,False,0.0,0.0,0.0,0.0,0.0,0.0,0.0,,Dormant,0.0,0.0,0.0
1176,39,Male,57348,119230,527,3,2,1,0,True,True,12.0,1626.0,76155.0,7821.0,0.0,76155.0,0.0,0.0,Debit/prepaid only,375.62699999999995,190.0,565.627
1194,49,Male,38041,27813,782,3,1,2,0,True,True,12.0,1500.0,57535.68,6467.0,25508.97,32026.71,0.0,0.44335914688068345,Mixed,630.298815,0.0,630.298815
580,35,Male,36857,3112,768,3,1,2,0,True,True,12.0,1704.0,60021.04,3509.0,0.0,60021.04,0.0,0.0,Debit/prepaid only,386.09601999999995,0.0,386.09601999999995
4,54,Female,76431,115362,716,5,1,4,0,True,True,12.0,1447.0,65249.14,6189.0,0.0,65249.14,0.0,0.0,Debit/prepaid only,333.40007,95.0,428.40007
530,78,Male,18100,0,682,5,0,5,0,False,True,12.0,1338.0,30083.29,2751.0,0.0,30083.29,0.0,0.0,Debit/prepaid only,294.64614499999993,0.0,294.64614499999993
1826,45,Female,16628,33926,654,1,0,0,1,False,True,12.0,695.0,10199.94,1998.0,0.0,0.0,10199.94,0.0,Debit/prepaid only,0.0,0.0,0.0
595,79,Male,29041,4427,699,4,0,4,0,False,True,12.0,488.0,22320.43,965.0,0.0,22320.43,0.0,0.0,Debit/prepaid only,113.157715,0.0,113.157715
1022,47,Female,35876,50190,635,3,2,1,0,True,True,12.0,1061.0,68540.15,4182.0,37416.39,31123.76,0.0,0.5459046996541443,Credit-primary,769.1108999999999,0.0,769.1108999999999
246,50,Female,82298,0,791,4,2,2,0,True,True,12.0,619.0,67442.02,6142.0,0.0,67442.02,0.0,0.0,Debit/prepaid only,160.64001000000002,0.0,160.64001000000002
1945,56,Female,30042,9208,727,4,2,2,0,True,True,12.0,480.0,24268.81,4918.0,12286.3,11982.51,0.0,0.5062588565323145,Credit-primary,249.55315499999998,95.0,344.55315499999995
1540,55,Female,44839,63194,625,3,1,1,1,True,True,12.0,2235.0,91621.7,6230.0,53681.22,0.0,37940.48,0.5859007200259327,Credit-primary,876.35196,0.0,876.35196
409,54,Female,29699,6569,711,3,0,3,0,False,False,0.0,0.0,0.0,0.0,0.0,0.0,0.0,,Dormant,0.0,0.0,0.0
694,29,Male,41836,60302,615,1,0,1,0,False,False,0.0,0.0,0.0,0.0,0.0,0.0,0.0,,Dormant,0.0,0.0,0.0
382,55,Male,23103,63635,681,3,1,2,0,True,False,0.0,0.0,0.0,0.0,0.0,0.0,0.0,,Dormant,0.0,0.0,0.0
629,72,Male,57513,11755,793,5,1,3,1,True,True,12.0,860.0,72469.91,3949.0,50818.8,17979.31,3671.8,0.7012400042997156,Credit-primary,965.575555,95.0,1060.575555
1211,66,Female,38249,0,746,4,1,3,0,True,True,12.0,573.0,34746.32,3252.0,19083.63,15662.69,0.0,0.5492273714165989,Credit-primary,411.90568499999995,95.0,506.90568499999995
823,41,Female,41496,9222,807,2,1,1,0,True,True,12.0,630.0,37061.82,5205.0,19081.0,17980.82,0.0,0.5148424982906937,Credit-primary,375.99091,0.0,375.99091
89,35,Male,30217,23394,705,4,0,4,0,False,True,12.0,1209.0,42327.07,3591.0,0.0,42327.07,0.0,0.0,Debit/prepaid only,273.258035,0.0,273.258035
888,53,Male,33566,96597,698,1,0,1,0,False,True,12.0,403.0,27860.81,3264.0,0.0,27860.81,0.0,0.0,Debit/prepaid only,96.928405,0.0,96.928405
81,66,Female,35560,60397,723,5,3,1,1,True,True,12.0,1405.0,64979.95,5682.0,35222.46,29757.49,0.0,0.5420512019476778,Credit-primary,764.4470249999999,0.0,764.4470249999999
826,67,Female,57705,22475,684,3,2,1,0,True,True,12.0,378.0,33548.46,5043.0,33548.46,0.0,0.0,1.0,Credit-primary,513.0982799999999,95.0,608.0982799999999
87,58,Male,24155,2870,802,3,1,1,1,True,True,12.0,1277.0,43402.3,4846.0,19126.57,24275.73,0.0,0.44068102381671015,Mixed,478.838125,0.0,478.838125
1833,27,Male,35026,11468,743,2,0,2,0,False,True,12.0,990.0,49691.02,5802.0,0.0,49691.02,0.0,0.0,Debit/prepaid only,229.84451,0.0,229.84451
829,29,Female,36404,11745,726,1,1,0,0,True,False,0.0,0.0,0.0,0.0,0.0,0.0,0.0,,Dormant,0.0,0.0,0.0
1879,50,Male,38179,50559,609,2,1,1,0,True,False,0.0,0.0,0.0,0.0,0.0,0.0,0.0,,Dormant,0.0,95.0,95.0
236,36,Female,161276,317964,540,1,0,1,0,False,True,12.0,712.0,62623.68,4571.0,0.0,62623.68,0.0,0.0,Debit/prepaid only,178.54634,0.0,178.54634
1619,31,Male,32086,53595,747,2,1,1,0,True,True,12.0,526.0,17456.14,1480.0,9128.16,8327.98,0.0,0.5229197291039142,Credit-primary,222.94337,0.0,222.94337
803,69,Female,46487,57336,635,3,1,1,1,True,True,12.0,1300.0,39979.44,3428.0,0.0,29689.88,10289.56,0.0,Debit/prepaid only,160.83844,0.0,160.83844
1686,54,Female,61312,25355,708,3,2,1,0,True,True,12.0,1933.0,214300.41,5289.0,144924.32,69376.09,0.0,0.6762671149345911,Credit-primary,2773.0338049999996,0.0,2773.0338049999996
1959,46,Male,52130,80367,701,1,1,0,0,True,True,12.0,492.0,52544.25,4236.0,52544.25,0.0,0.0,1.0,Credit-primary,869.5485,95.0,964.5485
1342,27,Female,40744,50803,717,1,0,0,1,False,False,0.0,0.0,0.0,0.0,0.0,0.0,0.0,,Dormant,0.0,0.0,0.0
1371,86,Female,49529,1385,689,6,2,3,1,True,True,12.0,1199.0,37087.42,2697.0,19665.55,13802.85,3619.02,0.5302485317123704,Credit-primary,460.90032499999995,0.0,460.90032499999995
1067,76,Male,41790,24676,719,4,3,1,0,True,True,12.0,1384.0,49957.64,6906.0,49957.64,0.0,0.0,1.0,Credit-primary,774.9295199999999,0.0,774.9295199999999
1019,81,Female,29928,2028,713,4,2,2,0,True,True,12.0,872.0,55317.74,3247.0,30646.53,24671.21,0.0,0.5540090755696093,Credit-primary,631.229645,0.0,631.229645
1568,47,Female,42976,58765,748,3,1,2,0,True,True,12.0,876.0,57642.63,4239.0,31805.09,25837.54,0.0,0.5517633390426495,Credit-primary,641.7933899999999,0.0,641.7933899999999
1765,40,Male,32126,56283,770,3,1,2,0,True,True,12.0,846.0,51643.38,4232.0,51643.38,0.0,0.0,1.0,Credit-primary,853.4048399999999,0.0,853.4048399999999
1875,56,Male,45202,71022,683,4,1,3,0,True,True,12.0,732.0,46838.51,2795.0,0.0,46838.51,0.0,0.0,Debit/prepaid only,175.741755,0.0,175.741755
189,42,Male,52165,97248,730,4,1,2,1,True,False,0.0,0.0,0.0,0.0,0.0,0.0,0.0,,Dormant,0.0,0.0,0.0
466,58,Female,29519,45597,643,3,2,1,0,True,False,0.0,0.0,0.0,0.0,0.0,0.0,0.0,,Dormant,0.0,0.0,0.0
659,57,Male,32583,12501,812,6,1,3,2,True,True,12.0,1184.0,49072.49,4488.0,24490.81,18967.34,5614.34,0.49907412483042946,Mixed,532.25925,0.0,532.25925
942,37,Male,59139,128870,742,4,2,2,0,True,True,12.0,1190.0,71881.34,6467.0,38880.01,33001.33,0.0,0.540891558226377,Credit-primary,795.847345,95.0,890.847345
1234,44,Male,62185,114235,749,1,0,0,1,False,True,12.0,1318.0,24278.66,762.0,0.0,0.0,24278.66,0.0,Debit/prepaid only,0.0,0.0,0.0
1056,24,Female,52036,26232,703,1,0,1,0,False,False,0.0,0.0,0.0,0.0,0.0,0.0,0.0,,Dormant,0.0,0.0,0.0
345,33,Male,35499,80517,724,1,1,0,0,True,True,12.0,561.0,31216.38,2716.0,31216.38,0.0,0.0,1.0,Credit-primary,513.00684,0.0,513.00684
308,44,Male,31015,103094,737,2,1,0,1,True,False,0.0,0.0,0.0,0.0,0.0,0.0,0.0,,Dormant,0.0,0.0,0.0
1922,79,Male,53222,23051,640,1,0,0,1,False,False,0.0,0.0,0.0,0.0,0.0,0.0,0.0,,Dormant,0.0,0.0,0.0
1156,56,Female,280199,91367,752,5,3,2,0,True,True,12.0,1281.0,117757.75,9471.0,73587.01,44170.74,0.0,0.6249016306782356,Credit-primary,1371.80605,0.0,1371.80605
561,48,Male,36853,112139,834,5,1,3,1,True,True,12.0,1178.0,38554.49,6385.0,18982.88,15763.28,3808.33,0.4923649619019731,Mixed,410.28648,0.0,410.28648
1522,88,Female,31828,3777,593,3,3,0,0,True,False,0.0,0.0,0.0,0.0,0.0,0.0,0.0,,Dormant,0.0,0.0,0.0
695,49,Female,71866,132580,662,1,0,1,0,False,False,0.0,0.0,0.0,0.0,0.0,0.0,0.0,,Dormant,0.0,0.0,0.0
285,62,Male,34496,33122,731,5,3,1,1,True,True,12.0,3140.0,166776.79,3986.0,87571.74,62486.58,16718.47,0.5250834963306344,Credit-primary,1805.3156099999999,0.0,1805.3156099999999
113,74,Female,39003,10793,788,5,2,3,0,True,True,12.0,548.0,50072.74,2040.0,34223.94,15848.8,0.0,0.6834844667977028,Credit-primary,656.7803199999998,95.0,751.7803199999998
1039,68,Male,11566,9102,536,4,1,3,0,True,True,12.0,1506.0,58539.39,3367.0,27416.21,31123.18,0.0,0.46833781493110876,Mixed,689.21237,0.0,689.21237
176,45,Female,52172,66085,667,4,0,3,1,False,True,12.0,1431.0,66295.16,5074.0,0.0,61525.09,4770.07,0.0,Debit/prepaid only,275.102045,0.0,275.102045
1104,91,Male,40141,805,850,6,2,4,0,True,True,12.0,1319.0,74596.71,5415.0,38795.09,35801.62,0.0,0.5200643567256518,Credit-primary,831.5249299999998,0.0,831.5249299999998
946,48,Male,39733,79302,781,4,2,2,0,True,True,12.0,1266.0,35149.68,3761.08,21410.71,13738.97,0.0,0.6091295852480022,Credit-primary,518.236725,0.0,518.236725
1465,29,Female,51651,22705,801,2,1,1,0,True,False,0.0,0.0,0.0,0.0,0.0,0.0,0.0,,Dormant,0.0,95.0,95.0
571,42,Male,36711,84949,739,4,1,3,0,True,True,12.0,1452.0,55969.38,4632.0,0.0,55969.38,0.0,0.0,Debit/prepaid only,330.58869000000004,95.0,425.58869000000004
1074,62,Female,32819,25393,826,5,2,3,0,True,True,12.0,484.0,30136.27,3782.18,17378.95,12757.32,0.0,0.5766788656990397,Credit-primary,343.57617000000005,0.0,343.57617000000005
214,30,Male,47803,81929,652,1,1,0,0,True,False,0.0,0.0,0.0,0.0,0.0,0.0,0.0,,Dormant,0.0,0.0,0.0
771,44,Male,38661,88636,765,3,0,2,1,False,True,12.0,497.0,33402.94,6737.0,0.0,30726.09,2676.85,0.0,Debit/prepaid only,99.66804499999999,0.0,99.66804499999999
520,45,Male,57658,74288,766,5,1,4,0,True,True,12.0,955.0,43781.36,7760.0,26188.0,17593.36,0.0,0.5981541002837737,Credit-primary,512.14068,95.0,607.14068
288,45,Female,22249,20420,789,3,1,2,0,True,False,0.0,0.0,0.0,0.0,0.0,0.0,0.0,,Dormant,0.0,0.0,0.0
1979,38,Female,64647,58250,738,3,1,2,0,True,True,12.0,449.0,38738.840000000004,5629.0,0.0,38738.840000000004,0.0,0.0,Debit/prepaid only,110.84492,0.0,110.84492
1253,32,Female,58749,113308,768,4,0,4,0,False,True,12.0,1906.0,117767.49,5090.0,0.0,117767.49,0.0,0.0,Debit/prepaid only,456.598745,0.0,456.598745
311,46,Female,29510,47153,752,4,3,1,0,True,True,12.0,557.0,24652.15,3424.0,24652.15,0.0,0.0,1.0,Credit-primary,382.1067,95.0,477.1067
1346,53,Female,36672,99454,655,1,1,0,0,True,False,0.0,0.0,0.0,0.0,0.0,0.0,0.0,,Dormant,0.0,0.0,0.0
1622,41,Female,79271,211919,759,1,0,1,0,False,True,12.0,967.0,58133.44,6256.0,0.0,58133.44,0.0,0.0,Debit/prepaid only,229.00871999999998,0.0,229.00871999999998
852,35,Female,40156,70128,738,3,2,1,0,True,True,12.0,1812.0,84269.22,28214.0,59231.95,25037.27,0.0,0.7028895010538841,Credit-primary,834.6367349999999,95.0,929.6367349999999
1394,30,Female,57853,131828,558,3,1,2,0,True,True,12.0,1307.0,54758.05,5398.0,31890.17,22867.88,0.0,0.5823832294977633,Credit-primary,689.4554999999999,0.0,689.4554999999999
957,73,Female,37789,24575,605,3,1,2,0,True,True,12.0,1024.0,63325.44,6939.0,37681.88,25643.56,0.0,0.5950512148040344,Credit-primary,766.06112,95.0,861.06112
515,61,Male,41865,60911,676,4,0,4,0,False,True,12.0,907.0,23890.329999999998,4118.0,0.0,23890.329999999998,0.0,0.0,Debit/prepaid only,200.356165,0.0,200.356165
1303,66,Male,61937,138153,684,6,2,4,0,True,True,12.0,381.0,37839.58,3510.0,25570.87,12268.71,0.0,0.6757704498834288,Credit-primary,461.64501499999994,0.0,461.64501499999994
1287,32,Female,32274,72974,545,1,0,1,0,False,False,0.0,0.0,0.0,0.0,0.0,0.0,0.0,,Dormant,0.0,0.0,0.0
296,48,Male,75785,117920,814,3,2,0,1,True,False,0.0,0.0,0.0,0.0,0.0,0.0,0.0,,Dormant,0.0,95.0,95.0
1059,50,Male,45560,79660,644,2,1,1,0,True,False,0.0,0.0,0.0,0.0,0.0,0.0,0.0,,Dormant,0.0,0.0,0.0
1378,46,Female,40810,65643,614,4,2,2,0,True,True,12.0,1288.0,57922.01,6726.0,26800.93,31121.08,0.0,0.46270718160505825,Mixed,605.72178,190.0,795.72178
1297,58,Male,38371,50530,703,3,1,2,0,True,False,0.0,0.0,0.0,0.0,0.0,0.0,0.0,,Dormant,0.0,0.0,0.0
1727,46,Female,48762,143208,771,6,0,5,1,False,True,12.0,2437.0,127862.41,51864.0,0.0,103598.78,24263.63,0.0,Debit/prepaid only,428.67188999999996,0.0,428.67188999999996
673,48,Male,39124,66231,722,3,1,2,0,True,False,0.0,0.0,0.0,0.0,0.0,0.0,0.0,,Dormant,0.0,0.0,0.0
1283,50,Male,63673,147913,591,4,2,2,0,True,True,12.0,1024.0,70048.47,9371.0,39138.49,30909.98,0.0,0.5587344020504659,Credit-primary,759.83481,95.0,854.83481
1239,34,Female,38081,28613,811,3,1,2,0,True,True,12.0,1078.0,39883.0,3217.0,21469.62,18413.38,0.0,0.5383150715843843,Credit-primary,504.51135,0.0,504.51135
1078,56,Female,57576,161107,589,2,0,2,0,False,True,12.0,1119.0,73941.92,7319.0,0.0,73941.92,0.0,0.0,Debit/prepaid only,268.30145999999996,0.0,268.30145999999996
124,31,Female,34311,6971,680,4,0,4,0,False,True,12.0,968.0,26959.920000000002,4325.0,0.0,26959.920000000002,0.0,0.0,Debit/prepaid only,214.59746,0.0,214.59746
99,63,Female,54095,76109,753,3,1,2,0,True,False,0.0,0.0,0.0,0.0,0.0,0.0,0.0,,Dormant,0.0,0.0,0.0
1722,24,Female,24648,32962,600,1,1,0,0,True,False,0.0,0.0,0.0,0.0,0.0,0.0,0.0,,Dormant,0.0,0.0,0.0
750,61,Female,30165,36972,694,2,0,1,1,False,True,12.0,486.0,25851.51,4103.0,0.0,20349.56,5501.95,0.0,Debit/prepaid only,70.70978,0.0,70.70978
1223,53,Male,189490,448929,717,2,0,2,0,False,True,11.0,364.0,61159.81,6344.0,0.0,61159.81,0.0,0.0,Debit/prepaid only,103.847905,0.0,103.847905
575,84,Male,26476,406,813,5,3,2,0,True,True,12.0,786.0,40718.51,4873.0,21017.07,19701.44,0.0,0.5161551834779808,Credit-primary,445.76398,0.0,445.76398
428,39,Male,56486,116394,689,2,2,0,0,True,True,12.0,1068.0,57857.19,3084.0,57857.19,0.0,0.0,1.0,Credit-primary,985.91742,95.0,1080.91742
828,59,Female,35906,69819,659,3,3,0,0,True,True,12.0,2013.0,64481.11,7290.2,64481.11,0.0,0.0,1.0,Credit-primary,1029.4363799999999,95.0,1124.4363799999999
846,48,Female,67761,0,745,3,3,0,0,True,True,12.0,1868.0,86187.86,5889.0,86187.86,0.0,0.0,1.0,Credit-primary,1445.3794799999998,95.0,1540.3794799999998
666,57,Male,36282,14141,725,1,0,1,0,False,False,0.0,0.0,0.0,0.0,0.0,0.0,0.0,,Dormant,0.0,0.0,0.0
335,46,Female,56467,66565,688,3,0,3,0,False,True,12.0,1033.0,70383.16,7980.0,0.0,70383.16,0.0,0.0,Debit/prepaid only,248.13157999999999,0.0,248.13157999999999
639,55,Female,37645,46298,654,4,1,3,0,True,True,12.0,2092.0,57864.12,7041.0,29775.26,28088.86,0.0,0.5145720698768079,Credit-primary,792.4061099999999,0.0,792.4061099999999
386,48,Male,49967,62509,655,1,0,1,0,False,True,12.0,1631.0,86519.14,7150.0,0.0,86519.14,0.0,0.0,Debit/prepaid only,382.19457,0.0,382.19457
1860,33,Female,35213,87653,719,1,0,0,1,False,False,0.0,0.0,0.0,0.0,0.0,0.0,0.0,,Dormant,0.0,0.0,0.0
581,48,Male,29962,55000,684,3,0,3,0,False,True,12.0,765.0,29602.78,3209.0,0.0,29602.78,0.0,0.0,Debit/prepaid only,173.84689,0.0,173.84689
1910,49,Male,35868,48465,562,4,0,3,1,False,True,12.0,1870.0,65620.63,4781.0,0.0,58290.33,7330.3,0.0,Debit/prepaid only,351.773665,0.0,351.773665
731,31,Male,38193,39874,703,1,0,1,0,False,True,12.0,449.0,37544.36,3874.0,0.0,37544.36,0.0,0.0,Debit/prepaid only,111.12518,0.0,111.12518
21,48,Male,43084,0,850,3,0,2,1,False,True,12.0,818.0,38962.38,5765.0,0.0,33218.11,5744.27,0.0,Debit/prepaid only,117.45155499999998,0.0,117.45155499999998
273,42,Female,37415,66403,665,1,1,0,0,True,True,12.0,880.0,51799.8,5191.0,51799.8,0.0,0.0,1.0,Credit-primary,838.9584,0.0,838.9584
63,40,Male,35418,51741,660,5,0,4,1,False,True,12.0,1514.0,37454.98,5037.0,0.0,33005.54,4449.44,0.0,Debit/prepaid only,269.68277,0.0,269.68277
103,41,Female,34774,78060,850,5,1,4,0,True,True,12.0,422.0,24837.77,2515.0,11880.66,12957.11,0.0,0.47833038151170576,Mixed,259.602935,0.0,259.602935
1193,90,Female,51717,418,717,5,0,5,0,False,True,12.0,1244.0,41103.67,2449.0,0.0,41103.67,0.0,0.0,Debit/prepaid only,280.567335,0.0,280.567335
585,52,Male,41483,64715,584,1,0,1,0,False,True,12.0,1366.0,47072.68,2898.0,0.0,47072.68,0.0,0.0,Debit/prepaid only,308.94734,0.0,308.94734
1958,51,Male,37346,64030,680,5,2,2,1,True,True,12.0,871.0,32434.32,5945.0,15872.47,12217.35,4344.5,0.489372676843541,Mixed,342.730635,0.0,342.730635
744,58,Female,44699,21685,842,5,4,1,0,True,True,12.0,843.0,32398.5,1685.0,15439.47,16959.03,0.0,0.476548914301588,Mixed,394.16997499999997,285.0,679.169975
1836,35,Male,17316,26872,748,1,1,0,0,True,False,0.0,0.0,0.0,0.0,0.0,0.0,0.0,,Dormant,0.0,0.0,0.0
477,57,Male,49467,77465,697,5,2,1,2,True,True,12.0,979.0,59163.99,6778.0,46344.63,0.0,12819.36,0.7833249583065645,Credit-primary,750.8993399999999,0.0,750.8993399999999
357,59,Female,80156,61817,735,4,2,2,0,True,True,12.0,1018.0,55000.6,5849.0,33812.94,21187.66,0.0,0.6147740206470476,Credit-primary,696.1722500000001,0.0,696.1722500000001
535,51,Female,49737,136056,643,1,1,0,0,True,False,0.0,0.0,0.0,0.0,0.0,0.0,0.0,,Dormant,0.0,0.0,0.0
778,60,Male,31003,23000,699,2,1,1,0,True,False,0.0,0.0,0.0,0.0,0.0,0.0,0.0,,Dormant,0.0,0.0,0.0
1080,56,Female,29413,46043,703,2,1,1,0,True,True,12.0,1205.0,37324.8,2555.0,17623.84,19700.96,0.0,0.4721750685871056,Mixed,463.3696,0.0,463.3696
711,39,Male,40894,51844,657,1,0,1,0,False,True,11.0,1057.0,72392.64,5806.0,0.0,72392.64,0.0,0.0,Debit/prepaid only,255.26332,0.0,255.26332
1731,64,Female,47242,62224,704,6,2,3,1,True,True,12.0,375.0,24542.62,951.0,12947.26,10302.53,1292.83,0.5275418842813033,Credit-primary,268.59644499999996,95.0,363.59644499999996
451,65,Male,28951,56777,711,2,1,1,0,True,True,12.0,644.0,31269.83,476.0,15094.08,16175.75,0.0,0.482704255187828,Mixed,351.643315,0.0,351.643315
1290,53,Male,66428,197102,669,2,1,1,0,True,False,0.0,0.0,0.0,0.0,0.0,0.0,0.0,,Dormant,0.0,0.0,0.0
1817,52,Female,73920,166395,683,1,0,1,0,False,True,12.0,1700.0,109694.63,5988.0,0.0,109694.63,0.0,0.0,Debit/prepaid only,408.853315,0.0,408.853315
1383,68,Female,59938,36978,670,1,0,1,0,False,True,12.0,1210.0,67868.52,2407.0,0.0,67868.52,0.0,0.0,Debit/prepaid only,286.83076,0.0,286.83076
1915,54,Male,52062,97881,775,4,1,3,0,True,True,12.0,1334.0,88086.23,3649.0,52558.69,35527.54,0.0,0.5966731690072331,Credit-primary,1075.02819,0.0,1075.02819
1882,58,Male,59322,145137,694,3,1,2,0,True,True,12.0,554.0,45504.33,5863.0,12322.05,33182.28,0.0,0.27078851616977984,Mixed,277.75404,0.0,277.75404
1467,26,Female,53254,131334,736,1,0,1,0,False,True,12.0,1171.0,48986.57,4801.0,0.0,48986.57,0.0,0.0,Debit/prepaid only,268.002785,0.0,268.002785
1791,61,Male,32716,46919,593,3,0,3,0,False,True,12.0,634.0,30452.81,5936.0,0.0,30452.81,0.0,0.0,Debit/prepaid only,145.398405,0.0,145.398405
447,79,Male,30977,21507,796,5,1,4,0,True,True,12.0,685.0,28417.74,5219.0,15764.48,12653.26,0.0,0.5547408062710124,Credit-primary,328.32277,0.0,328.32277
1640,67,Female,34954,5942,729,3,2,1,0,True,True,12.0,401.0,29362.23,2952.0,16272.62,13089.61,0.0,0.5542024566935141,Credit-primary,322.825965,0.0,322.825965
636,47,Female,24372,63295,793,4,0,4,0,False,True,12.0,443.0,19051.03,3809.0,0.0,19051.03,0.0,0.0,Debit/prepaid only,100.651015,0.0,100.651015
782,51,Female,37169,93844,722,3,0,2,1,False,True,12.0,1772.0,95302.32,25936.0,0.0,71412.26,23890.06,0.0,Debit/prepaid only,284.96013,0.0,284.96013
316,36,Male,39871,73726,719,4,3,1,0,True,True,12.0,918.0,73572.0,6815.0,40858.84,32713.16,0.0,0.5553585603218615,Credit-primary,784.4232,95.0,879.4232
1192,44,Female,40026,70877,768,1,0,1,0,False,True,12.0,738.0,17697.74,1135.44,0.0,17697.74,0.0,0.0,Debit/prepaid only,163.26115,0.0,163.26115
490,86,Male,33426,1852,699,4,0,4,0,False,True,12.0,1995.0,152502.53,5361.0,0.0,152502.53,0.0,0.0,Debit/prepaid only,492.520765,0.0,492.520765
387,34,Male,45388,64749,723,1,0,0,1,False,False,0.0,0.0,0.0,0.0,0.0,0.0,0.0,,Dormant,0.0,0.0,0.0
869,73,Male,34220,0,745,5,0,3,2,False,True,12.0,700.0,31755.46,3563.0,0.0,23180.37,8575.09,0.0,Debit/prepaid only,98.733185,0.0,98.733185
1124,45,Male,23740,4313,841,3,1,1,1,True,False,0.0,0.0,0.0,0.0,0.0,0.0,0.0,,Dormant,0.0,0.0,0.0
721,39,Male,38386,74820,850,6,4,2,0,True,True,12.0,1027.0,28483.77,2884.0,14640.83,13842.94,0.0,0.5140060462501979,Credit-primary,375.41441,0.0,375.41441
813,46,Male,38872,86648,585,1,0,1,0,False,False,0.0,0.0,0.0,0.0,0.0,0.0,0.0,,Dormant,0.0,0.0,0.0
152,37,Female,49335,51520,773,2,1,0,1,True,True,12.0,883.0,91103.99,4862.0,84847.06,0.0,6256.93,0.9313210101994435,Credit-primary,1444.8250799999998,0.0,1444.8250799999998
1896,50,Female,40246,74352,641,5,2,3,0,True,True,12.0,1307.0,42882.5,5236.0,19377.75,23504.75,0.0,0.4518801375852621,Mixed,496.67387499999995,0.0,496.67387499999995
1028,50,Male,81122,112394,682,4,2,2,0,True,True,12.0,1311.0,95682.24,8334.0,52693.89,42988.35,0.0,0.550717562632313,Credit-primary,1067.457195,95.0,1162.457195
549,51,Male,62304,113416,719,4,3,1,0,True,True,12.0,562.0,46436.6,4645.0,46436.6,0.0,0.0,1.0,Credit-primary,752.2488,95.0,847.2488
565,54,Male,43598,15891,757,4,0,4,0,False,True,12.0,1437.0,71499.17,4674.0,0.0,71499.17,0.0,0.0,Debit/prepaid only,335.18258499999996,0.0,335.18258499999996
1980,54,Male,46603,57177,612,1,0,1,0,False,True,12.0,484.0,32015.6,5768.0,0.0,32015.6,0.0,0.0,Debit/prepaid only,114.7638,0.0,114.7638
1494,26,Male,28931,34511,711,2,1,1,0,True,True,12.0,677.0,20987.93,2096.0,11721.57,9266.36,0.0,0.5584909993505791,Credit-primary,284.29344,0.0,284.29344
1809,42,Female,73208,115827,664,6,2,3,1,True,True,12.0,1790.0,75376.52,6381.0,43847.23,29943.41,1585.88,0.5817093970376982,Credit-primary,944.005345,0.0,944.005345
637,42,Female,77288,46160,771,4,1,3,0,True,True,12.0,1596.0,86223.18,4623.0,0.0,86223.18,0.0,0.0,Debit/prepaid only,375.96009,0.0,375.96009
1770,30,Male,37544,15489,703,2,1,1,0,True,True,12.0,941.0,37073.59,3379.0,0.0,37073.59,0.0,0.0,Debit/prepaid only,214.457295,0.0,214.457295
527,58,Male,40628,66552,636,1,1,0,0,True,False,0.0,0.0,0.0,0.0,0.0,0.0,0.0,,Dormant,0.0,0.0,0.0
1459,53,Male,31369,0,707,3,2,1,0,True,True,12.0,1733.0,60108.31,26485.0,24049.56,36058.75,0.0,0.4001037460544141,Mixed,516.778955,0.0,516.778955
1544,36,Female,33339,83353,679,2,1,1,0,True,True,12.0,1257.0,73095.04,2943.0,39929.27,33165.77,0.0,0.5462651090963218,Credit-primary,861.3257449999999,95.0,956.3257449999999
112,54,Female,35114,24637,686,5,1,4,0,True,True,12.0,3026.0,107850.14,6196.0,49636.56,58213.58,0.0,0.4602363983950322,Mixed,1291.21937,95.0,1386.21937
369,39,Male,51499,7226,788,4,1,1,2,True,True,12.0,1211.0,91668.06,6394.0,70021.1,0.0,21646.96,0.7638549348595357,Credit-primary,1162.9998,0.0,1162.9998
994,85,Female,9795,396,771,7,1,6,0,True,True,12.0,736.0,20765.92,3873.0,0.0,20765.92,0.0,0.0,Debit/prepaid only,163.00646,0.0,163.00646
1029,66,Male,36589,86573,676,3,1,2,0,True,True,12.0,573.0,39936.99,5768.0,23441.43,16495.56,0.0,0.5869603593059968,Credit-primary,443.05952,0.0,443.05952
1680,59,Female,58959,109358,598,1,0,1,0,False,True,12.0,850.0,39663.66,5964.0,0.0,39663.66,0.0,0.0,Debit/prepaid only,195.34983,0.0,195.34983
1052,61,Male,28210,22961,655,2,0,2,0,False,True,12.0,977.0,83084.67,3477.0,0.0,83084.67,0.0,0.0,Debit/prepaid only,244.97383499999998,0.0,244.97383499999998
494,39,Male,56347,32530,779,2,2,0,0,True,True,12.0,913.0,38981.8,3988.0,38981.8,0.0,0.0,1.0,Credit-primary,629.8884,0.0,629.8884
94,59,Female,36760,95755,593,2,0,2,0,False,True,12.0,1304.0,53745.01,7246.0,0.0,53745.01,0.0,0.0,Debit/prepaid only,297.089505,0.0,297.089505
425,38,Male,59482,130605,688,4,0,4,0,False,True,12.0,1712.0,93870.44,27897.0,0.0,93870.44,0.0,0.0,Debit/prepaid only,392.50672,0.0,392.50672
1720,55,Female,24827,60261,590,1,0,1,0,False,True,12.0,773.0,62683.2,2393.0,0.0,62683.2,0.0,0.0,Debit/prepaid only,192.4751,0.0,192.4751
1699,67,Female,52929,37514,737,7,3,3,1,True,True,12.0,1713.0,90592.74,7895.0,0.0,84355.43,6237.31,0.0,Debit/prepaid only,341.93671499999994,190.0,531.9367149999999
1495,52,Male,63433,122550,770,6,3,2,1,True,True,12.0,1165.0,69096.43,7143.0,33873.17,33875.65,1347.61,0.49023039251087214,Mixed,698.0533849999999,95.0,793.0533849999999
439,33,Female,51938,97252,697,1,0,1,0,False,False,0.0,0.0,0.0,0.0,0.0,0.0,0.0,,Dormant,0.0,0.0,0.0
1285,68,Female,65298,18684,524,2,0,2,0,False,True,12.0,1043.0,82560.55,6532.0,0.0,82560.55,0.0,0.0,Debit/prepaid only,257.044275,0.0,257.044275
1973,58,Female,32520,29433,731,4,0,3,1,False,True,12.0,501.0,34691.17,3079.0,0.0,30445.52,4245.65,0.0,Debit/prepaid only,98.17626,0.0,98.17626
1907,37,Female,34457,48966,666,1,0,1,0,False,False,0.0,0.0,0.0,0.0,0.0,0.0,0.0,,Dormant,0.0,0.0,0.0
73,48,Male,53478,73030,674,3,2,1,0,True,True,12.0,671.0,58126.95,4487.0,39198.07,18928.88,0.0,0.674352774401547,Credit-primary,740.0686999999999,0.0,740.0686999999999
1097,39,Male,32343,59006,732,3,0,2,1,False,True,12.0,739.0,33316.49,5023.0,0.0,33316.49,0.0,0.0,Debit/prepaid only,169.336745,0.0,169.336745
1644,83,Male,31943,1248,686,6,3,3,0,True,True,12.0,1316.0,53183.08,1027.0,24525.28,28657.8,0.0,0.46114816968103384,Mixed,623.5329399999999,0.0,623.5329399999999
967,41,Female,32789,47679,699,2,1,1,0,True,False,0.0,0.0,0.0,0.0,0.0,0.0,0.0,,Dormant,0.0,0.0,0.0
1114,44,Male,37115,58438,685,3,1,1,1,True,True,12.0,808.0,34165.89,5563.0,0.0,30246.98,3918.91,0.0,Debit/prepaid only,127.08299,0.0,127.08299
1087,40,Female,30997,81716,722,2,1,1,0,True,True,12.0,673.0,25302.52,3934.0,11869.51,13433.01,0.0,0.4691038679151326,Mixed,289.800685,95.0,384.800685
1031,61,Male,53762,37361,689,8,4,4,0,True,True,12.0,761.0,45214.61,6103.0,31489.5,13725.11,0.0,0.6964452419251211,Credit-primary,583.5545549999999,0.0,583.5545549999999
728,30,Female,33076,50117,721,3,0,3,0,False,True,12.0,661.0,30286.4,6601.0,0.0,30286.4,0.0,0.0,Debit/prepaid only,150.6527,0.0,150.6527
1639,58,Male,49595,68057,676,1,0,1,0,False,True,12.0,1133.0,99795.85,8191.0,0.0,99795.85,0.0,0.0,Debit/prepaid only,283.732425,0.0,283.732425
1587,31,Male,82019,64583,695,2,1,1,0,True,True,12.0,1211.0,115738.52,1998.0,74381.22,41357.3,0.0,0.6426660717624522,Credit-primary,1466.1666099999998,95.0,1561.1666099999998
1883,76,Male,51942,22839,723,4,1,3,0,True,False,0.0,0.0,0.0,0.0,0.0,0.0,0.0,,Dormant,0.0,0.0,0.0
712,74,Female,29130,8746,720,5,1,4,0,True,True,12.0,809.0,33541.25,5856.0,14306.15,19235.1,0.0,0.4265240561994559,Mixed,336.03774999999996,0.0,336.03774999999996
1414,71,Female,13937,3854,783,4,2,1,1,True,False,0.0,0.0,0.0,0.0,0.0,0.0,0.0,,Dormant,0.0,0.0,0.0
146,47,Female,68710,201796,717,3,1,2,0,True,True,12.0,702.0,53136.71,7749.0,33317.56,19819.15,0.0,0.6270158615390377,Credit-primary,588.9686549999999,0.0,588.9686549999999
1489,58,Female,50980,87715,691,1,0,1,0,False,False,0.0,0.0,0.0,0.0,0.0,0.0,0.0,,Dormant,0.0,0.0,0.0
842,61,Male,103185,206422,564,1,0,1,0,False,False,0.0,0.0,0.0,0.0,0.0,0.0,0.0,,Dormant,0.0,0.0,0.0
763,35,Male,103126,130160,642,1,1,0,0,True,True,12.0,1309.0,101227.42,2963.0,101227.42,0.0,0.0,1.0,Credit-primary,1768.7595599999997,0.0,1768.7595599999997
154,48,Male,37468,73448,666,3,0,3,0,False,True,12.0,1477.0,86669.41,28632.0,0.0,86669.41,0.0,0.0,Debit/prepaid only,339.188705,0.0,339.188705
704,51,Female,112695,35135,840,6,1,5,0,True,True,12.0,2167.0,183294.32,5286.0,120812.23,62482.09,0.0,0.6591160598975462,Credit-primary,2404.818184999999,95.0,2499.818184999999
729,80,Female,24884,1828,850,6,2,4,0,True,True,12.0,891.0,46371.07,7844.0,26137.03,20234.04,0.0,0.5636494909433835,Credit-primary,524.8915599999999,0.0,524.8915599999999
1016,41,Female,553,740,719,3,1,2,0,True,True,12.0,222.0,6140.09,229.0,3430.85,2709.24,0.0,0.5587621679812511,Credit-primary,87.96791999999999,0.0,87.96791999999999
1214,40,Male,72470,133421,711,2,0,2,0,False,True,12.0,1145.0,64476.0,6404.0,0.0,64476.0,0.0,0.0,Debit/prepaid only,269.486,0.0,269.486
927,37,Male,59375,0,729,1,0,1,0,False,False,0.0,0.0,0.0,0.0,0.0,0.0,0.0,,Dormant,0.0,0.0,0.0
1796,60,Female,30867,12686,794,3,0,3,0,False,False,0.0,0.0,0.0,0.0,0.0,0.0,0.0,,Dormant,0.0,0.0,0.0
179,33,Female,39974,64403,652,1,0,1,0,False,False,0.0,0.0,0.0,0.0,0.0,0.0,0.0,,Dormant,0.0,0.0,0.0
395,39,Male,49611,110543,739,4,3,1,0,True,True,12.0,647.0,37848.14,3938.0,37848.14,0.0,0.0,1.0,Credit-primary,610.38252,0.0,610.38252
513,24,Male,35856,73257,712,1,0,1,0,False,False,0.0,0.0,0.0,0.0,0.0,0.0,0.0,,Dormant,0.0,0.0,0.0
187,35,Female,35760,62768,830,1,1,0,0,True,False,0.0,0.0,0.0,0.0,0.0,0.0,0.0,,Dormant,0.0,0.0,0.0
491,40,Male,27013,58806,651,3,1,2,0,True,True,12.0,318.0,17398.71,5029.0,8392.82,9005.89,0.0,0.4823817397956515,Mixed,148.66670499999998,0.0,148.66670499999998
1153,63,Male,58006,20196,774,1,0,0,1,False,True,12.0,455.0,8947.8,524.0,0.0,0.0,8947.8,0.0,Debit/prepaid only,0.0,0.0,0.0
377,80,Female,39110,363,750,5,1,4,0,True,True,12.0,1243.0,70695.41,5113.0,34492.24,36203.17,0.0,0.48789928511624725,Mixed,747.477905,0.0,747.477905
850,38,Female,40087,17392,712,2,0,2,0,False,True,12.0,1394.0,50897.58,4723.0,0.0,50897.58,0.0,0.0,Debit/prepaid only,315.82729,0.0,315.82729
1186,46,Male,35891,87749,577,3,0,2,1,False,False,0.0,0.0,0.0,0.0,0.0,0.0,0.0,,Dormant,0.0,0.0,0.0
1694,83,Female,74753,1585,726,5,3,1,1,True,True,12.0,1007.0,60799.52,6078.0,57700.66,0.0,3098.86,0.9490315055118858,Credit-primary,929.20788,0.0,929.20788
716,31,Male,26511,21869,769,3,2,0,1,True,True,12.0,1387.0,58117.56,3675.0,58117.56,0.0,0.0,1.0,Credit-primary,979.9660799999999,0.0,979.9660799999999
1131,76,Male,19682,0,683,4,2,2,0,True,True,12.0,942.0,93912.47,5214.0,57342.23,36570.24,0.0,0.6105922887556893,Credit-primary,1109.6832599999998,0.0,1109.6832599999998
1719,81,Female,23217,2559,616,3,0,3,0,False,True,12.0,995.0,35754.84,7023.0,0.0,35754.84,0.0,0.0,Debit/prepaid only,223.31591999999998,0.0,223.31591999999998
254,30,Male,67589,0,734,1,0,1,0,False,True,12.0,1900.0,121460.59,6499.0,0.0,121460.59,0.0,0.0,Debit/prepaid only,456.480795,0.0,456.480795
226,30,Male,92960,64167,724,1,0,1,0,False,False,0.0,0.0,0.0,0.0,0.0,0.0,0.0,,Dormant,0.0,0.0,0.0
1307,52,Female,87030,156474,646,5,4,1,0,True,True,12.0,886.0,76500.56,2703.0,45521.0,30979.56,0.0,0.5950413957754035,Credit-primary,897.51378,0.0,897.51378
1095,72,Male,22918,11371,750,5,0,5,0,False,True,12.0,533.0,32652.97,5138.0,0.0,32652.97,0.0,0.0,Debit/prepaid only,125.687485,0.0,125.687485
1729,29,Female,49842,79750,698,1,0,1,0,False,False,0.0,0.0,0.0,0.0,0.0,0.0,0.0,,Dormant,0.0,0.0,0.0
1466,36,Female,35933,23451,812,2,1,1,0,True,True,12.0,1492.0,47499.94,3461.0,22611.21,24888.73,0.0,0.4760260749803052,Mixed,579.3106449999999,0.0,579.3106449999999
1226,42,Male,36860,65049,714,3,1,1,1,True,True,12.0,915.0,60463.35,3992.0,34500.21,22668.31,3294.83,0.5705970641719322,Credit-primary,657.8094349999999,0.0,657.8094349999999
1755,53,Male,28269,66681,734,6,2,3,1,True,True,12.0,1413.0,43785.44,4822.0,21935.03,14501.92,7348.49,0.5009663029536758,Credit-primary,460.3445,0.0,460.3445
1956,43,Female,37371,3378,739,4,2,2,0,True,True,12.0,790.0,27789.91,4638.0,12357.65,15432.26,0.0,0.44468118104736576,Mixed,299.72483,0.0,299.72483
706,33,Female,67589,106072,602,2,2,0,0,True,True,12.0,698.0,52492.82,5877.0,52492.82,0.0,0.0,1.0,Credit-primary,839.08476,95.0,934.08476
474,55,Male,80957,161166,683,6,3,3,0,True,True,12.0,1713.0,96693.52,7373.0,58410.32,38283.2,0.0,0.6040768812636048,Credit-primary,1200.59336,0.0,1200.59336
1259,64,Female,192269,100192,700,6,0,4,2,False,True,12.0,1094.0,92923.4,7207.0,0.0,86786.38,6137.0199999999995,0.0,Debit/prepaid only,210.12919,0.0,210.12919
320,34,Male,35641,64419,625,2,0,2,0,False,True,12.0,421.0,35175.28,5402.0,0.0,35175.28,0.0,0.0,Debit/prepaid only,103.29664,0.0,103.29664
93,33,Female,28696,52910,686,2,1,1,0,True,False,0.0,0.0,0.0,0.0,0.0,0.0,0.0,,Dormant,0.0,0.0,0.0
1182,30,Male,38153,92466,658,1,0,1,0,False,False,0.0,0.0,0.0,0.0,0.0,0.0,0.0,,Dormant,0.0,0.0,0.0
150,51,Female,71490,0,782,3,1,2,0,True,True,12.0,1076.0,71630.52,5198.0,42169.31,29461.21,0.0,0.5887059035729462,Credit-primary,854.1116849999999,0.0,854.1116849999999
784,44,Male,49523,89129,688,4,2,0,2,True,False,0.0,0.0,0.0,0.0,0.0,0.0,0.0,,Dormant,0.0,95.0,95.0
1471,31,Male,21876,20169,786,1,1,0,0,True,True,12.0,828.0,37801.18,2076.0,37801.18,0.0,0.0,1.0,Credit-primary,643.05324,0.0,643.05324
1050,43,Female,35938,47204,670,3,0,2,1,False,True,12.0,1926.0,81881.93,6260.0,0.0,67693.65,14188.28,0.0,Debit/prepaid only,342.265325,0.0,342.265325
207,73,Female,28553,19507,745,4,1,2,1,True,True,12.0,475.0,28066.95,4184.0,14787.21,13279.74,0.0,0.5268548951702982,Credit-primary,295.00764999999996,0.0,295.00764999999996
798,50,Female,49076,56547,715,4,2,2,0,True,True,12.0,577.0,53416.27,4888.0,35979.61,17436.66,0.0,0.6735702436729484,Credit-primary,669.3423099999999,95.0,764.3423099999999
1207,41,Male,56368,71544,664,3,2,1,0,True,True,12.0,1642.0,88136.31,5045.0,51285.38,36850.93,0.0,0.5818870792298884,Credit-primary,1072.0573049999998,0.0,1072.0573049999998
1012,35,Female,32855,94228,693,2,0,2,0,False,True,12.0,438.0,23825.85,1588.0,0.0,23825.85,0.0,0.0,Debit/prepaid only,103.098925,0.0,103.098925
844,65,Male,18149,26672,738,2,2,0,0,True,True,12.0,403.0,25511.47,1445.0,25511.47,0.0,0.0,1.0,Credit-primary,433.19646,0.0,433.19646
334,44,Male,40407,25986,697,3,2,1,0,True,True,12.0,415.0,28001.579999999998,2904.0,14664.48,13337.1,0.0,0.523701876822665,Credit-primary,287.18469,95.0,382.18469
1100,61,Male,59815,73325,573,2,0,2,0,False,True,12.0,928.0,91065.7,4357.0,0.0,91065.7,0.0,0.0,Debit/prepaid only,238.23435,0.0,238.23435
1244,43,Female,32775,72785,637,1,0,1,0,False,False,0.0,0.0,0.0,0.0,0.0,0.0,0.0,,Dormant,0.0,0.0,0.0
1740,36,Male,57532,61268,735,1,0,1,0,False,True,8.0,702.0,35639.49,4706.0,0.0,35639.49,0.0,0.0,Debit/prepaid only,162.886745,0.0,162.886745
1754,34,Female,26325,32456,562,1,0,1,0,False,False,0.0,0.0,0.0,0.0,0.0,0.0,0.0,,Dormant,0.0,0.0,0.0
1184,70,Male,68765,75608,798,5,0,5,0,False,True,12.0,1034.0,54072.58,4989.0,0.0,54072.58,0.0,0.0,Debit/prepaid only,241.68178999999998,0.0,241.68178999999998
200,57,Female,36528,109785,701,3,2,1,0,True,True,12.0,955.0,40803.38,5070.0,40803.38,0.0,0.0,1.0,Credit-primary,643.2008399999999,95.0,738.2008399999999
1446,28,Male,28163,50872,689,3,1,2,0,True,True,12.0,712.0,30757.6,4778.0,14906.25,15851.35,0.0,0.4846363175280256,Mixed,347.38417499999997,95.0,442.38417499999997
1263,56,Female,36652,60949,600,2,0,2,0,False,True,12.0,746.0,36610.79,3174.0,0.0,36610.79,0.0,0.0,Debit/prepaid only,173.378395,0.0,173.378395
1085,27,Female,74198,16084,838,1,0,0,1,False,False,0.0,0.0,0.0,0.0,0.0,0.0,0.0,,Dormant,0.0,0.0,0.0
776,55,Male,97455,219213,616,2,0,2,0,False,True,12.0,889.0,97877.25,9675.0,0.0,97877.25,0.0,0.0,Debit/prepaid only,230.791125,0.0,230.791125
890,37,Female,52181,26792,727,2,1,1,0,True,True,12.0,884.0,39491.63,3460.0,22672.23,16819.4,0.0,0.5741021578496507,Credit-primary,496.53983999999997,0.0,496.53983999999997
1445,68,Male,27939,11243,841,5,3,2,0,True,True,12.0,1380.0,31654.39,5868.0,15250.68,16403.71,0.0,0.48178720234381395,Mixed,416.66509499999995,95.0,511.66509499999995
74,54,Female,41957,151027,783,2,0,2,0,False,True,12.0,631.0,31472.4,3972.0,0.0,31472.4,0.0,0.0,Debit/prepaid only,146.2602,0.0,146.2602
797,61,Female,62005,149968,651,7,1,6,0,True,True,12.0,653.0,32147.38,3041.0,20378.61,11768.77,0.0,0.6339120015379169,Credit-primary,422.086365,0.0,422.086365
1917,49,Male,58503,37838,680,4,2,1,1,True,True,12.0,1209.0,84612.55,4819.0,48122.89,33478.15,3011.51,0.5687441165642685,Credit-primary,949.885595,190.0,1139.885595
109,29,Female,40005,37694,737,1,0,1,0,False,False,0.0,0.0,0.0,0.0,0.0,0.0,0.0,,Dormant,0.0,0.0,0.0
547,70,Male,31901,16285,778,3,0,3,0,False,True,12.0,939.0,33537.23,2922.0,0.0,29666.89,3870.34,0.0,Debit/prepaid only,176.075945,0.0,176.075945
347,28,Female,44046,57982,557,1,1,0,0,True,False,0.0,0.0,0.0,0.0,0.0,0.0,0.0,,Dormant,0.0,0.0,0.0
201,61,Male,35823,96691,732,3,2,1,0,True,True,12.0,343.0,17898.74,2232.0,17898.74,0.0,0.0,1.0,Credit-primary,282.00132,0.0,282.00132
1368,29,Female,44976,80109,717,1,0,1,0,False,False,0.0,0.0,0.0,0.0,0.0,0.0,0.0,,Dormant,0.0,0.0,0.0
1547,28,Male,40035,69241,684,1,0,0,1,False,False,0.0,0.0,0.0,0.0,0.0,0.0,0.0,,Dormant,0.0,0.0,0.0
1812,31,Female,50978,76898,574,1,0,1,0,False,True,12.0,1139.0,103767.62,8585.0,0.0,103767.62,0.0,0.0,Debit/prepaid only,286.78131,0.0,286.78131
1379,76,Male,34408,9107,701,4,1,3,0,True,True,12.0,1855.0,74034.85,4405.0,37765.0,36269.85,0.0,0.5100976094366368,Credit-primary,902.517425,0.0,902.517425
82,22,Female,2026,1417,779,1,0,0,1,False,False,0.0,0.0,0.0,0.0,0.0,0.0,0.0,,Dormant,0.0,0.0,0.0
1053,59,Male,55571,93460,636,3,1,1,1,True,True,12.0,1246.0,88731.56,5236.0,77175.91,0.0,11555.65,0.8697684341400062,Credit-primary,1304.04438,0.0,1304.04438
955,33,Male,33944,53353,798,2,0,2,0,False,True,12.0,511.0,17868.28,2583.0,0.0,17868.28,0.0,0.0,Debit/prepaid only,114.95264,0.0,114.95264
856,54,Male,114318,328089,748,3,1,2,0,True,True,12.0,1346.0,131694.43,7699.0,0.0,131694.43,0.0,0.0,Debit/prepaid only,344.65771499999994,0.0,344.65771499999994
1361,67,Male,28714,12978,638,2,0,2,0,False,True,12.0,779.0,35651.36,4073.0,0.0,35651.36,0.0,0.0,Debit/prepaid only,179.37918,0.0,179.37918
261,41,Male,59093,117325,737,5,1,4,0,True,True,12.0,1134.0,72792.53,6943.0,42087.82,30704.71,0.0,0.5781887234857752,Credit-primary,838.1316149999999,0.0,838.1316149999999
64,39,Female,51465,0,702,2,1,1,0,True,True,12.0,964.0,61079.39,4150.0,37079.91,23999.48,0.0,0.6070772808962238,Credit-primary,761.52062,0.0,761.52062
1151,53,Male,920,1914,788,3,1,2,0,True,True,12.0,590.0,7480.14,1168.0,2577.34,4902.8,0.0,0.3445577221816704,Mixed,132.03202,0.0,132.03202
356,50,Female,41420,0,691,5,0,5,0,False,True,12.0,1761.0,74604.23,3329.0,0.0,74604.23,0.0,0.0,Debit/prepaid only,405.447615,0.0,405.447615
1393,52,Female,34460,43936,692,1,0,1,0,False,True,12.0,1130.0,49631.82,6921.0,0.0,49631.82,0.0,0.0,Debit/prepaid only,258.65540999999996,0.0,258.65540999999996
865,41,Male,37786,107692,693,4,2,2,0,True,True,12.0,1186.0,76512.04,2083.0,41543.88,34968.16,0.0,0.542971798948244,Credit-primary,891.5974199999999,190.0,1081.59742
1641,30,Male,51998,73575,640,1,1,0,0,True,False,0.0,0.0,0.0,0.0,0.0,0.0,0.0,,Dormant,0.0,0.0,0.0
3,49,Male,27943,18693,681,4,0,1,3,False,True,12.0,593.0,31014.89,1948.0,0.0,13685.0,17329.89,0.0,Debit/prepaid only,46.319,0.0,46.319
754,76,Female,32817,27209,705,6,1,5,0,True,True,12.0,1397.0,72566.97,4813.0,34097.18,38469.79,0.0,0.46987189901962284,Mixed,778.452635,95.0,873.452635
148,62,Male,38681,113190,663,5,2,3,0,True,True,12.0,1080.0,40129.27,2568.0,16736.63,23392.64,0.0,0.4170678908437657,Mixed,445.54666,0.0,445.54666
127,48,Male,31553,63938,729,3,1,2,0,True,True,12.0,1012.0,80219.82,4572.0,45884.61,34335.21,0.0,0.5719859506042272,Credit-primary,926.082085,0.0,926.082085
1675,36,Male,49993,52978,767,3,0,3,0,False,True,12.0,839.0,65203.74,8079.0,0.0,65203.74,0.0,0.0,Debit/prepaid only,204.75236999999998,0.0,204.75236999999998
747,63,Male,28828,49793,687,4,1,3,0,True,True,12.0,926.0,26040.22,1870.0,11687.92,14352.3,0.0,0.44884106201867724,Mixed,334.88870999999995,0.0,334.88870999999995
1942,77,Female,1,0,673,3,0,1,2,False,True,12.0,573.0,6354.69,0.0,0.0,0.0,6354.69,0.0,Debit/prepaid only,0.0,0.0,0.0
452,31,Male,63356,140107,704,4,0,3,1,False,True,12.0,1603.0,81718.95,1374.0,0.0,81718.95,0.0,0.0,Debit/prepaid only,376.802475,0.0,376.802475
1534,36,Male,80794,3867,803,2,0,2,0,False,True,12.0,2067.0,123056.78,5803.0,0.0,123056.78,0.0,0.0,Debit/prepaid only,492.69689,0.0,492.69689
1086,57,Female,76274,102611,698,2,1,1,0,True,True,12.0,498.0,49518.46,6514.0,33176.6,16341.86,0.0,0.6699844865934845,Credit-primary,583.71773,95.0,678.71773
835,32,Male,45312,11788,681,4,1,2,1,True,False,0.0,0.0,0.0,0.0,0.0,0.0,0.0,,Dormant,0.0,0.0,0.0
758,63,Male,43180,36832,764,5,2,2,1,True,True,12.0,1401.0,25105.98,4032.0,12335.0,9435.6,3335.38,0.4913172080914587,Mixed,321.7118,0.0,321.7118
1221,64,Female,30747,51667,850,4,3,1,0,True,True,12.0,1030.0,43857.63,7608.0,23430.49,20427.14,0.0,0.5342397662618797,Credit-primary,488.90089,0.0,488.90089
1248,51,Female,43386,2192,698,3,2,1,0,True,True,12.0,884.0,38586.5,2236.0,38586.5,0.0,0.0,1.0,Credit-primary,654.309,190.0,844.309
1900,62,Female,36465,12789,688,1,0,1,0,False,False,0.0,0.0,0.0,0.0,0.0,0.0,0.0,,Dormant,0.0,0.0,0.0
597,72,Male,65055,1676,736,6,3,3,0,True,True,12.0,1264.0,98349.63,31336.0,53838.88,44510.75,0.0,0.5474233100826104,Credit-primary,866.7497149999999,95.0,961.7497149999999
1213,34,Male,43579,96994,795,3,1,1,1,True,True,12.0,717.0,31541.74,6406.0,17942.73,7486.33,6112.68,0.568856695921024,Credit-primary,308.1033049999999,0.0,308.1033049999999
619,54,Male,53986,58381,748,4,0,4,0,False,True,12.0,729.0,40087.15,5938.0,0.0,40087.15,0.0,0.0,Debit/prepaid only,170.164575,0.0,170.164575
394,52,Male,69604,47193,684,4,0,4,0,False,True,12.0,2004.0,75536.32,7277.0,0.0,75536.32,0.0,0.0,Debit/prepaid only,454.96966,0.0,454.96966
1376,49,Female,62019,85666,543,3,1,2,0,True,True,12.0,1274.0,64255.73,8263.0,37317.52,26938.21,0.0,0.5807656375548141,Credit-primary,778.4754649999998,0.0,778.4754649999998
837,30,Male,36092,63276,679,1,1,0,0,True,True,12.0,675.0,35170.55,7882.0,35170.55,0.0,0.0,1.0,Credit-primary,491.19390000000004,0.0,491.19390000000004
1257,55,Male,48259,146774,721,3,1,1,1,True,True,12.0,521.0,23724.77,3734.0,10331.12,8430.18,4963.47,0.4354571192892492,Mixed,188.46274999999997,95.0,283.46274999999997
1966,42,Male,31499,45661,782,4,1,3,0,True,True,12.0,2081.0,71370.6,25570.0,0.0,71370.6,0.0,0.0,Debit/prepaid only,459.9103,0.0,459.9103
358,36,Female,31079,91845,605,2,0,2,0,False,False,0.0,0.0,0.0,0.0,0.0,0.0,0.0,,Dormant,0.0,0.0,0.0
912,46,Male,47395,41381,755,2,1,1,0,True,True,12.0,1099.0,36766.56,2688.0,19843.95,16922.61,0.0,0.5397282204263875,Credit-primary,492.14590499999997,0.0,492.14590499999997
605,42,Male,47542,2667,725,3,1,2,0,True,True,12.0,1736.0,39880.2,2620.0,17242.11,22638.09,0.0,0.4323476311553102,Mixed,568.517025,0.0,568.517025
1362,58,Male,72510,44317,727,4,1,2,1,True,True,12.0,710.0,46543.97,7023.0,29926.66,14111.77,2505.54,0.6429760933586026,Credit-primary,512.071765,95.0,607.071765
1513,48,Male,65736,206000,733,3,2,1,0,True,True,12.0,1324.0,71061.14,6115.0,37864.75,33196.39,0.0,0.5328474887962675,Credit-primary,801.1386949999999,0.0,801.1386949999999
1521,71,Female,19581,21424,706,3,1,2,0,True,True,12.0,533.0,25771.81,5122.0,11771.98,13999.83,0.0,0.456777385833591,Mixed,252.82205499999998,0.0,252.82205499999998
564,57,Male,42411,111077,765,2,1,1,0,True,True,12.0,1165.0,52179.37,1379.0,52179.37,0.0,0.0,1.0,Credit-primary,914.40666,0.0,914.40666
1309,87,Female,55902,3385,531,1,0,1,0,False,False,0.0,0.0,0.0,0.0,0.0,0.0,0.0,,Dormant,0.0,0.0,0.0
1583,38,Male,52844,0,826,2,0,0,2,False,True,12.0,842.0,20303.39,3406.0,0.0,0.0,20303.39,0.0,Debit/prepaid only,0.0,0.0,0.0
1885,46,Male,37056,75730,753,4,1,2,1,True,True,12.0,1716.0,94507.81,5698.0,86456.27,8051.54,0.0,0.9148055594558799,Credit-primary,1496.85713,0.0,1496.85713
1566,44,Male,40220,106171,718,3,0,3,0,False,False,0.0,0.0,0.0,0.0,0.0,0.0,0.0,,Dormant,0.0,0.0,0.0
401,81,Male,28644,879,806,4,2,2,0,True,True,12.0,1361.0,41587.98,3253.0,20806.15,20781.83,0.0,0.500292392176778,Credit-primary,567.4626149999999,95.0,662.4626149999999
15,52,Female,29673,12950,788,3,2,1,0,True,False,0.0,0.0,0.0,0.0,0.0,0.0,0.0,,Dormant,0.0,0.0,0.0
1666,61,Male,46954,69753,578,3,1,2,0,True,True,12.0,1325.0,33247.39,1188.0,0.0,33247.39,0.0,0.0,Debit/prepaid only,294.279695,0.0,294.279695
509,33,Male,44534,107410,702,2,0,2,0,False,True,12.0,1065.0,33312.18,2774.0,0.0,33312.18,0.0,0.0,Debit/prepaid only,238.91909,0.0,238.91909
954,51,Male,37963,102716,772,4,0,4,0,False,True,12.0,1704.0,71849.0,3354.0,0.0,71849.0,0.0,0.0,Debit/prepaid only,392.0875,0.0,392.0875
832,40,Female,50329,76759,625,3,1,2,0,True,True,12.0,514.0,43434.78,1426.0,26958.11,16476.67,0.0,0.6206572244638974,Credit-primary,533.178815,0.0,533.178815
1046,44,Male,36715,74022,547,4,3,1,0,True,True,12.0,1405.0,75215.34,28153.0,35448.08,39767.26,0.0,0.47128790483430644,Mixed,619.89757,190.0,809.89757
630,60,Male,39521,61861,491,3,0,3,0,False,True,12.0,1945.0,153592.29,4368.0,0.0,153592.29,0.0,0.0,Debit/prepaid only,483.062145,0.0,483.062145
1561,78,Female,51014,23366,759,4,1,3,0,True,True,12.0,850.0,67704.64,11727.0,44181.81,23522.83,0.0,0.6525669437131635,Credit-primary,775.4629949999999,0.0,775.4629949999999
1548,41,Male,73067,6332,721,3,0,2,1,False,False,0.0,0.0,0.0,0.0,0.0,0.0,0.0,,Dormant,0.0,0.0,0.0
221,63,Female,44183,89852,850,4,0,4,0,False,False,0.0,0.0,0.0,0.0,0.0,0.0,0.0,,Dormant,0.0,0.0,0.0
1328,28,Female,84987,162718,600,1,1,0,0,True,False,0.0,0.0,0.0,0.0,0.0,0.0,0.0,,Dormant,0.0,0.0,0.0
1901,63,Female,33728,107287,730,3,0,1,2,False,True,12.0,1167.0,61964.35,25059.0,0.0,39744.18,22220.17,0.0,Debit/prepaid only,149.70509,0.0,149.70509
665,81,Female,11613,427,790,8,1,7,0,True,True,12.0,1175.0,49976.3,3699.0,22179.42,27796.88,0.0,0.44379876061253026,Mixed,548.2159999999999,0.0,548.2159999999999
442,47,Male,48600,23992,791,5,0,5,0,False,True,12.0,1385.0,79512.18,7691.0,0.0,79512.18,0.0,0.0,Debit/prepaid only,326.76059,0.0,326.76059
1626,58,Male,60292,114223,531,1,1,0,0,True,True,12.0,1268.0,76175.01,2120.0,76175.01,0.0,0.0,1.0,Credit-primary,1332.9901799999998,95.0,1427.9901799999998
1539,42,Female,58034,129546,676,1,1,0,0,True,False,0.0,0.0,0.0,0.0,0.0,0.0,0.0,,Dormant,0.0,0.0,0.0
601,68,Male,43004,15304,761,6,4,1,1,True,True,12.0,826.0,29557.96,5364.0,15380.68,9264.37,4912.91,0.5203566145972185,Credit-primary,289.335925,0.0,289.335925
541,51,Female,29144,35268,645,1,1,0,0,True,False,0.0,0.0,0.0,0.0,0.0,0.0,0.0,,Dormant,0.0,0.0,0.0
210,46,Male,25850,56285,630,1,1,0,0,True,False,0.0,0.0,0.0,0.0,0.0,0.0,0.0,,Dormant,0.0,0.0,0.0
206,28,Female,37583,51633,782,1,1,0,0,True,True,12.0,482.0,31982.99,4350.0,31982.99,0.0,0.0,1.0,Credit-primary,497.39382,0.0,497.39382
115,61,Male,101018,78115,748,4,1,2,1,True,True,12.0,922.0,77002.21,4423.0,50334.84,24382.65,2284.72,0.6536804593011031,Credit-primary,946.4044449999998,0.0,946.4044449999998
1779,30,Male,32125,58712,733,2,0,2,0,False,True,12.0,1093.0,38037.21,2221.0,0.0,38037.21,0.0,0.0,Debit/prepaid only,247.438105,0.0,247.438105
248,80,Female,13596,352,684,4,0,4,0,False,True,12.0,541.0,24032.87,2015.0,0.0,24032.87,0.0,0.0,Debit/prepaid only,124.618935,0.0,124.618935
1003,51,Male,80526,117380,632,1,1,0,0,True,True,12.0,1590.0,147019.77,5954.0,147019.77,0.0,0.0,1.0,Credit-primary,2539.1838599999996,0.0,2539.1838599999996
118,56,Female,31533,42315,753,3,1,2,0,True,True,12.0,567.0,32883.59,2611.0,18375.66,14507.93,0.0,0.5588094243967888,Credit-primary,379.357845,0.0,379.357845
755,74,Female,23137,4871,642,5,1,4,0,True,True,12.0,527.0,22576.09,3589.0,10608.24,11967.85,0.0,0.4698882756048545,Mixed,234.827745,0.0,234.827745
1432,42,Male,69747,80763,741,4,2,2,0,True,True,12.0,1461.0,61721.64,3865.0,28848.11,32873.53,0.0,0.4673905294804221,Mixed,697.7452450000001,0.0,697.7452450000001
456,54,Male,34947,49024,751,3,1,2,0,True,True,12.0,1354.0,54764.22,5398.0,21387.8,33376.42,0.0,0.3905433145948212,Mixed,542.71461,0.0,542.71461
623,63,Male,77961,39811,616,3,0,3,0,False,True,12.0,556.0,45834.97,7397.0,0.0,45834.97,0.0,0.0,Debit/prepaid only,135.978985,0.0,135.978985
47,47,Male,25434,45540,712,4,1,2,1,True,True,12.0,1104.0,38079.01,4964.0,14849.1,12789.9,10440.01,0.38995499095170805,Mixed,328.28875,0.0,328.28875
760,56,Female,37558,72514,778,3,1,1,1,True,True,12.0,1337.0,55920.68,4804.0,27537.33,22207.44,6175.91,0.49243553547632113,Mixed,568.5331600000001,95.0,663.5331600000001
956,30,Female,47110,57159,804,1,0,1,0,False,False,0.0,0.0,0.0,0.0,0.0,0.0,0.0,,Dormant,0.0,0.0,0.0
194,52,Male,30681,81680,746,4,1,3,0,True,True,12.0,1073.0,61521.66,27051.0,27973.5,33548.16,0.0,0.45469351769766936,Mixed,455.09408,0.0,455.09408
1246,49,Female,31008,60527,713,3,1,2,0,True,True,12.0,781.0,36159.14,4867.0,18149.46,18009.68,0.0,0.5019328446417697,Credit-primary,394.12662,0.0,394.12662
641,62,Male,37556,0,735,6,1,5,0,True,True,12.0,1951.0,71163.25,4311.0,0.0,71163.25,0.0,0.0,Debit/prepaid only,443.136125,0.0,443.136125
1060,76,Male,21547,16040,785,5,3,1,1,True,True,12.0,631.0,35005.25,5465.0,17487.86,12434.81,5082.58,0.49957820612622394,Mixed,319.89638499999995,0.0,319.89638499999995
245,39,Female,58774,94053,528,1,1,0,0,True,False,0.0,0.0,0.0,0.0,0.0,0.0,0.0,,Dormant,0.0,95.0,95.0
774,46,Male,33395,57774,588,2,0,2,0,False,True,12.0,725.0,33315.27,4932.0,0.0,33315.27,0.0,0.0,Debit/prepaid only,166.441635,0.0,166.441635
1822,87,Female,22894,1501,767,4,1,2,1,True,False,0.0,0.0,0.0,0.0,0.0,0.0,0.0,,Dormant,0.0,95.0,95.0
1209,45,Female,63815,4832,699,6,2,3,1,True,True,12.0,1763.0,109600.83,5102.0,64998.75,41345.82,3256.2599999999998,0.5930497971593828,Credit-primary,1294.64241,95.0,1389.64241
997,57,Female,54963,105623,675,4,3,0,1,True,True,12.0,3152.0,96727.67,3016.0,57651.77,0.0,39075.9,0.5960214900245193,Credit-primary,987.3138599999999,95.0,1082.3138599999997
1180,28,Male,35940,54354,595,1,1,0,0,True,True,12.0,1254.0,69039.11,4413.0,69039.11,0.0,0.0,1.0,Credit-primary,1163.26998,0.0,1163.26998
318,62,Male,36911,93367,724,4,2,2,0,True,False,0.0,0.0,0.0,0.0,0.0,0.0,0.0,,Dormant,0.0,0.0,0.0
691,34,Female,44838,109951,561,1,0,1,0,False,False,0.0,0.0,0.0,0.0,0.0,0.0,0.0,,Dormant,0.0,0.0,0.0
1993,59,Female,92785,122254,786,6,1,5,0,True,True,12.0,828.0,63583.91,8076.0,0.0,63583.91,0.0,0.0,Debit/prepaid only,201.633955,0.0,201.633955
252,67,Male,34985,29409,723,6,1,4,1,True,True,12.0,1509.0,59512.45,3964.0,26167.75,31828.36,1516.34,0.43970211275119747,Mixed,642.4741799999999,0.0,642.4741799999999
1757,39,Male,42086,79530,784,4,2,2,0,True,True,12.0,784.0,29894.28,5697.0,14705.57,15188.71,0.0,0.4919191898918455,Mixed,324.676115,0.0,324.676115
1324,45,Female,38872,94970,663,4,2,2,0,True,True,12.0,882.0,64895.68,7104.0,35714.53,29181.15,0.0,0.5503375571378557,Credit-primary,697.3526149999999,0.0,697.3526149999999
1557,50,Female,48295,109558,707,3,2,1,0,True,True,12.0,476.0,23862.42,3218.0,13317.21,10545.21,0.0,0.558082960571476,Credit-primary,265.983385,95.0,360.983385
1555,28,Female,39708,113715,717,2,1,0,1,True,True,12.0,469.0,37138.95,3734.0,33008.03,0.0,4130.92,0.8887712226651535,Credit-primary,534.4565399999999,0.0,534.4565399999999
941,56,Female,45416,82611,713,1,0,1,0,False,False,0.0,0.0,0.0,0.0,0.0,0.0,0.0,,Dormant,0.0,0.0,0.0
156,36,Female,28007,0,691,3,2,0,1,True,True,12.0,1307.0,32830.79,4574.0,32830.79,0.0,0.0,1.0,Credit-primary,508.62221999999997,95.0,603.62222
24,48,Female,38554,47186,708,1,0,1,0,False,True,12.0,855.0,34140.36,1000.0,0.0,34140.36,0.0,0.0,Debit/prepaid only,196.12017999999998,0.0,196.12017999999998
302,27,Female,37384,120327,706,1,0,1,0,False,False,0.0,0.0,0.0,0.0,0.0,0.0,0.0,,Dormant,0.0,0.0,0.0
949,29,Female,63684,96864,709,2,1,1,0,True,True,12.0,981.0,65332.22,3746.0,36106.14,29226.08,0.0,0.5526544176824237,Credit-primary,766.77556,0.0,766.77556
1281,92,Female,26546,2480,689,6,3,2,1,True,True,12.0,441.0,16685.49,3980.0,8423.3,7500.2,761.99,0.5048278474291135,Credit-primary,158.4665,0.0,158.4665
1428,35,Female,28472,42750,508,1,0,0,1,False,True,12.0,1578.0,13442.38,2066.0,0.0,0.0,13442.38,0.0,Debit/prepaid only,0.0,0.0,0.0
433,49,Male,31957,12347,771,6,2,2,2,True,True,12.0,1161.0,45540.26,2145.0,23129.67,14973.33,7437.26,0.5078949922552044,Credit-primary,482.2392249999999,95.0,577.2392249999999
584,61,Male,29195,64881,743,3,2,1,0,True,True,12.0,974.0,24236.37,3076.0,10119.83,14116.539999999999,0.0,0.4175472647100205,Mixed,315.68971,95.0,410.68971
1832,36,Male,36372,79220,684,2,1,1,0,True,False,0.0,0.0,0.0,0.0,0.0,0.0,0.0,,Dormant,0.0,0.0,0.0
222,48,Female,93417,115916,714,3,0,3,0,False,True,12.0,455.0,67989.73,4151.0,0.0,67989.73,0.0,0.0,Debit/prepaid only,127.469365,0.0,127.469365
648,40,Female,29854,66044,674,3,3,0,0,True,True,12.0,804.0,16761.64,2362.0,16761.64,0.0,0.0,1.0,Credit-primary,259.19352,0.0,259.19352
1889,66,Male,47972,0,748,5,1,3,1,True,False,0.0,0.0,0.0,0.0,0.0,0.0,0.0,,Dormant,0.0,0.0,0.0
1229,50,Male,49350,20942,713,5,2,2,1,True,True,12.0,784.0,54001.09,5364.0,34795.19,17179.25,2026.65,0.6443423642004265,Credit-primary,635.279545,0.0,635.279545
505,39,Female,30383,58466,609,2,0,2,0,False,False,0.0,0.0,0.0,0.0,0.0,0.0,0.0,,Dormant,0.0,0.0,0.0
1083,44,Female,38568,66300,756,4,1,3,0,True,True,12.0,2165.0,99780.48,4551.0,50324.53,49455.95,0.0,0.5043524545081363,Credit-primary,1177.8265149999997,0.0,1177.8265149999997
1656,35,Female,41141,81016,706,1,0,1,0,False,True,12.0,649.0,18674.48,2049.0,0.0,18674.48,0.0,0.0,Debit/prepaid only,144.60273999999998,0.0,144.60273999999998
1373,35,Female,34181,50668,764,1,1,0,0,True,False,0.0,0.0,0.0,0.0,0.0,0.0,0.0,,Dormant,0.0,31.666666666666668,31.666666666666668
667,83,Male,41763,2279,714,5,0,5,0,False,True,12.0,1426.0,69489.02,3369.0,0.0,69489.02,0.0,0.0,Debit/prepaid only,332.52000999999996,0.0,332.52000999999996
480,50,Male,86113,177353,713,6,4,1,1,True,True,12.0,1044.0,70912.26,9369.0,42154.4,24234.49,4523.37,0.5944585604802329,Credit-primary,779.896445,0.0,779.896445
569,52,Male,45625,81136,662,1,1,0,0,True,True,12.0,590.0,32692.49,5631.0,32692.49,0.0,0.0,1.0,Credit-primary,487.10681999999997,0.0,487.10681999999997
1600,62,Female,101193,124771,747,3,0,3,0,False,True,12.0,1047.0,63299.89,5749.0,0.0,63299.89,0.0,0.0,Debit/prepaid only,248.645445,0.0,248.645445
1063,64,Male,37898,36994,716,4,2,2,0,True,True,12.0,1596.0,68795.66,3894.94,30610.83,38184.83,0.0,0.444952922902404,Mixed,759.379885,95.0,854.379885
32,82,Female,52315,3174,695,4,1,3,0,True,True,12.0,780.0,30364.51,1342.0,0.0,30364.51,0.0,0.0,Debit/prepaid only,178.311255,0.0,178.311255
396,89,Female,50341,3270,735,5,1,1,3,True,False,0.0,0.0,0.0,0.0,0.0,0.0,0.0,,Dormant,0.0,0.0,0.0
1498,47,Female,50790,3547,726,3,0,1,2,False,True,12.0,810.0,47050.04,2593.0,0.0,31303.52,15746.52,0.0,Debit/prepaid only,77.80426,0.0,77.80426
104,33,Female,37384,49182,713,2,2,0,0,True,True,12.0,783.0,47045.78,4090.0,47045.78,0.0,0.0,1.0,Credit-primary,773.20404,0.0,773.20404
1062,58,Male,35274,35234,708,1,0,1,0,False,False,0.0,0.0,0.0,0.0,0.0,0.0,0.0,,Dormant,0.0,0.0,0.0
1657,35,Male,26201,42551,655,1,1,0,0,True,False,0.0,0.0,0.0,0.0,0.0,0.0,0.0,,Dormant,0.0,0.0,0.0
1106,62,Female,20783,23623,699,3,1,2,0,True,True,12.0,1251.0,33825.91,2266.0,0.0,33825.91,0.0,0.0,Debit/prepaid only,278.489955,95.0,373.489955
1867,33,Male,43968,71218,644,1,0,0,1,False,False,0.0,0.0,0.0,0.0,0.0,0.0,0.0,,Dormant,0.0,0.0,0.0
1045,27,Male,33778,10058,757,1,0,0,1,False,False,0.0,0.0,0.0,0.0,0.0,0.0,0.0,,Dormant,0.0,0.0,0.0
1786,48,Female,38611,93255,755,5,2,3,0,True,True,12.0,1811.0,44343.99,6485.0,18027.829999999998,26316.16,0.0,0.40654505830440607,Mixed,551.45152,0.0,551.45152
1569,68,Female,39082,16870,722,4,2,2,0,True,True,12.0,830.0,44404.77,7839.0,20496.84,23907.93,0.0,0.46159095070191786,Mixed,420.13258499999995,0.0,420.13258499999995
899,29,Female,47891,114299,629,1,0,1,0,False,False,0.0,0.0,0.0,0.0,0.0,0.0,0.0,,Dormant,0.0,0.0,0.0
1595,47,Female,52063,87549,753,2,1,1,0,True,True,12.0,2627.0,138529.33,3963.46,81610.11,56919.22,0.0,0.5891179145961365,Credit-primary,1768.56486,0.0,1768.56486
53,49,Female,39700,59062,701,3,1,1,1,True,True,12.0,2186.0,105898.04,29081.0,49996.84,55901.2,0.0,0.47212243021683875,Mixed,973.0632199999998,95.0,1068.0632199999998
551,65,Male,39543,53182,776,3,1,2,0,True,False,0.0,0.0,0.0,0.0,0.0,0.0,0.0,,Dormant,0.0,0.0,0.0
1491,41,Female,46209,56034,710,4,1,3,0,True,False,0.0,0.0,0.0,0.0,0.0,0.0,0.0,,Dormant,0.0,0.0,0.0
330,36,Male,64419,183210,711,1,0,1,0,False,False,0.0,0.0,0.0,0.0,0.0,0.0,0.0,,Dormant,0.0,0.0,0.0
392,50,Female,33098,59605,775,3,1,1,1,True,False,0.0,0.0,0.0,0.0,0.0,0.0,0.0,,Dormant,0.0,0.0,0.0
1144,57,Female,30495,70825,773,4,2,2,0,True,True,12.0,2007.0,70375.08,5699.0,29151.35,41223.73,0.0,0.41422830354153767,Mixed,793.314165,0.0,793.314165
1163,45,Male,67170,114251,489,3,2,0,1,True,True,12.0,436.0,37267.78,4402.0,34622.159999999996,0.0,2645.62,0.9290105286657804,Credit-primary,543.9628799999999,95.0,638.9628799999999
230,39,Female,35501,78801,693,4,3,1,0,True,True,12.0,617.0,29053.87,5118.0,16676.41,12377.460000000001,0.0,0.5739823989024526,Credit-primary,318.54010999999997,190.0,508.54010999999997
1066,46,Female,54124,0,727,2,0,2,0,False,True,12.0,1786.0,133265.57,2067.0,0.0,133265.57,0.0,0.0,Debit/prepaid only,440.659285,0.0,440.659285
460,65,Male,40957,64144,608,4,0,4,0,False,True,12.0,1210.0,68371.68,5435.0,0.0,68371.68,0.0,0.0,Debit/prepaid only,285.56834,0.0,285.56834
1661,42,Female,72478,63078,728,2,1,1,0,True,False,0.0,0.0,0.0,0.0,0.0,0.0,0.0,,Dormant,0.0,0.0,0.0
1926,70,Female,26574,5244,689,3,2,1,0,True,True,12.0,963.0,35231.76,4739.0,19739.93,15491.83,0.0,0.5602879333873755,Credit-primary,436.662655,0.0,436.662655
27,78,Female,23821,22427,613,7,2,4,1,True,True,12.0,879.0,44751.19,7154.0,21737.16,19141.46,3872.57,0.48573367546203794,Mixed,426.95710999999994,0.0,426.95710999999994
365,55,Female,38165,45891,719,1,0,1,0,False,False,0.0,0.0,0.0,0.0,0.0,0.0,0.0,,Dormant,0.0,0.0,0.0
50,68,Female,39238,85457,702,4,1,3,0,True,True,12.0,620.0,28618.02,4370.0,14614.22,14003.8,0.0,0.5106649586519263,Credit-primary,313.7053599999999,0.0,313.7053599999999
743,44,Female,32491,24515,682,2,0,2,0,False,True,12.0,550.0,31574.21,2928.0,0.0,31574.21,0.0,0.0,Debit/prepaid only,129.823105,0.0,129.823105
940,49,Female,41800,67836,699,6,2,4,0,True,True,12.0,1079.0,45121.13,5997.0,0.0,45121.13,0.0,0.0,Debit/prepaid only,246.152065,95.0,341.152065
534,27,Female,60510,23196,790,2,0,2,0,False,True,12.0,1408.0,67612.74,3282.0,0.0,67612.74,0.0,0.0,Debit/prepaid only,327.84537,0.0,327.84537
59,85,Female,25066,424,695,6,3,3,0,True,True,12.0,1158.0,32275.77,1171.0,16556.82,12825.37,2893.58,0.5129798607438335,Credit-primary,416.392445,0.0,416.392445
1908,78,Female,44469,12777,733,5,2,2,1,True,True,12.0,1498.0,120515.8,8006.0,71108.26,36911.05,12496.49,0.5900326762134093,Credit-primary,1309.6722049999998,95.0,1404.6722049999998
992,46,Male,54881,3584,700,4,3,1,0,True,True,12.0,798.0,53563.27,3526.0,28941.37,24621.9,0.0,0.5403211939823689,Credit-primary,573.56261,0.0,573.56261
198,49,Female,31497,30805,702,3,2,1,0,True,True,12.0,467.0,33999.0,4506.0,17266.18,16732.82,0.0,0.5078437601105915,Credit-primary,332.95214999999996,95.0,427.95214999999996
1813,35,Female,56350,120125,808,4,3,0,1,True,True,12.0,1044.0,76733.23,7307.0,71862.21,0.0,4871.02,0.9365200709001825,Credit-primary,1163.55978,0.0,1163.55978
1989,31,Male,67886,7137,803,3,2,1,0,True,True,12.0,1652.0,121908.41,4501.0,85136.78,36771.63,0.0,0.6983667492669291,Credit-primary,1700.059855,95.0,1795.059855
1148,54,Male,36711,47490,687,3,2,1,0,True,True,12.0,837.0,42665.3,6944.0,19578.85,23086.45,0.0,0.45889399582330365,Mixed,421.26802499999997,95.0,516.268025
872,61,Female,31505,59730,655,4,3,1,0,True,True,12.0,1504.0,61764.13,3794.0,32783.79,28980.34,0.0,0.5307901204145513,Credit-primary,762.72139,0.0,762.72139
458,46,Male,49068,123937,530,2,0,1,1,False,True,12.0,395.0,39662.31,3004.0,0.0,37496.23,2166.08,0.0,Debit/prepaid only,82.862615,0.0,82.862615
920,41,Female,28704,103891,700,2,2,0,0,True,True,12.0,640.0,16877.43,2863.0,16877.43,0.0,0.0,1.0,Credit-primary,252.25974,95.0,347.25973999999997
1598,82,Male,26126,1213,697,5,4,1,0,True,True,12.0,463.0,19314.84,3166.0,9107.99,10206.85,0.0,0.47155399682316806,Mixed,201.834245,0.0,201.834245
1876,50,Male,44587,17148,775,6,1,5,0,True,True,12.0,354.0,29830.91,6051.0,18645.43,11185.48,0.0,0.6250372516292665,Credit-primary,312.58248000000003,0.0,312.58248000000003
190,40,Male,44452,12409,711,5,1,3,1,True,True,12.0,1798.0,108514.91,4585.62,0.0,108514.91,0.0,0.0,Debit/prepaid only,429.544645,0.0,429.544645
163,37,Male,33108,44044,829,2,0,2,0,False,False,0.0,0.0,0.0,0.0,0.0,0.0,0.0,,Dormant,0.0,0.0,0.0
567,25,Male,33534,76166,761,1,1,0,0,True,False,0.0,0.0,0.0,0.0,0.0,0.0,0.0,,Dormant,0.0,0.0,0.0
503,47,Female,29564,54279,694,2,0,0,2,False,True,12.0,1001.0,19693.4,267.0,0.0,0.0,19693.4,0.0,Debit/prepaid only,0.0,0.0,0.0
469,67,Female,46945,17835,682,4,1,3,0,True,True,12.0,1095.0,56311.78,8862.0,35390.25,20921.53,0.0,0.6284697446964028,Credit-primary,697.6017649999999,0.0,697.6017649999999
1851,48,Male,75682,37163,727,5,1,3,1,True,True,12.0,560.0,52208.1,4451.0,0.0,49941.76,2266.34,0.0,Debit/prepaid only,126.27538,0.0,126.27538
1523,61,Female,39661,74740,850,4,2,2,0,True,True,12.0,839.0,25508.47,4496.0,13812.66,11695.81,0.0,0.5414930805336423,Credit-primary,324.922785,0.0,324.922785
317,67,Female,19199,15091,715,3,1,2,0,True,False,0.0,0.0,0.0,0.0,0.0,0.0,0.0,,Dormant,0.0,0.0,0.0
1195,75,Male,40696,15691,801,6,3,3,0,True,True,12.0,1234.0,63392.02,5339.0,30124.68,33267.34,0.0,0.4752124952005,Mixed,673.94841,0.0,673.94841
1238,31,Female,96661,73401,721,1,1,0,0,True,True,12.0,984.0,105300.34,5975.0,105300.34,0.0,0.0,1.0,Credit-primary,1787.8561199999997,0.0,1787.8561199999997
432,55,Female,26546,32087,686,5,1,4,0,True,True,12.0,847.0,55377.66,6401.0,30479.87,24897.79,0.0,0.5504001071912391,Credit-primary,599.3960549999999,0.0,599.3960549999999
1082,34,Female,33934,42945,622,2,2,0,0,True,True,12.0,612.0,40929.25,3818.0,40929.25,0.0,0.0,1.0,Credit-primary,668.0024999999999,0.0,668.0024999999999
120,50,Female,61008,0,781,4,2,2,0,True,True,12.0,411.0,36130.23,3938.0,0.0,36130.23,0.0,0.0,Debit/prepaid only,102.406115,0.0,102.406115
1289,33,Male,42808,117011,758,1,0,0,1,False,False,0.0,0.0,0.0,0.0,0.0,0.0,0.0,,Dormant,0.0,0.0,0.0
1497,55,Female,35553,76077,623,1,0,1,0,False,True,12.0,932.0,47141.29,3926.0,0.0,47141.29,0.0,0.0,Debit/prepaid only,217.327645,0.0,217.327645
1047,26,Male,53554,119852,689,1,0,1,0,False,True,12.0,1157.0,66991.32,4973.0,0.0,66991.32,0.0,0.0,Debit/prepaid only,273.97916,0.0,273.97916
0,33,Male,59613,36199,763,2,1,1,0,True,True,12.0,1198.0,66608.4,6699.0,35333.5,31274.9,0.0,0.5304661273953436,Credit-primary,735.40595,0.0,735.40595
351,91,Female,17150,375,807,5,2,2,1,True,True,12.0,830.0,29641.44,4556.0,15553.33,11476.29,2611.82,0.524715735807707,Credit-primary,329.962585,0.0,329.962585
1797,67,Male,30962,15336,743,5,0,5,0,False,True,12.0,3684.0,173506.15,7942.0,0.0,173506.15,0.0,0.0,Debit/prepaid only,856.422075,0.0,856.422075
1386,59,Male,37927,79299,712,1,0,1,0,False,False,0.0,0.0,0.0,0.0,0.0,0.0,0.0,,Dormant,0.0,0.0,0.0
1122,33,Female,69706,97070,785,1,0,1,0,False,False,0.0,0.0,0.0,0.0,0.0,0.0,0.0,,Dormant,0.0,0.0,0.0
703,53,Female,40363,111112,711,4,2,2,0,True,False,0.0,0.0,0.0,0.0,0.0,0.0,0.0,,Dormant,0.0,0.0,0.0
1919,83,Male,80493,2027,610,4,1,3,0,True,True,12.0,1208.0,63979.99,7093.0,36278.34,27701.65,0.0,0.5670263468312514,Credit-primary,761.664445,0.0,761.664445
791,78,Female,39263,24246,645,4,2,2,0,True,True,12.0,562.0,30758.36,4076.0,30758.36,0.0,0.0,1.0,Credit-primary,480.28247999999996,190.0,670.28248
199,67,Female,78329,40161,720,3,1,2,0,True,True,12.0,1023.0,49751.9,8163.0,0.0,49751.9,0.0,0.0,Debit/prepaid only,235.62445,0.0,235.62445
282,42,Male,25585,59827,702,4,2,2,0,True,True,12.0,781.0,23006.05,4814.0,10346.73,12659.32,0.0,0.44973952503797915,Mixed,264.1538,0.0,264.1538
908,62,Male,46256,106753,650,3,0,3,0,False,True,12.0,850.0,34906.3,2621.0,0.0,34906.3,0.0,0.0,Debit/prepaid only,194.64265,0.0,194.64265
880,28,Male,39354,26700,685,1,1,0,0,True,False,0.0,0.0,0.0,0.0,0.0,0.0,0.0,,Dormant,0.0,95.0,95.0
770,35,Male,60746,88165,706,3,2,1,0,True,False,0.0,0.0,0.0,0.0,0.0,0.0,0.0,,Dormant,0.0,0.0,0.0
1169,51,Female,61901,29627,726,7,3,4,0,True,True,12.0,3050.0,139831.69,6407.0,63197.51,76634.18,0.0,0.45195413142757557,Mixed,1512.6237700000001,0.0,1512.6237700000001
1736,43,Male,45789,94014,695,4,1,3,0,True,True,12.0,2225.0,86132.24,26455.0,35768.25,50363.99,0.0,0.41527133161752205,Mixed,763.915495,0.0,763.915495
506,56,Male,52841,36288,733,5,1,4,0,True,True,12.0,1440.0,82131.05,5890.0,43063.37,39067.68,0.0,0.5243250877713118,Credit-primary,908.1745000000001,0.0,908.1745000000001
249,42,Female,29835,46702,618,6,3,3,0,True,True,12.0,740.0,28654.63,2878.0,11426.82,17227.81,0.0,0.39877744015539546,Mixed,293.760165,0.0,293.760165
1279,78,Male,62103,33545,509,4,0,4,0,False,True,12.0,1456.0,59344.55,4444.0,0.0,59344.55,0.0,0.0,Debit/prepaid only,333.21027499999997,0.0,333.21027499999997
1652,51,Female,42749,53471,728,3,0,3,0,False,True,12.0,884.0,38273.5,7359.0,0.0,38273.5,0.0,0.0,Debit/prepaid only,201.09724999999997,0.0,201.09724999999997
739,38,Female,69171,102537,622,1,1,0,0,True,False,0.0,0.0,0.0,0.0,0.0,0.0,0.0,,Dormant,0.0,0.0,0.0
1475,98,Female,42306,472,725,5,0,5,0,False,True,12.0,2023.0,64041.26,5877.0,0.0,64041.26,0.0,0.0,Debit/prepaid only,453.91213,0.0,453.91213
1251,29,Female,42150,39663,750,2,0,1,1,False,True,12.0,1184.0,46206.92,5016.0,0.0,38274.52,7932.4,0.0,Debit/prepaid only,209.57976,0.0,209.57976
592,68,Male,23993,2573,714,5,1,4,0,True,True,12.0,2045.0,54615.27,4582.0,27136.85,27478.42,0.0,0.4968729441418124,Mixed,742.1290099999999,0.0,742.1290099999999
692,52,Female,42701,53696,701,4,1,2,1,True,True,12.0,921.0,34541.1,6630.0,16622.98,17918.12,0.0,0.48125218942071907,Mixed,383.67769999999996,0.0,383.67769999999996
1065,41,Female,56320,84614,792,3,1,2,0,True,False,0.0,0.0,0.0,0.0,0.0,0.0,0.0,,Dormant,0.0,95.0,95.0
1764,59,Male,31550,26738,710,3,1,2,0,True,True,12.0,588.0,30201.52,4266.0,16836.76,13364.76,0.0,0.5574805506477819,Credit-primary,339.61855999999995,0.0,339.61855999999995
1830,56,Male,32418,84507,758,3,1,2,0,True,True,12.0,1031.0,47745.38,4669.0,20635.46,27109.92,0.0,0.43219804722467386,Mixed,495.0262399999999,0.0,495.0262399999999
157,47,Male,32847,3230,785,3,0,3,0,False,True,12.0,1023.0,47350.39,4853.0,0.0,47350.39,0.0,0.0,Debit/prepaid only,236.07869499999998,0.0,236.07869499999998
676,40,Male,65053,83571,775,2,1,1,0,True,True,12.0,1310.0,70009.33,6055.0,70009.33,0.0,0.0,1.0,Credit-primary,1151.17794,0.0,1151.17794
1481,72,Male,2422,810,632,2,0,2,0,False,False,0.0,0.0,0.0,0.0,0.0,0.0,0.0,,Dormant,0.0,0.0,0.0
1902,36,Female,32522,28260,769,2,1,1,0,True,True,12.0,972.0,45766.0,4953.0,19664.0,26102.0,0.0,0.42966394266486035,Mixed,445.219,95.0,540.219
123,43,Female,36315,0,824,3,0,3,0,False,True,12.0,1205.0,35459.39,3587.0,0.0,35459.39,0.0,0.0,Debit/prepaid only,268.986195,0.0,268.986195
1995,64,Female,39206,9219,605,4,2,2,0,True,True,12.0,1159.0,46766.39,4958.0,23627.81,23138.58,0.0,0.5052305726398809,Credit-primary,557.46837,190.0,747.46837
1688,27,Female,33641,40696,743,1,0,1,0,False,False,0.0,0.0,0.0,0.0,0.0,0.0,0.0,,Dormant,0.0,0.0,0.0
1895,56,Female,40848,146608,706,2,0,2,0,False,True,12.0,963.0,38041.66,4025.0,0.0,38041.66,0.0,0.0,Debit/prepaid only,219.23833,0.0,219.23833
1891,47,Female,34112,39842,725,4,2,2,0,True,True,12.0,888.0,37929.64,3030.0,18417.05,19512.59,0.0,0.4855582599782123,Mixed,433.2856949999999,0.0,433.2856949999999
341,50,Male,104045,0,734,2,1,0,1,True,False,0.0,0.0,0.0,0.0,0.0,0.0,0.0,,Dormant,0.0,0.0,0.0
1571,58,Female,51316,0,759,6,0,6,0,False,True,12.0,618.0,45823.85,7206.0,0.0,45823.85,0.0,0.0,Debit/prepaid only,149.088925,0.0,149.088925
1615,66,Female,48690,36262,701,6,0,6,0,False,True,12.0,640.0,32279.69,1957.0,0.0,32279.69,0.0,0.0,Debit/prepaid only,149.56134500000002,0.0,149.56134500000002
680,42,Female,27354,42226,799,1,0,1,0,False,False,0.0,0.0,0.0,0.0,0.0,0.0,0.0,,Dormant,0.0,0.0,0.0
52,56,Female,63796,82173,730,3,0,3,0,False,True,12.0,2033.0,155023.6,5190.0,0.0,155023.6,0.0,0.0,Debit/prepaid only,501.84680000000003,0.0,501.84680000000003
1034,58,Female,55569,76181,698,6,3,2,1,True,True,12.0,1301.0,88282.7,6899.0,47999.92,36267.55,4015.23,0.5437069776977822,Credit-primary,938.5068349999998,95.0,1033.5068349999997
677,40,Male,67226,128174,729,3,1,2,0,True,True,12.0,873.0,54169.96,6301.0,32582.35,21587.61,0.0,0.6014837374810689,Credit-primary,647.8856049999999,0.0,647.8856049999999
440,43,Female,106159,144773,703,5,0,5,0,False,False,0.0,0.0,0.0,0.0,0.0,0.0,0.0,,Dormant,0.0,0.0,0.0
338,68,Female,50258,0,686,3,0,3,0,False,True,12.0,1240.0,74464.97,6806.0,0.0,74464.97,0.0,0.0,Debit/prepaid only,294.22948499999995,0.0,294.22948499999995
1120,44,Female,54981,121701,737,1,1,0,0,True,False,0.0,0.0,0.0,0.0,0.0,0.0,0.0,,Dormant,0.0,0.0,0.0
1127,59,Male,35590,92603,720,4,0,4,0,False,True,12.0,1729.0,61718.93,4065.0,0.0,61718.93,0.0,0.0,Debit/prepaid only,391.916965,0.0,391.916965
1662,41,Male,49967,58582,712,4,0,3,1,False,True,12.0,1607.0,104505.26,3702.0,0.0,104505.26,0.0,0.0,Debit/prepaid only,387.87163,0.0,387.87163
1444,64,Male,66885,144703,698,6,0,6,0,False,True,12.0,1176.0,101173.33,6407.0,0.0,101173.33,0.0,0.0,Debit/prepaid only,294.343165,0.0,294.343165
45,61,Female,63781,111808,654,1,0,0,1,False,True,12.0,590.0,12810.87,3785.0,0.0,0.0,12810.87,0.0,Debit/prepaid only,0.0,0.0,0.0
1102,49,Female,94733,0,707,5,1,3,1,True,True,12.0,1596.0,107163.97,7388.0,70058.65,32671.3,4434.02,0.6537519093404247,Credit-primary,1314.49885,95.0,1409.49885
1636,49,Male,24598,23019,695,4,3,1,0,True,True,12.0,799.0,28846.52,6034.0,13793.82,15052.7,0.0,0.4781796903057977,Mixed,333.45561,190.0,523.45561
502,46,Male,36440,30574,745,2,1,1,0,True,True,12.0,2283.0,76225.26,5167.0,34333.07,41892.19,0.0,0.45041591199557734,Mixed,906.487855,0.0,906.487855
5,65,Male,20614,14042,711,2,0,2,0,False,True,12.0,420.0,28437.08,2778.0,0.0,28437.08,0.0,0.0,Debit/prepaid only,101.02954,0.0,101.02954
1712,82,Female,66999,3140,730,5,0,5,0,False,True,12.0,1694.0,62742.26,5964.0,0.0,62742.26,0.0,0.0,Debit/prepaid only,384.12913000000003,0.0,384.12913000000003
1360,41,Male,38874,64474,672,3,1,2,0,True,True,12.0,422.0,20630.91,6090.0,8763.97,11866.94,0.0,0.424798033630121,Mixed,179.94242999999997,0.0,179.94242999999997
993,47,Female,44789,94789,638,1,1,0,0,True,False,0.0,0.0,0.0,0.0,0.0,0.0,0.0,,Dormant,0.0,0.0,0.0
642,35,Female,34143,49839,648,4,0,4,0,False,True,12.0,557.0,34798.26,4354.0,0.0,34798.26,0.0,0.0,Debit/prepaid only,132.19213,0.0,132.19213
1871,83,Male,16611,1797,696,4,0,4,0,False,True,12.0,822.0,42505.85,5208.0,0.0,42505.85,0.0,0.0,Debit/prepaid only,191.268925,0.0,191.268925
1721,36,Female,38496,64688,642,2,1,1,0,True,False,0.0,0.0,0.0,0.0,0.0,0.0,0.0,,Dormant,0.0,0.0,0.0
868,78,Male,31046,11436,706,6,2,2,2,True,True,12.0,1019.0,67446.96,4810.0,37860.33,25914.5,3672.13,0.5613348622384167,Credit-primary,733.31619,0.0,733.31619
1517,37,Male,123540,236393,764,3,1,1,1,True,True,12.0,986.0,61889.9,4672.0,36062.96,25043.69,783.25,0.5826953994108893,Credit-primary,721.7591249999999,0.0,721.7591249999999
364,65,Female,39809,0,775,3,2,1,0,True,True,12.0,1117.0,69034.73,3915.0,0.0,69034.73,0.0,0.0,Debit/prepaid only,267.129865,0.0,267.129865
686,64,Male,34576,81087,683,1,0,1,0,False,False,0.0,0.0,0.0,0.0,0.0,0.0,0.0,,Dormant,0.0,0.0,0.0
696,74,Female,110570,5700,766,7,1,4,2,True,True,12.0,1262.0,106250.48,5026.0,0.0,102237.09,4013.39,0.0,Debit/prepaid only,276.94854499999997,0.0,276.94854499999997
962,28,Male,34262,60506,846,1,0,1,0,False,True,12.0,560.0,27125.78,4727.0,0.0,27125.78,0.0,0.0,Debit/prepaid only,128.79939,0.0,128.79939
1407,40,Male,40473,54899,689,4,1,3,0,True,True,12.0,2226.0,93199.15,4456.0,0.0,93199.15,0.0,0.0,Debit/prepaid only,511.831575,0.0,511.831575
1015,33,Female,96744,128122,838,4,0,3,1,False,False,0.0,0.0,0.0,0.0,0.0,0.0,0.0,,Dormant,0.0,0.0,0.0
1456,48,Male,31231,40499,681,3,2,1,0,True,True,12.0,1126.0,73088.6,2386.0,37584.82,35503.78,0.0,0.514236419906798,Credit-primary,807.46565,0.0,807.46565
1861,57,Female,66427,103290,779,5,2,3,0,True,True,12.0,735.0,42143.78,5207.0,22864.59,19279.19,0.0,0.5425377125639893,Credit-primary,453.686215,190.0,643.686215
161,31,Male,23469,22976,731,2,0,2,0,False,True,12.0,1240.0,42488.8,4784.0,0.0,42488.8,0.0,0.0,Debit/prepaid only,279.25239999999997,0.0,279.25239999999997
263,30,Male,26519,63979,663,1,0,0,1,False,False,0.0,0.0,0.0,0.0,0.0,0.0,0.0,,Dormant,0.0,0.0,0.0
1389,40,Female,34799,72749,793,2,1,1,0,True,False,0.0,0.0,0.0,0.0,0.0,0.0,0.0,,Dormant,0.0,0.0,0.0
1707,28,Female,35194,56006,620,1,0,1,0,False,False,0.0,0.0,0.0,0.0,0.0,0.0,0.0,,Dormant,0.0,0.0,0.0
1855,67,Male,31287,25844,728,3,1,2,0,True,True,12.0,860.0,50493.79,7247.0,27938.85,22554.94,0.0,0.5533125954696607,Credit-primary,570.1232699999999,0.0,570.1232699999999
274,43,Female,48810,0,799,3,2,1,0,True,True,12.0,727.0,50348.29,4609.0,50348.29,0.0,0.0,1.0,Credit-primary,823.3072199999999,95.0,918.3072199999999
1552,62,Male,45450,85218,686,3,1,2,0,True,True,12.0,676.0,59758.91,3360.0,0.0,59758.91,0.0,0.0,Debit/prepaid only,170.159455,0.0,170.159455
1526,53,Female,34137,80467,671,4,1,2,1,True,True,12.0,530.0,25338.53,2581.0,12356.32,8273.55,4708.66,0.4876494413843266,Mixed,248.207035,0.0,248.207035
319,67,Male,28357,10400,628,1,1,0,0,True,True,12.0,728.0,50735.73,2195.0,50735.73,0.0,0.0,1.0,Credit-primary,873.7331399999999,0.0,873.7331399999999
740,30,Female,32343,39656,683,1,0,1,0,False,False,0.0,0.0,0.0,0.0,0.0,0.0,0.0,,Dormant,0.0,0.0,0.0
1421,30,Male,32985,32764,740,2,0,1,1,False,True,12.0,426.0,27805.15,4229.0,0.0,21863.97,5941.18,0.0,Debit/prepaid only,66.794985,0.0,66.794985
1538,82,Male,23572,216,590,2,0,2,0,False,True,12.0,1090.0,43567.08,2420.0,0.0,43567.08,0.0,0.0,Debit/prepaid only,249.47354,0.0,249.47354
1101,25,Female,28862,20944,751,1,0,1,0,False,False,0.0,0.0,0.0,0.0,0.0,0.0,0.0,,Dormant,0.0,0.0,0.0
92,76,Female,31145,5132,689,4,1,3,0,True,True,12.0,1207.0,42389.87,3791.0,20804.08,21585.79,0.0,0.4907795187859741,Mixed,518.365835,0.0,518.365835
125,64,Female,26535,93592,724,5,3,2,0,True,True,12.0,612.0,19371.36,3717.0,10117.95,9253.41,0.0,0.5223149019996531,Credit-primary,227.206305,95.0,322.206305
449,58,Female,39796,9452,729,5,1,4,0,True,True,12.0,864.0,37814.36,5150.0,19124.84,18689.52,0.0,0.505756014381838,Credit-primary,425.47938,0.0,425.47938
1173,71,Male,51703,5371,722,5,3,2,0,True,True,12.0,840.0,50793.08,3945.0,31312.29,18625.0,855.79,0.61646763693007,Credit-primary,624.2662200000001,95.0,719.2662200000001
1810,66,Male,31175,5846,711,5,5,0,0,True,True,12.0,801.0,38934.36,7707.0,38934.36,0.0,0.0,1.0,Credit-primary,562.09248,95.0,657.09248
1843,89,Male,38761,69,760,7,4,3,0,True,True,12.0,1923.0,82607.51,4268.0,38768.34,43839.17,0.0,0.4693076936951616,Mixed,939.8832049999999,190.0,1129.8832049999999
1578,86,Male,33291,695,714,2,1,0,1,True,False,0.0,0.0,0.0,0.0,0.0,0.0,0.0,,Dormant,0.0,0.0,0.0
658,40,Female,52630,68559,725,4,3,1,0,True,True,12.0,1379.0,69190.53,3115.0,38482.12,30708.41,0.0,0.5561761125402567,Credit-primary,851.304865,95.0,946.304865
1858,73,Male,26481,10392,705,1,1,0,0,True,True,12.0,750.0,23839.62,5869.0,23839.62,0.0,0.0,1.0,Credit-primary,323.47115999999994,0.0,323.47115999999994
1503,59,Male,43021,86014,725,4,1,3,0,True,True,12.0,568.0,29424.68,5675.0,13864.44,15560.24,0.0,0.4711840536583576,Mixed,281.64504,0.0,281.64504
1671,50,Male,42886,60474,604,1,0,1,0,False,True,12.0,697.0,28298.65,2325.0,0.0,28298.65,0.0,0.0,Debit/prepaid only,159.35682500000001,0.0,159.35682500000001
1233,35,Male,37843,40003,697,2,1,1,0,True,False,0.0,0.0,0.0,0.0,0.0,0.0,0.0,,Dormant,0.0,0.0,0.0
1271,34,Male,48398,138998,642,2,0,0,2,False,False,0.0,0.0,0.0,0.0,0.0,0.0,0.0,,Dormant,0.0,0.0,0.0
473,33,Female,28181,37929,682,2,1,1,0,True,True,12.0,633.0,15928.72,2311.0,5553.54,10375.18,0.0,0.34864948344876423,Mixed,185.84330999999997,0.0,185.84330999999997
1541,48,Female,37422,127116,681,5,1,4,0,True,True,12.0,1856.0,53669.48,4351.0,24265.08,29404.4,0.0,0.45212064659467543,Mixed,677.21814,0.0,677.21814
149,24,Female,91237,231619,594,1,1,0,0,True,True,12.0,839.0,68594.49,6329.0,68594.49,0.0,0.0,1.0,Credit-primary,1120.77882,0.0,1120.77882
560,59,Male,43913,83944,676,4,2,2,0,True,False,0.0,0.0,0.0,0.0,0.0,0.0,0.0,,Dormant,0.0,0.0,0.0
1006,37,Male,44550,117302,761,3,1,2,0,True,True,12.0,1050.0,49062.55,5671.0,21538.02,27524.53,0.0,0.4389910430664529,Mixed,505.88612499999994,95.0,600.886125
368,75,Male,42806,20432,726,6,2,2,2,True,True,12.0,1644.0,63142.21,4831.0,28507.24,20231.98,14402.99,0.45147675382283897,Mixed,585.53481,0.0,585.53481
1696,63,Female,53702,85160,606,1,0,1,0,False,False,0.0,0.0,0.0,0.0,0.0,0.0,0.0,,Dormant,0.0,0.0,0.0
416,86,Female,38273,1658,765,6,1,3,2,True,True,12.0,861.0,25112.18,4646.0,10665.88,11504.14,2942.16,0.42472935444075344,Mixed,242.50491,0.0,242.50491
51,29,Female,51303,106248,688,1,1,0,0,True,True,12.0,915.0,49322.14,3752.0,49322.14,0.0,0.0,1.0,Credit-primary,820.2625199999999,0.0,820.2625199999999
196,44,Female,35775,67263,773,1,1,0,0,True,True,12.0,624.0,31517.5,6242.0,31517.5,0.0,0.0,1.0,Credit-primary,454.95899999999995,0.0,454.95899999999995
690,71,Female,67186,29682,692,1,0,1,0,False,False,0.0,0.0,0.0,0.0,0.0,0.0,0.0,,Dormant,0.0,0.0,0.0
1477,47,Male,46763,65106,696,3,1,2,0,True,True,12.0,761.0,38963.36,7572.0,22230.35,16733.01,0.0,0.5705449940662202,Credit-primary,413.65180499999997,0.0,413.65180499999997
260,62,Male,29110,23504,699,3,0,2,1,False,True,12.0,374.0,17505.53,2962.0,0.0,17505.53,0.0,0.0,Debit/prepaid only,85.811765,0.0,85.811765
857,90,Male,41831,1100,615,1,0,1,0,False,False,0.0,0.0,0.0,0.0,0.0,0.0,0.0,,Dormant,0.0,0.0,0.0
1167,42,Female,49117,42380,769,3,1,2,0,True,False,0.0,0.0,0.0,0.0,0.0,0.0,0.0,,Dormant,0.0,0.0,0.0
1358,69,Female,68930,72619,768,2,0,0,2,False,True,12.0,603.0,13086.61,1276.0,0.0,0.0,13086.61,0.0,Debit/prepaid only,0.0,0.0,0.0
1611,68,Female,20334,9544,684,2,1,1,0,True,False,0.0,0.0,0.0,0.0,0.0,0.0,0.0,,Dormant,0.0,0.0,0.0
734,43,Female,24917,36101,693,2,1,1,0,True,True,12.0,1055.0,20716.91,3197.0,9167.63,11549.28,0.0,0.44251917877714386,Mixed,303.5059799999999,0.0,303.5059799999999
1507,39,Female,44344,82822,744,3,0,3,0,False,True,12.0,635.0,23391.25,3955.0,0.0,23391.25,0.0,0.0,Debit/prepaid only,143.068125,0.0,143.068125
504,38,Female,34311,61776,705,2,0,1,1,False,False,0.0,0.0,0.0,0.0,0.0,0.0,0.0,,Dormant,0.0,0.0,0.0
524,57,Male,35239,43270,726,1,0,1,0,False,True,12.0,594.0,27418.88,6017.0,0.0,27418.88,0.0,0.0,Debit/prepaid only,135.44093999999998,0.0,135.44093999999998
525,55,Male,37147,0,703,3,0,3,0,False,True,12.0,1196.0,52112.17,3186.0,0.0,52112.17,0.0,0.0,Debit/prepaid only,275.623085,0.0,275.623085
250,50,Female,34671,55643,786,6,2,3,1,True,True,12.0,1099.0,45485.83,3955.0,0.0,40138.02,5347.81,0.0,Debit/prepaid only,186.51201,0.0,186.51201
479,57,Male,61173,71422,692,3,1,2,0,True,True,12.0,1055.0,50727.87,7122.0,32632.59,18095.28,0.0,0.6432872107581099,Credit-primary,630.76076,0.0,630.76076
343,55,Female,47643,45706,764,8,4,4,0,True,True,12.0,846.0,28908.23,6232.0,13295.5,15612.73,0.0,0.4599209290918192,Mixed,312.836865,0.0,312.836865
1196,60,Female,34895,56622,820,3,1,2,0,True,True,12.0,865.0,53686.15,5552.0,27580.21,26105.94,0.0,0.5137304500322709,Credit-primary,570.1232499999999,0.0,570.1232499999999
1530,64,Female,1785,2892,732,3,3,0,0,True,True,12.0,411.0,10967.83,4442.0,10967.83,0.0,0.0,1.0,Credit-primary,117.46493999999998,95.0,212.46493999999998
1963,98,Male,33869,370,821,6,1,5,0,True,True,12.0,4346.0,130553.63,2649.0,53454.09,77099.54,0.0,0.40944162180706883,Mixed,1575.25389,0.0,1575.25389
764,77,Female,31066,20902,712,3,1,2,0,True,True,12.0,808.0,47689.47,4599.62,22784.9,24904.57,0.0,0.47777633091749605,Mixed,479.08067500000004,95.0,574.080675
213,37,Female,55172,96779,629,2,1,1,0,True,True,12.0,1067.0,71351.76,8847.0,41771.24,29580.52,0.0,0.5854269046762126,Credit-primary,794.4665799999999,95.0,889.4665799999999
410,54,Female,46956,94340,610,2,1,1,0,True,False,0.0,0.0,0.0,0.0,0.0,0.0,0.0,,Dormant,0.0,0.0,0.0
1685,53,Male,74012,93119,681,2,0,1,1,False,True,12.0,685.0,35366.76,5421.0,0.0,34473.63,893.13,0.0,Debit/prepaid only,125.826315,0.0,125.826315
225,32,Male,40887,50734,688,3,1,2,0,True,True,12.0,772.0,52697.64,8238.0,25022.37,27675.27,0.0,0.47482904357766303,Mixed,502.33129499999995,0.0,502.33129499999995
1210,32,Male,34531,60156,703,3,1,2,0,True,True,12.0,910.0,36439.21,2986.0,19404.63,17034.579999999998,0.0,0.5325206007484795,Credit-primary,443.31762999999995,95.0,538.31763
576,68,Female,63502,24100,638,6,1,5,0,True,True,12.0,1010.0,53768.98,5410.0,34193.71,19575.27,0.0,0.6359374866326272,Credit-primary,687.1094149999999,95.0,782.1094149999999
1677,51,Male,33178,92366,671,2,1,1,0,True,True,12.0,1105.0,49982.46,4616.0,24224.25,25758.21,0.0,0.48465501697995655,Mixed,554.932605,0.0,554.932605
1969,84,Male,44690,2249,733,5,1,4,0,True,True,12.0,1777.0,96199.33,6374.0,53960.06,42239.27,0.0,0.5609192912258328,Credit-primary,1150.6687149999998,0.0,1150.6687149999998
1431,56,Female,39409,52076,599,1,1,0,0,True,False,0.0,0.0,0.0,0.0,0.0,0.0,0.0,,Dormant,0.0,0.0,0.0
1482,54,Male,89152,162012,675,1,0,1,0,False,True,12.0,1038.0,64664.28,4848.0,0.0,64664.28,0.0,0.0,Debit/prepaid only,247.88814,0.0,247.88814
1295,70,Female,27772,14408,788,3,2,1,0,True,True,12.0,2026.0,77460.7,5678.0,35721.39,41739.31,0.0,0.461155011509062,Mixed,895.8306749999999,0.0,895.8306749999999
1468,66,Male,44137,22392,626,2,0,2,0,False,False,0.0,0.0,0.0,0.0,0.0,0.0,0.0,,Dormant,0.0,0.0,0.0
538,66,Female,30265,36789,814,4,1,3,0,True,True,12.0,767.0,39541.7,6250.48,39541.7,0.0,0.0,1.0,Credit-primary,599.24196,0.0,599.24196
748,55,Male,37534,99840,706,3,1,2,0,True,True,12.0,707.0,31592.36,4046.0,15419.99,16172.37,0.0,0.48809237423225105,Mixed,345.835505,0.0,345.835505
41,38,Male,27183,58323,637,1,0,0,1,False,False,0.0,0.0,0.0,0.0,0.0,0.0,0.0,,Dormant,0.0,0.0,0.0
807,52,Female,38487,49725,691,3,0,1,2,False,True,12.0,629.0,25946.37,2089.0,0.0,17604.07,8342.3,0.0,Debit/prepaid only,66.726035,0.0,66.726035
1430,69,Female,33642,20874,593,5,3,2,0,True,True,12.0,670.0,49747.76,6544.0,26133.62,23614.14,0.0,0.5253225471860441,Credit-primary,501.53272999999996,0.0,501.53272999999996
1873,51,Female,34302,84935,651,3,1,1,1,True,True,12.0,2125.0,90099.57,6954.0,0.0,59075.34,31024.23,0.0,Debit/prepaid only,280.72366999999997,0.0,280.72366999999997
980,84,Male,24055,0,733,6,2,4,0,True,True,12.0,641.0,27298.39,2858.0,14677.460000000001,12620.93,0.0,0.5376676060383049,Credit-primary,343.485745,95.0,438.485745
1415,28,Male,45021,77559,689,1,1,0,0,True,False,0.0,0.0,0.0,0.0,0.0,0.0,0.0,,Dormant,0.0,0.0,0.0
652,82,Female,22726,1692,784,6,1,4,1,True,True,12.0,1362.0,40229.39,3909.05,21942.71,15920.21,2366.47,0.5454397891690627,Credit-primary,522.3934849999999,95.0,617.3934849999999
1129,49,Male,34449,36540,686,3,1,2,0,True,True,12.0,1409.0,78626.37,6217.0,36846.27,41780.1,0.0,0.4686248392237871,Mixed,827.75191,0.0,827.75191
885,36,Male,28334,0,700,3,1,1,1,True,True,12.0,1128.0,18474.84,659.0,11136.06,6134.89,1203.89,0.6027689549679456,Credit-primary,282.584525,0.0,282.584525
1899,31,Female,57166,111755,737,2,0,1,1,False,True,12.0,765.0,23263.17,840.0,0.0,0.0,23263.17,0.0,Debit/prepaid only,0.0,0.0,0.0
1369,59,Female,35854,49101,850,2,1,1,0,True,True,12.0,1830.0,49316.79,5722.0,21853.25,27463.54,0.0,0.44311987864579183,Mixed,607.66677,0.0,607.66677
1057,39,Female,44958,91549,787,1,0,1,0,False,False,0.0,0.0,0.0,0.0,0.0,0.0,0.0,,Dormant,0.0,0.0,0.0
1302,62,Female,28988,13351,694,3,1,1,1,True,True,12.0,1005.0,60418.52,5355.0,27716.21,32619.17,83.14,0.45873698991633693,Mixed,587.7388649999999,0.0,587.7388649999999
415,53,Male,33729,0,763,3,1,2,0,True,True,12.0,680.0,24504.86,4217.0,12446.02,12058.84,0.0,0.5079000655380198,Credit-primary,288.49928,0.0,288.49928
83,31,Male,59455,96224,557,1,1,0,0,True,False,0.0,0.0,0.0,0.0,0.0,0.0,0.0,,Dormant,0.0,0.0,0.0
28,39,Female,54273,110237,789,3,1,2,0,True,True,12.0,598.0,44950.31,3872.0,28605.02,16345.289999999999,0.0,0.6363698047911127,Credit-primary,549.162005,0.0,549.162005
33,77,Female,38692,8902,596,5,2,3,0,True,True,12.0,1016.0,58564.23,6454.0,30456.79,28107.44,0.0,0.5200578919931159,Credit-primary,626.4764399999999,0.0,626.4764399999999
1646,54,Male,29898,19719,714,5,2,3,0,True,True,12.0,1037.0,23895.11,307.0,10891.960000000001,13003.15,0.0,0.4558238066282181,Mixed,346.130855,0.0,346.130855
1152,43,Male,35538,71591,747,1,1,0,0,True,False,0.0,0.0,0.0,0.0,0.0,0.0,0.0,,Dormant,0.0,0.0,0.0
134,43,Male,50174,145300,643,3,3,0,0,True,True,12.0,913.0,47005.0,1762.0,47005.0,0.0,0.0,1.0,Credit-primary,814.3739999999999,190.0,1004.3739999999999
220,33,Female,61846,12525,722,3,2,1,0,True,True,12.0,489.0,41460.98,6247.0,26610.28,14850.7,0.0,0.6418150270447056,Credit-primary,478.01938999999993,95.0,573.0193899999999
1343,22,Female,24369,37437,575,1,1,0,0,True,False,0.0,0.0,0.0,0.0,0.0,0.0,0.0,,Dormant,0.0,95.0,95.0
1930,26,Male,44470,66413,721,1,0,1,0,False,False,0.0,0.0,0.0,0.0,0.0,0.0,0.0,,Dormant,0.0,0.0,0.0
1260,28,Male,42806,49194,712,1,1,0,0,True,True,12.0,643.0,25063.53,6037.0,25063.53,0.0,0.0,1.0,Credit-primary,342.47754,95.0,437.47754
96,69,Female,99825,4344,685,4,3,1,0,True,True,12.0,3200.0,287088.01,56472.0,186331.64,100756.37,0.0,0.6490401323273655,Credit-primary,3140.999205,0.0,3140.999205
1166,44,Female,39898,43630,682,3,1,2,0,True,True,12.0,1394.0,64630.63,26320.0,64630.63,0.0,0.0,1.0,Credit-primary,689.59134,0.0,689.59134
1533,39,Female,49412,42378,830,3,2,1,0,True,True,12.0,829.0,66190.11,4108.0,38296.58,27893.53,0.0,0.5785846254070284,Credit-primary,741.288705,0.0,741.288705
1451,58,Female,17078,25245,719,4,1,3,0,True,True,12.0,2154.0,107600.05,5723.0,0.0,107600.05,0.0,0.0,Debit/prepaid only,503.278525,0.0,503.278525
57,28,Female,43826,84935,823,1,0,1,0,False,True,12.0,1161.0,54540.44,3596.0,0.0,54540.44,0.0,0.0,Debit/prepaid only,269.28222,0.0,269.28222
1335,51,Female,97845,255288,836,3,0,2,1,False,True,12.0,1209.0,87021.88,7665.0,0.0,82157.61,4864.27,0.0,Debit/prepaid only,241.819805,0.0,241.819805
816,56,Male,36285,67244,759,5,1,4,0,True,True,12.0,717.0,35613.5,6566.0,17596.53,18016.97,0.0,0.4940971822483047,Mixed,357.0780249999999,95.0,452.0780249999999
1081,31,Female,50666,102318,617,2,1,1,0,True,True,12.0,1575.0,119025.33,31425.0,62426.4,56598.93,0.0,0.5244799573334517,Credit-primary,1112.847165,0.0,1112.847165
1385,51,Female,82298,182301,789,6,1,4,1,True,True,12.0,1278.0,93328.61,4417.0,59243.97,32450.53,1634.11,0.6347889462834602,Credit-primary,1153.765725,0.0,1153.765725
1125,25,Male,64917,102747,689,2,1,1,0,True,True,12.0,689.0,48251.33,5490.0,27957.27,20294.06,0.0,0.5794093136914568,Credit-primary,535.22039,95.0,630.22039
1345,83,Female,16620,1140,804,8,1,7,0,True,True,12.0,1132.0,56817.89,1776.0,33476.69,23341.2,0.0,0.5891927700940672,Credit-primary,742.8980200000001,0.0,742.8980200000001
1695,45,Female,57027,21798,709,4,2,2,0,True,True,12.0,547.0,54170.67,9584.0,35617.22,18553.45,0.0,0.6575000826092792,Credit-primary,587.862185,95.0,682.862185
1985,50,Female,1426,3154,680,3,1,2,0,True,True,12.0,1818.0,26881.47,3543.0,9821.289999999999,17060.18,0.0,0.3653553916508286,Mixed,421.80430999999993,0.0,421.80430999999993
1604,55,Male,31308,59817,742,7,2,5,0,True,True,12.0,2161.0,69660.73,26233.0,28640.04,41020.69,0.0,0.41113608772115945,Mixed,663.0195650000001,0.0,663.0195650000001
649,48,Male,46408,0,847,7,2,4,1,True,True,12.0,981.0,29310.4,6630.0,16207.82,13102.58,0.0,0.5529716414651454,Credit-primary,362.52705,0.0,362.52705
1486,39,Female,23307,31064,789,1,1,0,0,True,True,12.0,614.0,15973.33,2265.0,15973.33,0.0,0.0,1.0,Credit-primary,246.74993999999998,0.0,246.74993999999998
1744,31,Female,29433,61260,693,3,1,2,0,True,True,12.0,411.0,19537.07,5788.0,9611.45,9925.62,0.0,0.4919596438974729,Mixed,186.08241,0.0,186.08241
400,46,Female,39770,72827,711,4,1,2,1,True,False,0.0,0.0,0.0,0.0,0.0,0.0,0.0,,Dormant,0.0,0.0,0.0
1994,48,Female,78180,102759,740,3,1,1,1,True,True,12.0,916.0,54734.58,6434.0,39493.88,0.0,15240.7,0.7215526272422296,Credit-primary,627.2078399999999,0.0,627.2078399999999
572,29,Male,47317,42433,680,1,0,1,0,False,False,0.0,0.0,0.0,0.0,0.0,0.0,0.0,,Dormant,0.0,0.0,0.0
1442,41,Male,30432,101847,624,1,0,1,0,False,True,12.0,1295.0,64395.87,3063.0,0.0,64395.87,0.0,0.0,Debit/prepaid only,302.61643499999997,0.0,302.61643499999997
1853,39,Male,37165,0,771,3,1,2,0,True,True,12.0,804.0,27545.63,2979.0,15754.37,11791.26,0.0,0.5719371820502925,Credit-primary,363.26979,0.0,363.26979
556,46,Male,36405,31815,715,2,0,2,0,False,True,12.0,1402.0,46106.1,5675.0,0.0,46106.1,0.0,0.0,Debit/prepaid only,314.63555,0.0,314.63555
321,52,Male,40177,47012,698,4,3,1,0,True,True,12.0,687.0,28367.43,3469.0,0.0,28367.43,0.0,0.0,Debit/prepaid only,156.719215,95.0,251.719215
483,49,Female,39969,68456,713,3,2,1,0,True,True,12.0,548.0,29737.76,4029.0,14574.7,15163.06,0.0,0.49010752659245355,Mixed,307.96913,0.0,307.96913
404,44,Male,44816,63043,625,1,1,0,0,True,False,0.0,0.0,0.0,0.0,0.0,0.0,0.0,,Dormant,0.0,0.0,0.0
1510,32,Male,50658,72806,764,2,2,0,0,True,False,0.0,0.0,0.0,0.0,0.0,0.0,0.0,,Dormant,0.0,0.0,0.0
1635,54,Male,42332,75213,616,4,1,3,0,True,True,12.0,1135.0,34573.82,7409.0,16159.46,18414.36,0.0,0.46739006566240004,Mixed,411.54045999999994,0.0,411.54045999999994
1384,74,Female,23011,30510,721,3,1,2,0,True,True,12.0,852.0,50990.8,5290.0,0.0,50990.8,0.0,0.0,Debit/prepaid only,201.7704,0.0,201.7704
943,64,Male,87317,41998,773,1,1,0,0,True,False,0.0,0.0,0.0,0.0,0.0,0.0,0.0,,Dormant,0.0,0.0,0.0
1236,72,Female,25243,18006,730,5,1,4,0,True,True,12.0,1111.0,32476.61,6759.0,13465.78,19010.83,0.0,0.41463009840004855,Mixed,362.71495500000003,0.0,362.71495500000003
496,47,Male,36319,44737,730,4,2,2,0,True,True,12.0,559.0,29723.37,5167.0,15723.710000000001,13999.66,0.0,0.5290015903311098,Credit-primary,306.23811,95.0,401.23811
450,39,Male,43192,33517,739,2,0,2,0,False,True,12.0,707.0,43519.75,5307.0,0.0,43519.75,0.0,0.0,Debit/prepaid only,167.57637499999998,0.0,167.57637499999998
1753,46,Male,45476,67636,506,1,0,1,0,False,True,12.0,820.0,45123.68,2828.0,0.0,45123.68,0.0,0.0,Debit/prepaid only,193.34784,0.0,193.34784
304,31,Male,41297,34703,685,2,0,2,0,False,False,0.0,0.0,0.0,0.0,0.0,0.0,0.0,,Dormant,0.0,0.0,0.0
839,45,Female,54384,69717,622,3,1,2,0,True,True,12.0,454.0,40925.77,3778.0,12508.66,28417.11,0.0,0.30564263054794083,Mixed,292.197935,95.0,387.197935
138,43,Female,32770,103262,641,4,2,2,0,True,True,12.0,842.0,33894.02,3812.0,16464.12,17429.9,0.0,0.4857529440296548,Mixed,403.75310999999994,190.0,593.7531099999999
43,26,Female,61104,79486,721,1,0,1,0,False,False,0.0,0.0,0.0,0.0,0.0,0.0,0.0,,Dormant,0.0,0.0,0.0
1187,55,Male,47334,87775,701,1,1,0,0,True,True,12.0,400.0,21756.97,2890.0,17438.67,0.0,4318.3,0.8015210757747976,Credit-primary,275.03405999999995,95.0,370.03405999999995
849,67,Female,43828,60231,711,3,0,3,0,False,True,12.0,903.0,27139.83,6405.0,0.0,27139.83,0.0,0.0,Debit/prepaid only,199.997415,0.0,199.997415
654,47,Female,33883,50616,524,1,1,0,0,True,False,0.0,0.0,0.0,0.0,0.0,0.0,0.0,,Dormant,0.0,0.0,0.0
1898,44,Male,50993,75783,675,5,1,4,0,True,True,12.0,1137.0,60884.78,6454.0,32125.4,28759.38,0.0,0.527642540549543,Credit-primary,682.52739,0.0,682.52739
1971,48,Male,41690,69869,763,2,0,2,0,False,True,12.0,924.0,45742.24,7601.0,0.0,45742.24,0.0,0.0,Debit/prepaid only,213.11061999999998,0.0,213.11061999999998
1020,29,Female,54122,166903,796,2,0,2,0,False,True,12.0,1679.0,79662.29,5477.0,0.0,79662.29,0.0,0.0,Debit/prepaid only,389.682645,0.0,389.682645
22,56,Male,53966,135478,747,1,1,0,0,True,True,12.0,1146.0,48043.06,6474.0,48043.06,0.0,0.0,1.0,Credit-primary,748.2430799999998,0.0,748.2430799999998
1823,67,Male,65362,27745,743,6,2,3,1,True,True,12.0,939.0,77315.71,4819.0,44104.65,30779.63,2431.43,0.5704487483850307,Credit-primary,853.9255149999999,0.0,853.9255149999999
589,58,Male,27035,58050,595,2,0,2,0,False,True,12.0,417.0,20300.2,2958.0,0.0,20300.2,0.0,0.0,Debit/prepaid only,96.24109999999999,0.0,96.24109999999999
49,38,Male,38663,59053,686,3,0,3,0,False,False,0.0,0.0,0.0,0.0,0.0,0.0,0.0,,Dormant,0.0,0.0,0.0
1525,43,Female,38994,0,728,4,1,1,2,True,True,12.0,972.0,33736.06,3460.0,24738.4,0.0,8997.66,0.7332925065938347,Credit-primary,394.2432,95.0,489.2432
69,54,Female,38318,93284,748,6,3,3,0,True,True,12.0,799.0,30897.579999999998,5632.0,15067.51,15830.07,0.0,0.4876598749805001,Mixed,341.274215,0.0,341.274215
234,42,Female,37623,923,726,6,3,2,1,True,True,12.0,837.0,46714.48,2509.0,23088.81,23625.67,0.0,0.4942538159474321,Mixed,496.12191499999994,0.0,496.12191499999994
608,32,Male,2365,0,769,2,0,2,0,False,True,12.0,671.0,18263.66,5225.0,0.0,18263.66,0.0,0.0,Debit/prepaid only,147.42933,0.0,147.42933
1064,50,Female,48428,72566,654,1,0,0,1,False,False,0.0,0.0,0.0,0.0,0.0,0.0,0.0,,Dormant,0.0,0.0,0.0
374,58,Male,31177,18859,689,4,1,3,0,True,True,12.0,730.0,27853.67,719.0,12221.64,15632.03,0.0,0.438780239731425,Mixed,316.468535,0.0,316.468535
286,38,Male,38223,30756,725,4,0,4,0,False,True,12.0,749.0,31284.99,8492.0,0.0,31284.99,0.0,0.0,Debit/prepaid only,168.68649499999998,0.0,168.68649499999998
1419,53,Female,61490,116180,647,1,0,1,0,False,False,0.0,0.0,0.0,0.0,0.0,0.0,0.0,,Dormant,0.0,0.0,0.0
1435,41,Female,92017,157723,703,3,1,2,0,True,True,12.0,1887.0,86529.55,8492.24,47696.2,38833.35,0.0,0.5512128515634254,Credit-primary,1054.7396549999999,0.0,1054.7396549999999
1683,43,Male,25109,92,850,3,1,2,0,True,False,0.0,0.0,0.0,0.0,0.0,0.0,0.0,,Dormant,0.0,95.0,95.0
727,44,Male,40522,81572,801,4,2,2,0,True,True,12.0,1020.0,28492.38,2262.0,12454.87,16037.51,0.0,0.43712985717584846,Mixed,366.787915,0.0,366.787915
1150,46,Male,63030,93406,791,5,3,2,0,True,True,12.0,1517.0,68258.15,4175.0,35099.0,33159.15,0.0,0.5142096584803427,Credit-primary,786.344075,0.0,786.344075
332,61,Male,37362,21600,703,3,1,2,0,True,True,12.0,1036.0,39474.38,4886.0,18045.23,21429.15,0.0,0.4571377688515944,Mixed,434.0957149999999,0.0,434.0957149999999
487,52,Male,55059,162462,735,2,1,1,0,True,True,12.0,1139.0,81269.73,2792.0,0.0,81269.73,0.0,0.0,Debit/prepaid only,278.428865,0.0,278.428865
735,49,Female,67743,67132,752,3,2,1,0,True,False,0.0,0.0,0.0,0.0,0.0,0.0,0.0,,Dormant,0.0,0.0,0.0
137,33,Female,41069,64073,644,3,1,2,0,True,True,12.0,1901.0,95987.13,2594.0,47489.0,48498.13,0.0,0.4947434098717192,Mixed,1094.7540649999999,95.0,1189.7540649999999
570,34,Male,32245,43097,625,1,0,1,0,False,True,12.0,849.0,39450.41,4506.0,0.0,39450.41,0.0,0.0,Debit/prepaid only,195.762205,0.0,195.762205
1121,44,Female,84365,113529,796,5,2,3,0,True,True,12.0,1701.0,95004.34,6268.0,61690.5,33313.84,0.0,0.6493440194416381,Credit-primary,1249.8119199999999,0.0,1249.8119199999999
860,55,Male,62791,193215,692,4,1,3,0,True,True,12.0,1579.0,86740.5,5087.0,40431.34,46309.16,0.0,0.4661183645471262,Mixed,890.4226999999998,0.0,890.4226999999998
518,31,Male,45433,91998,523,1,1,0,0,True,False,0.0,0.0,0.0,0.0,0.0,0.0,0.0,,Dormant,0.0,0.0,0.0
1203,36,Male,41537,128044,582,1,0,0,1,False,True,12.0,433.0,17192.47,3182.0,0.0,0.0,17192.47,0.0,Debit/prepaid only,0.0,0.0,0.0
944,58,Male,119308,89328,789,5,1,4,0,True,True,12.0,992.0,108564.38,5473.0,70465.57,38098.81,0.0,0.6490671249630865,Credit-primary,1300.093165,0.0,1300.093165
388,25,Female,17310,21853,749,1,0,1,0,False,False,0.0,0.0,0.0,0.0,0.0,0.0,0.0,,Dormant,0.0,0.0,0.0
741,75,Male,41316,22629,826,1,0,1,0,False,False,0.0,0.0,0.0,0.0,0.0,0.0,0.0,,Dormant,0.0,0.0,0.0
1737,52,Male,37686,41173,739,4,0,4,0,False,True,12.0,1085.0,33028.82,5548.0,0.0,33028.82,0.0,0.0,Debit/prepaid only,241.59041,0.0,241.59041
1709,62,Female,35519,111115,744,1,0,1,0,False,True,12.0,642.0,32079.48,3644.0,0.0,32079.48,0.0,0.0,Debit/prepaid only,149.03773999999999,0.0,149.03773999999999
1018,90,Female,31805,614,755,4,2,2,0,True,True,12.0,1584.0,78747.09,5882.0,75632.37,3114.72,0.0,0.9604465384054192,Credit-primary,1270.9240199999997,95.0,1365.9240199999997
275,43,Female,76288,120771,710,4,2,2,0,True,True,12.0,2126.0,110459.53,3408.0,57175.17,53284.36,0.0,0.5176119253811781,Credit-primary,1283.60374,95.0,1378.60374
1367,49,Female,34255,36094,708,3,1,1,1,True,True,12.0,833.0,25073.78,3177.0,0.0,15951.26,9122.52,0.0,Debit/prepaid only,101.19563,0.0,101.19563
284,51,Male,50980,0,754,4,0,3,1,False,False,0.0,0.0,0.0,0.0,0.0,0.0,0.0,,Dormant,0.0,0.0,0.0
79,70,Female,29164,19851,625,3,1,2,0,True,True,12.0,613.0,36738.0,5271.0,20587.16,16150.84,0.0,0.5603778104415047,Credit-primary,391.0763,95.0,486.0763
1515,77,Female,30457,19314,520,5,3,1,1,True,True,12.0,764.0,42013.24,1187.0,19794.25,20491.42,1727.57,0.47114314439924176,Mixed,434.93370999999996,0.0,434.93370999999996
1934,47,Female,27763,59691,691,1,1,0,0,True,False,0.0,0.0,0.0,0.0,0.0,0.0,0.0,,Dormant,0.0,0.0,0.0
1964,68,Male,38637,30595,643,4,2,2,0,True,True,12.0,1051.0,43772.73,3723.0,20516.23,23256.5,0.0,0.4686988908391137,Mixed,490.32388999999995,0.0,490.32388999999995
982,46,Male,66489,45974,729,4,2,2,0,True,False,0.0,0.0,0.0,0.0,0.0,0.0,0.0,,Dormant,0.0,0.0,0.0
1676,51,Male,50936,88447,681,3,0,3,0,False,True,12.0,947.0,43175.43,3128.0,0.0,43175.43,0.0,0.0,Debit/prepaid only,218.89371500000001,0.0,218.89371500000001
1519,41,Female,40012,59472,849,4,1,3,0,True,True,12.0,1112.0,34341.12,2485.0,0.0,34341.12,0.0,0.0,Debit/prepaid only,249.44806,0.0,249.44806
1098,50,Male,34456,54634,752,4,1,3,0,True,True,12.0,3815.0,223957.0,79928.0,100998.42,122958.58,0.0,0.4509723741611113,Mixed,1759.6343499999998,0.0,1759.6343499999998
554,59,Male,53357,114266,690,5,1,3,1,True,True,12.0,1249.0,71882.86,3922.0,0.0,69727.23,2155.63,0.0,Debit/prepaid only,256.599115,0.0,256.599115
596,28,Male,34629,34484,721,1,1,0,0,True,True,12.0,711.0,36450.8,4881.0,36450.8,0.0,0.0,1.0,Credit-primary,568.2564,0.0,568.2564
170,34,Male,36983,58895,768,3,1,2,0,True,True,12.0,799.0,46455.15,4054.0,24271.27,22183.88,0.0,0.5224667232804113,Credit-primary,508.5103,95.0,603.5102999999999
794,49,Female,29621,0,730,3,0,2,1,False,True,12.0,372.0,19829.76,4435.0,0.0,13847.85,5981.91,0.0,Debit/prepaid only,51.272425,0.0,51.272425
1697,64,Male,41002,97188,685,6,1,4,1,True,True,12.0,972.0,34505.37,5739.0,0.0,29817.39,4687.98,0.0,Debit/prepaid only,166.675195,95.0,261.67519500000003
573,52,Male,30011,84166,589,1,1,0,0,True,True,12.0,1296.0,35374.75,6229.0,35374.75,0.0,0.0,1.0,Credit-primary,524.6234999999999,95.0,619.6234999999999
1026,84,Male,17016,691,714,4,2,0,2,True,True,12.0,1025.0,34155.21,4325.0,18069.35,0.0,16085.86,0.5290364193339757,Credit-primary,292.90229999999997,0.0,292.90229999999997
402,47,Male,43954,60913,744,2,0,2,0,False,True,12.0,1207.0,63125.11,4636.0,0.0,63125.11,0.0,0.0,Debit/prepaid only,282.714555,0.0,282.714555
1628,56,Male,63439,199706,786,2,1,1,0,True,False,0.0,0.0,0.0,0.0,0.0,0.0,0.0,,Dormant,0.0,95.0,95.0
553,73,Male,34067,17902,628,1,0,1,0,False,False,0.0,0.0,0.0,0.0,0.0,0.0,0.0,,Dormant,0.0,0.0,0.0
1551,47,Male,35699,63264,687,4,1,1,2,True,True,12.0,1462.0,106416.52,6451.0,62266.83,32100.37,12049.32,0.5851237195127222,Credit-primary,1170.9816250000001,0.0,1170.9816250000001
1672,28,Male,74644,204251,792,1,0,0,1,False,True,12.0,805.0,10863.72,499.0,0.0,0.0,10863.72,0.0,Debit/prepaid only,0.0,0.0,0.0
1135,89,Female,68010,0,704,5,2,2,1,True,True,12.0,1508.0,62284.07,2704.0,32924.9,22513.25,6845.92,0.5286247350245417,Credit-primary,696.405325,95.0,791.405325
1420,87,Female,60652,0,688,4,1,3,0,True,False,0.0,0.0,0.0,0.0,0.0,0.0,0.0,,Dormant,0.0,0.0,0.0
1589,39,Female,27494,44258,702,3,0,3,0,False,True,12.0,512.0,26527.29,3050.0,0.0,26527.29,0.0,0.0,Debit/prepaid only,119.258645,0.0,119.258645
1002,31,Male,38788,77448,716,1,0,1,0,False,True,11.0,311.0,22218.24,2596.0,0.0,22218.24,0.0,0.0,Debit/prepaid only,75.12112,0.0,75.12112
1411,57,Female,69007,52218,720,4,1,3,0,True,True,12.0,1136.0,60986.03,2155.0,30400.13,30585.9,0.0,0.49847694627769673,Mixed,694.15529,0.0,694.15529
1654,43,Male,49328,6197,693,5,4,1,0,True,True,12.0,2516.0,151919.24,26128.0,78488.23,73431.01,0.0,0.5166444355566813,Credit-primary,1553.2346449999995,95.0,1648.2346449999995
1330,65,Female,35404,30887,575,3,0,3,0,False,True,12.0,2148.0,95283.88,4653.0,0.0,95283.88,0.0,0.0,Debit/prepaid only,496.39544,0.0,496.39544
790,34,Female,46361,69620,743,2,0,2,0,False,True,12.0,1126.0,41541.24,3022.0,0.0,41541.24,0.0,0.0,Debit/prepaid only,255.71961999999996,0.0,255.71961999999996
552,54,Male,52538,132409,602,1,0,1,0,False,True,12.0,1126.0,90854.8,26146.0,0.0,90854.8,0.0,0.0,Debit/prepaid only,268.8144,0.0,268.8144
139,73,Female,31317,4591,687,3,0,2,1,False,False,0.0,0.0,0.0,0.0,0.0,0.0,0.0,,Dormant,0.0,0.0,0.0
1280,28,Male,32676,88515,641,1,1,0,0,True,False,0.0,0.0,0.0,0.0,0.0,0.0,0.0,,Dormant,0.0,95.0,95.0
883,33,Male,54333,103224,584,1,1,0,0,True,True,12.0,661.0,52724.6,2917.0,52724.6,0.0,0.0,1.0,Credit-primary,896.5367999999999,95.0,991.5367999999999
359,66,Male,57383,20725,799,4,2,1,1,True,True,12.0,1142.0,50723.92,3438.0,35557.9,0.0,15166.02,0.7010085182690928,Credit-primary,584.1161999999999,95.0,679.1161999999999
1921,44,Male,32064,9833,709,3,2,0,1,True,True,12.0,779.0,40441.79,6730.0,26021.04,0.0,14420.75,0.6434195914671432,Credit-primary,390.92472,0.0,390.92472
651,53,Female,34361,41375,643,1,1,0,0,True,False,0.0,0.0,0.0,0.0,0.0,0.0,0.0,,Dormant,0.0,0.0,0.0
557,59,Male,28245,13411,669,1,0,1,0,False,True,12.0,2083.0,70651.86,7648.0,0.0,70651.86,0.0,0.0,Debit/prepaid only,468.93193,0.0,468.93193
1071,26,Male,38363,63974,838,1,0,1,0,False,False,0.0,0.0,0.0,0.0,0.0,0.0,0.0,,Dormant,0.0,0.0,0.0
1175,93,Male,10782,346,770,6,3,3,0,True,False,0.0,0.0,0.0,0.0,0.0,0.0,0.0,,Dormant,0.0,95.0,95.0
1936,86,Female,35685,1135,714,5,2,3,0,True,True,12.0,982.0,45831.86,490.0,24121.89,21709.97,0.0,0.5263127003791686,Credit-primary,561.809005,0.0,561.809005
182,49,Female,50984,65126,616,2,0,2,0,False,False,0.0,0.0,0.0,0.0,0.0,0.0,0.0,,Dormant,0.0,0.0,0.0
468,48,Female,47374,35312,714,2,1,1,0,True,True,12.0,728.0,36062.42,5025.0,19173.38,16889.04,0.0,0.5316720286658522,Credit-primary,402.15286,95.0,497.15286
1651,33,Male,56018,100163,739,2,1,1,0,True,True,12.0,1604.0,139653.06,7114.0,139653.06,0.0,0.0,1.0,Credit-primary,2385.7030799999998,0.0,2385.7030799999998
1839,59,Female,27439,84665,631,1,0,1,0,False,False,0.0,0.0,0.0,0.0,0.0,0.0,0.0,,Dormant,0.0,0.0,0.0
1585,35,Female,42229,0,688,3,0,3,0,False,True,12.0,1700.0,66164.09,4234.0,0.0,66164.09,0.0,0.0,Debit/prepaid only,387.965045,0.0,387.965045
1245,54,Female,42900,111007,802,6,2,3,1,True,True,12.0,1136.0,42431.91,5296.0,20834.0,18136.91,3461.0,0.4909984019102604,Mixed,455.67945499999996,0.0,455.67945499999996
732,60,Male,39191,43396,756,6,1,3,2,True,True,12.0,482.0,27050.15,4344.0,0.0,22536.43,4513.72,0.0,Debit/prepaid only,80.379215,0.0,80.379215
476,68,Male,41473,98151,724,3,1,2,0,True,True,12.0,1395.0,81774.31,25622.0,0.0,81774.31,0.0,0.0,Debit/prepaid only,321.026155,0.0,321.026155
164,76,Male,37829,20185,658,4,1,3,0,True,True,12.0,802.0,36621.49,5819.0,20047.14,16574.35,0.0,0.5474146464275484,Credit-primary,421.2636949999999,0.0,421.2636949999999
40,71,Male,29243,30686,726,4,1,2,1,True,True,12.0,611.0,18087.4,1233.0,9115.46,6247.35,2724.59,0.503967402722337,Credit-primary,199.48095499999997,95.0,294.480955
1,43,Female,45360,14587,704,3,2,1,0,True,True,12.0,942.0,36485.57,2613.0,36485.57,0.0,0.0,1.0,Credit-primary,609.7062599999999,0.0,609.7062599999999
272,30,Female,53407,125586,767,2,1,1,0,True,False,0.0,0.0,0.0,0.0,0.0,0.0,0.0,,Dormant,0.0,0.0,0.0
988,68,Male,39832,5377,785,3,2,1,0,True,True,12.0,772.0,46193.38,2573.0,46193.38,0.0,0.0,1.0,Credit-primary,785.1668399999999,0.0,785.1668399999999
660,31,Female,44041,109159,680,2,1,1,0,True,True,12.0,619.0,24193.51,3144.0,24193.51,0.0,0.0,1.0,Credit-primary,378.89117999999996,95.0,473.89117999999996
1381,79,Male,29517,2470,690,3,1,2,0,True,True,12.0,1348.0,71991.64,8887.0,0.0,71991.64,0.0,0.0,Debit/prepaid only,314.63232,0.0,314.63232
184,50,Female,43529,126175,797,6,1,3,2,True,True,12.0,617.0,34955.27,3608.0,19412.54,12341.19,3201.54,0.5553537420823813,Credit-primary,380.433815,95.0,475.433815
1183,53,Male,32820,23004,740,4,1,3,0,True,True,12.0,664.0,32990.71,1074.0,14787.26,18203.45,0.0,0.4482249699991301,Mixed,357.05540499999995,0.0,357.05540499999995
905,69,Male,96901,182809,701,5,1,3,1,True,True,12.0,1102.0,85940.17,4507.0,51073.36,31490.41,3376.4,0.5942897250494152,Credit-primary,987.194685,0.0,987.194685
419,60,Male,33540,74530,734,5,1,4,0,True,True,12.0,1178.0,40712.62,6189.0,20956.55,19756.07,0.0,0.5147433400257708,Credit-primary,498.88893499999995,0.0,498.88893499999995
1241,40,Female,49396,39549,814,3,1,2,0,True,True,12.0,1378.0,115132.2,6013.0,0.0,115132.2,0.0,0.0,Debit/prepaid only,343.9396,0.0,343.9396
383,48,Male,34287,77180,760,2,1,1,0,True,True,12.0,582.0,23153.83,3696.0,12840.58,10313.25,0.0,0.5545769317646367,Credit-primary,264.416565,95.0,359.416565
1816,39,Female,34241,79551,784,2,1,1,0,True,True,12.0,555.0,25739.63,3332.0,25739.63,0.0,0.0,1.0,Credit-primary,403.33734,95.0,498.33734
1501,40,Male,36247,34079,712,3,1,2,0,True,False,0.0,0.0,0.0,0.0,0.0,0.0,0.0,,Dormant,0.0,0.0,0.0
497,63,Male,52380,8764,850,5,4,1,0,True,True,12.0,1052.0,61388.78,7070.0,36440.86,24947.92,0.0,0.5936078221460013,Credit-primary,745.11194,95.0,840.11194
44,85,Male,38194,1674,680,3,1,2,0,True,True,12.0,767.0,40072.73,4856.0,18653.91,21418.82,0.0,0.46550135216642335,Mixed,394.22429,0.0,394.22429
661,64,Male,42831,59948,566,3,1,2,0,True,True,12.0,587.0,21680.01,3697.0,10053.33,11626.68,0.0,0.46371426950448824,Mixed,241.46727999999996,95.0,336.46727999999996
939,80,Female,34819,2971,696,2,2,0,0,True,True,12.0,522.0,35228.58,5889.0,35228.58,0.0,0.0,1.0,Credit-primary,528.11244,0.0,528.11244
947,63,Male,34637,12623,710,4,0,2,2,False,True,12.0,1456.0,75837.81,5048.0,0.0,44162.81,31675.0,0.0,Debit/prepaid only,170.241905,0.0,170.241905
1749,50,Female,17657,21899,614,2,0,1,1,False,True,12.0,263.0,13529.25,2495.0,0.0,8990.87,4538.38,0.0,Debit/prepaid only,28.065935,0.0,28.065935
385,79,Male,30434,23883,740,7,1,6,0,True,True,12.0,820.0,31001.39,5689.0,16216.99,14784.4,0.0,0.5231052543127905,Credit-primary,362.20101999999997,0.0,362.20101999999997
1298,32,Female,25603,26348,729,2,1,1,0,True,True,12.0,624.0,22276.98,3224.0,11937.86,10339.12,0.0,0.5358832301326302,Credit-primary,265.96904,0.0,265.96904
913,56,Male,28476,0,693,2,1,1,0,True,True,12.0,401.0,18755.56,3388.0,13693.01,5062.55,0.0,0.7300773743892477,Credit-primary,237.98395499999998,0.0,237.98395499999998
1634,66,Male,20577,60152,825,4,3,1,0,True,True,12.0,1140.0,18489.64,939.0,10011.44,8478.2,0.0,0.5414621377160399,Credit-primary,331.53552,0.0,331.53552
804,64,Male,30252,24172,812,5,2,3,0,True,True,12.0,1426.0,49891.34,6117.0,28293.91,21597.43,0.0,0.5671106448533955,Credit-primary,635.645595,0.0,635.645595
1703,47,Female,49169,65994,747,2,2,0,0,True,True,12.0,2018.0,86788.83,6342.0,86788.83,0.0,0.0,1.0,Credit-primary,1448.0429399999998,0.0,1448.0429399999998
1741,92,Male,24960,889,707,9,6,2,1,True,True,12.0,848.0,59863.17,4363.0,34039.14,21410.02,4414.01,0.5686157281680874,Credit-primary,647.73653,190.0,837.73653
766,44,Female,30967,61201,685,3,1,2,0,True,False,0.0,0.0,0.0,0.0,0.0,0.0,0.0,,Dormant,0.0,0.0,0.0
472,50,Male,46039,79738,672,4,1,2,1,True,True,12.0,1604.0,82693.8,26660.0,37475.13,39855.31,5363.36,0.4531794402966123,Mixed,634.068995,0.0,634.068995
366,50,Female,39911,93823,625,7,4,3,0,True,True,12.0,1439.0,53661.34,7090.0,27651.77,26009.57,0.0,0.515301518747016,Credit-primary,619.156645,0.0,619.156645
1705,50,Male,27952,2070,850,3,1,2,0,True,False,0.0,0.0,0.0,0.0,0.0,0.0,0.0,,Dormant,0.0,0.0,0.0
1638,79,Female,57824,31354,668,5,2,3,0,True,True,12.0,1296.0,58696.54,5263.0,29866.23,28830.31,0.0,0.5088243702269333,Credit-primary,678.158295,0.0,678.158295
1953,29,Female,43996,16260,842,1,0,0,1,False,False,0.0,0.0,0.0,0.0,0.0,0.0,0.0,,Dormant,0.0,0.0,0.0
1771,41,Male,51943,61722,794,3,0,2,1,False,True,12.0,1270.0,55531.96,6766.0,0.0,50062.03,5469.93,0.0,Debit/prepaid only,217.222015,0.0,217.222015
931,34,Male,69270,97114,540,1,0,1,0,False,True,12.0,754.0,46302.33,5855.96,0.0,46302.33,0.0,0.0,Debit/prepaid only,178.563185,0.0,178.563185
1190,49,Female,44383,42369,707,5,1,3,1,True,True,12.0,2234.0,87416.72,5662.0,0.0,84972.63,2444.09,0.0,Debit/prepaid only,469.31531499999994,95.0,564.3153149999999
371,82,Male,92368,2689,719,4,1,2,1,True,True,12.0,1656.0,135449.88,2883.0,14482.18,115119.62,5848.08,0.10691910542851718,Mixed,559.61005,0.0,559.61005
1404,52,Female,36472,80469,526,2,0,2,0,False,True,12.0,478.0,26747.38,3288.0,0.0,26747.38,0.0,0.0,Debit/prepaid only,112.10969,0.0,112.10969
1364,47,Male,3,5,750,2,1,1,0,True,True,12.0,355.0,7694.55,2431.0,7694.55,0.0,0.0,1.0,Credit-primary,94.7439,0.0,94.7439
327,44,Male,36843,52248,772,5,1,4,0,True,True,12.0,1999.0,92310.28,2248.0,0.0,92310.28,0.0,0.0,Debit/prepaid only,464.82113999999996,0.0,464.82113999999996
594,29,Male,33933,5329,698,1,0,1,0,False,False,0.0,0.0,0.0,0.0,0.0,0.0,0.0,,Dormant,0.0,0.0,0.0
1704,27,Male,63760,151177,716,1,0,1,0,False,False,0.0,0.0,0.0,0.0,0.0,0.0,0.0,,Dormant,0.0,0.0,0.0
1500,53,Male,52904,144534,680,4,2,1,1,True,True,12.0,1028.0,45962.05,3525.0,37403.9,0.0,8558.15,0.8137996455771663,Credit-primary,622.8342,0.0,622.8342
1788,59,Female,41845,90940,673,4,1,3,0,True,True,12.0,1398.0,44814.21,4679.0,22536.38,22277.829999999998,0.0,0.5028846876916943,Credit-primary,569.399255,0.0,569.399255
129,56,Female,44875,125909,510,1,0,0,1,False,False,0.0,0.0,0.0,0.0,0.0,0.0,0.0,,Dormant,0.0,0.0,0.0
1756,30,Male,57969,92382,691,2,2,0,0,True,True,12.0,638.0,48794.06,3991.0,48794.06,0.0,0.0,1.0,Credit-primary,806.45508,0.0,806.45508
197,32,Male,32128,58373,724,3,0,3,0,False,True,12.0,1473.0,62267.44,1724.0,0.0,62267.44,0.0,0.0,Debit/prepaid only,339.60172,0.0,339.60172
219,47,Male,22505,27928,798,3,2,1,0,True,True,12.0,541.0,19738.98,5412.0,9241.81,10497.17,0.0,0.4682009911353069,Mixed,197.64766499999996,0.0,197.64766499999996
1820,60,Female,38394,69393,693,5,2,3,0,True,True,12.0,376.0,22583.69,2558.0,10588.43,11995.26,0.0,0.4688529642410076,Mixed,227.91286999999997,95.0,322.91287
726,58,Male,44924,27297,717,3,1,2,0,True,True,12.0,889.0,25654.48,5952.0,0.0,25654.48,0.0,0.0,Debit/prepaid only,196.54124,95.0,291.54124
20,86,Female,23371,0,757,8,3,5,0,True,True,12.0,1093.0,35773.8,6892.0,18654.23,17119.57,0.0,0.5214494965589341,Credit-primary,444.62992499999996,0.0,444.62992499999996
216,60,Female,33178,85620,687,3,0,1,2,False,True,12.0,495.0,27424.14,4494.0,0.0,17855.02,9569.12,0.0,Debit/prepaid only,55.712509999999995,0.0,55.712509999999995
293,32,Female,42084,57760,661,1,0,1,0,False,True,12.0,893.0,34782.76,3563.0,0.0,34782.76,0.0,0.0,Debit/prepaid only,203.13988,0.0,203.13988
1996,46,Female,44768,59862,728,3,1,2,0,True,True,12.0,643.0,36249.3,4654.0,0.0,36249.3,0.0,0.0,Debit/prepaid only,150.82765,0.0,150.82765
1171,90,Male,39214,0,781,5,2,1,2,True,True,12.0,621.0,50426.25,1553.0,30976.54,13619.45,5830.26,0.6142939441263231,Credit-primary,575.6044449999999,0.0,575.6044449999999
1154,73,Male,38809,19912,788,4,0,4,0,False,False,0.0,0.0,0.0,0.0,0.0,0.0,0.0,,Dormant,0.0,0.0,0.0
819,55,Female,37495,28449,687,3,2,1,0,True,True,12.0,824.0,34328.21,5959.0,17556.08,16772.13,0.0,0.5114184514718362,Credit-primary,406.116005,0.0,406.116005
1554,49,Male,51802,91118,696,1,1,0,0,True,False,0.0,0.0,0.0,0.0,0.0,0.0,0.0,,Dormant,0.0,0.0,0.0
1079,65,Female,103294,39076,831,3,1,2,0,True,True,12.0,1337.0,82833.93,5457.0,46666.11,36167.82,0.0,0.5633695032941212,Credit-primary,956.3028899999999,95.0,1051.30289
240,50,Male,34868,51984,745,2,0,2,0,False,True,12.0,676.0,22742.78,2871.0,0.0,22742.78,0.0,0.0,Debit/prepaid only,151.89589,0.0,151.89589
751,61,Female,49677,108399,593,4,2,1,1,True,True,12.0,621.0,47736.51,5139.0,47736.51,0.0,0.0,1.0,Credit-primary,766.75518,0.0,766.75518
773,67,Male,11029,3225,786,3,0,2,1,False,True,12.0,1158.0,39793.06,4701.0,0.0,22233.59,17559.47,0.0,Debit/prepaid only,112.70479499999999,0.0,112.70479499999999
1294,39,Female,59114,132715,730,2,0,2,0,False,True,12.0,968.0,65839.34,3901.0,0.0,65839.34,0.0,0.0,Debit/prepaid only,234.24917,0.0,234.24917
1567,43,Female,40576,54011,747,2,0,2,0,False,True,12.0,865.0,55859.05,1551.0,0.0,55859.05,0.0,0.0,Debit/prepaid only,208.804025,0.0,208.804025
132,77,Female,31555,12777,696,4,1,2,1,True,True,12.0,370.0,19514.72,4038.0,9491.3,8263.42,1760.0,0.4863661892151155,Mixed,180.27410999999998,0.0,180.27410999999998
512,48,Male,72844,207423,718,1,0,1,0,False,False,0.0,0.0,0.0,0.0,0.0,0.0,0.0,,Dormant,0.0,0.0,0.0
178,47,Female,49045,0,727,2,0,2,0,False,True,12.0,932.0,42724.44,6734.0,0.0,42724.44,0.0,0.0,Debit/prepaid only,213.71522,0.0,213.71522
1077,57,Female,12044,10323,576,3,0,2,1,False,True,12.0,2404.0,55495.77,3850.0,0.0,49701.92,5793.85,0.0,Debit/prepaid only,347.83696,0.0,347.83696
914,38,Male,46160,87459,763,4,1,3,0,True,True,12.0,1083.0,57327.52,26006.0,25139.19,32188.33,0.0,0.4385187079434101,Mixed,403.166585,0.0,403.166585
1840,46,Female,44249,103229,706,5,3,1,1,True,True,12.0,1330.0,33215.37,4568.0,16792.12,16051.23,372.02,0.5055527004516281,Credit-primary,418.66977499999996,0.0,418.66977499999996
550,76,Male,30248,35766,763,4,2,1,1,True,True,12.0,1283.0,63605.49,2199.0,30123.64,0.0,33481.85,0.4736012567468626,Mixed,525.9535199999999,0.0,525.9535199999999
977,83,Female,22873,0,710,5,3,2,0,True,True,12.0,1154.0,44839.66,3420.0,22042.06,22797.6,0.0,0.49157509222862084,Mixed,545.04588,190.0,735.04588
933,50,Male,43290,90238,690,3,2,0,1,True,True,12.0,724.0,27916.05,5360.0,19471.69,0.0,8444.36,0.6975087807909787,Credit-primary,289.84842,95.0,384.84842
938,28,Female,50934,54406,720,1,1,0,0,True,True,12.0,1043.0,62197.33,5643.0,62197.33,0.0,0.0,1.0,Credit-primary,1017.97794,0.0,1017.97794
622,23,Male,87437,0,738,1,0,0,1,False,False,0.0,0.0,0.0,0.0,0.0,0.0,0.0,,Dormant,0.0,0.0,0.0
796,25,Female,43178,74257,746,1,1,0,0,True,False,0.0,0.0,0.0,0.0,0.0,0.0,0.0,,Dormant,0.0,0.0,0.0
621,51,Male,27372,54474,612,1,0,1,0,False,True,12.0,655.0,27066.54,882.0,0.0,27066.54,0.0,0.0,Debit/prepaid only,150.64227,0.0,150.64227
1687,70,Female,40189,24169,621,1,0,1,0,False,True,12.0,2000.0,90058.7,4319.0,0.0,90058.7,0.0,0.0,Debit/prepaid only,462.86985,0.0,462.86985
1890,29,Male,32024,69171,754,1,0,1,0,False,False,0.0,0.0,0.0,0.0,0.0,0.0,0.0,,Dormant,0.0,0.0,0.0
544,34,Female,59999,128311,676,1,0,0,1,False,False,0.0,0.0,0.0,0.0,0.0,0.0,0.0,,Dormant,0.0,0.0,0.0
810,77,Female,22540,16946,705,6,3,3,0,True,True,12.0,1391.0,64620.13,5099.0,37969.78,26650.35,0.0,0.5875843951412664,Credit-primary,841.4942149999998,95.0,936.4942149999998
58,38,Female,52512,95640,706,1,0,1,0,False,True,12.0,941.0,61798.64,8101.0,0.0,61798.64,0.0,0.0,Debit/prepaid only,224.45881999999997,0.0,224.45881999999997
1986,44,Female,48430,62384,716,2,0,2,0,False,True,12.0,679.0,41725.63,4864.0,0.0,41725.63,0.0,0.0,Debit/prepaid only,161.020815,0.0,161.020815
1084,36,Male,64262,75415,775,4,2,2,0,True,True,12.0,1076.0,53070.69,6209.0,33295.7,19774.99,0.0,0.6273839665547969,Credit-primary,687.7780949999999,95.0,782.7780949999999
1349,48,Female,28267,35727,799,3,2,1,0,True,False,0.0,0.0,0.0,0.0,0.0,0.0,0.0,,Dormant,0.0,95.0,95.0
1825,70,Female,45754,9066,718,4,2,1,1,True,True,12.0,1400.0,56261.56,7621.0,30214.12,19435.77,6611.67,0.537029545572501,Credit-primary,595.888545,0.0,595.888545
98,80,Female,16646,1639,590,2,2,0,0,True,True,12.0,1996.0,79265.04,5351.0,79265.04,0.0,0.0,1.0,Credit-primary,1330.4527199999998,95.0,1425.4527199999998
615,35,Female,44766,68989,713,2,1,1,0,True,True,12.0,1019.0,75185.39,6813.0,44279.69,30905.7,0.0,0.5889400853011469,Credit-primary,874.28577,95.0,969.28577
1488,34,Female,41091,86837,695,5,2,3,0,True,True,12.0,1063.0,34189.86,2469.0,16294.64,17895.22,0.0,0.47659276756324825,Mixed,423.60412999999994,0.0,423.60412999999994
211,43,Male,28983,36482,755,3,0,3,0,False,True,12.0,1245.0,24548.47,1671.0,0.0,24548.47,0.0,0.0,Debit/prepaid only,272.888735,0.0,272.888735
1443,47,Male,35016,54455,732,3,1,2,0,True,True,12.0,1185.0,61218.83,4196.0,28684.84,32533.99,0.0,0.46856236880057983,Mixed,642.671115,0.0,642.671115
801,82,Female,23175,1626,723,5,2,3,0,True,True,12.0,679.0,21976.77,2133.0,11811.17,10165.6,0.0,0.5374388502041019,Credit-primary,276.69485999999995,0.0,276.69485999999995
655,49,Female,30340,64661,552,3,1,2,0,True,True,12.0,1230.0,39731.88,5542.0,0.0,39731.88,0.0,0.0,Debit/prepaid only,275.39494,95.0,370.39494
669,38,Female,41141,71060,683,2,1,1,0,True,True,12.0,1079.0,33928.7,1593.0,14250.41,19678.29,0.0,0.42001049259181755,Mixed,400.47502499999996,0.0,400.47502499999996
1726,67,Female,23533,23132,687,1,0,1,0,False,False,0.0,0.0,0.0,0.0,0.0,0.0,0.0,,Dormant,0.0,0.0,0.0
418,29,Male,51891,83166,693,1,0,1,0,False,False,0.0,0.0,0.0,0.0,0.0,0.0,0.0,,Dormant,0.0,0.0,0.0
242,41,Male,43560,58544,850,4,0,4,0,False,True,12.0,836.0,47829.57,4909.0,0.0,47829.57,0.0,0.0,Debit/prepaid only,197.020285,0.0,197.020285
168,51,Female,31713,42895,646,1,0,1,0,False,False,0.0,0.0,0.0,0.0,0.0,0.0,0.0,,Dormant,0.0,0.0,0.0
960,29,Male,53376,60953,750,1,0,1,0,False,False,0.0,0.0,0.0,0.0,0.0,0.0,0.0,,Dormant,0.0,0.0,0.0
1911,58,Female,33793,108196,768,4,1,2,1,True,False,0.0,0.0,0.0,0.0,0.0,0.0,0.0,,Dormant,0.0,95.0,95.0
259,71,Female,38009,20529,689,3,0,3,0,False,False,0.0,0.0,0.0,0.0,0.0,0.0,0.0,,Dormant,0.0,0.0,0.0
300,40,Male,75711,121251,750,1,0,1,0,False,True,12.0,636.0,47310.27,4559.0,0.0,47310.27,0.0,0.0,Debit/prepaid only,154.935635,0.0,154.935635
1967,55,Male,61793,686,767,4,1,2,1,True,True,12.0,981.0,39266.86,2331.0,0.0,39266.86,0.0,0.0,Debit/prepaid only,224.47793,95.0,319.47793
434,31,Female,53395,73370,785,1,1,0,0,True,True,12.0,869.0,55702.36,7453.0,55702.36,0.0,0.0,1.0,Credit-primary,868.48848,95.0,963.48848
1076,61,Female,37342,48611,779,4,2,2,0,True,True,12.0,663.0,33238.32,3987.0,18746.45,14491.87,0.0,0.5640011288175817,Credit-primary,389.956035,0.0,389.956035
723,59,Female,35397,55112,828,5,2,2,1,True,True,12.0,938.0,28614.31,4035.0,16147.91,9335.88,3130.52,0.5643298755063463,Credit-primary,347.49082,0.0,347.49082
1398,52,Male,70862,16595,745,5,2,2,1,True,True,12.0,1689.0,89309.98,2032.0,51119.17,29829.88,8360.93,0.5723791450854653,Credit-primary,1038.0594999999998,0.0,1038.0594999999998
1464,63,Female,49569,58019,682,2,0,1,1,False,True,12.0,981.0,69371.7,2150.0,0.0,66220.21,3151.49,0.0,Debit/prepaid only,191.808105,0.0,191.808105
1505,29,Male,37677,66737,685,1,0,1,0,False,False,0.0,0.0,0.0,0.0,0.0,0.0,0.0,,Dormant,0.0,0.0,0.0
1130,50,Female,44355,44779,680,3,2,1,0,True,True,12.0,1296.0,72871.51,4946.0,37988.73,34882.78,0.0,0.5213111406638892,Credit-primary,833.84803,95.0,928.84803
62,78,Female,22290,9235,716,6,0,6,0,False,True,12.0,1254.0,47099.16,8057.0,0.0,47099.16,0.0,0.0,Debit/prepaid only,282.86107999999996,0.0,282.86107999999996
1623,32,Female,35227,25277,746,2,2,0,0,True,True,12.0,737.0,28619.87,5549.0,28619.87,0.0,0.0,1.0,Credit-primary,415.27565999999996,95.0,510.27565999999996
1416,73,Female,48750,18724,709,8,3,4,1,True,True,12.0,983.0,65386.19,5387.0,34974.68,27778.51,2633.0,0.534893989082404,Credit-primary,681.6649949999999,0.0,681.6649949999999
1998,65,Male,645,790,688,3,1,1,1,True,True,12.0,411.0,10292.03,2195.0,4624.39,3312.22,2355.42,0.4493175787478272,Mixed,104.75412999999999,0.0,104.75412999999999
1299,40,Female,37299,31923,723,2,1,1,0,True,True,12.0,661.0,30098.5,3434.0,16157.07,13941.43,0.0,0.5368064853730252,Credit-primary,350.680975,0.0,350.680975
303,94,Male,60080,1807,690,6,4,2,0,True,True,12.0,1772.0,142394.62,5897.0,78484.75,63909.87,0.0,0.5511777762390181,Credit-primary,1580.611935,190.0,1770.611935
1138,51,Female,41886,107734,768,3,1,1,1,True,True,12.0,2122.0,84647.59,5757.0,38202.6,32752.77,13692.22,0.4513134987068149,Mixed,814.1516849999999,0.0,814.1516849999999
1750,47,Female,70711,100226,741,2,0,1,1,False,True,12.0,1031.0,78214.14,5697.0,0.0,75432.45,2781.69,0.0,Debit/prepaid only,213.62422499999997,0.0,213.62422499999997
1117,49,Female,27691,24480,687,2,0,2,0,False,True,12.0,1307.0,107171.15,2297.0,0.0,107171.15,0.0,0.0,Debit/prepaid only,326.90707499999996,0.0,326.90707499999996
1322,35,Female,45508,93806,636,1,1,0,0,True,False,0.0,0.0,0.0,0.0,0.0,0.0,0.0,,Dormant,0.0,0.0,0.0
878,45,Male,40093,81752,615,2,1,1,0,True,False,0.0,0.0,0.0,0.0,0.0,0.0,0.0,,Dormant,0.0,95.0,95.0
609,59,Male,37536,63386,717,3,2,1,0,True,True,12.0,825.0,21741.41,1850.0,11550.460000000001,10190.95,0.0,0.5312654515047552,Credit-primary,304.671255,0.0,304.671255
1313,35,Male,30172,39959,653,2,1,0,1,True,True,12.0,1483.0,54518.96,2531.0,0.0,0.0,54518.96,0.0,Debit/prepaid only,0.0,0.0,0.0
1558,47,Female,51330,106161,597,2,0,2,0,False,True,12.0,1403.0,93974.86,3245.98,0.0,93974.86,0.0,0.0,Debit/prepaid only,339.99444,0.0,339.99444
399,37,Female,64252,92973,802,1,0,1,0,False,False,0.0,0.0,0.0,0.0,0.0,0.0,0.0,,Dormant,0.0,0.0,0.0
325,45,Male,39942,52441,709,4,1,3,0,True,False,0.0,0.0,0.0,0.0,0.0,0.0,0.0,,Dormant,0.0,0.0,0.0
689,65,Female,39077,14019,709,1,0,1,0,False,False,0.0,0.0,0.0,0.0,0.0,0.0,0.0,,Dormant,0.0,0.0,0.0
1763,49,Male,38039,27179,717,2,0,2,0,False,True,12.0,894.0,35140.5,5851.0,0.0,35140.5,0.0,0.0,Debit/prepaid only,202.38474999999997,0.0,202.38474999999997
884,75,Male,42812,22171,631,4,1,2,1,True,True,12.0,1392.0,56080.81,3216.0,25101.53,17634.73,13344.55,0.4475957105469768,Mixed,526.338905,0.0,526.338905
1701,56,Male,23231,48624,726,3,1,2,0,True,False,0.0,0.0,0.0,0.0,0.0,0.0,0.0,,Dormant,0.0,0.0,0.0
126,63,Male,26600,0,799,4,0,4,0,False,True,12.0,1056.0,26141.61,3265.0,0.0,26141.61,0.0,0.0,Debit/prepaid only,233.198305,0.0,233.198305
1051,32,Female,49800,137460,694,1,0,1,0,False,False,0.0,0.0,0.0,0.0,0.0,0.0,0.0,,Dormant,0.0,0.0,0.0
462,63,Female,50696,32793,767,5,1,3,1,True,True,12.0,982.0,64989.57,4583.0,42163.59,22825.98,0.0,0.6487747187741048,Credit-primary,822.6486099999998,0.0,822.6486099999998
1454,30,Male,35813,43474,748,1,1,0,0,True,False,0.0,0.0,0.0,0.0,0.0,0.0,0.0,,Dormant,0.0,95.0,95.0
467,38,Male,44831,20906,705,2,2,0,0,True,True,12.0,1114.0,47704.5,6929.0,41258.32,6446.18,0.0,0.8648727059292101,Credit-primary,675.5233499999999,0.0,675.5233499999999
1802,39,Female,59313,102360,802,2,1,1,0,True,True,12.0,1722.0,136652.98,4493.0,136652.98,0.0,0.0,1.0,Credit-primary,2378.87964,0.0,2378.87964
1563,49,Female,22583,62461,683,4,1,3,0,True,True,12.0,1283.0,43129.96,4502.0,18514.3,24615.66,0.0,0.4292677294391184,Mixed,499.76422999999994,0.0,499.76422999999994
709,26,Female,42931,48783,742,3,0,3,0,False,True,12.0,1092.0,39666.94,4603.0,0.0,39666.94,0.0,0.0,Debit/prepaid only,246.85197,0.0,246.85197
372,32,Male,24668,22338,756,1,0,1,0,False,False,0.0,0.0,0.0,0.0,0.0,0.0,0.0,,Dormant,0.0,0.0,0.0
929,63,Female,56102,59198,850,1,1,0,0,True,False,0.0,0.0,0.0,0.0,0.0,0.0,0.0,,Dormant,0.0,95.0,95.0
253,61,Male,44257,110587,664,1,1,0,0,True,False,0.0,0.0,0.0,0.0,0.0,0.0,0.0,,Dormant,0.0,0.0,0.0
1549,68,Male,63355,140526,747,5,2,2,1,True,True,12.0,534.0,47158.88,3683.0,31376.510000000002,13436.62,2345.75,0.6653361996722569,Credit-primary,566.25949,0.0,566.25949
529,55,Male,45767,41791,721,4,2,1,1,True,False,0.0,0.0,0.0,0.0,0.0,0.0,0.0,,Dormant,0.0,95.0,95.0
1306,46,Female,33137,40559,706,2,1,1,0,True,False,0.0,0.0,0.0,0.0,0.0,0.0,0.0,,Dormant,0.0,0.0,0.0
1798,79,Male,37898,32994,517,2,1,1,0,True,False,0.0,0.0,0.0,0.0,0.0,0.0,0.0,,Dormant,0.0,95.0,95.0
1829,25,Male,44204,59310,710,1,0,1,0,False,False,0.0,0.0,0.0,0.0,0.0,0.0,0.0,,Dormant,0.0,0.0,0.0
1881,67,Male,56542,9097,733,6,1,4,1,True,True,12.0,1664.0,38813.47,6070.0,21152.079999999998,17661.39,0.0,0.5449675074143074,Credit-primary,569.8631349999998,0.0,569.8631349999998
1706,24,Female,26839,70077,805,1,1,0,0,True,False,0.0,0.0,0.0,0.0,0.0,0.0,0.0,,Dormant,0.0,95.0,95.0
848,51,Male,68362,96182,711,2,1,1,0,True,True,12.0,652.0,56563.54,6320.0,32033.82,24529.72,0.0,0.5663333659809835,Credit-primary,583.1586199999999,95.0,678.1586199999999
1044,30,Male,45649,150985,693,1,0,1,0,False,False,0.0,0.0,0.0,0.0,0.0,0.0,0.0,,Dormant,0.0,0.0,0.0
1112,34,Female,29897,27736,760,4,1,3,0,True,False,0.0,0.0,0.0,0.0,0.0,0.0,0.0,,Dormant,0.0,0.0,0.0
802,35,Female,59872,95927,752,4,2,2,0,True,True,12.0,1128.0,65204.01,7825.0,39130.99,26073.02,0.0,0.6001316483449407,Credit-primary,770.1293299999999,0.0,770.1293299999999
859,51,Male,32531,78193,631,4,1,3,0,True,True,12.0,1006.0,46305.42,3824.0,22528.55,23776.87,0.0,0.4865208003728289,Mixed,505.00283499999995,0.0,505.00283499999995
441,41,Female,46108,64994,635,1,0,1,0,False,True,12.0,898.0,38653.88,3054.0,0.0,38653.88,0.0,0.0,Debit/prepaid only,206.37993999999998,0.0,206.37993999999998
879,54,Male,22714,27227,702,3,1,2,0,True,True,12.0,1045.0,39259.29,5462.0,18927.14,20332.15,0.0,0.48210601872830605,Mixed,451.636095,0.0,451.636095
1437,77,Female,44807,13730,751,3,1,2,0,True,True,12.0,1811.0,41921.11,3898.0,23984.7,17936.41,0.0,0.572138953381721,Credit-primary,642.916305,0.0,642.916305
1413,39,Female,31170,33165,685,5,1,4,0,True,True,12.0,1306.0,39055.85,2029.0,19515.69,19540.16,0.0,0.4996867306690291,Mixed,524.223,0.0,524.223
1710,33,Female,40029,0,787,3,2,1,0,True,True,12.0,652.0,31153.15,3220.0,15328.27,15824.88,0.0,0.492029537943996,Mixed,345.7888,0.0,345.7888
1037,38,Male,50957,73187,653,2,1,1,0,True,False,0.0,0.0,0.0,0.0,0.0,0.0,0.0,,Dormant,0.0,0.0,0.0
107,50,Male,26758,41064,734,4,2,1,1,True,True,12.0,375.0,20704.59,3085.0,0.0,15775.92,4928.67,0.0,Debit/prepaid only,55.712959999999995,0.0,55.712959999999995
1247,69,Female,44152,90526,700,5,1,4,0,True,True,12.0,932.0,58352.0,8741.0,28747.36,29604.64,0.0,0.49265423635865097,Mixed,589.8868,0.0,589.8868
10,30,Male,58865,94134,727,1,0,1,0,False,False,0.0,0.0,0.0,0.0,0.0,0.0,0.0,,Dormant,0.0,0.0,0.0
1725,49,Female,42652,133935,729,6,0,5,1,False,True,12.0,1064.0,57060.58,6407.0,0.0,57060.58,0.0,0.0,Debit/prepaid only,248.76679000000001,0.0,248.76679000000001
1145,43,Female,75080,35268,747,3,1,1,1,True,True,12.0,2023.0,98583.03,3815.0,54362.45,44220.58,0.0,0.5514382140617914,Credit-primary,1229.5518899999997,0.0,1229.5518899999997
864,56,Female,39146,72957,766,3,3,0,0,True,False,0.0,0.0,0.0,0.0,0.0,0.0,0.0,,Dormant,0.0,0.0,0.0
1357,75,Female,11410,0,812,7,4,2,1,True,True,12.0,1469.0,40841.06,4126.0,20812.06,20029.0,0.0,0.5095866757620885,Credit-primary,551.91608,380.0,931.91608
1344,61,Male,46843,66529,736,2,1,1,0,True,True,12.0,1235.0,57243.54,6098.0,29454.21,27789.33,0.0,0.5145420775863966,Credit-primary,667.8789449999999,0.0,667.8789449999999
1748,44,Female,54659,73363,628,1,0,1,0,False,False,0.0,0.0,0.0,0.0,0.0,0.0,0.0,,Dormant,0.0,0.0,0.0
1123,44,Male,27896,42046,710,3,1,1,1,True,True,12.0,617.0,20899.35,4586.0,11780.31,0.0,9119.04,0.5636687265393422,Credit-primary,185.15357999999998,0.0,185.15357999999998
546,51,Male,51196,26617,681,3,1,2,0,True,True,12.0,712.0,48413.34,5566.0,30043.91,18369.43,0.0,0.6205709004997383,Credit-primary,563.7295949999999,95.0,658.7295949999999
430,52,Female,53350,128676,685,5,3,1,1,True,True,12.0,2047.0,116105.67,4386.0,62733.35,32583.83,20788.49,0.5403125445983818,Credit-primary,1239.1342149999998,95.0,1334.1342149999998
61,44,Female,93406,151935,801,3,1,2,0,True,True,12.0,1162.0,82940.14,6023.0,51061.659999999996,31878.48,0.0,0.615644728836966,Credit-primary,1011.0851199999998,0.0,1011.0851199999998
1621,66,Male,74059,144396,744,4,2,2,0,True,True,12.0,1075.0,48777.7,4363.0,24065.86,24711.84,0.0,0.4933783265713636,Mixed,532.7849,0.0,532.7849
269,21,Female,38739,0,689,1,0,0,1,False,False,0.0,0.0,0.0,0.0,0.0,0.0,0.0,,Dormant,0.0,0.0,0.0
37,41,Female,34690,48954,683,3,1,2,0,True,True,12.0,1178.0,71730.18,28470.0,34305.97,37424.21,0.0,0.4782641002713224,Mixed,592.1645649999999,0.0,592.1645649999999
1793,37,Male,29297,36303,825,3,1,0,2,True,True,12.0,445.0,19844.96,4513.0,11463.76,0.0,8381.2,0.5776660673541293,Credit-primary,169.95167999999998,95.0,264.95168
1846,82,Male,33356,938,566,4,2,1,1,True,True,12.0,651.0,20702.51,2201.0,20702.51,0.0,0.0,1.0,Credit-primary,333.02717999999993,0.0,333.02717999999993
116,31,Male,67230,45269,685,2,0,1,1,False,True,12.0,1205.0,66500.33,6811.0,0.0,52875.9,13624.43,0.0,Debit/prepaid only,171.83095,0.0,171.83095
752,65,Female,64829,15537,664,3,1,2,0,True,True,12.0,529.0,50169.53,6097.0,0.0,50169.53,0.0,0.0,Debit/prepaid only,133.126265,0.0,133.126265
683,61,Male,51039,0,704,5,1,3,1,True,True,12.0,809.0,45107.23,4705.0,23657.45,21449.78,0.0,0.5244713541487694,Credit-primary,514.00649,0.0,514.00649
559,56,Male,35468,53185,490,2,0,2,0,False,False,0.0,0.0,0.0,0.0,0.0,0.0,0.0,,Dormant,0.0,0.0,0.0
1338,33,Male,47023,0,765,2,0,1,1,False,False,0.0,0.0,0.0,0.0,0.0,0.0,0.0,,Dormant,0.0,0.0,0.0
75,80,Female,22326,1620,564,4,2,2,0,True,True,12.0,1047.0,43433.61,2115.0,17566.61,25867.0,0.0,0.4044473853313137,Mixed,453.98748,0.0,453.98748
100,56,Male,48944,79960,813,6,1,4,1,True,True,12.0,633.0,48655.77,8821.0,0.0,48655.77,0.0,0.0,Debit/prepaid only,152.847385,0.0,152.847385
1140,44,Male,55351,152645,703,5,1,2,2,True,True,12.0,1145.0,44414.24,2704.0,23381.49,13847.64,7185.11,0.5264412945037448,Credit-primary,474.07863999999995,0.0,474.07863999999995
362,37,Male,48710,59824,792,3,0,3,0,False,True,12.0,1042.0,76588.77,5512.0,0.0,76588.77,0.0,0.0,Debit/prepaid only,254.358385,0.0,254.358385
1458,32,Male,35755,61748,708,3,0,3,0,False,True,12.0,581.0,30506.59,2550.0,0.0,30506.59,0.0,0.0,Debit/prepaid only,135.988295,0.0,135.988295
976,67,Female,62669,70317,760,4,1,3,0,True,True,12.0,1483.0,83198.25,5325.0,47285.23,35913.02,0.0,0.5683440456980766,Credit-primary,998.57065,0.0,998.57065
71,39,Male,32801,44496,701,2,1,0,1,True,False,0.0,0.0,0.0,0.0,0.0,0.0,0.0,,Dormant,0.0,0.0,0.0
375,50,Female,37617,57746,695,3,0,3,0,False,True,11.0,697.0,21116.36,1510.0,0.0,21116.36,0.0,0.0,Debit/prepaid only,156.17318,0.0,156.17318
403,33,Male,36496,119670,759,1,0,1,0,False,True,12.0,334.0,22941.170000000002,1702.0,0.0,22941.170000000002,0.0,0.0,Debit/prepaid only,80.759585,0.0,80.759585
983,77,Male,47993,3080,827,5,0,5,0,False,True,12.0,851.0,37832.73,2706.0,0.0,37832.73,0.0,0.0,Debit/prepaid only,196.27336499999998,0.0,196.27336499999998
435,71,Female,23350,19515,679,2,0,2,0,False,False,0.0,0.0,0.0,0.0,0.0,0.0,0.0,,Dormant,0.0,0.0,0.0
542,52,Female,29496,49681,704,5,5,0,0,True,True,12.0,780.0,24790.16,3937.0,24790.16,0.0,0.0,1.0,Credit-primary,375.35688,190.0,565.35688
1090,59,Female,42825,105122,850,5,2,3,0,True,False,0.0,0.0,0.0,0.0,0.0,0.0,0.0,,Dormant,0.0,0.0,0.0
60,47,Female,34057,59247,655,4,1,2,1,True,True,12.0,969.0,66291.24,4088.0,37604.57,25381.09,3305.58,0.5672630350556122,Credit-primary,729.549805,0.0,729.549805
287,42,Female,43181,57199,710,3,0,3,0,False,True,12.0,928.0,32580.25,4149.0,0.0,32580.25,0.0,0.0,Debit/prepaid only,209.09562499999998,0.0,209.09562499999998
1857,32,Male,97248,197100,775,4,2,2,0,True,True,12.0,1175.0,77597.45,3166.0,46088.89,31508.56,0.0,0.5939485124833355,Credit-primary,950.3637999999999,0.0,950.3637999999999
1291,43,Male,34869,53381,699,2,1,1,0,True,True,12.0,641.0,46109.27,2567.0,23076.93,23032.34,0.0,0.5004835253301559,Credit-primary,480.18241,0.0,480.18241
408,58,Female,31343,49537,741,3,1,2,0,True,True,12.0,1735.0,112936.71,3719.0,104734.33,8202.38,0.0,0.9273718882018078,Credit-primary,1865.3046299999999,0.0,1865.3046299999999
173,63,Female,30399,19404,668,4,0,2,2,False,True,12.0,1051.0,66240.47,5920.0,0.0,58946.39,7294.08,0.0,Debit/prepaid only,193.706695,0.0,193.706695
1787,52,Female,58278,51539,689,6,2,4,0,True,True,12.0,1352.0,71526.34,2690.0,35129.23,36397.11,0.0,0.49113697135908263,Mixed,800.134695,0.0,800.134695
1800,62,Male,9445,14856,641,2,1,0,1,True,False,0.0,0.0,0.0,0.0,0.0,0.0,0.0,,Dormant,0.0,0.0,0.0
438,32,Female,34034,55846,633,2,0,2,0,False,True,12.0,403.0,21469.66,6293.0,0.0,21469.66,0.0,0.0,Debit/prepaid only,92.21833,0.0,92.21833
1988,59,Male,109440,180865,737,5,2,3,0,True,True,12.0,1687.0,139655.38,6161.0,79192.3,60463.08,0.0,0.567055132426692,Credit-primary,1588.6224399999999,0.0,1588.6224399999999
1250,85,Female,38499,1493,746,5,1,4,0,True,True,12.0,1255.0,38169.9,5168.0,20902.41,17267.49,0.0,0.5476150055410153,Credit-primary,506.26312499999995,0.0,506.26312499999995
1072,48,Female,40017,75377,648,1,0,1,0,False,True,12.0,1100.0,49098.54,5643.0,0.0,49098.54,0.0,0.0,Debit/prepaid only,252.72777,0.0,252.72777
1841,28,Female,40381,63008,730,1,0,1,0,False,False,0.0,0.0,0.0,0.0,0.0,0.0,0.0,,Dormant,0.0,0.0,0.0
1202,63,Female,4,0,691,3,1,2,0,True,True,12.0,1018.0,13470.88,1473.0,13466.31,4.57,0.0,0.9996607497060326,Credit-primary,217.14186499999997,0.0,217.14186499999997
235,32,Female,48676,110589,721,3,1,2,0,True,True,12.0,660.0,38403.9,6777.0,96.14,38307.76,0.0,0.0025033915826257226,Mixed,149.9534,0.0,149.9534
1766,62,Male,20377,12092,789,4,1,3,0,True,True,12.0,430.0,18549.19,844.0,8781.55,9767.64,0.0,0.473419594063137,Mixed,220.27971999999997,95.0,315.27972
1702,53,Female,40470,87086,691,5,0,4,1,False,True,12.0,848.0,39958.5,6638.0,0.0,33729.66,6228.84,0.0,Debit/prepaid only,153.96183000000002,0.0,153.96183000000002
1142,52,Male,79272,107029,716,3,1,2,0,True,True,12.0,770.0,61562.85,6016.0,42915.88,18646.97,0.0,0.6971067778700953,Credit-primary,792.7138249999999,0.0,792.7138249999999
1653,42,Male,59663,89579,681,1,0,1,0,False,False,0.0,0.0,0.0,0.0,0.0,0.0,0.0,,Dormant,0.0,0.0,0.0
1982,30,Male,69412,64273,699,1,0,1,0,False,False,0.0,0.0,0.0,0.0,0.0,0.0,0.0,,Dormant,0.0,0.0,0.0
48,69,Male,16542,36831,733,3,0,2,1,False,True,12.0,760.0,35364.37,7747.0,0.0,28859.44,6504.93,0.0,Debit/prepaid only,126.23772,0.0,126.23772
1582,23,Female,59479,69645,688,1,0,1,0,False,True,12.0,1005.0,64048.03,5960.0,0.0,64048.03,0.0,0.0,Debit/prepaid only,240.09401499999998,0.0,240.09401499999998
656,61,Female,52633,137109,704,1,0,1,0,False,False,0.0,0.0,0.0,0.0,0.0,0.0,0.0,,Dormant,0.0,0.0,0.0
1862,25,Female,37864,57052,686,1,1,0,0,True,True,12.0,1300.0,38887.66,3979.0,38887.66,0.0,0.0,1.0,Credit-primary,628.3558800000001,0.0,628.3558800000001
1808,31,Female,35331,55566,697,2,1,1,0,True,True,12.0,708.0,32145.52,4488.0,14689.73,17455.79,0.0,0.4569759643023351,Mixed,320.861535,0.0,320.861535
277,46,Male,31739,81905,799,5,1,3,1,True,True,12.0,1104.0,30658.99,3790.0,15728.98,10425.72,4504.29,0.5130299465181338,Credit-primary,366.653,0.0,366.653
516,35,Male,34542,35474,697,3,0,3,0,False,False,0.0,0.0,0.0,0.0,0.0,0.0,0.0,,Dormant,0.0,0.0,0.0
159,53,Male,28134,20231,707,3,1,2,0,True,False,0.0,0.0,0.0,0.0,0.0,0.0,0.0,,Dormant,0.0,0.0,0.0
478,54,Male,72807,0,803,3,1,1,1,True,True,12.0,789.0,49783.0,4492.0,31226.59,18459.28,97.13,0.6272540827190005,Credit-primary,613.00476,0.0,613.00476
772,62,Female,46075,139335,741,3,0,2,1,False,True,12.0,827.0,30249.8,5640.0,0.0,25819.33,4430.47,0.0,Debit/prepaid only,136.617165,0.0,136.617165
1537,35,Female,36213,48364,637,1,0,0,1,False,False,0.0,0.0,0.0,0.0,0.0,0.0,0.0,,Dormant,0.0,0.0,0.0
1429,62,Female,33556,10619,799,4,0,4,0,False,True,12.0,1090.0,49339.27,5223.0,0.0,49339.27,0.0,0.0,Debit/prepaid only,250.958135,0.0,250.958135
1228,54,Male,47482,59590,726,5,1,4,0,True,True,12.0,1215.0,50368.99,6378.0,28115.43,22253.56,0.0,0.5581892747899054,Credit-primary,603.9305199999999,0.0,603.9305199999999
991,52,Male,36927,54145,554,1,1,0,0,True,False,0.0,0.0,0.0,0.0,0.0,0.0,0.0,,Dormant,0.0,0.0,0.0
1242,52,Female,30509,56953,641,2,2,0,0,True,True,12.0,820.0,38581.93,4221.0,38581.93,0.0,0.0,1.0,Credit-primary,618.4967399999999,0.0,618.4967399999999
1759,87,Female,33279,1642,778,5,2,3,0,True,True,12.0,1924.0,66865.04,6326.0,31615.77,35249.27,0.0,0.4728295982474549,Mixed,798.5679949999999,23.75,822.3179949999999
1058,61,Male,35196,51751,684,4,3,1,0,True,True,12.0,1344.0,62301.05,2657.0,26925.52,35375.53,0.0,0.43218404826242895,Mixed,671.5036249999999,95.0,766.5036249999999
1730,52,Female,44128,148684,739,3,0,3,0,False,True,12.0,1302.0,30283.2,5452.0,0.0,30283.2,0.0,0.0,Debit/prepaid only,285.8356,0.0,285.8356
1224,42,Male,53464,20683,751,3,2,1,0,True,True,12.0,1765.0,81728.67,6538.0,40466.51,41262.16,0.0,0.49513236909397895,Mixed,910.27676,0.0,910.27676
1940,40,Female,26865,19529,826,5,3,2,0,True,True,12.0,891.0,25164.21,3000.0,11943.75,13220.460000000001,0.0,0.47463242438367825,Mixed,320.77522999999997,0.0,320.77522999999997
895,46,Female,31632,76538,832,3,1,1,1,True,True,12.0,770.0,40484.33,7143.0,18945.34,21538.99,0.0,0.4679672357181161,Mixed,390.126615,0.0,390.126615
1556,30,Female,48277,110153,740,2,0,1,1,False,True,12.0,440.0,26376.51,4556.0,0.0,21692.52,4683.99,0.0,Debit/prepaid only,71.10325999999999,0.0,71.10325999999999
1972,73,Female,13089,10928,772,4,3,1,0,True,True,12.0,963.0,24897.98,6074.0,11660.75,13237.23,0.0,0.46834120679669594,Mixed,292.732615,190.0,482.732615
86,24,Male,23212,25138,799,2,0,2,0,False,True,12.0,881.0,33002.68,3622.0,0.0,33002.68,0.0,0.0,Debit/prepaid only,199.70033999999998,0.0,199.70033999999998
1189,63,Female,31582,23359,693,3,2,1,0,True,True,12.0,652.0,26827.61,3331.0,14338.37,12489.24,0.0,0.5344631892293052,Credit-primary,321.03228,0.0,321.03228
921,74,Male,54013,3628,779,8,0,8,0,False,True,12.0,1475.0,93409.9,2145.0,0.0,93409.9,0.0,0.0,Debit/prepaid only,355.38245,0.0,355.38245
393,41,Male,32387,65171,765,1,0,1,0,False,True,12.0,567.0,26056.38,3669.0,0.0,26056.38,0.0,0.0,Debit/prepaid only,130.26369,0.0,130.26369
1254,61,Female,34619,13326,747,4,1,2,1,True,True,12.0,723.0,26003.93,4182.0,15764.11,6266.41,3973.41,0.6062202905483902,Credit-primary,292.604185,0.0,292.604185
212,52,Male,28137,88482,797,5,2,3,0,True,True,12.0,818.0,24508.75,4836.0,11204.69,13304.06,0.0,0.4571710103534452,Mixed,293.27844999999996,95.0,388.27844999999996
1262,56,Female,27981,62926,717,3,0,3,0,False,True,12.0,985.0,20914.69,3498.0,0.0,20914.69,0.0,0.0,Debit/prepaid only,215.558345,0.0,215.558345
122,65,Female,39221,45409,786,4,3,1,0,True,True,12.0,962.0,41542.94,4760.0,18917.27,22625.67,0.0,0.45536666398670866,Mixed,438.763695,0.0,438.763695
1118,25,Female,83104,222502,714,3,1,2,0,True,True,12.0,1112.0,120507.44,8941.0,82509.85,37997.590000000004,0.0,0.6846867712068234,Credit-primary,1520.3380949999998,0.0,1520.3380949999998
974,59,Male,48867,92873,644,2,1,1,0,True,False,0.0,0.0,0.0,0.0,0.0,0.0,0.0,,Dormant,0.0,0.0,0.0
1274,49,Female,49464,123198,705,5,1,4,0,True,True,12.0,1634.0,99421.87,3750.0,64568.62,34853.25,0.0,0.6494408121673834,Credit-primary,1342.951785,95.0,1437.951785
1453,37,Female,36122,51593,641,2,0,2,0,False,True,12.0,1816.0,53074.65,5988.0,0.0,53074.65,0.0,0.0,Debit/prepaid only,404.903325,0.0,404.903325
1023,49,Female,48688,81995,679,1,1,0,0,True,False,0.0,0.0,0.0,0.0,0.0,0.0,0.0,,Dormant,0.0,0.0,0.0
1903,50,Female,71427,115702,709,3,2,1,0,True,True,12.0,1397.0,64996.51,4387.0,36562.38,28434.13,0.0,0.5625283572917992,Credit-primary,812.386405,0.0,812.386405
604,60,Male,70840,52578,736,4,1,2,1,True,True,12.0,779.0,52113.07,2365.0,29381.35,22143.44,588.28,0.563800021760376,Credit-primary,599.6885199999999,95.0,694.6885199999999
1637,32,Female,54804,172493,687,2,2,0,0,True,False,0.0,0.0,0.0,0.0,0.0,0.0,0.0,,Dormant,0.0,95.0,95.0
1470,88,Male,22371,994,700,4,0,4,0,False,True,12.0,625.0,22048.89,669.0,0.0,22048.89,0.0,0.0,Debit/prepaid only,141.939945,0.0,141.939945
1856,51,Male,37467,50461,784,4,1,2,1,True,True,12.0,829.0,35833.96,2561.0,0.0,25370.63,10463.33,0.0,Debit/prepaid only,106.434815,0.0,106.434815
907,32,Male,62492,18680,686,2,2,0,0,True,False,0.0,0.0,0.0,0.0,0.0,0.0,0.0,,Dormant,0.0,0.0,0.0
1923,42,Male,35119,57463,850,2,1,1,0,True,True,12.0,773.0,35686.57,5707.0,35686.57,0.0,0.0,1.0,Credit-primary,539.63226,0.0,539.63226
674,63,Female,28147,25987,756,7,2,5,0,True,True,12.0,1453.0,33342.57,2583.0,14967.16,18375.41,0.0,0.44889041246670547,Mixed,459.077585,0.0,459.077585
548,33,Male,29996,44313,809,2,0,2,0,False,False,0.0,0.0,0.0,0.0,0.0,0.0,0.0,,Dormant,0.0,0.0,0.0
209,61,Female,29206,25966,716,6,3,3,0,True,True,12.0,1278.0,39242.89,4540.0,16515.74,22727.15,0.0,0.42085942192330894,Mixed,463.61439500000006,0.0,463.61439500000006
730,51,Male,84944,57746,713,3,1,2,0,True,False,0.0,0.0,0.0,0.0,0.0,0.0,0.0,,Dormant,0.0,0.0,0.0
627,50,Male,45674,83331,717,1,1,0,0,True,False,0.0,0.0,0.0,0.0,0.0,0.0,0.0,,Dormant,0.0,0.0,0.0
924,48,Female,40392,52417,645,1,1,0,0,True,False,0.0,0.0,0.0,0.0,0.0,0.0,0.0,,Dormant,0.0,0.0,0.0
894,41,Female,40334,65793,597,3,2,0,1,True,False,0.0,0.0,0.0,0.0,0.0,0.0,0.0,,Dormant,0.0,0.0,0.0
1633,36,Male,42927,132343,687,2,1,1,0,True,True,12.0,907.0,32731.2,3085.0,16816.01,15915.19,0.0,0.513760876472601,Credit-primary,396.11327499999993,95.0,491.11327499999993
720,36,Female,19800,40038,682,2,0,2,0,False,True,12.0,327.0,14281.11,2073.0,0.0,14281.11,0.0,0.0,Debit/prepaid only,74.774055,0.0,74.774055
264,49,Male,44303,53407,696,1,1,0,0,True,True,12.0,869.0,42520.3,5593.0,42520.3,0.0,0.0,1.0,Credit-primary,664.6914,0.0,664.6914
827,61,Female,30984,39222,616,4,2,2,0,True,True,12.0,760.0,32093.49,1677.0,17793.91,14299.58,0.0,0.5544398568058506,Credit-primary,407.53916999999996,0.0,407.53916999999996
414,45,Female,112875,44432,709,2,1,1,0,True,True,12.0,752.0,92016.99,5893.0,0.0,92016.99,0.0,0.0,Debit/prepaid only,200.98199499999998,0.0,200.98199499999998
1439,28,Female,29371,32300,715,2,0,2,0,False,True,12.0,814.0,14834.05,360.0,0.0,14834.05,0.0,0.0,Debit/prepaid only,178.177025,0.0,178.177025
843,35,Male,28325,38658,822,4,1,3,0,True,True,12.0,702.0,32715.99,2418.0,14366.51,18349.48,0.0,0.43912808385135216,Mixed,329.72042,0.0,329.72042
1008,52,Female,45462,68494,657,4,2,2,0,True,True,12.0,1720.0,33361.89,2794.0,14492.06,18869.83,0.0,0.43438965837966614,Mixed,499.17749499999996,95.0,594.1774949999999
1834,32,Female,35565,54634,681,3,2,1,0,True,True,12.0,739.0,32037.05,3854.0,16328.13,15708.92,0.0,0.5096639671879901,Credit-primary,368.01379999999995,95.0,463.01379999999995
881,61,Female,58433,48231,696,3,1,1,1,True,False,0.0,0.0,0.0,0.0,0.0,0.0,0.0,,Dormant,0.0,95.0,95.0
679,57,Male,34272,39514,765,4,1,2,1,True,True,12.0,546.0,16005.83,1462.0,0.0,16005.83,0.0,0.0,Debit/prepaid only,121.931915,95.0,216.931915
398,49,Female,37401,76201,737,4,0,4,0,False,True,12.0,583.0,35928.76,4982.0,0.0,35928.76,0.0,0.0,Debit/prepaid only,137.90338,0.0,137.90338
106,52,Male,29957,60321,624,5,1,4,0,True,True,12.0,1342.0,30779.82,4140.0,13267.03,17512.79,0.0,0.43103013597870293,Mixed,423.660435,0.0,423.660435
1784,51,Male,44206,62813,690,1,1,0,0,True,False,0.0,0.0,0.0,0.0,0.0,0.0,0.0,,Dormant,0.0,0.0,0.0
1924,47,Male,38190,81968,652,1,1,0,0,True,False,0.0,0.0,0.0,0.0,0.0,0.0,0.0,,Dormant,0.0,0.0,0.0
671,37,Female,34032,68762,769,1,1,0,0,True,True,12.0,736.0,36259.66,4364.0,36259.66,0.0,0.0,1.0,Credit-primary,574.12188,0.0,574.12188
1472,43,Male,36189,16988,694,3,1,1,1,True,False,0.0,0.0,0.0,0.0,0.0,0.0,0.0,,Dormant,0.0,0.0,0.0
855,51,Male,22557,63019,699,5,0,4,1,False,True,12.0,1016.0,20843.58,2965.0,0.0,17964.07,2879.5099999999998,0.0,Debit/prepaid only,181.553035,0.0,181.553035
981,44,Male,56163,104767,671,1,1,0,0,True,False,0.0,0.0,0.0,0.0,0.0,0.0,0.0,,Dormant,0.0,95.0,95.0
1030,44,Male,44963,90682,705,4,2,2,0,True,True,12.0,890.0,30005.23,2838.0,30005.23,0.0,0.0,1.0,Credit-primary,489.01014,95.0,584.01014
384,20,Male,39144,55347,702,1,0,1,0,False,False,0.0,0.0,0.0,0.0,0.0,0.0,0.0,,Dormant,0.0,0.0,0.0
80,82,Female,21815,1597,498,5,3,2,0,True,True,12.0,688.0,23724.18,2647.0,12476.3,11247.88,0.0,0.5258896197887556,Credit-primary,293.13383999999996,0.0,293.13383999999996
1331,49,Female,49026,83385,718,1,0,0,1,False,True,12.0,738.0,3896.84,67.0,0.0,0.0,3896.84,0.0,Debit/prepaid only,0.0,0.0,0.0
205,38,Male,39882,77817,809,4,0,4,0,False,True,12.0,851.0,39182.9,5071.0,0.0,39182.9,0.0,0.0,Debit/prepaid only,195.76594999999998,0.0,195.76594999999998
1048,59,Female,53878,78143,779,4,3,1,0,True,True,12.0,645.0,46057.37,7661.0,46057.37,0.0,0.0,1.0,Credit-primary,691.1346599999999,95.0,786.1346599999999
1490,30,Female,41839,46226,761,3,1,2,0,True,True,12.0,1026.0,45872.39,7642.0,25444.47,20427.92,0.0,0.5546794051934072,Credit-primary,521.8284199999999,0.0,521.8284199999999
818,54,Female,31240,26005,770,5,3,2,0,True,False,0.0,0.0,0.0,0.0,0.0,0.0,0.0,,Dormant,0.0,190.0,190.0
1463,80,Female,9766,66,732,4,2,2,0,True,True,12.0,1972.0,63060.99,2083.0,35404.09,27656.9,0.0,0.5614261685393774,Credit-primary,908.2905699999999,95.0,1003.2905699999999
952,29,Male,126775,28869,685,2,0,2,0,False,True,12.0,1017.0,99436.73,7963.0,0.0,99436.73,0.0,0.0,Debit/prepaid only,259.306865,0.0,259.306865
616,45,Female,34817,63313,586,1,1,0,0,True,True,12.0,815.0,31477.9,5400.0,31477.9,0.0,0.0,1.0,Credit-primary,469.4022,0.0,469.4022
638,65,Female,16889,38489,679,4,1,3,0,True,True,12.0,409.0,36205.63,3133.0,0.0,36205.63,0.0,0.0,Debit/prepaid only,102.426315,95.0,197.426315
1366,25,Female,40000,127951,767,2,1,1,0,True,True,12.0,1012.0,42690.23,6245.0,23687.79,19002.44,0.0,0.5548761391072383,Credit-primary,503.94894,0.0,503.94894
443,31,Male,41986,134162,697,1,0,1,0,False,False,0.0,0.0,0.0,0.0,0.0,0.0,0.0,,Dormant,0.0,0.0,0.0
336,23,Male,44128,0,760,1,0,1,0,False,False,0.0,0.0,0.0,0.0,0.0,0.0,0.0,,Dormant,0.0,0.0,0.0
973,55,Male,25051,19465,734,4,1,3,0,True,True,12.0,2016.0,39186.84,4170.0,14327.99,24858.85,0.0,0.3656326970993323,Mixed,537.8182449999999,95.0,632.8182449999999
1918,45,Male,42379,64124,550,1,0,1,0,False,True,12.0,715.0,39637.91,6862.0,0.0,39637.91,0.0,0.0,Debit/prepaid only,166.537955,0.0,166.537955
1827,59,Male,46341,78610,686,5,2,3,0,True,True,12.0,1102.0,70416.13,7086.0,36335.39,34080.74,0.0,0.5160094711254367,Credit-primary,763.2593899999999,95.0,858.2593899999999
672,37,Male,23967,3880,722,3,0,3,0,False,True,12.0,1560.0,44354.4,4436.0,0.0,44354.4,0.0,0.0,Debit/prepaid only,347.5592,0.0,347.5592
1461,41,Female,48038,83238,704,5,1,4,0,True,True,12.0,1191.0,35616.84,6339.0,1277.15,34339.69,0.0,0.03585803793935678,Mixed,275.93404499999997,0.0,275.93404499999997
256,75,Male,22850,17453,714,6,4,1,1,True,True,12.0,1168.0,46503.85,5235.0,21255.93,17079.97,8167.95,0.4570789300240733,Mixed,420.55472499999996,95.0,515.554725
1837,66,Female,24947,1767,766,4,0,3,1,False,True,12.0,800.0,41164.06,4891.0,0.0,32342.18,8821.88,0.0,Debit/prepaid only,133.48909,0.0,133.48909
1974,74,Female,31792,28723,647,3,1,2,0,True,False,0.0,0.0,0.0,0.0,0.0,0.0,0.0,,Dormant,0.0,0.0,0.0
1270,31,Female,73117,73557,685,1,0,1,0,False,False,0.0,0.0,0.0,0.0,0.0,0.0,0.0,,Dormant,0.0,0.0,0.0
1815,59,Female,61991,2151,758,4,1,1,2,True,True,12.0,927.0,48037.04,5521.0,25634.15,11804.84,10598.05,0.5336330048645795,Credit-primary,457.76561999999996,95.0,552.7656199999999
464,36,Male,67444,93513,850,1,1,0,0,True,True,12.0,2648.0,182321.48,3689.0,182321.48,0.0,0.0,1.0,Credit-primary,3215.3846399999998,95.0,3310.3846399999998
1579,81,Female,28594,1821,728,5,2,3,0,True,True,12.0,873.0,30728.7,646.0,14948.92,15779.78,0.0,0.4864807167241048,Mixed,397.41495,0.0,397.41495
830,29,Female,67166,123932,688,1,0,1,0,False,False,0.0,0.0,0.0,0.0,0.0,0.0,0.0,,Dormant,0.0,0.0,0.0
465,47,Male,41965,55700,724,2,1,1,0,True,True,12.0,650.0,30260.34,4233.0,18210.22,12050.12,0.0,0.6017850427325008,Credit-primary,374.42751999999996,0.0,374.42751999999996
1954,47,Female,48406,80441,683,2,1,1,0,True,True,12.0,1859.0,140363.92,7268.0,104254.49,36109.43,0.0,0.7427442180298185,Credit-primary,1944.061535,0.0,1944.061535
959,35,Female,102369,189558,738,2,0,0,2,False,False,0.0,0.0,0.0,0.0,0.0,0.0,0.0,,Dormant,0.0,0.0,0.0
1049,66,Female,36481,81550,850,6,2,4,0,True,False,0.0,0.0,0.0,0.0,0.0,0.0,0.0,,Dormant,0.0,0.0,0.0
1088,49,Female,34982,134631,765,3,2,1,0,True,True,12.0,723.0,35541.75,4623.0,35541.75,0.0,0.0,1.0,Credit-primary,556.5374999999999,95.0,651.5374999999999
14,79,Female,32232,21134,652,5,2,2,1,True,True,12.0,482.0,25818.85,3578.0,13391.35,11333.02,1094.48,0.5186656260832687,Credit-primary,269.66380999999996,95.0,364.66380999999996
162,37,Male,66111,98102,771,5,2,3,0,True,True,12.0,722.0,60395.04,5685.0,36058.41,24336.63,0.0,0.5970425717078754,Credit-primary,688.127195,0.0,688.127195
1692,81,Female,162709,5642,542,3,0,3,0,False,True,12.0,1890.0,162529.1,29451.0,0.0,162529.1,0.0,0.0,Debit/prepaid only,463.43904999999995,0.0,463.43904999999995
380,46,Male,37857,57727,800,2,2,0,0,True,True,12.0,956.0,27144.71,3801.0,27144.71,0.0,0.0,1.0,Credit-primary,420.18677999999994,0.0,420.18677999999994
141,70,Male,23082,23406,638,5,3,2,0,True,True,12.0,983.0,48454.69,8330.0,23677.61,24777.08,0.0,0.48865465860993024,Mixed,501.41052,0.0,501.41052
1348,83,Male,2,0,667,6,2,4,0,True,True,12.0,1108.0,9143.86,0.0,9105.2,38.66,0.0,0.99577202625587,Credit-primary,175.46293,95.0,270.46293000000003
1256,37,Male,56248,149587,728,3,2,0,1,True,True,12.0,2021.0,70276.21,4176.0,33425.81,21198.91,15651.49,0.47563478451669483,Mixed,694.8240349999999,0.0,694.8240349999999
169,85,Male,30451,93,686,4,0,3,1,False,True,12.0,831.0,12950.1,456.0,0.0,8850.88,4099.22,0.0,Debit/prepaid only,128.54844,0.0,128.54844
1955,85,Female,28134,2081,674,2,0,1,1,False,True,12.0,1256.0,50379.0,3441.0,0.0,35426.85,14952.15,0.0,Debit/prepaid only,163.08092499999998,0.0,163.08092499999998
1807,47,Female,52065,98613,828,5,2,2,1,True,True,12.0,2097.0,100214.16,7474.0,47753.3,52460.86,0.0,0.47651250082822627,Mixed,1099.05283,190.0,1289.05283
102,32,Female,33212,59638,649,1,0,1,0,False,False,0.0,0.0,0.0,0.0,0.0,0.0,0.0,,Dormant,0.0,0.0,0.0
257,52,Male,31070,86747,708,4,1,2,1,True,True,12.0,816.0,49092.35,3771.0,24684.59,17551.22,6856.54,0.5028194820577951,Credit-primary,500.24222999999995,0.0,500.24222999999995
987,52,Male,61532,26832,683,4,0,3,1,False,True,12.0,3063.0,117709.62,2866.0,0.0,102136.21,15573.41,0.0,Debit/prepaid only,554.5736049999999,0.0,554.5736049999999
1141,66,Male,27266,19798,777,5,2,3,0,True,True,12.0,1090.0,36493.1,6052.0,0.0,36493.1,0.0,0.0,Debit/prepaid only,244.12055,95.0,339.12055
1682,57,Male,48750,117616,716,5,4,1,0,True,True,12.0,825.0,35617.84,4422.0,19994.31,15623.53,0.0,0.5613566123043958,Credit-primary,428.043345,0.0,428.043345
172,47,Female,45164,0,730,3,0,3,0,False,True,12.0,515.0,25377.95,2437.0,0.0,25377.95,0.0,0.0,Debit/prepaid only,119.620475,0.0,119.620475
892,38,Female,51391,94145,656,1,0,1,0,False,False,0.0,0.0,0.0,0.0,0.0,0.0,0.0,,Dormant,0.0,0.0,0.0
315,54,Male,42379,136748,692,2,0,1,1,False,True,12.0,446.0,24505.71,5550.0,0.0,16476.35,8029.36,0.0,Debit/prepaid only,56.11467499999999,0.0,56.11467499999999
1739,49,Male,33995,46102,531,1,0,0,1,False,False,0.0,0.0,0.0,0.0,0.0,0.0,0.0,,Dormant,0.0,0.0,0.0
39,54,Female,61740,126015,583,2,1,1,0,True,True,12.0,1475.0,90775.75,2420.0,90775.75,0.0,0.0,1.0,Credit-primary,1590.4035,0.0,1590.4035
155,86,Female,9678,812,688,5,1,3,1,True,True,12.0,805.0,26721.05,6271.0,11311.07,13889.56,1520.42,0.42330185378194346,Mixed,253.81653999999997,0.0,253.81653999999997
1305,46,Female,38971,0,784,3,1,2,0,True,True,12.0,830.0,37662.45,4483.0,0.0,37662.45,0.0,0.0,Debit/prepaid only,190.88972499999997,0.0,190.88972499999997
1504,85,Male,12826,1550,734,5,2,3,0,True,True,12.0,756.0,34799.36,4888.0,15684.02,19115.34,0.0,0.4506985185934454,Mixed,348.47103,0.0,348.47103
1105,77,Male,22104,20031,670,3,0,3,0,False,True,12.0,1259.0,78779.41,3824.0,0.0,78779.41,0.0,0.0,Debit/prepaid only,301.867705,0.0,301.867705
948,53,Female,37119,55010,718,5,3,2,0,True,True,12.0,772.0,30389.579999999998,2094.0,14888.1,15501.48,0.0,0.48990805401061815,Mixed,358.61954000000003,95.0,453.61954000000003
862,25,Female,42883,65917,807,1,1,0,0,True,True,12.0,1588.0,55233.97,6316.0,55233.97,0.0,0.0,1.0,Credit-primary,880.52346,0.0,880.52346
1514,53,Female,36925,89762,721,5,3,1,1,True,True,12.0,576.0,34712.94,6636.0,18684.69,16028.25,0.0,0.5382629647618438,Credit-primary,355.66804499999995,0.0,355.66804499999995
1698,32,Male,67976,105337,747,1,0,1,0,False,False,0.0,0.0,0.0,0.0,0.0,0.0,0.0,,Dormant,0.0,0.0,0.0
1316,27,Female,33266,0,693,1,1,0,0,True,False,0.0,0.0,0.0,0.0,0.0,0.0,0.0,,Dormant,0.0,0.0,0.0
889,27,Male,52550,140825,710,1,1,0,0,True,False,0.0,0.0,0.0,0.0,0.0,0.0,0.0,,Dormant,0.0,0.0,0.0
526,51,Female,64481,114394,627,5,0,3,2,False,True,12.0,1457.0,67552.36,6634.0,0.0,51360.35,16192.01,0.0,Debit/prepaid only,190.61917499999998,0.0,190.61917499999998
231,55,Female,36270,73779,769,4,1,2,1,True,True,12.0,997.0,42228.37,3802.0,23392.36,14877.93,3958.08,0.5539489210689401,Credit-primary,473.808945,0.0,473.808945
910,31,Male,76820,159137,819,1,0,1,0,False,False,0.0,0.0,0.0,0.0,0.0,0.0,0.0,,Dormant,0.0,0.0,0.0
876,65,Male,49817,26928,600,2,0,2,0,False,True,12.0,790.0,44259.46,7012.0,0.0,44259.46,0.0,0.0,Debit/prepaid only,184.52373,0.0,184.52373
1509,67,Female,47087,92489,820,4,1,3,0,True,True,12.0,1471.0,41415.8,3964.0,20874.03,20249.61,292.16,0.5040112710608028,Credit-primary,544.420345,0.0,544.420345
1422,66,Female,36052,6602,767,4,1,3,0,True,True,12.0,947.0,37836.45,3705.0,19831.47,18004.98,0.0,0.5241366460119806,Credit-primary,443.33895,0.0,443.33895
492,41,Male,38450,51430,850,1,0,1,0,False,False,0.0,0.0,0.0,0.0,0.0,0.0,0.0,,Dormant,0.0,0.0,0.0
1516,38,Male,68827,35669,755,2,0,2,0,False,True,12.0,1481.0,60021.97,6464.0,0.0,60021.97,0.0,0.0,Debit/prepaid only,337.78898499999997,0.0,337.78898499999997
1649,64,Male,399,323,729,3,1,1,1,True,True,12.0,210.0,7001.35,0.0,0.0,7001.35,0.0,0.0,Debit/prepaid only,47.600675,0.0,47.600675
583,64,Male,28954,41461,636,2,1,1,0,True,True,12.0,599.0,26099.73,2189.0,12081.66,14018.07,0.0,0.46290363923304956,Mixed,284.774415,95.0,379.774415
1811,83,Male,82009,6229,764,8,1,5,2,True,True,12.0,1842.0,107879.37,5693.44,63169.88,39404.84,5304.65,0.5855603346589807,Credit-primary,1278.9225399999998,0.0,1278.9225399999998
1054,50,Male,46077,135862,639,2,0,2,0,False,True,12.0,703.0,28792.329999999998,2732.0,0.0,28792.329999999998,0.0,0.0,Debit/prepaid only,160.660165,0.0,160.660165
1678,36,Male,58225,101148,685,3,1,2,0,True,True,12.0,929.0,49466.28,5996.0,29468.64,19997.64,0.0,0.5957318803839706,Credit-primary,608.1363399999999,95.0,703.1363399999999
1412,58,Female,54166,0,707,5,1,3,1,True,True,12.0,1359.0,85344.73,6470.0,46687.06,38657.67,0.0,0.5470409244952793,Credit-primary,980.0634149999998,0.0,980.0634149999998
177,54,Female,58248,107130,728,4,1,3,0,True,True,12.0,877.0,75246.59,6160.0,44773.5,30473.09,0.0,0.5950236416028952,Credit-primary,872.7670449999999,0.0,872.7670449999999
1577,53,Male,40745,18371,718,4,1,3,0,True,True,12.0,467.0,33625.86,7169.0,18934.1,14691.76,0.0,0.5630815092907661,Credit-primary,352.6251799999999,0.0,352.6251799999999
1609,71,Female,87659,0,779,4,2,2,0,True,True,12.0,814.0,48754.77,6490.0,26697.1,22057.67,0.0,0.5475792419900658,Credit-primary,532.3441349999999,190.0,722.3441349999999
1762,29,Male,63583,200435,635,1,1,0,0,True,True,12.0,781.0,44586.25,8762.0,44586.25,0.0,0.0,1.0,Credit-primary,644.8365,0.0,644.8365
917,58,Male,40900,64420,678,3,0,3,0,False,True,12.0,524.0,26617.07,1755.0,0.0,26617.07,0.0,0.0,Debit/prepaid only,122.47103499999999,0.0,122.47103499999999
1717,67,Female,43070,14135,726,4,0,4,0,False,True,12.0,2099.0,109185.53,5198.0,0.0,109185.53,0.0,0.0,Debit/prepaid only,492.78376499999996,0.0,492.78376499999996
1355,54,Male,23863,83430,536,2,0,2,0,False,False,0.0,0.0,0.0,0.0,0.0,0.0,0.0,,Dormant,0.0,0.0,0.0
1668,92,Male,56099,933,751,6,1,4,1,True,True,12.0,992.0,72516.0,4013.0,0.0,72111.24,404.76,0.0,Debit/prepaid only,235.22911999999997,0.0,235.22911999999997
1293,32,Female,49374,108192,706,1,0,1,0,False,True,12.0,2465.0,140670.82,7754.0,0.0,140670.82,0.0,0.0,Debit/prepaid only,584.1084099999999,0.0,584.1084099999999
361,43,Male,39052,65861,804,4,1,2,1,True,True,12.0,573.0,29968.14,4987.0,15906.94,13119.62,941.58,0.5307950376633318,Credit-primary,300.45023,0.0,300.45023
1659,94,Female,40787,1574,782,6,2,4,0,True,True,12.0,2702.0,104036.59,5816.0,49196.76,54839.83,0.0,0.47287939752735075,Mixed,1217.371095,0.0,1217.371095
737,61,Female,30359,16552,758,1,0,1,0,False,True,12.0,1577.0,79514.14,7855.0,1127.6,78386.54,0.0,0.014181125520567788,Mixed,386.52257,0.0,386.52257
1733,47,Female,26130,54290,498,1,0,1,0,False,True,12.0,855.0,43499.51,3198.0,0.0,43499.51,0.0,0.0,Debit/prepaid only,199.700755,0.0,199.700755
278,59,Male,193768,150896,686,5,3,2,0,True,True,12.0,1482.0,119661.02,8641.0,80104.94,39556.08,0.0,0.6694322010626351,Credit-primary,1520.03146,0.0,1520.03146
618,32,Male,27795,72318,701,3,0,3,0,False,True,12.0,558.0,16337.87,864.0,0.0,16337.87,0.0,0.0,Debit/prepaid only,124.916935,0.0,124.916935
753,53,Female,31688,66776,605,3,2,0,1,True,True,12.0,717.0,29932.41,3489.0,29932.41,0.0,0.0,1.0,Credit-primary,475.98137999999994,0.0,475.98137999999994
489,36,Male,36753,33657,684,4,2,1,1,True,True,12.0,562.0,29581.920000000002,5028.0,15010.19,10421.15,4150.58,0.5074109456046125,Credit-primary,281.402495,0.0,281.402495
90,63,Male,12796,22192,644,3,0,2,1,False,True,12.0,893.0,49269.42,4393.0,0.0,0.0,49269.42,0.0,Debit/prepaid only,0.0,0.0,0.0
1264,32,Female,30737,35858,815,1,0,1,0,False,False,0.0,0.0,0.0,0.0,0.0,0.0,0.0,,Dormant,0.0,0.0,0.0
376,50,Female,57975,34570,773,4,2,2,0,True,True,12.0,1994.0,84775.45,2573.0,48591.32,36184.13,0.0,0.5731767864399422,Credit-primary,1116.306825,0.0,1116.306825
579,30,Male,39520,53896,772,1,0,1,0,False,False,0.0,0.0,0.0,0.0,0.0,0.0,0.0,,Dormant,0.0,0.0,0.0
218,59,Female,34190,39242,810,7,2,5,0,True,True,12.0,862.0,36450.57,5304.0,16904.91,19545.66,0.0,0.4637762866259705,Mixed,393.39671,0.0,393.39671
42,78,Female,8526,3723,684,3,2,1,0,True,True,12.0,896.0,31802.09,6789.0,13457.6,18344.49,0.0,0.4231671566239829,Mixed,335.654545,0.0,335.654545
1170,40,Female,40867,50449,694,2,1,1,0,True,True,12.0,891.0,43006.53,5007.0,21407.82,21598.71,0.0,0.49778068586328633,Mixed,464.33661499999994,0.0,464.33661499999994
1531,34,Male,29594,47766,792,1,1,0,0,True,True,12.0,731.0,22293.66,2045.0,22293.66,0.0,0.0,1.0,Credit-primary,364.47587999999996,0.0,364.47587999999996
26,49,Female,41071,124139,685,1,1,0,0,True,False,0.0,0.0,0.0,0.0,0.0,0.0,0.0,,Dormant,0.0,95.0,95.0
1937,65,Female,17056,29112,667,5,2,2,1,True,True,12.0,924.0,61089.79,3921.0,38070.74,19597.41,3421.64,0.6231931718868242,Credit-primary,732.0060249999998,0.0,732.0060249999998
1177,36,Female,64672,56485,695,4,2,1,1,True,True,12.0,1106.0,38340.909999999996,3077.0,20663.44,13771.7,3905.77,0.5389397382586902,Credit-primary,426.72577,0.0,426.72577
1032,62,Female,26975,17212,673,2,0,1,1,False,False,0.0,0.0,0.0,0.0,0.0,0.0,0.0,,Dormant,0.0,0.0,0.0
397,30,Female,20424,14743,770,3,0,3,0,False,True,12.0,1021.0,28085.69,6673.0,0.0,28085.69,0.0,0.0,Debit/prepaid only,225.116345,0.0,225.116345
566,60,Female,46244,108449,814,5,4,0,1,True,True,12.0,1804.0,66754.69,4938.0,66754.69,0.0,0.0,1.0,Credit-primary,1112.70042,95.0,1207.70042
1581,38,Female,44334,55173,684,5,3,2,0,True,True,12.0,1868.0,40153.49,5462.0,17922.62,22230.87,0.0,0.4463527329753902,Mixed,548.569095,95.0,643.569095
1332,63,Male,71909,44190,712,3,0,3,0,False,True,12.0,822.0,41234.35,5950.0,0.0,41234.35,0.0,0.0,Debit/prepaid only,190.262175,0.0,190.262175
1648,66,Female,185909,461854,621,5,1,4,0,True,True,12.0,2131.0,154340.69,11213.0,93687.1,60653.59,0.0,0.6070149096780635,Credit-primary,1857.7030949999998,0.0,1857.7030949999998
17,76,Male,21867,21103,759,2,1,1,0,True,True,12.0,1738.0,86346.79,6783.0,44007.38,42339.41,0.0,0.509658552448794,Credit-primary,960.6560449999998,95.0,1055.6560449999997
349,40,Female,43229,96831,685,2,1,1,0,True,True,12.0,1098.0,26539.19,5329.0,12353.27,14185.92,0.0,0.46547275934193927,Mixed,351.50982,0.0,351.50982
1200,64,Male,24420,14460,685,1,1,0,0,True,False,0.0,0.0,0.0,0.0,0.0,0.0,0.0,,Dormant,0.0,0.0,0.0
228,54,Female,31655,46405,623,1,1,0,0,True,False,0.0,0.0,0.0,0.0,0.0,0.0,0.0,,Dormant,0.0,0.0,0.0
484,84,Female,66745,682,718,3,1,2,0,True,False,0.0,0.0,0.0,0.0,0.0,0.0,0.0,,Dormant,0.0,95.0,95.0
1480,49,Male,49756,70744,705,1,1,0,0,True,False,0.0,0.0,0.0,0.0,0.0,0.0,0.0,,Dormant,0.0,0.0,0.0
1449,66,Male,28104,12054,751,3,0,2,1,False,True,12.0,945.0,37305.08,5495.0,0.0,33003.08,4302.0,0.0,Debit/prepaid only,163.91454,0.0,163.91454
1417,54,Female,52680,87082,835,5,1,3,1,True,True,12.0,728.0,52125.8,4411.0,30163.7,18370.02,3592.08,0.5786712146384324,Credit-primary,578.35961,0.0,578.35961
267,61,Female,27733,21785,765,3,0,3,0,False,True,12.0,396.0,19248.98,3303.0,0.0,19248.98,0.0,0.0,Debit/prepaid only,91.13298999999999,0.0,91.13298999999999
373,61,Male,21397,54771,812,4,0,4,0,False,True,12.0,1608.0,65802.09,27354.0,0.0,65802.09,0.0,0.0,Debit/prepaid only,356.904045,0.0,356.904045
1772,47,Male,50163,97188,761,4,1,2,1,True,True,12.0,1736.0,68609.5,4118.0,34416.45,24978.49,9214.56,0.50162805442395,Credit-primary,733.2163449999999,0.0,733.2163449999999
1774,52,Male,42129,101742,758,4,2,2,0,True,True,12.0,981.0,45615.01,1503.0,23241.98,22373.03,0.0,0.5095248252713306,Credit-primary,543.398155,0.0,543.398155
964,48,Female,45422,83940,689,4,1,3,0,True,True,12.0,724.0,29051.86,3569.0,15237.36,13814.5,0.0,0.5244882771705495,Credit-primary,345.17773,95.0,440.17773
72,37,Male,41401,71180,580,1,1,0,0,True,False,0.0,0.0,0.0,0.0,0.0,0.0,0.0,,Dormant,0.0,0.0,0.0
1527,66,Female,50523,98763,578,1,1,0,0,True,True,12.0,820.0,50283.35,5596.0,50283.35,0.0,0.0,1.0,Credit-primary,804.3722999999999,0.0,804.3722999999999
1433,73,Male,48060,17440,581,2,0,2,0,False,True,12.0,1632.0,68162.92,6718.0,8957.56,59205.36,0.0,0.1314139711150872,Mixed,482.91476,0.0,482.91476
1785,40,Male,25861,42050,607,3,0,3,0,False,True,12.0,516.0,22106.1,559.0,0.0,22106.1,0.0,0.0,Debit/prepaid only,119.13355,0.0,119.13355
1476,29,Female,44688,88092,716,2,1,1,0,True,False,0.0,0.0,0.0,0.0,0.0,0.0,0.0,,Dormant,0.0,95.0,95.0
455,41,Female,49776,17352,684,3,0,2,1,False,True,12.0,887.0,63835.07,6192.0,0.0,57913.12,5921.95,0.0,Debit/prepaid only,167.40055999999998,0.0,167.40055999999998
532,27,Male,48484,63561,775,2,0,2,0,False,False,0.0,0.0,0.0,0.0,0.0,0.0,0.0,,Dormant,0.0,0.0,0.0
1092,54,Male,47814,92020,720,1,0,1,0,False,False,0.0,0.0,0.0,0.0,0.0,0.0,0.0,,Dormant,0.0,0.0,0.0
528,38,Male,40478,76392,718,3,1,1,1,True,True,12.0,654.0,32533.59,5107.0,29226.02,0.0,3307.57,0.8983336914247705,Credit-primary,435.52835999999996,95.0,530.52836
328,45,Male,36323,65525,700,3,1,1,1,True,True,12.0,819.0,60657.51,3011.0,35012.39,25645.12,0.0,0.5772144290129944,Credit-primary,709.96508,0.0,709.96508
1282,34,Female,41249,42268,695,2,0,2,0,False,True,12.0,943.0,40087.82,5727.0,0.0,40087.82,0.0,0.0,Debit/prepaid only,215.21041,0.0,215.21041
783,62,Male,29769,14542,693,3,2,1,0,True,True,12.0,639.0,28253.86,2064.0,14355.71,13898.15,0.0,0.5080973006874104,Credit-primary,329.839855,0.0,329.839855
1693,36,Female,74016,85204,702,2,1,1,0,True,True,12.0,759.0,46309.0,4830.0,46309.0,0.0,0.0,1.0,Credit-primary,746.622,0.0,746.622
1542,46,Female,55565,34039,731,1,0,0,1,False,True,12.0,576.0,21489.64,2596.0,0.0,0.0,21489.64,0.0,Debit/prepaid only,0.0,0.0,0.0
36,31,Male,50242,84457,722,1,0,1,0,False,False,0.0,0.0,0.0,0.0,0.0,0.0,0.0,,Dormant,0.0,0.0,0.0
360,43,Male,46278,51243,791,4,0,4,0,False,True,12.0,1491.0,47698.69,4563.0,0.0,47698.69,0.0,0.0,Debit/prepaid only,334.677845,0.0,334.677845
603,42,Female,44624,102882,611,1,1,0,0,True,False,0.0,0.0,0.0,0.0,0.0,0.0,0.0,,Dormant,0.0,0.0,0.0
1794,49,Male,75137,175263,631,1,0,1,0,False,True,12.0,1023.0,68257.07,8373.0,0.0,68257.07,0.0,0.0,Debit/prepaid only,244.772035,0.0,244.772035
329,70,Male,36724,16437,701,3,3,0,0,True,True,12.0,1740.0,66414.14,6144.0,60413.63,0.0,6000.51,0.9096501136655537,Credit-primary,993.1073399999999,95.0,1088.10734
1181,61,Male,51581,35134,810,4,1,3,0,True,True,12.0,871.0,50403.33,2758.0,27283.09,23120.24,0.0,0.5412953866341768,Credit-primary,576.0892399999999,0.0,576.0892399999999
598,47,Male,43144,54157,628,3,1,1,1,True,True,12.0,2626.0,123335.25,5097.0,60467.19,56768.58,6099.48,0.49026689450096383,Mixed,1330.02621,0.0,1330.02621
990,91,Female,27150,2007,737,1,0,0,1,False,True,12.0,623.0,25973.64,1458.0,0.0,0.0,25973.64,0.0,Debit/prepaid only,0.0,0.0,0.0
1777,47,Male,62432,95799,741,5,3,1,1,True,True,12.0,1525.0,63805.57,5219.0,36693.21,19380.83,7731.53,0.5750784766909848,Credit-primary,725.577195,0.0,725.577195
1872,62,Male,67470,93795,804,6,2,4,0,True,True,12.0,864.0,45166.56,5533.0,25650.54,19516.02,0.0,0.5679099758759578,Credit-primary,520.95623,0.0,520.95623
1000,20,Female,54424,92199,687,1,0,1,0,False,False,0.0,0.0,0.0,0.0,0.0,0.0,0.0,,Dormant,0.0,0.0,0.0
799,34,Female,31525,57818,686,1,1,0,0,True,True,12.0,598.0,34341.73,4368.0,34341.73,0.0,0.0,1.0,Credit-primary,539.52714,0.0,539.52714
144,44,Female,32330,97190,835,3,1,2,0,True,True,12.0,1739.0,65058.54,5792.0,0.0,65058.54,0.0,0.0,Debit/prepaid only,394.82327,95.0,489.82327
781,30,Male,33993,45149,602,2,1,1,0,True,False,0.0,0.0,0.0,0.0,0.0,0.0,0.0,,Dormant,0.0,0.0,0.0
1572,40,Female,18935,43928,658,3,1,2,0,True,False,0.0,0.0,0.0,0.0,0.0,0.0,0.0,,Dormant,0.0,0.0,0.0
793,73,Female,42593,16083,703,2,2,0,0,True,True,12.0,819.0,41041.65,9616.0,41041.65,0.0,0.0,1.0,Credit-primary,565.6617,0.0,565.6617
1179,50,Female,49570,43645,752,5,1,4,0,True,True,12.0,553.0,39983.29,4641.0,24276.79,15706.5,0.0,0.6071733966864657,Credit-primary,465.96496999999994,0.0,465.96496999999994
114,47,Female,34441,907,725,3,0,3,0,False,True,12.0,3284.0,148078.73,53527.0,0.0,148078.73,0.0,0.0,Debit/prepaid only,736.9158649999999,0.0,736.9158649999999
1107,71,Female,40516,6908,698,4,1,2,1,True,True,12.0,1190.0,53479.96,7744.0,22380.63,23835.97,7263.36,0.418486289069775,Mixed,477.21482499999996,0.0,477.21482499999996
517,33,Male,24009,19085,811,3,1,2,0,True,True,12.0,659.0,19945.98,2864.0,10019.51,9926.47,0.0,0.5023322995410604,Credit-primary,245.779915,0.0,245.779915
624,33,Male,37579,59201,710,2,0,2,0,False,False,0.0,0.0,0.0,0.0,0.0,0.0,0.0,,Dormant,0.0,0.0,0.0
1215,53,Female,42152,55576,751,1,0,1,0,False,False,0.0,0.0,0.0,0.0,0.0,0.0,0.0,,Dormant,0.0,0.0,0.0
1992,63,Female,23725,47647,710,5,0,4,1,False,True,12.0,1548.0,47215.85,3045.0,0.0,37512.42,9703.43,0.0,Debit/prepaid only,266.27021,0.0,266.27021
19,82,Female,34903,1336,630,1,0,0,1,False,True,12.0,313.0,5550.37,237.0,0.0,0.0,5550.37,0.0,Debit/prepaid only,0.0,0.0,0.0
1605,39,Male,39336,43747,690,3,1,2,0,True,True,12.0,848.0,46257.86,3553.0,20925.32,25332.54,0.0,0.45236247418276593,Mixed,489.6755299999999,0.0,489.6755299999999
463,32,Female,40256,0,719,1,0,1,0,False,False,0.0,0.0,0.0,0.0,0.0,0.0,0.0,,Dormant,0.0,0.0,0.0
809,54,Female,85596,159101,618,1,0,1,0,False,False,0.0,0.0,0.0,0.0,0.0,0.0,0.0,,Dormant,0.0,0.0,0.0
590,37,Male,35060,39104,724,2,1,1,0,True,False,0.0,0.0,0.0,0.0,0.0,0.0,0.0,,Dormant,0.0,95.0,95.0
1904,69,Male,30983,10019,757,5,2,1,2,True,True,12.0,1549.0,64305.56,26241.0,26398.37,23218.52,14688.67,0.4105145806987763,Mixed,428.20541999999995,0.0,428.20541999999995
545,55,Male,45707,113194,715,2,0,2,0,False,True,12.0,594.0,33680.17,4740.0,0.0,33680.17,0.0,0.0,Debit/prepaid only,139.210085,0.0,139.210085
789,43,Female,49788,83932,690,3,0,2,1,False,True,12.0,747.0,35697.99,3817.0,0.0,29894.91,5803.08,0.0,Debit/prepaid only,126.21445499999999,0.0,126.21445499999999
742,69,Female,50753,20226,698,4,1,1,2,True,True,12.0,855.0,58175.659999999996,9407.0,0.0,50723.52,7452.14,0.0,Debit/prepaid only,126.86026,0.0,126.86026
612,88,Female,16296,667,838,5,2,3,0,True,False,0.0,0.0,0.0,0.0,0.0,0.0,0.0,,Dormant,0.0,0.0,0.0
523,27,Female,38487,28032,773,2,1,1,0,True,True,12.0,1250.0,85460.77,5611.0,43537.49,41923.28,0.0,0.5094441578282058,Credit-primary,898.6934599999998,0.0,898.6934599999998
928,59,Female,32347,82667,784,6,2,4,0,True,True,12.0,730.0,30376.8,6032.0,15273.26,15103.54,0.0,0.5027935793105265,Credit-primary,338.34195,95.0,433.34195
1642,37,Female,40470,41938,731,5,4,1,0,True,True,12.0,1130.0,39825.09,3228.0,39825.09,0.0,0.0,1.0,Credit-primary,658.7476199999999,0.0,658.7476199999999
495,49,Male,38028,79101,831,3,1,2,0,True,False,0.0,0.0,0.0,0.0,0.0,0.0,0.0,,Dormant,0.0,0.0,0.0
166,83,Female,25567,1001,665,2,1,1,0,True,False,0.0,0.0,0.0,0.0,0.0,0.0,0.0,,Dormant,0.0,95.0,95.0
1277,33,Male,51848,86951,692,1,1,0,0,True,False,0.0,0.0,0.0,0.0,0.0,0.0,0.0,,Dormant,0.0,0.0,0.0
718,48,Male,29081,56301,655,3,2,0,1,True,False,0.0,0.0,0.0,0.0,0.0,0.0,0.0,,Dormant,0.0,0.0,0.0
1962,34,Male,92375,156949,712,4,1,3,0,True,True,12.0,1134.0,64152.75,4293.0,0.0,64152.75,0.0,0.0,Debit/prepaid only,268.06987499999997,0.0,268.06987499999997
133,31,Female,62692,50290,698,2,0,2,0,False,True,12.0,846.0,51240.35,5874.0,0.0,51240.35,0.0,0.0,Debit/prepaid only,200.343175,0.0,200.343175
682,58,Male,35229,60945,724,1,1,0,0,True,False,0.0,0.0,0.0,0.0,0.0,0.0,0.0,,Dormant,0.0,0.0,0.0
795,40,Female,75918,94579,759,2,1,1,0,True,True,12.0,1609.0,98024.54,5568.0,52836.47,45188.07,0.0,0.5390126798860776,Credit-primary,1109.4139949999999,0.0,1109.4139949999999
1849,39,Female,41483,64098,721,2,1,1,0,True,True,12.0,1113.0,47659.23,3664.0,22275.75,25383.48,0.0,0.4673963469405611,Mixed,539.01324,0.0,539.01324
1732,50,Female,53810,78986,637,1,0,1,0,False,False,0.0,0.0,0.0,0.0,0.0,0.0,0.0,,Dormant,0.0,0.0,0.0
237,42,Male,58584,99235,563,2,1,1,0,True,True,12.0,780.0,47936.18,4183.0,29765.85,18170.33,0.0,0.6209474764155174,Credit-primary,599.111465,0.0,599.111465
769,53,Female,39974,77967,644,1,1,0,0,True,False,0.0,0.0,0.0,0.0,0.0,0.0,0.0,,Dormant,0.0,0.0,0.0
2,48,Male,27447,80850,673,5,2,3,0,True,True,12.0,1043.0,33053.91,4390.0,14038.99,19014.92,0.0,0.4247300848825449,Mixed,371.10428,0.0,371.10428
313,32,Female,33548,31183,693,2,1,1,0,True,True,12.0,855.0,33662.77,6045.0,18862.41,14800.36,0.0,0.5603344585130695,Credit-primary,414.44356,0.0,414.44356
989,78,Male,113514,16524,727,7,3,4,0,True,True,12.0,1204.0,173732.68,6660.0,130354.09,42764.15,614.44,0.7503141608130376,Credit-primary,2432.9381949999997,95.0,2527.9381949999997
1562,38,Female,25524,69401,759,3,1,1,1,True,True,12.0,655.0,27147.88,4829.0,12026.18,15121.7,0.0,0.4429878134130547,Mixed,281.94009,0.0,281.94009
1983,50,Male,141161,0,773,3,2,1,0,True,True,12.0,1081.0,63469.4,6433.0,36060.25,27409.15,0.0,0.5681517392633301,Credit-primary,726.632575,0.0,726.632575
1091,32,Female,53890,252106,656,4,2,2,0,True,True,12.0,682.0,38036.25,3192.0,22441.69,15594.56,0.0,0.5900079529396299,Credit-primary,467.63919999999996,95.0,562.6392
759,60,Male,74550,37427,687,4,1,3,0,True,True,12.0,677.0,43333.77,5976.0,0.0,43333.77,0.0,0.0,Debit/prepaid only,160.848885,0.0,160.848885
779,81,Female,32669,1433,755,5,1,4,0,True,True,12.0,1733.0,82065.58,4424.0,0.0,82065.58,0.0,0.0,Debit/prepaid only,402.75079,0.0,402.75079
105,54,Male,37579,0,742,5,5,0,0,True,False,0.0,0.0,0.0,0.0,0.0,0.0,0.0,,Dormant,0.0,95.0,95.0
1618,53,Male,70634,155651,682,4,0,3,1,False,True,12.0,1238.0,51599.76,2901.0,0.0,44724.45,6875.31,0.0,Debit/prepaid only,222.30172499999998,0.0,222.30172499999998
1168,51,Male,109673,242379,505,1,0,1,0,False,True,12.0,2367.0,206476.72,54460.0,0.0,206476.72,0.0,0.0,Debit/prepaid only,573.07836,0.0,573.07836
1237,46,Female,32150,47179,717,6,1,4,1,True,True,12.0,2431.0,73384.0,4679.66,30900.96,42483.04,0.0,0.4210857952687234,Mixed,866.77992,95.0,961.77992
699,42,Male,45475,68358,698,3,1,2,0,True,True,12.0,1128.0,27495.41,2946.0,12782.81,14712.6,0.0,0.4649070517588208,Mixed,371.35388,95.0,466.35388
646,38,Female,43634,73037,786,3,1,2,0,True,True,12.0,894.0,38631.45,4092.0,18822.66,19808.79,0.0,0.4872366944549066,Mixed,422.0562749999999,0.0,422.0562749999999
1403,74,Male,24545,22488,753,2,0,2,0,False,True,12.0,1755.0,113581.48,3754.0,0.0,113581.48,0.0,0.0,Debit/prepaid only,423.46374000000003,0.0,423.46374000000003
631,83,Female,33811,2206,682,6,2,4,0,True,True,12.0,815.0,37060.8,5113.0,18587.44,18473.36,0.0,0.5015390925182402,Credit-primary,408.03409999999997,95.0,503.03409999999997
1070,61,Male,51528,58509,745,5,2,2,1,True,True,12.0,819.0,40771.6,2898.0,20793.94,19977.66,0.0,0.5100103993956577,Credit-primary,456.4007499999999,190.0,646.4007499999999
291,64,Female,40407,62695,793,3,2,0,1,True,True,12.0,1483.0,61856.53,2692.0,61856.53,0.0,0.0,1.0,Credit-primary,1064.9615399999998,190.0,1254.9615399999998
738,57,Female,63974,131731,707,3,2,1,0,True,True,12.0,1010.0,86156.73,8766.0,56500.09,29656.64,0.0,0.6557826649177609,Credit-primary,1024.08694,0.0,1024.08694
142,59,Female,51788,77642,675,2,0,2,0,False,True,12.0,1243.0,80524.26,3073.0,0.0,80524.26,0.0,0.0,Debit/prepaid only,299.75563,0.0,299.75563
459,65,Male,25257,83995,734,5,3,2,0,True,True,12.0,664.0,33963.79,4768.0,14841.91,19121.88,0.0,0.43699216135772834,Mixed,316.89132,95.0,411.89132
281,24,Male,38549,35691,684,1,1,0,0,True,False,0.0,0.0,0.0,0.0,0.0,0.0,0.0,,Dormant,0.0,0.0,0.0
55,61,Female,44583,85531,717,5,1,4,0,True,True,12.0,1341.0,35914.7,5117.0,0.0,35914.7,0.0,0.0,Debit/prepaid only,297.00885,0.0,297.00885
1370,62,Female,52908,109229,709,4,2,2,0,True,True,12.0,1102.0,66833.81,4225.0,37760.08,29073.73,0.0,0.5649846986128728,Credit-primary,774.968305,95.0,869.968305
897,30,Female,26996,33332,501,1,0,1,0,False,True,12.0,710.0,19361.29,3100.0,0.0,19361.29,0.0,0.0,Debit/prepaid only,157.23064499999998,0.0,157.23064499999998
1781,29,Male,36050,45559,708,2,0,2,0,False,True,12.0,576.0,21812.69,4960.0,0.0,21812.69,0.0,0.0,Debit/prepaid only,129.386345,0.0,129.386345
457,34,Female,36324,56689,705,4,3,1,0,True,True,12.0,849.0,72077.36,8179.0,39921.57,32155.79,0.0,0.5538711462240016,Credit-primary,755.3041549999999,95.0,850.3041549999999
160,44,Male,37965,69614,796,2,0,1,1,False,True,12.0,1036.0,38168.75,5351.0,0.0,24615.07,13553.68,0.0,Debit/prepaid only,125.99003499999999,0.0,125.99003499999999
1655,57,Male,34856,127313,830,2,1,1,0,True,False,0.0,0.0,0.0,0.0,0.0,0.0,0.0,,Dormant,0.0,0.0,0.0
984,63,Female,32928,80794,850,5,3,2,0,True,True,12.0,1225.0,78129.19,3809.0,45701.81,32427.38,0.0,0.5849517958652841,Credit-primary,960.1592699999999,0.0,960.1592699999999
1329,24,Female,28011,20196,720,1,0,1,0,False,False,0.0,0.0,0.0,0.0,0.0,0.0,0.0,,Dormant,0.0,0.0,0.0
1535,59,Male,33311,65822,590,2,1,1,0,True,True,12.0,877.0,37553.02,2835.0,13049.81,24503.21,0.0,0.34750360956322557,Mixed,362.7531849999999,0.0,362.7531849999999
295,53,Male,30054,60128,681,1,0,1,0,False,False,0.0,0.0,0.0,0.0,0.0,0.0,0.0,,Dormant,0.0,0.0,0.0
1434,62,Male,40891,61245,717,4,3,1,0,True,True,12.0,386.0,23048.87,5269.0,11803.52,11245.35,0.0,0.5121084027112827,Credit-primary,216.169035,95.0,311.169035
208,37,Female,67747,76650,804,2,1,1,0,True,True,12.0,2348.0,168586.17,52387.0,94093.67,74492.5,0.0,0.5581339797920553,Credit-primary,1429.6563099999998,95.0,1524.6563099999998
1909,56,Male,26510,53023,696,4,1,3,0,True,True,12.0,1957.0,48151.0,2761.0,0.0,48151.0,0.0,0.0,Debit/prepaid only,433.66499999999996,95.0,528.665
1356,84,Male,26676,1370,733,4,3,1,0,True,True,12.0,916.0,36222.63,3972.0,17181.95,19040.68,0.0,0.4743429728873912,Mixed,412.93693999999994,95.0,507.93693999999994
265,44,Female,45497,101549,713,3,2,1,0,True,True,12.0,820.0,31825.05,6053.0,11948.52,19876.53,0.0,0.3754438720441916,Mixed,297.88262499999996,0.0,297.88262499999996
1947,87,Male,27971,1265,765,4,0,4,0,False,False,0.0,0.0,0.0,0.0,0.0,0.0,0.0,,Dormant,0.0,0.0,0.0
1089,31,Female,51501,140481,729,3,0,2,1,False,True,12.0,864.0,50801.58,6560.0,0.0,50801.58,0.0,0.0,Debit/prepaid only,203.56079,0.0,203.56079
614,84,Female,16430,2873,779,5,1,4,0,True,True,12.0,814.0,36052.32,6582.0,17803.69,18248.63,0.0,0.49382924594034444,Mixed,371.16973499999995,0.0,371.16973499999995
814,72,Male,16302,14408,748,4,3,1,0,True,True,12.0,1177.0,46526.87,5532.0,25300.38,21226.49,0.0,0.5437799705847395,Credit-primary,576.216585,95.0,671.216585
305,51,Male,29388,21221,755,3,0,2,1,False,True,12.0,1312.0,32228.8,935.0,0.0,0.0,32228.8,0.0,Debit/prepaid only,0.0,0.0,0.0
1225,54,Male,62837,86171,850,3,2,1,0,True,True,12.0,1491.0,68092.61,3048.0,34372.93,33719.68,0.0,0.5047967760378108,Credit-primary,793.5435799999999,0.0,793.5435799999999
1405,45,Male,48755,37315,777,8,3,4,1,True,True,12.0,1093.0,66766.07,4363.0,33492.54,30500.81,2772.72,0.5016401294849314,Credit-primary,703.7596249999999,95.0,798.7596249999999
1478,39,Female,44506,57994,849,3,1,2,0,True,True,12.0,861.0,41683.88,5944.0,21917.55,19766.33,0.0,0.5258039798598403,Credit-primary,457.0595649999999,0.0,457.0595649999999
1920,64,Male,31244,51924,713,4,1,2,1,True,True,12.0,1628.0,87379.87,4097.0,40862.2,42411.54,4106.13,0.4676385991418847,Mixed,889.7138699999998,95.0,984.7138699999998
241,58,Female,30605,16549,737,5,1,4,0,True,True,12.0,1103.0,45830.97,5975.0,20141.34,25689.63,0.0,0.43947007885715705,Mixed,484.891435,0.0,484.891435
331,34,Male,29907,16764,732,1,0,1,0,False,True,12.0,463.0,27670.3,4694.0,0.0,27670.3,0.0,0.0,Debit/prepaid only,108.71815,0.0,108.71815
1354,34,Male,33336,48213,692,1,0,1,0,False,False,0.0,0.0,0.0,0.0,0.0,0.0,0.0,,Dormant,0.0,0.0,0.0
1258,79,Female,15470,15349,789,7,2,4,1,True,True,12.0,1128.0,46257.0,5993.0,25333.11,17703.69,3220.2,0.5476600298333225,Credit-primary,515.1748249999999,0.0,515.1748249999999
919,54,Female,67890,112564,698,2,1,1,0,True,False,0.0,0.0,0.0,0.0,0.0,0.0,0.0,,Dormant,0.0,0.0,0.0
1447,33,Male,68741,203172,610,1,1,0,0,True,False,0.0,0.0,0.0,0.0,0.0,0.0,0.0,,Dormant,0.0,0.0,0.0
1315,57,Female,32576,0,753,4,1,3,0,True,True,12.0,1262.0,31988.33,4902.0,16057.13,15931.2,0.0,0.5019683740914264,Credit-primary,436.25793999999996,0.0,436.25793999999996
323,54,Male,26696,0,683,5,1,4,0,True,True,12.0,1362.0,57599.32,25343.0,0.0,57599.32,0.0,0.0,Debit/prepaid only,302.14815999999996,0.0,302.14815999999996
979,59,Male,32678,44434,693,3,2,1,0,True,True,12.0,538.0,40197.0,6134.0,22440.39,17756.61,0.0,0.5582603179341742,Credit-primary,426.9233249999999,0.0,426.9233249999999
1096,59,Male,41379,95988,681,2,1,1,0,True,True,12.0,1717.0,85157.91,5321.0,45323.16,39834.75,0.0,0.5322248984269342,Credit-primary,1001.161255,0.0,1001.161255
1347,64,Female,55418,20950,590,3,1,2,0,True,True,12.0,713.0,43102.88,4459.0,25224.48,17878.4,0.0,0.5852156514831491,Credit-primary,503.0128399999999,95.0,598.0128399999999
1395,58,Male,153691,197377,604,2,1,1,0,True,False,0.0,0.0,0.0,0.0,0.0,0.0,0.0,,Dormant,0.0,0.0,0.0
1614,40,Female,36152,81345,716,1,1,0,0,True,False,0.0,0.0,0.0,0.0,0.0,0.0,0.0,,Dormant,0.0,0.0,0.0
1212,33,Male,39975,52575,810,1,0,1,0,False,False,0.0,0.0,0.0,0.0,0.0,0.0,0.0,,Dormant,0.0,0.0,0.0
1588,42,Male,58223,128784,689,2,1,1,0,True,False,0.0,0.0,0.0,0.0,0.0,0.0,0.0,,Dormant,0.0,0.0,0.0
121,34,Female,45419,124370,721,2,1,1,0,True,True,12.0,1003.0,55566.79,5322.0,24897.27,30669.52,0.0,0.4480602532555867,Mixed,554.09962,0.0,554.09962
1859,68,Male,38689,8942,836,5,1,3,1,True,True,12.0,874.0,39534.49,4508.0,21684.59,15291.6,2558.3,0.5484980329833521,Credit-primary,448.12541999999996,0.0,448.12541999999996
77,99,Female,51110,3781,709,7,1,6,0,True,True,12.0,1277.0,99502.19,2778.0,0.0,99502.19,0.0,0.0,Debit/prepaid only,316.532095,0.0,316.532095
1222,42,Female,28738,48786,600,1,0,1,0,False,True,12.0,1199.0,45028.06,6692.0,0.0,45028.06,0.0,0.0,Debit/prepaid only,270.95803,0.0,270.95803
363,52,Female,48686,113137,701,3,1,1,1,True,True,12.0,561.0,7893.69,0.0,0.0,0.0,7893.69,0.0,Debit/prepaid only,0.0,0.0,0.0
634,49,Female,49079,6494,683,4,1,3,0,True,True,12.0,882.0,48088.6,2715.0,28734.45,19354.15,0.0,0.5975314315659013,Credit-primary,624.9746749999999,95.0,719.9746749999999
628,57,Male,107075,75999,815,2,0,1,1,False,True,12.0,723.0,67695.01,6356.0,0.0,67695.01,0.0,0.0,Debit/prepaid only,182.49950499999997,0.0,182.49950499999997
756,66,Female,59251,29300,679,1,0,1,0,False,True,12.0,529.0,54561.48,6625.0,0.0,54561.48,0.0,0.0,Debit/prepaid only,135.05823999999998,0.0,135.05823999999998
111,25,Female,30004,67526,738,1,0,1,0,False,False,0.0,0.0,0.0,0.0,0.0,0.0,0.0,,Dormant,0.0,0.0,0.0
1359,35,Female,45025,49878,691,2,1,1,0,True,False,0.0,0.0,0.0,0.0,0.0,0.0,0.0,,Dormant,0.0,95.0,95.0
488,34,Male,32126,54351,745,2,0,2,0,False,True,12.0,2375.0,162134.87,2092.0,0.0,162134.87,0.0,0.0,Debit/prepaid only,578.771435,0.0,578.771435
7,74,Male,32682,21379,650,3,0,2,1,False,False,0.0,0.0,0.0,0.0,0.0,0.0,0.0,,Dormant,0.0,0.0,0.0
863,60,Female,34406,1636,774,3,0,2,1,False,True,12.0,774.0,31345.53,1794.0,0.0,25285.58,6059.95,0.0,Debit/prepaid only,124.43629,0.0,124.43629
1854,48,Male,48337,70603,625,2,1,1,0,True,True,12.0,961.0,75017.95,4402.0,43020.47,31997.48,0.0,0.5734690164154046,Credit-primary,852.3911999999999,0.0,852.3911999999999
1041,48,Female,32522,50155,639,1,0,1,0,False,True,12.0,778.0,38813.93,5432.0,0.0,38813.93,0.0,0.0,Debit/prepaid only,180.070965,0.0,180.070965
1616,48,Male,94260,39326,815,4,1,2,1,True,True,12.0,1102.0,73698.62,4884.0,41334.92,26805.2,5558.5,0.5608642332787236,Credit-primary,815.67266,0.0,815.67266
1805,38,Male,26613,17008,718,1,1,0,0,True,True,12.0,760.0,21156.33,2206.0,21156.33,0.0,0.0,1.0,Credit-primary,341.10594000000003,0.0,341.10594000000003
1284,50,Female,39947,57346,765,2,1,1,0,True,True,12.0,678.0,44913.89,1081.0,0.0,44913.89,0.0,0.0,Debit/prepaid only,164.296445,95.0,259.296445
1735,56,Male,36583,56310,614,5,3,2,0,True,True,12.0,807.0,27485.52,4275.0,12623.46,14862.06,0.0,0.45927673917029765,Mixed,328.90581,95.0,423.90581
1528,78,Female,27992,1058,695,6,3,2,1,True,True,12.0,2102.0,123973.5,4024.0,68668.47,28669.72,26635.31,0.5538963568827209,Credit-primary,1346.81182,0.0,1346.81182
591,50,Male,38458,65836,696,2,0,2,0,False,False,0.0,0.0,0.0,0.0,0.0,0.0,0.0,,Dormant,0.0,0.0,0.0
97,69,Female,32952,5077,765,1,0,1,0,False,False,0.0,0.0,0.0,0.0,0.0,0.0,0.0,,Dormant,0.0,0.0,0.0
31,51,Female,45570,0,712,3,1,2,0,True,False,0.0,0.0,0.0,0.0,0.0,0.0,0.0,,Dormant,0.0,95.0,95.0
1380,37,Male,42444,77510,736,1,0,0,1,False,False,0.0,0.0,0.0,0.0,0.0,0.0,0.0,,Dormant,0.0,0.0,0.0
1240,56,Female,31814,43140,693,3,1,2,0,True,True,12.0,956.0,38050.17,2989.0,18452.53,19597.64,0.0,0.4849526296465955,Mixed,441.77486,0.0,441.77486
932,67,Male,34172,71366,811,6,3,3,0,True,True,12.0,1322.0,68410.8,3967.0,31154.6,37256.2,0.0,0.45540470218152684,Mixed,714.3123999999999,95.0,809.3123999999999
647,31,Female,26900,74083,758,2,0,2,0,False,True,12.0,1181.0,49772.74,29054.0,0.0,49772.74,0.0,0.0,Debit/prepaid only,258.36937,0.0,258.36937
391,85,Female,35270,1769,731,5,1,3,1,True,True,12.0,507.0,30808.04,6737.0,13902.08,13809.74,3096.22,0.45124844034219636,Mixed,258.02180999999996,15.833333333333334,273.8551433333333
986,32,Male,48010,87837,703,3,1,2,0,True,True,12.0,1056.0,35323.84,6134.0,22533.63,12790.21,0.0,0.6379156399757219,Credit-primary,489.870945,0.0,489.870945
1944,62,Female,49378,104480,740,4,1,3,0,True,True,12.0,986.0,46535.03,5295.0,26675.27,19859.76,0.0,0.5732298872483804,Credit-primary,554.2872399999999,0.0,554.2872399999999
185,47,Female,30942,71066,779,3,2,1,0,True,True,12.0,1222.0,38742.47,2670.0,21796.95,16945.52,0.0,0.5626112635565053,Credit-primary,552.1003599999999,95.0,647.1003599999999
1007,66,Male,54654,27241,618,1,1,0,0,True,False,0.0,0.0,0.0,0.0,0.0,0.0,0.0,,Dormant,0.0,0.0,0.0
1110,21,Female,65909,181261,673,1,1,0,0,True,False,0.0,0.0,0.0,0.0,0.0,0.0,0.0,,Dormant,0.0,0.0,0.0
