card_id,client_id,card_brand,card_type,card_number,expires,cvv,has_chip,num_cards_issued,credit_limit,acct_open_date,year_pin_last_changed,card_on_dark_web,opened,signup_id,signup_ts,signup_self_reported_source,signup_landing_page
4524,825,Visa,Debit,4344676511950444,12/2022,623,YES,2,24295,09/2002,2008,No,2002-09-01,,,,
2731,825,Visa,Debit,4956965974959986,12/2020,393,YES,2,21968,04/2014,2014,No,2014-04-01,,,,
3701,825,Visa,Debit,4582313478255491,02/2024,719,YES,2,46414,07/2003,2004,No,2003-07-01,,,,
42,825,Visa,Credit,4879494103069057,08/2024,693,NO,1,12400,01/2003,2012,No,2003-01-01,,,,
4659,825,Mastercard,Debit (Prepaid),5722874738736011,03/2009,75,YES,1,28,09/2008,2009,No,2008-09-01,,,,
4537,1746,Visa,Credit,4404898874682993,09/2003,736,YES,1,27500,09/2003,2012,No,2003-09-01,,,,
1278,1746,Visa,Debit,4001482973848631,07/2022,972,YES,2,28508,02/2011,2011,No,2011-02-01,,,,
3687,1746,Mastercard,Debit,5627220683410948,06/2022,48,YES,2,9022,07/2003,2015,No,2003-07-01,,,,
3465,1746,Mastercard,Debit (Prepaid),5711382187309326,11/2020,722,YES,2,54,06/2010,2015,No,2010-06-01,,,,
3754,1746,Mastercard,Debit (Prepaid),5766121508358701,02/2023,908,YES,1,99,07/2006,2012,No,2006-07-01,,,,
5144,1718,Mastercard,Debit,5495199163052054,03/2022,677,YES,2,31599,10/2009,2009,No,2009-10-01,,,,
2029,1718,Mastercard,Debit,5804499644308599,07/2023,258,NO,2,27480,03/2002,2008,No,2002-03-01,,,,
2379,1718,Mastercard,Debit,5766352389579834,02/2020,992,YES,1,26743,03/2019,2019,No,2019-03-01,s_000001,2019-03-21 17:44:00,social_media,/cards
2732,1718,Visa,Debit,4242015583697294,06/2020,928,YES,1,31463,04/2014,2014,No,2014-04-01,,,,
4706,1718,Mastercard,Debit,5191030913182493,06/2024,360,YES,1,16055,09/2009,2009,No,2009-09-01,,,,
281,708,Visa,Credit,4017261190134817,05/2015,877,YES,2,98100,01/2011,2011,No,2011-01-01,,,,
1106,708,Mastercard,Debit (Prepaid),5581970288727991,06/2020,448,YES,1,62,02/2007,2007,No,2007-02-01,,,,
5621,708,Visa,Debit,4032240655674503,06/2022,53,YES,1,132439,11/2010,2011,No,2010-11-01,,,,
5165,708,Visa,Debit,4935974646456357,06/2020,649,YES,1,125723,10/2009,2010,No,2009-10-01,,,,
5757,1164,Mastercard,Debit,5905027855347659,01/2022,886,YES,1,34900,12/1999,2012,No,1999-12-01,,,,
27,68,Visa,Credit,4099623033306950,09/2021,74,YES,2,9900,01/2002,2019,No,2002-01-01,,,,
4648,68,Visa,Debit,4281200324251212,07/2013,865,YES,2,21587,09/2007,2007,No,2007-09-01,,,,
5435,68,Visa,Credit,4411456925570768,11/2022,922,YES,2,15800,11/2005,2011,No,2005-11-01,,,,
3287,1075,Mastercard,Debit,5202477865497336,04/2022,861,YES,1,29964,06/2005,2014,No,2005-06-01,,,,
4761,1075,Mastercard,Credit,5089768442116305,07/2023,686,YES,2,11200,09/2010,2010,No,2010-09-01,,,,
5286,1075,Mastercard,Debit,5767339719294372,12/2021,669,NO,2,26753,10/2014,2014,No,2014-10-01,,,,
5559,1116,Mastercard,Debit,5341049613275152,09/2021,396,YES,2,26546,11/2009,2009,No,2009-11-01,,,,
4905,1116,Mastercard,Debit,5668831527649353,01/2021,356,YES,1,23253,09/2017,2017,No,2017-09-01,s_000003,2017-09-05 17:10:00,social_media,/
79,1116,Visa,Credit,4400056931148232,02/2021,497,YES,1,16100,01/2005,2014,No,2005-01-01,,,,
301,1116,Visa,Credit,4808554251869440,02/2021,921,YES,2,8700,01/2012,2012,No,2012-01-01,,,,
3115,1116,Mastercard,Debit,5224739362243611,01/2019,922,YES,1,29333,05/2012,2012,No,2012-05-01,,,,
3880,1752,Mastercard,Debit,5294178176133532,07/2024,265,YES,2,9496,07/2009,2012,No,2009-07-01,,,,
138,1094,Visa,Debit,4556928160477229,06/2023,64,YES,2,2365,01/2007,2009,No,2007-01-01,,,,
3755,1094,Mastercard,Debit,5515782790823587,06/2023,419,YES,2,18684,07/2006,2017,No,2006-07-01,,,,
1768,1094,Visa,Credit,4508388296516458,02/2021,364,NO,2,7400,02/2020,2020,No,2020-02-01,s_000008,2020-02-12 17:17:00,search,/cards
5924,1590,Mastercard,Debit,5548265564669334,12/2024,145,YES,2,4147,12/2008,2016,No,2008-12-01,,,,
6074,1660,Visa,Debit (Prepaid),4986270376099447,04/2022,385,YES,1,76,12/2012,2012,No,2012-12-01,,,,
5923,1660,Discover,Credit,6726060094896113,01/2009,105,NO,1,4700,12/2008,2014,No,2008-12-01,,,,
4223,1660,Visa,Credit,4157109762296149,06/2021,433,YES,2,5800,08/2007,2011,No,2007-08-01,,,,
4455,1660,Mastercard,Debit,5231462717450524,03/2024,754,YES,2,12082,08/2016,2016,No,2016-08-01,s_000009,2016-08-16 13:51:00,app_store,/cards
3234,1660,Mastercard,Credit,5074836567307562,03/2023,741,NO,2,6000,06/2002,2010,No,2002-06-01,,,,
1005,1660,Visa,Debit,4986369179342271,11/2009,367,YES,1,620,02/2002,2014,No,2002-02-01,,,,
151,1747,Mastercard,Debit,5892013969159900,08/2022,879,YES,1,14499,01/2008,2008,No,2008-01-01,,,,
4198,1747,Mastercard,Debit,5179157151686144,07/2023,457,YES,2,12332,08/2007,2009,No,2007-08-01,,,,
4403,1747,Mastercard,Debit,5569640141329524,09/2024,904,YES,1,18424,08/2013,2013,No,2013-08-01,,,,
4120,1747,Visa,Credit,4708914311449293,07/2023,149,NO,1,15400,08/2003,2008,No,2003-08-01,,,,
4224,1747,Visa,Debit,4795724941278913,02/2022,136,YES,2,14548,08/2007,2013,No,2007-08-01,,,,
4895,1747,Mastercard,Credit,5300159511214994,12/2016,740,YES,2,10100,09/2016,2016,No,2016-09-01,s_000010,2016-09-25 15:49:00,blog_or_review_site,/compare
1028,153,Discover,Credit,6580244636542196,04/2011,416,YES,1,11200,02/2004,2008,No,2004-02-01,,,,
5956,153,Mastercard,Debit,5032457975030967,10/2024,240,YES,2,20291,12/2009,2011,No,2009-12-01,,,,
107,153,Visa,Debit,4382324870900908,08/2018,852,YES,1,32092,01/2006,2010,No,2006-01-01,,,,
440,153,Mastercard,Debit,5456808094753905,02/2020,217,YES,1,20463,01/2020,2020,No,2020-01-01,s_000011,2020-01-15 12:48:00,search,/
974,511,Mastercard,Debit (Prepaid),5117090980312402,10/2020,42,YES,1,73,02/2000,2012,No,2000-02-01,,,,
4707,511,Mastercard,Debit,5377858405611171,01/2024,24,YES,1,11858,09/2009,2010,No,2009-09-01,,,,
7,511,Mastercard,Debit,5585238056278288,03/2005,749,YES,1,9664,01/1998,2011,No,1998-01-01,,,,
2212,511,Mastercard,Debit,5355281784290567,06/2020,810,YES,1,8367,03/2009,2009,No,2009-03-01,,,,
1038,511,Visa,Credit,4150093118072730,06/2022,135,YES,2,6100,02/2004,2009,No,2004-02-01,,,,
3679,1946,Visa,Debit,4869845530765333,08/2024,701,YES,2,4488,07/2002,2015,No,2002-07-01,,,,
5701,1946,Visa,Credit,4231526239204033,02/2020,499,YES,2,12500,11/2014,2014,No,2014-11-01,,,,
4510,1674,Mastercard,Debit,5813611925507601,12/2020,734,YES,2,23432,09/2001,2008,No,2001-09-01,,,,
2873,1674,Amex,Credit,366520954874839,05/2022,447,YES,2,8800,05/2005,2011,No,2005-05-01,,,,
442,877,Mastercard,Debit,5048151330736425,02/2020,931,YES,1,9708,01/2020,2020,No,2020-01-01,s_000021,2020-01-20 13:09:00,search,/compare
3877,877,Amex,Credit,371643368691556,11/2021,683,YES,2,12000,07/2009,2011,No,2009-07-01,,,,
2296,877,Mastercard,Debit,5700734711260263,11/2023,230,YES,1,11973,03/2012,2012,No,2012-03-01,,,,
5048,128,Mastercard,Debit,5389442391430673,02/2022,658,YES,2,13601,10/2006,2014,No,2006-10-01,,,,
1462,128,Mastercard,Credit,5079116875907423,01/2024,849,YES,2,7800,02/2020,2020,No,2020-02-01,s_000022,2020-02-09 12:40:00,other,/blog/credit-basics
4269,775,Visa,Debit,4390425683290569,10/2023,790,YES,2,17816,08/2008,2016,No,2008-08-01,,,,
5188,1536,Mastercard,Debit,5217568630125704,03/2021,625,NO,2,17707,10/2010,2010,No,2010-10-01,,,,
2874,1536,Amex,Credit,397856635669220,11/2020,2,YES,1,9500,05/2005,2009,No,2005-05-01,,,,
3041,140,Mastercard,Debit,5529182104663869,01/2022,182,YES,1,19110,05/2010,2011,No,2010-05-01,,,,
5312,140,Mastercard,Debit,5489017664251289,08/2023,196,YES,1,13428,10/2016,2016,No,2016-10-01,s_000023,2016-10-28 22:02:00,social_media,/
4150,140,Mastercard,Debit,5793675314684781,06/2022,43,YES,1,24608,08/2005,2009,No,2005-08-01,,,,
152,140,Mastercard,Debit,5845373196638993,09/2022,111,YES,1,13441,01/2008,2011,No,2008-01-01,,,,
3377,1874,Mastercard,Debit,5429789020188285,10/2012,674,YES,1,17872,06/2008,2008,No,2008-06-01,,,,
5789,1874,Mastercard,Credit,5301114615829913,09/2022,425,YES,1,12900,12/2003,2010,No,2003-12-01,,,,
2106,1874,Mastercard,Debit,5571104183564029,05/2024,52,YES,2,25264,03/2006,2020,No,2006-03-01,,,,
2078,1874,Mastercard,Debit,5401948301255038,12/2022,920,YES,2,20634,03/2005,2007,No,2005-03-01,,,,
5866,1310,Visa,Credit,4295364044956974,04/2007,656,YES,2,12200,12/2006,2010,No,2006-12-01,,,,
173,1310,Visa,Credit,4737484014371342,02/2010,221,YES,2,5500,01/2008,2008,No,2008-01-01,,,,
1771,1689,Visa,Credit,4509365132510769,03/2020,281,NO,2,6600,02/2020,2020,No,2020-02-01,s_000025,2020-02-05 19:04:00,app_store,/blog/credit-basics
6132,1689,Mastercard,Debit,5068255294282305,11/2020,890,YES,1,25815,12/2017,2017,No,2017-12-01,s_000026,2017-12-24 18:12:00,search,/cards/rewards
327,379,Amex,Credit,354813103334804,06/2021,527,YES,2,8400,01/2014,2014,No,2014-01-01,,,,
2019,379,Mastercard,Debit,5910929635230868,02/2020,525,YES,1,21628,03/2001,2008,No,2001-03-01,,,,
3881,379,Mastercard,Debit,5400182448188961,10/2021,412,YES,1,24232,07/2009,2009,No,2009-07-01,,,,
1166,34,Mastercard,Debit,5039048842448184,11/2023,339,YES,2,10775,02/2009,2010,No,2009-02-01,,,,
3342,34,Mastercard,Debit (Prepaid),5672012369002302,02/2020,598,YES,2,105,06/2007,2013,No,2007-06-01,,,,
5622,822,Visa,Credit,4336733185475861,01/2021,221,NO,2,7100,11/2010,2010,No,2010-11-01,,,,
5424,822,Mastercard,Debit,5985582173054292,07/2024,951,YES,1,29351,11/2005,2007,No,2005-11-01,,,,
2558,822,Mastercard,Debit,5281056728185174,03/2020,835,YES,2,15125,04/2008,2012,No,2008-04-01,,,,
5385,822,Mastercard,Credit,5615660494634705,11/2021,865,YES,2,8000,11/2003,2008,No,2003-11-01,,,,
5596,822,Mastercard,Debit (Prepaid),5314878099448745,05/2011,994,YES,1,83,11/2010,2010,No,2010-11-01,,,,
3991,1499,Amex,Credit,311095486859536,01/2024,536,YES,2,23700,07/2012,2012,No,2012-07-01,,,,
6126,1780,Visa,Credit,4624747592911129,02/2024,986,YES,2,700,12/2016,2016,No,2016-12-01,s_000027,2016-12-09 20:20:00,social_media,/cards
3756,1806,Mastercard,Debit,5595562388674401,07/2024,594,YES,2,7488,07/2006,2016,No,2006-07-01,,,,
971,811,Visa,Credit,4171022488649333,01/2002,225,NO,1,24900,02/1999,2010,No,1999-02-01,,,,
2079,811,Mastercard,Debit,5246337038556761,06/2021,638,YES,2,30971,03/2005,2020,No,2005-03-01,,,,
387,811,Amex,Credit,399966116933253,01/2024,343,YES,1,24400,01/2020,2020,No,2020-01-01,s_000028,2020-01-21 08:04:00,search,/blog/credit-basics
444,811,Mastercard,Debit,5064137987234665,02/2020,599,YES,2,53549,01/2020,2020,No,2020-01-01,s_000029,2020-01-05 18:43:00,search,/apply
5277,811,Visa,Debit,4905540969337037,09/2018,573,YES,1,53036,10/2013,2013,No,2013-10-01,,,,
4358,811,Mastercard,Debit,5703849820939467,12/2024,300,YES,1,35750,08/2011,2011,No,2011-08-01,,,,
2318,811,Visa,Debit,4055403312631050,07/2021,902,YES,1,33375,03/2013,2013,No,2013-03-01,,,,
6019,1844,Visa,Debit (Prepaid),4587476056357151,07/2023,858,YES,2,22,12/2010,2010,No,2010-12-01,,,,
4421,1844,Discover,Credit,6521426249819196,11/2020,608,YES,1,13100,08/2014,2014,No,2014-08-01,,,,
3702,1844,Visa,Debit,4199712815274632,10/2024,440,YES,1,16516,07/2003,2011,No,2003-07-01,,,,
2854,1844,Mastercard,Credit,5172743861765175,07/2016,906,YES,1,15700,05/2004,2011,No,2004-05-01,,,,
4114,1844,Mastercard,Debit,5214643602729093,05/2024,474,YES,1,21058,08/2003,2007,No,2003-08-01,,,,
28,1852,Visa,Debit,4013876625955765,10/2023,543,YES,2,36425,01/2002,2004,No,2002-01-01,,,,
6127,1852,Visa,Debit (Prepaid),4966050979388902,03/2021,585,YES,2,91,12/2016,2016,No,2016-12-01,s_000030,2016-12-01 20:36:00,app_store,/compare
2477,1852,Mastercard,Credit,5247576622089394,09/2021,379,YES,1,13400,04/2005,2014,No,2005-04-01,,,,
2632,1852,Mastercard,Credit,5911319900289832,04/2021,37,YES,2,21600,04/2010,2010,No,2010-04-01,,,,
5679,970,Visa,Debit,4682877628388639,02/2023,846,NO,1,25942,11/2012,2012,No,2012-11-01,,,,
1012,970,Mastercard,Credit,5882842508952744,07/2019,614,YES,2,10700,02/2003,2013,No,2003-02-01,,,,
1464,970,Mastercard,Credit,5637149260486793,07/2022,630,YES,2,4900,02/2020,2020,No,2020-02-01,s_000032,2020-02-05 22:10:00,friend_or_family,/cards/rewards
3708,1296,Mastercard,Debit,5033428838471726,02/2020,546,YES,2,22660,07/2004,2007,No,2004-07-01,,,,
3087,1296,Discover,Credit,6969946254132652,12/2022,588,YES,1,19800,05/2011,2011,No,2011-05-01,,,,
67,1296,Mastercard,Credit,5181226307106931,11/2024,820,YES,2,15500,01/2005,2014,No,2005-01-01,,,,
80,1296,Visa,Debit (Prepaid),4310689470082080,06/2023,458,YES,1,13,01/2005,2008,No,2005-01-01,,,,
3665,1296,Mastercard,Debit,5051066154001741,06/2021,526,YES,2,4317,07/2001,2011,No,2001-07-01,,,,
2014,1880,Mastercard,Debit,5456915066505066,12/2021,553,NO,1,14719,03/2000,2008,No,2000-03-01,,,,
4906,1880,Mastercard,Debit,5132664334960880,05/2021,593,YES,1,9532,09/2017,2017,No,2017-09-01,s_000035,2017-09-13 15:03:00,social_media,/
3757,1880,Mastercard,Credit,5752873844240568,03/2020,486,YES,1,10900,07/2006,2014,No,2006-07-01,,,,
5365,322,Mastercard,Credit,5494228198326752,09/2024,428,YES,2,6200,11/2001,2012,No,2001-11-01,,,,
5425,322,Mastercard,Debit,5789639625525459,12/2012,43,YES,2,2903,11/2005,2011,No,2005-11-01,,,,
5758,322,Mastercard,Debit,5392957769023387,10/2020,803,YES,2,4355,12/1999,2010,No,1999-12-01,,,,
5482,461,Mastercard,Debit,5182820825620434,04/2021,126,YES,1,28963,11/2007,2012,No,2007-11-01,,,,
3172,461,Mastercard,Debit,5102353988152905,12/2022,667,YES,2,20913,05/2016,2016,No,2016-05-01,s_000036,2016-05-08 18:34:00,search,/cards
1209,461,Mastercard,Debit,5033135709911480,07/2024,170,YES,1,23344,02/2010,2010,No,2010-02-01,,,,
5313,461,Mastercard,Debit,5611522756791997,01/2020,882,YES,2,33642,10/2016,2016,No,2016-10-01,s_000037,2016-10-04 09:06:00,search,/compare
4762,1165,Mastercard,Debit,5037404409791945,01/2022,681,YES,1,14695,09/2010,2011,No,2010-09-01,,,,
126,1448,Mastercard,Credit,5571363047071896,09/2023,510,YES,1,13200,01/2007,2015,No,2007-01-01,,,,
4685,1448,Visa,Debit,4083033843851772,01/2020,173,YES,1,29950,09/2008,2013,No,2008-09-01,,,,
5907,1448,Visa,Credit,4829916759482899,07/2024,768,YES,2,4600,12/2007,2011,No,2007-12-01,,,,
2428,1288,Mastercard,Debit,5458492483408549,12/2022,92,YES,1,10051,04/2002,2011,No,2002-04-01,,,,
1013,1288,Mastercard,Debit,5879094230635425,12/2015,729,YES,2,9796,02/2003,2013,No,2003-02-01,,,,
5145,1178,Mastercard,Debit,5769435406360328,10/2021,957,YES,1,17826,10/2009,2009,No,2009-10-01,,,,
5854,1178,Mastercard,Debit,5588799529406913,11/2024,778,YES,1,19086,12/2006,2009,No,2006-12-01,,,,
5296,1178,Visa,Debit,4410685608952637,06/2024,265,YES,2,17345,10/2014,2014,No,2014-10-01,,,,
1327,1178,Visa,Debit,4470822684089911,09/2020,923,YES,2,17976,02/2013,2013,No,2013-02-01,,,,
383,1178,Visa,Debit,4804338444306727,01/2022,279,YES,2,16447,01/2019,2019,No,2019-01-01,s_000038,2019-01-22 09:46:00,other,/compare
5129,1391,Visa,Debit,4194362281636453,10/2024,271,YES,2,29573,10/2008,2009,No,2008-10-01,,,,
5995,1391,Mastercard,Debit (Prepaid),5436469451844829,12/2021,48,YES,2,98,12/2010,2010,No,2010-12-01,,,,
4107,1391,Mastercard,Debit,5648865641388293,08/2019,71,YES,2,2559,08/2002,2012,No,2002-08-01,,,,
36,1391,Mastercard,Debit,5914243757284149,10/2012,436,YES,2,6552,01/2003,2010,No,2003-01-01,,,,
3801,1452,Mastercard,Debit,5476407228285230,11/2022,688,YES,2,53466,07/2007,2013,No,2007-07-01,,,,
282,1602,Visa,Credit,4698943729070491,09/2020,450,YES,1,6600,01/2011,2013,No,2011-01-01,,,,
6105,1602,Mastercard,Credit,5579147219556308,06/2022,806,NO,2,7200,12/2015,2015,No,2015-12-01,,,,
5231,1492,Mastercard,Debit,5188130978534931,01/2022,446,YES,1,12915,10/2011,2013,No,2011-10-01,,,,
2615,1492,Visa,Debit (Prepaid),4860320285002452,12/2023,366,YES,2,84,04/2009,2017,No,2009-04-01,,,,
2776,1492,Discover,Credit,6417599205270844,07/2021,504,YES,2,17600,04/2018,2018,No,2018-04-01,s_000045,2018-04-21 15:51:00,search,/compare
5452,1492,Mastercard,Debit,5516722949603675,12/2012,621,YES,1,31542,11/2006,2009,No,2006-11-01,,,,
3563,1492,Mastercard,Debit,5891053637541514,02/2022,362,YES,2,23049,06/2013,2013,No,2013-06-01,,,,
6134,1492,Visa,Debit,4222570131769035,05/2020,141,YES,1,29734,12/2017,2017,No,2017-12-01,s_000046,2017-12-10 15:49:00,blog_or_review_site,/apply
4818,1492,Visa,Credit,4453742478192143,01/2020,346,YES,2,27000,09/2011,2016,No,2011-09-01,,,,
2171,1492,Mastercard,Debit (Prepaid),5335984658439104,11/2022,320,YES,1,18,03/2008,2010,No,2008-03-01,,,,
6106,688,Mastercard,Debit,5708150083756692,04/2023,824,YES,1,17848,12/2015,2015,No,2015-12-01,,,,
3042,688,Mastercard,Debit,5238684130320063,11/2022,870,NO,1,25563,05/2010,2010,No,2010-05-01,,,,
5209,688,Visa,Credit,4740880792169372,04/2020,168,YES,2,12000,10/2010,2010,No,2010-10-01,,,,
1296,688,Amex,Credit,361648729239104,11/2018,709,NO,2,6600,02/2012,2012,No,2012-02-01,,,,
1395,643,Amex,Credit,381572912003735,08/2024,145,YES,1,10000,02/2020,2020,No,2020-02-01,s_000050,2020-02-12 11:09:00,search,/cards/rewards
5597,643,Mastercard,Credit,5079302523329059,04/2023,381,YES,2,500,11/2010,2010,No,2010-11-01,,,,
1468,1219,Mastercard,Debit,5546998350637125,02/2020,718,YES,1,22697,02/2020,2020,No,2020-02-01,s_000051,2020-02-07 22:33:00,search,/blog/credit-basics
2309,1219,Mastercard,Credit,5326031764905960,08/2023,437,YES,1,18000,03/2013,2013,No,2013-03-01,,,,
3466,1219,Mastercard,Debit,5096150037217374,10/2024,862,YES,1,32903,06/2010,2010,No,2010-06-01,,,,
2804,1198,Visa,Debit,4489873116412364,08/2021,547,YES,2,12764,05/1999,2010,No,1999-05-01,,,,
1388,1198,Mastercard,Credit,5621725368325863,10/2022,60,YES,1,6300,02/2019,2019,No,2019-02-01,s_000052,2019-02-27 19:50:00,blog_or_review_site,/cards/rewards
4660,898,Mastercard,Debit,5923138803280580,02/2022,934,YES,2,7541,09/2008,2013,No,2008-09-01,,,,
3356,898,Visa,Debit,4447989421793048,03/2022,995,YES,2,1266,06/2007,2012,No,2007-06-01,,,,
4870,898,Mastercard,Credit,5000307662634780,04/2020,263,NO,1,9500,09/2014,2014,No,2014-09-01,,,,
3467,882,Mastercard,Debit,5707305515533516,04/2020,203,YES,2,1837,06/2010,2010,No,2010-06-01,,,,
1079,882,Mastercard,Debit,5864987017850552,08/2023,258,YES,2,17453,02/2006,2008,No,2006-02-01,,,,
2977,348,Visa,Debit,4228885239928189,10/2013,543,NO,1,28283,05/2008,2012,No,2008-05-01,,,,
3073,348,Visa,Credit,4210237285941913,04/2020,160,YES,1,13500,05/2010,2012,No,2010-05-01,,,,
3554,348,Visa,Credit,4877073763902898,07/2014,786,YES,2,13300,06/2012,2012,No,2012-06-01,,,,
2597,633,Mastercard,Debit,5558040779986506,09/2021,69,YES,2,17941,04/2009,2009,No,2009-04-01,,,,
3489,1493,Visa,Credit,4642496218651973,04/2018,594,YES,1,14400,06/2010,2012,No,2010-06-01,,,,
4003,1493,Visa,Credit,4244401907291512,04/2020,120,YES,1,4400,07/2012,2012,No,2012-07-01,,,,
1469,1493,Mastercard,Credit,5157439545898691,03/2020,657,YES,1,13000,02/2020,2020,No,2020-02-01,s_000053,2020-02-16 16:38:00,blog_or_review_site,/blog/credit-basics
1774,1493,Visa,Debit,4079516725179269,04/2023,72,YES,2,22701,02/2020,2020,No,2020-02-01,s_000054,2020-02-14 14:54:00,search,/compare
2691,217,Mastercard,Debit,5565497732362129,03/2022,430,NO,1,16538,04/2012,2012,No,2012-04-01,,,,
174,217,Visa,Debit,4072893581482208,12/2020,578,YES,2,22746,01/2008,2010,No,2008-01-01,,,,
1364,217,Mastercard,Debit,5161929618424764,07/2016,743,YES,1,9737,02/2016,2016,No,2016-02-01,s_000057,2016-02-05 13:31:00,app_store,/cards/rewards
1266,217,Mastercard,Credit,5359358098670039,07/2019,428,YES,1,6500,02/2011,2014,No,2011-02-01,,,,
1267,217,Mastercard,Debit,5093514487076217,06/2020,889,YES,2,2650,02/2011,2013,No,2011-02-01,,,,
207,217,Visa,Credit,4409790595650716,05/2012,839,YES,2,8200,01/2009,2011,No,2009-01-01,,,,
5448,217,Amex,Credit,373325875666765,01/2022,204,YES,2,6200,11/2006,2013,No,2006-11-01,,,,
5449,1877,Amex,Credit,366837170672753,01/2021,803,YES,2,22600,11/2006,2014,No,2006-11-01,,,,
2107,1877,Mastercard,Debit,5260255791659846,05/2024,428,YES,2,6940,03/2006,2009,No,2006-03-01,,,,
2398,1877,Mastercard,Debit,5911939393457828,03/2024,410,YES,2,23408,04/1996,2008,No,1996-04-01,,,,
5414,1877,Visa,Credit,4226284680001632,09/2022,966,YES,2,9700,11/2004,2007,No,2004-11-01,,,,
3758,668,Mastercard,Debit,5624997997810589,06/2024,992,NO,2,10538,07/2006,2006,No,2006-07-01,,,,
4097,668,Mastercard,Debit,5752209560237460,03/2023,385,YES,2,6853,08/2001,2006,No,2001-08-01,,,,
5778,668,Mastercard,Debit,5470018669871087,10/2020,598,YES,2,607,12/2002,2010,No,2002-12-01,,,,
4318,668,Mastercard,Credit,5764603958082866,08/2021,397,YES,1,0,08/2010,2010,No,2010-08-01,,,,
5015,668,Visa,Debit,4378354586828464,06/2021,644,YES,2,8253,10/2004,2011,No,2004-10-01,,,,
242,203,Visa,Credit,4716309780327853,07/2022,275,YES,1,9100,01/2010,2010,No,2010-01-01,,,,
3966,203,Mastercard,Credit,5175414290540891,04/2022,497,NO,2,2600,07/2011,2011,No,2011-07-01,,,,
5375,203,Mastercard,Credit,5079431552272493,05/2024,813,NO,1,7300,11/2002,2010,No,2002-11-01,,,,
5166,1738,Visa,Credit,4841586209388617,08/2020,207,YES,1,15000,10/2009,2009,No,2009-10-01,,,,
1472,1738,Mastercard,Credit,5133341979041600,04/2024,497,YES,2,18700,02/2020,2020,No,2020-02-01,s_000059,2020-02-20 16:19:00,search,/blog/credit-basics
751,1738,Visa,Debit,4044685132149960,05/2021,579,YES,1,21458,01/2020,2020,No,2020-01-01,s_000060,2020-01-05 10:26:00,friend_or_family,/cards
5623,1738,Visa,Credit,4825181289428263,04/2020,635,NO,1,15700,11/2010,2014,No,2010-11-01,,,,
6099,713,Mastercard,Debit,5533057740649374,01/2020,13,YES,2,20765,12/2014,2014,No,2014-12-01,,,,
1473,713,Mastercard,Debit,5137811039972629,06/2022,170,NO,2,18101,02/2020,2020,No,2020-02-01,s_000061,2020-02-13 21:45:00,blog_or_review_site,/apply
1775,713,Visa,Credit,4409545480052957,11/2024,528,YES,1,8400,02/2020,2020,No,2020-02-01,s_000062,2020-02-23 12:45:00,friend_or_family,/apply
447,713,Mastercard,Debit,5169705466479218,03/2020,66,YES,1,1737,01/2020,2020,No,2020-01-01,s_000063,2020-01-02 21:35:00,search,/apply
5978,1487,Visa,Debit,4911894810892317,06/2024,769,YES,1,26083,12/2009,2009,No,2009-12-01,,,,
2978,1487,Visa,Debit,4394014058373538,10/2022,943,YES,1,31589,05/2008,2008,No,2008-05-01,,,,
4946,1487,Visa,Credit,4984110253172329,06/2021,453,YES,2,24200,10/2000,2013,No,2000-10-01,,,,
5376,370,Mastercard,Debit,5377126168537132,10/2022,94,YES,2,7551,11/2002,2010,No,2002-11-01,,,,
4127,370,Mastercard,Debit,5606824501502078,06/2014,451,YES,1,15377,08/2004,2011,No,2004-08-01,,,,
5093,370,Visa,Debit,4501704511432206,03/2023,324,YES,1,12990,10/2007,2016,No,2007-10-01,,,,
3490,370,Visa,Debit,4015096339812707,02/2023,494,YES,1,8509,06/2010,2010,No,2010-06-01,,,,
5702,1014,Visa,Debit,4467199760802877,11/2014,176,YES,1,96907,11/2014,2014,No,2014-11-01,,,,
2200,1014,Visa,Credit,4081474027835147,07/2015,45,YES,1,43900,03/2008,2013,No,2008-03-01,,,,
5436,1014,Visa,Debit (Prepaid),4868297041449163,10/2020,440,YES,2,76,11/2005,2007,No,2005-11-01,,,,
3862,985,Visa,Credit,4229889369220690,04/2024,82,YES,2,13200,07/2008,2010,No,2008-07-01,,,,
1268,985,Mastercard,Credit,5936949471946678,10/2022,372,YES,2,16000,02/2011,2012,No,2011-02-01,,,,
752,985,Visa,Debit,4748458102584203,07/2024,223,YES,2,18132,01/2020,2020,No,2020-01-01,s_000070,2020-01-10 16:32:00,search,/compare
2704,985,Visa,Credit,4862788591864799,02/2019,466,YES,1,300,04/2012,2012,No,2012-04-01,,,,
2808,135,Mastercard,Debit,5736838327060448,11/2022,714,YES,2,2236,05/2000,2015,No,2000-05-01,,,,
4791,135,Visa,Debit,4528854599819268,08/2019,451,YES,2,21591,09/2010,2010,No,2010-09-01,,,,
4112,1783,Amex,Credit,323782494048404,03/2020,659,YES,1,9800,08/2003,2010,No,2003-08-01,,,,
1154,1783,Visa,Credit,4172882144788973,03/2012,902,YES,2,11300,02/2008,2009,No,2008-02-01,,,,
2598,1783,Mastercard,Credit,5153494647482349,10/2019,492,YES,1,8400,04/2009,2011,No,2009-04-01,,,,
10,1783,Mastercard,Debit,5513208341097350,12/2023,789,YES,1,16597,01/1999,2009,No,1999-01-01,,,,
4655,1783,Amex,Credit,316138720673532,09/2020,876,YES,2,9400,09/2008,2008,No,2008-09-01,,,,
5908,1321,Visa,Debit,4709941855155413,12/2008,122,YES,1,18702,12/2007,2007,No,2007-12-01,,,,
3357,1511,Visa,Debit,4725438629956463,06/2022,675,YES,1,24806,06/2007,2007,No,2007-06-01,,,,
5502,1511,Visa,Debit,4992990568824247,05/2023,457,YES,1,19856,11/2007,2011,No,2007-11-01,,,,
1238,900,Visa,Debit (Prepaid),4580252759299284,02/2021,397,YES,2,68,02/2010,2010,No,2010-02-01,,,,
3412,900,Amex,Credit,347103137777594,12/2022,791,YES,2,4900,06/2009,2009,No,2009-06-01,,,,
1297,233,Amex,Credit,374396421501669,03/2024,659,YES,2,13700,02/2012,2012,No,2012-02-01,,,,
3605,406,Discover,Credit,6308795344040919,11/2024,205,YES,2,4200,06/2016,2016,No,2016-06-01,s_000075,2016-06-10 11:53:00,friend_or_family,/
5167,1069,Visa,Debit,4439832703761219,08/2020,424,YES,2,2292,10/2009,2015,No,2009-10-01,,,,
3922,1069,Amex,Credit,304372446656131,03/2021,495,YES,1,8800,07/2010,2010,No,2010-07-01,,,,
5453,180,Mastercard,Credit,5881384408371205,03/2023,312,NO,2,7600,11/2006,2009,No,2006-11-01,,,,
2888,180,Visa,Credit,4966727954053977,11/2021,756,YES,2,6200,05/2005,2018,No,2005-05-01,,,,
3208,996,Mastercard,Credit,5784959743819578,07/2023,348,YES,1,12900,06/1999,2011,No,1999-06-01,,,,
4661,996,Mastercard,Debit,5617375085275816,06/2022,228,YES,2,18820,09/2008,2015,No,2008-09-01,,,,
3277,996,Visa,Debit,4813292561037475,07/2005,979,YES,2,16167,06/2004,2009,No,2004-06-01,,,,
1107,996,Mastercard,Credit,5659042637826477,06/2023,857,YES,2,4200,02/2007,2011,No,2007-02-01,,,,
3310,996,Mastercard,Debit,5691123059106648,08/2024,190,YES,2,18861,06/2006,2011,No,2006-06-01,,,,
1279,996,Visa,Debit,4803335286454198,02/2020,568,NO,1,27231,02/2011,2011,No,2011-02-01,,,,
2108,1981,Mastercard,Debit,5550999995379539,07/2020,980,YES,2,13595,03/2006,2010,No,2006-03-01,,,,
5143,1981,Discover,Credit,6616646974839947,11/2009,72,NO,2,12300,10/2009,2009,No,2009-10-01,,,,
4151,1981,Mastercard,Credit,5384097503885721,02/2019,704,YES,2,12300,08/2005,2009,No,2005-08-01,,,,
3606,1981,Mastercard,Debit,5082019741631139,04/2021,459,YES,1,20743,06/2016,2016,No,2016-06-01,s_000078,2016-06-16 21:10:00,blog_or_review_site,/cards
3248,1981,Mastercard,Debit,5843429452249829,08/2021,570,YES,2,17706,06/2003,2010,No,2003-06-01,,,,
2996,1981,Mastercard,Debit,5898198294277172,08/2022,332,YES,2,20962,05/2009,2009,No,2009-05-01,,,,
4,1981,Mastercard,Debit,5433366978583845,03/2024,530,YES,2,19439,01/1997,2007,No,1997-01-01,,,,
3257,870,Visa,Debit,4073664438482773,03/2022,973,NO,1,30160,06/2003,2017,No,2003-06-01,,,,
3626,870,Amex,Credit,349088998842560,06/2022,652,YES,2,0,06/2018,2018,No,2018-06-01,s_000079,2018-06-09 08:57:00,social_media,/cards/rewards
1039,870,Visa,Debit,4701143570043786,11/2012,807,NO,1,28937,02/2004,2008,No,2004-02-01,,,,
2080,16,Mastercard,Debit (Prepaid),5151149006132572,05/2020,636,NO,2,22,03/2005,2011,No,2005-03-01,,,,
49,16,Mastercard,Debit,5289860104321083,08/2015,59,YES,2,1575,01/2004,2005,No,2004-01-01,,,,
4964,16,Mastercard,Debit,5496658602251095,12/2020,962,YES,2,7562,10/2002,2011,No,2002-10-01,,,,
4093,16,Mastercard,Debit,5571413073625472,05/2024,741,YES,2,17211,08/1999,2013,No,1999-08-01,,,,
2979,16,Visa,Credit,4255418851751854,06/2010,361,NO,2,9500,05/2008,2010,No,2008-05-01,,,,
3513,46,Mastercard,Debit,5718393085724653,11/2022,117,YES,2,24191,06/2011,2011,No,2011-06-01,,,,
3732,46,Mastercard,Debit (Prepaid),5358119472579247,03/2023,129,YES,2,68,07/2005,2006,No,2005-07-01,,,,
2925,46,Mastercard,Debit,5615933957470022,02/2020,432,YES,2,8037,05/2007,2010,No,2007-05-01,,,,
1167,46,Mastercard,Debit (Prepaid),5310685272979011,02/2018,830,YES,2,97,02/2009,2015,No,2009-02-01,,,,
450,800,Mastercard,Debit,5198251438400161,05/2021,789,YES,1,15555,01/2020,2020,No,2020-01-01,s_000080,2020-01-17 21:24:00,social_media,/cards
2759,800,Mastercard,Debit,5306340091674907,05/2016,523,YES,1,18242,04/2016,2016,No,2016-04-01,s_000081,2016-04-10 10:47:00,social_media,/blog/credit-basics
1779,800,Visa,Debit (Prepaid),4338828980282998,12/2021,148,YES,2,62,02/2020,2020,No,2020-02-01,s_000082,2020-02-22 19:59:00,social_media,/cards/rewards
754,800,Visa,Debit,4430018858326722,12/2022,451,NO,1,16715,01/2020,2020,No,2020-01-01,s_000083,2020-01-09 09:44:00,search,/cards
1298,697,Mastercard,Debit,5139001522381220,04/2021,740,YES,2,20195,02/2012,2012,No,2012-02-01,,,,
3640,697,Mastercard,Debit,5420521698473433,07/2019,257,YES,2,39818,06/2019,2019,No,2019-06-01,s_000085,2019-06-16 12:25:00,search,/blog/credit-basics
3074,697,Visa,Debit,4873407892539448,09/2018,423,YES,2,33736,05/2010,2010,No,2010-05-01,,,,
4239,1269,Mastercard,Debit,5205177909482379,11/2011,911,YES,2,17850,08/2008,2008,No,2008-08-01,,,,
4147,1269,Amex,Credit,324624221959001,02/2021,846,YES,2,11300,08/2005,2008,No,2005-08-01,,,,
3075,1782,Visa,Debit,4853013168432421,09/2015,554,NO,2,1981,05/2010,2014,No,2010-05-01,,,,
4289,1782,Mastercard,Debit,5770027992115355,07/2024,811,YES,1,15695,08/2009,2010,No,2009-08-01,,,,
2172,1782,Mastercard,Debit,5305462513282842,06/2014,605,YES,2,23475,03/2008,2011,No,2008-03-01,,,,
5366,1977,Mastercard,Credit,5656749855983523,06/2017,315,YES,1,12900,11/2001,2011,No,2001-11-01,,,,
2673,1977,Mastercard,Debit (Prepaid),5755720451424427,02/2021,988,YES,1,91,04/2011,2011,No,2011-04-01,,,,
965,1977,Mastercard,Debit,5833925436440570,10/2022,344,YES,2,15341,02/1999,2014,No,1999-02-01,,,,
4763,1734,Mastercard,Debit,5116904368864992,06/2015,698,YES,2,42116,09/2010,2011,No,2010-09-01,,,,
451,1734,Mastercard,Debit,5945680972992846,01/2020,843,NO,2,39312,01/2020,2020,No,2020-01-01,s_000086,2020-01-01 15:30:00,social_media,/compare
3300,1913,Visa,Debit,4082503635321960,04/2008,947,NO,2,21370,06/2005,2010,No,2005-06-01,,,,
5226,1913,Amex,Credit,356204311290241,12/2022,312,YES,2,16700,10/2011,2011,No,2011-10-01,,,,
5477,1913,Amex,Credit,356951210404599,10/2024,952,YES,1,17800,11/2007,2011,No,2007-11-01,,,,
5877,1913,Mastercard,Credit,5697567028506344,11/2020,356,YES,2,16200,12/2007,2011,No,2007-12-01,,,,
3084,1913,Amex,Credit,333504501414647,12/2020,276,YES,1,17700,05/2011,2013,No,2011-05-01,,,,
13,858,Mastercard,Credit,5106045376475662,03/2021,686,YES,1,14600,01/2000,2012,No,2000-01-01,,,,
4735,858,Visa,Credit,4899127312611091,07/2024,490,YES,2,10700,09/2009,2011,No,2009-09-01,,,,
2633,858,Mastercard,Debit (Prepaid),5241392304445807,07/2023,137,YES,1,89,04/2010,2010,No,2010-04-01,,,,
4173,606,Mastercard,Debit,5691422356177731,09/2006,349,YES,3,11398,08/2006,2013,No,2006-08-01,,,,
5925,1564,Mastercard,Credit,5272030426588008,12/2023,905,YES,2,8200,12/2008,2010,No,2008-12-01,,,,
4240,1564,Mastercard,Credit,5399201189421219,06/2021,479,YES,1,6100,08/2008,2008,No,2008-08-01,,,,
3514,1564,Mastercard,Debit,5158754138100901,07/2024,813,YES,1,15820,06/2011,2011,No,2011-06-01,,,,
3136,1301,Visa,Debit,4199613929770276,09/2023,765,YES,1,22833,05/2013,2013,No,2013-05-01,,,,
755,1301,Visa,Debit,4912898188628991,11/2022,446,YES,1,48502,01/2020,2020,No,2020-01-01,s_000088,2020-01-10 15:24:00,blog_or_review_site,/apply
2787,1301,Visa,Debit,4729953228374508,07/2022,461,YES,2,34888,04/2019,2019,No,2019-04-01,s_000089,2019-04-19 09:52:00,blog_or_review_site,/cards/rewards
4435,1301,Visa,Debit,4164595738782783,08/2019,90,NO,1,29503,08/2014,2014,No,2014-08-01,,,,
378,1301,Mastercard,Debit,5036328460113700,08/2021,627,YES,2,19570,01/2019,2019,No,2019-01-01,s_000090,2019-01-28 22:54:00,search,/cards
3189,1301,Mastercard,Debit,5975006425756630,12/2023,551,YES,1,22297,05/2017,2017,No,2017-05-01,s_000091,2017-05-17 13:03:00,blog_or_review_site,/cards/rewards
3595,1301,Visa,Debit,4420959167134444,09/2023,75,YES,1,20031,06/2015,2015,No,2015-06-01,,,,
1481,1301,Mastercard,Debit,5016998590035219,02/2020,597,YES,2,30323,02/2020,2020,No,2020-02-01,s_000092,2020-02-25 17:16:00,search,/blog/credit-basics
390,1301,Amex,Credit,308100975355379,04/2024,881,YES,1,19000,01/2020,2020,No,2020-01-01,s_000093,2020-01-07 17:04:00,search,/apply
4065,1399,Mastercard,Debit,5835253444174486,02/2020,308,YES,1,18162,07/2018,2018,No,2018-07-01,s_000094,2018-07-06 20:18:00,search,/apply
756,1399,Visa,Debit (Prepaid),4049734716799356,12/2020,662,YES,1,54,01/2020,2020,No,2020-01-01,s_000095,2020-01-25 10:43:00,social_media,/blog/credit-basics
1482,1399,Mastercard,Credit,5314005209195975,08/2022,991,YES,1,8700,02/2020,2020,No,2020-02-01,s_000096,2020-02-02 14:28:00,podcast_or_youtube,/compare
452,1399,Mastercard,Debit,5849554532579598,05/2021,767,YES,1,14295,01/2020,2020,No,2020-01-01,s_000097,2020-01-11 14:57:00,blog_or_review_site,/cards
5743,1775,Visa,Debit,4997798155113400,11/2024,545,NO,1,17620,11/2019,2019,No,2019-11-01,s_000098,2019-11-19 10:30:00,social_media,/cards
344,1775,Mastercard,Debit,5309940542589432,02/2020,924,YES,2,17201,01/2015,2015,No,2015-01-01,,,,
423,1775,Discover,Credit,6108413838069051,08/2021,894,YES,1,8300,01/2020,2020,No,2020-01-01,s_000099,2020-01-14 19:42:00,social_media,/cards/rewards
5542,1673,Visa,Debit,4251102360489444,08/2023,439,YES,2,17853,11/2008,2011,No,2008-11-01,,,,
2777,1673,Mastercard,Debit,5557372707231204,12/2024,434,YES,1,10794,04/2018,2018,No,2018-04-01,s_000100,2018-04-11 20:14:00,blog_or_review_site,/blog/credit-basics
5598,1673,Mastercard,Debit,5865546237246039,12/2019,155,YES,1,15832,11/2010,2011,No,2010-11-01,,,,
3759,1957,Mastercard,Debit (Prepaid),5878511318941183,10/2006,699,YES,1,26,07/2006,2019,No,2006-07-01,,,,
5483,1957,Mastercard,Credit,5825403139414547,05/2013,531,YES,2,16300,11/2007,2009,No,2007-11-01,,,,
3564,1024,Mastercard,Debit,5847313041147612,06/2024,574,YES,1,33103,06/2013,2013,No,2013-06-01,,,,
4241,1024,Mastercard,Debit,5454341430423098,09/2023,247,YES,1,20847,08/2008,2010,No,2008-08-01,,,,
5268,1024,Mastercard,Debit,5183724144988670,11/2013,569,YES,1,31807,10/2013,2013,No,2013-10-01,,,,
1006,1024,Visa,Credit,4903105068681962,03/2024,274,YES,1,16100,02/2002,2014,No,2002-02-01,,,,
2825,1441,Mastercard,Debit,5370803294413435,07/2021,851,YES,1,28894,05/2002,2011,No,2002-05-01,,,,
1007,1441,Visa,Debit (Prepaid),4129518763612024,03/2002,84,YES,1,61,02/2002,2009,No,2002-02-01,,,,
4792,1441,Visa,Credit,4164752448797896,02/2023,24,YES,1,12500,09/2010,2012,No,2010-09-01,,,,
2599,1103,Mastercard,Debit,5557896137687493,06/2023,598,YES,2,15409,04/2009,2010,No,2009-04-01,,,,
4984,1103,Mastercard,Credit,5675172699563859,08/2023,294,YES,1,5300,10/2003,2012,No,2003-10-01,,,,
2895,1103,Mastercard,Debit,5259283165298575,12/2016,403,YES,1,13469,05/2006,2009,No,2006-05-01,,,,
3378,165,Mastercard,Debit (Prepaid),5874195902667119,04/2023,206,YES,2,61,06/2008,2015,No,2008-06-01,,,,
5146,165,Mastercard,Debit,5803563077451662,11/2020,827,YES,2,40628,10/2009,2014,No,2009-10-01,,,,
2559,165,Mastercard,Debit,5283475217390040,08/2010,149,YES,2,24980,04/2008,2014,No,2008-04-01,,,,
1484,353,Mastercard,Debit,5316882967513700,05/2020,122,YES,1,10290,02/2020,2020,No,2020-02-01,s_000106,2020-02-21 14:58:00,blog_or_review_site,/
5328,353,Mastercard,Debit (Prepaid),5962806753089588,01/2023,217,YES,1,84,10/2018,2018,No,2018-10-01,s_000107,2018-10-16 10:25:00,search,/compare
2154,1758,Visa,Debit,4631099146168683,12/2018,597,YES,1,13725,03/2007,2014,No,2007-03-01,,,,
4686,1758,Visa,Debit,4716755530325962,12/2024,821,YES,2,8278,09/2008,2010,No,2008-09-01,,,,
3440,1758,Visa,Debit,4053406246662206,09/2020,491,YES,2,13514,06/2009,2018,No,2009-06-01,,,,
2674,1758,Mastercard,Credit,5105518827174579,11/2024,883,YES,1,3800,04/2011,2011,No,2011-04-01,,,,
2478,1266,Mastercard,Debit,5192370991764802,10/2024,603,YES,2,15119,04/2005,2011,No,2005-04-01,,,,
1485,792,Mastercard,Debit,5124153601404702,02/2022,6,YES,1,15117,02/2020,2020,No,2020-02-01,s_000111,2020-02-17 08:53:00,search,/cards/rewards
3491,792,Visa,Debit (Prepaid),4073696489940421,04/2020,274,YES,2,81,06/2010,2010,No,2010-06-01,,,,
3249,1055,Mastercard,Debit,5476802835185783,05/2023,744,YES,2,1543,06/2003,2009,No,2003-06-01,,,,
5484,1115,Mastercard,Credit,5345794459975216,11/2007,412,YES,2,6400,11/2007,2011,No,2007-11-01,,,,
2809,1115,Visa,Credit,4897384992083944,05/2000,382,YES,1,3500,05/2000,2007,No,2000-05-01,,,,
6138,1115,Visa,Debit,4171955938083789,04/2023,251,YES,1,12606,12/2018,2018,No,2018-12-01,s_000116,2018-12-15 12:30:00,social_media,/cards
374,1115,Visa,Debit,4906405312400640,02/2023,579,YES,1,9921,01/2018,2018,No,2018-01-01,s_000117,2018-01-16 13:38:00,blog_or_review_site,/cards
4225,1115,Visa,Debit (Prepaid),4176098872817204,05/2022,661,YES,2,96,08/2007,2009,No,2007-08-01,,,,
1014,1115,Mastercard,Debit,5412244076346677,12/2024,594,YES,1,18964,02/2003,2009,No,2003-02-01,,,,
2526,38,Mastercard,Debit,5297260201877616,01/2024,580,YES,2,3711,04/2007,2013,No,2007-04-01,,,,
1352,1027,Mastercard,Debit,5735792874705665,03/2023,748,NO,1,35279,02/2015,2015,No,2015-02-01,,,,
5543,1027,Visa,Credit,4863498051032543,07/2020,593,YES,2,13800,11/2008,2015,No,2008-11-01,,,,
3671,1027,Mastercard,Debit,5489970186857774,02/2022,7,YES,2,24215,07/2002,2007,No,2002-07-01,,,,
5503,11,Visa,Credit,4508109473981620,09/2024,763,YES,1,19400,11/2007,2010,No,2007-11-01,,,,
2096,11,Visa,Debit (Prepaid),4800041020887836,06/2020,59,YES,2,30,03/2005,2014,No,2005-03-01,,,,
243,11,Visa,Debit,4144574679317199,03/2024,543,YES,2,17208,01/2010,2016,No,2010-01-01,,,,
18,11,Mastercard,Credit,5919854740342964,11/2004,604,YES,2,18300,01/2001,2011,No,2001-01-01,,,,
1336,11,Mastercard,Debit,5208447578218097,09/2021,126,YES,1,51012,02/2014,2014,No,2014-02-01,,,,
189,11,Amex,Credit,320735955126194,02/2019,686,YES,1,15000,01/2009,2011,No,2009-01-01,,,,
2910,871,Visa,Credit,4325807240930443,04/2018,642,YES,1,7600,05/2006,2009,No,2006-05-01,,,,
2081,871,Mastercard,Debit,5672870607977288,11/2023,952,YES,2,8052,03/2005,2012,No,2005-03-01,,,,
2082,871,Mastercard,Credit,5025018096886549,07/2024,783,YES,1,8600,03/2005,2007,No,2005-03-01,,,,
5336,871,Mastercard,Debit,5125159184089047,08/2020,945,YES,2,20128,10/2019,2019,No,2019-10-01,s_000118,2019-10-26 21:58:00,other,/cards
3831,871,Amex,Credit,339948848081416,03/2023,643,YES,1,9000,07/2008,2013,No,2008-07-01,,,,
5645,871,Mastercard,Debit (Prepaid),5967922448022597,10/2020,849,YES,2,91,11/2011,2012,No,2011-11-01,,,,
958,746,Amex,Credit,313387157322526,12/2024,961,YES,1,6800,02/1996,2009,No,1996-02-01,,,,
3043,746,Mastercard,Debit (Prepaid),5287305063365339,07/2011,597,YES,1,93,05/2010,2010,No,2010-05-01,,,,
2319,746,Visa,Credit,4511050153177271,01/2016,263,YES,2,9800,03/2013,2013,No,2013-03-01,,,,
3492,746,Visa,Credit,4795565502176661,01/2021,731,YES,2,6700,06/2010,2011,No,2010-06-01,,,,
108,1520,Visa,Credit,4515587053760939,05/2023,983,YES,1,9800,01/2006,2015,No,2006-01-01,,,,
3329,1520,Visa,Debit,4185031026466058,01/2018,48,YES,2,24544,06/2006,2013,No,2006-06-01,,,,
2956,1520,Mastercard,Debit,5835884730427367,05/2023,642,YES,1,22639,05/2008,2010,No,2008-05-01,,,,
4033,1520,Discover,Credit,6113979959799077,11/2023,899,YES,1,1100,07/2015,2015,No,2015-07-01,,,,
2715,1520,Mastercard,Debit (Prepaid),5139150904667380,05/2016,509,YES,1,86,04/2013,2013,No,2013-04-01,,,,
2655,1372,Visa,Debit,4574373333053393,08/2020,742,YES,2,2330,04/2010,2011,No,2010-04-01,,,,
1781,1372,Visa,Credit,4806267788873524,08/2020,289,YES,2,5900,02/2020,2020,No,2020-02-01,s_000119,2020-02-11 10:35:00,friend_or_family,/
5909,1799,Visa,Debit,4461391532392446,02/2020,981,YES,2,47372,12/2007,2008,No,2007-12-01,,,,
3076,1799,Visa,Debit,4260012890373386,07/2022,447,NO,2,28127,05/2010,2010,No,2010-05-01,,,,
4595,1799,Mastercard,Debit (Prepaid),5834771837829829,03/2010,553,YES,1,28,09/2006,2006,No,2006-09-01,,,,
1782,1799,Visa,Debit,4955481558570019,03/2024,397,YES,2,62081,02/2020,2020,No,2020-02-01,s_000120,2020-02-02 15:11:00,social_media,/
4806,1905,Amex,Credit,303639878430454,11/2022,807,YES,1,5800,09/2011,2011,No,2011-09-01,,,,
3902,1905,Visa,Credit,4060113536623876,07/2016,408,YES,1,6700,07/2009,2009,No,2009-07-01,,,,
2127,1905,Visa,Credit,4646061658785929,02/2015,856,YES,1,6700,03/2006,2012,No,2006-03-01,,,,
5807,1905,Mastercard,Debit,5040622566272530,07/2022,87,YES,2,1424,12/2004,2012,No,2004-12-01,,,,
1486,130,Mastercard,Debit (Prepaid),5214812311200288,07/2024,453,NO,1,58,02/2020,2020,No,2020-02-01,s_000121,2020-02-18 16:27:00,podcast_or_youtube,/compare
3785,130,Visa,Credit,4996236791696784,05/2009,700,YES,2,19400,07/2006,2008,No,2006-07-01,,,,
6020,130,Visa,Debit,4634979930026450,05/2012,897,YES,2,4052,12/2010,2013,No,2010-12-01,,,,
2468,130,Visa,Credit,4437020876913493,05/2010,955,YES,2,9300,04/2004,2010,No,2004-04-01,,,,
2997,1155,Mastercard,Debit,5677245240966697,03/2023,293,NO,1,12091,05/2009,2009,No,2009-05-01,,,,
4596,1155,Mastercard,Debit,5854333169733349,11/2006,280,YES,2,11157,09/2006,2011,No,2006-09-01,,,,
5784,1155,Visa,Credit,4986381278679951,07/2010,21,YES,2,7100,12/2002,2012,No,2002-12-01,,,,
4319,1155,Mastercard,Debit,5718135133841307,01/2012,915,YES,1,7612,08/2010,2011,No,2010-08-01,,,,
1328,1155,Visa,Credit,4973662128767227,12/2021,9,YES,2,6100,02/2013,2013,No,2013-02-01,,,,
5941,663,Visa,Debit,4724986483917889,07/2023,384,YES,2,27706,12/2008,2008,No,2008-12-01,,,,
2173,663,Mastercard,Debit (Prepaid),5651451840802358,04/2009,851,NO,2,45,03/2008,2009,No,2008-03-01,,,,
975,663,Mastercard,Debit,5560330928676135,05/2021,732,NO,2,2046,02/2000,2008,No,2000-02-01,,,,
4831,663,Mastercard,Credit,5078189663550754,10/2024,929,YES,1,17400,09/2012,2012,No,2012-09-01,,,,
5926,663,Mastercard,Debit,5243545849930026,05/2020,648,YES,1,26231,12/2008,2008,No,2008-12-01,,,,
3358,1987,Visa,Credit,4325487328684543,02/2009,692,YES,2,18300,06/2007,2010,No,2007-06-01,,,,
3668,1987,Visa,Credit,4759642688252595,05/2016,644,YES,2,13900,07/2001,2014,No,2001-07-01,,,,
3209,1484,Mastercard,Credit,5060071689988757,08/2022,113,YES,2,17200,06/1999,2013,No,1999-06-01,,,,
5058,1484,Visa,Debit,4248867812400739,06/2023,619,YES,2,14217,10/2006,2012,No,2006-10-01,,,,
2527,1484,Mastercard,Debit,5093901939500036,03/2024,472,YES,2,39533,04/2007,2016,No,2007-04-01,,,,
4242,1484,Mastercard,Debit,5223300442168271,04/2023,262,YES,2,3141,08/2008,2013,No,2008-08-01,,,,
2733,1484,Visa,Credit,4941415000431974,11/2022,50,YES,2,12800,04/2014,2014,No,2014-04-01,,,,
4764,1484,Mastercard,Debit,5431173218728279,01/2020,187,NO,1,38342,09/2010,2010,No,2010-09-01,,,,
1785,607,Visa,Credit,4588933671536303,09/2021,748,YES,2,8900,02/2020,2020,No,2020-02-01,s_000130,2020-02-05 15:40:00,search,/compare
1489,607,Mastercard,Credit,5674179618380471,02/2020,303,YES,1,9900,02/2020,2020,No,2020-02-01,s_000131,2020-02-14 17:36:00,search,/cards
759,607,Visa,Debit,4913369105929873,02/2020,711,YES,1,22935,01/2020,2020,No,2020-01-01,s_000132,2020-01-19 08:09:00,search,/cards/rewards
1786,607,Visa,Credit,4729324689482423,10/2023,582,YES,2,7900,02/2020,2020,No,2020-02-01,s_000133,2020-02-13 18:19:00,friend_or_family,/cards
6100,607,Mastercard,Debit,5076843052683212,02/2020,969,YES,1,17336,12/2014,2014,No,2014-12-01,,,,
3981,1769,Visa,Debit,4130633556245301,03/2021,268,YES,2,20206,07/2011,2011,No,2011-07-01,,,,
375,1769,Visa,Credit,4214195908881404,10/2023,598,YES,2,9900,01/2018,2018,No,2018-01-01,s_000134,2018-01-18 17:05:00,app_store,/
295,1769,Mastercard,Debit (Prepaid),5928394327706854,11/2021,853,NO,1,78,01/2012,2012,No,2012-01-01,,,,
5599,1769,Mastercard,Debit,5538135650340797,05/2023,623,YES,1,17335,11/2010,2010,No,2010-11-01,,,,
43,1769,Visa,Credit,4088292829841504,06/2024,140,YES,1,9700,01/2003,2020,No,2003-01-01,,,,
5820,698,Visa,Debit,4859980421504976,06/2021,971,NO,2,25048,12/2004,2010,No,2004-12-01,,,,
2332,698,Visa,Debit,4401743622113558,12/2014,322,YES,1,25214,03/2014,2014,No,2014-03-01,,,,
1490,698,Mastercard,Debit,5568521915813745,04/2023,226,YES,1,33580,02/2020,2020,No,2020-02-01,s_000135,2020-02-15 16:37:00,podcast_or_youtube,/blog/credit-basics
2286,896,Visa,Debit,4851242738517632,04/2013,684,NO,2,1952,03/2011,2011,No,2011-03-01,,,,
3882,1975,Mastercard,Debit,5059388151009778,05/2023,996,YES,1,18491,07/2009,2011,No,2009-07-01,,,,
4336,1975,Visa,Credit,4822550416239709,02/2013,509,YES,1,9800,08/2010,2014,No,2010-08-01,,,,
5957,1975,Mastercard,Credit,5320022308833354,12/2021,92,YES,1,0,12/2009,2010,No,2009-12-01,,,,
267,645,Mastercard,Debit,5097891088528736,09/2023,447,YES,1,5857,01/2011,2012,No,2011-01-01,,,,
5094,645,Visa,Debit,4459776057093772,06/2020,869,YES,2,10366,10/2007,2014,No,2007-10-01,,,,
2469,645,Visa,Debit,4017542226763671,01/2024,109,YES,1,10161,04/2004,2008,No,2004-04-01,,,,
68,645,Mastercard,Debit,5148390223991031,04/2021,316,YES,2,9297,01/2005,2012,No,2005-01-01,,,,
3703,645,Visa,Debit,4898934131827425,09/2021,199,YES,1,12434,07/2003,2012,No,2003-07-01,,,,
5600,227,Mastercard,Debit,5943373604505748,04/2020,300,YES,2,29973,11/2010,2010,No,2010-11-01,,,,
4886,227,Visa,Debit,4284210826984108,02/2020,154,YES,2,25330,09/2015,2015,No,2015-09-01,,,,
2512,227,Visa,Debit,4093850742287208,04/2020,286,YES,2,52609,04/2006,2010,No,2006-04-01,,,,
5867,227,Visa,Credit,4329687142518026,10/2020,827,YES,1,25200,12/2006,2016,No,2006-12-01,,,,
5750,84,Visa,Debit,4744876175071543,11/2022,747,YES,1,11832,12/1996,2007,No,1996-12-01,,,,
2580,84,Visa,Credit,4152829240073093,08/2016,446,YES,1,5400,04/2008,2013,No,2008-04-01,,,,
3417,84,Mastercard,Debit,5754695413159461,01/2024,939,NO,1,3384,06/2009,2009,No,2009-06-01,,,,
3543,1684,Mastercard,Debit,5287533090911331,04/2014,946,YES,1,13756,06/2012,2012,No,2012-06-01,,,,
94,1684,Mastercard,Debit,5761884540845430,06/2022,312,YES,1,9263,01/2006,2010,No,2006-01-01,,,,
2723,1684,Mastercard,Debit,5903499521440697,12/2024,779,YES,1,16899,04/2014,2014,No,2014-04-01,,,,
3278,1684,Visa,Credit,4814691024249332,01/2022,424,YES,1,5700,06/2004,2012,No,2004-06-01,,,,
2140,1684,Mastercard,Debit (Prepaid),5955075527372953,05/2021,513,YES,1,46,03/2007,2012,No,2007-03-01,,,,
5646,1508,Mastercard,Debit (Prepaid),5868862947419305,08/2022,245,YES,1,95,11/2011,2011,No,2011-11-01,,,,
1108,1508,Mastercard,Credit,5418163465826338,06/2023,559,YES,2,10700,02/2007,2015,No,2007-02-01,,,,
3508,1508,Amex,Credit,377302862567108,02/2024,524,YES,1,8700,06/2011,2011,No,2011-06-01,,,,
3279,1508,Visa,Debit,4609477454357089,01/2022,347,YES,2,12150,06/2004,2008,No,2004-06-01,,,,
3617,1158,Discover,Credit,6617202891382002,03/2019,499,YES,1,7800,06/2017,2017,No,2017-06-01,s_000137,2017-06-26 21:18:00,search,/apply
1329,1158,Visa,Debit,4863697166227070,10/2013,748,NO,1,13761,02/2013,2013,No,2013-02-01,,,,
3946,1427,Visa,Debit,4525977155603081,06/2020,662,YES,2,45377,07/2010,2011,No,2010-07-01,,,,
5624,724,Visa,Credit,4015255845214445,07/2022,244,YES,2,7000,11/2010,2011,No,2010-11-01,,,,
2656,724,Visa,Credit,4998601196255206,07/2020,12,YES,3,7100,04/2010,2010,No,2010-04-01,,,,
2876,724,Mastercard,Debit,5832356224925490,06/2024,245,YES,2,16476,05/2005,2008,No,2005-05-01,,,,
5868,724,Visa,Credit,4984837369742443,10/2009,257,NO,2,7200,12/2006,2011,No,2006-12-01,,,,
5996,543,Mastercard,Credit,5929898393818083,10/2017,671,YES,1,11800,12/2010,2011,No,2010-12-01,,,,
4320,543,Mastercard,Debit,5284022658441928,12/2018,405,YES,2,6832,08/2010,2015,No,2010-08-01,,,,
4708,543,Mastercard,Debit,5534901273086337,12/2023,387,YES,2,6222,09/2009,2009,No,2009-09-01,,,,
2920,1559,Amex,Credit,369191506516942,03/2024,251,YES,1,13300,05/2007,2015,No,2007-05-01,,,,
5797,1559,Visa,Debit,4862436349200537,08/2023,49,YES,2,2942,12/2003,2014,No,2003-12-01,,,,
3301,1559,Visa,Debit,4714754243202455,12/2022,297,YES,2,33539,06/2005,2018,No,2005-06-01,,,,
5028,1950,Visa,Debit,4154322307475525,04/2008,150,YES,2,6708,10/2005,2013,No,2005-10-01,,,,
328,1950,Mastercard,Credit,5963981612717511,10/2022,871,YES,1,1200,01/2014,2014,No,2014-01-01,,,,
4374,1950,Visa,Debit,4155798170380731,06/2022,512,YES,1,10903,08/2011,2011,No,2011-08-01,,,,
1312,1950,Mastercard,Debit,5258035150490120,10/2021,728,YES,1,6710,02/2013,2013,No,2013-02-01,,,,
5730,1950,Mastercard,Debit,5931155323451029,05/2024,580,YES,2,10841,11/2017,2017,No,2017-11-01,s_000148,2017-11-02 15:34:00,app_store,/compare
763,1397,Visa,Debit (Prepaid),4356768889068512,11/2024,204,YES,1,40,01/2020,2020,No,2020-01-01,s_000149,2020-01-20 20:22:00,blog_or_review_site,/cards/rewards
2957,1397,Mastercard,Debit,5728788703554068,05/2023,492,YES,2,29340,05/2008,2010,No,2008-05-01,,,,
3627,1397,Amex,Credit,339750311058511,06/2020,70,YES,2,13600,06/2018,2018,No,2018-06-01,s_000150,2018-06-17 10:16:00,friend_or_family,/cards/rewards
3044,1397,Mastercard,Credit,5717397423380285,09/2022,862,YES,2,7700,05/2010,2010,No,2010-05-01,,,,
5401,873,Mastercard,Debit,5256835813261969,11/2021,934,YES,1,18803,11/2004,2008,No,2004-11-01,,,,
3205,873,Mastercard,Debit,5289111922145094,10/2022,314,YES,2,28405,06/1998,2008,No,1998-06-01,,,,
1269,873,Mastercard,Debit,5649539832197637,04/2011,892,YES,1,15521,02/2011,2011,No,2011-02-01,,,,
20,1728,Visa,Credit,4665365862082531,06/2021,412,YES,1,3800,01/2001,2003,No,2001-01-01,,,,
3493,1728,Visa,Credit,4209145697099683,10/2022,498,YES,2,10900,06/2010,2013,No,2010-06-01,,,,
153,1728,Mastercard,Debit,5042804591987313,03/2023,431,YES,2,1930,01/2008,2015,No,2008-01-01,,,,
4422,1728,Discover,Credit,6203739864158389,03/2024,288,YES,2,13900,08/2014,2014,No,2014-08-01,,,,
223,299,Mastercard,Debit,5541834458092370,03/2024,143,YES,1,5575,01/2010,2010,No,2010-01-01,,,,
2756,299,Amex,Credit,339123645701074,05/2023,369,NO,2,8300,04/2016,2016,No,2016-04-01,s_000151,2016-04-16 21:46:00,search,/apply
208,299,Visa,Debit,4282874431983773,05/2020,127,YES,1,13009,01/2009,2009,No,2009-01-01,,,,
468,299,Mastercard,Debit,5692291424544263,12/2024,696,YES,2,12029,01/2020,2020,No,2020-01-01,s_000152,2020-01-04 15:29:00,blog_or_review_site,/cards/rewards
764,299,Visa,Credit,4149119638454529,08/2022,294,YES,1,6100,01/2020,2020,No,2020-01-01,s_000153,2020-01-18 08:03:00,friend_or_family,/apply
4414,1742,Visa,Debit,4155430243935975,10/2022,653,YES,1,24123,08/2013,2013,No,2013-08-01,,,,
1155,1742,Visa,Credit,4768983039467326,03/2015,74,YES,1,14700,02/2008,2010,No,2008-02-01,,,,
5869,1742,Visa,Debit (Prepaid),4792307130049695,02/2020,221,YES,2,12,12/2006,2013,No,2006-12-01,,,,
4559,1742,Visa,Debit,4365366370182160,07/2020,290,YES,1,11737,09/2004,2009,No,2004-09-01,,,,
2005,1004,Visa,Debit,4479806423403350,01/2024,246,YES,1,14366,03/1997,2008,No,1997-03-01,,,,
345,1004,Mastercard,Debit,5109749812856637,08/2015,246,YES,1,17272,01/2015,2015,No,2015-01-01,,,,
3672,1004,Mastercard,Debit,5898286991473581,11/2023,372,YES,2,13605,07/2002,2009,No,2002-07-01,,,,
3742,301,Visa,Credit,4180974548713374,05/2023,975,YES,1,21000,07/2005,2009,No,2005-07-01,,,,
4915,906,Visa,Debit,4301090834057529,12/2017,718,YES,1,26850,09/2017,2017,No,2017-09-01,s_000155,2017-09-25 11:16:00,search,/
1190,906,Visa,Credit,4173086816288788,09/2024,817,YES,2,10400,02/2009,2010,No,2009-02-01,,,,
5095,906,Visa,Credit,4917647337454706,07/2008,328,YES,2,8000,10/2007,2011,No,2007-10-01,,,,
2409,906,Visa,Credit,4457557218642444,01/2020,701,YES,2,13000,04/2000,2010,No,2000-04-01,,,,
3760,906,Mastercard,Debit,5561065562359955,03/2020,147,YES,1,5840,07/2006,2009,No,2006-07-01,,,,
2174,906,Mastercard,Debit (Prepaid),5459775781589173,02/2012,293,YES,2,68,03/2008,2012,No,2008-03-01,,,,
4756,110,Amex,Credit,332229278341275,10/2022,702,YES,1,16000,09/2010,2016,No,2010-09-01,,,,
3240,110,Visa,Debit,4359508857343088,03/2008,274,NO,1,32223,06/2002,2005,No,2002-06-01,,,,
5189,110,Mastercard,Debit,5386335706439778,01/2022,713,YES,2,13323,10/2010,2010,No,2010-10-01,,,,
4103,110,Visa,Debit,4157348591484750,07/2021,945,YES,2,576,08/2001,2011,No,2001-08-01,,,,
2547,1073,Visa,Debit,4614417915507952,09/2024,808,YES,1,25977,04/2007,2009,No,2007-04-01,,,,
4436,1073,Visa,Debit (Prepaid),4791246805564219,03/2016,126,YES,1,84,08/2014,2014,No,2014-08-01,,,,
4597,705,Mastercard,Debit (Prepaid),5619919350397758,10/2021,786,YES,2,23,09/2006,2010,No,2006-09-01,,,,
5359,705,Visa,Credit,4560018445952481,09/2023,454,NO,2,5200,11/1999,2009,No,1999-11-01,,,,
3311,820,Mastercard,Debit (Prepaid),5416807432483550,08/2013,557,YES,2,66,06/2006,2010,No,2006-06-01,,,,
5040,820,Amex,Credit,304316312600931,06/2024,649,YES,1,1200,10/2006,2009,No,2006-10-01,,,,
127,820,Mastercard,Debit,5738964942904646,11/2020,730,YES,1,20759,01/2007,2009,No,2007-01-01,,,,
3224,820,Mastercard,Credit,5880489541836648,06/2024,558,YES,1,15100,06/2001,2010,No,2001-06-01,,,,
469,820,Mastercard,Credit,5634478684634263,10/2021,490,YES,1,11100,01/2020,2020,No,2020-01-01,s_000156,2020-01-23 19:32:00,friend_or_family,/
4548,1128,Mastercard,Debit,5493545357380440,08/2024,774,YES,2,15110,09/2004,2009,No,2004-09-01,,,,
4765,1128,Mastercard,Credit,5598634791848895,04/2023,830,YES,2,10600,09/2010,2014,No,2010-09-01,,,,
4583,1128,Visa,Credit,4923375841500665,01/2020,785,YES,2,8600,09/2005,2011,No,2005-09-01,,,,
4316,1128,Amex,Credit,362084701337381,09/2020,71,YES,2,8400,08/2010,2012,No,2010-08-01,,,,
3144,1128,Mastercard,Credit,5389873336522258,10/2022,754,YES,2,11100,05/2014,2014,No,2014-05-01,,,,
1139,1479,Mastercard,Credit,5676305121855735,11/2021,58,YES,1,2800,02/2008,2010,No,2008-02-01,,,,
6128,1594,Visa,Credit,4434801834503292,09/2019,633,YES,2,5700,12/2016,2016,No,2016-12-01,s_000158,2016-12-12 10:38:00,other,/cards
3241,1594,Visa,Debit,4590995550885290,08/2011,564,YES,1,12252,06/2002,2010,No,2002-06-01,,,,
3565,1594,Mastercard,Debit,5384502220541945,12/2023,809,YES,1,22420,06/2013,2013,No,2013-06-01,,,,
5029,1485,Visa,Debit,4072548875903186,09/2018,874,YES,2,3715,10/2005,2009,No,2005-10-01,,,,
4298,1485,Visa,Debit (Prepaid),4158689268615889,06/2021,782,YES,1,67,08/2009,2011,No,2009-08-01,,,,
3819,1485,Visa,Debit,4649045635719491,11/2020,362,YES,2,26460,07/2007,2017,No,2007-07-01,,,,
4736,1485,Visa,Debit,4998107869531292,11/2023,358,YES,1,12783,09/2009,2015,No,2009-09-01,,,,
88,1390,Amex,Credit,343439312469610,03/2023,98,YES,2,21400,01/2006,2011,No,2006-01-01,,,,
3359,1390,Visa,Credit,4936982658166186,02/2021,521,NO,2,13600,06/2007,2007,No,2007-06-01,,,,
5269,1390,Mastercard,Debit,5984892227411114,03/2020,810,NO,1,46201,10/2013,2013,No,2013-10-01,,,,
2657,644,Visa,Credit,4403164286544036,04/2022,303,YES,2,7700,04/2010,2010,No,2010-04-01,,,,
5020,1912,Mastercard,Debit,5825169460594164,01/2010,127,YES,2,18937,10/2005,2010,No,2005-10-01,,,,
3544,1584,Mastercard,Debit,5824919835337530,10/2021,975,YES,1,14539,06/2012,2012,No,2012-06-01,,,,
6038,1584,Mastercard,Debit,5794394537016243,03/2020,830,YES,2,21723,12/2011,2011,No,2011-12-01,,,,
1790,1824,Visa,Debit,4378087486126492,09/2022,813,NO,2,22143,02/2020,2020,No,2020-02-01,s_000160,2020-02-23 14:54:00,search,/apply
1791,1824,Visa,Debit (Prepaid),4100715330943606,03/2023,975,YES,2,61,02/2020,2020,No,2020-02-01,s_000161,2020-02-15 20:59:00,blog_or_review_site,/blog/credit-basics
5721,1824,Mastercard,Debit,5353021676816457,04/2022,793,YES,1,15683,11/2016,2016,No,2016-11-01,s_000162,2016-11-23 16:40:00,search,/
4922,650,Mastercard,Debit,5666352544496073,04/2022,14,YES,1,12139,09/2019,2019,No,2019-09-01,s_000164,2019-09-03 12:41:00,search,/blog/credit-basics
3669,650,Visa,Debit,4585463820960900,07/2021,441,YES,1,10130,07/2001,2011,No,2001-07-01,,,,
3717,650,Visa,Credit,4452171890920161,08/2023,43,YES,1,7300,07/2004,2010,No,2004-07-01,,,,
5580,650,Visa,Debit (Prepaid),4619393222123922,01/2012,728,NO,1,57,11/2009,2016,No,2009-11-01,,,,
3494,650,Visa,Credit,4534523963991464,11/2022,855,YES,1,3800,06/2010,2011,No,2010-06-01,,,,
3837,650,Mastercard,Debit (Prepaid),5046657636238622,03/2021,209,YES,2,121,07/2008,2008,No,2008-07-01,,,,
1080,762,Mastercard,Debit,5899151162296319,11/2020,920,YES,1,13569,02/2006,2007,No,2006-02-01,,,,
5356,1931,Mastercard,Debit,5337752472537047,12/1999,627,NO,1,9550,11/1999,2018,No,1999-11-01,,,,
3530,1931,Visa,Credit,4333340134035074,03/2024,27,YES,1,17300,06/2011,2011,No,2011-06-01,,,,
4199,702,Mastercard,Credit,5981505152751126,02/2021,991,YES,2,15000,08/2007,2007,No,2007-08-01,,,,
3863,702,Visa,Debit (Prepaid),4928847177984551,04/2023,730,YES,2,106,07/2008,2008,No,2008-07-01,,,,
2258,702,Visa,Credit,4071413558241551,04/2021,58,YES,1,20100,03/2010,2017,No,2010-03-01,,,,
4096,702,Visa,Debit (Prepaid),4588839670339566,12/2022,44,YES,2,50,08/2000,2008,No,2000-08-01,,,,
2175,918,Mastercard,Debit,5511261715732877,02/2015,356,YES,1,10843,03/2008,2009,No,2008-03-01,,,,
2734,918,Visa,Debit,4442346065712693,08/2023,225,YES,2,12057,04/2014,2014,No,2014-04-01,,,,
3202,1137,Mastercard,Credit,5018280111106134,03/2022,425,YES,2,11100,05/2019,2019,No,2019-05-01,s_000166,2019-05-22 22:19:00,search,/
3718,1137,Visa,Debit,4277949954820732,06/2012,902,YES,1,13969,07/2004,2008,No,2004-07-01,,,,
3688,1137,Mastercard,Credit,5327096819732640,04/2023,715,YES,1,7600,07/2003,2017,No,2003-07-01,,,,
2743,1406,Mastercard,Debit,5597563473232224,04/2020,348,YES,1,9431,04/2015,2015,No,2015-04-01,,,,
3883,1406,Mastercard,Credit,5933548652460822,04/2022,92,YES,1,6100,07/2009,2012,No,2009-07-01,,,,
5186,437,Discover,Credit,6661610009330324,09/2014,5,YES,1,17400,10/2010,2013,No,2010-10-01,,,,
5454,437,Mastercard,Debit,5073319862133386,01/2024,52,YES,1,35500,11/2006,2011,No,2006-11-01,,,,
3271,437,Mastercard,Debit,5745854957552328,08/2023,938,YES,2,27687,06/2004,2007,No,2004-06-01,,,,
3566,891,Mastercard,Debit,5128543726124447,12/2018,303,YES,1,11037,06/2013,2013,No,2013-06-01,,,,
2141,891,Mastercard,Debit,5713930994921001,10/2023,41,YES,1,16986,03/2007,2010,No,2007-03-01,,,,
5096,891,Visa,Credit,4796074118728753,03/2011,978,YES,1,8800,10/2007,2014,No,2007-10-01,,,,
4321,891,Mastercard,Debit,5895478812166500,01/2024,598,YES,2,8212,08/2010,2011,No,2010-08-01,,,,
4649,891,Visa,Debit,4750471235873274,09/2023,924,YES,2,24270,09/2007,2008,No,2007-09-01,,,,
365,701,Amex,Credit,302701760602871,09/2019,163,NO,2,11800,01/2018,2018,No,2018-01-01,s_000175,2018-01-05 20:17:00,blog_or_review_site,/blog/credit-basics
2042,1147,Mastercard,Debit,5065968170690023,10/2021,724,NO,2,18050,03/2003,2010,No,2003-03-01,,,,
3924,1147,Discover,Credit,6275110784130495,09/2022,286,YES,2,21800,07/2010,2011,No,2010-07-01,,,,
2557,1664,Amex,Credit,318803318319134,05/2009,526,YES,2,19600,04/2008,2011,No,2008-04-01,,,,
2273,1664,Discover,Credit,6611325354970095,12/2019,708,NO,2,21900,03/2011,2011,No,2011-03-01,,,,
5544,1664,Visa,Credit,4404395202932242,12/2008,547,YES,2,21400,11/2008,2011,No,2008-11-01,,,,
5147,1664,Mastercard,Debit,5166389194621461,02/2024,231,NO,2,34572,10/2009,2015,No,2009-10-01,,,,
154,1009,Mastercard,Credit,5166184234444186,02/2020,459,YES,1,8500,01/2008,2009,No,2008-01-01,,,,
4709,1009,Mastercard,Debit,5124862044427461,08/2021,457,YES,2,19928,09/2009,2011,No,2009-09-01,,,,
5601,1009,Mastercard,Debit,5103189398605024,01/2023,278,YES,1,9902,11/2010,2012,No,2010-11-01,,,,
1008,1341,Visa,Credit,4700163491012710,04/2021,598,YES,1,11000,02/2002,2015,No,2002-02-01,,,,
4766,1341,Mastercard,Credit,5742718738269550,08/2023,363,YES,1,6300,09/2010,2010,No,2010-09-01,,,,
4394,1341,Visa,Debit,4454576588239754,12/2022,519,YES,1,22474,08/2012,2012,No,2012-08-01,,,,
4098,1341,Mastercard,Debit,5676742282559057,08/2024,195,YES,1,24926,08/2001,2011,No,2001-08-01,,,,
768,824,Visa,Credit,4973418783827146,02/2020,351,YES,1,9100,01/2020,2020,No,2020-01-01,s_000179,2020-01-24 18:11:00,app_store,/
5958,824,Mastercard,Debit,5514287546883555,07/2018,616,YES,1,10838,12/2009,2010,No,2009-12-01,,,,
473,824,Mastercard,Debit,5393478219521011,07/2020,98,YES,1,1940,01/2020,2020,No,2020-01-01,s_000180,2020-01-16 19:04:00,blog_or_review_site,/
3838,824,Mastercard,Debit,5538157860540581,06/2016,877,YES,2,100,07/2008,2008,No,2008-07-01,,,,
5074,563,Mastercard,Debit,5493054218474584,01/2021,938,YES,1,23231,10/2007,2011,No,2007-10-01,,,,
2097,563,Visa,Debit,4483872607052928,03/2009,224,YES,2,17323,03/2005,2011,No,2005-03-01,,,,
1060,563,Visa,Credit,4539282352879535,07/2021,719,YES,2,11800,02/2005,2018,No,2005-02-01,,,,
4054,563,Mastercard,Credit,5261546733039060,06/2022,897,YES,2,6100,07/2017,2017,No,2017-07-01,s_000181,2017-07-03 21:16:00,other,/cards/rewards
2760,563,Mastercard,Debit,5607545663588371,06/2022,320,YES,1,18241,04/2016,2016,No,2016-04-01,s_000182,2016-04-27 13:25:00,social_media,/cards
2864,563,Visa,Debit (Prepaid),4615078938268870,11/2007,149,NO,2,100,05/2004,2010,No,2004-05-01,,,,
5485,1612,Mastercard,Credit,5237651154500170,12/2007,555,YES,2,12700,11/2007,2010,No,2007-11-01,,,,
2581,1700,Visa,Credit,4012401097853240,03/2022,931,YES,3,4600,04/2008,2010,No,2008-04-01,,,,
474,963,Mastercard,Debit,5144733341253778,05/2023,686,YES,1,21106,01/2020,2020,No,2020-01-01,s_000183,2020-01-28 09:18:00,search,/cards
1500,963,Mastercard,Debit,5407128452594549,02/2020,444,YES,1,16417,02/2020,2020,No,2020-02-01,s_000184,2020-02-01 22:56:00,social_media,/blog/credit-basics
1353,963,Mastercard,Credit,5011729300918944,10/2020,29,YES,1,6500,02/2015,2015,No,2015-02-01,,,,
2297,1586,Mastercard,Credit,5991530949395987,07/2015,711,YES,1,5700,03/2012,2012,No,2012-03-01,,,,
6051,1586,Visa,Credit,4442371694432270,11/2022,200,YES,1,11800,12/2011,2011,No,2011-12-01,,,,
1122,1586,Visa,Credit,4635588567901594,05/2022,313,YES,2,20700,02/2007,2007,No,2007-02-01,,,,
1365,1586,Mastercard,Debit,5891506977538040,02/2021,906,YES,2,17587,02/2016,2016,No,2016-02-01,s_000186,2016-02-01 20:41:00,search,/apply
5168,1286,Visa,Debit,4820798124390414,01/2021,40,YES,2,24651,10/2009,2015,No,2009-10-01,,,,
5798,1286,Visa,Debit,4855497833896747,02/2020,610,YES,2,27727,12/2003,2009,No,2003-12-01,,,,
5518,719,Mastercard,Debit,5866359917107313,12/2023,102,YES,1,21727,11/2008,2008,No,2008-11-01,,,,
6021,719,Visa,Credit,4682446350562811,08/2023,554,YES,1,13900,12/2010,2010,No,2010-12-01,,,,
4075,719,Mastercard,Credit,5206052634840458,05/2022,923,YES,2,10300,07/2019,2019,No,2019-07-01,s_000187,2019-07-12 14:42:00,friend_or_family,/cards
2761,1814,Mastercard,Debit,5333200083950497,07/2016,47,YES,1,17895,04/2016,2016,No,2016-04-01,s_000191,2016-04-20 09:58:00,other,/cards
4375,1814,Visa,Debit (Prepaid),4790335686286667,01/2022,921,YES,1,59,08/2011,2011,No,2011-08-01,,,,
1040,1814,Visa,Credit,4205377401404982,07/2022,905,YES,1,11800,02/2004,2013,No,2004-02-01,,,,
2298,1723,Mastercard,Debit (Prepaid),5000674775470352,10/2016,358,YES,2,74,03/2012,2012,No,2012-03-01,,,,
4099,1723,Mastercard,Debit,5261707910736288,05/2020,104,YES,1,13168,08/2001,2007,No,2001-08-01,,,,
2479,1723,Mastercard,Debit,5197717468385411,07/2006,928,YES,1,12431,04/2005,2007,No,2005-04-01,,,,
1502,1377,Mastercard,Debit,5367393978634449,02/2020,488,YES,2,21478,02/2020,2020,No,2020-02-01,s_000192,2020-02-22 17:00:00,search,/cards/rewards
4598,1377,Mastercard,Debit,5132040468161147,06/2022,792,YES,2,4583,09/2006,2015,No,2006-09-01,,,,
1793,1377,Visa,Debit (Prepaid),4389249731393098,02/2020,950,YES,1,11,02/2020,2020,No,2020-02-01,s_000193,2020-02-14 21:19:00,blog_or_review_site,/cards/rewards
5097,470,Visa,Credit,4050701553546410,07/2020,644,YES,1,5800,10/2007,2013,No,2007-10-01,,,,
2896,470,Mastercard,Debit,5569531561859094,01/2013,29,YES,2,2704,05/2006,2013,No,2006-05-01,,,,
3733,470,Mastercard,Debit,5926369913315413,04/2021,982,NO,1,7581,07/2005,2014,No,2005-07-01,,,,
1503,229,Mastercard,Credit,5613179179990520,04/2021,874,YES,2,7900,02/2020,2020,No,2020-02-01,s_000198,2020-02-15 18:50:00,blog_or_review_site,/blog/credit-basics
2683,229,Visa,Debit,4909457460257161,03/2020,892,NO,1,20827,04/2011,2011,No,2011-04-01,,,,
1504,229,Mastercard,Debit (Prepaid),5458802986531944,02/2020,895,NO,1,74,02/2020,2020,No,2020-02-01,s_000199,2020-02-05 20:10:00,blog_or_review_site,/cards
1796,229,Visa,Debit,4492510144355977,02/2020,858,YES,1,52585,02/2020,2020,No,2020-02-01,s_000200,2020-02-20 16:26:00,search,/
5942,229,Visa,Credit,4704292963714441,06/2023,871,NO,1,16700,12/2008,2009,No,2008-12-01,,,,
4139,1512,Visa,Debit,4194162404761832,12/2023,523,YES,2,32030,08/2004,2009,No,2004-08-01,,,,
4923,1512,Mastercard,Debit (Prepaid),5040698021601971,11/2020,796,YES,2,64,09/2019,2019,No,2019-09-01,s_000201,2019-09-19 08:38:00,search,/cards
95,1512,Mastercard,Debit (Prepaid),5314994607311012,06/2014,406,YES,1,78,01/2006,2011,No,2006-01-01,,,,
2582,1512,Visa,Credit,4865864021142944,11/2022,615,YES,1,18500,04/2008,2012,No,2008-04-01,,,,
5049,1512,Mastercard,Debit,5008189212339000,09/2019,644,YES,2,26357,10/2006,2013,No,2006-10-01,,,,
5190,1512,Mastercard,Debit,5568328410834839,12/2020,811,YES,1,28864,10/2010,2013,No,2010-10-01,,,,
976,1512,Mastercard,Debit,5948987936502889,07/2020,368,NO,2,19651,02/2000,2013,No,2000-02-01,,,,
3689,1512,Mastercard,Debit,5402510129676487,10/2021,514,NO,2,52179,07/2003,2010,No,2003-07-01,,,,
4425,1543,Mastercard,Debit,5125741393893480,08/2022,13,YES,2,47709,08/2014,2014,No,2014-08-01,,,,
4687,1543,Visa,Debit,4134342241718161,03/2016,354,YES,2,54128,09/2008,2011,No,2008-09-01,,,,
4473,1543,Visa,Debit,4559874462694124,08/2024,810,YES,2,39389,08/2018,2018,No,2018-08-01,s_000202,2018-08-17 22:18:00,social_media,/cards/rewards
3864,1543,Visa,Credit,4900671019998767,02/2020,304,YES,1,29800,07/2008,2011,No,2008-07-01,,,,
424,147,Discover,Credit,6837183865208677,01/2020,482,YES,1,19100,01/2020,2020,No,2020-01-01,s_000203,2020-01-09 16:15:00,other,/cards
3013,147,Visa,Debit,4633730568874380,07/2009,565,NO,2,2819,05/2009,2009,No,2009-05-01,,,,
772,147,Visa,Credit,4341971374222434,01/2020,255,YES,1,12100,01/2020,2020,No,2020-01-01,s_000204,2020-01-18 14:09:00,podcast_or_youtube,/cards/rewards
2634,147,Mastercard,Credit,5890900416850846,08/2021,152,YES,1,18000,04/2010,2010,No,2010-04-01,,,,
1109,1941,Mastercard,Credit,5931316682508140,11/2019,164,YES,2,8700,02/2007,2007,No,2007-02-01,,,,
2940,1941,Visa,Debit (Prepaid),4704135426810723,02/2020,251,YES,2,30,05/2007,2008,No,2007-05-01,,,,
2030,1941,Mastercard,Debit,5183385831950704,08/2013,886,YES,2,22248,03/2002,2015,No,2002-03-01,,,,
2031,901,Mastercard,Debit (Prepaid),5050054589241384,09/2007,783,YES,1,69,03/2002,2012,No,2002-03-01,,,,
3729,901,Discover,Credit,6630783814792741,08/2024,24,YES,1,9600,07/2005,2012,No,2005-07-01,,,,
4152,901,Mastercard,Debit,5956465531203720,02/2022,270,YES,2,4319,08/2005,2011,No,2005-08-01,,,,
2782,1828,Visa,Debit,4054167228117852,07/2023,695,YES,2,974,04/2018,2018,No,2018-04-01,s_000207,2018-04-08 21:36:00,friend_or_family,/
3090,1828,Mastercard,Debit,5513112349725580,07/2020,255,YES,2,1212,05/2011,2011,No,2011-05-01,,,,
2783,29,Visa,Credit,4794836039067049,02/2021,764,YES,1,2700,04/2018,2018,No,2018-04-01,s_000208,2018-04-07 22:07:00,search,/
3045,29,Mastercard,Debit,5345212200076229,08/2022,387,YES,1,16113,05/2010,2010,No,2010-05-01,,,,
1061,995,Visa,Debit,4754798174315610,03/2024,932,NO,2,19097,02/2005,2010,No,2005-02-01,,,,
3302,186,Visa,Credit,4219906676806338,09/2015,998,YES,2,8900,06/2005,2011,No,2005-06-01,,,,
4490,171,Mastercard,Debit (Prepaid),5648056200144957,12/2024,793,YES,2,46,09/1996,2007,No,1996-09-01,,,,
3704,171,Visa,Debit,4992498548379230,10/2015,867,YES,2,13116,07/2003,2012,No,2003-07-01,,,,
1239,171,Visa,Debit,4548390986370918,10/2021,555,YES,2,21022,02/2010,2011,No,2010-02-01,,,,
2911,1314,Visa,Credit,4459121196885642,08/2010,455,YES,2,10100,05/2006,2010,No,2006-05-01,,,,
1081,1314,Mastercard,Debit,5287025690873732,09/2012,649,YES,2,15714,02/2006,2006,No,2006-02-01,,,,
2359,1314,Visa,Credit,4333294773814550,08/2017,973,YES,1,15000,03/2016,2016,No,2016-03-01,s_000213,2016-03-23 22:16:00,search,/compare
1140,1314,Mastercard,Debit,5283924863850626,03/2022,447,NO,2,14664,02/2008,2010,No,2008-02-01,,,,
3162,1314,Mastercard,Debit,5946312773938308,10/2015,291,YES,1,12605,05/2015,2015,No,2015-05-01,,,,
5455,1560,Mastercard,Credit,5544000819929578,10/2023,107,YES,2,500,11/2006,2011,No,2006-11-01,,,,
2767,1560,Mastercard,Debit,5489055781970216,06/2021,833,YES,1,15492,04/2017,2017,No,2017-04-01,s_000214,2017-04-15 12:52:00,other,/cards/rewards
2528,1560,Mastercard,Credit,5228090830138310,11/2020,545,YES,2,12800,04/2007,2010,No,2007-04-01,,,,
1507,1560,Mastercard,Credit,5308155941746073,02/2023,627,YES,2,3300,02/2020,2020,No,2020-02-01,s_000215,2020-02-03 16:17:00,podcast_or_youtube,/
5769,1560,Discover,Credit,6426640903869188,08/2020,662,YES,1,15500,12/2001,2008,No,2001-12-01,,,,
2501,1560,Amex,Credit,363302965648730,06/2022,838,YES,2,4100,04/2006,2010,No,2006-04-01,,,,
2635,613,Mastercard,Debit,5946607095736678,02/2020,861,YES,2,18764,04/2010,2014,No,2010-04-01,,,,
775,613,Visa,Debit,4168053621668614,07/2022,790,YES,2,33302,01/2020,2020,No,2020-01-01,s_000216,2020-01-22 20:39:00,friend_or_family,/apply
3799,613,Amex,Credit,312433752932924,07/2024,697,YES,1,12600,07/2007,2011,No,2007-07-01,,,,
1191,613,Visa,Debit,4102523265404423,07/2023,669,YES,1,28320,02/2009,2009,No,2009-02-01,,,,
2176,346,Mastercard,Debit,5594299457198901,10/2023,782,YES,2,2883,03/2008,2015,No,2008-03-01,,,,
2440,346,Mastercard,Debit,5100015130200657,05/2023,189,YES,2,28886,04/2003,2011,No,2003-04-01,,,,
192,346,Discover,Credit,6690095408585366,11/2022,162,YES,1,14400,01/2009,2009,No,2009-01-01,,,,
3379,346,Mastercard,Debit (Prepaid),5511433440463506,12/2023,463,NO,2,86,06/2008,2010,No,2008-06-01,,,,
5927,346,Mastercard,Credit,5117389461118602,02/2024,711,NO,1,11800,12/2008,2008,No,2008-12-01,,,,
4115,346,Mastercard,Credit,5279878979919017,02/2021,249,YES,2,18900,08/2003,2007,No,2003-08-01,,,,
2778,346,Mastercard,Debit,5447315840545678,06/2020,843,YES,1,37318,04/2018,2018,No,2018-04-01,s_000217,2018-04-25 13:09:00,blog_or_review_site,/compare
5256,812,Discover,Credit,6107025095995916,01/2020,870,YES,1,2400,10/2012,2012,No,2012-10-01,,,,
4862,13,Visa,Credit,4846797588329543,05/2019,143,NO,2,3500,09/2013,2013,No,2013-09-01,,,,
2109,13,Mastercard,Credit,5506489220180458,12/2022,413,YES,1,10400,03/2006,2015,No,2006-03-01,,,,
2941,13,Visa,Debit,4066959047815431,08/2020,283,YES,1,10629,05/2007,2008,No,2007-05-01,,,,
4270,13,Visa,Debit (Prepaid),4191204010061938,11/2023,495,YES,2,64,08/2008,2012,No,2008-08-01,,,,
4165,602,Visa,Debit,4789489264488970,07/2024,994,YES,1,13361,08/2005,2010,No,2005-08-01,,,,
6084,602,Mastercard,Debit,5931695374662431,05/2021,894,YES,1,24739,12/2013,2013,No,2013-12-01,,,,
5979,602,Visa,Debit,4355941830927575,08/2022,502,YES,2,12978,12/2009,2009,No,2009-12-01,,,,
3982,602,Visa,Credit,4509798381757686,11/2021,529,YES,1,9500,07/2011,2016,No,2011-07-01,,,,
346,657,Mastercard,Debit,5507324126094429,02/2021,373,YES,1,15331,01/2015,2015,No,2015-01-01,,,,
2420,657,Visa,Debit,4368582518967057,10/2010,578,YES,1,16725,04/2001,2008,No,2001-04-01,,,,
4013,657,Visa,Debit,4634300017755186,04/2014,37,YES,1,22861,07/2013,2013,No,2013-07-01,,,,
4662,657,Mastercard,Debit,5220530694931902,05/2024,201,YES,1,24186,09/2008,2008,No,2008-09-01,,,,
155,909,Mastercard,Debit (Prepaid),5237569453908018,03/2024,599,YES,2,21,01/2008,2013,No,2008-01-01,,,,
3719,909,Visa,Debit,4275115874708969,09/2023,740,YES,2,32075,07/2004,2010,No,2004-07-01,,,,
4663,909,Mastercard,Debit,5275728896235468,05/2020,479,YES,2,3934,09/2008,2015,No,2008-09-01,,,,
5232,909,Mastercard,Debit,5829712075231650,06/2022,538,YES,1,5204,10/2011,2013,No,2011-10-01,,,,
2583,909,Visa,Debit,4276711504175400,04/2023,793,YES,2,11239,04/2008,2010,No,2008-04-01,,,,
44,1267,Visa,Debit,4194403279790054,08/2024,282,YES,2,27584,01/2003,2008,No,2003-01-01,,,,
4299,1267,Visa,Debit (Prepaid),4368130002871913,02/2024,624,YES,1,50,08/2009,2009,No,2009-08-01,,,,
3926,1267,Mastercard,Debit,5781287562576118,10/2011,834,YES,2,23152,07/2010,2010,No,2010-07-01,,,,
3802,1267,Mastercard,Debit,5835780437577400,01/2022,844,YES,2,11108,07/2007,2015,No,2007-07-01,,,,
1509,411,Mastercard,Debit,5350446523909333,05/2023,611,YES,1,37192,02/2020,2020,No,2020-02-01,s_000226,2020-02-06 12:36:00,search,/blog/credit-basics
4832,411,Mastercard,Debit (Prepaid),5533776724641365,10/2017,834,YES,2,59,09/2012,2012,No,2012-09-01,,,,
5021,350,Mastercard,Debit,5428371634860438,06/2009,574,YES,2,24413,10/2005,2015,No,2005-10-01,,,,
3709,350,Mastercard,Debit,5506289501829438,10/2020,366,YES,1,27491,07/2004,2014,No,2004-07-01,,,,
2865,350,Visa,Credit,4482149609303331,03/2023,969,YES,2,12100,05/2004,2010,No,2004-05-01,,,,
3623,350,Visa,Debit,4879859310850635,03/2024,878,YES,2,19256,06/2017,2017,No,2017-06-01,s_000227,2017-06-14 12:15:00,search,/cards
479,1323,Mastercard,Debit,5054119105173352,07/2024,774,YES,1,12053,01/2020,2020,No,2020-01-01,s_000228,2020-01-24 14:37:00,social_media,/
318,1323,Visa,Credit,4498891346944005,02/2020,734,YES,2,8700,01/2013,2013,No,2013-01-01,,,,
3993,1323,Mastercard,Debit,5376527370326171,09/2023,565,YES,1,19267,07/2012,2012,No,2012-07-01,,,,
2980,1323,Visa,Debit,4007252024868251,05/2013,524,YES,1,14074,05/2008,2009,No,2008-05-01,,,,
4389,421,Mastercard,Debit,5803489621102604,12/2021,503,YES,1,33070,08/2012,2012,No,2012-08-01,,,,
6101,421,Mastercard,Debit,5865665247394120,08/2024,626,YES,2,16094,12/2014,2014,No,2014-12-01,,,,
5560,421,Mastercard,Debit,5218949137846823,02/2020,497,YES,2,19651,11/2009,2009,No,2009-11-01,,,,
1510,421,Mastercard,Debit,5331334705575605,06/2023,453,YES,1,23875,02/2020,2020,No,2020-02-01,s_000232,2020-02-19 09:57:00,blog_or_review_site,/apply
2177,421,Mastercard,Credit,5973458794875603,09/2023,685,YES,1,10600,03/2008,2016,No,2008-03-01,,,,
4153,421,Mastercard,Debit,5132479425505377,10/2010,625,YES,2,26774,08/2005,2015,No,2005-08-01,,,,
5075,421,Mastercard,Debit,5305360695397672,12/2022,307,NO,2,7842,10/2007,2014,No,2007-10-01,,,,
4080,223,Visa,Debit (Prepaid),4502772598432893,04/2024,928,YES,1,55,07/2019,2019,No,2019-07-01,s_000233,2019-07-16 15:17:00,other,/cards
2926,223,Mastercard,Credit,5573846518194123,09/2014,32,YES,1,12600,05/2007,2012,No,2007-05-01,,,,
2636,223,Mastercard,Debit,5287664021778796,06/2012,973,YES,2,16647,04/2010,2012,No,2010-04-01,,,,
5682,223,Amex,Credit,315285408349939,12/2022,695,YES,1,8600,11/2013,2013,No,2013-11-01,,,,
268,223,Mastercard,Credit,5682154590913954,11/2012,9,YES,3,15900,01/2011,2011,No,2011-01-01,,,,
2167,223,Amex,Credit,300717031458937,09/2009,194,YES,1,5800,03/2008,2008,No,2008-03-01,,,,
481,1402,Mastercard,Debit,5573456051575888,09/2024,515,YES,2,31845,01/2020,2020,No,2020-01-01,s_000234,2020-01-14 10:50:00,blog_or_review_site,/apply
296,1402,Mastercard,Credit,5190611696772114,10/2018,920,YES,2,25300,01/2012,2012,No,2012-01-01,,,,
2299,1402,Mastercard,Debit,5690418496059242,07/2022,216,YES,1,35299,03/2012,2012,No,2012-03-01,,,,
3657,354,Visa,Debit,4628936693780104,05/2022,450,YES,1,23798,07/2000,2007,No,2000-07-01,,,,
1168,354,Mastercard,Debit,5226253469892723,06/2023,896,YES,1,20859,02/2009,2009,No,2009-02-01,,,,
2924,354,Discover,Credit,6846703172802187,07/2007,994,YES,1,9200,05/2007,2014,No,2007-05-01,,,,
4518,354,Mastercard,Debit,5645109053545738,02/2024,508,YES,1,35681,09/2002,2014,No,2002-09-01,,,,
4902,354,Amex,Credit,397099721312783,08/2023,647,YES,1,9000,09/2017,2017,No,2017-09-01,s_000238,2017-09-19 18:25:00,search,/
3168,354,Visa,Debit,4298702562718334,01/2021,595,YES,1,15206,05/2015,2015,No,2015-05-01,,,,
4907,314,Mastercard,Credit,5408809633056349,10/2020,504,YES,2,19800,09/2017,2017,No,2017-09-01,s_000239,2017-09-16 21:38:00,search,/blog/credit-basics
5519,1613,Mastercard,Credit,5720952964572786,11/2020,145,YES,1,12500,11/2008,2010,No,2008-11-01,,,,
4549,1613,Mastercard,Debit,5431233824162772,04/2022,976,YES,1,5796,09/2004,2011,No,2004-09-01,,,,
4538,1613,Visa,Debit (Prepaid),4590514334794623,06/2022,270,YES,2,109,09/2003,2009,No,2003-09-01,,,,
1802,1613,Visa,Debit,4489235577455870,07/2020,557,YES,2,15747,02/2020,2020,No,2020-02-01,s_000244,2020-02-22 19:19:00,friend_or_family,/cards
3983,586,Visa,Credit,4095430974536550,03/2021,614,YES,2,20300,07/2011,2011,No,2011-07-01,,,,
1514,586,Mastercard,Debit (Prepaid),5447113003265844,11/2021,762,YES,1,75,02/2020,2020,No,2020-02-01,s_000247,2020-02-22 22:47:00,search,/
1515,586,Mastercard,Debit,5161769445279594,03/2022,746,NO,1,15163,02/2020,2020,No,2020-02-01,s_000248,2020-02-17 21:55:00,blog_or_review_site,/cards/rewards
3124,586,Visa,Debit,4957920148379718,11/2022,577,YES,1,30952,05/2012,2012,No,2012-05-01,,,,
5928,119,Mastercard,Debit,5736601123142270,01/2022,145,YES,2,13177,12/2008,2014,No,2008-12-01,,,,
5980,119,Visa,Credit,4282551690422601,03/2019,688,YES,1,2500,12/2009,2009,No,2009-12-01,,,,
379,119,Mastercard,Debit,5138208680850055,09/2020,400,NO,2,20819,01/2019,2019,No,2019-01-01,s_000249,2019-01-07 16:44:00,app_store,/blog/credit-basics
3014,1312,Visa,Debit,4834799974606459,08/2023,389,YES,1,10599,05/2009,2010,No,2009-05-01,,,,
1156,1529,Visa,Debit,4294047917295712,05/2023,325,YES,2,38171,02/2008,2011,No,2008-02-01,,,,
3927,1529,Mastercard,Debit,5179211547158075,12/2020,46,YES,1,61324,07/2010,2011,No,2010-07-01,,,,
4985,1529,Mastercard,Debit,5214969175447515,04/2016,439,YES,1,31362,10/2003,2010,No,2003-10-01,,,,
2326,1596,Mastercard,Debit,5589671096121830,10/2016,536,YES,1,16398,03/2014,2014,No,2014-03-01,,,,
21,1596,Visa,Credit,4262822146225767,06/2012,826,YES,1,6600,01/2001,2010,No,2001-01-01,,,,
995,1596,Mastercard,Credit,5125930425033874,10/2022,60,YES,2,6600,02/2002,2007,No,2002-02-01,,,,
2637,1596,Mastercard,Debit (Prepaid),5871381416815409,07/2021,254,YES,1,59,04/2010,2010,No,2010-04-01,,,,
2958,714,Mastercard,Debit (Prepaid),5082951387967574,07/2022,776,YES,1,42,05/2008,2014,No,2008-05-01,,,,
2616,714,Visa,Debit (Prepaid),4636082679216722,11/2022,931,YES,2,119,04/2009,2009,No,2009-04-01,,,,
3720,887,Visa,Debit,4764601855343044,11/2006,823,YES,2,24250,07/2004,2010,No,2004-07-01,,,,
1024,887,Visa,Credit,4116906909940127,04/2024,22,YES,1,12400,02/2003,2013,No,2003-02-01,,,,
4875,887,Visa,Credit,4779198537003941,11/2022,322,YES,2,6500,09/2014,2014,No,2014-09-01,,,,
5997,887,Mastercard,Credit,5925601743609258,07/2020,209,YES,1,13900,12/2010,2010,No,2010-12-01,,,,
4006,1425,Mastercard,Debit (Prepaid),5686159789271662,11/2015,950,YES,2,100,07/2013,2013,No,2013-07-01,,,,
1141,1425,Mastercard,Credit,5264643141041082,03/2022,743,YES,1,8000,02/2008,2010,No,2008-02-01,,,,
2600,1425,Mastercard,Debit (Prepaid),5241188157660835,11/2018,876,YES,2,49,04/2009,2009,No,2009-04-01,,,,
2851,1425,Discover,Credit,6774837644015385,08/2020,620,YES,2,2900,05/2004,2011,No,2004-05-01,,,,
3835,1425,Discover,Credit,6898662101270196,01/2016,21,YES,1,10400,07/2008,2014,No,2008-07-01,,,,
1015,1425,Mastercard,Debit (Prepaid),5119018228047326,05/2023,793,YES,2,37,02/2003,2016,No,2003-02-01,,,,
5929,1425,Mastercard,Debit,5751745002272729,12/2023,323,NO,2,13606,12/2008,2016,No,2008-12-01,,,,
5386,1425,Mastercard,Debit,5807898028441894,03/2024,591,YES,2,13347,11/2003,2007,No,2003-11-01,,,,
1047,1645,Mastercard,Debit (Prepaid),5888115186452355,12/2023,444,NO,1,54,02/2005,2007,No,2005-02-01,,,,
5878,1645,Mastercard,Debit,5115977842680830,11/2024,328,NO,2,23402,12/2007,2011,No,2007-12-01,,,,
778,1645,Visa,Debit,4756811014064559,05/2020,369,NO,2,30393,01/2020,2020,No,2020-01-01,s_000251,2020-01-27 12:40:00,friend_or_family,/blog/credit-basics
2213,1863,Mastercard,Debit,5129325410635439,01/2022,128,YES,2,1298,03/2009,2012,No,2009-03-01,,,,
5855,1576,Mastercard,Debit (Prepaid),5253525523982495,11/2024,565,YES,1,101,12/2006,2010,No,2006-12-01,,,,
5821,1576,Visa,Debit (Prepaid),4585785809501379,09/2020,821,YES,1,70,12/2004,2007,No,2004-12-01,,,,
486,1576,Mastercard,Debit,5408716058769165,07/2022,404,YES,3,15163,01/2020,2020,No,2020-01-01,s_000252,2020-01-21 22:58:00,other,/cards/rewards
2480,1576,Mastercard,Debit (Prepaid),5607503519034023,01/2022,70,YES,1,107,04/2005,2011,No,2005-04-01,,,,
5169,1576,Visa,Debit,4881313929814344,10/2009,863,YES,2,21107,10/2009,2009,No,2009-10-01,,,,
5248,1576,Visa,Debit,4736934707075232,03/2023,978,YES,1,15807,10/2011,2011,No,2011-10-01,,,,
380,1576,Mastercard,Debit,5113633089121120,08/2024,601,YES,2,18689,01/2019,2019,No,2019-01-01,s_000253,2019-01-19 14:14:00,blog_or_review_site,/cards/rewards
2441,1576,Mastercard,Debit,5753824282810836,01/2018,985,YES,2,15839,04/2003,2010,No,2003-04-01,,,,
2658,1268,Visa,Credit,4636984888214448,04/2018,380,YES,2,5900,04/2010,2010,No,2010-04-01,,,,
4965,1268,Mastercard,Debit,5961047404971216,06/2022,89,NO,1,11726,10/2002,2011,No,2002-10-01,,,,
5520,1268,Mastercard,Debit,5437744884030865,02/2022,753,YES,1,13537,11/2008,2009,No,2008-11-01,,,,
1804,1268,Visa,Debit,4674089067309589,07/2022,713,YES,1,10609,02/2020,2020,No,2020-02-01,s_000254,2020-02-20 20:59:00,app_store,/blog/credit-basics
3820,1565,Visa,Credit,4691166269279948,06/2021,911,YES,2,2000,07/2007,2007,No,2007-07-01,,,,
3743,1842,Visa,Debit,4090165219603664,07/2023,593,YES,2,4817,07/2005,2014,No,2005-07-01,,,,
5426,1842,Mastercard,Credit,5693202604748580,07/2024,166,YES,2,1300,11/2005,2011,No,2005-11-01,,,,
4154,485,Mastercard,Credit,5980816578498370,04/2022,655,YES,1,13200,08/2005,2009,No,2005-08-01,,,,
1517,485,Mastercard,Debit,5832889444154326,11/2021,820,YES,2,11641,02/2020,2020,No,2020-02-01,s_000257,2020-02-26 13:35:00,other,/cards/rewards
1082,244,Mastercard,Credit,5304372689056153,02/2024,871,NO,2,7100,02/2006,2011,No,2006-02-01,,,,
5953,244,Amex,Credit,308555388799852,12/2009,606,YES,1,8500,12/2009,2012,No,2009-12-01,,,,
5521,145,Mastercard,Credit,5973231209388276,04/2021,257,YES,1,6000,11/2008,2013,No,2008-11-01,,,,
3575,145,Mastercard,Credit,5703815520417524,07/2020,263,YES,2,2000,06/2014,2014,No,2014-06-01,,,,
4058,145,Visa,Debit,4446819957867131,06/2020,232,YES,2,15240,07/2017,2017,No,2017-07-01,s_000258,2017-07-09 09:07:00,friend_or_family,/
2110,866,Mastercard,Debit,5036617487964943,11/2024,765,YES,2,7272,03/2006,2016,No,2006-03-01,,,,
1806,866,Visa,Debit,4403825163350985,09/2022,451,YES,2,9542,02/2020,2020,No,2020-02-01,s_000259,2020-02-16 11:53:00,blog_or_review_site,/compare
3337,866,Amex,Credit,399832211170214,11/2024,984,YES,1,4500,06/2007,2007,No,2007-06-01,,,,
4710,1424,Mastercard,Credit,5033949193863455,05/2021,76,YES,2,8000,09/2009,2011,No,2009-09-01,,,,
4876,1424,Visa,Debit (Prepaid),4035809761172506,08/2021,400,YES,1,84,09/2014,2014,No,2014-09-01,,,,
487,1424,Mastercard,Debit,5004994096233324,03/2020,489,NO,1,9957,01/2020,2020,No,2020-01-01,s_000260,2020-01-26 08:54:00,search,/compare
3046,1424,Mastercard,Credit,5474945486540306,06/2015,533,YES,2,8300,05/2010,2015,No,2010-05-01,,,,
5625,427,Visa,Debit,4360960084502821,12/2010,641,YES,1,11739,11/2010,2011,No,2010-11-01,,,,
269,427,Mastercard,Debit (Prepaid),5533615337478093,09/2022,743,YES,1,79,01/2011,2011,No,2011-01-01,,,,
4819,427,Visa,Debit,4123364464470592,11/2024,574,YES,1,11093,09/2011,2011,No,2011-09-01,,,,
5210,684,Visa,Debit,4623790856154791,08/2022,42,YES,2,20447,10/2010,2016,No,2010-10-01,,,,
3088,684,Discover,Credit,6219867119924889,11/2022,425,YES,2,8800,05/2011,2011,No,2011-05-01,,,,
2768,684,Mastercard,Debit,5762936498559213,04/2023,657,YES,1,13946,04/2017,2017,No,2017-04-01,s_000261,2017-04-09 20:46:00,search,/cards
6022,684,Visa,Debit,4941352079368761,07/2020,963,NO,2,25529,12/2010,2010,No,2010-12-01,,,,
4474,684,Visa,Debit (Prepaid),4537642289527032,12/2022,450,YES,1,61,08/2018,2018,No,2018-08-01,s_000262,2018-08-18 08:58:00,search,/apply
4908,684,Mastercard,Debit,5726295152230615,02/2022,912,YES,2,17536,09/2017,2017,No,2017-09-01,s_000263,2017-09-06 19:34:00,search,/cards
334,684,Visa,Debit,4439425587555219,03/2015,568,YES,2,20770,01/2014,2014,No,2014-01-01,,,,
1337,1300,Mastercard,Debit,5280939323100579,07/2023,909,YES,1,10691,02/2014,2014,No,2014-02-01,,,,
2601,1300,Mastercard,Debit (Prepaid),5666642339206521,08/2010,996,YES,1,75,04/2009,2009,No,2009-04-01,,,,
156,1300,Mastercard,Credit,5042100576719658,07/2022,939,YES,1,4900,01/2008,2011,No,2008-01-01,,,,
5754,1300,Mastercard,Debit,5128552449628284,07/2020,95,YES,2,14661,12/1997,2009,No,1997-12-01,,,,
3303,1669,Visa,Debit,4739603201770871,07/2023,48,YES,2,2572,06/2005,2010,No,2005-06-01,,,,
4359,1669,Mastercard,Credit,5445286323617902,12/2022,212,YES,2,5000,08/2011,2011,No,2011-08-01,,,,
2456,1669,Discover,Credit,6350687054576802,12/2013,840,YES,1,10300,04/2004,2012,No,2004-04-01,,,,
6097,1669,Amex,Credit,368765630381398,06/2018,731,YES,2,11400,12/2014,2014,No,2014-12-01,,,,
4664,937,Mastercard,Debit,5569049232811437,02/2020,598,YES,2,9230,09/2008,2013,No,2008-09-01,,,,
2055,845,Mastercard,Debit,5032880040092416,06/2024,626,YES,1,11203,03/2004,2008,No,2004-03-01,,,,
4599,845,Mastercard,Debit,5634291050750009,02/2021,759,YES,2,12369,09/2006,2010,No,2006-09-01,,,,
5943,845,Visa,Credit,4776334530519583,09/2017,925,YES,1,7900,12/2008,2017,No,2008-12-01,,,,
2855,845,Mastercard,Debit,5982817665927233,10/2014,390,YES,2,20362,05/2004,2012,No,2004-05-01,,,,
4491,845,Mastercard,Debit,5355473722620842,05/2021,63,YES,2,13529,09/1996,2007,No,1996-09-01,,,,
1204,1518,Discover,Credit,6183952528759947,12/2022,831,YES,2,16800,02/2010,2015,No,2010-02-01,,,,
6083,1518,Discover,Credit,6675475462886914,10/2022,64,YES,1,7100,12/2013,2013,No,2013-12-01,,,,
2584,1518,Visa,Credit,4444532245535178,11/2020,623,YES,1,9600,04/2008,2008,No,2008-04-01,,,,
2056,1591,Mastercard,Debit (Prepaid),5929148675838815,04/2021,955,YES,1,113,03/2004,2008,No,2004-03-01,,,,
489,1591,Mastercard,Debit,5596909204961650,04/2020,708,YES,1,16818,01/2020,2020,No,2020-01-01,s_000269,2020-01-07 16:25:00,search,/cards/rewards
2043,1591,Mastercard,Debit,5702444920277810,08/2021,137,YES,1,12358,03/2003,2003,No,2003-03-01,,,,
5919,1591,Amex,Credit,313237641072547,10/2011,951,YES,2,8100,12/2008,2012,No,2008-12-01,,,,
2847,1591,Visa,Credit,4654712521098398,03/2020,269,YES,2,9800,05/2003,2008,No,2003-05-01,,,,
3967,1591,Mastercard,Debit,5362951145456228,12/2024,818,YES,2,17332,07/2011,2012,No,2011-07-01,,,,
4290,1629,Mastercard,Debit,5366247073382596,04/2021,515,YES,2,18776,08/2009,2012,No,2009-08-01,,,,
5249,675,Visa,Credit,4786002952683429,03/2022,965,YES,1,9300,10/2011,2011,No,2011-10-01,,,,
4454,675,Discover,Credit,6210885893076470,06/2021,895,YES,2,8000,08/2016,2016,No,2016-08-01,s_000271,2016-08-25 16:10:00,search,/
4020,675,Mastercard,Debit,5965800518603810,09/2021,609,NO,1,11194,07/2014,2014,No,2014-07-01,,,,
5261,675,Visa,Debit,4331686299440629,04/2023,525,YES,2,12754,10/2012,2012,No,2012-10-01,,,,
5250,675,Visa,Credit,4765714337874836,08/2024,983,YES,1,9700,10/2011,2013,No,2011-10-01,,,,
3116,577,Mastercard,Debit,5591077047400631,09/2020,615,YES,1,17936,05/2012,2012,No,2012-05-01,,,,
2627,577,Amex,Credit,313916461304111,01/2021,852,YES,1,8500,04/2010,2011,No,2010-04-01,,,,
302,854,Visa,Debit,4120824887309572,06/2023,110,YES,1,24826,01/2012,2012,No,2012-01-01,,,,
4121,1261,Visa,Debit,4637531059933425,03/2020,640,YES,1,27091,08/2003,2018,No,2003-08-01,,,,
3515,1227,Mastercard,Debit (Prepaid),5072595305260459,01/2021,519,YES,1,67,06/2011,2011,No,2011-06-01,,,,
122,1227,Amex,Credit,349565330549626,04/2020,178,NO,1,14600,01/2007,2007,No,2007-01-01,,,,
3545,1227,Mastercard,Credit,5923231174018252,11/2021,392,YES,2,13500,06/2012,2012,No,2012-06-01,,,,
2310,1227,Mastercard,Debit,5851845913045150,09/2023,71,YES,1,27132,03/2013,2013,No,2013-03-01,,,,
5602,840,Mastercard,Debit,5023863713584517,12/2024,457,YES,2,10400,11/2010,2013,No,2010-11-01,,,,
2083,840,Mastercard,Debit,5664895156333060,07/2020,500,YES,1,43169,03/2005,2012,No,2005-03-01,,,,
37,840,Mastercard,Debit,5486901761554156,10/2023,258,YES,2,5269,01/2003,2016,No,2003-01-01,,,,
2416,840,Mastercard,Debit,5820221852405545,12/2024,380,YES,2,48370,04/2001,2011,No,2001-04-01,,,,
3633,840,Visa,Credit,4115686759373550,11/2019,996,YES,2,17100,06/2018,2018,No,2018-06-01,s_000272,2018-06-17 15:37:00,social_media,/compare
4992,840,Visa,Debit (Prepaid),4876555170855808,04/2024,661,YES,1,65,10/2003,2009,No,2003-10-01,,,,
3091,733,Mastercard,Debit,5904146428140246,12/2020,277,YES,2,2656,05/2011,2015,No,2011-05-01,,,,
2529,733,Mastercard,Credit,5770203026188611,10/2024,676,YES,2,7800,04/2007,2011,No,2007-04-01,,,,
3707,733,Discover,Credit,6689214851949611,03/2020,740,YES,1,13400,07/2004,2005,No,2004-07-01,,,,
1048,733,Mastercard,Debit,5911600183016111,08/2023,315,NO,1,16726,02/2005,2020,No,2005-02-01,,,,
2098,454,Visa,Debit,4750958043493039,12/2024,269,YES,1,30162,03/2005,2010,No,2005-03-01,,,,
4767,454,Mastercard,Debit,5776356381459188,10/2010,394,YES,1,19970,09/2010,2010,No,2010-09-01,,,,
5735,454,Mastercard,Debit,5723126586825335,05/2024,268,YES,1,31199,11/2018,2018,No,2018-11-01,s_000273,2018-11-03 16:27:00,blog_or_review_site,/cards/rewards
5456,454,Mastercard,Debit,5916860407845357,10/2024,827,YES,2,14983,11/2006,2010,No,2006-11-01,,,,
5287,454,Mastercard,Debit,5826782239602490,10/2014,629,YES,2,18491,10/2014,2014,No,2014-10-01,,,,
2201,961,Visa,Debit,4575519144263671,08/2021,618,YES,2,23094,03/2008,2011,No,2008-03-01,,,,
4584,961,Visa,Credit,4587193711138824,10/2022,166,YES,1,18300,09/2005,2005,No,2005-09-01,,,,
1389,961,Mastercard,Debit,5672981759485196,02/2024,676,YES,1,31907,02/2019,2019,No,2019-02-01,s_000274,2019-02-25 17:05:00,app_store,/apply
2202,961,Visa,Debit,4306238627611074,10/2020,588,YES,2,32761,03/2008,2008,No,2008-03-01,,,,
4665,768,Mastercard,Debit,5359168203636426,04/2024,84,YES,1,11105,09/2008,2009,No,2008-09-01,,,,
5910,78,Visa,Debit (Prepaid),4749352761473241,01/2017,556,YES,2,83,12/2007,2007,No,2007-12-01,,,,
1157,1334,Visa,Debit,4509551449788694,07/2020,152,YES,1,13821,02/2008,2009,No,2008-02-01,,,,
2866,1334,Visa,Credit,4723027876552516,05/2021,423,YES,1,14400,05/2004,2010,No,2004-05-01,,,,
3761,1334,Mastercard,Credit,5700626457783201,10/2010,713,YES,1,13300,07/2006,2007,No,2006-07-01,,,,
209,1334,Visa,Credit,4144931322114018,08/2014,312,NO,1,9300,01/2009,2009,No,2009-01-01,,,,
3968,1610,Mastercard,Debit,5678294553512479,08/2022,15,YES,1,8580,07/2011,2011,No,2011-07-01,,,,
5879,1610,Mastercard,Credit,5771046456944706,10/2023,53,YES,2,6600,12/2007,2008,No,2007-12-01,,,,
2585,108,Visa,Debit,4466627264365741,06/2014,238,YES,1,12783,04/2008,2010,No,2008-04-01,,,,
1299,108,Mastercard,Debit,5085144478543466,05/2021,100,YES,2,14321,02/2012,2012,No,2012-02-01,,,,
4070,108,Visa,Debit,4814031516576169,12/2020,804,YES,2,14488,07/2018,2018,No,2018-07-01,s_000277,2018-07-24 10:26:00,social_media,/cards/rewards
780,108,Visa,Debit,4031726246937832,01/2020,126,NO,1,16116,01/2020,2020,No,2020-01-01,s_000278,2020-01-10 19:31:00,search,/compare
4972,1308,Visa,Credit,4900994567069763,07/2021,24,YES,2,14800,10/2002,2012,No,2002-10-01,,,,
6023,780,Visa,Debit (Prepaid),4129989012910230,07/2021,8,YES,2,43,12/2010,2011,No,2010-12-01,,,,
1375,1340,Visa,Debit,4249908788734063,07/2024,892,YES,2,36546,02/2017,2017,No,2017-02-01,s_000279,2017-02-17 10:24:00,search,/compare
3272,1340,Mastercard,Debit,5056109817639748,08/2021,165,YES,1,18462,06/2004,2007,No,2004-06-01,,,,
2954,1340,Amex,Credit,329808568475348,06/2021,259,NO,1,13300,05/2008,2013,No,2008-05-01,,,,
2178,1340,Mastercard,Debit (Prepaid),5260555273059328,08/2020,729,YES,2,36,03/2008,2018,No,2008-03-01,,,,
6035,1340,Amex,Credit,394844235507928,09/2023,682,YES,2,11200,12/2011,2011,No,2011-12-01,,,,
1016,1888,Mastercard,Debit,5552351757816493,02/2020,588,YES,2,30074,02/2003,2006,No,2003-02-01,,,,
1017,1888,Mastercard,Debit,5613352979417307,05/2016,681,YES,1,7589,02/2003,2011,No,2003-02-01,,,,
1169,1888,Mastercard,Debit,5210754741357773,12/2014,402,NO,2,27112,02/2009,2015,No,2009-02-01,,,,
2179,247,Mastercard,Credit,5765975770169362,02/2021,740,YES,1,16700,03/2008,2008,No,2008-03-01,,,,
1240,247,Visa,Debit,4045887901142827,07/2013,54,YES,2,24968,02/2010,2010,No,2010-02-01,,,,
4155,247,Mastercard,Debit,5711629583407537,01/2012,577,YES,2,16751,08/2005,2010,No,2005-08-01,,,,
5191,247,Mastercard,Debit,5047582065725201,07/2021,601,YES,2,12852,10/2010,2012,No,2010-10-01,,,,
2137,247,Discover,Credit,6973723422438311,11/2023,526,NO,2,10200,03/2007,2010,No,2007-03-01,,,,
2084,247,Mastercard,Debit,5584580666180389,12/2006,331,YES,1,21922,03/2005,2011,No,2005-03-01,,,,
3762,915,Mastercard,Debit,5927769013167971,12/2006,774,YES,2,9609,07/2006,2008,No,2006-07-01,,,,
492,1927,Mastercard,Debit (Prepaid),5803470646010241,01/2020,940,YES,1,62,01/2020,2020,No,2020-01-01,s_000281,2020-01-08 15:56:00,podcast_or_youtube,/apply
5647,1927,Mastercard,Debit,5796139864739324,05/2018,474,YES,2,12194,11/2011,2011,No,2011-11-01,,,,
1170,1208,Mastercard,Debit,5084690936737005,02/2020,476,YES,2,8024,02/2009,2012,No,2009-02-01,,,,
2203,1208,Visa,Debit,4372448627686768,11/2020,569,YES,2,8902,03/2008,2008,No,2008-03-01,,,,
2449,1208,Visa,Debit,4183588454885685,11/2020,323,NO,2,8081,04/2003,2011,No,2003-04-01,,,,
3923,1382,Amex,Credit,302128691810206,11/2021,236,YES,1,9000,07/2010,2015,No,2010-07-01,,,,
2838,1382,Mastercard,Debit,5947766191531250,10/2024,760,YES,2,11415,05/2003,2013,No,2003-05-01,,,,
5262,1382,Visa,Credit,4371359117883353,05/2022,931,YES,2,1900,10/2012,2012,No,2012-10-01,,,,
1110,1382,Mastercard,Debit (Prepaid),5517746118509993,01/2017,251,YES,1,54,02/2007,2008,No,2007-02-01,,,,
1210,1217,Mastercard,Debit,5228295335343438,03/2011,82,NO,1,23907,02/2010,2010,No,2010-02-01,,,,
5030,1217,Visa,Credit,4963325399756427,06/2022,180,YES,2,15500,10/2005,2010,No,2005-10-01,,,,
4086,1217,Visa,Debit,4540572558695839,08/2020,540,YES,2,3415,08/1996,2012,No,1996-08-01,,,,
1123,514,Visa,Credit,4662965490409087,04/2023,240,YES,2,8500,02/2007,2007,No,2007-02-01,,,,
2155,514,Visa,Debit,4170396856656251,03/2020,831,YES,2,11473,03/2007,2008,No,2007-03-01,,,,
5759,514,Mastercard,Debit,5568405807581710,07/2022,187,YES,3,23932,12/1999,2011,No,1999-12-01,,,,
4322,514,Mastercard,Debit,5304746158026153,08/2013,249,YES,1,9614,08/2010,2010,No,2010-08-01,,,,
5959,232,Mastercard,Debit,5761678069979338,02/2020,725,YES,1,58709,12/2009,2009,No,2009-12-01,,,,
2214,232,Mastercard,Debit (Prepaid),5828021478542645,01/2016,350,YES,1,98,03/2009,2009,No,2009-03-01,,,,
3125,232,Visa,Debit,4247339520232396,07/2022,598,YES,1,24401,05/2012,2012,No,2012-05-01,,,,
4174,445,Mastercard,Debit,5472231620359227,01/2016,726,YES,1,3628,08/2006,2013,No,2006-08-01,,,,
1807,1206,Visa,Debit,4182923459647403,02/2020,603,YES,1,47359,02/2020,2020,No,2020-02-01,s_000288,2020-02-19 08:15:00,friend_or_family,/compare
244,1206,Visa,Debit,4866080343433203,05/2010,1,YES,2,41205,01/2010,2010,No,2010-01-01,,,,
194,1206,Mastercard,Credit,5328878941102916,03/2016,847,YES,2,17400,01/2009,2010,No,2009-01-01,,,,
4469,1276,Mastercard,Debit,5785225381364914,04/2022,851,YES,1,17688,08/2018,2018,No,2018-08-01,s_000289,2018-08-01 09:08:00,other,/apply
5076,1276,Mastercard,Credit,5056180854217534,10/2021,183,YES,1,15000,10/2007,2013,No,2007-10-01,,,,
996,1276,Mastercard,Debit,5192100992523222,03/2023,276,YES,2,27075,02/2002,2015,No,2002-02-01,,,,
5954,1276,Discover,Credit,6099048775831285,04/2022,120,YES,1,13700,12/2009,2010,No,2009-12-01,,,,
2009,1276,Mastercard,Credit,5730775331108605,04/2024,910,YES,1,19000,03/1998,2016,No,1998-03-01,,,,
193,875,Discover,Credit,6670752769501820,04/2014,213,NO,2,14300,01/2009,2010,No,2009-01-01,,,,
3495,875,Visa,Credit,4016664416211109,05/2024,840,YES,1,7600,06/2010,2010,No,2010-06-01,,,,
2380,875,Mastercard,Debit,5835488238900107,11/2020,203,NO,1,13788,03/2019,2019,No,2019-03-01,s_000290,2019-03-12 15:47:00,friend_or_family,/compare
496,875,Mastercard,Debit,5942817121899547,08/2022,408,YES,1,20801,01/2020,2020,No,2020-01-01,s_000291,2020-01-20 22:48:00,social_media,/blog/credit-basics
2684,1546,Visa,Debit,4483206793672492,06/2024,339,YES,2,19015,04/2011,2011,No,2011-04-01,,,,
245,1546,Visa,Debit,4030476430498489,07/2013,437,YES,2,2181,01/2010,2011,No,2010-01-01,,,,
5504,1546,Visa,Credit,4952050120824102,05/2023,167,YES,2,6400,11/2007,2007,No,2007-11-01,,,,
6024,1546,Visa,Debit (Prepaid),4985729409791181,07/2011,408,YES,2,78,12/2010,2011,No,2010-12-01,,,,
3380,519,Mastercard,Debit,5167739038207671,02/2020,35,YES,1,12353,06/2008,2008,No,2008-06-01,,,,
4390,519,Mastercard,Debit (Prepaid),5483130582779116,05/2020,139,YES,2,65,08/2012,2012,No,2012-08-01,,,,
3555,519,Visa,Debit (Prepaid),4031459906447373,04/2018,0,YES,1,72,06/2012,2012,No,2012-06-01,,,,
3173,519,Mastercard,Debit,5608799929769385,01/2024,653,YES,2,18526,05/2016,2016,No,2016-05-01,s_000296,2016-05-04 18:58:00,search,/blog/credit-basics
2867,1408,Visa,Debit,4751759256983279,12/2023,978,YES,2,6513,05/2004,2013,No,2004-05-01,,,,
5522,1408,Mastercard,Debit,5827922070073569,08/2020,665,YES,1,5044,11/2008,2008,No,2008-11-01,,,,
3821,1204,Visa,Debit,4964837149375457,08/2023,692,NO,2,25079,07/2007,2008,No,2007-07-01,,,,
2788,1204,Visa,Debit,4786456074959153,04/2024,463,YES,1,39578,04/2019,2019,No,2019-04-01,s_000297,2019-04-18 10:40:00,social_media,/
210,1204,Visa,Debit,4780113572248864,10/2022,498,YES,1,36641,01/2009,2009,No,2009-01-01,,,,
392,1133,Amex,Credit,364782097416183,09/2024,787,YES,2,13500,01/2020,2020,No,2020-01-01,s_000300,2020-01-17 08:48:00,social_media,/compare
5211,1133,Visa,Debit,4332848097947146,05/2019,247,YES,2,12512,10/2010,2012,No,2010-10-01,,,,
2586,1133,Visa,Debit,4874200877830198,04/2023,234,YES,2,21442,04/2008,2015,No,2008-04-01,,,,
195,1133,Mastercard,Debit (Prepaid),5491911967251854,04/2024,256,YES,2,69,01/2009,2013,No,2009-01-01,,,,
4688,710,Visa,Debit (Prepaid),4291584295091276,07/2021,284,NO,2,80,09/2008,2013,No,2008-09-01,,,,
3155,710,Visa,Credit,4977439177902709,10/2023,725,YES,1,1300,05/2014,2014,No,2014-05-01,,,,
4395,710,Visa,Debit,4083830555953344,09/2019,35,YES,1,40984,08/2012,2012,No,2012-08-01,,,,
5233,582,Mastercard,Debit,5000642222050149,01/2016,949,YES,1,19536,10/2011,2014,No,2011-10-01,,,,
2010,582,Mastercard,Debit,5706945213874118,02/2009,808,YES,1,9044,03/1999,2013,No,1999-03-01,,,,
3634,582,Visa,Credit,4880127142903322,05/2024,582,NO,2,12500,06/2018,2018,No,2018-06-01,s_000303,2018-06-13 15:28:00,search,/
5880,821,Mastercard,Debit,5709350938591097,09/2021,841,YES,2,2338,12/2007,2016,No,2007-12-01,,,,
6131,821,Amex,Credit,340249970172495,07/2024,789,YES,1,3900,12/2017,2017,No,2017-12-01,s_000304,2017-12-24 15:15:00,social_media,/compare
59,1352,Visa,Debit,4969931231497491,11/2019,728,YES,2,12528,01/2004,2012,No,2004-01-01,,,,
2403,1352,Mastercard,Debit,5065991934613613,03/2020,444,YES,2,19756,04/1999,2013,No,1999-04-01,,,,
5355,1352,Mastercard,Debit,5074153322431986,10/1999,15,YES,1,2042,11/1998,2008,No,1998-11-01,,,,
3286,831,Discover,Credit,6343000201050378,06/2020,991,YES,1,8300,06/2005,2013,No,2005-06-01,,,,
4156,831,Mastercard,Debit,5176991873510835,04/2022,744,YES,2,8571,08/2005,2015,No,2005-08-01,,,,
3312,578,Mastercard,Debit,5639231472661421,06/2006,482,YES,1,17167,06/2006,2007,No,2006-06-01,,,,
4807,1997,Mastercard,Debit,5974521557482725,08/2020,89,YES,1,25048,09/2011,2011,No,2011-09-01,,,,
5786,1997,Amex,Credit,373196972571995,08/2022,333,YES,1,25600,12/2003,2009,No,2003-12-01,,,,
3343,1997,Mastercard,Debit,5145075395048643,07/2020,818,YES,2,17257,06/2007,2007,No,2007-06-01,,,,
2481,1997,Mastercard,Debit,5446247483875549,02/2022,977,NO,2,31829,04/2005,2020,No,2005-04-01,,,,
5106,1997,Mastercard,Debit,5138861544730253,09/2014,695,YES,2,3991,10/2008,2013,No,2008-10-01,,,,
5457,1997,Mastercard,Debit,5450840398353044,05/2024,172,YES,2,3991,11/2006,2013,No,2006-11-01,,,,
5808,1997,Mastercard,Debit,5957840395918291,01/2024,232,YES,2,34953,12/2004,2011,No,2004-12-01,,,,
1378,258,Mastercard,Debit,5200497031723077,11/2021,790,YES,1,21726,02/2018,2018,No,2018-02-01,s_000310,2018-02-20 13:21:00,social_media,/cards
3197,258,Visa,Debit,4410595521974956,08/2020,468,YES,1,15063,05/2017,2017,No,2017-05-01,s_000311,2017-05-23 11:14:00,app_store,/blog/credit-basics
500,258,Mastercard,Debit,5979251671199858,01/2020,949,YES,1,12596,01/2020,2020,No,2020-01-01,s_000312,2020-01-12 09:01:00,podcast_or_youtube,/cards/rewards
2912,851,Visa,Debit,4977782671344118,01/2009,467,NO,2,6335,05/2006,2020,No,2006-05-01,,,,
4243,851,Mastercard,Debit (Prepaid),5953262218021154,04/2014,328,YES,1,43,08/2008,2013,No,2008-08-01,,,,
3613,851,Visa,Credit,4453479289853591,01/2020,438,YES,2,8100,06/2016,2016,No,2016-06-01,s_000313,2016-06-11 16:19:00,podcast_or_youtube,/cards/rewards
1241,851,Visa,Credit,4484651040009268,04/2023,400,YES,2,8900,02/2010,2010,No,2010-02-01,,,,
4148,1951,Amex,Credit,397408628397205,01/2024,358,YES,1,16000,08/2005,2008,No,2005-08-01,,,,
4157,1951,Mastercard,Debit,5131315390682577,04/2011,260,YES,2,19304,08/2005,2010,No,2005-08-01,,,,
3360,1951,Visa,Debit,4667539931017684,10/2020,724,YES,2,36548,06/2007,2015,No,2007-06-01,,,,
1142,1951,Mastercard,Debit,5494695767588585,12/2023,105,YES,1,10354,02/2008,2010,No,2008-02-01,,,,
3188,1951,Discover,Credit,6059981259285361,08/2024,661,YES,1,8000,05/2017,2017,No,2017-05-01,s_000314,2017-05-07 13:43:00,blog_or_review_site,/cards
4948,1897,Mastercard,Debit,5695371675609176,12/2023,110,YES,1,51302,10/2001,2010,No,2001-10-01,,,,
3690,1897,Mastercard,Debit (Prepaid),5727246621737801,09/2014,184,YES,1,80,07/2003,2010,No,2003-07-01,,,,
4337,972,Visa,Credit,4613780379002622,10/2021,881,YES,1,15800,08/2010,2012,No,2010-08-01,,,,
6052,972,Visa,Credit,4349828024185765,11/2020,209,YES,1,16800,12/2011,2011,No,2011-12-01,,,,
4166,972,Visa,Debit,4831547258942108,11/2021,45,NO,1,2508,08/2005,2012,No,2005-08-01,,,,
5689,972,Visa,Credit,4030101439693866,12/2022,924,NO,2,2600,11/2013,2013,No,2013-11-01,,,,
2482,1010,Mastercard,Debit,5598838646522278,05/2022,590,YES,1,4851,04/2005,2020,No,2005-04-01,,,,
3047,1243,Mastercard,Credit,5688444191664896,06/2023,723,YES,1,7300,05/2010,2011,No,2010-05-01,,,,
3884,1243,Mastercard,Debit,5787876223130828,03/2024,137,YES,1,18540,07/2009,2009,No,2009-07-01,,,,
3928,1243,Mastercard,Debit,5145746225869385,02/2014,37,NO,2,4072,07/2010,2010,No,2010-07-01,,,,
1527,1243,Mastercard,Debit,5867870962214065,02/2020,278,YES,1,1744,02/2020,2020,No,2020-02-01,s_000317,2020-02-24 09:10:00,friend_or_family,/cards/rewards
3885,1243,Mastercard,Debit (Prepaid),5233021736945266,01/2014,561,YES,2,33,07/2009,2013,No,2009-07-01,,,,
2327,1976,Mastercard,Debit,5905144281673763,02/2020,324,YES,1,17767,03/2014,2014,No,2014-03-01,,,,
4847,1976,Mastercard,Debit (Prepaid),5376202172646612,11/2022,419,YES,1,57,09/2013,2013,No,2013-09-01,,,,
4338,1976,Visa,Debit,4078070579143813,05/2022,725,YES,1,23011,08/2010,2010,No,2010-08-01,,,,
1171,1976,Mastercard,Debit,5320540849135700,10/2023,66,YES,1,21160,02/2009,2009,No,2009-02-01,,,,
502,1976,Mastercard,Debit,5318581534984744,12/2021,914,NO,2,21291,01/2020,2020,No,2020-01-01,s_000318,2020-01-03 10:21:00,blog_or_review_site,/blog/credit-basics
2784,91,Visa,Credit,4905977959597106,10/2020,543,YES,1,19100,04/2018,2018,No,2018-04-01,s_000319,2018-04-04 16:10:00,blog_or_review_site,/apply
2790,1606,Mastercard,Debit,5285784915006143,03/2020,790,YES,2,7834,05/1996,2012,No,1996-05-01,,,,
2735,1201,Visa,Debit,4563146572171391,12/2020,510,YES,2,38317,04/2014,2014,No,2014-04-01,,,,
16,1201,Visa,Debit,4817273521248161,10/2023,706,YES,2,55693,01/2000,2006,No,2000-01-01,,,,
4793,1201,Visa,Debit,4423423702094848,11/2020,362,YES,1,40710,09/2010,2010,No,2010-09-01,,,,
2744,1201,Mastercard,Debit,5614281662886512,12/2024,906,YES,2,61355,04/2015,2015,No,2015-04-01,,,,
5790,1317,Mastercard,Debit,5504388217788243,09/2022,389,YES,1,9059,12/2003,2008,No,2003-12-01,,,,
3576,1317,Mastercard,Credit,5765192294312489,03/2024,244,YES,2,6300,06/2014,2014,No,2014-06-01,,,,
4909,1317,Mastercard,Debit,5049590350537184,12/2017,287,YES,1,12793,09/2017,2017,No,2017-09-01,s_000327,2017-09-08 11:10:00,other,/blog/credit-basics
1529,1317,Mastercard,Credit,5171047603573611,05/2020,472,YES,1,7800,02/2020,2020,No,2020-02-01,s_000328,2020-02-11 15:27:00,social_media,/compare
1280,1311,Visa,Credit,4304336989685853,10/2022,38,YES,1,14000,02/2011,2011,No,2011-02-01,,,,
2638,662,Mastercard,Debit,5178588521108553,04/2021,647,YES,2,28747,04/2010,2010,No,2010-04-01,,,,
3092,662,Mastercard,Debit (Prepaid),5419683819223054,07/2021,690,YES,2,110,05/2011,2011,No,2011-05-01,,,,
5107,847,Mastercard,Debit (Prepaid),5207548471157063,04/2022,310,YES,2,112,10/2008,2012,No,2008-10-01,,,,
3416,847,Discover,Credit,6133343341617022,12/2010,252,NO,2,9700,06/2009,2011,No,2009-06-01,,,,
5581,847,Visa,Credit,4013077897978419,10/2013,359,YES,1,8600,11/2009,2014,No,2009-11-01,,,,
987,847,Mastercard,Debit (Prepaid),5582481832840083,10/2004,949,YES,2,43,02/2001,2012,No,2001-02-01,,,,
5998,847,Mastercard,Debit,5160679758487908,04/2015,716,YES,2,19629,12/2010,2011,No,2010-12-01,,,,
4531,847,Mastercard,Credit,5350725222706426,04/2021,29,YES,2,3400,09/2003,2008,No,2003-09-01,,,,
2354,617,Mastercard,Debit,5124149352966224,07/2022,255,YES,2,26147,03/2016,2016,No,2016-03-01,s_000337,2016-03-03 16:17:00,search,/cards
1062,280,Visa,Credit,4914230230023485,11/2020,149,YES,2,12000,02/2005,2013,No,2005-02-01,,,,
5856,280,Mastercard,Debit,5503346026525353,07/2021,281,YES,2,14710,12/2006,2016,No,2006-12-01,,,,
2959,280,Mastercard,Credit,5625623929407723,02/2024,413,NO,2,5600,05/2008,2011,No,2008-05-01,,,,
123,280,Amex,Credit,340690023329145,05/2007,921,YES,1,13600,01/2007,2009,No,2007-01-01,,,,
2826,280,Mastercard,Debit,5836255998556368,01/2023,124,YES,2,14592,05/2002,2018,No,2002-05-01,,,,
4404,1473,Mastercard,Debit,5144019472845640,03/2024,991,YES,1,16791,08/2013,2013,No,2013-08-01,,,,
3839,1473,Mastercard,Debit,5401708824823369,09/2024,387,YES,1,15909,07/2008,2008,No,2008-07-01,,,,
1535,1473,Mastercard,Debit,5090437031916520,06/2022,678,NO,2,13466,02/2020,2020,No,2020-02-01,s_000341,2020-02-16 11:55:00,search,/apply
5108,65,Mastercard,Debit,5427512329623870,11/2020,476,YES,2,5066,10/2008,2016,No,2008-10-01,,,,
4585,65,Visa,Debit,4270727314191306,09/2024,431,YES,2,13452,09/2005,2012,No,2005-09-01,,,,
788,1353,Visa,Debit,4609363841131495,01/2020,250,YES,1,17652,01/2020,2020,No,2020-01-01,s_000342,2020-01-01 20:19:00,other,/cards
3156,1353,Visa,Debit,4092359255548687,07/2018,548,YES,1,22566,05/2014,2014,No,2014-05-01,,,,
1536,1353,Mastercard,Debit (Prepaid),5739755420014539,01/2023,543,YES,2,101,02/2020,2020,No,2020-02-01,s_000343,2020-02-28 20:53:00,blog_or_review_site,/
4200,1353,Mastercard,Debit,5884169220100958,02/2009,380,YES,1,17860,08/2007,2010,No,2007-08-01,,,,
1812,1353,Visa,Debit,4739129887814779,12/2024,840,YES,1,13635,02/2020,2020,No,2020-02-01,s_000344,2020-02-17 20:38:00,other,/
3725,1353,Amex,Credit,340363396133555,10/2024,357,YES,1,12800,07/2005,2014,No,2005-07-01,,,,
966,1353,Mastercard,Debit,5134663281531806,04/2022,682,YES,1,12076,02/1999,2012,No,1999-02-01,,,,
4482,1670,Visa,Debit,4011659941572561,01/2023,523,YES,1,24501,08/2019,2019,No,2019-08-01,s_000348,2019-08-15 10:49:00,search,/
3304,1670,Visa,Credit,4281818687372228,11/2020,956,YES,1,15100,06/2005,2011,No,2005-06-01,,,,
5809,1670,Mastercard,Debit,5537300534138484,07/2023,933,YES,2,14709,12/2004,2013,No,2004-12-01,,,,
5603,1670,Mastercard,Debit,5770348525427389,08/2020,914,NO,1,45782,11/2010,2015,No,2010-11-01,,,,
511,1776,Mastercard,Debit,5089550241614493,02/2020,625,YES,2,18292,01/2020,2020,No,2020-01-01,s_000349,2020-01-16 15:22:00,search,/apply
4938,1776,Amex,Credit,357731604070533,05/2020,270,YES,1,13400,10/1999,2012,No,1999-10-01,,,,
3596,1776,Visa,Credit,4760959420776144,05/2021,81,YES,2,11100,06/2015,2015,No,2015-06-01,,,,
2032,951,Mastercard,Debit (Prepaid),5978230791001469,08/2017,310,YES,1,80,03/2002,2008,No,2002-03-01,,,,
2942,951,Visa,Credit,4609960492769091,03/2023,512,YES,2,5400,05/2007,2013,No,2007-05-01,,,,
2628,951,Amex,Credit,371780853319378,06/2021,461,YES,2,11000,04/2010,2010,No,2010-04-01,,,,
3330,951,Visa,Debit,4717280495507382,03/2012,268,YES,1,8374,06/2006,2010,No,2006-06-01,,,,
3418,1818,Mastercard,Debit,5630819721997639,03/2021,160,YES,2,23691,06/2009,2015,No,2009-06-01,,,,
2259,1818,Visa,Debit,4536093921633369,12/2023,783,YES,2,15817,03/2010,2013,No,2010-03-01,,,,
4711,1818,Mastercard,Debit,5403878573257240,06/2024,553,YES,2,36912,09/2009,2015,No,2009-09-01,,,,
367,1789,Mastercard,Debit,5969880085380237,03/2024,832,YES,1,12564,01/2018,2018,No,2018-01-01,s_000353,2018-01-18 22:35:00,search,/cards
5130,1789,Visa,Debit,4719376429761062,05/2021,716,YES,1,15981,10/2008,2008,No,2008-10-01,,,,
5911,767,Visa,Debit,4465904146461429,12/2007,172,YES,2,12758,12/2007,2011,No,2007-12-01,,,,
513,767,Mastercard,Debit (Prepaid),5998020597750681,01/2020,259,YES,2,24,01/2020,2020,No,2020-01-01,s_000354,2020-01-25 11:27:00,search,/
2111,767,Mastercard,Debit,5753826788441344,10/2017,195,YES,2,13209,03/2006,2012,No,2006-03-01,,,,
514,678,Mastercard,Debit,5845664736410406,09/2024,157,YES,1,11254,01/2020,2020,No,2020-01-01,s_000355,2020-01-28 10:06:00,search,/blog/credit-basics
3577,678,Mastercard,Debit,5815197990139669,05/2024,528,YES,2,16703,06/2014,2014,No,2014-06-01,,,,
3040,678,Discover,Credit,6863075164690679,11/2020,357,YES,2,7300,05/2010,2010,No,2010-05-01,,,,
1300,678,Mastercard,Credit,5190363040476849,08/2022,377,YES,2,8600,02/2012,2012,No,2012-02-01,,,,
960,471,Visa,Debit,4435091514671785,10/2013,429,YES,1,17173,02/1997,2014,No,1997-02-01,,,,
4415,471,Visa,Credit,4610283928454577,03/2020,340,YES,2,22000,08/2013,2013,No,2013-08-01,,,,
5402,471,Mastercard,Debit,5402165032954536,11/2009,383,YES,1,29739,11/2004,2008,No,2004-11-01,,,,
3048,757,Mastercard,Debit,5604853881293164,02/2020,942,YES,2,12905,05/2010,2010,No,2010-05-01,,,,
4175,757,Mastercard,Debit,5304174233835471,10/2022,603,YES,2,447,08/2006,2015,No,2006-08-01,,,,
5458,757,Mastercard,Debit,5018201035940907,02/2014,623,YES,1,22100,11/2006,2009,No,2006-11-01,,,,
3947,757,Visa,Debit,4364504555846512,03/2024,787,YES,2,7616,07/2010,2010,No,2010-07-01,,,,
1313,1603,Mastercard,Debit,5495606147026040,06/2024,810,YES,2,14223,02/2013,2013,No,2013-02-01,,,,
2138,1603,Discover,Credit,6439934247827371,03/2012,549,NO,1,11200,03/2007,2007,No,2007-03-01,,,,
2381,1603,Mastercard,Credit,5903180777410762,02/2020,618,YES,1,14000,03/2019,2019,No,2019-03-01,s_000359,2019-03-19 11:52:00,social_media,/cards
5981,1603,Visa,Debit (Prepaid),4982837709455785,09/2022,119,YES,2,79,12/2009,2009,No,2009-12-01,,,,
1538,808,Mastercard,Debit,5366108681709753,06/2022,691,YES,1,12626,02/2020,2020,No,2020-02-01,s_000361,2020-02-28 13:31:00,search,/apply
3969,808,Mastercard,Debit,5559631785400356,07/2024,138,YES,2,17042,07/2011,2011,No,2011-07-01,,,,
3516,808,Mastercard,Debit,5868987765320423,01/2024,849,YES,2,11930,06/2011,2011,No,2011-06-01,,,,
5427,1326,Mastercard,Debit,5921343520642553,12/2013,630,YES,2,10442,11/2005,2005,No,2005-11-01,,,,
5561,1326,Mastercard,Debit,5576058870888177,08/2023,200,YES,2,23296,11/2009,2014,No,2009-11-01,,,,
5212,158,Visa,Debit,4436697575956445,06/2015,894,YES,1,19555,10/2010,2010,No,2010-10-01,,,,
516,158,Mastercard,Debit,5217920627763477,02/2020,902,YES,1,22310,01/2020,2020,No,2020-01-01,s_000362,2020-01-09 08:41:00,social_media,/cards/rewards
5722,1928,Mastercard,Credit,5503548049749435,02/2021,850,NO,1,14800,11/2016,2016,No,2016-11-01,s_000363,2016-11-20 11:18:00,friend_or_family,/
2434,1928,Visa,Credit,4669390579436584,03/2020,661,YES,2,11300,04/2002,2011,No,2002-04-01,,,,
2442,1928,Mastercard,Debit (Prepaid),5241112690809802,09/2022,740,YES,1,31,04/2003,2010,No,2003-04-01,,,,
4493,1928,Mastercard,Debit,5622935637285354,05/2024,799,YES,1,24090,09/1998,2009,No,1998-09-01,,,,
2112,1575,Mastercard,Debit,5700169734076825,05/2011,638,YES,1,18138,03/2006,2008,No,2006-03-01,,,,
3635,1575,Visa,Debit (Prepaid),4323953877431034,05/2023,830,YES,3,74,06/2018,2018,No,2018-06-01,s_000364,2018-06-24 22:43:00,friend_or_family,/blog/credit-basics
224,1575,Mastercard,Debit,5107151477861238,06/2021,365,YES,1,23016,01/2010,2010,No,2010-01-01,,,,
5582,1575,Visa,Debit,4753063175082230,02/2020,352,YES,2,35791,11/2009,2009,No,2009-11-01,,,,
5843,1455,Visa,Credit,4096689962299789,08/2022,25,YES,1,8000,12/2005,2011,No,2005-12-01,,,,
1386,1455,Amex,Credit,349159635383087,01/2023,386,YES,2,2200,02/2019,2019,No,2019-02-01,s_000366,2019-02-21 22:52:00,search,/compare
789,1455,Visa,Credit,4538277638033307,10/2024,387,YES,1,6800,01/2020,2020,No,2020-01-01,s_000367,2020-01-10 13:03:00,social_media,/
2960,1455,Mastercard,Debit,5738438340474113,03/2020,798,YES,1,427,05/2008,2010,No,2008-05-01,,,,
997,1916,Mastercard,Debit,5361639254366090,02/2002,26,YES,1,22112,02/2002,2010,No,2002-02-01,,,,
4863,1916,Visa,Debit,4815373260593647,04/2018,733,YES,2,10211,09/2013,2013,No,2013-09-01,,,,
5077,1916,Mastercard,Debit,5363716613146250,12/2008,937,YES,1,11940,10/2007,2011,No,2007-10-01,,,,
2395,1916,Visa,Credit,4234252140022115,09/2021,115,YES,1,7400,04/1994,2010,No,1994-04-01,,,,
3305,1916,Visa,Debit (Prepaid),4541177168542351,02/2021,768,NO,1,64,06/2005,2014,No,2005-06-01,,,,
2856,1916,Mastercard,Debit,5079032910713562,12/2022,402,YES,2,7343,05/2004,2013,No,2004-05-01,,,,
3258,1916,Visa,Credit,4494411189246879,01/2023,670,YES,1,5500,06/2003,2010,No,2003-06-01,,,,
157,1617,Mastercard,Debit,5907512722234563,01/2014,855,YES,2,3843,01/2008,2009,No,2008-01-01,,,,
5003,1176,Mastercard,Debit,5274657041301974,04/2020,436,YES,2,47833,10/2004,2010,No,2004-10-01,,,,
2712,1176,Amex,Credit,337116884587546,09/2018,164,NO,2,13400,04/2013,2013,No,2013-04-01,,,,
2629,1176,Amex,Credit,339154209082656,09/2010,909,YES,1,21700,04/2010,2010,No,2010-04-01,,,,
5270,1194,Mastercard,Debit,5489847637452263,05/2022,32,YES,2,19122,10/2013,2013,No,2013-10-01,,,,
3644,1194,Visa,Debit,4312743637718042,11/2019,556,YES,2,17245,06/2019,2019,No,2019-06-01,s_000371,2019-06-25 13:37:00,social_media,/apply
5999,1194,Mastercard,Debit,5312379293764300,06/2022,244,NO,2,17564,12/2010,2010,No,2010-12-01,,,,
4614,1194,Visa,Credit,4678372291668326,07/2020,966,YES,1,14100,09/2006,2011,No,2006-09-01,,,,
2724,580,Mastercard,Debit,5498308482575223,03/2021,952,YES,1,14471,04/2014,2014,No,2014-04-01,,,,
5109,580,Mastercard,Debit,5252283992419484,04/2024,136,YES,1,11399,10/2008,2010,No,2008-10-01,,,,
2961,580,Mastercard,Credit,5795691987889821,04/2011,416,YES,3,12400,05/2008,2008,No,2008-05-01,,,,
303,4,Visa,Debit,4980412921853275,04/2021,28,YES,2,27520,01/2012,2012,No,2012-01-01,,,,
5391,4,Visa,Debit,4537266913886102,04/2022,787,YES,1,38648,11/2003,2005,No,2003-11-01,,,,
1083,4,Mastercard,Debit,5817981997085182,08/2008,755,YES,2,41051,02/2006,2006,No,2006-02-01,,,,
3413,4,Amex,Credit,353090863754405,03/2014,451,YES,1,19300,06/2009,2018,No,2009-06-01,,,,
4201,4,Mastercard,Debit,5693655667464241,12/2023,500,YES,2,9683,08/2007,2016,No,2007-08-01,,,,
3344,530,Mastercard,Debit,5919043204819594,02/2020,711,NO,2,15061,06/2007,2007,No,2007-06-01,,,,
5110,530,Mastercard,Debit,5159330722218973,02/2022,857,YES,2,16652,10/2008,2010,No,2008-10-01,,,,
4848,530,Mastercard,Debit,5609056029992567,02/2020,7,YES,1,10970,09/2013,2013,No,2013-09-01,,,,
4926,530,Visa,Debit,4461414789391516,03/2021,277,YES,2,15458,09/2019,2019,No,2019-09-01,s_000374,2019-09-17 15:20:00,search,/cards
3145,530,Mastercard,Debit,5955587375467605,07/2020,522,YES,2,11475,05/2014,2014,No,2014-05-01,,,,
4021,530,Mastercard,Debit,5224140626818585,01/2017,329,YES,1,12031,07/2014,2014,No,2014-07-01,,,,
5779,1826,Mastercard,Debit (Prepaid),5691905533359944,10/2024,982,YES,1,49,12/2002,2009,No,2002-12-01,,,,
4666,595,Mastercard,Debit,5406659343798231,12/2022,868,YES,2,14408,09/2008,2008,No,2008-09-01,,,,
3049,595,Mastercard,Debit,5268706720915465,07/2020,202,YES,1,18035,05/2010,2010,No,2010-05-01,,,,
4667,595,Mastercard,Debit,5007147574833881,04/2022,560,YES,2,16786,09/2008,2008,No,2008-09-01,,,,
2128,595,Visa,Debit,4345682874994564,02/2020,331,YES,1,12009,03/2006,2009,No,2006-03-01,,,,
4423,1022,Discover,Credit,6315959001873783,04/2021,118,YES,1,6800,08/2014,2014,No,2014-08-01,,,,
2504,1022,Mastercard,Credit,5887964726362356,07/2021,671,YES,1,10300,04/2006,2009,No,2006-04-01,,,,
5148,1022,Mastercard,Debit,5944670401278171,03/2021,806,YES,2,16274,10/2009,2009,No,2009-10-01,,,,
2525,246,Discover,Credit,6396980306370671,10/2015,37,YES,1,25300,04/2007,2012,No,2007-04-01,,,,
1158,246,Visa,Debit,4957823817777302,03/2022,413,YES,1,40350,02/2008,2014,No,2008-02-01,,,,
3400,246,Visa,Credit,4021539917884489,08/2018,497,YES,1,22500,06/2008,2010,No,2008-06-01,,,,
6075,246,Visa,Debit,4361392563969799,10/2023,417,YES,1,26110,12/2012,2012,No,2012-12-01,,,,
5626,1945,Visa,Credit,4335011442006835,07/2022,412,YES,1,9700,11/2010,2012,No,2010-11-01,,,,
3381,1945,Mastercard,Debit,5131116413550841,03/2024,615,YES,1,11712,06/2008,2019,No,2008-06-01,,,,
4018,1945,Amex,Credit,394151199374199,02/2020,175,YES,2,5900,07/2014,2014,No,2014-07-01,,,,
3614,1945,Visa,Debit,4684821008065663,04/2021,164,YES,1,10318,06/2016,2016,No,2016-06-01,s_000381,2016-06-11 14:45:00,social_media,/blog/credit-basics
3763,1540,Mastercard,Debit,5883802092372517,12/2014,346,YES,1,3836,07/2006,2009,No,2006-07-01,,,,
3496,1540,Visa,Credit,4495172888223801,12/2023,269,YES,2,13200,06/2010,2011,No,2010-06-01,,,,
5562,1540,Mastercard,Debit (Prepaid),5037187439217055,08/2021,955,NO,2,56,11/2009,2011,No,2009-11-01,,,,
3077,409,Visa,Debit,4702266560105457,09/2022,749,YES,1,14999,05/2010,2010,No,2010-05-01,,,,
4007,409,Mastercard,Debit,5215769270589143,01/2024,897,YES,2,9281,07/2013,2013,No,2013-07-01,,,,
5690,409,Visa,Debit,4514228052643760,03/2024,763,NO,1,15512,11/2013,2013,No,2013-11-01,,,,
1817,694,Visa,Debit (Prepaid),4316296167662583,04/2023,621,YES,2,67,02/2020,2020,No,2020-02-01,s_000384,2020-02-25 19:26:00,search,/apply
5583,694,Visa,Debit,4878301968196169,09/2022,33,YES,1,10564,11/2009,2010,No,2009-11-01,,,,
2371,382,Mastercard,Debit,5687094950907399,08/2019,289,YES,1,13206,03/2018,2018,No,2018-03-01,s_000385,2018-03-12 16:47:00,friend_or_family,/apply
5415,382,Visa,Debit,4877797934126603,08/2024,237,YES,1,11809,11/2004,2010,No,2004-11-01,,,,
2103,382,Discover,Credit,6773009361532105,06/2024,38,YES,1,8800,03/2006,2008,No,2006-03-01,,,,
5324,629,Visa,Debit,4194422558945686,05/2018,208,NO,1,29793,10/2017,2017,No,2017-10-01,s_000386,2017-10-22 12:01:00,search,/cards
5523,629,Mastercard,Debit (Prepaid),5433671830348176,03/2022,732,YES,1,80,11/2008,2008,No,2008-11-01,,,,
2560,629,Mastercard,Debit,5164347231652886,04/2024,14,YES,2,24739,04/2008,2011,No,2008-04-01,,,,
4712,629,Mastercard,Debit,5774618783513739,01/2020,902,YES,2,32447,09/2009,2009,No,2009-09-01,,,,
124,629,Amex,Credit,335499499050062,11/2020,520,NO,2,20900,01/2007,2007,No,2007-01-01,,,,
5392,1211,Visa,Debit,4208678188310578,05/2024,462,YES,1,23912,11/2003,2009,No,2003-11-01,,,,
2400,1211,Amex,Credit,344420840489865,11/2024,330,YES,2,8200,04/1998,2010,No,1998-04-01,,,,
3721,1211,Visa,Debit,4904264423390551,02/2008,240,YES,2,119,07/2004,2012,No,2004-07-01,,,,
5563,1211,Mastercard,Debit,5291048760665798,04/2017,940,YES,1,19137,11/2009,2012,No,2009-11-01,,,,
5524,823,Mastercard,Debit,5594052672345392,10/2021,748,YES,1,13609,11/2008,2010,No,2008-11-01,,,,
2868,823,Visa,Credit,4009130422427807,02/2021,247,YES,2,8600,05/2004,2012,No,2004-05-01,,,,
2639,89,Mastercard,Debit,5250142801861718,02/2023,485,YES,2,9401,04/2010,2011,No,2010-04-01,,,,
5584,89,Visa,Debit,4411314646067924,06/2023,47,YES,2,17146,11/2009,2009,No,2009-11-01,,,,
2998,89,Mastercard,Debit,5384107443816532,06/2021,90,YES,2,10863,05/2009,2011,No,2009-05-01,,,,
2640,89,Mastercard,Debit,5291753153918147,07/2018,855,YES,1,9742,04/2010,2010,No,2010-04-01,,,,
5377,888,Mastercard,Debit,5551460726922763,07/2021,115,YES,2,10305,11/2002,2010,No,2002-11-01,,,,
4668,81,Mastercard,Credit,5419443574655374,10/2023,520,YES,2,13300,09/2008,2008,No,2008-09-01,,,,
2897,81,Mastercard,Debit (Prepaid),5391276903408071,10/2012,935,YES,2,48,05/2006,2014,No,2006-05-01,,,,
96,81,Mastercard,Credit,5810850276328483,01/2020,877,NO,2,0,01/2006,2012,No,2006-01-01,,,,
4525,81,Visa,Credit,4328702811759379,02/2022,564,NO,1,10600,09/2002,2013,No,2002-09-01,,,,
2962,81,Mastercard,Debit,5054918583369098,03/2021,18,YES,2,1778,05/2008,2011,No,2008-05-01,,,,
3112,826,Amex,Credit,304617902043505,03/2017,382,YES,1,19400,05/2012,2012,No,2012-05-01,,,,
311,826,Mastercard,Debit,5496405569223399,11/2014,30,YES,1,23403,01/2013,2013,No,2013-01-01,,,,
69,826,Mastercard,Credit,5019514365242810,05/2024,508,YES,1,13900,01/2005,2012,No,2005-01-01,,,,
4966,87,Mastercard,Debit (Prepaid),5251447871603744,03/2008,292,YES,1,95,10/2002,2011,No,2002-10-01,,,,
3607,87,Mastercard,Debit,5210434230147620,06/2022,262,YES,2,20417,06/2016,2016,No,2016-06-01,s_000394,2016-06-13 12:08:00,blog_or_review_site,/apply
109,87,Visa,Credit,4372177587368958,05/2022,450,YES,1,6300,01/2006,2011,No,2006-01-01,,,,
6118,1833,Mastercard,Debit,5198052110187452,01/2020,912,YES,1,16064,12/2016,2016,No,2016-12-01,s_000395,2016-12-23 21:18:00,social_media,/blog/credit-basics
1545,1833,Mastercard,Debit (Prepaid),5390138872145738,03/2020,267,YES,1,98,02/2020,2020,No,2020-02-01,s_000396,2020-02-06 16:53:00,friend_or_family,/cards/rewards
2345,1833,Visa,Debit,4078898258495002,07/2015,929,YES,2,16386,03/2015,2015,No,2015-03-01,,,,
1818,1833,Visa,Credit,4301058381185328,03/2023,147,YES,1,10100,02/2020,2020,No,2020-02-01,s_000397,2020-02-14 20:07:00,other,/apply
794,1833,Visa,Debit,4256933161358353,10/2020,83,YES,2,3472,01/2020,2020,No,2020-01-01,s_000398,2020-01-16 08:50:00,friend_or_family,/
395,829,Amex,Credit,336470004427582,04/2022,487,YES,1,7700,01/2020,2020,No,2020-01-01,s_000399,2020-01-23 16:35:00,social_media,/cards
523,829,Mastercard,Debit,5898279833645788,10/2023,139,YES,3,11018,01/2020,2020,No,2020-01-01,s_000400,2020-01-03 09:07:00,friend_or_family,/blog/credit-basics
3636,829,Visa,Credit,4066440794075203,04/2024,921,YES,2,8200,06/2018,2018,No,2018-06-01,s_000401,2018-06-13 19:33:00,search,/compare
3840,1879,Mastercard,Debit,5201386771432172,09/2018,392,YES,1,4976,07/2008,2008,No,2008-07-01,,,,
5399,1879,Amex,Credit,320871039524025,07/2018,845,YES,1,4100,11/2004,2009,No,2004-11-01,,,,
4560,236,Visa,Debit,4003314505746426,07/2021,531,YES,2,6076,09/2004,2011,No,2004-09-01,,,,
1546,1619,Mastercard,Credit,5218007897890577,12/2021,185,YES,3,8000,02/2020,2020,No,2020-02-01,s_000402,2020-02-07 20:44:00,friend_or_family,/cards
1443,1619,Discover,Credit,6997197066610978,08/2023,619,YES,2,14600,02/2020,2020,No,2020-02-01,s_000403,2020-02-08 20:18:00,search,/blog/credit-basics
5111,1619,Mastercard,Credit,5105294422027242,03/2024,831,YES,1,8300,10/2008,2010,No,2008-10-01,,,,
3015,1619,Visa,Debit,4063054242876751,08/2024,647,YES,2,19054,05/2009,2017,No,2009-05-01,,,,
1172,803,Mastercard,Debit (Prepaid),5390318153988797,02/2020,243,YES,2,67,02/2009,2014,No,2009-02-01,,,,
3222,803,Discover,Credit,6713344750325700,10/2005,728,YES,2,15300,06/2001,2011,No,2001-06-01,,,,
4882,803,Mastercard,Debit,5918188974230799,01/2021,670,YES,1,20552,09/2015,2015,No,2015-09-01,,,,
297,1686,Mastercard,Debit,5422337679062478,02/2024,976,YES,1,48003,01/2012,2012,No,2012-01-01,,,,
2617,1686,Visa,Credit,4623874187817166,07/2024,385,YES,1,16300,04/2009,2013,No,2009-04-01,,,,
2999,1686,Mastercard,Credit,5430681770747921,04/2024,594,YES,2,10800,05/2009,2010,No,2009-05-01,,,,
89,1959,Amex,Credit,398744318776089,02/2021,992,YES,2,11100,01/2006,2009,No,2006-01-01,,,,
1281,1342,Visa,Debit (Prepaid),4971872629769691,06/2022,724,YES,3,64,02/2011,2011,No,2011-02-01,,,,
2070,1371,Visa,Credit,4007064696917946,11/2022,478,YES,1,17300,03/2004,2007,No,2004-03-01,,,,
2328,1371,Mastercard,Credit,5282316108928795,04/2023,378,YES,1,13900,03/2014,2014,No,2014-03-01,,,,
3117,1371,Mastercard,Debit,5739342319047051,02/2020,749,YES,2,23807,05/2012,2012,No,2012-05-01,,,,
4059,1371,Visa,Debit (Prepaid),4025636893394293,06/2021,112,NO,2,140,07/2017,2017,No,2017-07-01,s_000408,2017-07-25 22:56:00,search,/blog/credit-basics
4446,1371,Mastercard,Debit,5969443034028028,12/2024,783,YES,2,26329,08/2015,2015,No,2015-08-01,,,,
3929,1371,Mastercard,Debit,5572820991241224,09/2023,178,NO,1,25224,07/2010,2011,No,2010-07-01,,,,
4387,1067,Discover,Credit,6276276211895289,12/2020,681,YES,2,8500,08/2012,2012,No,2012-08-01,,,,
1063,1067,Visa,Credit,4690211102957031,06/2023,820,NO,1,11200,02/2005,2009,No,2005-02-01,,,,
3382,1067,Mastercard,Debit,5309046764363183,01/2013,336,YES,2,14576,06/2008,2011,No,2008-06-01,,,,
3016,1067,Visa,Credit,4668940576231188,04/2021,310,YES,1,9000,05/2009,2009,No,2009-05-01,,,,
1819,1067,Visa,Debit,4937598275581336,06/2020,557,YES,1,21409,02/2020,2020,No,2020-02-01,s_000409,2020-02-13 15:28:00,podcast_or_youtube,/
2602,1019,Mastercard,Debit,5722539468448178,03/2014,567,YES,2,7406,04/2009,2014,No,2009-04-01,,,,
5170,1019,Visa,Credit,4318814007161209,03/2016,388,YES,2,3300,10/2009,2010,No,2009-10-01,,,,
5112,1019,Mastercard,Credit,5436428996800938,11/2023,845,YES,1,7300,10/2008,2010,No,2008-10-01,,,,
4794,1019,Visa,Debit,4811603557913131,10/2024,994,YES,1,4386,09/2010,2016,No,2010-09-01,,,,
6025,1568,Visa,Credit,4165611178865695,07/2023,388,YES,1,13000,12/2010,2012,No,2010-12-01,,,,
977,1568,Mastercard,Debit,5318873508559141,04/2020,125,YES,2,14418,02/2000,2005,No,2000-02-01,,,,
3000,1568,Mastercard,Debit,5390794078159439,07/2022,644,YES,2,9120,05/2009,2013,No,2009-05-01,,,,
2913,1765,Visa,Debit,4240386642532591,02/2013,460,YES,1,11588,05/2006,2008,No,2006-05-01,,,,
4808,1765,Mastercard,Credit,5529087189553039,10/2023,242,NO,1,7500,09/2011,2011,No,2011-09-01,,,,
4376,1765,Visa,Debit,4874991494846383,09/2011,140,YES,2,18042,08/2011,2011,No,2011-08-01,,,,
5731,1875,Mastercard,Debit,5208237598527230,08/2018,261,YES,2,13694,11/2017,2017,No,2017-11-01,s_000410,2017-11-06 13:31:00,blog_or_review_site,/apply
4100,1875,Mastercard,Debit,5198979610127128,04/2021,198,YES,2,15849,08/2001,2009,No,2001-08-01,,,,
4167,1875,Visa,Debit,4557993037807765,06/2024,133,YES,1,16566,08/2005,2009,No,2005-08-01,,,,
5955,1875,Discover,Credit,6626432321225878,04/2012,326,YES,1,10400,12/2009,2009,No,2009-12-01,,,,
1041,189,Visa,Credit,4754358973470963,09/2020,373,YES,2,11700,02/2004,2008,No,2004-02-01,,,,
1370,189,Mastercard,Debit,5027764290591247,01/2019,566,YES,1,17678,02/2017,2017,No,2017-02-01,s_000417,2017-02-19 11:35:00,social_media,/
4887,189,Visa,Debit (Prepaid),4326629340318761,04/2020,522,YES,1,81,09/2015,2015,No,2015-09-01,,,,
4055,189,Mastercard,Debit,5305887216431015,01/2023,421,YES,2,26231,07/2017,2017,No,2017-07-01,s_000418,2017-07-18 13:49:00,app_store,/apply
2367,466,Visa,Credit,4856130775211817,11/2021,465,YES,1,7700,03/2017,2017,No,2017-03-01,s_000419,2017-03-25 19:35:00,search,/compare
5467,466,Visa,Credit,4665143171978631,08/2022,867,YES,1,6800,11/2006,2009,No,2006-11-01,,,,
2247,466,Mastercard,Debit,5937799398015248,03/2023,923,YES,2,736,03/2010,2015,No,2010-03-01,,,,
5263,659,Visa,Debit (Prepaid),4060923248609933,08/2018,596,YES,1,96,10/2012,2012,No,2012-10-01,,,,
5304,659,Mastercard,Debit,5310596598623892,04/2017,141,NO,1,14977,10/2015,2015,No,2015-10-01,,,,
1821,659,Visa,Debit,4341345706839092,04/2023,273,YES,1,13162,02/2020,2020,No,2020-02-01,s_000420,2020-02-09 18:38:00,search,/cards/rewards
4864,659,Visa,Debit,4623542302475012,11/2019,482,YES,2,17649,09/2013,2013,No,2013-09-01,,,,
5658,659,Visa,Debit,4494703150961667,02/2021,363,YES,1,10538,11/2011,2011,No,2011-11-01,,,,
5486,659,Mastercard,Credit,5605519998768278,02/2022,522,YES,2,10500,11/2007,2011,No,2007-11-01,,,,
128,659,Mastercard,Debit (Prepaid),5315223005212889,11/2020,984,YES,2,74,01/2007,2010,No,2007-01-01,,,,
4973,942,Visa,Debit,4374159186975002,02/2018,407,YES,1,39441,10/2002,2008,No,2002-10-01,,,,
3174,942,Mastercard,Debit,5253617024037347,11/2022,224,YES,2,27720,05/2016,2016,No,2016-05-01,s_000421,2016-05-12 08:36:00,search,/apply
2670,942,Amex,Credit,376110023635089,05/2023,593,YES,1,20800,04/2011,2013,No,2011-04-01,,,,
2772,942,Visa,Credit,4309882951597541,10/2022,139,YES,2,5300,04/2017,2017,No,2017-04-01,s_000422,2017-04-15 18:45:00,search,/cards
22,1234,Visa,Debit (Prepaid),4634294164066043,01/2023,50,NO,1,65,01/2001,2007,No,2001-01-01,,,,
1553,1056,Mastercard,Debit,5227469913438853,02/2024,788,YES,1,41816,02/2020,2020,No,2020-02-01,s_000427,2020-02-24 14:46:00,search,/apply
798,1056,Visa,Debit,4669977836863167,03/2020,452,YES,1,16202,01/2020,2020,No,2020-01-01,s_000428,2020-01-04 10:20:00,blog_or_review_site,/apply
3586,1056,Visa,Debit,4339544686242558,10/2020,141,YES,2,39457,06/2014,2014,No,2014-06-01,,,,
3441,345,Visa,Credit,4346937080498804,09/2024,769,YES,3,7900,06/2009,2009,No,2009-06-01,,,,
1084,308,Mastercard,Credit,5603668323038217,01/2023,118,YES,2,7400,02/2006,2008,No,2006-02-01,,,,
3628,308,Mastercard,Debit (Prepaid),5677571318458572,08/2023,426,YES,2,107,06/2018,2018,No,2018-06-01,s_000429,2018-06-27 17:48:00,friend_or_family,/blog/credit-basics
2421,1922,Visa,Debit (Prepaid),4910699106963260,03/2021,36,YES,1,24,04/2001,2009,No,2001-04-01,,,,
3280,1156,Visa,Debit,4129256843458775,08/2022,936,YES,2,88743,06/2004,2010,No,2004-06-01,,,,
12,1156,Visa,Credit,4008696033204121,02/2023,124,NO,1,57200,01/1999,2011,No,1999-01-01,,,,
3143,1156,Discover,Credit,6822627615926082,08/2022,344,NO,1,2500,05/2014,2014,No,2014-05-01,,,,
4128,1156,Mastercard,Debit,5843025504634580,12/2009,568,YES,1,151223,08/2004,2009,No,2004-08-01,,,,
175,1156,Visa,Credit,4860334220798378,02/2020,146,YES,1,61100,01/2008,2010,No,2008-01-01,,,,
3764,561,Mastercard,Debit,5250625336912959,04/2022,326,YES,1,26960,07/2006,2010,No,2006-07-01,,,,
6053,561,Visa,Debit,4295691183724130,12/2022,78,YES,1,16531,12/2011,2011,No,2011-12-01,,,,
2716,561,Mastercard,Debit (Prepaid),5918296616309874,05/2024,983,YES,1,69,04/2013,2013,No,2013-04-01,,,,
6119,561,Mastercard,Debit,5051979533646210,08/2021,72,YES,1,14054,12/2016,2016,No,2016-12-01,s_000430,2016-12-16 16:15:00,search,/cards
4575,561,Mastercard,Credit,5175842699412235,12/2024,438,YES,1,9100,09/2005,2015,No,2005-09-01,,,,
5316,1522,Visa,Credit,4260588104283621,06/2024,646,YES,2,23000,10/2016,2016,No,2016-10-01,s_000432,2016-10-03 22:21:00,friend_or_family,/cards/rewards
5213,1522,Visa,Credit,4328913170467623,09/2024,875,YES,2,21900,10/2010,2013,No,2010-10-01,,,,
368,1522,Mastercard,Credit,5856087823647751,02/2020,101,YES,2,11200,01/2018,2018,No,2018-01-01,s_000433,2018-01-17 13:59:00,blog_or_review_site,/cards
5545,695,Visa,Debit,4918920924597941,12/2020,463,YES,1,22676,11/2008,2012,No,2008-11-01,,,,
3442,285,Visa,Debit (Prepaid),4099931530727553,02/2022,393,YES,1,65,06/2009,2009,No,2009-06-01,,,,
4196,285,Discover,Credit,6749467984713176,08/2010,619,YES,2,12000,08/2007,2012,No,2007-08-01,,,,
2156,285,Visa,Debit,4141516913053061,05/2020,962,YES,1,20723,03/2007,2013,No,2007-03-01,,,,
2927,285,Mastercard,Credit,5158289509346685,01/2023,32,YES,2,11500,05/2007,2007,No,2007-05-01,,,,
5747,285,Discover,Credit,6676808854553552,04/2021,65,YES,2,7300,12/1991,2009,No,1991-12-01,,,,
5041,113,Amex,Credit,300105541992311,07/2010,939,NO,1,14400,10/2006,2010,No,2006-10-01,,,,
3608,113,Mastercard,Credit,5263770459718869,10/2021,775,YES,2,14200,06/2016,2016,No,2016-06-01,s_000434,2016-06-02 09:16:00,podcast_or_youtube,/apply
3705,113,Visa,Debit,4642596554799017,06/2020,494,YES,1,18818,07/2003,2008,No,2003-07-01,,,,
4586,113,Visa,Debit,4197307053098795,02/2022,125,YES,1,20509,09/2005,2007,No,2005-09-01,,,,
4526,113,Visa,Debit,4171435281156177,01/2023,914,YES,1,17510,09/2002,2008,No,2002-09-01,,,,
4937,1039,Visa,Debit,4510409231872101,06/2024,704,YES,1,3335,10/1998,2012,No,1998-10-01,,,,
5791,1039,Mastercard,Debit,5804171060704037,02/2020,104,YES,2,4598,12/2003,2017,No,2003-12-01,,,,
304,1039,Visa,Credit,4015655705133748,01/2020,144,YES,2,4900,01/2012,2012,No,2012-01-01,,,,
5004,1039,Mastercard,Debit,5955617938111739,08/2013,483,YES,2,18498,10/2004,2010,No,2004-10-01,,,,
2943,176,Visa,Debit,4801908937828143,02/2024,380,YES,2,7312,05/2007,2008,No,2007-05-01,,,,
2603,176,Mastercard,Debit,5064601983715345,06/2024,589,YES,2,34799,04/2009,2014,No,2009-04-01,,,,
972,176,Visa,Debit,4826493105617247,04/2021,588,YES,2,19882,02/1999,2010,No,1999-02-01,,,,
6026,176,Visa,Debit (Prepaid),4787366069867365,12/2019,787,YES,2,57,12/2010,2017,No,2010-12-01,,,,
2049,1104,Visa,Debit,4860568003530350,06/2005,137,YES,1,14383,03/2003,2011,No,2003-03-01,,,,
4507,1104,Visa,Debit,4699453860223857,12/2005,654,NO,1,20666,09/2000,2011,No,2000-09-01,,,,
4768,1104,Mastercard,Credit,5708794034518412,04/2024,59,NO,1,8600,09/2010,2012,No,2010-09-01,,,,
4849,1104,Mastercard,Credit,5882977035145192,10/2021,491,YES,2,11400,09/2013,2013,No,2013-09-01,,,,
3994,1104,Mastercard,Debit,5229188034672607,12/2012,135,YES,2,19695,07/2012,2012,No,2012-07-01,,,,
5766,1104,Visa,Debit,4061173043608031,05/2021,265,YES,1,16578,12/2000,2010,No,2000-12-01,,,,
5297,946,Visa,Credit,4489171973874626,09/2020,973,YES,2,8700,10/2014,2014,No,2014-10-01,,,,
5403,946,Mastercard,Credit,5004215911399097,01/2022,811,YES,1,10600,11/2004,2013,No,2004-11-01,,,,
97,946,Mastercard,Debit,5079585270593856,02/2021,606,YES,1,12925,01/2006,2010,No,2006-01-01,,,,
4487,946,Mastercard,Debit,5364046151913832,10/1997,969,YES,2,906,09/1994,2013,No,1994-09-01,,,,
527,1465,Mastercard,Credit,5118544604271729,01/2023,774,YES,1,11600,01/2020,2020,No,2020-01-01,s_000435,2020-01-01 10:11:00,blog_or_review_site,/cards
4903,1465,Amex,Credit,315010583302267,06/2021,201,YES,2,10700,09/2017,2017,No,2017-09-01,s_000436,2017-09-13 20:04:00,social_media,/blog/credit-basics
1173,1465,Mastercard,Debit,5023279394330752,02/2022,976,NO,1,42142,02/2009,2010,No,2009-02-01,,,,
1350,571,Amex,Credit,398280185520858,11/2015,89,YES,2,7200,02/2015,2015,No,2015-02-01,,,,
312,571,Mastercard,Debit,5611435574657615,02/2023,150,YES,2,13019,01/2013,2013,No,2013-01-01,,,,
4047,571,Visa,Debit,4401126536336200,11/2023,42,YES,1,16647,07/2016,2016,No,2016-07-01,s_000438,2016-07-26 13:02:00,friend_or_family,/cards
5960,571,Mastercard,Debit,5060522440059037,02/2017,556,YES,1,12247,12/2009,2009,No,2009-12-01,,,,
4539,1074,Visa,Debit,4479936453853477,09/2024,793,NO,2,15029,09/2003,2007,No,2003-09-01,,,,
3903,1074,Visa,Credit,4131571170230452,05/2021,738,YES,1,9700,07/2009,2013,No,2009-07-01,,,,
5961,1074,Mastercard,Debit,5531150587815560,12/2023,428,YES,2,6847,12/2009,2009,No,2009-12-01,,,,
2044,1074,Mastercard,Credit,5291527325386659,07/2022,396,YES,2,4800,03/2003,2011,No,2003-03-01,,,,
4108,1074,Mastercard,Debit,5482406481344925,02/2022,332,YES,1,17294,08/2002,2010,No,2002-08-01,,,,
5680,214,Visa,Credit,4159886669620519,11/2012,693,YES,3,0,11/2012,2012,No,2012-11-01,,,,
5005,771,Mastercard,Debit,5024268740137327,10/2024,738,YES,2,5857,10/2004,2007,No,2004-10-01,,,,
4986,771,Mastercard,Debit,5778350556346106,01/2023,199,YES,2,17536,10/2003,2010,No,2003-10-01,,,,
3803,771,Mastercard,Debit (Prepaid),5559733534356395,09/2020,153,YES,2,61,07/2007,2016,No,2007-07-01,,,,
5104,520,Amex,Credit,371903508360130,04/2024,251,YES,1,13300,10/2008,2014,No,2008-10-01,,,,
2020,520,Mastercard,Debit,5905896056968976,05/2022,924,YES,1,34278,03/2001,2010,No,2001-03-01,,,,
4129,520,Mastercard,Debit,5844997309688106,10/2007,563,YES,2,38235,08/2004,2016,No,2004-08-01,,,,
3948,520,Visa,Debit,4719754046419733,09/2024,990,NO,2,1587,07/2010,2013,No,2010-07-01,,,,
2659,520,Visa,Debit,4594555086793748,10/2022,454,YES,2,28156,04/2010,2010,No,2010-04-01,,,,
5468,288,Visa,Credit,4591747777139073,05/2022,694,NO,1,6500,11/2006,2018,No,2006-11-01,,,,
6039,288,Mastercard,Debit,5592784175875657,10/2012,692,YES,2,4324,12/2011,2011,No,2011-12-01,,,,
3497,288,Visa,Debit,4495057265994448,01/2022,846,YES,2,1112,06/2010,2010,No,2010-06-01,,,,
1824,1979,Visa,Credit,4461982939631759,02/2020,706,YES,1,19600,02/2020,2020,No,2020-02-01,s_000445,2020-02-06 12:53:00,blog_or_review_site,/cards/rewards
2548,1979,Visa,Debit,4086265157159129,05/2023,965,YES,2,15182,04/2007,2009,No,2007-04-01,,,,
4396,1979,Visa,Credit,4813172947971800,05/2017,550,YES,1,14200,08/2012,2012,No,2012-08-01,,,,
2812,1979,Mastercard,Debit,5393830319691225,08/2022,765,YES,1,30065,05/2001,2011,No,2001-05-01,,,,
1825,1253,Visa,Credit,4254314337252554,05/2022,597,NO,1,10600,02/2020,2020,No,2020-02-01,s_000446,2020-02-24 15:11:00,friend_or_family,/cards
5691,1253,Visa,Debit,4792077988071121,08/2020,969,YES,1,39764,11/2013,2013,No,2013-11-01,,,,
3841,1253,Mastercard,Debit,5546499017389142,10/2023,468,YES,1,27208,07/2008,2008,No,2008-07-01,,,,
2248,1253,Mastercard,Debit,5498290106887759,03/2016,927,NO,1,29637,03/2010,2010,No,2010-03-01,,,,
1556,1253,Mastercard,Debit,5969016640971734,02/2020,625,YES,1,24442,02/2020,2020,No,2020-02-01,s_000447,2020-02-16 19:19:00,search,/cards/rewards
2561,1253,Mastercard,Debit,5805455899430052,09/2024,461,YES,2,28390,04/2008,2008,No,2008-04-01,,,,
4869,311,Amex,Credit,398921295633424,01/2024,659,YES,2,6600,09/2014,2014,No,2014-09-01,,,,
4094,311,Mastercard,Debit,5922157962642456,10/2007,869,YES,1,11510,08/1999,2011,No,1999-08-01,,,,
4600,311,Mastercard,Credit,5840051343792983,06/2012,650,YES,1,6400,09/2006,2011,No,2006-09-01,,,,
93,311,Discover,Credit,6129847719830710,08/2024,972,YES,1,1800,01/2006,2007,No,2006-01-01,,,,
81,1346,Visa,Credit,4509891646969778,03/2024,503,YES,2,1500,01/2005,2009,No,2005-01-01,,,,
801,1346,Visa,Debit,4836727908429089,01/2020,314,YES,1,14813,01/2020,2020,No,2020-01-01,s_000448,2020-01-04 13:35:00,search,/cards/rewards
2877,1622,Mastercard,Debit,5215629197170613,12/2020,502,YES,2,40176,05/2005,2009,No,2005-05-01,,,,
90,852,Amex,Credit,377759808724051,10/2023,360,YES,1,10300,01/2006,2013,No,2006-01-01,,,,
1282,852,Visa,Credit,4373234712011855,01/2020,735,YES,2,4400,02/2011,2011,No,2011-02-01,,,,
4187,852,Visa,Debit,4251519859550278,04/2019,637,YES,2,15878,08/2006,2008,No,2006-08-01,,,,
4039,1394,Visa,Credit,4812870507989207,06/2020,393,YES,2,8500,07/2015,2015,No,2015-07-01,,,,
530,1394,Mastercard,Debit,5610324213392857,10/2023,951,YES,2,18022,01/2020,2020,No,2020-01-01,s_000449,2020-01-26 09:30:00,social_media,/
3468,1394,Mastercard,Debit,5542638681640102,06/2016,555,YES,1,19597,06/2010,2010,No,2010-06-01,,,,
6027,1394,Visa,Debit,4365836294015490,09/2021,569,YES,1,51504,12/2010,2010,No,2010-12-01,,,,
82,957,Visa,Debit,4823239404534030,10/2021,123,YES,2,28717,01/2005,2014,No,2005-01-01,,,,
5042,957,Amex,Credit,335477025007820,11/2021,741,NO,1,7100,10/2006,2006,No,2006-10-01,,,,
4532,957,Mastercard,Debit,5405712448987535,06/2020,515,NO,1,27974,09/2003,2012,No,2003-09-01,,,,
5078,515,Mastercard,Debit,5713915813035539,12/2022,155,NO,2,6629,10/2007,2008,No,2007-10-01,,,,
5487,515,Mastercard,Debit,5554873957809710,03/2024,511,YES,2,2093,11/2007,2015,No,2007-11-01,,,,
3984,515,Visa,Debit,4170871321743414,09/2023,676,YES,2,27053,07/2011,2011,No,2011-07-01,,,,
3235,515,Mastercard,Debit,5870786595656028,05/2023,221,YES,2,15800,06/2002,2012,No,2002-06-01,,,,
2831,1303,Visa,Debit,4178535461392083,05/2015,804,YES,1,20699,05/2002,2008,No,2002-05-01,,,,
2705,1303,Visa,Debit,4671850635889899,11/2020,859,YES,2,31662,04/2012,2012,No,2012-04-01,,,,
6000,1303,Mastercard,Credit,5219123186357731,06/2023,5,YES,1,18900,12/2010,2011,No,2010-12-01,,,,
5059,1303,Visa,Credit,4135829985251308,11/2006,69,YES,2,14200,10/2006,2010,No,2006-10-01,,,,
6085,1303,Mastercard,Debit,5434239693376748,12/2022,501,YES,2,25292,12/2013,2013,No,2013-12-01,,,,
1557,1303,Mastercard,Debit,5483162440698414,03/2023,973,YES,1,19299,02/2020,2020,No,2020-02-01,s_000450,2020-02-04 15:52:00,blog_or_review_site,/apply
4226,1303,Visa,Debit,4815904170762930,03/2017,581,YES,2,27215,08/2007,2010,No,2007-08-01,,,,
3765,1287,Mastercard,Debit,5461068745624979,04/2012,47,YES,2,10934,07/2006,2015,No,2006-07-01,,,,
5564,296,Mastercard,Credit,5831265252494760,04/2015,530,YES,2,20300,11/2009,2010,No,2009-11-01,,,,
4939,296,Amex,Credit,364958962386268,10/2012,140,YES,2,9700,10/1999,2007,No,1999-10-01,,,,
3331,296,Visa,Debit (Prepaid),4237846626072618,08/2023,204,NO,2,87,06/2006,2006,No,2006-06-01,,,,
1330,1059,Visa,Credit,4365828013345605,02/2023,945,YES,2,11700,02/2013,2013,No,2013-02-01,,,,
2641,1059,Mastercard,Debit,5577607865497293,12/2024,463,YES,2,16460,04/2010,2010,No,2010-04-01,,,,
4483,1059,Visa,Debit,4602472596754075,04/2023,588,YES,1,27036,08/2019,2019,No,2019-08-01,s_000451,2019-08-03 21:37:00,friend_or_family,/blog/credit-basics
5641,1378,Amex,Credit,343796888595234,06/2020,130,YES,2,3100,11/2011,2011,No,2011-11-01,,,,
283,1378,Visa,Debit,4686786422368480,08/2021,648,YES,1,21757,01/2011,2011,No,2011-01-01,,,,
4227,1378,Visa,Debit,4584216972557578,07/2021,880,YES,2,15925,08/2007,2007,No,2007-08-01,,,,
2921,1378,Amex,Credit,335015591165588,12/2019,916,YES,1,10100,05/2007,2016,No,2007-05-01,,,,
4066,1297,Mastercard,Debit,5198483282511111,07/2022,392,YES,2,20660,07/2018,2018,No,2018-07-01,s_000452,2018-07-01 11:02:00,social_media,/blog/credit-basics
1242,1297,Visa,Debit,4470355925741360,05/2022,231,YES,1,18301,02/2010,2010,No,2010-02-01,,,,
5627,1297,Visa,Credit,4118885453058690,05/2011,419,YES,2,14200,11/2010,2018,No,2010-11-01,,,,
5982,1727,Visa,Debit,4475380884726150,06/2024,972,YES,1,24230,12/2009,2011,No,2009-12-01,,,,
319,1727,Visa,Debit,4304585079155855,10/2013,340,YES,1,19636,01/2013,2013,No,2013-01-01,,,,
1379,1727,Mastercard,Debit (Prepaid),5000846807980564,07/2024,345,YES,3,102,02/2018,2018,No,2018-02-01,s_000453,2018-02-04 22:30:00,friend_or_family,/cards/rewards
5329,1727,Mastercard,Debit,5655027232477390,09/2022,848,YES,2,21218,10/2018,2018,No,2018-10-01,s_000454,2018-10-19 13:01:00,search,/cards
4918,1727,Visa,Debit,4602706416826257,03/2021,862,YES,2,27066,09/2018,2018,No,2018-09-01,s_000455,2018-09-09 22:39:00,app_store,/blog/credit-basics
3766,1727,Mastercard,Debit,5180082121310715,06/2016,148,YES,2,19723,07/2006,2010,No,2006-07-01,,,,
1359,673,Visa,Debit,4815588963693440,04/2022,752,NO,2,14614,02/2015,2015,No,2015-02-01,,,,
2422,673,Visa,Credit,4239689640583423,11/2022,10,YES,1,12800,04/2001,2003,No,2001-04-01,,,,
978,673,Mastercard,Debit,5965680471968381,02/2006,491,YES,2,17897,02/2000,2013,No,2000-02-01,,,,
1827,673,Visa,Credit,4023269244492110,06/2024,413,YES,1,8700,02/2020,2020,No,2020-02-01,s_000458,2020-02-03 21:51:00,search,/blog/credit-basics
4570,1283,Amex,Credit,388335286539294,09/2021,695,YES,2,19500,09/2005,2007,No,2005-09-01,,,,
2341,1283,Mastercard,Debit,5418596356337176,06/2015,899,YES,1,24111,03/2015,2015,No,2015-03-01,,,,
5305,1283,Mastercard,Debit,5930575507132281,06/2023,751,YES,1,34839,10/2015,2015,No,2015-10-01,,,,
3469,1283,Mastercard,Credit,5293527173763220,04/2023,542,YES,1,12800,06/2010,2012,No,2010-06-01,,,,
5404,1239,Mastercard,Credit,5073085904399854,10/2021,19,YES,2,9600,11/2004,2011,No,2004-11-01,,,,
3744,1239,Visa,Debit,4046787704522231,04/2022,654,YES,2,15112,07/2005,2016,No,2005-07-01,,,,
532,1239,Mastercard,Credit,5539431041002735,09/2024,932,YES,2,11100,01/2020,2020,No,2020-01-01,s_000459,2020-01-13 16:00:00,other,/cards
1243,1239,Visa,Debit,4488660162981931,06/2023,852,YES,1,14295,02/2010,2010,No,2010-02-01,,,,
225,1078,Mastercard,Debit,5792661772040761,10/2023,862,YES,2,18092,01/2010,2015,No,2010-01-01,,,,
5488,1078,Mastercard,Debit,5446646218200600,12/2022,473,YES,2,23244,11/2007,2007,No,2007-11-01,,,,
4397,124,Visa,Debit,4886036634951653,04/2023,841,YES,1,12639,08/2012,2012,No,2012-08-01,,,,
4022,124,Mastercard,Debit,5208111902646302,12/2021,143,YES,1,13482,07/2014,2014,No,2014-07-01,,,,
3050,124,Mastercard,Debit,5683051566552763,03/2024,924,YES,1,13022,05/2010,2010,No,2010-05-01,,,,
2725,124,Mastercard,Debit,5024398810633935,02/2020,575,NO,2,23999,04/2014,2014,No,2014-04-01,,,,
2819,99,Visa,Debit,4388509355512107,01/2020,52,YES,2,12837,05/2001,2013,No,2001-05-01,,,,
3345,99,Mastercard,Debit,5133994303927341,07/2012,12,YES,1,25177,06/2007,2012,No,2007-06-01,,,,
2869,99,Visa,Credit,4999872563975234,01/2006,258,YES,1,18800,05/2004,2011,No,2004-05-01,,,,
2736,1722,Visa,Credit,4012239673381945,03/2020,960,YES,2,3900,04/2014,2014,No,2014-04-01,,,,
3250,750,Mastercard,Debit,5040046262063377,12/2024,731,YES,2,11749,06/2003,2015,No,2003-06-01,,,,
4550,750,Mastercard,Debit (Prepaid),5361683790644838,01/2021,225,YES,1,77,09/2004,2011,No,2004-09-01,,,,
5251,1223,Visa,Debit,4239806874218454,11/2011,564,YES,2,86262,10/2011,2011,No,2011-10-01,,,,
1042,1223,Visa,Debit,4546418791213683,06/2010,955,YES,1,92939,02/2004,2011,No,2004-02-01,,,,
384,1223,Visa,Debit,4025546651211985,02/2024,741,YES,2,64613,01/2019,2019,No,2019-01-01,s_000462,2019-01-23 08:26:00,social_media,/blog/credit-basics
4271,575,Visa,Debit,4816684331004039,01/2023,757,YES,1,24546,08/2008,2010,No,2008-08-01,,,,
369,575,Mastercard,Debit,5313945757861658,09/2018,764,YES,1,25121,01/2018,2018,No,2018-01-01,s_000464,2018-01-01 15:13:00,search,/cards
3663,575,Discover,Credit,6733959530204171,09/2022,878,YES,1,17000,07/2001,2018,No,2001-07-01,,,,
5278,575,Visa,Credit,4506945480857983,05/2023,476,YES,2,6800,10/2013,2013,No,2013-10-01,,,,
4360,575,Mastercard,Credit,5891397747740840,12/2013,198,YES,2,15100,08/2011,2011,No,2011-08-01,,,,
3842,428,Mastercard,Credit,5479226934776678,09/2013,276,YES,1,14300,07/2008,2008,No,2008-07-01,,,,
1351,428,Amex,Credit,340213655737651,11/2024,108,YES,2,8800,02/2015,2015,No,2015-02-01,,,,
3126,828,Visa,Credit,4073585160932951,05/2023,635,YES,2,4100,05/2012,2012,No,2012-05-01,,,,
4235,828,Amex,Credit,354919576312722,08/2021,795,YES,1,9500,08/2008,2016,No,2008-08-01,,,,
3767,828,Mastercard,Credit,5569011066508197,06/2010,780,YES,1,8500,07/2006,2011,No,2006-07-01,,,,
221,846,Amex,Credit,371624685132627,10/2022,297,YES,2,18400,01/2010,2015,No,2010-01-01,,,,
2789,846,Visa,Credit,4682031333555589,12/2022,219,YES,2,9700,04/2019,2019,No,2019-04-01,s_000470,2019-04-17 08:58:00,social_media,/apply
3886,846,Mastercard,Credit,5437152511733314,01/2022,853,YES,1,13800,07/2009,2017,No,2009-07-01,,,,
3443,846,Visa,Credit,4518067619451768,06/2020,429,YES,2,0,06/2009,2011,No,2009-06-01,,,,
1244,666,Visa,Debit,4422198494122153,10/2020,852,YES,2,22501,02/2010,2010,No,2010-02-01,,,,
4838,335,Visa,Debit,4680510288921428,09/2013,217,YES,2,25307,09/2012,2012,No,2012-09-01,,,,
5131,335,Visa,Debit,4414800408438414,06/2020,833,YES,1,23401,10/2008,2011,No,2008-10-01,,,,
353,335,Mastercard,Debit,5039380212110238,07/2020,830,YES,1,34385,01/2016,2016,No,2016-01-01,s_000471,2016-01-27 19:30:00,social_media,/compare
5016,639,Visa,Debit,4201603557566123,01/2023,380,YES,2,15485,10/2004,2010,No,2004-10-01,,,,
129,639,Mastercard,Debit,5903118148557393,11/2022,939,NO,3,14156,01/2007,2018,No,2007-01-01,,,,
4877,639,Visa,Credit,4433520087348350,11/2021,303,YES,2,12400,09/2014,2014,No,2014-09-01,,,,
4833,639,Mastercard,Debit,5653383391642965,05/2024,280,YES,2,14850,09/2012,2012,No,2012-09-01,,,,
3673,386,Mastercard,Debit,5639527120868397,10/2023,126,YES,1,25093,07/2002,2006,No,2002-07-01,,,,
1832,1860,Visa,Debit,4786571889403869,08/2023,592,YES,2,28422,02/2020,2020,No,2020-02-01,s_000474,2020-02-18 14:58:00,search,/compare
1833,1860,Visa,Credit,4061205624693615,02/2020,148,YES,1,10100,02/2020,2020,No,2020-02-01,s_000475,2020-02-20 09:34:00,blog_or_review_site,/cards/rewards
4244,1860,Mastercard,Debit (Prepaid),5565765822212471,12/2023,119,YES,2,40,08/2008,2018,No,2008-08-01,,,,
211,581,Visa,Debit,4566018104845496,08/2020,490,YES,1,12589,01/2009,2011,No,2009-01-01,,,,
2320,581,Visa,Debit,4997480551334716,09/2023,51,YES,2,11885,03/2013,2013,No,2013-03-01,,,,
3691,581,Mastercard,Debit,5572601780823600,03/2024,642,YES,1,18820,07/2003,2008,No,2003-07-01,,,,
4615,1910,Visa,Debit,4101200741078800,06/2020,810,YES,2,8562,09/2006,2008,No,2006-09-01,,,,
5505,1910,Visa,Debit,4153032185259106,05/2022,614,YES,1,5933,11/2007,2009,No,2007-11-01,,,,
3242,1910,Visa,Debit (Prepaid),4227171668701156,10/2024,319,YES,2,33,06/2002,2018,No,2002-06-01,,,,
3288,1910,Mastercard,Debit,5465784735932043,08/2021,490,YES,1,10764,06/2005,2007,No,2005-06-01,,,,
1559,731,Mastercard,Credit,5448351633948320,06/2020,592,YES,1,8900,02/2020,2020,No,2020-02-01,s_000476,2020-02-22 11:41:00,social_media,/
5659,731,Visa,Debit,4778187080028211,01/2024,74,YES,2,6781,11/2011,2011,No,2011-11-01,,,,
802,731,Visa,Debit,4514571438412414,01/2020,377,YES,2,12116,01/2020,2020,No,2020-01-01,s_000477,2020-01-25 18:10:00,search,/
1111,21,Mastercard,Debit,5962105909908856,08/2021,615,YES,2,21131,02/2007,2007,No,2007-02-01,,,,
2745,21,Mastercard,Debit,5977475805952055,06/2015,815,YES,2,13383,04/2015,2015,No,2015-04-01,,,,
4769,21,Mastercard,Debit (Prepaid),5491556655486869,05/2023,226,YES,1,58,09/2010,2010,No,2010-09-01,,,,
5777,273,Discover,Credit,6375330614788153,02/2021,523,YES,2,14600,12/2002,2008,No,2002-12-01,,,,
397,63,Amex,Credit,356226851008135,01/2020,792,NO,1,6600,01/2020,2020,No,2020-01-01,s_000478,2020-01-21 09:34:00,other,/cards/rewards
2805,63,Visa,Debit,4128926575959194,06/2020,827,YES,1,23806,05/1999,2008,No,1999-05-01,,,,
60,63,Visa,Debit,4840372814737208,11/2022,357,YES,2,17082,01/2004,2011,No,2004-01-01,,,,
5489,63,Mastercard,Debit,5573468131965566,09/2024,258,YES,1,16422,11/2007,2011,No,2007-11-01,,,,
4632,63,Mastercard,Debit,5566429737412055,04/2024,6,YES,1,15353,09/2007,2011,No,2007-09-01,,,,
4067,63,Mastercard,Debit (Prepaid),5570187893542298,07/2024,610,YES,1,66,07/2018,2018,No,2018-07-01,s_000479,2018-07-23 11:46:00,blog_or_review_site,/blog/credit-basics
270,103,Mastercard,Debit,5593047322938366,02/2020,697,YES,1,15023,01/2011,2011,No,2011-01-01,,,,
5113,103,Mastercard,Credit,5027469645306341,03/2023,841,YES,2,8500,10/2008,2008,No,2008-10-01,,,,
3930,103,Mastercard,Debit,5260164218460494,12/2014,234,YES,2,17667,07/2010,2011,No,2010-07-01,,,,
110,103,Visa,Debit,4891248998438646,04/2023,860,YES,2,20549,01/2006,2007,No,2006-01-01,,,,
967,103,Mastercard,Debit,5998541932516719,11/2009,863,YES,1,1738,02/1999,2007,No,1999-02-01,,,,
5681,1193,Visa,Debit,4933381182408329,11/2020,961,YES,1,34013,11/2012,2012,No,2012-11-01,,,,
4023,1193,Mastercard,Debit,5896188747962564,12/2022,194,YES,1,38290,07/2014,2014,No,2014-07-01,,,,
5962,1193,Mastercard,Debit,5429242008081571,12/2018,151,YES,1,17718,12/2009,2010,No,2009-12-01,,,,
4533,1193,Mastercard,Debit,5485368757971908,01/2020,442,NO,1,25878,09/2003,2009,No,2003-09-01,,,,
2963,1193,Mastercard,Debit,5771106543332286,03/2013,600,YES,1,22858,05/2008,2010,No,2008-05-01,,,,
5881,585,Mastercard,Debit,5035566276017342,09/2024,348,NO,1,19913,12/2007,2010,No,2007-12-01,,,,
3215,1958,Mastercard,Debit,5622888585637629,01/2023,818,YES,1,9676,06/2000,2009,No,2000-06-01,,,,
3680,1958,Visa,Credit,4090651468730805,07/2024,347,YES,2,4900,07/2002,2004,No,2002-07-01,,,,
1283,1958,Visa,Debit (Prepaid),4015493899295533,04/2023,455,YES,1,62,02/2011,2011,No,2011-02-01,,,,
3578,1958,Mastercard,Debit,5331374110302611,08/2020,392,YES,1,17957,06/2014,2014,No,2014-06-01,,,,
3843,1958,Mastercard,Credit,5120155075854705,10/2023,69,YES,2,13100,07/2008,2008,No,2008-07-01,,,,
4594,744,Discover,Credit,6907469862919142,01/2021,78,YES,1,10700,09/2006,2017,No,2006-09-01,,,,
5720,744,Amex,Credit,397876125303268,04/2022,283,YES,1,14400,11/2016,2016,No,2016-11-01,s_000485,2016-11-20 20:05:00,app_store,/apply
4571,744,Amex,Credit,320874983741928,08/2021,637,YES,1,20400,09/2005,2016,No,2005-09-01,,,,
4158,744,Mastercard,Debit,5216119435076209,12/2024,938,YES,2,1816,08/2005,2009,No,2005-08-01,,,,
2849,744,Amex,Credit,388894604011447,11/2009,475,YES,2,2200,05/2004,2008,No,2004-05-01,,,,
4140,1836,Visa,Credit,4477205451217988,01/2020,510,YES,2,4600,08/2004,2011,No,2004-08-01,,,,
2450,477,Visa,Debit (Prepaid),4832425456568319,12/2022,771,YES,2,91,04/2003,2015,No,2003-04-01,,,,
2692,477,Mastercard,Credit,5573356132288877,02/2024,39,NO,2,14400,04/2012,2012,No,2012-04-01,,,,
1064,477,Visa,Debit,4990883053108043,09/2007,717,YES,1,18647,02/2005,2007,No,2005-02-01,,,,
4168,477,Visa,Credit,4205703038691363,10/2020,715,YES,1,18100,08/2005,2008,No,2005-08-01,,,,
3419,477,Mastercard,Debit (Prepaid),5452849951871914,04/2020,510,YES,2,35,06/2009,2009,No,2009-06-01,,,,
3706,357,Visa,Debit,4908013395790270,07/2021,30,YES,1,41221,07/2003,2011,No,2003-07-01,,,,
2085,357,Mastercard,Debit,5565610768898340,07/2024,214,YES,1,29170,03/2005,2006,No,2005-03-01,,,,
5481,357,Discover,Credit,6194011434705938,04/2022,513,YES,3,19800,11/2007,2011,No,2007-11-01,,,,
2832,357,Visa,Credit,4227790214165429,04/2022,326,YES,2,14500,05/2002,2007,No,2002-05-01,,,,
4883,535,Mastercard,Credit,5449971634656595,06/2024,172,YES,2,12200,09/2015,2015,No,2015-09-01,,,,
1085,778,Mastercard,Debit,5726263807352663,03/2022,675,YES,2,1500,02/2006,2018,No,2006-02-01,,,,
3228,778,Visa,Credit,4367416449267714,08/2014,163,NO,1,13700,06/2001,2005,No,2001-06-01,,,,
539,778,Mastercard,Debit,5103357334539485,09/2023,3,YES,2,15895,01/2020,2020,No,2020-01-01,s_000489,2020-01-13 11:06:00,social_media,/blog/credit-basics
2562,1080,Mastercard,Debit,5657550046539675,06/2021,692,YES,1,1470,04/2008,2008,No,2008-04-01,,,,
5844,1080,Visa,Credit,4590969585932290,12/2023,836,YES,2,5500,12/2005,2010,No,2005-12-01,,,,
4689,711,Visa,Debit,4460024958657540,01/2020,704,YES,2,9562,09/2008,2011,No,2008-09-01,,,,
3995,1731,Mastercard,Debit,5872752390879513,09/2020,772,YES,1,18244,07/2012,2012,No,2012-07-01,,,,
4888,1731,Visa,Debit (Prepaid),4662000840694246,09/2023,924,YES,2,81,09/2015,2015,No,2015-09-01,,,,
34,1731,Amex,Credit,375953550153829,12/2022,888,YES,1,13700,01/2003,2017,No,2003-01-01,,,,
5930,1731,Mastercard,Credit,5225763870748438,06/2020,627,YES,1,6000,12/2008,2010,No,2008-12-01,,,,
2797,1731,Mastercard,Debit,5543346867967379,11/2024,275,YES,1,16409,05/1998,2008,No,1998-05-01,,,,
4616,1731,Visa,Debit,4601299602284616,03/2022,652,YES,2,15822,09/2006,2009,No,2006-09-01,,,,
5810,451,Mastercard,Debit,5238065973168619,09/2023,266,YES,2,1447,12/2004,2010,No,2004-12-01,,,,
3768,451,Mastercard,Credit,5187091395766799,05/2020,843,YES,3,6600,07/2006,2010,No,2006-07-01,,,,
3786,1290,Visa,Credit,4603076242608163,10/2009,377,YES,1,15700,07/2006,2011,No,2006-07-01,,,,
3629,1290,Mastercard,Debit,5588067020596088,01/2021,208,YES,2,26704,06/2018,2018,No,2018-06-01,s_000494,2018-06-14 18:50:00,search,/blog/credit-basics
2530,1817,Mastercard,Debit,5686575699244488,12/2024,666,YES,2,43033,04/2007,2013,No,2007-04-01,,,,
4949,1383,Mastercard,Debit,5027291418907395,02/2022,118,YES,1,17432,10/2001,2014,No,2001-10-01,,,,
3146,1915,Mastercard,Debit,5937648730770388,12/2024,903,YES,1,34453,05/2014,2014,No,2014-05-01,,,,
4116,1915,Mastercard,Credit,5892514772578316,04/2023,771,YES,1,14800,08/2003,2018,No,2003-08-01,,,,
5031,1915,Visa,Debit,4750687309919007,02/2021,667,YES,1,2603,10/2005,2012,No,2005-10-01,,,,
2113,1915,Mastercard,Debit,5409845888265723,10/2023,832,YES,2,11568,03/2006,2008,No,2006-03-01,,,,
3229,1882,Visa,Debit,4848394515179455,01/2024,918,YES,1,35943,06/2001,2009,No,2001-06-01,,,,
2672,1882,Discover,Credit,6504367247289968,01/2019,580,YES,1,13600,04/2011,2011,No,2011-04-01,,,,
5882,1882,Mastercard,Debit,5964535277999798,03/2022,245,YES,2,8671,12/2007,2009,No,2007-12-01,,,,
3556,1467,Visa,Debit,4479897458047272,12/2024,411,YES,1,24498,06/2012,2012,No,2012-06-01,,,,
5132,1791,Visa,Debit,4270283600301122,09/2020,51,YES,1,21751,10/2008,2008,No,2008-10-01,,,,
2215,1791,Mastercard,Debit,5324796450432106,11/2022,746,YES,3,18021,03/2009,2009,No,2009-03-01,,,,
4587,1791,Visa,Debit,4510686870861755,01/2023,713,YES,2,7830,09/2005,2010,No,2005-09-01,,,,
2142,447,Mastercard,Debit,5345290500556939,12/2021,888,YES,2,17980,03/2007,2007,No,2007-03-01,,,,
4617,447,Visa,Credit,4659755318123494,01/2024,764,YES,2,9000,09/2006,2008,No,2006-09-01,,,,
5405,447,Mastercard,Debit,5357793088955286,07/2012,544,YES,1,16034,11/2004,2013,No,2004-11-01,,,,
3692,447,Mastercard,Debit,5625327420318301,12/2022,428,YES,2,323,07/2003,2009,No,2003-07-01,,,,
3865,447,Visa,Debit,4607469261117911,06/2021,388,YES,1,6611,07/2008,2008,No,2008-07-01,,,,
4967,1640,Mastercard,Debit,5592976284572731,06/2023,696,YES,1,14231,10/2002,2010,No,2002-10-01,,,,
5171,1640,Visa,Credit,4897415542074817,01/2019,363,YES,1,11400,10/2009,2009,No,2009-10-01,,,,
1065,1640,Visa,Credit,4533131033936549,10/2021,612,YES,2,5900,02/2005,2009,No,2005-02-01,,,,
4795,636,Visa,Debit,4711994375142426,04/2022,577,YES,1,3915,09/2010,2010,No,2010-09-01,,,,
3420,636,Mastercard,Debit,5898219587988129,08/2022,295,YES,2,8882,06/2009,2015,No,2009-06-01,,,,
4361,636,Mastercard,Debit,5673609398481611,02/2020,990,YES,1,1218,08/2011,2012,No,2011-08-01,,,,
284,636,Visa,Debit,4071490746118665,07/2020,498,YES,1,12057,01/2011,2018,No,2011-01-01,,,,
4169,782,Visa,Debit,4310420575646294,01/2023,18,YES,2,13435,08/2005,2008,No,2005-08-01,,,,
3051,782,Mastercard,Debit,5863102770923374,03/2024,62,NO,2,13055,05/2010,2010,No,2010-05-01,,,,
2216,782,Mastercard,Debit (Prepaid),5659519661095769,10/2020,634,YES,2,85,03/2009,2011,No,2009-03-01,,,,
29,316,Visa,Credit,4934996934968532,04/2021,547,YES,3,1200,01/2002,2011,No,2002-01-01,,,,
2038,316,Visa,Credit,4331814593567425,01/2023,448,YES,2,10500,03/2002,2010,No,2002-03-01,,,,
4125,316,Amex,Credit,383176667828985,10/2021,459,YES,2,9300,08/2004,2008,No,2004-08-01,,,,
5857,316,Mastercard,Debit,5603296596869732,06/2021,386,YES,1,14056,12/2006,2008,No,2006-12-01,,,,
1211,1192,Mastercard,Debit,5303411542373680,10/2023,305,YES,1,2001,02/2010,2018,No,2010-02-01,,,,
3769,490,Mastercard,Debit,5302369835874378,09/2024,368,YES,2,3013,07/2006,2006,No,2006-07-01,,,,
5963,490,Mastercard,Debit,5277210517488881,05/2024,589,YES,1,22304,12/2009,2010,No,2009-12-01,,,,
176,490,Visa,Debit,4654267845248719,10/2021,929,YES,3,30242,01/2008,2013,No,2008-01-01,,,,
5133,490,Visa,Debit,4048588745318463,07/2019,741,YES,1,12948,10/2008,2008,No,2008-10-01,,,,
4601,387,Mastercard,Debit (Prepaid),5954988204081791,11/2015,200,YES,2,49,09/2006,2010,No,2006-09-01,,,,
3103,869,Visa,Debit,4705406456208642,04/2022,542,YES,2,19792,05/2011,2011,No,2011-05-01,,,,
3104,869,Visa,Debit (Prepaid),4751613092399340,09/2024,600,YES,2,76,05/2011,2011,No,2011-05-01,,,,
4405,869,Mastercard,Debit,5176023312287835,10/2023,444,YES,1,19811,08/2013,2013,No,2013-08-01,,,,
3517,869,Mastercard,Debit,5737557443858194,11/2020,462,YES,2,17602,06/2011,2011,No,2011-06-01,,,,
5490,869,Mastercard,Debit (Prepaid),5709040626294728,04/2021,579,YES,1,96,11/2007,2011,No,2007-11-01,,,,
6067,1124,Mastercard,Debit,5128558439499170,03/2021,199,YES,1,7184,12/2012,2012,No,2012-12-01,,,,
5437,1124,Visa,Debit (Prepaid),4891182896802218,05/2022,936,YES,1,62,11/2005,2007,No,2005-11-01,,,,
4130,1124,Mastercard,Credit,5252814681308258,03/2023,635,YES,2,8300,08/2004,2018,No,2004-08-01,,,,
1245,721,Visa,Credit,4024411952428035,04/2022,865,YES,1,11900,02/2010,2014,No,2010-02-01,,,,
3949,721,Visa,Credit,4472564488537917,12/2018,194,NO,2,2000,07/2010,2010,No,2010-07-01,,,,
4426,721,Mastercard,Debit,5869951817550274,09/2023,672,YES,2,12827,08/2014,2014,No,2014-08-01,,,,
2563,721,Mastercard,Credit,5933265709179136,09/2010,730,YES,1,10800,04/2008,2012,No,2008-04-01,,,,
3361,721,Visa,Debit,4093356206877400,06/2021,202,YES,1,8400,06/2007,2008,No,2007-06-01,,,,
4377,721,Visa,Credit,4650428198678080,10/2011,741,YES,2,6700,08/2011,2011,No,2011-08-01,,,,
158,813,Mastercard,Debit,5188366223912130,10/2021,649,YES,2,13417,01/2008,2008,No,2008-01-01,,,,
2587,152,Visa,Debit (Prepaid),4745512667212883,10/2021,371,YES,2,60,04/2008,2009,No,2008-04-01,,,,
2848,152,Visa,Credit,4361942024605018,03/2021,649,YES,1,10300,05/2003,2016,No,2003-05-01,,,,
1401,152,Amex,Credit,353041795366517,06/2021,896,YES,2,4900,02/2020,2020,No,2020-02-01,s_000509,2020-02-07 08:20:00,search,/compare
4272,1896,Visa,Debit,4772324802242471,12/2015,104,YES,2,9073,08/2008,2012,No,2008-08-01,,,,
2944,1896,Visa,Debit,4222966508731552,07/2023,816,YES,2,19635,05/2007,2018,No,2007-05-01,,,,
1124,1896,Visa,Debit,4748375055768054,02/2020,425,YES,1,21207,02/2007,2007,No,2007-02-01,,,,
4974,1896,Visa,Credit,4468355695964457,12/2023,955,YES,1,14000,10/2002,2008,No,2002-10-01,,,,
4529,1896,Discover,Credit,6771746312163081,11/2012,841,NO,1,14400,09/2003,2011,No,2003-09-01,,,,
1567,1028,Mastercard,Debit (Prepaid),5811487719571767,06/2020,355,YES,1,72,02/2020,2020,No,2020-02-01,s_000510,2020-02-07 14:01:00,search,/cards
139,1028,Visa,Credit,4838655730073777,01/2021,654,YES,1,24600,01/2007,2011,No,2007-01-01,,,,
2878,1028,Mastercard,Debit,5154620986833691,05/2022,7,YES,1,43289,05/2005,2017,No,2005-05-01,,,,
2564,1028,Mastercard,Debit,5249989431095315,02/2024,844,YES,2,16475,04/2008,2009,No,2008-04-01,,,,
342,1028,Amex,Credit,355983307821258,10/2023,647,NO,2,14600,01/2015,2015,No,2015-01-01,,,,
4770,549,Mastercard,Credit,5045264762203417,12/2022,83,NO,1,12600,09/2010,2012,No,2010-09-01,,,,
98,549,Mastercard,Debit,5231421564510111,01/2017,865,YES,2,15416,01/2006,2014,No,2006-01-01,,,,
4467,549,Amex,Credit,305358883388381,02/2020,712,YES,2,7100,08/2018,2018,No,2018-08-01,s_000512,2018-08-09 18:53:00,friend_or_family,/
2588,549,Visa,Credit,4321088757745040,05/2023,450,YES,2,16200,04/2008,2013,No,2008-04-01,,,,
5459,565,Mastercard,Debit,5345514962286662,02/2020,181,YES,1,17689,11/2006,2006,No,2006-11-01,,,,
1314,565,Mastercard,Debit,5122535818803524,11/2020,15,NO,1,18090,02/2013,2013,No,2013-02-01,,,,
4071,565,Visa,Debit,4125650435743087,09/2024,385,NO,1,16080,07/2018,2018,No,2018-07-01,s_000513,2018-07-19 19:24:00,friend_or_family,/apply
3175,565,Mastercard,Debit,5971222369856302,08/2024,849,NO,1,17599,05/2016,2016,No,2016-05-01,s_000514,2016-05-26 16:36:00,search,/compare
5829,1980,Mastercard,Debit,5950930953873248,11/2023,808,YES,2,12224,12/2005,2006,No,2005-12-01,,,,
545,1494,Mastercard,Debit,5548555538116203,09/2024,20,YES,1,8998,01/2020,2020,No,2020-01-01,s_000515,2020-01-15 19:00:00,friend_or_family,/
3579,1494,Mastercard,Debit,5975842385182413,09/2024,596,YES,2,10726,06/2014,2014,No,2014-06-01,,,,
1842,1494,Visa,Credit,4001128847479532,02/2020,545,YES,1,6300,02/2020,2020,No,2020-02-01,s_000516,2020-02-15 15:08:00,search,/
2340,1494,Discover,Credit,6256655285791156,01/2020,723,YES,2,4400,03/2015,2015,No,2015-03-01,,,,
5830,1809,Mastercard,Debit,5983963364999906,03/2020,398,YES,2,18089,12/2005,2013,No,2005-12-01,,,,
2114,1809,Mastercard,Debit,5267464048631434,04/2020,482,YES,1,10683,03/2006,2009,No,2006-03-01,,,,
4026,1809,Visa,Credit,4993554379679385,05/2021,872,YES,1,14600,07/2014,2014,No,2014-07-01,,,,
370,1809,Mastercard,Debit (Prepaid),5654819097107073,01/2019,842,YES,1,94,01/2018,2018,No,2018-01-01,s_000517,2018-01-09 17:12:00,other,/cards
1338,1809,Mastercard,Debit,5396886931773520,08/2024,7,YES,1,27308,02/2014,2014,No,2014-02-01,,,,
3866,1809,Visa,Credit,4638912192601829,01/2022,730,YES,1,17900,07/2008,2008,No,2008-07-01,,,,
2981,637,Visa,Debit,4710368677781819,12/2022,979,YES,1,26410,05/2008,2011,No,2008-05-01,,,,
3745,637,Visa,Credit,4668652753651992,10/2011,262,YES,2,28600,07/2005,2011,No,2005-07-01,,,,
2115,637,Mastercard,Debit,5861641374361784,10/2019,253,YES,2,41057,03/2006,2010,No,2006-03-01,,,,
3078,637,Visa,Debit,4769992479242564,08/2012,572,YES,2,3864,05/2010,2015,No,2010-05-01,,,,
1402,1770,Amex,Credit,360626221519170,06/2022,933,YES,1,8400,02/2020,2020,No,2020-02-01,s_000518,2020-02-01 14:53:00,search,/compare
6054,1770,Visa,Debit,4357425484787569,05/2022,368,YES,1,5024,12/2011,2012,No,2011-12-01,,,,
1843,1770,Visa,Debit,4026093953102401,09/2023,100,YES,2,10607,02/2020,2020,No,2020-02-01,s_000519,2020-02-20 17:48:00,other,/blog/credit-basics
5264,1770,Visa,Credit,4908479439696234,12/2017,597,YES,1,0,10/2012,2012,No,2012-10-01,,,,
4427,527,Mastercard,Credit,5048637026282696,09/2015,671,YES,2,10500,08/2014,2014,No,2014-08-01,,,,
177,1459,Visa,Credit,4382384960777396,05/2020,622,NO,2,7100,01/2008,2011,No,2008-01-01,,,,
3147,1459,Mastercard,Credit,5890992850865874,08/2014,901,YES,1,4000,05/2014,2014,No,2014-05-01,,,,
3383,1459,Mastercard,Debit,5197434740318528,08/2023,239,NO,2,12708,06/2008,2008,No,2008-06-01,,,,
352,1544,Amex,Credit,391180215396039,02/2022,329,YES,2,4400,01/2016,2016,No,2016-01-01,s_000521,2016-01-23 17:59:00,search,/cards/rewards
3137,1544,Visa,Debit,4875181033970231,01/2020,251,YES,1,16017,05/2013,2013,No,2013-05-01,,,,
6040,112,Mastercard,Debit,5640702051187580,05/2020,931,YES,1,16320,12/2011,2011,No,2011-12-01,,,,
4398,112,Visa,Debit,4992803371205194,12/2023,569,YES,2,13060,08/2012,2012,No,2012-08-01,,,,
1134,112,Amex,Credit,302014253634948,03/2022,649,YES,2,8900,02/2008,2015,No,2008-02-01,,,,
4339,112,Visa,Debit,4630099263440870,06/2021,412,YES,2,10517,08/2010,2014,No,2010-08-01,,,,
3470,112,Mastercard,Debit,5374280583814639,12/2024,56,NO,2,13245,06/2010,2012,No,2010-06-01,,,,
5378,369,Mastercard,Debit (Prepaid),5446800304569122,01/2023,445,YES,1,90,11/2002,2009,No,2002-11-01,,,,
2779,369,Mastercard,Debit (Prepaid),5156265505747462,12/2023,637,YES,1,72,04/2018,2018,No,2018-04-01,s_000523,2018-04-04 20:39:00,search,/blog/credit-basics
2982,369,Visa,Debit,4294953678019554,04/2013,826,YES,1,18280,05/2008,2011,No,2008-05-01,,,,
2443,369,Mastercard,Credit,5146321258920935,11/2021,990,NO,1,13600,04/2003,2012,No,2003-04-01,,,,
2889,994,Visa,Debit,4992900043507941,05/2021,759,YES,1,12778,05/2005,2010,No,2005-05-01,,,,
4008,994,Mastercard,Debit,5105306234690030,07/2021,820,YES,1,12917,07/2013,2013,No,2013-07-01,,,,
50,994,Mastercard,Credit,5313764903937416,08/2007,767,YES,2,6000,01/2004,2010,No,2004-01-01,,,,
3243,994,Visa,Debit,4700657272928284,06/2023,777,YES,2,8874,06/2002,2012,No,2002-06-01,,,,
3904,994,Visa,Debit,4580268631896002,09/2015,809,YES,2,4322,07/2009,2013,No,2009-07-01,,,,
3734,994,Mastercard,Debit,5489321492149951,05/2024,649,YES,1,9219,07/2005,2008,No,2005-07-01,,,,
5367,994,Mastercard,Debit,5465749251061861,09/2021,326,YES,1,6088,11/2001,2005,No,2001-11-01,,,,
3346,1029,Mastercard,Debit,5044033311360211,04/2012,274,YES,2,12760,06/2007,2009,No,2007-06-01,,,,
5285,1029,Discover,Credit,6303613152539126,09/2021,328,YES,1,3600,10/2014,2014,No,2014-10-01,,,,
3471,1029,Mastercard,Debit,5986920336497205,09/2023,114,NO,2,15894,06/2010,2010,No,2010-06-01,,,,
1846,1680,Visa,Credit,4041948266255615,09/2020,531,YES,2,11500,02/2020,2020,No,2020-02-01,s_000527,2020-02-01 22:03:00,search,/
5325,1680,Visa,Debit,4632545212498675,08/2023,330,YES,2,21439,10/2017,2017,No,2017-10-01,s_000528,2017-10-22 14:23:00,blog_or_review_site,/compare
5460,1052,Mastercard,Debit,5000065227125905,10/2018,388,YES,1,32165,11/2006,2014,No,2006-11-01,,,,
3651,1052,Mastercard,Debit,5750094419099846,09/2024,433,YES,2,12346,07/1998,2006,No,1998-07-01,,,,
3273,494,Mastercard,Credit,5445638120890628,10/2021,265,YES,2,13500,06/2004,2014,No,2004-06-01,,,,
2333,494,Visa,Credit,4633191730342522,07/2023,779,YES,2,12700,03/2014,2014,No,2014-03-01,,,,
1847,494,Visa,Debit,4578081011383131,01/2024,45,YES,1,29335,02/2020,2020,No,2020-02-01,s_000529,2020-02-23 15:06:00,other,/blog/credit-basics
2890,94,Visa,Debit,4044839537020410,07/2023,113,YES,1,16962,05/2005,2010,No,2005-05-01,,,,
3313,94,Mastercard,Debit,5468915979157794,05/2007,571,YES,2,17007,06/2006,2009,No,2006-06-01,,,,
3931,425,Mastercard,Debit,5551364240063147,02/2021,192,YES,1,43673,07/2010,2011,No,2010-07-01,,,,
6133,425,Mastercard,Debit,5309902802047025,02/2020,972,YES,1,43973,12/2017,2017,No,2017-12-01,s_000530,2017-12-22 12:15:00,search,/apply
4447,425,Mastercard,Debit,5293051567146083,05/2018,166,YES,1,28069,08/2015,2015,No,2015-08-01,,,,
5149,425,Mastercard,Debit,5795853820688586,11/2023,426,YES,1,30366,10/2009,2009,No,2009-10-01,,,,
2492,1720,Visa,Debit,4063551913220532,05/2020,737,YES,2,1241,04/2005,2014,No,2005-04-01,,,,
2642,1699,Mastercard,Debit (Prepaid),5899056864789405,01/2020,49,YES,1,70,04/2010,2010,No,2010-04-01,,,,
2204,1699,Visa,Debit,4695324850759951,08/2022,519,YES,1,60610,03/2008,2008,No,2008-03-01,,,,
4245,1699,Mastercard,Debit,5384665641390052,05/2022,508,YES,1,50961,08/2008,2010,No,2008-08-01,,,,
4437,1699,Visa,Debit,4913546275337010,10/2020,412,YES,1,31896,08/2014,2014,No,2014-08-01,,,,
5043,1699,Amex,Credit,368846035942355,10/2013,144,YES,1,30500,10/2006,2007,No,2006-10-01,,,,
5593,1699,Amex,Credit,304049639672368,10/2015,923,YES,2,19300,11/2010,2010,No,2010-11-01,,,,
1018,1699,Mastercard,Credit,5782316964774499,06/2006,758,YES,1,24600,02/2003,2013,No,2003-02-01,,,,
2922,1495,Amex,Credit,324324340319414,07/2016,548,YES,1,15700,05/2007,2013,No,2007-05-01,,,,
4941,1495,Visa,Debit (Prepaid),4980389315137738,08/2022,222,YES,2,22,10/1999,2016,No,1999-10-01,,,,
2071,1495,Visa,Credit,4455799501123948,05/2007,651,YES,1,3100,03/2004,2011,No,2004-03-01,,,,
3531,1495,Visa,Debit,4211342868154020,04/2019,108,YES,1,42241,06/2011,2012,No,2011-06-01,,,,
5767,1495,Visa,Debit,4126791237469970,07/2020,502,YES,1,25497,12/2000,2012,No,2000-12-01,,,,
1568,1495,Mastercard,Debit,5545501337471546,02/2020,42,YES,1,28188,02/2020,2020,No,2020-02-01,s_000531,2020-02-22 19:34:00,search,/
2099,1495,Visa,Credit,4763707007052282,04/2020,329,NO,2,14300,03/2005,2012,No,2005-03-01,,,,
1569,439,Mastercard,Credit,5332016559235674,02/2020,171,YES,2,10800,02/2020,2020,No,2020-02-01,s_000533,2020-02-16 08:06:00,search,/compare
2762,439,Mastercard,Debit,5427056152561933,05/2020,439,NO,1,16332,04/2016,2016,No,2016-04-01,s_000534,2016-04-08 21:18:00,blog_or_review_site,/compare
5172,1285,Visa,Debit,4114452714679730,12/2021,613,YES,2,6724,10/2009,2011,No,2009-10-01,,,,
3216,1285,Mastercard,Debit,5607772753172564,12/2023,609,YES,2,20933,06/2000,2014,No,2000-06-01,,,,
2180,1973,Mastercard,Debit,5905311924160314,08/2020,400,YES,1,25253,03/2008,2008,No,2008-03-01,,,,
1284,1973,Visa,Debit,4175483090792339,04/2021,147,YES,2,13202,02/2011,2011,No,2011-02-01,,,,
2342,1973,Mastercard,Debit (Prepaid),5368860011761099,03/2020,207,YES,2,78,03/2015,2015,No,2015-03-01,,,,
2879,1973,Mastercard,Debit,5700569085858753,01/2021,37,YES,1,16441,05/2005,2008,No,2005-05-01,,,,
4633,1907,Mastercard,Debit,5904516440918627,09/2023,838,YES,1,8342,09/2007,2009,No,2007-09-01,,,,
550,1907,Mastercard,Credit,5873879871800491,09/2021,895,YES,2,5700,01/2020,2020,No,2020-01-01,s_000536,2020-01-27 13:42:00,friend_or_family,/blog/credit-basics
2660,73,Visa,Credit,4813468957928983,03/2020,563,YES,1,14300,04/2010,2010,No,2010-04-01,,,,
2720,73,Visa,Debit,4782359944930749,06/2024,12,NO,1,17252,04/2013,2013,No,2013-04-01,,,,
4713,73,Mastercard,Credit,5049713217655208,07/2023,980,YES,1,11900,09/2009,2012,No,2009-09-01,,,,
4323,1097,Mastercard,Debit,5064803986712494,01/2022,477,YES,1,10445,08/2010,2010,No,2010-08-01,,,,
4324,1097,Mastercard,Debit (Prepaid),5101374030372418,05/2011,237,YES,1,73,08/2010,2010,No,2010-08-01,,,,
4690,1097,Visa,Debit,4438751767989238,05/2022,781,YES,1,17319,09/2008,2010,No,2008-09-01,,,,
5728,1644,Visa,Credit,4623909080454335,02/2020,314,YES,2,9400,11/2016,2016,No,2016-11-01,s_000537,2016-11-13 15:48:00,other,/cards
3089,1644,Discover,Credit,6244344461424370,04/2015,414,YES,2,8900,05/2011,2014,No,2011-05-01,,,,
5525,1644,Mastercard,Debit,5543479633732955,04/2021,192,YES,2,9324,11/2008,2009,No,2008-11-01,,,,
3867,1644,Visa,Debit,4023733457618418,01/2024,3,YES,2,8834,07/2008,2017,No,2008-07-01,,,,
3001,1644,Mastercard,Debit,5998143511839617,05/2022,174,YES,1,8304,05/2009,2013,No,2009-05-01,,,,
3444,1644,Visa,Credit,4715738219735937,07/2023,643,YES,1,10900,06/2009,2009,No,2009-06-01,,,,
982,967,Visa,Credit,4249186321078698,03/2014,613,YES,2,9300,02/2000,2006,No,2000-02-01,,,,
3118,967,Mastercard,Debit,5505908551325322,09/2012,646,YES,1,10946,05/2012,2012,No,2012-05-01,,,,
4650,1114,Visa,Credit,4417056929607717,10/2017,693,YES,2,12500,09/2007,2013,No,2007-09-01,,,,
4246,1114,Mastercard,Debit (Prepaid),5694461259251008,01/2024,86,YES,2,40,08/2008,2009,No,2008-08-01,,,,
4325,1114,Mastercard,Debit,5620106433417052,11/2024,339,YES,2,21408,08/2010,2015,No,2010-08-01,,,,
1029,1087,Mastercard,Debit,5403500140212676,02/2020,642,NO,1,9433,02/2004,2009,No,2004-02-01,,,,
3266,1087,Amex,Credit,345938557402151,11/2020,382,YES,2,7400,06/2004,2006,No,2004-06-01,,,,
3770,1031,Mastercard,Credit,5300090302126885,04/2024,94,YES,1,15700,07/2006,2010,No,2006-07-01,,,,
130,1031,Mastercard,Debit,5438397481754732,05/2021,868,YES,2,25080,01/2007,2012,No,2007-01-01,,,,
2565,1031,Mastercard,Debit,5477335030821502,06/2012,801,YES,2,31604,04/2008,2014,No,2008-04-01,,,,
4009,1031,Mastercard,Credit,5445191857932855,10/2015,194,YES,2,5600,07/2013,2013,No,2013-07-01,,,,
5698,1031,Mastercard,Debit,5179089621739035,03/2022,274,YES,1,16220,11/2014,2014,No,2014-11-01,,,,
3002,1031,Mastercard,Debit,5984945879573910,11/2021,289,YES,1,44568,05/2009,2011,No,2009-05-01,,,,
196,1031,Mastercard,Credit,5301525411053274,07/2012,424,YES,2,12500,01/2009,2009,No,2009-01-01,,,,
4714,1031,Mastercard,Credit,5972887381229032,04/2015,441,YES,2,12200,09/2009,2009,No,2009-09-01,,,,
3571,728,Visa,Debit,4434350524306826,08/2020,920,YES,2,10289,06/2013,2013,No,2013-06-01,,,,
1174,728,Mastercard,Debit,5206347664104995,06/2019,337,YES,2,10618,02/2009,2009,No,2009-02-01,,,,
3421,728,Mastercard,Debit,5554817119459376,05/2010,894,YES,2,10909,06/2009,2009,No,2009-06-01,,,,
1246,1639,Visa,Debit,4973656988526728,02/2023,703,YES,2,31554,02/2010,2010,No,2010-02-01,,,,
807,1587,Visa,Debit,4600575353397286,02/2020,105,YES,1,35148,01/2020,2020,No,2020-01-01,s_000545,2020-01-15 15:12:00,search,/cards/rewards
3996,1587,Mastercard,Debit,5638793020721462,02/2020,531,YES,2,35968,07/2012,2012,No,2012-07-01,,,,
3034,1587,Amex,Credit,343245906110440,07/2022,728,YES,1,30900,05/2010,2016,No,2010-05-01,,,,
5308,1883,Visa,Debit,4745291753757744,12/2017,291,YES,1,22122,10/2015,2015,No,2015-10-01,,,,
4551,1883,Mastercard,Debit,5391562008232881,01/2023,139,YES,1,21240,09/2004,2006,No,2004-09-01,,,,
4865,1883,Visa,Debit,4114185411174504,07/2023,606,YES,2,33181,09/2013,2013,No,2013-09-01,,,,
3401,1883,Visa,Credit,4971073775593251,11/2016,354,YES,2,13900,06/2008,2008,No,2008-06-01,,,,
2773,712,Visa,Debit,4891475179534976,12/2018,326,YES,2,18316,04/2017,2017,No,2017-04-01,s_000546,2017-04-05 17:48:00,social_media,/blog/credit-basics
3615,712,Visa,Debit,4047431792511852,05/2024,615,YES,1,14858,06/2016,2016,No,2016-06-01,s_000547,2016-06-02 12:05:00,search,/
5506,712,Visa,Debit,4167964897226165,10/2022,954,YES,1,21414,11/2007,2008,No,2007-11-01,,,,
4758,712,Discover,Credit,6443318322155670,07/2021,518,YES,1,14900,09/2010,2010,No,2010-09-01,,,,
3804,712,Mastercard,Debit,5400865230848610,06/2020,591,YES,1,12992,07/2007,2015,No,2007-07-01,,,,
4247,1414,Mastercard,Credit,5954521242015508,02/2020,394,YES,1,8300,08/2008,2013,No,2008-08-01,,,,
2057,1414,Mastercard,Debit (Prepaid),5376758306260437,04/2011,26,YES,1,56,03/2004,2008,No,2004-03-01,,,,
2205,1414,Visa,Debit,4952408792507245,09/2023,78,YES,2,5283,03/2008,2010,No,2008-03-01,,,,
2077,1414,Discover,Credit,6669631772050778,03/2012,182,YES,2,10600,03/2005,2008,No,2005-03-01,,,,
4475,146,Visa,Debit,4778924908010471,02/2021,656,YES,1,30320,08/2018,2018,No,2018-08-01,s_000549,2018-08-22 13:09:00,podcast_or_youtube,/
1143,146,Mastercard,Credit,5895121423095414,11/2022,726,YES,1,14200,02/2008,2011,No,2008-02-01,,,,
2470,146,Visa,Debit,4417507914154983,03/2021,178,YES,1,28911,04/2004,2011,No,2004-04-01,,,,
5858,1489,Mastercard,Debit,5815399624686166,12/2006,896,YES,1,14138,12/2006,2011,No,2006-12-01,,,,
5469,842,Visa,Debit,4212985133165351,01/2021,884,YES,1,32808,11/2006,2012,No,2006-11-01,,,,
4993,763,Visa,Credit,4000393241453107,10/2021,408,YES,2,24300,10/2003,2007,No,2003-10-01,,,,
5393,154,Visa,Debit,4900806445604257,01/2024,23,YES,2,17280,11/2003,2014,No,2003-11-01,,,,
4340,154,Visa,Debit,4287822159932211,11/2022,878,YES,2,4660,08/2010,2013,No,2010-08-01,,,,
159,154,Mastercard,Debit,5175111743032898,03/2011,151,YES,2,12557,01/2008,2013,No,2008-01-01,,,,
5703,704,Visa,Debit,4643473532096411,03/2024,281,YES,2,49425,11/2014,2014,No,2014-11-01,,,,
4010,704,Mastercard,Debit,5696951093879559,02/2024,206,YES,1,47330,07/2013,2013,No,2013-07-01,,,,
3997,704,Mastercard,Debit,5317790276482208,02/2020,205,YES,2,50774,07/2012,2012,No,2012-07-01,,,,
2168,704,Amex,Credit,364780102699868,12/2022,611,YES,1,22800,03/2008,2008,No,2008-03-01,,,,
5387,704,Mastercard,Debit,5036311337651630,12/2009,979,YES,2,75640,11/2003,2009,No,2003-11-01,,,,
2945,704,Visa,Debit,4463424589377220,12/2024,763,YES,1,65540,05/2007,2012,No,2007-05-01,,,,
226,729,Mastercard,Debit,5279503639469023,02/2020,613,YES,2,23039,01/2010,2010,No,2010-01-01,,,,
298,729,Mastercard,Debit,5279484044685392,04/2023,166,YES,1,17795,01/2012,2012,No,2012-01-01,,,,
2217,729,Mastercard,Credit,5958667117657314,12/2022,906,YES,2,9000,03/2009,2011,No,2009-03-01,,,,
5507,729,Visa,Debit,4850099627830735,05/2008,361,YES,1,14424,11/2007,2010,No,2007-11-01,,,,
3905,729,Visa,Credit,4367249512395505,08/2022,956,YES,2,5700,07/2009,2011,No,2009-07-01,,,,
4024,729,Mastercard,Debit,5219693851377223,12/2014,164,NO,1,14626,07/2014,2014,No,2014-07-01,,,,
1306,1016,Visa,Credit,4720586956662009,01/2023,320,YES,1,200,02/2012,2012,No,2012-02-01,,,,
5883,1016,Mastercard,Debit,5470825522118885,07/2021,682,YES,1,282,12/2007,2009,No,2007-12-01,,,,
2086,1016,Mastercard,Debit,5573795199148995,12/2019,547,YES,2,350,03/2005,2011,No,2005-03-01,,,,
4771,1214,Mastercard,Debit,5937904364088537,08/2020,832,NO,2,42537,09/2010,2010,No,2010-09-01,,,,
5508,1214,Visa,Debit,4968168260037253,05/2021,607,YES,1,21073,11/2007,2011,No,2007-11-01,,,,
1853,927,Visa,Debit,4095066683929908,02/2024,892,NO,2,27618,02/2020,2020,No,2020-02-01,s_000560,2020-02-20 11:21:00,blog_or_review_site,/
4809,927,Mastercard,Debit,5118587392070717,04/2020,847,YES,1,27180,09/2011,2011,No,2011-09-01,,,,
5379,1796,Mastercard,Debit,5346072026592587,04/2020,558,NO,2,18555,11/2002,2011,No,2002-11-01,,,,
3998,1796,Mastercard,Debit,5419562718481392,11/2020,119,NO,1,16746,07/2012,2012,No,2012-07-01,,,,
4850,1796,Mastercard,Debit,5363296926225059,02/2018,610,YES,1,15974,09/2013,2013,No,2013-09-01,,,,
2964,179,Mastercard,Debit,5078628761076723,11/2024,417,YES,2,17417,05/2008,2009,No,2008-05-01,,,,
1854,179,Visa,Debit,4275777560156841,05/2022,497,YES,2,519,02/2020,2020,No,2020-02-01,s_000562,2020-02-18 18:59:00,social_media,/
5831,395,Mastercard,Credit,5128363217409052,07/2009,544,YES,1,11500,12/2005,2013,No,2005-12-01,,,,
3950,395,Visa,Credit,4544634327077881,08/2022,761,YES,1,10100,07/2010,2011,No,2010-07-01,,,,
5192,395,Mastercard,Debit,5220458045937942,08/2014,915,YES,2,26174,10/2010,2011,No,2010-10-01,,,,
2027,395,Visa,Credit,4851388792432581,02/2024,137,YES,2,16400,03/2001,2011,No,2001-03-01,,,,
1855,513,Visa,Credit,4667535072590504,09/2020,606,YES,1,8000,02/2020,2020,No,2020-02-01,s_000563,2020-02-07 20:45:00,social_media,/cards/rewards
810,513,Visa,Credit,4664728417615626,11/2021,869,YES,2,9800,01/2020,2020,No,2020-01-01,s_000564,2020-01-07 08:51:00,social_media,/apply
1354,513,Mastercard,Debit,5974986702403547,09/2021,939,YES,1,24645,02/2015,2015,No,2015-02-01,,,,
6139,513,Visa,Debit,4535668224287785,12/2018,691,YES,2,14805,12/2018,2018,No,2018-12-01,s_000565,2018-12-25 19:53:00,other,/
4618,187,Visa,Credit,4508583693612523,01/2019,224,NO,1,3100,09/2006,2006,No,2006-09-01,,,,
2483,491,Mastercard,Debit,5101946899181167,03/2024,990,YES,2,6710,04/2005,2013,No,2005-04-01,,,,
3236,491,Mastercard,Debit,5438809137996738,03/2018,668,YES,2,7176,06/2002,2012,No,2002-06-01,,,,
2050,491,Visa,Credit,4307361097049954,08/2021,775,YES,2,8000,03/2003,2008,No,2003-03-01,,,,
2021,1153,Mastercard,Debit (Prepaid),5026167712266475,09/2024,271,YES,2,64,03/2001,2006,No,2001-03-01,,,,
3906,377,Visa,Credit,4962400888198876,09/2022,266,YES,2,16400,07/2009,2009,No,2009-07-01,,,,
4669,377,Mastercard,Debit,5022081495088085,10/2022,893,YES,2,2536,09/2008,2008,No,2008-09-01,,,,
1175,377,Mastercard,Debit,5009400051376027,11/2023,417,YES,1,30403,02/2009,2014,No,2009-02-01,,,,
4602,377,Mastercard,Debit,5870688639058028,02/2024,916,NO,1,32636,09/2006,2016,No,2006-09-01,,,,
3003,377,Mastercard,Debit,5070774990129713,09/2020,210,YES,2,2536,05/2009,2009,No,2009-05-01,,,,
3176,850,Mastercard,Debit,5981401699297039,02/2020,754,YES,2,23072,05/2016,2016,No,2016-05-01,s_000566,2016-05-16 10:34:00,blog_or_review_site,/blog/credit-basics
5699,850,Mastercard,Debit,5944442565470173,06/2022,246,YES,1,20881,11/2014,2014,No,2014-11-01,,,,
3017,1186,Visa,Debit,4845063997012954,01/2021,278,YES,1,12325,05/2009,2009,No,2009-05-01,,,,
61,1186,Visa,Debit (Prepaid),4684695086265308,09/2022,621,YES,1,47,01/2004,2013,No,2004-01-01,,,,
2946,1186,Visa,Debit,4731388951338396,11/2020,782,YES,2,3433,05/2007,2007,No,2007-05-01,,,,
3306,1694,Visa,Credit,4867107450868594,05/2024,494,YES,1,16900,06/2005,2014,No,2005-06-01,,,,
5032,1694,Visa,Debit (Prepaid),4932238574894061,01/2021,185,YES,2,31,10/2005,2013,No,2005-10-01,,,,
5944,1694,Visa,Credit,4020990480968522,02/2024,94,YES,2,17700,12/2008,2011,No,2008-12-01,,,,
5288,1694,Mastercard,Debit,5689380221189221,11/2016,656,NO,1,23995,10/2014,2014,No,2014-10-01,,,,
3079,1694,Visa,Credit,4325110497566622,12/2024,658,YES,1,16900,05/2010,2010,No,2010-05-01,,,,
5668,716,Mastercard,Debit (Prepaid),5494077855460522,07/2013,855,NO,1,60,11/2012,2012,No,2012-11-01,,,,
811,716,Visa,Credit,4295673364937234,01/2023,900,YES,1,7000,01/2020,2020,No,2020-01-01,s_000567,2020-01-10 21:23:00,friend_or_family,/
555,716,Mastercard,Debit,5513976299775159,03/2023,404,YES,2,7139,01/2020,2020,No,2020-01-01,s_000568,2020-01-19 08:24:00,search,/cards
3965,716,Discover,Credit,6849688773737188,03/2024,590,YES,2,5200,07/2011,2011,No,2011-07-01,,,,
556,716,Mastercard,Debit,5169449886762703,09/2021,443,YES,1,10199,01/2020,2020,No,2020-01-01,s_000569,2020-01-22 11:26:00,app_store,/blog/credit-basics
4715,716,Mastercard,Credit,5168351147755520,02/2024,700,YES,1,9800,09/2009,2009,No,2009-09-01,,,,
5604,1131,Mastercard,Debit,5120921074394357,05/2021,974,YES,2,21417,11/2010,2010,No,2010-11-01,,,,
3093,1131,Mastercard,Credit,5477242500035905,07/2023,908,YES,1,14600,05/2011,2018,No,2011-05-01,,,,
4378,1131,Visa,Debit,4410510990382780,05/2023,405,NO,2,23898,08/2011,2011,No,2011-08-01,,,,
3347,1131,Mastercard,Credit,5677631162329488,11/2007,707,YES,2,18200,06/2007,2008,No,2007-06-01,,,,
3052,1719,Mastercard,Debit,5649993743023413,05/2022,600,YES,2,16034,05/2010,2010,No,2010-05-01,,,,
2058,1719,Mastercard,Debit,5034070490953227,03/2022,285,YES,2,24775,03/2004,2010,No,2004-03-01,,,,
4942,1719,Mastercard,Debit,5079874786244954,06/2022,200,YES,2,1976,10/2000,2008,No,2000-10-01,,,,
557,254,Mastercard,Credit,5786727394117638,04/2024,230,YES,2,15900,01/2020,2020,No,2020-01-01,s_000570,2020-01-18 15:28:00,social_media,/cards/rewards
1247,254,Visa,Debit,4817071694522158,06/2020,185,YES,2,27623,02/2010,2018,No,2010-02-01,,,,
1576,254,Mastercard,Debit,5752088223667735,12/2021,728,YES,1,17584,02/2020,2020,No,2020-02-01,s_000571,2020-02-05 13:18:00,friend_or_family,/compare
2717,226,Mastercard,Debit,5392117170606255,03/2018,949,YES,1,56640,04/2013,2013,No,2013-04-01,,,,
1856,226,Visa,Debit,4250276478482515,10/2022,648,YES,1,39553,02/2020,2020,No,2020-02-01,s_000572,2020-02-15 09:10:00,search,/
812,226,Visa,Debit,4042421261212789,10/2022,437,YES,2,42218,01/2020,2020,No,2020-01-01,s_000573,2020-01-17 16:53:00,search,/cards/rewards
4834,1307,Mastercard,Credit,5948740039365074,05/2021,950,YES,1,21900,09/2012,2012,No,2012-09-01,,,,
5912,1307,Visa,Credit,4462200560023808,01/2014,58,YES,2,18700,12/2007,2009,No,2007-12-01,,,,
2810,1307,Visa,Credit,4757620010538963,02/2021,258,YES,2,29200,05/2000,2010,No,2000-05-01,,,,
3730,1307,Discover,Credit,6894665401576471,06/2024,882,YES,1,26600,07/2005,2009,No,2005-07-01,,,,
111,1307,Visa,Debit,4212262433992065,10/2021,186,YES,2,17280,01/2006,2012,No,2006-01-01,,,,
5060,1095,Visa,Debit,4264613897925474,02/2020,66,YES,1,14761,10/2006,2011,No,2006-10-01,,,,
335,1095,Visa,Debit,4476982543719366,08/2022,789,YES,1,15158,01/2014,2014,No,2014-01-01,,,,
4691,1095,Visa,Debit,4761404556606276,06/2021,579,YES,1,16464,09/2008,2009,No,2008-09-01,,,,
5461,1095,Mastercard,Debit,5157599614216847,11/2017,354,YES,2,19100,11/2006,2007,No,2006-11-01,,,,
5669,1095,Mastercard,Debit,5162155568271005,03/2022,367,YES,1,19332,11/2012,2012,No,2012-11-01,,,,
5150,1729,Mastercard,Debit,5028193312710761,01/2020,644,YES,2,39431,10/2009,2016,No,2009-10-01,,,,
4634,1466,Mastercard,Credit,5801402411608920,10/2024,190,NO,1,9800,09/2007,2015,No,2007-09-01,,,,
5884,1466,Mastercard,Debit,5946854129119703,09/2020,405,YES,1,1866,12/2007,2014,No,2007-12-01,,,,
6055,1226,Visa,Debit (Prepaid),4856808577039430,10/2024,49,YES,1,64,12/2011,2011,No,2011-12-01,,,,
4159,1226,Mastercard,Credit,5191953132741850,04/2021,7,YES,2,9600,08/2005,2013,No,2005-08-01,,,,
2231,1226,Visa,Debit,4703449084120210,06/2023,540,YES,1,10000,03/2009,2012,No,2009-03-01,,,,
4126,1755,Discover,Credit,6489729869810937,03/2021,894,YES,1,7600,08/2004,2011,No,2004-08-01,,,,
998,1755,Mastercard,Debit (Prepaid),5346535957222087,09/2024,883,YES,2,44,02/2002,2012,No,2002-02-01,,,,
4228,1755,Visa,Debit,4467616812518975,10/2020,60,YES,1,12519,08/2007,2009,No,2007-08-01,,,,
2857,1755,Mastercard,Debit,5658596727246398,02/2010,436,YES,1,4067,05/2004,2020,No,2004-05-01,,,,
1248,1755,Visa,Debit,4353998165821083,10/2016,159,YES,2,367,02/2010,2015,No,2010-02-01,,,,
1315,1755,Mastercard,Credit,5560819053137819,09/2017,173,YES,2,9400,02/2013,2013,No,2013-02-01,,,,
4975,1956,Visa,Credit,4208305792316900,09/2006,135,YES,1,11500,10/2002,2009,No,2002-10-01,,,,
5642,1956,Discover,Credit,6679312666731134,09/2021,558,NO,2,9500,11/2011,2011,No,2011-11-01,,,,
1125,1956,Visa,Debit,4898677117108642,01/2023,802,YES,1,13356,02/2007,2007,No,2007-02-01,,,,
2451,1956,Visa,Debit,4727180781671600,02/2020,986,YES,1,16385,04/2003,2011,No,2003-04-01,,,,
320,706,Visa,Credit,4395042092797759,11/2023,115,YES,2,12500,01/2013,2013,No,2013-01-01,,,,
4284,706,Amex,Credit,328201278531872,05/2017,545,YES,1,13700,08/2009,2013,No,2009-08-01,,,,
5114,474,Mastercard,Debit,5786077092120630,10/2021,819,YES,1,37303,10/2008,2011,No,2008-10-01,,,,
2493,474,Visa,Credit,4700082044427658,04/2015,487,YES,1,16900,04/2005,2014,No,2005-04-01,,,,
3844,474,Mastercard,Debit,5171516474516120,11/2020,781,YES,2,33723,07/2008,2010,No,2008-07-01,,,,
4034,474,Discover,Credit,6646752478037215,09/2022,583,YES,2,14600,07/2015,2015,No,2015-07-01,,,,
2218,474,Mastercard,Debit,5707467948750618,03/2022,233,YES,1,38084,03/2009,2010,No,2009-03-01,,,,
5845,474,Visa,Credit,4920320482307224,01/2021,328,YES,2,22300,12/2005,2014,No,2005-12-01,,,,
5406,1259,Mastercard,Debit,5789225518676865,11/2024,375,YES,2,62760,11/2004,2010,No,2004-11-01,,,,
3422,1259,Mastercard,Debit (Prepaid),5018503647518453,06/2022,319,YES,1,62,06/2009,2009,No,2009-06-01,,,,
5913,1259,Visa,Debit (Prepaid),4998693162966561,08/2023,839,YES,1,76,12/2007,2011,No,2007-12-01,,,,
2045,1259,Mastercard,Debit,5932390608727778,04/2014,612,YES,1,98334,03/2003,2007,No,2003-03-01,,,,
3289,1259,Mastercard,Debit,5681560415834998,04/2021,699,YES,2,141391,06/2005,2005,No,2005-06-01,,,,
2006,1259,Visa,Debit,4606036624560532,07/2022,40,YES,1,78790,03/1997,2011,No,1997-03-01,,,,
3384,320,Mastercard,Debit,5421302444823985,09/2024,889,NO,2,15292,06/2008,2011,No,2008-06-01,,,,
1144,320,Mastercard,Debit,5621833591257811,10/2012,690,YES,3,11696,02/2008,2015,No,2008-02-01,,,,
1405,93,Amex,Credit,338538414564400,09/2024,557,YES,2,11400,02/2020,2020,No,2020-02-01,s_000575,2020-02-12 16:46:00,search,/cards/rewards
1577,93,Mastercard,Debit (Prepaid),5469525970132478,02/2020,372,YES,2,0,02/2020,2020,No,2020-02-01,s_000576,2020-02-23 13:38:00,search,/compare
6028,93,Visa,Debit,4476003414984390,01/2024,865,YES,2,10198,12/2010,2013,No,2010-12-01,,,,
6091,93,Visa,Credit,4231335586694007,02/2021,441,YES,1,1800,12/2013,2013,No,2013-12-01,,,,
6001,1182,Mastercard,Debit,5751184311438390,12/2021,718,YES,1,5716,12/2010,2020,No,2010-12-01,,,,
2852,150,Discover,Credit,6252296592576200,05/2020,976,YES,3,22400,05/2004,2015,No,2004-05-01,,,,
2505,150,Mastercard,Debit,5331973058778545,09/2021,39,YES,2,16872,04/2006,2010,No,2006-04-01,,,,
5775,150,Visa,Debit,4566084725252874,06/2018,347,YES,2,7202,12/2001,2016,No,2001-12-01,,,,
5019,784,Discover,Credit,6314230753727333,08/2023,102,YES,1,7800,10/2005,2008,No,2005-10-01,,,,
347,784,Mastercard,Debit (Prepaid),5890249738384583,11/2022,136,YES,2,64,01/2015,2015,No,2015-01-01,,,,
3373,784,Amex,Credit,374653971503597,08/2023,358,YES,2,15400,06/2008,2015,No,2008-06-01,,,,
4987,784,Mastercard,Debit (Prepaid),5985099169659260,02/2012,13,YES,1,12,10/2003,2012,No,2003-10-01,,,,
1580,1471,Mastercard,Credit,5171329824996070,02/2024,23,YES,1,5900,02/2020,2020,No,2020-02-01,s_000579,2020-02-01 13:59:00,app_store,/
3094,1471,Mastercard,Credit,5155511243348834,02/2020,151,YES,1,7900,05/2011,2011,No,2011-05-01,,,,
4326,1050,Mastercard,Debit,5044933895270370,04/2022,812,YES,2,2072,08/2010,2010,No,2010-08-01,,,,
3472,1050,Mastercard,Debit,5254337924232892,07/2024,93,YES,2,10224,06/2010,2016,No,2010-06-01,,,,
5214,1050,Visa,Debit (Prepaid),4475716128209829,11/2019,237,YES,2,49,10/2010,2010,No,2010-10-01,,,,
2661,207,Visa,Credit,4842107930686432,01/2022,786,YES,1,7700,04/2010,2010,No,2010-04-01,,,,
2506,207,Mastercard,Debit,5584705161928725,05/2023,188,YES,1,16266,04/2006,2007,No,2006-04-01,,,,
2143,207,Mastercard,Debit (Prepaid),5657038959779902,12/2015,742,YES,2,9,03/2007,2015,No,2007-03-01,,,,
2260,207,Visa,Debit,4149979947275486,02/2021,426,YES,2,5141,03/2010,2010,No,2010-03-01,,,,
385,207,Visa,Credit,4612008256325596,09/2022,929,YES,1,5800,01/2019,2019,No,2019-01-01,s_000582,2019-01-21 16:09:00,search,/
5002,798,Amex,Credit,328675535875605,08/2010,66,YES,1,13900,10/2004,2010,No,2004-10-01,,,,
2833,798,Visa,Credit,4075750138489651,07/2022,157,YES,2,19700,05/2002,2011,No,2002-05-01,,,,
5870,798,Visa,Debit,4415565987469377,09/2020,811,YES,2,29740,12/2006,2011,No,2006-12-01,,,,
963,798,Visa,Debit,4905345487591741,07/2023,814,YES,2,30039,02/1998,2010,No,1998-02-01,,,,
2693,1207,Mastercard,Credit,5670831659213511,11/2020,143,YES,1,16800,04/2012,2012,No,2012-04-01,,,,
6056,1207,Visa,Debit,4093103228262000,08/2021,507,YES,1,17010,12/2011,2011,No,2011-12-01,,,,
5805,1207,Discover,Credit,6135310578604021,01/2014,814,YES,2,22800,12/2004,2016,No,2004-12-01,,,,
3138,1012,Visa,Debit,4078119028995757,12/2022,754,YES,1,21086,05/2013,2013,No,2013-05-01,,,,
3580,1012,Mastercard,Debit,5893405968354192,08/2015,336,YES,1,14531,06/2014,2014,No,2014-06-01,,,,
4896,844,Mastercard,Credit,5516761014693880,12/2024,683,NO,2,8900,09/2016,2016,No,2016-09-01,s_000584,2016-09-02 21:38:00,friend_or_family,/cards/rewards
3445,844,Visa,Credit,4150285670737087,05/2013,896,YES,1,10000,06/2009,2016,No,2009-06-01,,,,
5234,334,Mastercard,Debit,5526459784807779,04/2022,100,YES,1,14227,10/2011,2012,No,2011-10-01,,,,
5595,334,Discover,Credit,6179911986106180,04/2021,135,YES,2,11200,11/2010,2010,No,2010-11-01,,,,
2522,334,Amex,Credit,320108465182734,02/2020,764,YES,1,9500,04/2007,2010,No,2007-04-01,,,,
5964,1100,Mastercard,Debit,5574826533473281,06/2021,598,YES,1,14532,12/2009,2020,No,2009-12-01,,,,
5079,1100,Mastercard,Debit,5689403704245010,10/2024,108,YES,1,30044,10/2007,2011,No,2007-10-01,,,,
5780,1244,Mastercard,Debit,5984546339755582,02/2024,332,YES,1,14270,12/2002,2014,No,2002-12-01,,,,
5885,1740,Mastercard,Debit,5823990893060364,05/2011,972,YES,2,23189,12/2007,2008,No,2007-12-01,,,,
2382,1740,Mastercard,Debit,5039643704248503,01/2021,50,YES,1,20612,03/2019,2019,No,2019-03-01,s_000591,2019-03-23 20:14:00,podcast_or_youtube,/compare
1584,1740,Mastercard,Debit,5489350596141116,11/2021,288,YES,2,22424,02/2020,2020,No,2020-02-01,s_000592,2020-02-14 18:05:00,search,/blog/credit-basics
5338,1740,Mastercard,Debit,5691295319611631,10/2019,19,YES,1,17748,10/2019,2019,No,2019-10-01,s_000593,2019-10-26 11:27:00,social_media,/blog/credit-basics
4248,1754,Mastercard,Debit,5989917343937145,06/2022,242,YES,1,3039,08/2008,2008,No,2008-08-01,,,,
2898,1184,Mastercard,Debit,5561480222242748,05/2020,302,YES,1,39751,05/2006,2007,No,2006-05-01,,,,
6107,1184,Mastercard,Debit,5665263552569686,12/2015,279,YES,1,27876,12/2015,2015,No,2015-12-01,,,,
4202,1184,Mastercard,Debit,5091620986065392,11/2023,902,YES,2,21743,08/2007,2007,No,2007-08-01,,,,
4897,1184,Mastercard,Debit,5989681266336088,08/2023,683,YES,2,21120,09/2016,2016,No,2016-09-01,s_000594,2016-09-11 09:20:00,social_media,/apply
3932,1184,Mastercard,Debit,5827454191464284,07/2020,580,YES,1,29828,07/2010,2011,No,2010-07-01,,,,
2104,200,Discover,Credit,6988770500713547,04/2007,936,YES,2,14600,03/2006,2014,No,2006-03-01,,,,
2875,200,Amex,Credit,342172377890381,04/2023,59,YES,2,1400,05/2005,2009,No,2005-05-01,,,,
1339,200,Mastercard,Debit,5950906892579658,03/2014,93,YES,1,18552,02/2014,2014,No,2014-02-01,,,,
3970,1446,Mastercard,Debit,5886248864335240,02/2020,334,YES,2,14624,07/2011,2015,No,2011-07-01,,,,
3160,1446,Amex,Credit,351994837631702,12/2022,441,YES,2,2600,05/2015,2015,No,2015-05-01,,,,
1857,1446,Visa,Debit (Prepaid),4381421188201284,06/2022,539,YES,3,84,02/2020,2020,No,2020-02-01,s_000596,2020-02-05 13:24:00,search,/apply
3181,1446,Visa,Debit,4770102025264543,02/2020,63,NO,1,9915,05/2016,2016,No,2016-05-01,s_000597,2016-05-06 20:11:00,social_media,/cards/rewards
2002,1263,Mastercard,Debit,5071178142278668,01/2021,738,YES,2,9094,03/1993,2011,No,1993-03-01,,,,
140,1263,Visa,Debit,4195281570309951,12/2020,740,YES,1,16513,01/2007,2011,No,2007-01-01,,,,
1445,1263,Discover,Credit,6270499029618526,02/2020,54,YES,1,8700,02/2020,2020,No,2020-02-01,s_000598,2020-02-25 20:32:00,search,/compare
561,1085,Mastercard,Debit,5249605791833255,08/2023,248,YES,1,33150,01/2020,2020,No,2020-01-01,s_000601,2020-01-15 17:44:00,podcast_or_youtube,/blog/credit-basics
1587,1085,Mastercard,Debit (Prepaid),5078613769637212,02/2020,332,NO,1,57,02/2020,2020,No,2020-02-01,s_000602,2020-02-17 18:39:00,social_media,/compare
5235,1085,Mastercard,Debit (Prepaid),5492728789081207,11/2022,819,YES,1,55,10/2011,2011,No,2011-10-01,,,,
5859,776,Mastercard,Debit,5370555414100106,10/2020,89,YES,1,48344,12/2006,2006,No,2006-12-01,,,,
3105,776,Visa,Debit,4147569007175929,07/2020,384,YES,2,25020,05/2011,2011,No,2011-05-01,,,,
354,890,Mastercard,Debit,5029029711457489,09/2023,75,YES,1,19573,01/2016,2016,No,2016-01-01,s_000605,2016-01-12 08:06:00,search,/
5799,890,Visa,Credit,4983572770371790,05/2022,261,NO,2,16500,12/2003,2011,No,2003-12-01,,,,
1135,1445,Amex,Credit,388851984396675,02/2022,934,YES,1,11000,02/2008,2010,No,2008-02-01,,,,
5753,1445,Discover,Credit,6800970747167326,04/2022,163,YES,2,10200,12/1997,2011,No,1997-12-01,,,,
3722,1445,Visa,Credit,4653647692892129,04/2020,933,YES,2,12800,07/2004,2006,No,2004-07-01,,,,
4716,1445,Mastercard,Debit,5921922339179106,01/2022,885,YES,2,14029,09/2009,2010,No,2009-09-01,,,,
2899,1445,Mastercard,Debit,5075248077516623,08/2022,860,YES,2,11641,05/2006,2010,No,2006-05-01,,,,
562,74,Mastercard,Debit,5419249022493269,01/2020,523,YES,1,15568,01/2020,2020,No,2020-01-01,s_000606,2020-01-12 19:33:00,blog_or_review_site,/compare
4027,74,Visa,Debit,4135630980212808,06/2022,74,YES,1,19746,07/2014,2014,No,2014-07-01,,,,
1307,74,Visa,Debit,4901356321424938,07/2020,92,NO,1,17682,02/2012,2012,No,2012-02-01,,,,
4060,797,Visa,Credit,4992091996146632,11/2023,627,NO,2,4400,07/2017,2017,No,2017-07-01,s_000613,2017-07-25 21:04:00,social_media,/cards/rewards
4095,797,Visa,Debit,4536417512741953,12/1999,686,YES,1,34886,08/1999,2010,No,1999-08-01,,,,
350,797,Visa,Debit,4627972690876314,06/2021,920,YES,1,20779,01/2015,2015,No,2015-01-01,,,,
818,797,Visa,Debit,4324511886426075,01/2020,143,YES,2,32922,01/2020,2020,No,2020-01-01,s_000614,2020-01-02 10:32:00,search,/apply
3127,797,Visa,Debit,4780648737008531,01/2019,156,YES,2,42491,05/2012,2012,No,2012-05-01,,,,
4391,797,Mastercard,Debit,5703345270711624,11/2023,711,YES,1,24550,08/2012,2012,No,2012-08-01,,,,
2839,797,Mastercard,Debit,5326004022460542,04/2023,904,YES,1,36309,05/2003,2006,No,2003-05-01,,,,
5339,797,Mastercard,Debit,5801528715979981,03/2023,805,YES,2,27817,10/2019,2019,No,2019-10-01,s_000615,2019-10-27 21:38:00,social_media,/cards/rewards
5428,797,Mastercard,Debit,5493144869722779,05/2021,307,YES,1,28912,11/2005,2012,No,2005-11-01,,,,
4968,1917,Mastercard,Debit (Prepaid),5180494711434598,03/2019,412,YES,1,66,10/2002,2011,No,2002-10-01,,,,
5556,1917,Amex,Credit,341912249556142,06/2024,300,YES,2,13000,11/2009,2009,No,2009-11-01,,,,
2129,1917,Visa,Debit,4592739942111814,03/2021,512,YES,2,20428,03/2006,2009,No,2006-03-01,,,,
5803,1917,Amex,Credit,371160621699651,12/2021,521,YES,2,8600,12/2004,2009,No,2004-12-01,,,,
1340,109,Mastercard,Debit,5301549251992552,10/2021,773,YES,1,27762,02/2014,2014,No,2014-02-01,,,,
1861,109,Visa,Credit,4792943022971298,11/2020,451,NO,1,9300,02/2020,2020,No,2020-02-01,s_000622,2020-02-10 12:40:00,social_media,/cards
4076,547,Mastercard,Debit (Prepaid),5650397088790791,01/2020,359,YES,2,104,07/2019,2019,No,2019-07-01,s_000623,2019-07-11 12:50:00,search,/
4461,547,Mastercard,Debit,5886374501408309,01/2019,7,YES,1,16102,08/2017,2017,No,2017-08-01,s_000624,2017-08-18 18:22:00,search,/apply
5298,547,Visa,Debit,4234149459347906,09/2024,314,YES,1,14995,10/2014,2014,No,2014-10-01,,,,
5526,547,Mastercard,Debit,5656868060475089,10/2011,891,NO,1,20998,11/2008,2008,No,2008-11-01,,,,
1592,347,Mastercard,Debit,5633556097120826,02/2020,849,YES,2,17846,02/2020,2020,No,2020-02-01,s_000625,2020-02-13 08:26:00,friend_or_family,/compare
2751,347,Visa,Credit,4663448396973766,09/2021,346,YES,2,6100,04/2015,2015,No,2015-04-01,,,,
821,347,Visa,Debit,4587404224170420,02/2021,289,YES,2,22077,01/2020,2020,No,2020-01-01,s_000626,2020-01-21 09:01:00,other,/
4489,201,Mastercard,Credit,5392066860810670,10/2021,353,YES,1,6900,09/1995,2009,No,1995-09-01,,,,
5236,201,Mastercard,Debit,5081378671244252,12/2016,401,YES,1,11679,10/2011,2011,No,2011-10-01,,,,
2494,201,Visa,Credit,4825820548818212,11/2024,558,YES,1,10100,04/2005,2013,No,2005-04-01,,,,
822,1368,Visa,Credit,4715313292165013,04/2020,370,YES,1,13400,01/2020,2020,No,2020-01-01,s_000627,2020-01-01 21:37:00,blog_or_review_site,/cards
4772,1368,Mastercard,Debit,5579604502736656,10/2023,799,YES,1,21792,09/2010,2013,No,2010-09-01,,,,
563,1547,Mastercard,Debit,5158576738638750,09/2021,196,NO,2,18856,01/2020,2020,No,2020-01-01,s_000628,2020-01-14 10:28:00,blog_or_review_site,/compare
3630,1547,Mastercard,Debit (Prepaid),5896024181595036,11/2021,867,YES,1,77,06/2018,2018,No,2018-06-01,s_000629,2018-06-20 09:12:00,friend_or_family,/
2531,1812,Mastercard,Debit,5995209262760871,04/2023,430,NO,1,33557,04/2007,2013,No,2007-04-01,,,,
564,1812,Mastercard,Debit (Prepaid),5638069209131411,11/2022,466,NO,1,19,01/2020,2020,No,2020-01-01,s_000630,2020-01-19 20:39:00,blog_or_review_site,/cards/rewards
6068,1379,Mastercard,Debit,5855558054744018,06/2023,878,YES,1,18784,12/2012,2012,No,2012-12-01,,,,
2604,1379,Mastercard,Debit,5800056520721648,02/2021,92,YES,1,16668,04/2009,2009,No,2009-04-01,,,,
4796,1379,Visa,Credit,4164100335475856,10/2022,338,YES,1,10300,09/2010,2010,No,2010-09-01,,,,
5215,1379,Visa,Debit,4808036256579380,11/2017,592,YES,2,12460,10/2010,2010,No,2010-10-01,,,,
2780,82,Mastercard,Debit (Prepaid),5037837734992926,12/2019,383,YES,1,78,04/2018,2018,No,2018-04-01,s_000631,2018-04-01 17:32:00,friend_or_family,/compare
2900,1053,Mastercard,Credit,5506401194150443,07/2021,939,YES,3,9200,05/2006,2009,No,2006-05-01,,,,
2311,1053,Mastercard,Debit,5546844697242389,05/2018,523,NO,2,21166,03/2013,2013,No,2013-03-01,,,,
3771,1053,Mastercard,Debit (Prepaid),5546611218301214,03/2020,223,YES,1,61,07/2006,2011,No,2006-07-01,,,,
1863,955,Visa,Credit,4732842191322148,06/2022,847,YES,2,1100,02/2020,2020,No,2020-02-01,s_000633,2020-02-21 20:39:00,other,/
565,955,Mastercard,Debit,5613716530357430,04/2021,405,YES,1,20576,01/2020,2020,No,2020-01-01,s_000634,2020-01-18 17:56:00,search,/compare
5723,955,Mastercard,Debit,5884682122700418,11/2022,856,YES,1,13254,11/2016,2016,No,2016-11-01,s_000635,2016-11-07 21:32:00,friend_or_family,/apply
1366,955,Mastercard,Debit,5653775383513655,09/2023,867,YES,2,12887,02/2016,2016,No,2016-02-01,s_000636,2016-02-20 19:37:00,friend_or_family,/apply
1367,856,Mastercard,Credit,5327278156671960,03/2018,105,YES,2,26800,02/2016,2016,No,2016-02-01,s_000637,2016-02-16 10:22:00,search,/cards
4851,856,Mastercard,Debit,5524896778714385,05/2023,673,NO,1,62861,09/2013,2013,No,2013-09-01,,,,
1285,856,Visa,Debit,4938580795028359,07/2015,12,NO,1,61399,02/2011,2011,No,2011-02-01,,,,
2880,1361,Mastercard,Debit,5046881432224652,07/2013,229,YES,2,1513,05/2005,2008,No,2005-05-01,,,,
4950,1361,Mastercard,Debit,5577172894705200,10/2020,459,YES,2,14767,10/2001,2012,No,2001-10-01,,,,
2706,261,Visa,Debit,4234542365249677,02/2022,25,YES,1,23781,04/2012,2012,No,2012-04-01,,,,
2589,261,Visa,Debit,4757706847861776,06/2008,121,YES,1,26891,04/2008,2010,No,2008-04-01,,,,
6129,261,Visa,Debit,4373244578328861,05/2018,827,YES,1,32285,12/2016,2016,No,2016-12-01,s_000638,2016-12-04 22:48:00,friend_or_family,/apply
6076,261,Visa,Debit,4217828092270661,04/2021,909,YES,1,30650,12/2012,2012,No,2012-12-01,,,,
30,261,Visa,Credit,4572295668772647,04/2022,795,YES,2,14200,01/2002,2006,No,2002-01-01,,,,
4852,64,Mastercard,Debit,5127580610063404,01/2024,797,YES,1,17612,09/2013,2013,No,2013-09-01,,,,
5429,64,Mastercard,Credit,5194937321345581,03/2020,811,YES,2,12200,11/2005,2020,No,2005-11-01,,,,
1341,1151,Mastercard,Debit,5643282528177276,02/2018,475,YES,1,429,02/2014,2014,No,2014-02-01,,,,
5006,1151,Mastercard,Credit,5421621953594431,09/2024,692,YES,2,100,10/2004,2004,No,2004-10-01,,,,
2983,1151,Visa,Debit,4973211658227265,05/2022,524,YES,2,495,05/2008,2010,No,2008-05-01,,,,
5279,356,Visa,Debit,4137526666130095,03/2020,698,YES,2,18395,10/2013,2013,No,2013-10-01,,,,
5605,356,Mastercard,Debit,5464831011600293,09/2024,462,YES,1,21808,11/2010,2010,No,2010-11-01,,,,
3132,356,Mastercard,Debit,5261666772953093,01/2018,761,YES,1,39192,05/2013,2013,No,2013-05-01,,,,
3251,356,Mastercard,Debit,5812893386791853,07/2012,51,YES,2,14100,06/2003,2010,No,2003-06-01,,,,
2312,356,Mastercard,Debit,5636837846692552,04/2021,859,YES,1,15771,03/2013,2013,No,2013-03-01,,,,
3018,1393,Visa,Debit,4412200129683784,05/2021,930,YES,2,8845,05/2009,2010,No,2009-05-01,,,,
1865,1393,Visa,Credit,4468863439550668,05/2024,156,NO,2,10000,02/2020,2020,No,2020-02-01,s_000641,2020-02-21 19:10:00,other,/apply
824,865,Visa,Credit,4756798568797972,01/2020,94,YES,2,4000,01/2020,2020,No,2020-01-01,s_000642,2020-01-03 13:26:00,other,/
4028,865,Visa,Debit,4557723574146816,04/2021,794,YES,2,27832,07/2014,2014,No,2014-07-01,,,,
3832,865,Amex,Credit,322743779978257,07/2024,346,YES,1,9200,07/2008,2011,No,2008-07-01,,,,
4356,865,Amex,Credit,312193617939506,10/2022,789,YES,2,2000,08/2011,2011,No,2011-08-01,,,,
5237,865,Mastercard,Debit,5321173022884498,03/2021,666,NO,1,24546,10/2011,2011,No,2011-10-01,,,,
2368,1641,Visa,Credit,4500938920704813,11/2020,263,YES,2,1900,03/2017,2017,No,2017-03-01,s_000644,2017-03-04 20:25:00,blog_or_review_site,/blog/credit-basics
4327,3,Mastercard,Debit (Prepaid),5568042569458348,04/2023,833,NO,1,80,08/2010,2010,No,2010-08-01,,,,
2157,3,Visa,Debit (Prepaid),4642421771052120,01/2022,909,YES,1,65,03/2007,2010,No,2007-03-01,,,,
4835,3,Mastercard,Debit (Prepaid),5175412661393752,08/2023,399,NO,1,62,09/2012,2012,No,2012-09-01,,,,
3597,3,Visa,Debit,4075087878669701,05/2023,818,YES,2,13515,06/2015,2015,No,2015-06-01,,,,
3787,754,Visa,Debit,4011865942072124,04/2021,749,YES,1,6138,07/2006,2016,No,2006-07-01,,,,
5380,754,Mastercard,Debit,5528157431199960,07/2020,556,YES,2,8048,11/2002,2013,No,2002-11-01,,,,
4122,754,Visa,Debit,4818819509291187,03/2022,727,YES,2,2898,08/2003,2008,No,2003-08-01,,,,
6002,754,Mastercard,Debit,5016418727270137,09/2021,348,YES,1,9,12/2010,2013,No,2010-12-01,,,,
2219,754,Mastercard,Debit,5298387414396125,11/2024,243,YES,2,4260,03/2009,2012,No,2009-03-01,,,,
5450,754,Amex,Credit,337641023717610,08/2023,902,YES,2,10100,11/2006,2010,No,2006-11-01,,,,
3423,148,Mastercard,Debit,5074266637803826,03/2017,211,YES,2,17471,06/2009,2012,No,2009-06-01,,,,
2144,148,Mastercard,Debit,5286304797515163,12/2019,871,YES,1,14054,03/2007,2015,No,2007-03-01,,,,
4288,148,Discover,Credit,6021090810005197,06/2024,397,NO,1,7600,08/2009,2009,No,2009-08-01,,,,
5851,148,Discover,Credit,6125621291819591,04/2021,423,YES,1,17400,12/2006,2009,No,2006-12-01,,,,
5585,148,Visa,Debit,4693550098600493,01/2020,358,YES,1,10077,11/2009,2009,No,2009-11-01,,,,
2376,127,Visa,Debit,4521071637980158,08/2024,500,NO,2,10702,03/2018,2018,No,2018-03-01,s_000646,2018-03-19 18:19:00,social_media,/cards
988,127,Mastercard,Credit,5210580835995043,04/2021,925,YES,1,10600,02/2001,2010,No,2001-02-01,,,,
1086,127,Mastercard,Debit,5854998590853766,06/2017,732,YES,1,9180,02/2006,2020,No,2006-02-01,,,,
4692,1675,Visa,Debit,4666278208440963,07/2016,682,YES,1,20074,09/2008,2011,No,2008-09-01,,,,
3473,1675,Mastercard,Debit,5418223001029976,06/2021,550,NO,2,33746,06/2010,2010,No,2010-06-01,,,,
2372,1675,Mastercard,Debit,5450223883062555,12/2023,64,NO,1,37722,03/2018,2018,No,2018-03-01,s_000647,2018-03-24 20:32:00,friend_or_family,/blog/credit-basics
1355,747,Mastercard,Credit,5297975423650578,01/2022,978,YES,2,6100,02/2015,2015,No,2015-02-01,,,,
2287,747,Visa,Debit,4704027936633995,01/2013,486,YES,1,21952,03/2011,2011,No,2011-03-01,,,,
2549,747,Visa,Debit,4893820018017248,02/2020,319,YES,1,18217,04/2007,2008,No,2007-04-01,,,,
3119,747,Mastercard,Debit,5241795986089992,09/2017,783,YES,1,16565,05/2012,2012,No,2012-05-01,,,,
2116,1942,Mastercard,Debit (Prepaid),5543220640561248,09/2021,154,YES,2,81,03/2006,2018,No,2006-03-01,,,,
246,1942,Visa,Debit (Prepaid),4709797841612622,06/2022,186,YES,2,11,01/2010,2010,No,2010-01-01,,,,
5781,1942,Mastercard,Debit,5622083190963613,06/2024,770,YES,2,0,12/2002,2009,No,2002-12-01,,,,
6086,452,Mastercard,Debit (Prepaid),5461456632473048,06/2015,953,YES,1,57,12/2013,2013,No,2013-12-01,,,,
5700,452,Mastercard,Debit,5480854171366544,06/2024,229,YES,1,24274,11/2014,2014,No,2014-11-01,,,,
4249,452,Mastercard,Debit,5576250646108818,04/2021,837,YES,1,33166,08/2008,2009,No,2008-08-01,,,,
1866,452,Visa,Debit,4957232481366756,12/2024,916,YES,1,21820,02/2020,2020,No,2020-02-01,s_000648,2020-02-19 18:39:00,friend_or_family,/cards
4451,452,Visa,Debit,4916726529470752,02/2020,702,YES,2,19264,08/2015,2015,No,2015-08-01,,,,
4250,1534,Mastercard,Debit,5850069301598701,03/2021,390,YES,1,26136,08/2008,2009,No,2008-08-01,,,,
6102,1534,Mastercard,Debit,5002425450787708,03/2024,269,YES,1,27771,12/2014,2014,No,2014-12-01,,,,
2947,1086,Visa,Debit,4440995001444541,09/2021,944,YES,1,17117,05/2007,2010,No,2007-05-01,,,,
5301,1086,Amex,Credit,318192766245088,11/2024,192,YES,2,5400,10/2015,2015,No,2015-10-01,,,,
4910,835,Mastercard,Debit (Prepaid),5400982759283574,07/2023,348,YES,1,58,09/2017,2017,No,2017-09-01,s_000651,2017-09-08 15:16:00,search,/
2334,835,Visa,Debit,4252835460924891,01/2021,287,YES,2,15851,03/2014,2014,No,2014-03-01,,,,
2288,835,Visa,Credit,4006785332636414,07/2017,881,YES,1,11000,03/2011,2015,No,2011-03-01,,,,
4773,835,Mastercard,Debit,5090031463070463,05/2022,181,YES,2,16377,09/2010,2013,No,2010-09-01,,,,
5115,758,Mastercard,Debit,5756920187269829,05/2024,707,NO,2,19127,10/2008,2012,No,2008-10-01,,,,
2662,758,Visa,Credit,4525162655452086,06/2024,626,YES,1,9200,04/2010,2013,No,2010-04-01,,,,
2181,758,Mastercard,Debit,5399696839533551,05/2020,371,YES,2,5553,03/2008,2015,No,2008-03-01,,,,
5931,758,Mastercard,Debit (Prepaid),5186584998717863,05/2021,636,YES,1,75,12/2008,2008,No,2008-12-01,,,,
5360,758,Visa,Credit,4927583161098663,04/2003,720,YES,1,7900,11/1999,2005,No,1999-11-01,,,,
355,1221,Mastercard,Debit,5911728602130706,03/2020,650,YES,1,14892,01/2016,2016,No,2016-01-01,s_000658,2016-01-06 11:44:00,search,/blog/credit-basics
4561,1221,Visa,Credit,4002059636609265,06/2023,735,YES,1,8500,09/2004,2011,No,2004-09-01,,,,
4774,1221,Mastercard,Credit,5950660218711311,05/2021,874,YES,1,8500,09/2010,2011,No,2010-09-01,,,,
4693,1221,Visa,Credit,4173425142689190,09/2020,872,NO,2,7400,09/2008,2011,No,2008-09-01,,,,
3281,1248,Visa,Debit,4737713633389782,11/2008,17,YES,1,14725,06/2004,2008,No,2004-06-01,,,,
5787,1248,Amex,Credit,377035380135401,07/2020,451,YES,1,9600,12/2003,2010,No,2003-12-01,,,,
5320,1248,Amex,Credit,338137732685669,12/2017,258,YES,2,11000,10/2017,2017,No,2017-10-01,s_000662,2017-10-12 18:02:00,search,/
3654,1900,Visa,Debit,4652860823814539,05/2016,269,YES,2,5616,07/1999,2010,No,1999-07-01,,,,
4117,597,Mastercard,Credit,5504414498996972,08/2020,997,YES,1,30400,08/2003,2011,No,2003-08-01,,,,
4540,597,Visa,Debit,4682047932663844,01/2023,822,YES,2,76343,09/2003,2014,No,2003-09-01,,,,
2532,597,Mastercard,Debit,5851699919509664,02/2024,217,YES,2,46070,04/2007,2008,No,2007-04-01,,,,
5022,597,Mastercard,Credit,5403277732999672,04/2023,647,NO,2,14900,10/2005,2009,No,2005-10-01,,,,
3414,597,Amex,Credit,309433518890778,08/2023,534,YES,1,27500,06/2009,2009,No,2009-06-01,,,,
5346,597,Visa,Debit,4095586317435844,07/2007,383,NO,1,3134,11/1992,2011,No,1992-11-01,,,,
3518,1213,Mastercard,Debit (Prepaid),5849967926572948,02/2021,649,YES,1,67,06/2011,2011,No,2011-06-01,,,,
3106,1213,Visa,Debit,4257444870981173,02/2020,297,YES,1,13905,05/2011,2011,No,2011-05-01,,,,
3270,1213,Discover,Credit,6856082880767974,01/2021,86,YES,1,12300,06/2004,2013,No,2004-06-01,,,,
5648,619,Mastercard,Debit,5012988615180480,03/2021,541,YES,1,23220,11/2011,2011,No,2011-11-01,,,,
3348,619,Mastercard,Debit,5531418228277739,06/2021,20,YES,2,33319,06/2007,2010,No,2007-06-01,,,,
5,619,Visa,Debit,4657824650820465,04/2024,245,YES,2,21883,01/1997,2012,No,1997-01-01,,,,
4519,619,Mastercard,Debit,5415811108637059,05/2023,230,YES,1,39606,09/2002,2008,No,2002-09-01,,,,
4717,394,Mastercard,Debit,5853043877946018,06/2023,333,YES,1,23310,09/2009,2009,No,2009-09-01,,,,
6057,394,Visa,Debit,4699535367725055,06/2023,544,YES,1,22015,12/2011,2011,No,2011-12-01,,,,
2663,394,Visa,Debit,4130599250567062,05/2023,25,YES,2,23884,04/2010,2010,No,2010-04-01,,,,
4341,394,Visa,Debit,4662668880756908,07/2021,740,NO,2,25808,08/2010,2010,No,2010-08-01,,,,
1874,1376,Visa,Credit,4161224797334572,06/2021,445,YES,2,4500,02/2020,2020,No,2020-02-01,s_000668,2020-02-23 08:12:00,blog_or_review_site,/apply
4871,1376,Mastercard,Debit,5699284619972487,01/2021,318,YES,2,26531,09/2014,2014,No,2014-09-01,,,,
3532,1376,Visa,Debit,4888780238652712,01/2022,905,YES,2,22641,06/2011,2011,No,2011-06-01,,,,
2182,1376,Mastercard,Credit,5822242274317975,10/2023,304,YES,2,13100,03/2008,2015,No,2008-03-01,,,,
160,837,Mastercard,Credit,5000790097162084,07/2024,232,YES,2,6700,01/2008,2009,No,2008-01-01,,,,
2457,1257,Mastercard,Debit,5945155994376929,03/2021,310,YES,1,11102,04/2004,2012,No,2004-04-01,,,,
2605,1257,Mastercard,Debit (Prepaid),5295522176690981,10/2021,577,NO,2,91,04/2009,2014,No,2009-04-01,,,,
5071,1257,Amex,Credit,375440461139587,08/2021,402,YES,2,8100,10/2007,2009,No,2007-10-01,,,,
4087,1966,Mastercard,Debit,5628413686894942,09/2021,490,YES,1,22679,08/1997,2014,No,1997-08-01,,,,
2643,1966,Mastercard,Debit,5638732969366742,04/2023,854,YES,2,13326,04/2010,2010,No,2010-04-01,,,,
6029,1966,Visa,Debit,4391016864300787,11/2020,883,YES,1,13778,12/2010,2015,No,2010-12-01,,,,
4737,1966,Visa,Credit,4255500869023678,05/2016,402,YES,2,10400,09/2009,2011,No,2009-09-01,,,,
5649,358,Mastercard,Debit,5845909959346068,05/2022,379,YES,2,6863,11/2011,2011,No,2011-11-01,,,,
1212,358,Mastercard,Debit,5039744580376557,12/2021,653,YES,1,16633,02/2010,2010,No,2010-02-01,,,,
3845,912,Mastercard,Debit,5303156731726906,08/2024,133,YES,1,29391,07/2008,2011,No,2008-07-01,,,,
4197,912,Discover,Credit,6522396373079060,07/2023,764,YES,1,19000,08/2007,2011,No,2007-08-01,,,,
5650,605,Mastercard,Debit,5070746550577514,03/2020,506,YES,1,14541,11/2011,2011,No,2011-11-01,,,,
212,605,Visa,Credit,4542762527059522,12/2022,70,YES,1,13500,01/2009,2009,No,2009-01-01,,,,
5061,605,Visa,Debit,4799699589870743,06/2021,178,YES,2,1484,10/2006,2011,No,2006-10-01,,,,
5289,1362,Mastercard,Debit,5085312612570669,03/2023,845,NO,1,31192,10/2014,2014,No,2014-10-01,,,,
0,1362,Amex,Credit,393314135668401,04/2024,866,YES,2,33900,01/1991,2014,No,1991-01-01,,,,
2274,1362,Mastercard,Debit (Prepaid),5467215736629408,07/2023,98,YES,2,44,03/2011,2016,No,2011-03-01,,,,
2145,1362,Mastercard,Debit,5566695688917047,03/2017,309,NO,2,29708,03/2007,2009,No,2007-03-01,,,,
2965,1513,Mastercard,Credit,5634053342792528,07/2021,779,YES,1,27200,05/2008,2011,No,2008-05-01,,,,
3933,1513,Mastercard,Debit,5335296190511129,10/2021,416,YES,1,36344,07/2010,2010,No,2010-07-01,,,,
3546,1513,Mastercard,Credit,5257923747690161,11/2020,547,YES,2,8900,06/2012,2012,No,2012-06-01,,,,
5886,1521,Mastercard,Debit,5993184597730650,01/2021,545,YES,2,1236,12/2007,2010,No,2007-12-01,,,,
2495,1521,Visa,Debit,4118737033782452,12/2023,648,YES,1,11037,04/2005,2012,No,2005-04-01,,,,
1066,1521,Visa,Credit,4141977020977863,09/2020,958,YES,2,5000,02/2005,2008,No,2005-02-01,,,,
5887,564,Mastercard,Credit,5411382690193634,05/2023,604,YES,1,9700,12/2007,2011,No,2007-12-01,,,,
3547,564,Mastercard,Debit,5943272696356193,03/2016,746,YES,2,14179,06/2012,2012,No,2012-06-01,,,,
2606,1309,Mastercard,Debit,5001932148943386,11/2024,861,YES,1,25021,04/2009,2009,No,2009-04-01,,,,
828,1583,Visa,Debit,4627841905437269,02/2020,382,YES,2,33605,01/2020,2020,No,2020-01-01,s_000675,2020-01-01 09:26:00,search,/cards/rewards
3385,1583,Mastercard,Debit (Prepaid),5277291731808525,10/2023,656,NO,1,63,06/2008,2010,No,2008-06-01,,,,
5724,1583,Mastercard,Debit (Prepaid),5499814764082703,03/2024,208,YES,1,84,11/2016,2016,No,2016-11-01,s_000676,2016-11-05 14:20:00,friend_or_family,/apply
4694,1885,Visa,Debit,4806392673999553,12/2012,788,YES,2,18733,09/2008,2014,No,2008-09-01,,,,
4951,1885,Mastercard,Debit (Prepaid),5423227075379758,10/2006,812,YES,2,38,10/2001,2007,No,2001-10-01,,,,
3424,1885,Mastercard,Debit,5077515394309071,12/2018,216,YES,1,21895,06/2009,2009,No,2009-06-01,,,,
2435,1885,Visa,Credit,4338490944284662,04/2022,381,YES,2,8700,04/2002,2010,No,2002-04-01,,,,
2046,1566,Mastercard,Debit,5779974407665985,01/2023,527,YES,2,16050,03/2003,2006,No,2003-03-01,,,,
5832,1566,Mastercard,Debit,5408251118769597,03/2007,762,YES,2,17257,12/2005,2009,No,2005-12-01,,,,
5546,1566,Visa,Debit,4803682548615735,04/2012,499,YES,2,20573,11/2008,2015,No,2008-11-01,,,,
2383,401,Mastercard,Debit,5691373570423014,01/2020,797,YES,1,18829,03/2019,2019,No,2019-03-01,s_000677,2019-03-23 13:41:00,social_media,/blog/credit-basics
5628,401,Visa,Debit,4568197311547979,02/2020,976,YES,1,16619,11/2010,2010,No,2010-11-01,,,,
5643,401,Discover,Credit,6043138850528323,12/2022,36,NO,1,9700,11/2011,2012,No,2011-11-01,,,,
4924,401,Mastercard,Credit,5641292346753762,07/2024,940,YES,2,2200,09/2019,2019,No,2019-09-01,s_000678,2019-09-08 19:33:00,other,/cards/rewards
3004,401,Mastercard,Debit,5192267246661566,10/2024,412,YES,1,17691,05/2009,2009,No,2009-05-01,,,,
1597,401,Mastercard,Debit,5053048068364098,08/2024,114,YES,1,11910,02/2020,2020,No,2020-02-01,s_000679,2020-02-25 17:03:00,blog_or_review_site,/blog/credit-basics
3035,401,Amex,Credit,321401373752458,04/2023,507,YES,2,11000,05/2010,2014,No,2010-05-01,,,,
6030,15,Visa,Debit,4098548875720611,12/2021,832,YES,1,13971,12/2010,2010,No,2010-12-01,,,,
4988,15,Mastercard,Credit,5083940596996065,03/2020,427,YES,2,7100,10/2003,2017,No,2003-10-01,,,,
3182,15,Visa,Credit,4885936439907966,06/2020,161,YES,1,0,05/2016,2016,No,2016-05-01,s_000680,2016-05-09 16:08:00,search,/blog/credit-basics
829,1666,Visa,Credit,4934752965828835,06/2022,217,YES,2,5800,01/2020,2020,No,2020-01-01,s_000681,2020-01-03 14:54:00,social_media,/
2533,1666,Mastercard,Credit,5888017098066838,02/2009,395,YES,1,12700,04/2007,2015,No,2007-04-01,,,,
178,1666,Visa,Debit,4081281007922347,05/2024,405,YES,1,17405,01/2008,2012,No,2008-01-01,,,,
993,1666,Visa,Debit,4116719519692656,10/2020,930,YES,1,9418,02/2001,2012,No,2001-02-01,,,,
1598,509,Mastercard,Credit,5125572827019758,09/2024,88,YES,1,9900,02/2020,2020,No,2020-02-01,s_000682,2020-02-09 10:37:00,other,/blog/credit-basics
3446,509,Visa,Debit,4119030099012884,08/2022,613,YES,2,25292,06/2009,2009,No,2009-06-01,,,,
4588,509,Visa,Debit,4262181069766792,07/2022,519,YES,1,12721,09/2005,2015,No,2005-09-01,,,,
569,509,Mastercard,Debit,5679878136345109,12/2023,658,YES,1,13218,01/2020,2020,No,2020-01-01,s_000683,2020-01-19 10:28:00,friend_or_family,/cards/rewards
2644,954,Mastercard,Debit,5915880344129112,08/2024,471,YES,2,18320,04/2010,2010,No,2010-04-01,,,,
2220,954,Mastercard,Debit,5935596537639790,11/2023,851,YES,1,20270,03/2009,2009,No,2009-03-01,,,,
4416,954,Visa,Debit,4400219107299850,11/2013,542,YES,1,18254,08/2013,2013,No,2013-08-01,,,,
5586,954,Visa,Debit,4089300388076101,10/2024,359,YES,1,24104,11/2009,2009,No,2009-11-01,,,,
3548,832,Mastercard,Credit,5218196083865154,10/2024,647,YES,1,10900,06/2012,2012,No,2012-06-01,,,,
2948,832,Visa,Debit,4981253351585415,09/2022,351,YES,1,23260,05/2007,2010,No,2007-05-01,,,,
3107,832,Visa,Debit,4295278548240324,07/2024,380,NO,1,20776,05/2011,2011,No,2011-05-01,,,,
570,832,Mastercard,Debit,5355282965831676,02/2020,110,YES,2,15741,01/2020,2020,No,2020-01-01,s_000684,2020-01-24 20:17:00,search,/cards
2362,1046,Mastercard,Credit,5861740201459988,12/2020,366,YES,2,7300,03/2017,2017,No,2017-03-01,s_000685,2017-03-04 08:12:00,search,/blog/credit-basics
6,1046,Amex,Credit,394584924614148,02/1999,302,YES,2,9400,01/1998,2011,No,1998-01-01,,,,
3259,1046,Visa,Debit,4890055017613535,04/2021,956,YES,2,10124,06/2003,2018,No,2003-06-01,,,,
9,1046,Amex,Credit,357982644067712,09/2020,72,YES,1,13000,01/1999,2005,No,1999-01-01,,,,
4520,630,Mastercard,Debit,5384345955909701,02/2021,595,YES,2,18060,09/2002,2019,No,2002-09-01,,,,
2059,630,Mastercard,Debit,5772590166573650,07/2020,370,YES,1,7546,03/2004,2010,No,2004-03-01,,,,
5629,630,Visa,Debit,4542180712523328,11/2020,573,YES,1,9062,11/2010,2010,No,2010-11-01,,,,
3386,1561,Mastercard,Credit,5551931585131534,04/2021,846,YES,1,17900,06/2008,2010,No,2008-06-01,,,,
1025,1561,Visa,Debit,4378338421772779,03/2016,43,YES,2,33822,02/2003,2018,No,2003-02-01,,,,
2966,1561,Mastercard,Debit,5321097255210931,10/2022,151,YES,2,30909,05/2008,2013,No,2008-05-01,,,,
5353,1561,Visa,Debit,4243596342751426,07/2022,687,NO,2,2722,11/1997,2016,No,1997-11-01,,,,
2377,1548,Visa,Debit,4387424871359762,03/2020,620,YES,1,28762,03/2018,2018,No,2018-03-01,s_000686,2018-03-07 14:06:00,social_media,/
5764,1548,Mastercard,Debit (Prepaid),5855871886072937,10/2023,608,NO,1,67,12/2000,2011,No,2000-12-01,,,,
4406,1548,Mastercard,Debit,5206850868932460,05/2020,278,YES,1,44345,08/2013,2013,No,2013-08-01,,,,
2901,221,Mastercard,Debit,5299458985659885,12/2021,939,YES,2,2209,05/2006,2013,No,2006-05-01,,,,
2444,221,Mastercard,Debit,5721793415718927,07/2021,936,YES,2,24582,04/2003,2012,No,2003-04-01,,,,
4589,221,Visa,Debit,4474874486729578,11/2021,557,NO,1,1017,09/2005,2010,No,2005-09-01,,,,
1049,221,Mastercard,Debit,5439379970529141,10/2022,751,YES,1,11625,02/2005,2014,No,2005-02-01,,,,
1331,1328,Visa,Credit,4186230455407129,04/2020,452,YES,1,1000,02/2013,2013,No,2013-02-01,,,,
1879,1328,Visa,Debit,4130691040375178,06/2020,573,YES,1,37491,02/2020,2020,No,2020-02-01,s_000688,2020-02-28 11:11:00,social_media,/compare
2158,1901,Visa,Debit (Prepaid),4693399280462586,07/2023,216,YES,2,59,03/2007,2015,No,2007-03-01,,,,
3846,1901,Mastercard,Debit,5584237915645568,08/2023,278,NO,2,6384,07/2008,2017,No,2008-07-01,,,,
3887,1901,Mastercard,Debit (Prepaid),5481575854699028,01/2013,766,YES,2,24,07/2009,2016,No,2009-07-01,,,,
5357,665,Mastercard,Debit,5918910325356792,03/2022,670,YES,2,11994,11/1999,2011,No,1999-11-01,,,,
3652,665,Mastercard,Debit,5972495236133028,10/2024,260,YES,1,8747,07/1998,2007,No,1998-07-01,,,,
5073,665,Discover,Credit,6073415333610129,09/2019,544,YES,1,9500,10/2007,2011,No,2007-10-01,,,,
5193,665,Mastercard,Debit,5223363810636949,06/2023,157,YES,1,1264,10/2010,2019,No,2010-10-01,,,,
3402,665,Visa,Debit,4528444090805864,01/2022,349,YES,2,7233,06/2008,2011,No,2008-06-01,,,,
2798,665,Mastercard,Debit,5367612713630895,03/2022,457,YES,1,1264,05/1998,2014,No,1998-05-01,,,,
3217,665,Mastercard,Debit,5383484021585473,06/2001,78,NO,2,15007,06/2000,2013,No,2000-06-01,,,,
968,665,Mastercard,Debit,5441697353641069,02/2002,271,YES,2,13529,02/1999,2008,No,1999-02-01,,,,
1213,442,Mastercard,Debit,5422663837290602,02/2015,95,YES,1,25209,02/2010,2011,No,2010-02-01,,,,
141,442,Visa,Debit,4543954544652846,06/2024,124,YES,1,34063,01/2007,2009,No,2007-01-01,,,,
2117,442,Mastercard,Debit,5595793068662525,12/2019,821,NO,1,31307,03/2006,2010,No,2006-03-01,,,,
112,442,Visa,Debit,4420834293443756,02/2020,403,YES,1,40384,01/2006,2006,No,2006-01-01,,,,
2346,442,Visa,Debit,4849956694296337,05/2024,840,YES,2,19525,03/2015,2015,No,2015-03-01,,,,
4572,1626,Amex,Credit,367423467093893,12/2022,764,YES,2,7200,09/2005,2011,No,2005-09-01,,,,
1600,1539,Mastercard,Credit,5729767434317024,09/2020,422,YES,2,6200,02/2020,2020,No,2020-02-01,s_000689,2020-02-03 18:55:00,search,/cards
3847,1539,Mastercard,Credit,5729516736133357,07/2023,414,YES,3,21700,07/2008,2015,No,2008-07-01,,,,
4203,601,Mastercard,Credit,5294476060895480,12/2009,468,YES,1,7100,08/2007,2009,No,2007-08-01,,,,
2300,601,Mastercard,Credit,5361691946548943,06/2022,613,YES,2,6700,03/2012,2012,No,2012-03-01,,,,
3674,601,Mastercard,Debit (Prepaid),5512114617143185,09/2021,945,YES,1,68,07/2002,2011,No,2002-07-01,,,,
5760,601,Mastercard,Credit,5187201945323044,10/2018,824,YES,2,10800,12/1999,2005,No,1999-12-01,,,,
3681,601,Visa,Debit,4313175636042739,11/2022,533,YES,2,9952,07/2002,2010,No,2002-07-01,,,,
2347,601,Visa,Credit,4000370059012165,11/2024,22,YES,2,5400,03/2015,2015,No,2015-03-01,,,,
2840,541,Mastercard,Credit,5176908526574912,01/2015,638,YES,2,12200,05/2003,2009,No,2003-05-01,,,,
5516,210,Discover,Credit,6029205262726868,03/2022,307,YES,2,3700,11/2008,2011,No,2008-11-01,,,,
3053,206,Mastercard,Credit,5817132520514792,01/2024,425,YES,1,11300,05/2010,2011,No,2010-05-01,,,,
1601,206,Mastercard,Debit,5447278925047092,08/2020,509,YES,1,18510,02/2020,2020,No,2020-02-01,s_000690,2020-02-14 11:43:00,search,/cards
1603,115,Mastercard,Debit,5253234186328777,02/2024,926,YES,1,55750,02/2020,2020,No,2020-02-01,s_000692,2020-02-22 19:19:00,search,/cards/rewards
38,115,Mastercard,Credit,5419421476993334,11/2024,290,NO,1,20300,01/2003,2015,No,2003-01-01,,,,
4590,115,Visa,Debit (Prepaid),4946298081598663,07/2023,580,YES,2,52,09/2005,2008,No,2005-09-01,,,,
19,115,Mastercard,Debit,5610743457688598,01/2023,310,YES,2,46184,01/2001,2014,No,2001-01-01,,,,
4927,115,Visa,Credit,4751938107987467,10/2024,839,YES,1,13200,09/2019,2019,No,2019-09-01,s_000693,2019-09-08 08:32:00,social_media,/compare
5704,115,Visa,Debit,4975707785859421,09/2022,744,YES,2,34284,11/2014,2014,No,2014-11-01,,,,
3934,1779,Mastercard,Debit,5398659110488007,10/2024,776,YES,2,9257,07/2010,2018,No,2010-07-01,,,,
1214,1779,Mastercard,Debit,5786581990221963,02/2023,672,YES,2,7623,02/2010,2015,No,2010-02-01,,,,
4029,248,Visa,Debit,4747815633973046,08/2021,914,YES,1,9741,07/2014,2014,No,2014-07-01,,,,
4932,248,Mastercard,Debit,5499359671695760,11/2021,129,YES,1,11749,10/1998,2008,No,1998-10-01,,,,
99,248,Mastercard,Debit,5145532394563662,04/2013,369,YES,2,12257,01/2006,2010,No,2006-01-01,,,,
1030,248,Mastercard,Debit,5939700185835878,09/2010,635,YES,2,10792,02/2004,2008,No,2004-02-01,,,,
3130,1003,Discover,Credit,6369515530338470,10/2024,852,YES,2,21000,05/2013,2013,No,2013-05-01,,,,
3557,118,Visa,Debit,4142110459052351,09/2024,112,YES,1,20653,06/2012,2012,No,2012-06-01,,,,
2792,118,Discover,Credit,6987061746149197,11/2024,75,YES,1,6700,05/1997,2016,No,1997-05-01,,,,
3848,118,Mastercard,Debit,5548387982631859,07/2021,666,YES,2,2629,07/2008,2017,No,2008-07-01,,,,
4943,755,Mastercard,Debit,5534541653646616,04/2020,809,YES,2,13979,10/2000,2007,No,2000-10-01,,,,
2206,755,Visa,Debit,4667069269699060,09/2020,557,YES,1,15459,03/2008,2010,No,2008-03-01,,,,
4797,755,Visa,Debit,4152201825251056,12/2022,314,YES,2,10756,09/2010,2018,No,2010-09-01,,,,
2757,755,Discover,Credit,6854474888626753,01/2020,26,YES,3,4900,04/2016,2016,No,2016-04-01,s_000696,2016-04-24 16:20:00,search,/compare
2321,755,Visa,Debit,4668572513233214,08/2021,346,YES,2,11869,03/2013,2013,No,2013-03-01,,,,
4958,1432,Visa,Debit,4326650926720477,05/2021,924,YES,1,32043,10/2001,2009,No,2001-10-01,,,,
4929,1432,Visa,Credit,4628195999996989,07/2023,543,YES,1,19400,10/1996,2012,No,1996-10-01,,,,
1192,1432,Visa,Credit,4328042122247732,01/2010,97,YES,1,15900,02/2009,2009,No,2009-02-01,,,,
2726,1432,Mastercard,Debit,5033363979740914,07/2022,246,YES,2,25740,04/2014,2014,No,2014-04-01,,,,
4576,456,Mastercard,Debit,5915761072331247,08/2020,754,YES,2,12594,09/2005,2014,No,2005-09-01,,,,
2800,456,Visa,Credit,4751933848032848,12/2024,614,YES,1,5800,05/1998,2009,No,1998-05-01,,,,
5811,456,Mastercard,Debit,5549596794440785,03/2005,529,YES,2,14824,12/2004,2011,No,2004-12-01,,,,
4603,623,Mastercard,Debit,5595541886484466,12/2006,173,YES,2,14954,09/2006,2007,No,2006-09-01,,,,
2072,623,Visa,Debit,4227288222945154,09/2024,212,YES,2,9146,03/2004,2012,No,2004-03-01,,,,
2130,623,Visa,Debit,4699958965879610,09/2023,792,YES,2,31917,03/2006,2009,No,2006-03-01,,,,
5381,47,Mastercard,Debit,5880626034442823,09/2012,871,YES,2,8636,11/2002,2014,No,2002-11-01,,,,
4952,47,Mastercard,Debit,5466414459089427,01/2024,556,YES,2,3891,10/2001,2016,No,2001-10-01,,,,
5630,47,Visa,Debit (Prepaid),4163402116623079,12/2021,57,YES,2,100,11/2010,2010,No,2010-11-01,,,,
5080,47,Mastercard,Credit,5635188704285842,05/2021,3,YES,2,10500,10/2007,2011,No,2007-10-01,,,,
5876,760,Amex,Credit,360330585295390,05/2022,887,YES,1,9100,12/2007,2008,No,2007-12-01,,,,
5670,760,Mastercard,Debit,5089677231892699,05/2022,95,YES,1,17393,11/2012,2012,No,2012-11-01,,,,
4379,760,Visa,Debit (Prepaid),4328570434774826,01/2023,822,NO,1,59,08/2011,2011,No,2011-08-01,,,,
2566,956,Mastercard,Debit,5894303084517359,03/2012,643,YES,2,2355,04/2008,2009,No,2008-04-01,,,,
1606,956,Mastercard,Debit,5291344771165863,02/2020,383,YES,1,29553,02/2020,2020,No,2020-02-01,s_000700,2020-02-02 08:13:00,search,/blog/credit-basics
4273,194,Visa,Credit,4396420039695362,09/2024,831,YES,1,8300,08/2008,2008,No,2008-08-01,,,,
2401,194,Mastercard,Debit,5295553845119885,04/2024,465,YES,2,14501,04/1998,2012,No,1998-04-01,,,,
5587,194,Visa,Debit,4731739581942739,03/2023,402,NO,2,9080,11/2009,2013,No,2009-11-01,,,,
5062,194,Visa,Debit,4450584062421730,10/2020,426,YES,1,1534,10/2006,2015,No,2006-10-01,,,,
1881,1246,Visa,Credit,4503003404657982,02/2020,994,YES,1,6600,02/2020,2020,No,2020-02-01,s_000703,2020-02-19 14:46:00,app_store,/compare
5812,1246,Mastercard,Debit,5460635909206619,04/2021,494,NO,1,15087,12/2004,2005,No,2004-12-01,,,,
4810,1246,Mastercard,Debit,5019373098063506,05/2024,803,NO,1,16257,09/2011,2011,No,2011-09-01,,,,
5023,1246,Mastercard,Credit,5948027607549223,04/2024,745,YES,2,8500,10/2005,2012,No,2005-10-01,,,,
2774,641,Visa,Debit,4090737232864595,04/2019,873,YES,2,18401,04/2017,2017,No,2017-04-01,s_000704,2017-04-02 18:33:00,app_store,/blog/credit-basics
4456,641,Mastercard,Debit,5932134708405084,02/2020,290,YES,1,17946,08/2016,2016,No,2016-08-01,s_000705,2016-08-28 11:49:00,blog_or_review_site,/cards
14,641,Mastercard,Debit,5206583278012757,07/2021,19,YES,1,24819,01/2000,2011,No,2000-01-01,,,,
1193,641,Visa,Credit,4068972276491706,06/2009,87,YES,2,11000,02/2009,2010,No,2009-02-01,,,,
4718,641,Mastercard,Debit,5316778308007531,01/2022,916,YES,2,12275,09/2009,2009,No,2009-09-01,,,,
5151,641,Mastercard,Debit,5609319010602606,05/2022,608,YES,1,22044,10/2009,2009,No,2009-10-01,,,,
3907,1060,Visa,Credit,4309045665471171,05/2021,488,NO,1,10600,07/2009,2018,No,2009-07-01,,,,
4291,1060,Mastercard,Debit (Prepaid),5050635646267142,01/2021,263,YES,2,61,08/2009,2016,No,2009-08-01,,,,
5216,1060,Visa,Debit,4810039258739759,05/2023,199,YES,2,14114,10/2010,2010,No,2010-10-01,,,,
5326,1060,Visa,Credit,4542199497010950,05/2022,720,YES,2,6500,10/2017,2017,No,2017-10-01,s_000706,2017-10-24 18:06:00,search,/compare
3849,1060,Mastercard,Credit,5317191716062677,02/2023,498,YES,1,9400,07/2008,2012,No,2008-07-01,,,,
4631,245,Amex,Credit,303388287085492,02/2021,532,YES,1,8900,09/2007,2007,No,2007-09-01,,,,
1883,245,Visa,Debit (Prepaid),4476065851945684,07/2020,36,NO,2,94,02/2020,2020,No,2020-02-01,s_000711,2020-02-14 19:58:00,other,/apply
4362,774,Mastercard,Debit,5895713697224705,09/2022,258,YES,2,1669,08/2011,2016,No,2011-08-01,,,,
83,774,Visa,Debit,4983985291771434,05/2024,805,YES,1,16717,01/2005,2006,No,2005-01-01,,,,
100,1822,Mastercard,Debit,5279713794719682,09/2021,47,YES,2,14133,01/2006,2010,No,2006-01-01,,,,
3985,1822,Visa,Debit,4178217448317088,09/2022,519,YES,2,13029,07/2011,2011,No,2011-07-01,,,,
1608,1822,Mastercard,Debit,5664759161976809,06/2024,550,YES,2,11624,02/2020,2020,No,2020-02-01,s_000712,2020-02-23 15:13:00,friend_or_family,/blog/credit-basics
4285,1822,Amex,Credit,318484934517404,11/2010,520,YES,2,5900,08/2009,2010,No,2009-08-01,,,,
2221,1822,Mastercard,Debit (Prepaid),5631456765491989,04/2024,102,YES,1,10,03/2009,2011,No,2009-03-01,,,,
5888,1209,Mastercard,Debit,5471110680954467,01/2020,175,YES,2,42074,12/2007,2010,No,2007-12-01,,,,
4573,1209,Amex,Credit,339030327753446,02/2021,650,YES,2,19400,09/2005,2013,No,2005-09-01,,,,
3362,1209,Visa,Debit,4274911965973655,12/2020,786,YES,1,27091,06/2007,2018,No,2007-06-01,,,,
3387,1209,Mastercard,Debit (Prepaid),5771648554583821,08/2020,775,YES,1,76,06/2008,2014,No,2008-06-01,,,,
3693,1209,Mastercard,Debit,5781736709412195,04/2021,939,YES,1,16340,07/2003,2009,No,2003-07-01,,,,
4462,1209,Mastercard,Credit,5084380925956677,10/2017,617,NO,1,4300,08/2017,2017,No,2017-08-01,s_000713,2017-08-12 22:56:00,search,/compare
2261,997,Visa,Credit,4887678666553627,02/2021,224,YES,1,17100,03/2010,2011,No,2010-03-01,,,,
6108,997,Mastercard,Debit (Prepaid),5003576204537961,12/2020,14,YES,1,57,12/2015,2015,No,2015-12-01,,,,
5046,997,Discover,Credit,6867180010349307,07/2023,59,YES,1,11200,10/2006,2006,No,2006-10-01,,,,
5825,997,Amex,Credit,353877018181177,08/2021,65,YES,1,5900,12/2005,2011,No,2005-12-01,,,,
1446,1180,Discover,Credit,6422941047474556,08/2021,992,YES,2,8200,02/2020,2020,No,2020-02-01,s_000714,2020-02-15 09:20:00,podcast_or_youtube,/cards/rewards
6041,1180,Mastercard,Credit,5993329445307051,06/2023,375,YES,1,11200,12/2011,2016,No,2011-12-01,,,,
1609,1180,Mastercard,Debit,5950036485745255,10/2020,85,YES,2,9641,02/2020,2020,No,2020-02-01,s_000715,2020-02-21 08:26:00,search,/cards
23,318,Visa,Credit,4234128216675939,07/2008,678,YES,1,7500,01/2001,2017,No,2001-01-01,,,,
2928,318,Mastercard,Debit,5604082480116921,11/2023,659,YES,2,9725,05/2007,2012,No,2007-05-01,,,,
2004,318,Mastercard,Debit,5737016502815467,07/1997,601,NO,1,713,03/1997,2008,No,1997-03-01,,,,
3183,318,Visa,Credit,4949255212004884,12/2023,520,YES,2,0,05/2016,2016,No,2016-05-01,s_000716,2016-05-24 13:51:00,search,/compare
5081,691,Mastercard,Debit,5446801894773477,09/2012,328,YES,1,10824,10/2007,2015,No,2007-10-01,,,,
3157,1993,Visa,Debit,4474146136597583,06/2015,298,YES,1,54768,05/2014,2014,No,2014-05-01,,,,
4176,1993,Mastercard,Debit,5730095777634107,05/2015,347,YES,1,36982,08/2006,2009,No,2006-08-01,,,,
70,1993,Mastercard,Credit,5703701005597044,09/2012,789,YES,2,19500,01/2005,2010,No,2005-01-01,,,,
5082,1993,Mastercard,Debit,5760259520469831,05/2020,777,YES,1,43863,10/2007,2012,No,2007-10-01,,,,
5152,1993,Mastercard,Debit,5904195142586918,03/2023,377,YES,2,27050,10/2009,2018,No,2009-10-01,,,,
4635,1993,Mastercard,Debit,5682670963531855,02/2020,350,YES,2,33468,09/2007,2010,No,2007-09-01,,,,
3675,252,Mastercard,Credit,5167343609558637,10/2024,394,YES,1,10700,07/2002,2013,No,2002-07-01,,,,
271,252,Mastercard,Debit (Prepaid),5762124532464441,10/2024,43,YES,2,35,01/2011,2011,No,2011-01-01,,,,
5024,252,Mastercard,Debit,5186949472205571,10/2022,48,YES,1,9358,10/2005,2015,No,2005-10-01,,,,
4577,252,Mastercard,Debit,5415548034534018,02/2024,874,YES,1,13425,09/2005,2015,No,2005-09-01,,,,
5407,252,Mastercard,Debit,5633482843715503,08/2020,37,NO,1,24213,11/2004,2009,No,2004-11-01,,,,
3788,252,Visa,Debit,4882258377184803,03/2020,597,NO,2,14911,07/2006,2014,No,2006-07-01,,,,
4719,1757,Mastercard,Credit,5498435631041773,01/2019,7,YES,1,10800,09/2009,2011,No,2009-09-01,,,,
142,1757,Visa,Credit,4064761360050851,07/2022,528,YES,2,13200,01/2007,2007,No,2007-01-01,,,,
2685,1757,Visa,Debit,4126600786733032,10/2023,380,YES,1,12628,04/2011,2012,No,2011-04-01,,,,
4820,1757,Visa,Debit,4770016969284052,03/2016,688,YES,1,16642,09/2011,2011,No,2011-09-01,,,,
3054,1324,Mastercard,Debit,5147547789135485,12/2020,635,YES,1,13013,05/2010,2012,No,2010-05-01,,,,
3314,1324,Mastercard,Credit,5465005714822989,08/2020,676,YES,2,10400,06/2006,2006,No,2006-06-01,,,,
4959,1324,Visa,Credit,4713324681058860,09/2024,943,YES,2,12500,10/2001,2011,No,2001-10-01,,,,
5889,1324,Mastercard,Debit,5404924988382806,12/2023,898,YES,3,8889,12/2007,2013,No,2007-12-01,,,,
2102,1557,Amex,Credit,323245493552532,01/2024,133,YES,1,19000,03/2006,2011,No,2006-03-01,,,,
2471,1557,Visa,Debit,4937226529694539,04/2021,978,NO,1,12370,04/2004,2008,No,2004-04-01,,,,
6098,1557,Discover,Credit,6263143688274935,04/2020,750,YES,2,9000,12/2014,2014,No,2014-12-01,,,,
1610,1555,Mastercard,Debit,5044161315330869,01/2021,635,YES,1,5284,02/2020,2020,No,2020-02-01,s_000717,2020-02-11 13:06:00,other,/
6042,1555,Mastercard,Debit (Prepaid),5313709235716865,04/2022,105,YES,2,50,12/2011,2011,No,2011-12-01,,,,
3190,1555,Mastercard,Credit,5004140207005826,12/2024,826,YES,2,2300,05/2017,2017,No,2017-05-01,s_000718,2017-05-01 21:29:00,search,/cards
1019,941,Mastercard,Debit,5371465627255292,02/2022,208,YES,1,20022,02/2003,2014,No,2003-02-01,,,,
573,156,Mastercard,Debit,5580797323399612,05/2020,602,YES,1,14820,01/2020,2020,No,2020-01-01,s_000719,2020-01-05 11:16:00,social_media,/apply
5438,156,Visa,Credit,4033049142123683,05/2023,457,YES,2,6900,11/2005,2013,No,2005-11-01,,,,
1334,156,Amex,Credit,338476518852926,05/2021,955,YES,2,5200,02/2014,2014,No,2014-02-01,,,,
4604,156,Mastercard,Debit (Prepaid),5395413641992121,12/2016,599,YES,1,64,09/2006,2010,No,2006-09-01,,,,
2827,24,Mastercard,Debit,5519749178345162,03/2020,389,YES,2,8165,05/2002,2009,No,2002-05-01,,,,
1316,302,Mastercard,Debit,5544586425634316,09/2020,652,YES,2,16799,02/2013,2013,No,2013-02-01,,,,
1408,302,Amex,Credit,344544551925411,04/2024,781,YES,2,13800,02/2020,2020,No,2020-02-01,s_000720,2020-02-20 08:31:00,friend_or_family,/
1884,949,Visa,Debit,4406651851662470,03/2020,535,YES,1,20826,02/2020,2020,No,2020-02-01,s_000721,2020-02-28 10:55:00,friend_or_family,/
430,949,Discover,Credit,6667487813805784,12/2020,869,YES,2,20700,01/2020,2020,No,2020-01-01,s_000722,2020-01-09 14:23:00,podcast_or_youtube,/blog/credit-basics
2249,949,Mastercard,Debit,5026926528558439,06/2023,88,YES,2,15813,03/2010,2011,No,2010-03-01,,,,
574,949,Mastercard,Debit (Prepaid),5230200235683632,02/2020,31,YES,2,41,01/2020,2020,No,2020-01-01,s_000723,2020-01-14 16:46:00,blog_or_review_site,/
3549,949,Mastercard,Credit,5272390505326909,06/2022,137,YES,2,8000,06/2012,2012,No,2012-06-01,,,,
3598,1281,Visa,Credit,4150741409734991,08/2021,36,YES,2,6600,06/2015,2015,No,2015-06-01,,,,
4775,1281,Mastercard,Debit,5111772382182985,11/2022,613,YES,2,15149,09/2010,2010,No,2010-09-01,,,,
3095,1281,Mastercard,Credit,5360137436970945,01/2017,838,YES,1,10100,05/2011,2016,No,2011-05-01,,,,
2902,1281,Mastercard,Debit,5072405422049281,10/2023,218,YES,2,14720,05/2006,2014,No,2006-05-01,,,,
5394,1281,Visa,Debit (Prepaid),4850365258362645,11/2023,234,YES,1,28,11/2003,2018,No,2003-11-01,,,,
3589,1281,Mastercard,Credit,5984801708604393,03/2019,199,YES,2,3600,06/2015,2015,No,2015-06-01,,,,
5116,1428,Mastercard,Debit (Prepaid),5027529544926447,12/2022,25,YES,1,47,10/2008,2016,No,2008-10-01,,,,
3163,433,Mastercard,Debit,5647678785895097,10/2024,728,YES,1,10179,05/2015,2015,No,2015-05-01,,,,
3868,433,Visa,Credit,4421198077171177,09/2020,672,YES,2,10600,07/2008,2014,No,2008-07-01,,,,
2903,433,Mastercard,Debit,5168270261449737,08/2007,417,YES,2,14716,05/2006,2012,No,2006-05-01,,,,
2370,433,Amex,Credit,365863370015670,08/2020,62,YES,2,12600,03/2018,2018,No,2018-03-01,s_000724,2018-03-01 16:29:00,social_media,/cards
4866,433,Visa,Debit (Prepaid),4441251898273999,12/2017,539,YES,1,96,09/2013,2013,No,2013-09-01,,,,
5606,433,Mastercard,Debit (Prepaid),5758062322827453,02/2020,705,YES,1,73,11/2010,2010,No,2010-11-01,,,,
4040,584,Visa,Credit,4420105255078893,04/2021,771,YES,1,6500,07/2015,2015,No,2015-07-01,,,,
3878,584,Amex,Credit,346940257761158,11/2023,947,YES,2,9300,07/2009,2009,No,2009-07-01,,,,
51,584,Mastercard,Debit,5556324903959052,12/2023,331,NO,2,8970,01/2004,2010,No,2004-01-01,,,,
5800,1832,Visa,Credit,4992452788404191,05/2023,62,YES,1,11700,12/2003,2013,No,2003-12-01,,,,
5932,1832,Mastercard,Debit,5617468224391712,06/2021,668,YES,1,2841,12/2008,2013,No,2008-12-01,,,,
4636,222,Mastercard,Debit,5747958873333088,05/2021,825,YES,1,46621,09/2007,2010,No,2007-09-01,,,,
4619,222,Visa,Debit,4850638391545334,11/2006,739,YES,2,62855,09/2006,2006,No,2006-09-01,,,,
4821,222,Visa,Debit,4677263098292783,10/2014,224,YES,1,46521,09/2011,2012,No,2011-09-01,,,,
4562,648,Visa,Credit,4143468711704435,06/2008,494,YES,2,4100,09/2004,2010,No,2004-09-01,,,,
3474,648,Mastercard,Credit,5409476939542313,01/2020,683,YES,1,9200,06/2010,2010,No,2010-06-01,,,,
3888,648,Mastercard,Credit,5007364960274325,10/2020,704,YES,2,2800,07/2009,2010,No,2009-07-01,,,,
4204,1889,Mastercard,Debit (Prepaid),5345398805896145,11/2015,124,YES,1,58,08/2007,2009,No,2007-08-01,,,,
1176,1889,Mastercard,Credit,5581736783190390,08/2021,839,YES,1,11400,02/2009,2014,No,2009-02-01,,,,
2618,1889,Visa,Debit,4763467572950708,07/2016,73,YES,2,15781,04/2009,2015,No,2009-04-01,,,,
5416,1889,Visa,Debit,4054285627938350,10/2023,16,YES,1,26906,11/2004,2016,No,2004-11-01,,,,
5890,1889,Mastercard,Debit,5098426242847294,10/2024,718,YES,2,10228,12/2007,2014,No,2007-12-01,,,,
2694,1229,Mastercard,Debit (Prepaid),5325455545002997,10/2023,421,YES,2,74,04/2012,2012,No,2012-04-01,,,,
2427,1229,Discover,Credit,6868773214447881,02/2020,279,YES,1,12600,04/2002,2010,No,2002-04-01,,,,
3282,1229,Visa,Credit,4751829096986111,02/2019,153,YES,2,7600,06/2004,2010,No,2004-06-01,,,,
5547,1229,Visa,Debit,4395114522983450,06/2024,237,YES,1,33080,11/2008,2008,No,2008-11-01,,,,
386,1229,Visa,Debit,4387900091455994,03/2020,509,NO,1,17954,01/2019,2019,No,2019-01-01,s_000727,2019-01-01 08:14:00,blog_or_review_site,/blog/credit-basics
272,1229,Mastercard,Debit,5896034364726407,01/2023,588,YES,1,19238,01/2011,2011,No,2011-01-01,,,,
5083,505,Mastercard,Debit,5608387837637865,01/2023,147,YES,2,14912,10/2007,2009,No,2007-10-01,,,,
2222,505,Mastercard,Debit,5990568998813171,11/2015,843,YES,2,5258,03/2009,2013,No,2009-03-01,,,,
5173,1083,Visa,Credit,4664688687059371,12/2020,887,YES,1,11300,10/2009,2011,No,2009-10-01,,,,
3710,1083,Mastercard,Debit,5866158485564729,10/2022,48,YES,1,24455,07/2004,2014,No,2004-07-01,,,,
5527,1083,Mastercard,Debit,5130413246944823,08/2016,942,YES,2,463,11/2008,2010,No,2008-11-01,,,,
3447,1083,Visa,Debit,4275554691937663,02/2010,49,YES,2,5511,06/2009,2012,No,2009-06-01,,,,
4448,1656,Mastercard,Debit,5955659249394046,09/2020,572,YES,2,20097,08/2015,2015,No,2015-08-01,,,,
834,1656,Visa,Debit,4743530458676223,07/2021,364,YES,2,14200,01/2020,2020,No,2020-01-01,s_000728,2020-01-24 19:40:00,podcast_or_youtube,/compare
1611,1656,Mastercard,Debit,5633119819093513,03/2024,914,YES,1,16415,02/2020,2020,No,2020-02-01,s_000729,2020-02-04 09:18:00,friend_or_family,/cards/rewards
1050,1373,Mastercard,Credit,5105665544771126,08/2020,485,NO,1,11000,02/2005,2013,No,2005-02-01,,,,
4074,1373,Amex,Credit,339152347601252,07/2024,985,YES,2,5700,07/2019,2019,No,2019-07-01,s_000731,2019-07-06 08:51:00,other,/cards/rewards
1194,667,Visa,Debit,4793849043206027,11/2019,994,YES,1,26024,02/2009,2013,No,2009-02-01,,,,
5063,667,Visa,Debit,4671059630101376,03/2024,853,YES,2,4599,10/2006,2013,No,2006-10-01,,,,
5408,667,Mastercard,Debit,5308236765304856,04/2020,123,YES,2,8522,11/2004,2015,No,2004-11-01,,,,
4563,667,Visa,Debit,4223920442824595,08/2023,77,YES,2,45854,09/2004,2013,No,2004-09-01,,,,
5891,667,Mastercard,Debit,5734290503257917,04/2024,170,YES,1,38194,12/2007,2012,No,2007-12-01,,,,
2929,480,Mastercard,Debit,5620895880327854,09/2022,944,YES,1,51051,05/2007,2012,No,2007-05-01,,,,
5409,480,Mastercard,Credit,5663590882219205,01/2020,673,NO,1,30800,11/2004,2007,No,2004-11-01,,,,
4872,480,Mastercard,Credit,5820692615463304,08/2023,905,YES,2,23400,09/2014,2014,No,2014-09-01,,,,
3388,480,Mastercard,Credit,5732115154614439,01/2022,821,YES,2,24800,06/2008,2013,No,2008-06-01,,,,
5607,480,Mastercard,Debit (Prepaid),5990674029501133,03/2023,331,YES,1,48,11/2010,2012,No,2010-11-01,,,,
4670,480,Mastercard,Credit,5178103003337414,07/2024,944,YES,2,8700,09/2008,2011,No,2008-09-01,,,,
2764,569,Visa,Credit,4345309820081331,08/2022,761,YES,2,5900,04/2016,2016,No,2016-04-01,s_000732,2016-04-04 11:42:00,other,/
5608,1600,Mastercard,Debit,5986596679422097,03/2021,556,YES,2,5059,11/2010,2010,No,2010-11-01,,,,
5050,1600,Mastercard,Debit,5580555303942267,05/2021,975,YES,2,22446,10/2006,2012,No,2006-10-01,,,,
4251,1600,Mastercard,Debit,5981687076393979,08/2023,248,YES,1,48754,08/2008,2013,No,2008-08-01,,,,
3498,1063,Visa,Credit,4724626131573867,06/2023,408,YES,1,9300,06/2010,2010,No,2010-06-01,,,,
2015,1063,Visa,Debit,4272145779221857,12/2022,960,YES,2,15265,03/2000,2009,No,2000-03-01,,,,
400,1063,Amex,Credit,321238694524282,11/2022,959,YES,2,12500,01/2020,2020,No,2020-01-01,s_000733,2020-01-03 14:10:00,blog_or_review_site,/cards/rewards
5683,1063,Mastercard,Debit,5487742107326265,07/2015,71,YES,1,28805,11/2013,2013,No,2013-11-01,,,,
1009,1063,Amex,Credit,366720676943558,11/2003,14,YES,1,9800,02/2003,2013,No,2003-02-01,,,,
3850,32,Mastercard,Credit,5874079264605271,05/2012,569,YES,1,11600,07/2008,2012,No,2008-07-01,,,,
5382,32,Mastercard,Debit,5800646935618683,12/2023,606,YES,2,26501,11/2002,2019,No,2002-11-01,,,,
3475,32,Mastercard,Debit,5694871166428059,12/2020,965,NO,2,11121,06/2010,2013,No,2010-06-01,,,,
1087,32,Mastercard,Debit,5666612651246367,04/2021,633,YES,2,2352,02/2006,2012,No,2006-02-01,,,,
4798,396,Visa,Debit (Prepaid),4449334595737957,02/2023,963,NO,2,65,09/2010,2011,No,2010-09-01,,,,
2785,396,Visa,Debit (Prepaid),4976990803040923,02/2020,280,YES,1,63,04/2018,2018,No,2018-04-01,s_000736,2018-04-01 18:57:00,podcast_or_youtube,/apply
4911,396,Mastercard,Debit (Prepaid),5855912828685060,10/2020,998,NO,1,69,09/2017,2017,No,2017-09-01,s_000737,2017-09-03 16:02:00,search,/
5395,396,Visa,Credit,4481459177871867,11/2003,407,YES,2,36900,11/2003,2014,No,2003-11-01,,,,
4300,396,Visa,Debit,4534286446272162,10/2024,909,YES,2,10875,08/2009,2020,No,2009-08-01,,,,
999,1498,Mastercard,Debit (Prepaid),5909422442877722,12/2024,904,YES,2,65,02/2002,2008,No,2002-02-01,,,,
3735,1498,Mastercard,Debit (Prepaid),5031500070846562,04/2023,242,YES,2,76,07/2005,2010,No,2005-07-01,,,,
577,1498,Mastercard,Debit,5467709707043932,03/2024,414,YES,2,15781,01/2020,2020,No,2020-01-01,s_000738,2020-01-16 15:49:00,podcast_or_youtube,/
2232,1498,Visa,Debit,4138930585575377,06/2019,145,YES,1,22227,03/2009,2010,No,2009-03-01,,,,
1613,104,Mastercard,Debit,5142639208685540,02/2020,219,YES,2,4924,02/2020,2020,No,2020-02-01,s_000739,2020-02-10 14:02:00,app_store,/compare
3161,104,Discover,Credit,6464999389821775,09/2020,611,YES,1,6300,05/2015,2015,No,2015-05-01,,,,
4205,104,Mastercard,Credit,5510383883718886,05/2024,39,NO,1,8000,08/2007,2020,No,2007-08-01,,,,
835,1062,Visa,Debit,4704183403153635,02/2020,877,NO,1,18432,01/2020,2020,No,2020-01-01,s_000740,2020-01-21 11:23:00,search,/blog/credit-basics
1390,1062,Mastercard,Debit (Prepaid),5959889429403771,02/2020,978,YES,2,86,02/2019,2019,No,2019-02-01,s_000741,2019-02-14 09:16:00,search,/blog/credit-basics
4363,1062,Mastercard,Debit,5880409088686139,09/2020,549,YES,2,11666,08/2011,2011,No,2011-08-01,,,,
5892,1657,Mastercard,Credit,5806776060660016,06/2021,573,YES,1,7800,12/2007,2007,No,2007-12-01,,,,
2183,1106,Mastercard,Debit,5807306830246695,08/2023,218,YES,1,10462,03/2008,2015,No,2008-03-01,,,,
3964,1106,Amex,Credit,355949624026502,12/2012,895,YES,2,11000,07/2011,2011,No,2011-07-01,,,,
2335,1106,Visa,Debit,4093331419395756,12/2023,813,YES,1,16927,03/2014,2014,No,2014-03-01,,,,
2550,1867,Visa,Debit (Prepaid),4562657491942638,04/2015,23,YES,2,96,04/2007,2015,No,2007-04-01,,,,
5238,1045,Mastercard,Debit (Prepaid),5957384655695394,07/2021,529,YES,1,95,10/2011,2011,No,2011-10-01,,,,
5462,1786,Mastercard,Credit,5280439372458362,03/2023,656,YES,2,2400,11/2006,2010,No,2006-11-01,,,,
2250,1786,Mastercard,Debit,5212105993740368,09/2023,749,YES,1,12127,03/2010,2010,No,2010-03-01,,,,
5463,1786,Mastercard,Credit,5639561447744152,11/2020,247,YES,1,18400,11/2006,2014,No,2006-11-01,,,,
1000,1786,Mastercard,Debit,5532586114473893,09/2024,288,YES,1,8273,02/2002,2009,No,2002-02-01,,,,
3789,1786,Visa,Debit,4664101203758468,01/2022,79,YES,2,16641,07/2006,2014,No,2006-07-01,,,,
2392,1569,Visa,Credit,4294423018570255,03/2022,724,YES,1,10300,04/1993,2013,No,1993-04-01,,,,
4109,1569,Mastercard,Debit,5176230872859772,05/2020,560,NO,2,13841,08/2002,2010,No,2002-08-01,,,,
2458,1569,Mastercard,Debit,5837677839033846,07/2024,153,YES,2,2054,04/2004,2015,No,2004-04-01,,,,
5098,1569,Visa,Credit,4642362910157968,09/2022,415,YES,2,5100,10/2007,2011,No,2007-10-01,,,,
3519,899,Mastercard,Debit,5972582186298210,02/2016,369,NO,1,22172,06/2011,2016,No,2011-06-01,,,,
2429,1595,Mastercard,Debit,5755792909736498,08/2023,338,YES,1,17749,04/2002,2011,No,2002-04-01,,,,
2472,1595,Visa,Credit,4800542079346441,09/2021,673,YES,1,12700,04/2004,2011,No,2004-04-01,,,,
3581,53,Mastercard,Debit,5671275511039267,07/2024,152,NO,2,16923,06/2014,2014,No,2014-06-01,,,,
3267,53,Amex,Credit,311447548311580,04/2020,560,YES,1,14800,06/2004,2010,No,2004-06-01,,,,
4620,53,Visa,Debit (Prepaid),4555062684626836,09/2009,63,YES,1,49,09/2006,2011,No,2006-09-01,,,,
1159,551,Visa,Debit,4527984307819255,03/2012,502,YES,2,19017,02/2008,2012,No,2008-02-01,,,,
4637,551,Mastercard,Debit,5830088551579353,08/2023,234,YES,2,13863,09/2007,2014,No,2007-09-01,,,,
3341,551,Discover,Credit,6207684045556324,06/2008,297,YES,2,400,06/2007,2010,No,2007-06-01,,,,
2795,1491,Visa,Credit,4478225264154010,03/2006,285,YES,2,5100,05/1997,2010,No,1997-05-01,,,,
5410,1491,Mastercard,Debit,5791246266185470,02/2024,833,YES,1,17620,11/2004,2011,No,2004-11-01,,,,
5732,1491,Mastercard,Debit,5388327407245086,12/2018,809,YES,2,23572,11/2017,2017,No,2017-11-01,s_000747,2017-11-23 10:03:00,friend_or_family,/cards
3019,1491,Visa,Debit,4844854154690497,05/2023,285,YES,2,20773,05/2009,2011,No,2009-05-01,,,,
1249,330,Visa,Debit,4013218758934399,10/2012,551,YES,2,25124,02/2010,2010,No,2010-02-01,,,,
2402,392,Mastercard,Debit,5397399966487868,08/2023,71,YES,1,19465,04/1998,2012,No,1998-04-01,,,,
4380,392,Visa,Credit,4634733858816477,12/2021,388,YES,1,14100,08/2011,2013,No,2011-08-01,,,,
3307,392,Visa,Debit (Prepaid),4935298479806419,08/2022,570,YES,2,32,06/2005,2012,No,2005-06-01,,,,
5153,1144,Mastercard,Debit,5270047889650775,09/2024,586,YES,2,16109,10/2009,2009,No,2009-10-01,,,,
4172,1144,Discover,Credit,6163698170878871,01/2010,324,YES,1,8100,08/2006,2008,No,2006-08-01,,,,
4141,1144,Visa,Debit,4133372133177612,04/2024,36,YES,2,16454,08/2004,2010,No,2004-08-01,,,,
2223,1144,Mastercard,Credit,5519338595052196,04/2024,968,YES,2,7300,03/2009,2010,No,2009-03-01,,,,
2459,1163,Mastercard,Debit (Prepaid),5611180263447982,04/2020,946,NO,2,46,04/2004,2010,No,2004-04-01,,,,
2275,1163,Mastercard,Credit,5056525550531002,07/2022,251,YES,2,22200,03/2011,2011,No,2011-03-01,,,,
4236,1163,Amex,Credit,337414078660495,06/2024,833,YES,1,26900,08/2008,2009,No,2008-08-01,,,,
5227,230,Amex,Credit,327212376390677,08/2023,611,YES,2,8700,10/2011,2013,No,2011-10-01,,,,
5788,230,Amex,Credit,389676870614061,10/2022,391,YES,2,4000,12/2003,2006,No,2003-12-01,,,,
5893,230,Mastercard,Credit,5761118180884911,02/2020,236,YES,1,7200,12/2007,2012,No,2007-12-01,,,,
5033,230,Visa,Debit,4440890128195970,09/2022,434,NO,2,14362,10/2005,2006,No,2005-10-01,,,,
1301,1066,Mastercard,Debit,5803246848212927,08/2023,269,YES,2,20060,02/2012,2012,No,2012-02-01,,,,
1126,1066,Visa,Debit,4623474503708079,11/2022,960,YES,2,17309,02/2007,2010,No,2007-02-01,,,,
2460,460,Mastercard,Debit,5024786214713145,09/2022,877,YES,1,38354,04/2004,2010,No,2004-04-01,,,,
3805,460,Mastercard,Debit,5504734087292061,09/2023,435,YES,2,49107,07/2007,2011,No,2007-07-01,,,,
5470,460,Visa,Debit,4858755901764608,10/2020,766,YES,1,8468,11/2006,2010,No,2006-11-01,,,,
4534,460,Mastercard,Debit,5577008661015609,02/2024,114,YES,1,28877,09/2003,2017,No,2003-09-01,,,,
5252,1661,Visa,Debit,4835541986783117,02/2020,417,YES,1,33713,10/2011,2011,No,2011-10-01,,,,
5983,1661,Visa,Credit,4294634745639513,09/2020,644,YES,1,25600,12/2009,2009,No,2009-12-01,,,,
5993,1926,Discover,Credit,6892639215588426,07/2020,873,YES,1,9100,12/2010,2013,No,2010-12-01,,,,
1160,1926,Visa,Debit,4833362009066626,09/2023,611,NO,2,793,02/2008,2008,No,2008-02-01,,,,
5439,1926,Visa,Credit,4661245088949274,02/2022,138,YES,2,4200,11/2005,2011,No,2005-11-01,,,,
2417,27,Mastercard,Credit,5054102481336555,06/2023,835,YES,2,9900,04/2001,2007,No,2001-04-01,,,,
5383,27,Visa,Debit,4102856768520788,05/2022,534,YES,1,15082,11/2002,2006,No,2002-11-01,,,,
2631,27,Discover,Credit,6392121692006580,11/2023,277,YES,1,13100,04/2010,2013,No,2010-04-01,,,,
5025,27,Mastercard,Debit,5844706815586007,02/2022,961,YES,2,1385,10/2005,2012,No,2005-10-01,,,,
1051,27,Mastercard,Debit,5596899870960481,06/2022,269,YES,2,26506,02/2005,2008,No,2005-02-01,,,,
3055,27,Mastercard,Debit,5876088623884858,12/2014,299,NO,1,10488,05/2010,2010,No,2010-05-01,,,,
578,27,Mastercard,Credit,5098820482811220,03/2022,546,YES,2,7000,01/2020,2020,No,2020-01-01,s_000748,2020-01-23 12:50:00,search,/cards/rewards
4035,27,Mastercard,Debit (Prepaid),5670263614078854,07/2024,491,YES,1,61,07/2015,2015,No,2015-07-01,,,,
4131,365,Mastercard,Debit,5858026767803910,05/2021,936,YES,2,8923,08/2004,2014,No,2004-08-01,,,,
3191,50,Mastercard,Debit,5332822054530194,07/2020,842,YES,2,29474,05/2017,2017,No,2017-05-01,s_000749,2017-05-14 09:39:00,search,/blog/credit-basics
5194,50,Mastercard,Debit,5735247274529263,02/2017,131,YES,2,25612,10/2010,2010,No,2010-10-01,,,,
247,50,Visa,Credit,4319140159818945,06/2023,418,YES,2,12700,01/2010,2010,No,2010-01-01,,,,
5471,50,Visa,Debit,4816947607499082,02/2021,329,NO,2,9781,11/2006,2014,No,2006-11-01,,,,
836,743,Visa,Debit,4492886045960839,10/2022,219,YES,1,20582,01/2020,2020,No,2020-01-01,s_000751,2020-01-15 20:31:00,social_media,/cards
1026,743,Visa,Debit,4251505296439839,11/2023,630,YES,1,9998,02/2003,2010,No,2003-02-01,,,,
1270,743,Mastercard,Debit,5434039936536227,01/2022,58,YES,1,11664,02/2011,2011,No,2011-02-01,,,,
5396,940,Visa,Credit,4865215431636927,04/2018,389,YES,1,15400,11/2003,2009,No,2003-11-01,,,,
273,940,Mastercard,Debit,5543612189896625,09/2024,0,YES,2,26534,01/2011,2011,No,2011-01-01,,,,
3726,940,Amex,Credit,341920835415537,02/2011,577,YES,2,11100,07/2005,2012,No,2005-07-01,,,,
5117,940,Mastercard,Debit,5790687100361013,04/2020,543,YES,3,7446,10/2008,2015,No,2008-10-01,,,,
2047,940,Mastercard,Debit,5065594473717174,01/2020,573,NO,2,12607,03/2003,2015,No,2003-03-01,,,,
2224,940,Mastercard,Debit,5712388411358845,03/2024,375,YES,2,1053,03/2009,2011,No,2009-03-01,,,,
3986,534,Visa,Debit,4434834942514583,04/2021,392,YES,1,24424,07/2011,2011,No,2011-07-01,,,,
3645,534,Visa,Debit,4620908286307575,08/2022,924,YES,2,22330,06/2019,2019,No,2019-06-01,s_000756,2019-06-01 08:06:00,other,/cards/rewards
336,534,Visa,Debit,4357162101921894,04/2024,602,YES,2,32659,01/2014,2014,No,2014-01-01,,,,
4068,59,Mastercard,Debit,5139260275619902,12/2018,356,YES,1,14939,07/2018,2018,No,2018-07-01,s_000759,2018-07-25 17:40:00,social_media,/apply
1391,59,Mastercard,Debit (Prepaid),5366605660821200,07/2021,820,YES,2,56,02/2019,2019,No,2019-02-01,s_000760,2019-02-12 21:25:00,search,/cards
1001,59,Mastercard,Credit,5722261582120036,06/2021,765,YES,2,8800,02/2002,2013,No,2002-02-01,,,,
3658,59,Visa,Credit,4920403884145613,08/2020,862,YES,1,9300,07/2000,2008,No,2000-07-01,,,,
5195,59,Mastercard,Credit,5287886813527779,09/2021,710,YES,1,6800,10/2010,2010,No,2010-10-01,,,,
2087,59,Mastercard,Debit,5273002914346439,03/2020,208,YES,2,12210,03/2005,2009,No,2005-03-01,,,,
1145,59,Mastercard,Debit,5731961436914517,08/2020,348,YES,2,6397,02/2008,2015,No,2008-02-01,,,,
5084,1908,Mastercard,Debit (Prepaid),5729782750338524,03/2024,682,YES,1,92,10/2007,2007,No,2007-10-01,,,,
2737,1908,Visa,Debit,4667494597335921,04/2016,716,YES,1,23053,04/2014,2014,No,2014-04-01,,,,
5945,1908,Visa,Credit,4321453382786729,11/2024,699,YES,1,14900,12/2008,2011,No,2008-12-01,,,,
2461,1908,Mastercard,Debit,5586848851452358,12/2021,999,YES,2,27046,04/2004,2015,No,2004-04-01,,,,
4032,1908,Amex,Credit,375809277251923,02/2024,763,NO,1,2900,07/2015,2015,No,2015-07-01,,,,
5007,992,Mastercard,Credit,5113385398145640,03/2011,64,YES,1,20800,10/2004,2007,No,2004-10-01,,,,
4511,992,Mastercard,Credit,5848472394865253,10/2020,65,YES,2,9000,09/2001,2010,No,2001-09-01,,,,
4928,992,Mastercard,Credit,5691724269449732,03/2024,70,NO,1,13100,10/1996,2012,No,1996-10-01,,,,
3108,992,Visa,Debit,4374177951721878,12/2023,692,NO,2,23636,05/2011,2013,No,2011-05-01,,,,
3647,198,Amex,Credit,308172687372686,08/2022,784,YES,1,8200,07/1998,2013,No,1998-07-01,,,,
305,198,Visa,Credit,4539993816741443,03/2023,11,YES,1,6900,01/2012,2012,No,2012-01-01,,,,
3177,198,Mastercard,Debit,5101124751213938,11/2022,652,YES,2,13689,05/2016,2016,No,2016-05-01,s_000769,2016-05-17 09:45:00,social_media,/blog/credit-basics
4638,1813,Mastercard,Credit,5920524223877097,11/2024,661,NO,1,12300,09/2007,2008,No,2007-09-01,,,,
5196,1813,Mastercard,Credit,5098671138116677,12/2011,455,YES,1,7900,10/2010,2010,No,2010-10-01,,,,
4591,1813,Visa,Credit,4281927270188113,03/2021,372,YES,1,13500,09/2005,2013,No,2005-09-01,,,,
101,1813,Mastercard,Debit (Prepaid),5548793272738670,04/2024,233,YES,1,41,01/2006,2010,No,2006-01-01,,,,
838,1989,Visa,Credit,4133581250475930,10/2022,896,YES,1,16400,01/2020,2020,No,2020-01-01,s_000771,2020-01-10 11:24:00,blog_or_review_site,/blog/credit-basics
2984,1989,Visa,Debit,4556637634817262,03/2023,126,YES,2,16293,05/2008,2009,No,2008-05-01,,,,
4036,1989,Mastercard,Credit,5131036676128155,08/2024,342,YES,2,14300,07/2015,2015,No,2015-07-01,,,,
3800,1989,Amex,Credit,387783458708691,03/2024,124,YES,1,21200,07/2007,2011,No,2007-07-01,,,,
3128,1148,Visa,Debit,4536763812166738,01/2021,475,YES,1,11068,05/2012,2012,No,2012-05-01,,,,
585,1148,Mastercard,Debit,5796942838820076,10/2021,291,NO,1,14835,01/2020,2020,No,2020-01-01,s_000772,2020-01-14 18:28:00,blog_or_review_site,/cards/rewards
5804,1148,Amex,Credit,310838708616037,03/2022,96,NO,2,9300,12/2004,2014,No,2004-12-01,,,,
1286,1148,Visa,Credit,4074614873243599,12/2020,16,YES,1,9400,02/2011,2011,No,2011-02-01,,,,
4132,872,Mastercard,Debit,5495672050218584,02/2022,792,YES,1,12566,08/2004,2015,No,2004-08-01,,,,
3131,872,Discover,Credit,6591224063219779,10/2020,174,YES,2,4100,05/2013,2013,No,2013-05-01,,,,
5609,872,Mastercard,Credit,5418010568255294,06/2018,205,YES,2,7400,11/2010,2012,No,2010-11-01,,,,
5064,872,Visa,Credit,4361264242552157,12/2021,440,YES,2,4200,10/2006,2011,No,2006-10-01,,,,
5933,458,Mastercard,Debit,5915885449164037,10/2022,744,YES,1,14388,12/2008,2015,No,2008-12-01,,,,
4177,458,Mastercard,Debit (Prepaid),5855592283767121,12/2020,132,YES,1,63,08/2006,2014,No,2006-08-01,,,,
2484,920,Mastercard,Credit,5388350141546014,01/2020,278,YES,2,8100,04/2005,2008,No,2005-04-01,,,,
3113,920,Amex,Credit,341587958222262,06/2024,281,YES,2,10000,05/2012,2012,No,2012-05-01,,,,
2758,1598,Discover,Credit,6844863173851964,11/2024,435,YES,2,8700,04/2016,2016,No,2016-04-01,s_000773,2016-04-10 22:26:00,search,/
3889,1598,Mastercard,Debit,5517394959961406,10/2023,758,NO,2,11900,07/2009,2010,No,2009-07-01,,,,
4776,1598,Mastercard,Credit,5631203582527418,10/2023,995,YES,1,5700,09/2010,2015,No,2010-09-01,,,,
1348,1598,Visa,Credit,4530836617790002,06/2022,596,YES,2,3400,02/2014,2014,No,2014-02-01,,,,
4657,1598,Discover,Credit,6755650709292906,05/2023,220,YES,2,5300,09/2008,2011,No,2008-09-01,,,,
4933,1876,Mastercard,Debit,5098350921641458,04/2023,974,YES,1,16082,10/1998,2010,No,1998-10-01,,,,
3315,1876,Mastercard,Debit,5986700523468552,12/2020,317,YES,1,21552,06/2006,2006,No,2006-06-01,,,,
5708,1876,Mastercard,Debit,5705118094307247,08/2022,295,YES,1,29037,11/2015,2015,No,2015-11-01,,,,
2881,1876,Mastercard,Debit,5865202589439156,12/2006,927,YES,2,19107,05/2005,2005,No,2005-05-01,,,,
5051,1876,Mastercard,Debit,5920582128586067,03/2012,387,YES,2,26562,10/2006,2008,No,2006-10-01,,,,
4503,1876,Discover,Credit,6208549056774201,06/2020,325,YES,1,9800,09/2000,2011,No,2000-09-01,,,,
2088,190,Mastercard,Debit,5442893744984249,06/2019,926,YES,2,29471,03/2005,2011,No,2005-03-01,,,,
2496,190,Visa,Credit,4273233611719444,10/2014,602,YES,1,17700,04/2005,2010,No,2005-04-01,,,,
3851,190,Mastercard,Debit,5036287741782216,04/2023,791,YES,2,11969,07/2008,2008,No,2008-07-01,,,,
3363,190,Visa,Debit,4685370244169283,04/2022,311,YES,2,7946,06/2007,2014,No,2007-06-01,,,,
4621,190,Visa,Debit (Prepaid),4616391251053035,06/2011,600,YES,1,41,09/2006,2017,No,2006-09-01,,,,
4989,163,Mastercard,Debit,5017276941811863,09/2023,728,YES,1,12873,10/2003,2008,No,2003-10-01,,,,
2462,163,Mastercard,Debit,5113638843250393,09/2023,734,YES,1,17629,04/2004,2012,No,2004-04-01,,,,
588,567,Mastercard,Debit,5819953308753509,12/2024,978,YES,1,6497,01/2020,2020,No,2020-01-01,s_000778,2020-01-25 12:58:00,search,/apply
589,567,Mastercard,Debit (Prepaid),5461501204746611,07/2021,921,YES,1,67,01/2020,2020,No,2020-01-01,s_000779,2020-01-15 13:42:00,social_media,/
5309,567,Visa,Credit,4172901867929023,06/2021,815,YES,1,3300,10/2015,2015,No,2015-10-01,,,,
2513,503,Visa,Debit (Prepaid),4338179283608637,01/2022,479,YES,2,85,04/2006,2010,No,2006-04-01,,,,
1088,503,Mastercard,Debit (Prepaid),5499438981291346,06/2020,547,NO,1,39,02/2006,2006,No,2006-02-01,,,,
5290,469,Mastercard,Debit,5317963113167475,08/2023,60,YES,1,26162,10/2014,2014,No,2014-10-01,,,,
2686,469,Visa,Credit,4499974645760874,12/2024,556,YES,1,13700,04/2011,2014,No,2011-04-01,,,,
2619,469,Visa,Debit,4855184148394849,01/2022,646,YES,2,31504,04/2009,2014,No,2009-04-01,,,,
4178,469,Mastercard,Debit,5095105587832290,04/2009,488,YES,2,9010,08/2006,2007,No,2006-08-01,,,,
3164,1851,Mastercard,Debit,5716512774333391,07/2024,690,YES,1,64059,05/2015,2015,No,2015-05-01,,,,
5026,1851,Mastercard,Debit (Prepaid),5128224925042600,03/2021,416,YES,2,62,10/2005,2008,No,2005-10-01,,,,
5528,1851,Mastercard,Debit,5841318855882805,09/2018,598,NO,2,29601,11/2008,2011,No,2008-11-01,,,,
3890,1851,Mastercard,Credit,5806437154431806,11/2012,9,YES,1,21800,07/2009,2014,No,2009-07-01,,,,
6003,1851,Mastercard,Debit,5094889405071154,05/2022,229,YES,2,49790,12/2010,2010,No,2010-12-01,,,,
4061,1523,Visa,Debit,4219882258727403,01/2020,656,YES,1,13438,07/2017,2017,No,2017-07-01,s_000780,2017-07-07 13:20:00,search,/blog/credit-basics
2262,1523,Visa,Credit,4821384154009946,09/2024,7,YES,1,9600,03/2010,2011,No,2010-03-01,,,,
5509,1523,Visa,Credit,4104821247175147,07/2021,10,YES,1,6300,11/2007,2007,No,2007-11-01,,,,
4521,1523,Mastercard,Debit,5315137645798994,04/2023,777,YES,1,12348,09/2002,2008,No,2002-09-01,,,,
2590,317,Visa,Debit,4367233384706347,11/2015,188,NO,2,12810,04/2008,2008,No,2008-04-01,,,,
4578,317,Mastercard,Credit,5843002193982556,09/2012,247,YES,2,9300,09/2005,2014,No,2005-09-01,,,,
5411,317,Mastercard,Debit,5285092902484419,10/2017,930,YES,2,7564,11/2004,2016,No,2004-11-01,,,,
4459,1195,Visa,Debit,4044587617721396,11/2021,838,YES,1,22765,08/2016,2016,No,2016-08-01,s_000784,2016-08-25 08:01:00,blog_or_review_site,/compare
3309,1195,Discover,Credit,6308747644809116,10/2021,62,YES,1,11300,06/2006,2012,No,2006-06-01,,,,
131,1195,Mastercard,Debit,5516369728570927,10/2022,822,YES,1,10369,01/2007,2011,No,2007-01-01,,,,
26,1195,Mastercard,Credit,5899977049289049,10/2020,747,YES,2,10200,01/2002,2011,No,2002-01-01,,,,
3020,1195,Visa,Credit,4213819030854815,06/2024,692,YES,2,12100,05/2009,2019,No,2009-05-01,,,,
3219,1195,Visa,Debit,4896500420485745,03/2020,197,YES,2,15409,06/2000,2017,No,2000-06-01,,,,
1195,1238,Visa,Credit,4892840339331137,07/2024,127,YES,2,22500,02/2009,2012,No,2009-02-01,,,,
592,1238,Mastercard,Credit,5671490114250433,01/2020,534,NO,3,6700,01/2020,2020,No,2020-01-01,s_000785,2020-01-07 17:44:00,search,/blog/credit-basics
4301,432,Visa,Debit,4621289769533601,03/2022,629,YES,2,842,08/2009,2009,No,2009-08-01,,,,
3005,432,Mastercard,Debit,5087574290944963,08/2009,540,YES,2,10049,05/2009,2009,No,2009-05-01,,,,
2645,432,Mastercard,Debit,5469440611983411,06/2018,723,YES,2,11625,04/2010,2012,No,2010-04-01,,,,
2646,432,Mastercard,Credit,5944277345824239,11/2021,689,YES,2,5800,04/2010,2011,No,2010-04-01,,,,
1146,432,Mastercard,Debit,5515952308018882,02/2020,490,NO,3,17515,02/2008,2010,No,2008-02-01,,,,
1890,1082,Visa,Debit,4556029140337815,07/2024,537,YES,2,1696,02/2020,2020,No,2020-02-01,s_000786,2020-02-20 19:07:00,search,/cards
5187,1082,Discover,Credit,6713198244025271,10/2010,952,YES,2,11400,10/2010,2011,No,2010-10-01,,,,
3308,1082,Visa,Credit,4609569293297684,07/2020,165,YES,2,10600,06/2005,2017,No,2005-06-01,,,,
3925,120,Discover,Credit,6960133989364222,12/2010,808,NO,1,21500,07/2010,2010,No,2010-07-01,,,,
5813,120,Mastercard,Debit,5988465973991532,10/2021,869,YES,2,32784,12/2004,2008,No,2004-12-01,,,,
3806,120,Mastercard,Debit,5477771408952435,04/2022,980,YES,2,13510,07/2007,2016,No,2007-07-01,,,,
3558,120,Visa,Credit,4275721419388991,08/2012,125,YES,1,14000,06/2012,2012,No,2012-06-01,,,,
5610,1289,Mastercard,Debit (Prepaid),5477226022582793,04/2018,961,NO,3,38,11/2010,2013,No,2010-11-01,,,,
3655,1497,Visa,Debit,4255117392431602,04/2020,582,NO,2,14751,07/1999,2012,No,1999-07-01,,,,
3999,1047,Mastercard,Debit,5909062238371484,04/2024,211,YES,1,27268,07/2012,2012,No,2012-07-01,,,,
1411,1047,Amex,Credit,346964605654298,02/2020,530,YES,1,16400,02/2020,2020,No,2020-02-01,s_000789,2020-02-11 20:59:00,other,/cards/rewards
4639,0,Mastercard,Credit,5802759460691737,12/2019,312,YES,1,17600,09/2007,2014,No,2007-09-01,,,,
1271,0,Mastercard,Debit,5050211780967429,04/2021,316,YES,2,31490,02/2011,2011,No,2011-02-01,,,,
1622,0,Mastercard,Debit,5691786126216800,06/2021,451,YES,2,31008,02/2020,2020,No,2020-02-01,s_000790,2020-02-01 09:58:00,search,/
1623,0,Mastercard,Debit,5472791324252431,04/2020,138,YES,2,25558,02/2020,2020,No,2020-02-01,s_000791,2020-02-18 20:26:00,blog_or_review_site,/compare
1112,351,Mastercard,Debit (Prepaid),5348108239138924,11/2023,893,YES,2,54,02/2007,2010,No,2007-02-01,,,,
1043,351,Visa,Credit,4839347876295447,03/2024,844,YES,1,7200,02/2004,2015,No,2004-02-01,,,,
2664,351,Visa,Debit,4760435386907937,01/2022,2,YES,2,5080,04/2010,2010,No,2010-04-01,,,,
431,351,Discover,Credit,6553992478482052,01/2020,897,YES,1,2700,01/2020,2020,No,2020-01-01,s_000792,2020-01-20 10:10:00,blog_or_review_site,/apply
4512,351,Mastercard,Debit,5025292542824623,04/2021,264,YES,2,9278,09/2001,2011,No,2001-09-01,,,,
2244,351,Discover,Credit,6898335342234639,03/2022,107,YES,1,6000,03/2010,2016,No,2010-03-01,,,,
299,1797,Mastercard,Debit,5586398791957987,03/2022,828,YES,1,27243,01/2012,2012,No,2012-01-01,,,,
1127,1797,Visa,Debit,4777281869545650,02/2017,256,YES,2,23237,02/2007,2009,No,2007-02-01,,,,
5660,1797,Visa,Debit,4144623277980192,10/2022,645,YES,2,16008,11/2011,2011,No,2011-11-01,,,,
300,1797,Mastercard,Debit,5535701151074664,02/2022,987,YES,1,16279,01/2012,2012,No,2012-01-01,,,,
4853,1797,Mastercard,Debit,5669514318855142,11/2014,958,NO,1,16003,09/2013,2013,No,2013-09-01,,,,
4206,1386,Mastercard,Debit,5695114787068183,02/2021,881,YES,2,5488,08/2007,2014,No,2007-08-01,,,,
1892,1122,Visa,Debit,4998267438899183,02/2020,675,YES,1,45222,02/2020,2020,No,2020-02-01,s_000793,2020-02-18 09:31:00,friend_or_family,/cards/rewards
321,1122,Visa,Debit,4001532089642118,01/2021,681,YES,1,32071,01/2013,2013,No,2013-01-01,,,,
5008,703,Mastercard,Debit,5872231427146852,06/2005,616,YES,1,20062,10/2004,2010,No,2004-10-01,,,,
161,703,Mastercard,Credit,5388336417003781,02/2021,355,YES,2,8100,01/2008,2009,No,2008-01-01,,,,
4640,703,Mastercard,Debit,5563354301495546,09/2021,337,NO,2,4335,09/2007,2007,No,2007-09-01,,,,
4777,703,Mastercard,Credit,5756823922746957,04/2024,644,YES,2,2000,09/2010,2010,No,2010-09-01,,,,
4302,1919,Visa,Debit,4512873665454661,03/2022,854,YES,1,25445,08/2009,2009,No,2009-08-01,,,,
1215,1919,Mastercard,Credit,5361975786587169,07/2024,39,YES,1,17400,02/2010,2010,No,2010-02-01,,,,
5430,1919,Mastercard,Debit,5251416101381622,11/2019,577,YES,2,34684,11/2005,2008,No,2005-11-01,,,,
5709,1919,Mastercard,Debit,5623100773698393,03/2022,956,YES,2,28125,11/2015,2015,No,2015-11-01,,,,
1624,1919,Mastercard,Debit,5266317582741981,08/2020,276,YES,2,49705,02/2020,2020,No,2020-02-01,s_000797,2020-02-13 22:15:00,podcast_or_youtube,/apply
3908,791,Visa,Debit,4590278168014299,09/2014,921,NO,2,31424,07/2009,2010,No,2009-07-01,,,,
2295,791,Amex,Credit,398644935987910,03/2023,22,YES,2,7900,03/2012,2012,No,2012-03-01,,,,
1089,791,Mastercard,Debit,5259379174477000,06/2006,913,YES,1,19097,02/2006,2011,No,2006-02-01,,,,
5228,791,Amex,Credit,384866850602533,09/2021,24,YES,1,10100,10/2011,2015,No,2011-10-01,,,,
2306,199,Visa,Debit,4879393662835541,12/2023,176,YES,1,32423,03/2012,2012,No,2012-03-01,,,,
5661,199,Visa,Credit,4220895295503221,07/2015,14,YES,1,16900,11/2011,2011,No,2011-11-01,,,,
1031,199,Mastercard,Debit,5930100401040067,06/2021,908,YES,1,17686,02/2004,2007,No,2004-02-01,,,,
4229,282,Visa,Credit,4095931916462697,01/2020,979,NO,1,8100,08/2007,2009,No,2007-08-01,,,,
3290,282,Mastercard,Debit,5420156044028724,03/2020,391,NO,1,10059,06/2005,2014,No,2005-06-01,,,,
4822,282,Visa,Debit,4179763879293617,02/2022,245,NO,1,4302,09/2011,2015,No,2011-09-01,,,,
1287,282,Visa,Credit,4614912096462106,11/2020,84,YES,1,7300,02/2011,2011,No,2011-02-01,,,,
5154,908,Mastercard,Debit,5566661174535407,01/2024,748,YES,1,13123,10/2009,2014,No,2009-10-01,,,,
3252,908,Mastercard,Debit,5076319230738343,01/2023,951,YES,1,3630,06/2003,2009,No,2003-06-01,,,,
4230,908,Visa,Debit,4172998979903061,09/2022,521,YES,1,20173,08/2007,2012,No,2007-08-01,,,,
3462,880,Amex,Credit,338000149804579,09/2013,657,YES,1,9500,06/2010,2014,No,2010-06-01,,,,
1625,880,Mastercard,Debit,5752353826326176,05/2021,929,YES,2,10141,02/2020,2020,No,2020-02-01,s_000798,2020-02-27 18:44:00,blog_or_review_site,/compare
3533,770,Visa,Credit,4380773389755661,04/2013,71,YES,1,16800,06/2011,2011,No,2011-06-01,,,,
5745,770,Visa,Credit,4344621368223240,11/2020,198,NO,1,15900,11/2019,2019,No,2019-11-01,s_000799,2019-11-14 21:39:00,search,/cards/rewards
5725,770,Mastercard,Debit,5476991702043637,11/2018,146,YES,1,24080,11/2016,2016,No,2016-11-01,s_000800,2016-11-08 13:58:00,other,/compare
5510,770,Visa,Credit,4049783428118055,12/2023,163,YES,1,20400,11/2007,2007,No,2007-11-01,,,,
2534,1169,Mastercard,Credit,5502650201752905,04/2009,519,YES,1,22000,04/2007,2013,No,2007-04-01,,,,
5763,1169,Visa,Credit,4659722496191511,09/2020,241,YES,2,28300,12/1999,2008,No,1999-12-01,,,,
4778,1169,Mastercard,Debit,5022040734416407,01/2021,283,YES,1,27761,09/2010,2010,No,2010-09-01,,,,
2485,1169,Mastercard,Credit,5413583936219095,03/2023,131,YES,1,21200,04/2005,2012,No,2005-04-01,,,,
5174,1169,Visa,Debit,4696902139977410,03/2024,152,YES,1,20560,10/2009,2009,No,2009-10-01,,,,
3389,1169,Mastercard,Debit,5148179955768342,01/2013,502,YES,2,3095,06/2008,2012,No,2008-06-01,,,,
4179,1169,Mastercard,Debit,5732012596449271,06/2021,883,YES,2,43879,08/2006,2015,No,2006-08-01,,,,
4399,1736,Visa,Debit,4212075848270095,08/2022,173,YES,2,16332,08/2012,2012,No,2012-08-01,,,,
2647,1736,Mastercard,Credit,5389414515165982,12/2022,32,YES,1,9100,04/2010,2019,No,2010-04-01,,,,
2687,1736,Visa,Debit,4211715476152920,03/2024,345,YES,1,2289,04/2011,2011,No,2011-04-01,,,,
113,1736,Visa,Debit,4870854561726482,06/2021,880,YES,1,23631,01/2006,2014,No,2006-01-01,,,,
3133,506,Mastercard,Debit,5155395661236319,06/2024,314,YES,1,17995,05/2013,2013,No,2013-05-01,,,,
4513,506,Mastercard,Credit,5945533510367596,01/2024,959,YES,1,14900,09/2001,2008,No,2001-09-01,,,,
1032,506,Mastercard,Debit,5319476333734439,02/2023,19,YES,2,26830,02/2004,2004,No,2004-02-01,,,,
2060,506,Mastercard,Debit,5123064836240629,03/2023,51,YES,1,202,03/2004,2013,No,2004-03-01,,,,
2486,506,Mastercard,Debit,5063433108745789,04/2023,5,NO,2,11460,04/2005,2012,No,2005-04-01,,,,
4292,249,Mastercard,Credit,5806288548928072,12/2024,798,YES,2,1500,08/2009,2009,No,2009-08-01,,,,
3909,249,Visa,Credit,4235472002609759,10/2009,833,YES,2,8300,07/2009,2011,No,2009-07-01,,,,
132,249,Mastercard,Credit,5956371730449671,07/2024,475,YES,2,9300,01/2007,2010,No,2007-01-01,,,,
1897,249,Visa,Debit (Prepaid),4728580889162679,02/2020,997,YES,2,87,02/2020,2020,No,2020-02-01,s_000808,2020-02-15 11:16:00,social_media,/apply
5239,249,Mastercard,Debit,5166350097809360,10/2012,817,YES,1,14104,10/2011,2011,No,2011-10-01,,,,
3520,249,Mastercard,Debit,5920164874148882,05/2022,535,YES,2,14725,06/2011,2011,No,2011-06-01,,,,
5134,249,Visa,Debit,4207556954928499,03/2020,424,YES,2,12016,10/2008,2011,No,2008-10-01,,,,
4252,1279,Mastercard,Debit,5127428041251945,08/2022,856,YES,2,22567,08/2008,2009,No,2008-08-01,,,,
5472,1279,Visa,Debit,4692480656224077,03/2022,281,YES,2,26743,11/2006,2013,No,2006-11-01,,,,
3220,1279,Visa,Debit,4694285041085172,02/2021,763,YES,1,16722,06/2000,2005,No,2000-06-01,,,,
4188,1279,Visa,Debit,4976547749422816,09/2023,310,YES,2,9521,08/2006,2007,No,2006-08-01,,,,
4428,1652,Mastercard,Debit,5835240657071891,12/2021,803,YES,1,14253,08/2014,2014,No,2014-08-01,,,,
597,1652,Mastercard,Debit (Prepaid),5839969091471132,12/2024,684,YES,1,78,01/2020,2020,No,2020-01-01,s_000809,2020-01-15 10:10:00,blog_or_review_site,/compare
313,1652,Mastercard,Debit,5792572397689305,10/2024,358,YES,1,26678,01/2013,2013,No,2013-01-01,,,,
2688,1652,Visa,Debit,4652000658523008,05/2023,271,YES,2,15652,04/2011,2011,No,2011-04-01,,,,
4658,739,Discover,Credit,6865624170982694,07/2009,784,YES,2,6900,09/2008,2011,No,2008-09-01,,,,
1177,1475,Mastercard,Debit,5123561690852830,05/2024,861,YES,1,13378,02/2009,2009,No,2009-02-01,,,,
4496,1475,Visa,Debit,4783119984911395,10/2020,467,YES,2,15516,09/1998,2014,No,1998-09-01,,,,
3746,1475,Visa,Debit,4818828811526445,05/2024,311,YES,2,9956,07/2005,2010,No,2005-07-01,,,,
5155,1475,Mastercard,Debit,5253350118420216,08/2020,499,YES,1,3614,10/2009,2009,No,2009-10-01,,,,
5631,1475,Visa,Debit,4992215485322239,02/2020,201,YES,2,5992,11/2010,2011,No,2010-11-01,,,,
1628,1251,Mastercard,Debit,5144399692785721,11/2023,732,YES,2,31219,02/2020,2020,No,2020-02-01,s_000810,2020-02-14 21:04:00,blog_or_review_site,/blog/credit-basics
4069,1251,Mastercard,Debit,5892951431288814,11/2021,447,YES,1,20619,07/2018,2018,No,2018-07-01,s_000811,2018-07-03 21:37:00,social_media,/cards/rewards
5156,1251,Mastercard,Debit (Prepaid),5653678810336995,04/2019,732,YES,1,74,10/2009,2009,No,2009-10-01,,,,
3109,592,Visa,Debit,4088000072942924,04/2023,532,YES,1,15504,05/2011,2012,No,2011-05-01,,,,
4133,592,Mastercard,Credit,5886410081258720,02/2020,684,YES,1,5600,08/2004,2019,No,2004-08-01,,,,
2022,592,Mastercard,Debit,5247279086681076,04/2024,220,YES,2,3117,03/2001,2006,No,2001-03-01,,,,
3659,592,Visa,Debit,4215158911989619,03/2022,756,YES,1,14007,07/2000,2015,No,2000-07-01,,,,
5946,592,Visa,Debit,4995123817442034,04/2021,658,YES,2,13390,12/2008,2010,No,2008-12-01,,,,
3332,692,Visa,Debit,4048124341417315,10/2021,117,YES,2,35649,06/2006,2011,No,2006-06-01,,,,
2073,692,Visa,Debit,4160987980022088,10/2012,11,YES,2,18979,03/2004,2008,No,2004-03-01,,,,
5860,692,Mastercard,Credit,5640983344867524,02/2023,571,NO,2,10000,12/2006,2012,No,2006-12-01,,,,
4303,692,Visa,Debit (Prepaid),4201848747072347,08/2018,604,YES,2,63,08/2009,2014,No,2009-08-01,,,,
4253,1065,Mastercard,Debit,5092269775831902,01/2021,394,YES,2,24878,08/2008,2011,No,2008-08-01,,,,
2630,1065,Amex,Credit,395345060148797,05/2023,951,YES,2,23900,04/2010,2012,No,2010-04-01,,,,
4160,1065,Mastercard,Debit,5661288400929871,02/2022,934,YES,2,9213,08/2005,2009,No,2005-08-01,,,,
4381,1764,Visa,Debit,4535570138499229,07/2024,704,YES,2,23538,08/2011,2011,No,2011-08-01,,,,
4900,1764,Visa,Debit,4931400640582638,09/2017,835,YES,2,15658,09/2016,2016,No,2016-09-01,s_000816,2016-09-17 12:09:00,friend_or_family,/blog/credit-basics
2118,1764,Mastercard,Credit,5099657480091697,05/2021,249,YES,1,8900,03/2006,2011,No,2006-03-01,,,,
599,1830,Mastercard,Debit (Prepaid),5932488176672897,02/2020,164,YES,1,58,01/2020,2020,No,2020-01-01,s_000817,2020-01-03 17:40:00,other,/cards
1272,1830,Mastercard,Debit,5413909063250465,04/2022,732,YES,1,12782,02/2011,2011,No,2011-02-01,,,,
5217,1830,Visa,Debit,4940361010295816,03/2016,253,YES,1,17297,10/2010,2010,No,2010-10-01,,,,
4083,1830,Mastercard,Credit,5598315468243237,10/2024,385,YES,1,10600,08/1994,2011,No,1994-08-01,,,,
1052,157,Mastercard,Debit,5056408661252934,11/2020,961,YES,1,10644,02/2005,2011,No,2005-02-01,,,,
4867,157,Visa,Debit,4884544538827906,01/2015,296,YES,1,13438,09/2013,2013,No,2013-09-01,,,,
969,157,Mastercard,Debit,5481725798944325,05/2023,964,YES,1,14269,02/1999,2011,No,1999-02-01,,,,
1250,676,Visa,Credit,4209302581526449,06/2023,777,YES,2,9300,02/2010,2010,No,2010-02-01,,,,
3910,676,Visa,Debit,4273067279715891,12/2017,541,YES,2,34175,07/2009,2011,No,2009-07-01,,,,
5871,1481,Visa,Debit,4866092405623392,08/2024,386,YES,2,367,12/2006,2010,No,2006-12-01,,,,
4720,1481,Mastercard,Debit,5746148101457486,06/2022,950,YES,2,441,09/2009,2014,No,2009-09-01,,,,
3056,1902,Mastercard,Debit,5099488514797621,06/2021,652,YES,2,11087,05/2010,2011,No,2010-05-01,,,,
4286,1902,Amex,Credit,398823738054759,09/2020,162,YES,2,12200,08/2009,2011,No,2009-08-01,,,,
227,123,Mastercard,Debit,5329313809426347,11/2020,20,YES,2,12102,01/2010,2010,No,2010-01-01,,,,
197,123,Mastercard,Debit,5518456077758792,06/2020,995,YES,1,24068,01/2009,2009,No,2009-01-01,,,,
3192,123,Mastercard,Debit,5404585495463228,10/2024,263,YES,2,15305,05/2017,2017,No,2017-05-01,s_000818,2017-05-05 15:39:00,search,/cards/rewards
1196,1995,Visa,Debit,4014763594580478,10/2024,355,YES,2,11268,02/2009,2013,No,2009-02-01,,,,
4180,1995,Mastercard,Debit,5817112710661345,01/2020,29,YES,2,5997,08/2006,2012,No,2006-08-01,,,,
2439,1995,Amex,Credit,382683082835230,07/2021,521,YES,2,4000,04/2003,2011,No,2003-04-01,,,,
190,1995,Amex,Credit,316487244875963,08/2023,737,NO,2,9700,01/2009,2009,No,2009-01-01,,,,
4916,1688,Mastercard,Debit,5161633770589124,02/2024,891,YES,2,21502,09/2018,2018,No,2018-09-01,s_000819,2018-09-26 14:13:00,blog_or_review_site,/compare
2119,1895,Mastercard,Debit,5267518025716847,01/2022,292,YES,2,2042,03/2006,2013,No,2006-03-01,,,,
1090,1895,Mastercard,Debit,5343513913226549,09/2023,514,YES,1,13922,02/2006,2012,No,2006-02-01,,,,
5047,1891,Discover,Credit,6441659233130363,03/2023,515,YES,2,13100,10/2006,2006,No,2006-10-01,,,,
1161,1891,Visa,Debit,4268017872699469,11/2016,476,YES,2,15227,02/2008,2015,No,2008-02-01,,,,
1251,1891,Visa,Credit,4033929197271889,01/2023,190,YES,2,3300,02/2010,2010,No,2010-02-01,,,,
5440,1891,Visa,Debit,4759457733349546,10/2021,437,YES,1,19829,11/2005,2010,No,2005-11-01,,,,
4552,341,Mastercard,Debit (Prepaid),5560061541901648,11/2024,633,YES,1,55,09/2004,2010,No,2004-09-01,,,,
1900,341,Visa,Debit,4531149590903516,08/2020,97,YES,1,37941,02/2020,2020,No,2020-02-01,s_000821,2020-02-22 13:04:00,other,/
5417,341,Visa,Credit,4108533772649718,06/2008,548,YES,1,37600,11/2004,2006,No,2004-11-01,,,,
45,1571,Visa,Debit,4137249838027633,04/2023,861,YES,2,33390,01/2003,2007,No,2003-01-01,,,,
4392,1571,Mastercard,Debit,5890246534257372,12/2021,12,YES,2,22532,08/2012,2012,No,2012-08-01,,,,
6109,1571,Mastercard,Debit,5800183437928465,04/2024,148,YES,2,16325,12/2015,2015,No,2015-12-01,,,,
2487,1571,Mastercard,Debit,5128197080308718,06/2023,759,YES,1,17885,04/2005,2010,No,2005-04-01,,,,
5397,1571,Visa,Debit,4704455652130191,12/2023,175,YES,1,24827,11/2003,2008,No,2003-11-01,,,,
3165,1571,Mastercard,Debit,5908095549619753,10/2015,530,YES,1,30704,05/2015,2015,No,2015-05-01,,,,
3499,1615,Visa,Debit,4279264771451574,02/2020,378,YES,2,13637,06/2010,2012,No,2010-06-01,,,,
5157,1615,Mastercard,Debit,5200107685480370,05/2024,624,YES,1,2504,10/2009,2016,No,2009-10-01,,,,
5473,1615,Visa,Debit,4003165279623450,03/2023,317,YES,1,15535,11/2006,2015,No,2006-11-01,,,,
4254,1615,Mastercard,Debit,5155468051288343,09/2022,703,YES,1,14898,08/2008,2008,No,2008-08-01,,,,
1147,1615,Mastercard,Debit,5625958291463283,07/2023,783,YES,2,9696,02/2008,2014,No,2008-02-01,,,,
4738,1615,Visa,Debit,4577924057885157,05/2023,594,YES,1,22310,09/2009,2011,No,2009-09-01,,,,
2061,680,Mastercard,Debit,5508553199519084,03/2019,196,YES,2,16347,03/2004,2010,No,2004-03-01,,,,
3951,52,Visa,Debit,4954962607216980,10/2023,995,YES,1,23404,07/2010,2012,No,2010-07-01,,,,
4976,52,Visa,Debit,4435466238583873,04/2022,708,YES,2,20930,10/2002,2008,No,2002-10-01,,,,
2322,52,Visa,Debit,4343642801597529,08/2013,754,YES,2,23014,03/2013,2013,No,2013-03-01,,,,
962,1034,Mastercard,Debit,5328768325200248,06/2020,645,YES,1,2778,02/1998,2005,No,1998-02-01,,,,
2741,1034,Amex,Credit,321353785529607,02/2020,213,YES,2,11800,04/2015,2015,No,2015-04-01,,,,
2853,1034,Discover,Credit,6281560178306833,10/2020,359,YES,1,11500,05/2004,2007,No,2004-05-01,,,,
1137,1034,Discover,Credit,6745517172173148,02/2009,611,YES,2,13000,02/2008,2009,No,2008-02-01,,,,
2765,1034,Visa,Debit,4882435446100322,12/2024,332,YES,1,21102,04/2016,2016,No,2016-04-01,s_000828,2016-04-14 19:04:00,blog_or_review_site,/apply
4622,1034,Visa,Debit (Prepaid),4900895647847430,03/2021,730,YES,1,60,09/2006,2009,No,2006-09-01,,,,
179,677,Visa,Credit,4299314704025381,06/2020,215,YES,2,23100,01/2008,2010,No,2008-01-01,,,,
4449,677,Mastercard,Debit,5779825688535232,03/2021,458,YES,1,34826,08/2015,2015,No,2015-08-01,,,,
5317,677,Visa,Debit,4276546488958933,12/2023,54,NO,1,25429,10/2016,2016,No,2016-10-01,s_000829,2016-10-13 09:29:00,social_media,/apply
989,440,Mastercard,Debit,5098870349133203,12/2022,435,YES,1,79717,02/2001,2013,No,2001-02-01,,,,
3274,440,Mastercard,Debit,5432650033328112,04/2023,920,YES,2,5307,06/2004,2010,No,2004-06-01,,,,
3736,440,Mastercard,Debit,5405681429153556,04/2019,810,YES,2,47131,07/2005,2008,No,2005-07-01,,,,
71,440,Mastercard,Debit,5336536496743892,10/2021,805,YES,2,36724,01/2005,2010,No,2005-01-01,,,,
1216,440,Mastercard,Debit,5244693372159107,10/2024,682,YES,1,6875,02/2010,2012,No,2010-02-01,,,,
5671,338,Mastercard,Debit,5371571902299645,04/2024,46,YES,1,17229,11/2012,2012,No,2012-11-01,,,,
1356,338,Mastercard,Debit,5404154440554855,05/2022,190,YES,1,31747,02/2015,2015,No,2015-02-01,,,,
1317,338,Mastercard,Debit,5004660687674189,01/2023,841,YES,2,50127,02/2013,2013,No,2013-02-01,,,,
1205,1120,Discover,Credit,6983129592633814,10/2022,237,YES,2,21400,02/2010,2010,No,2010-02-01,,,,
4641,1127,Mastercard,Debit,5968559734305335,01/2022,303,YES,2,24614,09/2007,2012,No,2007-09-01,,,,
4605,1127,Mastercard,Debit,5365437807241284,12/2023,623,YES,2,2809,09/2006,2011,No,2006-09-01,,,,
3694,1127,Mastercard,Debit,5672946381379338,03/2007,314,NO,2,15076,07/2003,2015,No,2003-07-01,,,,
3869,1127,Visa,Debit,4858037645038535,09/2020,745,YES,1,27646,07/2008,2009,No,2008-07-01,,,,
360,1662,Mastercard,Debit,5243874409265567,01/2021,702,YES,1,20447,01/2017,2017,No,2017-01-01,s_000830,2017-01-26 11:13:00,search,/blog/credit-basics
2675,1662,Mastercard,Debit,5275365619003581,10/2021,507,YES,1,29948,04/2011,2011,No,2011-04-01,,,,
4541,1662,Visa,Debit,4182859596486161,09/2020,890,YES,2,28021,09/2003,2011,No,2003-09-01,,,,
6087,1662,Mastercard,Debit (Prepaid),5298865153588955,12/2013,297,NO,1,58,12/2013,2013,No,2013-12-01,,,,
1308,1444,Visa,Debit,4445219636598507,03/2024,699,YES,1,42670,02/2012,2012,No,2012-02-01,,,,
603,1444,Mastercard,Debit,5621630163698126,02/2020,106,NO,1,21611,01/2020,2020,No,2020-01-01,s_000834,2020-01-27 22:19:00,social_media,/blog/credit-basics
3631,1444,Mastercard,Debit,5918825657025750,07/2021,152,YES,2,50521,06/2018,2018,No,2018-06-01,s_000835,2018-06-14 13:42:00,search,/blog/credit-basics
2648,1444,Mastercard,Debit,5734359364174769,03/2024,802,YES,2,27982,04/2010,2010,No,2010-04-01,,,,
5965,1444,Mastercard,Debit,5143782902956271,10/2023,803,YES,1,22886,12/2009,2009,No,2009-12-01,,,,
2882,1444,Mastercard,Debit,5358748385757375,11/2020,637,YES,2,32049,05/2005,2005,No,2005-05-01,,,,
5118,1444,Mastercard,Debit,5457892332691018,06/2023,949,NO,1,45141,10/2008,2010,No,2008-10-01,,,,
5009,45,Mastercard,Debit (Prepaid),5525601416941014,11/2023,154,YES,1,44,10/2004,2014,No,2004-10-01,,,,
2822,1102,Amex,Credit,302324154583308,07/2023,777,YES,1,26900,05/2002,2019,No,2002-05-01,,,,
5651,1102,Mastercard,Debit,5977051342540190,06/2023,806,YES,2,5414,11/2011,2012,No,2011-11-01,,,,
5010,1102,Mastercard,Debit,5884636845919714,07/2018,425,YES,2,17846,10/2004,2011,No,2004-10-01,,,,
3952,1102,Visa,Debit (Prepaid),4086369836640262,11/2022,257,YES,2,51,07/2010,2014,No,2010-07-01,,,,
979,1102,Mastercard,Debit,5940949386888214,01/2019,618,YES,2,39080,02/2000,2017,No,2000-02-01,,,,
3390,1636,Mastercard,Credit,5891980090129648,05/2024,843,YES,1,5600,06/2008,2011,No,2008-06-01,,,,
2930,1636,Mastercard,Debit,5805477288229197,02/2020,832,YES,2,7090,05/2007,2017,No,2007-05-01,,,,
3992,1636,Amex,Credit,358240905315315,04/2023,544,YES,1,4600,07/2012,2012,No,2012-07-01,,,,
3338,1636,Amex,Credit,354505344407390,04/2020,793,YES,1,6900,06/2007,2008,No,2007-06-01,,,,
2018,502,Discover,Credit,6910816000642923,03/2020,845,YES,2,7900,03/2001,2004,No,2001-03-01,,,,
3521,502,Mastercard,Debit,5031093004521446,07/2023,834,NO,1,415,06/2011,2013,No,2011-06-01,,,,
3283,5,Visa,Debit,4062156976910800,10/2024,305,NO,2,12286,06/2004,2013,No,2004-06-01,,,,
1178,5,Mastercard,Debit,5419592121545154,01/2022,42,YES,2,18894,02/2009,2015,No,2009-02-01,,,,
4407,1712,Mastercard,Debit,5235277792486600,11/2017,314,YES,1,35175,08/2013,2013,No,2013-08-01,,,,
3291,1712,Mastercard,Debit,5526616116382741,10/2021,600,YES,1,21205,06/2005,2010,No,2005-06-01,,,,
4056,1712,Mastercard,Debit,5071372204646552,11/2021,958,NO,1,25985,07/2017,2017,No,2017-07-01,s_000838,2017-07-08 12:33:00,other,/
3711,1712,Mastercard,Debit,5313636141539714,06/2024,212,NO,1,39431,07/2004,2008,No,2004-07-01,,,,
4342,1712,Visa,Debit,4631337182936138,03/2024,847,YES,2,18288,08/2010,2012,No,2010-08-01,,,,
143,1360,Visa,Credit,4142865741084776,08/2020,302,YES,1,9000,01/2007,2007,No,2007-01-01,,,,
2184,1360,Mastercard,Debit,5823085266965025,10/2021,876,YES,2,12367,03/2008,2008,No,2008-03-01,,,,
3609,1360,Mastercard,Debit,5708920987862167,09/2021,17,YES,2,19619,06/2016,2016,No,2016-06-01,s_000839,2016-06-19 21:13:00,social_media,/blog/credit-basics
1349,993,Visa,Credit,4260552166292092,06/2022,384,YES,1,9500,02/2014,2014,No,2014-02-01,,,,
162,642,Mastercard,Debit,5873966669352213,09/2024,809,YES,2,3966,01/2008,2013,No,2008-01-01,,,,
4721,642,Mastercard,Debit,5229231041808987,11/2009,670,YES,2,8812,09/2009,2009,No,2009-09-01,,,,
2051,642,Visa,Debit,4324205574305224,10/2022,92,YES,2,13434,03/2003,2003,No,2003-03-01,,,,
5934,642,Mastercard,Debit,5081900353730451,11/2020,533,YES,1,13104,12/2008,2017,No,2008-12-01,,,,
2430,1871,Mastercard,Debit,5203247586217393,09/2021,503,YES,1,9454,04/2002,2007,No,2002-04-01,,,,
5672,1871,Mastercard,Debit,5410528927271572,01/2020,651,YES,1,13764,11/2012,2012,No,2012-11-01,,,,
4470,1871,Mastercard,Debit,5892723462268595,05/2024,355,YES,1,14639,08/2018,2018,No,2018-08-01,s_000841,2018-08-01 15:06:00,search,/cards
4429,1871,Mastercard,Debit,5896330225827400,08/2024,851,NO,2,20277,08/2014,2014,No,2014-08-01,,,,
1633,1871,Mastercard,Debit,5342464568793113,02/2020,260,YES,1,11166,02/2020,2020,No,2020-02-01,s_000842,2020-02-18 12:05:00,search,/blog/credit-basics
5491,1721,Mastercard,Credit,5632468453747633,06/2024,296,YES,2,7200,11/2007,2010,No,2007-11-01,,,,
3610,1721,Mastercard,Debit,5754434443697253,11/2022,789,YES,1,12389,06/2016,2016,No,2016-06-01,s_000843,2016-06-03 08:53:00,blog_or_review_site,/compare
84,868,Visa,Debit,4639713693974383,02/2023,69,YES,2,2121,01/2005,2009,No,2005-01-01,,,,
5372,868,Visa,Debit,4025137324225957,11/2024,653,YES,2,13455,11/2001,2011,No,2001-11-01,,,,
2233,868,Visa,Debit (Prepaid),4595382752542331,08/2023,475,YES,2,48,03/2009,2013,No,2009-03-01,,,,
5565,868,Mastercard,Debit (Prepaid),5680583752844424,02/2022,504,YES,2,49,11/2009,2009,No,2009-11-01,,,,
322,868,Visa,Credit,4944959860713657,07/2022,21,YES,2,5000,01/2013,2013,No,2013-01-01,,,,
3292,868,Mastercard,Credit,5925756786369213,06/2010,556,NO,1,6800,06/2005,2009,No,2005-06-01,,,,
2985,1517,Visa,Credit,4225059111399176,06/2021,829,YES,2,24900,05/2008,2013,No,2008-05-01,,,,
72,1517,Mastercard,Debit,5515747009144505,01/2024,306,YES,2,19670,01/2005,2009,No,2005-01-01,,,,
1634,1517,Mastercard,Debit,5764133440846689,07/2024,480,YES,2,23231,02/2020,2020,No,2020-02-01,s_000844,2020-02-04 21:33:00,social_media,/cards/rewards
2131,1517,Visa,Debit (Prepaid),4203776062748208,03/2022,193,YES,2,18,03/2006,2013,No,2006-03-01,,,,
5340,364,Mastercard,Debit,5480998753252900,07/2021,110,YES,1,13699,10/2019,2019,No,2019-10-01,s_000845,2019-10-15 18:20:00,search,/compare
4623,364,Visa,Credit,4748763826906132,05/2017,478,NO,2,11700,09/2006,2010,No,2006-09-01,,,,
5611,364,Mastercard,Credit,5274567500521135,11/2010,89,YES,1,1800,11/2010,2010,No,2010-11-01,,,,
5673,364,Mastercard,Debit,5100254410135496,10/2023,723,YES,1,15612,11/2012,2012,No,2012-11-01,,,,
4642,686,Mastercard,Debit,5233470858754888,08/2024,870,YES,1,4699,09/2007,2018,No,2007-09-01,,,,
1635,696,Mastercard,Debit,5634720557033736,02/2021,644,YES,1,77778,02/2020,2020,No,2020-02-01,s_000846,2020-02-21 14:39:00,search,/cards
3870,696,Visa,Debit,4288163100200556,10/2023,765,NO,1,31755,07/2008,2008,No,2008-07-01,,,,
2695,696,Mastercard,Debit,5648047323588801,11/2024,470,YES,1,28601,04/2012,2012,No,2012-04-01,,,,
2488,696,Mastercard,Credit,5628686337388309,03/2010,842,YES,2,25900,04/2005,2011,No,2005-04-01,,,,
4953,696,Mastercard,Debit (Prepaid),5293099993474749,06/2009,140,YES,2,97,10/2001,2010,No,2001-10-01,,,,
4207,696,Mastercard,Debit,5584427717587374,05/2023,957,NO,2,22553,08/2007,2010,No,2007-08-01,,,,
5612,696,Mastercard,Debit (Prepaid),5276972829621865,05/2022,803,YES,2,65,11/2010,2015,No,2010-11-01,,,,
39,696,Mastercard,Debit,5562768142811109,10/2024,267,YES,2,21225,01/2003,2012,No,2003-01-01,,,,
604,962,Mastercard,Credit,5195862758999591,12/2021,426,YES,2,13300,01/2020,2020,No,2020-01-01,s_000847,2020-01-05 14:39:00,search,/compare
1217,962,Mastercard,Debit,5180139423244093,07/2022,633,YES,2,9141,02/2010,2011,No,2010-02-01,,,,
5966,1407,Mastercard,Debit,5647392545129328,05/2021,236,YES,2,14733,12/2009,2011,No,2009-12-01,,,,
5384,1407,Visa,Debit,4543221446829326,08/2023,587,YES,1,15814,11/2002,2010,No,2002-11-01,,,,
2313,1407,Mastercard,Debit,5848203145087847,05/2021,597,YES,1,20816,03/2013,2013,No,2013-03-01,,,,
4695,1407,Visa,Credit,4681503612415898,02/2014,86,YES,2,8500,09/2008,2010,No,2008-09-01,,,,
4471,1015,Mastercard,Debit,5620673787409550,07/2021,842,YES,1,35493,08/2018,2018,No,2018-08-01,s_000848,2018-08-06 13:52:00,podcast_or_youtube,/cards
5271,1015,Mastercard,Debit,5849371224627148,07/2020,636,YES,2,58311,10/2013,2013,No,2013-10-01,,,,
1636,1015,Mastercard,Credit,5981150339766533,09/2023,601,YES,1,24700,02/2020,2020,No,2020-02-01,s_000849,2020-02-22 08:45:00,search,/
198,1015,Mastercard,Debit,5656999344150658,10/2024,761,YES,2,66779,01/2009,2011,No,2009-01-01,,,,
1113,1015,Mastercard,Debit (Prepaid),5964863053217701,02/2024,287,YES,1,58,02/2007,2012,No,2007-02-01,,,,
2211,1456,Discover,Credit,6932682320710660,08/2023,294,YES,2,7400,03/2009,2017,No,2009-03-01,,,,
5935,1456,Mastercard,Debit,5839391622959364,10/2020,985,YES,2,11310,12/2008,2012,No,2008-12-01,,,,
1273,1456,Mastercard,Credit,5451139349544228,08/2019,832,NO,2,7200,02/2011,2011,No,2011-02-01,,,,
2251,1861,Mastercard,Debit,5893992585377552,04/2022,46,NO,1,28352,03/2010,2012,No,2010-03-01,,,,
2993,1861,Amex,Credit,344769057601771,06/2016,588,YES,2,10000,05/2009,2011,No,2009-05-01,,,,
4898,1861,Mastercard,Debit,5475273052994397,02/2024,101,YES,1,32325,09/2016,2016,No,2016-09-01,s_000850,2016-09-01 14:31:00,friend_or_family,/blog/credit-basics
4025,1861,Mastercard,Debit,5682219058474739,05/2018,67,YES,2,22405,07/2014,2014,No,2014-07-01,,,,
3374,1861,Amex,Credit,335960480212340,01/2021,29,YES,1,17300,06/2008,2013,No,2008-06-01,,,,
605,161,Mastercard,Debit,5734847771716584,07/2020,423,YES,1,11163,01/2020,2020,No,2020-01-01,s_000851,2020-01-26 20:01:00,blog_or_review_site,/cards
3096,161,Mastercard,Debit,5018191731735773,02/2024,889,YES,1,13612,05/2011,2011,No,2011-05-01,,,,
5588,161,Visa,Debit,4764927598078199,12/2016,254,YES,1,11168,11/2009,2009,No,2009-11-01,,,,
843,263,Visa,Credit,4821644277167168,03/2020,978,NO,2,6200,01/2020,2020,No,2020-01-01,s_000852,2020-01-25 08:20:00,search,/cards/rewards
2567,263,Mastercard,Debit (Prepaid),5332123291595768,05/2019,494,YES,1,61,04/2008,2009,No,2008-04-01,,,,
1392,263,Mastercard,Debit,5981206880089611,02/2020,421,YES,1,12103,02/2019,2019,No,2019-02-01,s_000853,2019-02-27 12:35:00,friend_or_family,/compare
2994,1389,Discover,Credit,6880652319415117,08/2022,218,YES,2,7900,05/2009,2010,No,2009-05-01,,,,
2301,1389,Mastercard,Debit,5603221270332940,06/2016,316,YES,1,11408,03/2012,2012,No,2012-03-01,,,,
4779,1707,Mastercard,Debit,5101090738920824,07/2021,325,YES,1,22362,09/2010,2014,No,2010-09-01,,,,
5967,1855,Mastercard,Debit,5900286231363635,12/2021,172,YES,1,29716,12/2009,2011,No,2009-12-01,,,,
4304,1855,Visa,Debit,4993861165139696,10/2009,663,YES,1,19258,08/2009,2011,No,2009-08-01,,,,
3021,1855,Visa,Credit,4355832454848293,08/2020,490,YES,3,13400,05/2009,2011,No,2009-05-01,,,,
1903,1855,Visa,Credit,4746650219933871,09/2022,32,YES,2,17100,02/2020,2020,No,2020-02-01,s_000856,2020-02-28 13:31:00,search,/cards/rewards
4564,274,Visa,Debit,4636302289774996,09/2014,898,YES,1,20961,09/2004,2010,No,2004-09-01,,,,
2841,274,Mastercard,Credit,5703235867357528,02/2023,825,YES,2,10500,05/2003,2016,No,2003-05-01,,,,
309,274,Amex,Credit,365377878162370,10/2023,964,YES,2,16500,01/2013,2013,No,2013-01-01,,,,
3184,1552,Visa,Credit,4498319484048588,08/2016,282,YES,2,11300,05/2016,2016,No,2016-05-01,s_000859,2016-05-18 16:21:00,search,/cards/rewards
1380,1552,Mastercard,Debit,5909552342193744,12/2021,675,YES,1,13866,02/2018,2018,No,2018-02-01,s_000860,2018-02-12 21:07:00,blog_or_review_site,/cards
1218,1552,Mastercard,Debit,5494745672321744,05/2021,61,YES,2,14913,02/2010,2010,No,2010-02-01,,,,
5218,1526,Visa,Debit,4852239481506092,11/2012,226,NO,1,3728,10/2010,2010,No,2010-10-01,,,,
3664,1526,Discover,Credit,6172129329668613,10/2024,585,YES,1,7400,07/2001,2007,No,2001-07-01,,,,
4722,1526,Mastercard,Debit (Prepaid),5821558147911214,10/2020,558,YES,1,77,09/2009,2009,No,2009-09-01,,,,
2100,1526,Visa,Debit,4643281848838061,02/2021,413,YES,1,12299,03/2005,2007,No,2005-03-01,,,,
248,319,Visa,Credit,4086497597276972,03/2021,383,YES,2,6800,01/2010,2010,No,2010-01-01,,,,
844,319,Visa,Debit (Prepaid),4841317910712429,02/2022,858,YES,1,77,01/2020,2020,No,2020-01-01,s_000862,2020-01-01 10:31:00,podcast_or_youtube,/cards/rewards
3425,740,Mastercard,Debit,5153811866078718,01/2017,115,YES,2,2172,06/2009,2017,No,2009-06-01,,,,
607,740,Mastercard,Debit,5514582408709018,04/2021,117,YES,1,8661,01/2020,2020,No,2020-01-01,s_000863,2020-01-28 15:30:00,search,/compare
845,740,Visa,Debit,4456142342115909,03/2023,189,YES,2,4009,01/2020,2020,No,2020-01-01,s_000864,2020-01-01 14:07:00,search,/cards
5674,1421,Mastercard,Debit (Prepaid),5874995941788498,06/2022,595,YES,1,65,11/2012,2012,No,2012-11-01,,,,
3550,1421,Mastercard,Debit,5757503231654928,07/2021,514,YES,1,17993,06/2012,2012,No,2012-06-01,,,,
5833,1538,Mastercard,Debit,5128394597214303,04/2011,984,YES,2,16398,12/2005,2005,No,2005-12-01,,,,
3206,1538,Mastercard,Debit,5013050025628156,10/2021,272,YES,2,21284,06/1998,2016,No,1998-06-01,,,,
3599,1101,Visa,Debit,4683799898016256,09/2021,938,NO,2,13022,06/2015,2015,No,2015-06-01,,,,
1905,1101,Visa,Credit,4591328314306371,11/2020,252,YES,1,8500,02/2020,2020,No,2020-02-01,s_000867,2020-02-04 14:12:00,friend_or_family,/
3448,92,Visa,Debit,4130167694765134,06/2024,299,YES,1,34123,06/2009,2009,No,2009-06-01,,,,
2802,92,Mastercard,Debit,5123318890212912,10/2013,821,YES,1,25670,05/1999,2010,No,1999-05-01,,,,
2803,92,Mastercard,Credit,5719709279353504,07/2020,403,YES,1,9000,05/1999,2012,No,1999-05-01,,,,
5947,92,Visa,Debit,4963194250583008,09/2023,150,YES,2,8280,12/2008,2017,No,2008-12-01,,,,
5183,125,Amex,Credit,398638761436555,01/2021,177,YES,2,6400,10/2010,2011,No,2010-10-01,,,,
5770,125,Mastercard,Debit,5945807507752763,08/2022,282,YES,2,9741,12/2001,2010,No,2001-12-01,,,,
2023,125,Mastercard,Debit,5228524583663222,06/2023,720,YES,2,1326,03/2001,2011,No,2001-03-01,,,,
4931,125,Discover,Credit,6151262896814388,10/2022,10,YES,2,3600,10/1998,2005,No,1998-10-01,,,,
2120,125,Mastercard,Credit,5824671780662841,05/2022,554,YES,1,5500,03/2006,2012,No,2006-03-01,,,,
2225,449,Mastercard,Debit,5397488043496245,10/2020,915,YES,2,16675,03/2009,2009,No,2009-03-01,,,,
351,449,Visa,Debit,4003397958786978,05/2021,994,YES,2,21594,01/2015,2015,No,2015-01-01,,,,
3559,449,Visa,Debit,4345910488111903,02/2020,867,YES,1,14277,06/2012,2012,No,2012-06-01,,,,
2738,449,Visa,Debit,4169464534562522,09/2021,770,YES,2,13368,04/2014,2014,No,2014-04-01,,,,
5894,449,Mastercard,Credit,5242288844676225,05/2020,740,YES,1,12700,12/2007,2016,No,2007-12-01,,,,
3214,1173,Amex,Credit,309312757333159,05/2015,253,YES,1,11200,06/2000,2013,No,2000-06-01,,,,
4696,1173,Visa,Debit,4547819605508075,06/2024,410,YES,1,1342,09/2008,2008,No,2008-09-01,,,,
2986,1173,Visa,Credit,4285723805461636,05/2024,282,YES,2,8700,05/2008,2009,No,2008-05-01,,,,
2388,1173,Visa,Debit (Prepaid),4505985086777391,06/2019,675,YES,2,75,03/2019,2019,No,2019-03-01,s_000868,2019-03-19 11:44:00,social_media,/blog/credit-basics
1033,1173,Mastercard,Debit,5610643638268100,10/2021,739,YES,1,35062,02/2004,2011,No,2004-02-01,,,,
4480,1173,Mastercard,Debit,5972507233494518,02/2020,29,YES,2,17503,08/2019,2019,No,2019-08-01,s_000869,2019-08-27 13:50:00,search,/apply
5662,1173,Visa,Credit,4807938969312222,10/2021,158,YES,1,16900,11/2011,2011,No,2011-11-01,,,,
5197,1810,Mastercard,Credit,5595124692967493,01/2023,474,NO,2,9000,10/2010,2010,No,2010-10-01,,,,
4839,1810,Visa,Credit,4552564122869013,04/2024,816,YES,2,9800,09/2012,2012,No,2012-09-01,,,,
5936,1810,Mastercard,Credit,5374521575849221,12/2023,720,YES,1,10600,12/2008,2009,No,2008-12-01,,,,
2323,1810,Visa,Credit,4913659581054321,08/2020,55,YES,1,7200,03/2013,2013,No,2013-03-01,,,,
3339,1810,Amex,Credit,358698367361738,11/2023,803,YES,2,7900,06/2007,2017,No,2007-06-01,,,,
3522,1843,Mastercard,Debit,5247241630893016,02/2020,285,YES,2,12189,06/2011,2011,No,2011-06-01,,,,
5752,1843,Amex,Credit,363194829032279,09/2021,307,NO,1,12300,12/1997,2009,No,1997-12-01,,,,
249,1843,Visa,Debit,4348922167384229,06/2022,256,YES,2,8702,01/2010,2014,No,2010-01-01,,,,
4553,1843,Mastercard,Debit,5813126802246388,12/2022,390,YES,2,10638,09/2004,2010,No,2004-09-01,,,,
961,1843,Amex,Credit,355893231059855,11/2020,374,YES,2,5800,02/1998,2010,No,1998-02-01,,,,
2033,1843,Mastercard,Credit,5937483494199250,09/2020,651,YES,1,13200,03/2002,2018,No,2002-03-01,,,,
5834,1843,Mastercard,Credit,5696507697447293,10/2021,829,YES,2,4800,12/2005,2009,No,2005-12-01,,,,
4408,1578,Mastercard,Credit,5202407614887772,11/2020,17,YES,2,6800,08/2013,2013,No,2013-08-01,,,,
5331,1578,Visa,Debit (Prepaid),4805717527228441,04/2020,689,YES,2,64,10/2018,2018,No,2018-10-01,s_000870,2018-10-09 11:48:00,blog_or_review_site,/cards/rewards
4343,658,Visa,Credit,4846880896921020,09/2011,89,YES,1,5800,08/2010,2010,No,2010-08-01,,,,
199,658,Mastercard,Debit,5342017674521143,08/2024,200,YES,2,22742,01/2009,2009,No,2009-01-01,,,,
1010,658,Amex,Credit,342127756889068,04/2020,505,YES,1,19300,02/2003,2013,No,2003-02-01,,,,
5548,658,Visa,Credit,4998523019501501,03/2024,730,YES,1,13800,11/2008,2008,No,2008-11-01,,,,
2146,1858,Mastercard,Credit,5990870436342591,12/2022,373,YES,2,8200,03/2007,2010,No,2007-03-01,,,,
5350,1503,Visa,Credit,4896740019424793,02/2023,107,YES,2,12600,11/1996,2014,No,1996-11-01,,,,
3476,1503,Mastercard,Debit,5527540454179734,09/2023,594,YES,2,15552,06/2010,2014,No,2010-06-01,,,,
4274,1503,Visa,Debit,4084744531899336,08/2022,22,YES,1,5133,08/2008,2008,No,2008-08-01,,,,
3772,1503,Mastercard,Debit,5573928816931767,11/2020,814,YES,2,24049,07/2006,2013,No,2006-07-01,,,,
5785,1671,Visa,Debit,4549207388694992,07/2020,454,YES,2,2174,12/2002,2010,No,2002-12-01,,,,
4430,1233,Mastercard,Debit,5800282249045735,08/2017,159,YES,2,25301,08/2014,2014,No,2014-08-01,,,,
4823,1233,Visa,Credit,4500413559560458,09/2012,772,YES,2,11000,09/2011,2013,No,2011-09-01,,,,
1449,1233,Discover,Credit,6910507672679889,11/2022,303,YES,1,7100,02/2020,2020,No,2020-02-01,s_000874,2020-02-05 22:23:00,app_store,/cards/rewards
4255,1271,Mastercard,Debit (Prepaid),5359728537890316,10/2008,268,YES,2,57,08/2008,2008,No,2008-08-01,,,,
3316,1271,Mastercard,Debit (Prepaid),5525521386256143,11/2016,10,YES,2,33,06/2006,2013,No,2006-06-01,,,,
1908,1271,Visa,Credit,4261459508856281,03/2024,100,NO,1,10900,02/2020,2020,No,2020-02-01,s_000875,2020-02-03 22:14:00,search,/
5099,473,Visa,Credit,4733101280516220,10/2021,91,YES,2,7100,10/2007,2007,No,2007-10-01,,,,
2696,473,Mastercard,Debit,5182798655253669,02/2022,237,YES,1,10005,04/2012,2012,No,2012-04-01,,,,
5663,1541,Visa,Debit,4170281671173425,09/2023,374,YES,1,10627,11/2011,2011,No,2011-11-01,,,,
228,1541,Mastercard,Debit,5090352145878323,09/2024,699,NO,2,12157,01/2010,2019,No,2010-01-01,,,,
4554,1541,Mastercard,Debit,5697088180898071,03/2008,622,YES,1,60,09/2004,2009,No,2004-09-01,,,,
3253,1541,Mastercard,Credit,5190258026083823,12/2020,16,YES,2,10600,06/2003,2008,No,2003-06-01,,,,
2307,1541,Visa,Debit,4513747100786400,11/2023,697,YES,1,17383,03/2012,2012,No,2012-03-01,,,,
3590,149,Mastercard,Credit,5425086965050395,07/2022,286,YES,1,14200,06/2015,2015,No,2015-06-01,,,,
1219,560,Mastercard,Debit,5293577583483472,12/2021,468,NO,2,11620,02/2010,2010,No,2010-02-01,,,,
144,560,Visa,Debit,4905889899631048,01/2020,87,YES,2,16642,01/2007,2012,No,2007-01-01,,,,
1371,560,Mastercard,Credit,5312371772380380,05/2020,749,YES,1,6900,02/2017,2017,No,2017-02-01,s_000876,2017-02-26 15:27:00,search,/
5065,560,Visa,Credit,4205841889242536,09/2007,193,NO,2,12500,10/2006,2012,No,2006-10-01,,,,
2185,1006,Mastercard,Debit,5768034144342998,09/2024,339,YES,2,14814,03/2008,2008,No,2008-03-01,,,,
3509,1006,Amex,Credit,375781387847037,09/2021,910,YES,1,10900,06/2011,2011,No,2011-06-01,,,,
4723,1006,Mastercard,Debit,5422477428882353,01/2023,49,YES,2,17253,09/2009,2011,No,2009-09-01,,,,
4305,368,Visa,Debit,4022388623982220,09/2009,297,YES,2,20756,08/2009,2009,No,2009-08-01,,,,
371,368,Mastercard,Debit,5892815616421272,02/2020,831,YES,2,22132,01/2018,2018,No,2018-01-01,s_000877,2018-01-10 17:16:00,social_media,/apply
5566,368,Mastercard,Debit (Prepaid),5936702504666287,07/2010,175,YES,2,63,11/2009,2009,No,2009-11-01,,,,
2226,368,Mastercard,Credit,5172991779853899,11/2024,993,YES,1,12100,03/2009,2010,No,2009-03-01,,,,
3822,368,Visa,Debit (Prepaid),4445518698030679,03/2024,772,YES,2,71,07/2007,2014,No,2007-07-01,,,,
4463,368,Mastercard,Credit,5296450786659328,06/2020,567,YES,2,13000,08/2017,2017,No,2017-08-01,s_000878,2017-08-24 20:17:00,search,/cards
2408,1696,Mastercard,Debit,5412731781518758,05/2018,599,YES,2,12047,04/2000,2008,No,2000-04-01,,,,
180,416,Visa,Credit,4942437694778245,10/2020,805,NO,2,14900,01/2008,2011,No,2008-01-01,,,,
1220,416,Mastercard,Debit,5587024233247132,11/2022,531,YES,2,14066,02/2010,2012,No,2010-02-01,,,,
2883,416,Mastercard,Debit (Prepaid),5959812127527703,09/2021,122,NO,2,60,05/2005,2013,No,2005-05-01,,,,
2445,416,Mastercard,Debit,5736162855690730,12/2024,93,YES,3,18242,04/2003,2011,No,2003-04-01,,,,
2399,416,Mastercard,Debit,5554908163647067,09/2023,289,YES,2,2041,04/1997,2012,No,1997-04-01,,,,
4724,416,Mastercard,Debit (Prepaid),5870295343668374,12/2022,16,YES,2,46,09/2009,2016,No,2009-09-01,,,,
6031,51,Visa,Credit,4718480260665073,07/2020,909,YES,1,12700,12/2010,2011,No,2010-12-01,,,,
1637,51,Mastercard,Debit,5871278934255113,02/2020,101,YES,1,27124,02/2020,2020,No,2020-02-01,s_000879,2020-02-18 09:04:00,other,/blog/credit-basics
1450,51,Discover,Credit,6513518494320521,05/2023,191,YES,2,6400,02/2020,2020,No,2020-02-01,s_000880,2020-02-22 12:26:00,social_media,/cards/rewards
285,196,Visa,Credit,4997594823384918,10/2021,0,YES,2,4300,01/2011,2011,No,2011-01-01,,,,
5085,690,Mastercard,Debit,5209218070425035,09/2020,25,YES,1,1993,10/2007,2015,No,2007-10-01,,,,
2727,1477,Mastercard,Debit,5770262844753641,02/2020,717,YES,2,18171,04/2014,2014,No,2014-04-01,,,,
3747,1477,Visa,Debit,4825679880273598,07/2024,133,YES,1,44314,07/2005,2008,No,2005-07-01,,,,
4947,1477,Discover,Credit,6994217664929322,11/2022,198,NO,1,12700,10/2001,2009,No,2001-10-01,,,,
2676,260,Mastercard,Debit,5136583159442030,07/2019,321,YES,1,21007,04/2011,2011,No,2011-04-01,,,,
5119,260,Mastercard,Debit (Prepaid),5855459575617149,07/2017,547,NO,1,65,10/2008,2009,No,2008-10-01,,,,
323,260,Visa,Debit,4526531668861041,12/2021,422,YES,1,13342,01/2013,2013,No,2013-01-01,,,,
5895,857,Mastercard,Debit,5489916459927550,09/2021,425,YES,2,10405,12/2007,2011,No,2007-12-01,,,,
4739,1167,Visa,Credit,4576167031845753,10/2015,540,YES,1,12500,09/2009,2009,No,2009-09-01,,,,
2159,1167,Visa,Debit,4341601262077056,01/2022,511,YES,2,19070,03/2007,2007,No,2007-03-01,,,,
3666,1167,Mastercard,Debit,5530247037796971,10/2024,398,YES,2,30950,07/2001,2006,No,2001-07-01,,,,
3426,1358,Mastercard,Debit (Prepaid),5722130479224541,05/2020,447,YES,1,80,06/2009,2012,No,2009-06-01,,,,
1909,1358,Visa,Debit,4260770454530847,10/2023,303,YES,1,26394,02/2020,2020,No,2020-02-01,s_000881,2020-02-14 16:42:00,other,/apply
5736,1358,Mastercard,Debit (Prepaid),5596764819382871,01/2020,26,YES,1,71,11/2018,2018,No,2018-11-01,s_000882,2018-11-28 22:40:00,blog_or_review_site,/cards/rewards
5135,1358,Visa,Debit (Prepaid),4611045541819658,01/2024,73,YES,1,83,10/2008,2008,No,2008-10-01,,,,
5368,1611,Mastercard,Debit,5864678527405060,02/2016,209,YES,2,12132,11/2001,2014,No,2001-11-01,,,,
1318,1611,Mastercard,Credit,5309806228982693,11/2015,888,YES,2,1900,02/2013,2013,No,2013-02-01,,,,
1252,734,Visa,Debit,4090974875409305,11/2021,478,YES,2,5507,02/2010,2010,No,2010-02-01,,,,
4990,734,Mastercard,Credit,5146631536689214,07/2020,498,YES,2,6300,10/2003,2010,No,2003-10-01,,,,
4671,1507,Mastercard,Debit,5902106574231833,07/2021,726,YES,2,19573,09/2008,2015,No,2008-09-01,,,,
5589,1507,Visa,Debit,4088009907063244,01/2021,841,YES,2,29543,11/2009,2011,No,2009-11-01,,,,
3449,1507,Visa,Debit,4613081576154866,05/2020,531,NO,2,19171,06/2009,2013,No,2009-06-01,,,,
4393,504,Mastercard,Debit (Prepaid),5854434366617595,02/2020,685,YES,1,72,08/2012,2012,No,2012-08-01,,,,
5280,504,Visa,Debit,4986472355842402,04/2014,877,YES,1,11710,10/2013,2013,No,2013-10-01,,,,
2263,524,Visa,Debit,4983067178659303,12/2024,920,NO,2,24089,03/2010,2010,No,2010-03-01,,,,
5240,525,Mastercard,Debit,5835652546947839,12/2024,163,YES,1,15900,10/2011,2011,No,2011-10-01,,,,
6004,525,Mastercard,Debit,5052894179039690,01/2024,604,YES,1,11595,12/2010,2010,No,2010-12-01,,,,
4811,525,Mastercard,Debit,5407600934550843,02/2020,335,YES,2,13257,09/2011,2011,No,2011-09-01,,,,
4740,250,Visa,Credit,4422778420591987,02/2014,40,NO,2,7200,09/2009,2009,No,2009-09-01,,,,
2793,250,Mastercard,Credit,5464567834760933,04/2017,217,YES,1,8200,05/1997,2007,No,1997-05-01,,,,
5136,250,Visa,Debit,4680252687248203,04/2024,33,YES,2,11678,10/2008,2014,No,2008-10-01,,,,
4940,250,Mastercard,Debit (Prepaid),5824072261463088,12/2020,574,YES,1,57,10/1999,2017,No,1999-10-01,,,,
3971,250,Mastercard,Debit,5387283225052992,11/2011,236,YES,1,10412,07/2011,2017,No,2011-07-01,,,,
2914,250,Visa,Debit,4123003512524806,01/2023,338,YES,1,7808,05/2006,2009,No,2006-05-01,,,,
1332,479,Visa,Debit,4569944754910437,10/2022,19,YES,2,43767,02/2013,2013,No,2013-02-01,,,,
2186,479,Mastercard,Credit,5692954458453302,09/2021,528,YES,1,16600,03/2008,2014,No,2008-03-01,,,,
2436,479,Visa,Debit,4262606931655715,01/2021,44,YES,2,3058,04/2002,2013,No,2002-04-01,,,,
4189,343,Visa,Credit,4742225389926537,08/2024,690,YES,1,11000,08/2006,2017,No,2006-08-01,,,,
3582,343,Mastercard,Credit,5052795584928351,07/2018,868,YES,1,10800,06/2014,2014,No,2014-06-01,,,,
1288,343,Visa,Debit,4906697568806155,04/2014,115,YES,2,38385,02/2011,2011,No,2011-02-01,,,,
994,343,Visa,Debit,4828053261714296,03/2008,747,NO,1,15277,02/2001,2011,No,2001-02-01,,,,
3953,343,Visa,Debit,4838741431544661,06/2024,808,YES,1,14625,07/2010,2010,No,2010-07-01,,,,
2410,343,Visa,Credit,4293283293714115,10/2010,346,NO,2,12400,04/2000,2007,No,2000-04-01,,,,
1091,343,Mastercard,Debit,5084262281266937,10/2010,599,YES,2,24943,02/2006,2012,No,2006-02-01,,,,
3523,343,Mastercard,Credit,5806194988137545,10/2021,655,YES,2,12300,06/2011,2011,No,2011-06-01,,,,
1415,1196,Amex,Credit,313591301980634,02/2020,696,YES,2,10900,02/2020,2020,No,2020-02-01,s_000883,2020-02-20 21:20:00,social_media,/apply
3637,1196,Visa,Debit,4848365658346021,04/2024,472,YES,1,14623,06/2018,2018,No,2018-06-01,s_000884,2018-06-23 09:53:00,podcast_or_youtube,/
4000,1196,Mastercard,Debit,5215179642753327,06/2021,991,YES,2,15017,07/2012,2012,No,2012-07-01,,,,
4542,1196,Visa,Credit,4898915603819946,06/2020,656,YES,1,11100,09/2003,2011,No,2003-09-01,,,,
2453,1530,Amex,Credit,338079292992360,04/2023,676,YES,1,400,04/2004,2009,No,2004-04-01,,,,
52,1530,Mastercard,Credit,5557818075031918,01/2021,978,YES,2,500,01/2004,2008,No,2004-01-01,,,,
1179,1530,Mastercard,Credit,5368997770474837,11/2024,813,YES,1,600,02/2009,2013,No,2009-02-01,,,,
5322,1963,Mastercard,Debit,5461853964107432,10/2020,157,YES,1,17220,10/2017,2017,No,2017-10-01,s_000885,2017-10-14 19:15:00,search,/cards/rewards
5418,1963,Visa,Debit,4982128140473182,06/2020,133,YES,1,29041,11/2004,2008,No,2004-11-01,,,,
3317,1963,Mastercard,Debit,5735308019363324,02/2024,502,YES,1,25297,06/2006,2006,No,2006-06-01,,,,
1638,1963,Mastercard,Debit (Prepaid),5287850605380294,05/2020,507,YES,1,71,02/2020,2020,No,2020-02-01,s_000886,2020-02-27 14:30:00,search,/cards/rewards
6058,1963,Visa,Debit,4198976754515199,02/2023,970,YES,1,21692,12/2011,2012,No,2011-12-01,,,,
3364,1963,Visa,Debit,4714171193381622,11/2024,214,YES,1,18384,06/2007,2009,No,2007-06-01,,,,
4565,1963,Visa,Credit,4845860911762398,12/2023,234,YES,1,20700,09/2004,2012,No,2004-09-01,,,,
1381,764,Mastercard,Debit,5445576229804926,11/2021,764,YES,1,20467,02/2018,2018,No,2018-02-01,s_000887,2018-02-04 10:05:00,blog_or_review_site,/cards/rewards
286,764,Visa,Debit,4127768354829504,04/2020,462,YES,1,16109,01/2011,2011,No,2011-01-01,,,,
3727,764,Amex,Credit,388934759336158,12/2024,161,YES,1,13900,07/2005,2012,No,2005-07-01,,,,
1910,764,Visa,Credit,4066658055142804,01/2022,743,YES,1,4400,02/2020,2020,No,2020-02-01,s_000888,2020-02-21 18:45:00,search,/cards/rewards
2136,213,Amex,Credit,343322895436234,02/2024,863,YES,2,20400,03/2007,2010,No,2007-03-01,,,,
5291,213,Mastercard,Debit,5245186032047233,05/2023,952,YES,2,18074,10/2014,2014,No,2014-10-01,,,,
1639,213,Mastercard,Debit,5257903366583683,05/2024,911,YES,1,37778,02/2020,2020,No,2020-02-01,s_000889,2020-02-11 13:27:00,blog_or_review_site,/
4954,410,Mastercard,Debit,5568241893888014,01/2015,382,YES,2,26822,10/2001,2007,No,2001-10-01,,,,
2801,410,Visa,Credit,4599206670491662,10/2006,819,YES,2,15000,05/1998,2008,No,1998-05-01,,,,
1221,1685,Mastercard,Debit,5638911805485528,02/2023,857,YES,1,8451,02/2010,2010,No,2010-02-01,,,,
5613,1685,Mastercard,Debit (Prepaid),5456998274620242,07/2021,314,YES,2,26,11/2010,2017,No,2010-11-01,,,,
1253,225,Visa,Debit,4556097032146114,12/2020,779,YES,1,20661,02/2010,2010,No,2010-02-01,,,,
4382,225,Visa,Debit,4558358311758359,08/2018,143,YES,2,16523,08/2011,2011,No,2011-08-01,,,,
432,225,Discover,Credit,6544507337530475,09/2023,953,YES,2,16600,01/2020,2020,No,2020-01-01,s_000890,2020-01-28 21:07:00,search,/blog/credit-basics
4780,225,Mastercard,Credit,5388982948934434,09/2023,283,YES,2,14300,09/2010,2010,No,2010-09-01,,,,
608,1210,Mastercard,Debit,5263958724423367,01/2020,206,YES,2,6824,01/2020,2020,No,2020-01-01,s_000891,2020-01-04 13:02:00,friend_or_family,/cards/rewards
4606,1210,Mastercard,Debit,5690113878914790,07/2023,318,YES,1,10589,09/2006,2015,No,2006-09-01,,,,
4846,1210,Amex,Credit,347615356543698,10/2020,81,YES,2,8600,09/2013,2013,No,2013-09-01,,,,
3403,1210,Visa,Debit,4389969412017990,12/2020,347,YES,1,26982,06/2008,2008,No,2008-06-01,,,,
5400,576,Amex,Credit,378670171942097,04/2023,589,YES,2,8100,11/2004,2011,No,2004-11-01,,,,
5664,576,Visa,Debit,4869825437648368,02/2022,137,YES,1,26471,11/2011,2011,No,2011-11-01,,,,
4624,576,Visa,Debit,4930515907295210,08/2022,813,NO,1,37656,09/2006,2010,No,2006-09-01,,,,
5968,576,Mastercard,Debit,5080123024859107,08/2022,528,YES,2,27947,12/2009,2011,No,2009-12-01,,,,
3057,576,Mastercard,Debit,5940844230264571,01/2024,441,YES,1,29465,05/2010,2010,No,2010-05-01,,,,
3600,576,Visa,Debit,4067511304922463,07/2020,377,YES,1,21070,06/2015,2015,No,2015-06-01,,,,
2384,576,Mastercard,Debit,5355091629499190,01/2021,945,YES,2,27537,03/2019,2019,No,2019-03-01,s_000893,2019-03-09 13:55:00,social_media,/cards/rewards
4969,1677,Mastercard,Debit,5650667533582383,04/2022,228,YES,2,13404,10/2002,2018,No,2002-10-01,,,,
324,1677,Visa,Credit,4051794996672546,10/2024,375,YES,2,2400,01/2013,2013,No,2013-01-01,,,,
3080,1969,Visa,Debit,4288810793226677,02/2015,453,YES,1,3016,05/2010,2011,No,2010-05-01,,,,
5549,1969,Visa,Debit,4179498334263775,10/2020,254,YES,2,32809,11/2008,2010,No,2008-11-01,,,,
4934,1969,Mastercard,Debit,5146650564715215,08/2024,331,YES,2,16519,10/1998,2015,No,1998-10-01,,,,
4231,1969,Visa,Debit,4575344947327711,12/2016,350,NO,2,28759,08/2007,2014,No,2007-08-01,,,,
4981,1969,Discover,Credit,6242287666379868,01/2022,946,YES,1,12300,10/2003,2010,No,2003-10-01,,,,
4142,1431,Visa,Credit,4470331095113773,03/2012,388,YES,2,4900,08/2004,2010,No,2004-08-01,,,,
1254,1482,Visa,Debit,4474303260979464,10/2021,877,YES,2,34877,02/2010,2012,No,2010-02-01,,,,
5017,1295,Visa,Credit,4892675252828860,02/2024,823,YES,1,9900,10/2004,2014,No,2004-10-01,,,,
3318,1295,Mastercard,Debit,5253054637336998,05/2020,162,YES,2,11382,06/2006,2009,No,2006-06-01,,,,
2949,1295,Visa,Credit,4019889574171579,08/2023,866,YES,1,7500,05/2007,2009,No,2007-05-01,,,,
609,1295,Mastercard,Debit (Prepaid),5503241746944920,02/2020,950,YES,1,72,01/2020,2020,No,2020-01-01,s_000897,2020-01-07 09:24:00,search,/blog/credit-basics
5567,1468,Mastercard,Debit,5925067526898309,12/2020,442,YES,1,26764,11/2009,2014,No,2009-11-01,,,,
3058,1468,Mastercard,Debit,5820539169400556,10/2010,359,YES,1,32035,05/2010,2014,No,2010-05-01,,,,
4854,538,Mastercard,Debit,5914363154867761,12/2014,861,YES,1,11906,09/2013,2013,No,2013-09-01,,,,
5441,538,Visa,Credit,4648780918814877,06/2020,520,YES,2,7000,11/2005,2018,No,2005-11-01,,,,
4161,538,Mastercard,Debit,5885105668024939,12/2014,750,YES,2,6993,08/2005,2016,No,2005-08-01,,,,
2396,538,Visa,Debit,4071964441964383,03/2013,333,YES,2,1513,04/1994,2019,No,1994-04-01,,,,
1319,748,Mastercard,Debit,5811894674904856,06/2022,745,YES,1,18204,02/2013,2013,No,2013-02-01,,,,
2763,748,Mastercard,Debit,5448937090820055,01/2017,848,YES,1,20067,04/2016,2016,No,2016-04-01,s_000898,2016-04-08 19:44:00,social_media,/blog/credit-basics
1067,748,Visa,Credit,4036090740222579,12/2020,776,YES,1,14400,02/2005,2012,No,2005-02-01,,,,
2967,41,Mastercard,Debit (Prepaid),5383108155927187,05/2021,298,YES,1,83,05/2008,2011,No,2008-05-01,,,,
3213,807,Visa,Debit,4261622382091222,03/2023,482,NO,1,30903,06/1999,2008,No,1999-06-01,,,,
4889,807,Visa,Debit (Prepaid),4303264440429387,06/2021,41,YES,1,91,09/2015,2015,No,2015-09-01,,,,
5299,807,Visa,Debit (Prepaid),4822827268715842,06/2020,941,YES,1,62,10/2014,2014,No,2014-10-01,,,,
2813,1430,Mastercard,Debit,5779613966623147,12/2024,870,YES,2,1936,05/2001,2010,No,2001-05-01,,,,
2074,1430,Visa,Credit,4243024246722814,01/2022,583,YES,1,9100,03/2004,2010,No,2004-03-01,,,,
4383,1430,Visa,Debit,4305528629844067,01/2021,143,NO,2,25726,08/2011,2011,No,2011-08-01,,,,
66,1430,Discover,Credit,6955304802437571,03/2020,792,YES,1,12200,01/2005,2013,No,2005-01-01,,,,
3987,1430,Visa,Credit,4369343670589371,10/2022,814,YES,2,400,07/2011,2011,No,2011-07-01,,,,
4110,1873,Mastercard,Debit,5359861682152634,02/2021,722,YES,2,20042,08/2002,2006,No,2002-08-01,,,,
4741,1873,Visa,Credit,4745779615480432,07/2016,502,YES,1,7700,09/2009,2009,No,2009-09-01,,,,
306,1873,Visa,Debit (Prepaid),4329819283337925,12/2024,529,NO,2,60,01/2012,2012,No,2012-01-01,,,,
5052,980,Mastercard,Debit,5649821845348821,04/2020,169,YES,1,14185,10/2006,2006,No,2006-10-01,,,,
181,980,Visa,Debit,4308765406643901,08/2011,699,YES,1,16094,01/2008,2010,No,2008-01-01,,,,
1643,980,Mastercard,Debit,5957544477315197,07/2021,463,YES,1,26819,02/2020,2020,No,2020-02-01,s_000905,2020-02-07 21:03:00,friend_or_family,/cards/rewards
2454,980,Amex,Credit,338659584396426,10/2021,68,YES,2,14600,04/2004,2013,No,2004-04-01,,,,
6059,980,Visa,Credit,4289189526229154,02/2021,488,YES,2,5800,12/2011,2011,No,2011-12-01,,,,
4855,980,Mastercard,Debit,5704958659332156,04/2016,568,YES,1,16789,09/2013,2013,No,2013-09-01,,,,
4409,980,Mastercard,Debit,5673842014857957,09/2020,763,YES,1,14213,08/2013,2013,No,2013-08-01,,,,
4919,1415,Visa,Credit,4344540573987357,01/2021,594,YES,2,6400,09/2018,2018,No,2018-09-01,s_000906,2018-09-18 14:30:00,social_media,/blog/credit-basics
4328,652,Mastercard,Debit,5517224248010481,12/2024,348,YES,1,16203,08/2010,2010,No,2010-08-01,,,,
2502,652,Amex,Credit,399097109736535,12/2023,311,YES,2,16500,04/2006,2016,No,2006-04-01,,,,
4293,652,Mastercard,Debit,5481971913958210,07/2023,8,YES,1,19962,08/2009,2012,No,2009-08-01,,,,
4607,652,Mastercard,Debit (Prepaid),5402354343498416,02/2020,437,YES,2,52,09/2006,2011,No,2006-09-01,,,,
1197,652,Visa,Debit,4493414838028913,02/2020,504,YES,2,2045,02/2009,2014,No,2009-02-01,,,,
1255,652,Visa,Debit,4874919817321914,02/2023,392,YES,2,21607,02/2010,2018,No,2010-02-01,,,,
5492,1129,Mastercard,Debit,5988252449836290,01/2015,438,YES,2,18109,11/2007,2010,No,2007-11-01,,,,
102,1129,Mastercard,Debit,5874992802287595,05/2020,256,YES,1,14802,01/2006,2008,No,2006-01-01,,,,
2677,1129,Mastercard,Credit,5744954381314398,06/2022,501,YES,1,7600,04/2011,2011,No,2011-04-01,,,,
5852,885,Discover,Credit,6566463560968460,06/2021,495,YES,1,9000,12/2006,2006,No,2006-12-01,,,,
5086,885,Mastercard,Debit (Prepaid),5231994842307044,05/2023,580,YES,1,63,10/2007,2013,No,2007-10-01,,,,
6005,885,Mastercard,Debit,5049088411909571,11/2022,311,YES,2,7784,12/2010,2014,No,2010-12-01,,,,
4256,1899,Mastercard,Debit,5916336011141361,11/2009,356,YES,1,29761,08/2008,2010,No,2008-08-01,,,,
5969,1899,Mastercard,Debit (Prepaid),5337733184380403,04/2023,710,YES,1,64,12/2009,2011,No,2009-12-01,,,,
3365,1369,Visa,Credit,4182511939315930,11/2020,806,YES,2,9000,06/2007,2009,No,2007-06-01,,,,
5792,1369,Mastercard,Debit,5168890534725782,10/2024,731,YES,2,14716,12/2003,2012,No,2003-12-01,,,,
3059,1057,Mastercard,Debit,5057040773022396,09/2015,546,YES,1,23395,05/2010,2020,No,2010-05-01,,,,
5464,1302,Mastercard,Debit,5867658090755003,02/2024,205,YES,1,9883,11/2006,2010,No,2006-11-01,,,,
3203,1302,Mastercard,Debit,5129159719934931,02/2020,886,NO,1,8993,05/2019,2019,No,2019-05-01,s_000908,2019-05-17 08:11:00,podcast_or_youtube,/cards/rewards
5632,1302,Visa,Credit,4893597498035434,04/2020,242,YES,2,7900,11/2010,2015,No,2010-11-01,,,,
3972,1302,Mastercard,Debit (Prepaid),5879022986680568,10/2022,616,YES,2,13,07/2011,2014,No,2011-07-01,,,,
3871,415,Visa,Credit,4150374459354985,05/2023,806,YES,1,9400,07/2008,2012,No,2008-07-01,,,,
5344,415,Visa,Credit,4678217870259696,11/2024,760,YES,2,8000,10/2019,2019,No,2019-10-01,s_000909,2019-10-10 11:51:00,search,/compare
3225,415,Mastercard,Debit,5411021821466207,01/2021,274,YES,1,17527,06/2001,2005,No,2001-06-01,,,,
6088,415,Mastercard,Debit,5266997540698930,02/2022,791,YES,1,11818,12/2013,2013,No,2013-12-01,,,,
2348,83,Visa,Credit,4522988269777230,12/2023,288,YES,2,11600,03/2015,2015,No,2015-03-01,,,,
5198,28,Mastercard,Debit,5428995792004092,01/2021,800,NO,1,13896,10/2010,2010,No,2010-10-01,,,,
2678,28,Mastercard,Credit,5623379608463304,01/2024,922,YES,1,16400,04/2011,2011,No,2011-04-01,,,,
2568,28,Mastercard,Debit,5957565102001219,03/2015,686,YES,2,29717,04/2008,2008,No,2008-04-01,,,,
852,28,Visa,Debit,4342002053844654,04/2024,263,YES,1,17431,01/2020,2020,No,2020-01-01,s_000911,2020-01-26 21:13:00,search,/cards/rewards
5529,33,Mastercard,Debit,5059695419276531,03/2022,447,YES,2,11584,11/2008,2012,No,2008-11-01,,,,
1357,33,Mastercard,Credit,5773848829447492,07/2016,833,YES,2,9000,02/2015,2015,No,2015-02-01,,,,
5120,33,Mastercard,Credit,5573389122398768,02/2020,526,YES,1,7400,10/2008,2009,No,2008-10-01,,,,
2252,33,Mastercard,Debit,5589655270470549,09/2017,213,YES,2,13829,03/2010,2016,No,2010-03-01,,,,
2404,33,Mastercard,Debit,5121416562354073,04/2024,857,YES,2,4589,04/1999,2011,No,1999-04-01,,,,
4742,1646,Visa,Credit,4986044513118660,03/2022,231,YES,2,9000,09/2009,2011,No,2009-09-01,,,,
5652,1646,Mastercard,Credit,5207616824194251,05/2022,511,YES,2,9900,11/2011,2011,No,2011-11-01,,,,
2276,1646,Mastercard,Debit,5298309501417982,08/2021,208,YES,1,11153,03/2011,2011,No,2011-03-01,,,,
5314,1646,Mastercard,Debit,5234825249935945,04/2018,625,NO,1,10671,10/2016,2016,No,2016-10-01,s_000912,2016-10-25 22:23:00,social_media,/apply
4045,1646,Mastercard,Debit,5887429452492053,10/2024,119,NO,1,12470,07/2016,2016,No,2016-07-01,s_000913,2016-07-06 20:17:00,social_media,/cards/rewards
310,1152,Discover,Credit,6994498161251218,04/2024,477,YES,1,7200,01/2013,2013,No,2013-01-01,,,,
6080,134,Amex,Credit,307803547813264,04/2021,18,YES,2,4700,12/2013,2013,No,2013-12-01,,,,
5991,134,Amex,Credit,390245051618518,07/2012,198,YES,2,10400,12/2010,2013,No,2010-12-01,,,,
6120,134,Mastercard,Credit,5270343966236915,08/2022,997,YES,1,9400,12/2016,2016,No,2016-12-01,s_000915,2016-12-05 14:17:00,search,/cards
611,134,Mastercard,Debit,5633930742392356,02/2020,560,YES,1,27290,01/2020,2020,No,2020-01-01,s_000916,2020-01-16 10:13:00,other,/apply
2242,220,Amex,Credit,314281190779481,03/2023,430,YES,1,17200,03/2010,2015,No,2010-03-01,,,,
3954,220,Visa,Debit,4604354040195938,05/2020,401,YES,1,23018,07/2010,2018,No,2010-07-01,,,,
1645,220,Mastercard,Debit (Prepaid),5423661517740499,04/2022,925,YES,1,2,02/2020,2020,No,2020-02-01,s_000919,2020-02-18 14:24:00,search,/blog/credit-basics
2697,220,Mastercard,Credit,5572404956005534,12/2024,905,YES,3,23500,04/2012,2012,No,2012-04-01,,,,
4043,1343,Amex,Credit,356195833030022,02/2022,538,YES,1,5300,07/2016,2016,No,2016-07-01,s_000920,2016-07-06 18:39:00,social_media,/compare
612,1343,Mastercard,Debit,5197164080750347,12/2022,636,NO,2,12738,01/2020,2020,No,2020-01-01,s_000921,2020-01-03 17:32:00,social_media,/apply
855,1343,Visa,Credit,4773629437759091,06/2022,576,YES,1,8700,01/2020,2020,No,2020-01-01,s_000922,2020-01-28 10:39:00,other,/
856,1343,Visa,Debit,4361605243954258,05/2021,833,YES,2,5752,01/2020,2020,No,2020-01-01,s_000923,2020-01-12 18:11:00,app_store,/
2329,1930,Mastercard,Debit,5965080957028592,11/2020,934,YES,1,15416,03/2014,2014,No,2014-03-01,,,,
613,1930,Mastercard,Debit (Prepaid),5974769461650566,05/2023,718,YES,1,73,01/2020,2020,No,2020-01-01,s_000924,2020-01-04 10:46:00,friend_or_family,/apply
614,1930,Mastercard,Credit,5298746204483252,10/2022,840,YES,1,15700,01/2020,2020,No,2020-01-01,s_000925,2020-01-14 17:44:00,other,/apply
1646,1260,Mastercard,Credit,5302098419670472,05/2021,517,YES,1,10100,02/2020,2020,No,2020-02-01,s_000926,2020-02-09 12:13:00,other,/
6081,1260,Amex,Credit,362698516441740,07/2024,439,YES,2,0,12/2013,2013,No,2013-12-01,,,,
857,1260,Visa,Credit,4010376046923246,07/2022,312,YES,1,11000,01/2020,2020,No,2020-01-01,s_000927,2020-01-03 11:53:00,blog_or_review_site,/blog/credit-basics
3773,96,Mastercard,Credit,5718500802654438,12/2024,293,YES,1,18300,07/2006,2008,No,2006-07-01,,,,
3695,96,Mastercard,Debit,5481724154378262,04/2023,952,YES,2,19959,07/2003,2013,No,2003-07-01,,,,
361,96,Visa,Credit,4304215035213802,10/2020,370,YES,2,24300,01/2017,2017,No,2017-01-01,s_000928,2017-01-08 13:42:00,social_media,/apply
5175,96,Visa,Credit,4395260796436247,07/2021,152,NO,2,18900,10/2009,2013,No,2009-10-01,,,,
4878,1166,Visa,Debit,4890865865158493,11/2014,441,YES,1,14574,09/2014,2014,No,2014-09-01,,,,
1222,1166,Mastercard,Credit,5702377806791449,08/2021,548,YES,2,14100,02/2010,2010,No,2010-02-01,,,,
5822,1166,Visa,Debit,4867627629631267,12/2012,333,YES,2,23737,12/2004,2010,No,2004-12-01,,,,
2649,1533,Mastercard,Credit,5946485614560585,04/2021,261,YES,1,11800,04/2010,2013,No,2010-04-01,,,,
3097,1533,Mastercard,Debit,5118758087775711,06/2022,993,YES,2,27594,05/2011,2011,No,2011-05-01,,,,
4625,1533,Visa,Credit,4126905879157834,03/2023,238,YES,2,15300,09/2006,2010,No,2006-09-01,,,,
3226,1451,Mastercard,Debit,5004479479624202,06/2024,206,YES,1,34319,06/2001,2013,No,2001-06-01,,,,
3790,1451,Visa,Debit,4169042875650887,04/2013,941,YES,2,10831,07/2006,2011,No,2006-07-01,,,,
250,1451,Visa,Debit,4138363239181107,03/2023,48,YES,1,20475,01/2010,2015,No,2010-01-01,,,,
5530,1451,Mastercard,Credit,5570191239646204,03/2015,625,NO,2,6500,11/2008,2011,No,2008-11-01,,,,
6006,57,Mastercard,Debit,5134306678651092,02/2020,796,YES,2,17614,12/2010,2013,No,2010-12-01,,,,
6069,1335,Mastercard,Debit,5260369873454704,12/2020,963,YES,2,51133,12/2012,2012,No,2012-12-01,,,,
615,1335,Mastercard,Debit (Prepaid),5893866156194799,07/2024,421,YES,1,115,01/2020,2020,No,2020-01-01,s_000930,2020-01-17 11:16:00,search,/cards/rewards
2330,1335,Mastercard,Debit (Prepaid),5771619649186816,09/2020,504,YES,1,54,03/2014,2014,No,2014-03-01,,,,
3583,1335,Mastercard,Debit,5852720136795701,08/2023,35,YES,2,32036,06/2014,2014,No,2014-06-01,,,,
5066,816,Visa,Debit,4426138047544539,06/2020,937,YES,2,13593,10/2006,2006,No,2006-10-01,,,,
2968,816,Mastercard,Debit,5499461944095274,02/2022,35,YES,2,13343,05/2008,2011,No,2008-05-01,,,,
3774,816,Mastercard,Debit,5088684137633769,05/2024,987,YES,2,6103,07/2006,2008,No,2006-07-01,,,,
3891,816,Mastercard,Debit,5879315999568109,06/2016,459,YES,1,2646,07/2009,2015,No,2009-07-01,,,,
4468,816,Amex,Credit,317788535363713,08/2021,583,YES,1,9200,08/2018,2018,No,2018-08-01,s_000931,2018-08-13 09:55:00,search,/compare
404,1081,Amex,Credit,308645722065737,06/2021,218,YES,2,21200,01/2020,2020,No,2020-01-01,s_000932,2020-01-16 15:33:00,social_media,/
3427,1081,Mastercard,Credit,5741278205602111,01/2024,414,YES,1,10400,06/2009,2010,No,2009-06-01,,,,
3892,1081,Mastercard,Debit,5307705411215347,07/2022,574,YES,1,27377,07/2009,2016,No,2009-07-01,,,,
5568,1385,Mastercard,Credit,5050755589048179,10/2024,657,YES,1,20900,11/2009,2010,No,2009-11-01,,,,
3807,1385,Mastercard,Debit,5045568837955027,04/2024,43,YES,2,39632,07/2007,2013,No,2007-07-01,,,,
4955,1385,Mastercard,Debit (Prepaid),5570718950254395,01/2020,437,YES,2,44,10/2001,2013,No,2001-10-01,,,,
4344,1385,Visa,Debit,4690085698241971,01/2021,125,YES,1,48489,08/2010,2014,No,2010-08-01,,,,
4190,1385,Visa,Debit,4338834700731550,01/2008,529,YES,2,32725,08/2006,2013,No,2006-08-01,,,,
1256,1385,Visa,Debit,4083090955300562,12/2022,259,YES,2,36940,02/2010,2010,No,2010-02-01,,,,
405,1125,Amex,Credit,394025181428995,09/2020,465,YES,1,23100,01/2020,2020,No,2020-01-01,s_000933,2020-01-09 18:08:00,social_media,/cards
616,1125,Mastercard,Debit,5534546903363095,12/2022,833,YES,1,41040,01/2020,2020,No,2020-01-01,s_000934,2020-01-02 18:33:00,blog_or_review_site,/compare
4881,1125,Amex,Credit,331368783471362,12/2021,673,YES,2,13200,09/2015,2015,No,2015-09-01,,,,
3601,1125,Visa,Debit,4218957266147893,05/2021,909,YES,2,29200,06/2015,2015,No,2015-06-01,,,,
5984,1345,Visa,Credit,4237922362360030,09/2020,228,YES,1,13900,12/2009,2011,No,2009-12-01,,,,
2497,1345,Visa,Debit,4238638738530462,12/2020,310,YES,2,17470,04/2005,2008,No,2005-04-01,,,,
2187,1345,Mastercard,Debit,5401027644157329,09/2021,636,YES,1,2267,03/2008,2014,No,2008-03-01,,,,
2234,1345,Visa,Debit,4957976241533689,04/2014,976,YES,2,4031,03/2009,2014,No,2009-03-01,,,,
4208,1345,Mastercard,Debit,5918431905940133,11/2023,600,YES,2,21833,08/2007,2011,No,2007-08-01,,,,
287,1345,Visa,Debit,4988009818611006,05/2021,45,YES,2,16857,01/2011,2017,No,2011-01-01,,,,
5633,1345,Visa,Debit,4559661567211049,05/2023,584,NO,1,2518,11/2010,2010,No,2010-11-01,,,,
3775,1345,Mastercard,Debit,5137677910118616,03/2020,394,YES,2,12863,07/2006,2010,No,2006-07-01,,,,
3060,1695,Mastercard,Credit,5064256706957228,07/2022,302,YES,2,12700,05/2010,2015,No,2010-05-01,,,,
114,1695,Visa,Debit,4038689742921264,12/2021,770,YES,3,2851,01/2006,2007,No,2006-01-01,,,,
48,1695,Amex,Credit,334769960118945,06/2020,735,YES,2,4100,01/2004,2004,No,2004-01-01,,,,
274,1695,Mastercard,Debit,5322366368652292,01/2016,702,YES,2,20838,01/2011,2011,No,2011-01-01,,,,
2834,1985,Visa,Credit,4000146965265890,07/2023,14,YES,1,400,05/2002,2018,No,2002-05-01,,,,
4781,1985,Mastercard,Debit,5733036423097085,03/2020,72,YES,2,416,09/2010,2010,No,2010-09-01,,,,
4085,1985,Mastercard,Debit,5461658879915684,12/2024,595,YES,2,625,08/1996,2014,No,1996-08-01,,,,
1095,1604,Visa,Debit,4636387668938198,09/2022,597,YES,2,20858,02/2006,2011,No,2006-02-01,,,,
5653,1604,Mastercard,Credit,5196692562051331,11/2011,626,YES,2,11200,11/2011,2013,No,2011-11-01,,,,
2950,1604,Visa,Credit,4831831757232994,02/2023,528,YES,2,8800,05/2007,2009,No,2007-05-01,,,,
2207,1604,Visa,Debit,4916961241194205,12/2024,919,YES,1,10360,03/2008,2009,No,2008-03-01,,,,
6077,1604,Visa,Debit,4135358669694440,07/2013,903,YES,1,11578,12/2012,2012,No,2012-12-01,,,,
2188,1604,Mastercard,Debit,5187136842441558,07/2020,264,YES,2,13016,03/2008,2008,No,2008-03-01,,,,
3185,1604,Visa,Debit,4756917754933725,07/2021,915,YES,1,13754,05/2016,2016,No,2016-05-01,s_000939,2016-05-23 10:33:00,other,/cards/rewards
2766,649,Visa,Debit,4094691617950058,07/2020,376,YES,1,14558,04/2016,2016,No,2016-04-01,s_000942,2016-04-13 22:49:00,social_media,/
1376,649,Visa,Debit,4974987012125947,03/2023,50,YES,2,46342,02/2017,2017,No,2017-02-01,s_000943,2017-02-01 22:50:00,search,/
3737,649,Mastercard,Credit,5880421569309045,12/2023,504,YES,1,17400,07/2005,2016,No,2005-07-01,,,,
1223,649,Mastercard,Debit,5155724078477847,06/2024,606,YES,2,11401,02/2010,2016,No,2010-02-01,,,,
251,649,Visa,Debit,4827129780511983,03/2024,941,YES,1,8280,01/2010,2010,No,2010-01-01,,,,
2105,649,Discover,Credit,6267383831462523,12/2012,640,YES,1,0,03/2006,2008,No,2006-03-01,,,,
4191,649,Visa,Debit (Prepaid),4111624635847209,02/2007,918,YES,1,72,08/2006,2011,No,2006-08-01,,,,
4345,1486,Visa,Credit,4832062433813256,06/2020,469,YES,1,9600,08/2010,2011,No,2010-08-01,,,,
1138,1744,Discover,Credit,6093726906729137,11/2024,528,YES,2,10000,02/2008,2011,No,2008-02-01,,,,
4209,1744,Mastercard,Debit,5842473997881247,03/2024,157,YES,1,10025,08/2007,2010,No,2007-08-01,,,,
133,1744,Mastercard,Debit,5802694499966898,12/2022,808,YES,1,9777,01/2007,2009,No,2007-01-01,,,,
3776,400,Mastercard,Debit (Prepaid),5191871350541392,06/2018,642,YES,1,92,07/2006,2008,No,2006-07-01,,,,
3852,400,Mastercard,Credit,5615229543290163,05/2011,438,YES,1,11400,07/2008,2014,No,2008-07-01,,,,
3973,400,Mastercard,Debit,5484162566176355,11/2011,950,YES,2,16687,07/2011,2011,No,2011-07-01,,,,
2507,400,Mastercard,Debit,5220792086851068,05/2009,840,YES,2,3974,04/2006,2011,No,2006-04-01,,,,
5241,1994,Mastercard,Debit,5947340712205085,09/2016,43,YES,1,23768,10/2011,2011,No,2011-10-01,,,,
3974,1994,Mastercard,Debit (Prepaid),5978888711772678,08/2022,938,YES,1,63,07/2011,2011,No,2011-07-01,,,,
6032,1994,Visa,Credit,4290514131698271,12/2023,197,YES,1,21600,12/2010,2010,No,2010-12-01,,,,
2349,572,Visa,Debit,4204698331499701,03/2024,98,YES,1,23157,03/2015,2015,No,2015-03-01,,,,
1916,572,Visa,Debit (Prepaid),4867647786729305,02/2020,504,YES,2,54,02/2020,2020,No,2020-02-01,s_000945,2020-02-01 15:25:00,search,/apply
2650,1442,Mastercard,Debit,5370998800503323,06/2021,122,YES,2,11986,04/2010,2015,No,2010-04-01,,,,
5814,1853,Mastercard,Credit,5987609830796877,05/2022,619,YES,1,12600,12/2004,2009,No,2004-12-01,,,,
6043,1853,Mastercard,Debit,5693761531134263,02/2021,876,YES,2,4340,12/2011,2012,No,2011-12-01,,,,
1034,1853,Mastercard,Debit,5722400079160426,01/2024,357,NO,2,8149,02/2004,2007,No,2004-02-01,,,,
5654,556,Mastercard,Debit,5455392892256793,01/2023,356,YES,1,23688,11/2011,2011,No,2011-11-01,,,,
2,556,Mastercard,Debit,5889825928297675,09/2021,422,YES,1,19948,01/1995,2011,No,1995-01-01,,,,
4527,321,Visa,Credit,4284589688472750,05/2005,664,YES,1,9400,09/2002,2006,No,2002-09-01,,,,
293,321,Amex,Credit,324067922186663,08/2018,194,YES,1,3300,01/2012,2012,No,2012-01-01,,,,
35,321,Discover,Credit,6707808786309873,05/2011,449,YES,2,11100,01/2003,2004,No,2003-01-01,,,,
5755,321,Mastercard,Debit,5142952666869355,01/2024,376,YES,2,23792,12/1998,2012,No,1998-12-01,,,,
4364,483,Mastercard,Debit,5115060727983375,09/2020,594,YES,2,13224,08/2011,2011,No,2011-08-01,,,,
5369,483,Mastercard,Credit,5114764385128888,12/2004,380,YES,1,10700,11/2001,2009,No,2001-11-01,,,,
2121,483,Mastercard,Credit,5040568504566033,04/2024,96,YES,2,13100,03/2006,2009,No,2006-03-01,,,,
5219,404,Visa,Credit,4168726918316832,07/2024,482,YES,1,10900,10/2010,2010,No,2010-10-01,,,,
4346,1510,Visa,Credit,4529046868574613,11/2013,294,YES,1,6600,08/2010,2011,No,2010-08-01,,,,
1257,1510,Visa,Credit,4051609818366867,11/2011,795,YES,1,11400,02/2010,2012,No,2010-02-01,,,,
40,1635,Mastercard,Debit,5488012775349767,10/2008,697,YES,2,5029,01/2003,2009,No,2003-01-01,,,,
1309,1635,Visa,Credit,4029286233026672,09/2023,218,YES,2,15000,02/2012,2012,No,2012-02-01,,,,
6044,1635,Mastercard,Debit,5269354095711843,02/2021,905,YES,2,14348,12/2011,2011,No,2011-12-01,,,,
115,1635,Visa,Debit,4237044992015683,10/2022,443,YES,2,24876,01/2006,2009,No,2006-01-01,,,,
618,1635,Mastercard,Debit,5604394692366741,06/2024,406,YES,2,13523,01/2020,2020,No,2020-01-01,s_000949,2020-01-09 19:12:00,other,/compare
381,1635,Mastercard,Debit,5683839446492033,04/2023,587,YES,1,21434,01/2019,2019,No,2019-01-01,s_000950,2019-01-17 18:12:00,search,/cards/rewards
2535,1384,Mastercard,Debit,5274366987658812,05/2016,441,YES,1,19206,04/2007,2011,No,2007-04-01,,,,
5229,1384,Discover,Credit,6648294893325479,03/2014,949,YES,2,15000,10/2011,2011,No,2011-10-01,,,,
3723,1384,Visa,Debit,4025390379737737,02/2020,473,YES,2,24617,07/2004,2006,No,2004-07-01,,,,
3171,943,Discover,Credit,6208996174626373,02/2023,640,YES,2,6600,05/2016,2016,No,2016-05-01,s_000951,2016-05-09 19:48:00,friend_or_family,/cards
5351,1236,Mastercard,Debit,5929990861229924,01/2024,459,YES,1,4304,11/1997,2012,No,1997-11-01,,,,
85,1236,Visa,Debit,4386430445774428,03/2019,555,YES,2,1269,01/2005,2013,No,2005-01-01,,,,
5815,1236,Mastercard,Debit,5108584140975701,06/2023,123,YES,1,3458,12/2004,2013,No,2004-12-01,,,,
4101,1236,Mastercard,Debit,5445062676850026,09/2022,337,NO,2,6775,08/2001,2012,No,2001-08-01,,,,
2369,1236,Visa,Credit,4788127455899674,01/2021,710,YES,1,8800,03/2017,2017,No,2017-03-01,s_000952,2017-03-15 14:20:00,social_media,/blog/credit-basics
6142,1236,Mastercard,Debit,5791756986936871,11/2024,196,YES,1,12223,12/2019,2019,No,2019-12-01,s_000953,2019-12-03 22:52:00,blog_or_review_site,/cards
3428,496,Mastercard,Debit,5432833513022597,11/2020,312,YES,2,2727,06/2009,2014,No,2009-06-01,,,,
4517,496,Amex,Credit,317569527961909,03/2023,740,YES,2,6800,09/2002,2002,No,2002-09-01,,,,
3186,496,Visa,Debit,4602655731592723,03/2019,673,YES,1,22516,05/2016,2016,No,2016-05-01,s_000960,2016-05-28 11:47:00,friend_or_family,/compare
5806,496,Discover,Credit,6399050710218197,12/2021,413,YES,2,11500,12/2004,2009,No,2004-12-01,,,,
5176,450,Visa,Debit,4302881392511495,12/2021,79,NO,2,15214,10/2009,2010,No,2009-10-01,,,,
862,450,Visa,Debit,4417073426918706,12/2024,403,YES,2,23687,01/2020,2020,No,2020-01-01,s_000961,2020-01-26 10:55:00,search,/blog/credit-basics
4192,450,Visa,Debit,4672018031116294,11/2021,314,YES,1,18048,08/2006,2007,No,2006-08-01,,,,
5634,1753,Visa,Debit,4613268743262267,03/2020,131,YES,1,25102,11/2010,2014,No,2010-11-01,,,,
2987,304,Visa,Debit,4353880576731238,01/2022,425,YES,2,13773,05/2008,2008,No,2008-05-01,,,,
4365,304,Mastercard,Debit,5199593781302958,05/2021,864,YES,1,12892,08/2011,2011,No,2011-08-01,,,,
5667,839,Amex,Credit,359230628127716,05/2019,198,YES,2,6600,11/2012,2012,No,2012-11-01,,,,
3187,839,Visa,Debit,4661359494660870,04/2024,259,YES,2,25650,05/2016,2016,No,2016-05-01,s_000962,2016-05-03 12:37:00,social_media,/cards
4725,839,Mastercard,Debit,5995510727358219,06/2020,873,YES,2,37192,09/2009,2010,No,2009-09-01,,,,
4608,138,Mastercard,Debit,5243935173726742,04/2021,608,YES,1,5779,09/2006,2014,No,2006-09-01,,,,
2820,138,Visa,Debit,4036369476300576,08/2023,682,YES,1,13325,05/2001,2011,No,2001-05-01,,,,
5422,138,Amex,Credit,344071694724842,01/2023,346,YES,1,4000,11/2005,2009,No,2005-11-01,,,,
2807,138,Amex,Credit,323444546475230,02/2023,788,YES,1,6900,05/2000,2012,No,2000-05-01,,,,
4912,43,Mastercard,Debit,5971471233715173,10/2023,760,YES,1,35702,09/2017,2017,No,2017-09-01,s_000963,2017-09-11 13:01:00,friend_or_family,/cards/rewards
1416,43,Amex,Credit,332244260422916,08/2024,240,YES,1,13200,02/2020,2020,No,2020-02-01,s_000964,2020-02-20 20:19:00,social_media,/
5740,43,Visa,Credit,4190991721490115,03/2020,326,YES,2,21700,11/2018,2018,No,2018-11-01,s_000965,2018-11-19 13:20:00,search,/
863,43,Visa,Credit,4919539941598159,08/2020,561,NO,1,13700,01/2020,2020,No,2020-01-01,s_000966,2020-01-01 21:23:00,social_media,/cards
864,1187,Visa,Debit,4354373957390483,10/2020,188,YES,1,24389,01/2020,2020,No,2020-01-01,s_000967,2020-01-06 19:14:00,blog_or_review_site,/cards
2385,1187,Mastercard,Debit (Prepaid),5874661434134402,02/2020,293,YES,2,74,03/2019,2019,No,2019-03-01,s_000968,2019-03-18 22:22:00,other,/compare
91,1187,Amex,Credit,307297025936750,12/2020,918,YES,1,12100,01/2006,2011,No,2006-01-01,,,,
5121,849,Mastercard,Debit,5850811144559937,11/2022,655,YES,1,16640,10/2008,2009,No,2008-10-01,,,,
3477,849,Mastercard,Debit,5311017800546224,09/2013,133,YES,1,14889,06/2010,2011,No,2010-06-01,,,,
3823,849,Visa,Debit,4944351254118665,06/2021,741,YES,1,19080,07/2007,2010,No,2007-07-01,,,,
3169,654,Visa,Credit,4589986776113951,10/2023,678,NO,2,7600,05/2015,2015,No,2015-05-01,,,,
5352,1898,Mastercard,Debit,5625758363027280,03/2023,881,YES,2,14525,11/1997,2014,No,1997-11-01,,,,
1068,1898,Visa,Debit,4045049141463000,02/2020,604,YES,1,15636,02/2005,2014,No,2005-02-01,,,,
5122,1898,Mastercard,Debit,5751381604807658,08/2023,244,YES,2,13296,10/2008,2016,No,2008-10-01,,,,
4543,1898,Visa,Credit,4307225452598898,03/2023,672,NO,2,10100,09/2003,2011,No,2003-09-01,,,,
2423,1898,Visa,Debit,4632658313488911,09/2024,732,NO,1,36412,04/2001,2007,No,2001-04-01,,,,
4566,1971,Visa,Debit,4328249998295607,11/2023,853,YES,1,4589,09/2004,2012,No,2004-09-01,,,,
3293,1971,Mastercard,Debit,5670267603066033,02/2020,875,YES,1,17474,06/2005,2015,No,2005-06-01,,,,
406,1020,Amex,Credit,375947824371679,05/2024,928,YES,1,12000,01/2020,2020,No,2020-01-01,s_000969,2020-01-21 14:28:00,blog_or_review_site,/
1417,1020,Amex,Credit,354491217269737,02/2020,772,YES,1,16900,02/2020,2020,No,2020-02-01,s_000970,2020-02-10 19:10:00,blog_or_review_site,/compare
1224,1020,Mastercard,Debit,5295246280473124,07/2023,117,YES,1,26277,02/2010,2010,No,2010-02-01,,,,
2728,1020,Mastercard,Debit,5716337574011958,02/2020,231,YES,1,26317,04/2014,2014,No,2014-04-01,,,,
4062,22,Visa,Credit,4568990237174716,01/2022,624,YES,2,13600,07/2017,2017,No,2017-07-01,s_000971,2017-07-17 11:58:00,friend_or_family,/blog/credit-basics
1342,1823,Mastercard,Debit,5395349112538164,03/2020,34,YES,1,37468,02/2014,2014,No,2014-02-01,,,,
5177,1823,Visa,Debit,4686195455656898,04/2021,292,NO,1,27864,10/2009,2012,No,2009-10-01,,,,
3638,1823,Visa,Debit (Prepaid),4553257553445993,02/2020,55,NO,1,65,06/2018,2018,No,2018-06-01,s_000973,2018-06-26 19:44:00,friend_or_family,/apply
4048,1823,Visa,Debit,4597236520104139,03/2020,389,YES,1,31842,07/2016,2016,No,2016-07-01,s_000974,2016-07-25 19:53:00,search,/cards
3244,1823,Visa,Credit,4206248084502476,03/2020,545,YES,2,14900,06/2002,2011,No,2002-06-01,,,,
3201,1823,Visa,Credit,4907569031158213,08/2024,170,YES,2,12400,05/2018,2018,No,2018-05-01,s_000975,2018-05-27 22:38:00,search,/
5242,589,Mastercard,Debit,5847682490938899,12/2020,383,YES,2,14094,10/2011,2018,No,2011-10-01,,,,
4497,589,Mastercard,Debit,5025895057524839,01/2021,367,YES,1,8962,09/1999,2011,No,1999-09-01,,,,
2277,49,Mastercard,Debit,5746888458694762,02/2018,646,YES,1,15510,03/2011,2011,No,2011-03-01,,,,
3061,49,Mastercard,Debit,5463153984541850,06/2024,13,YES,1,20311,05/2010,2012,No,2010-05-01,,,,
3955,49,Visa,Debit,4655468499465057,09/2023,303,YES,1,13492,07/2010,2010,No,2010-07-01,,,,
4257,1525,Mastercard,Debit (Prepaid),5842764862143149,12/2023,478,YES,1,77,08/2008,2009,No,2008-08-01,,,,
1077,1525,Amex,Credit,316712270679687,05/2022,946,YES,1,8200,02/2006,2016,No,2006-02-01,,,,
3853,1525,Mastercard,Debit (Prepaid),5095132989101394,10/2019,88,YES,2,50,07/2008,2008,No,2008-07-01,,,,
4726,1525,Mastercard,Debit,5501198442764705,09/2010,847,YES,1,297,09/2009,2009,No,2009-09-01,,,,
5493,69,Mastercard,Credit,5542688229083627,12/2022,439,YES,1,9300,11/2007,2014,No,2007-11-01,,,,
2062,69,Mastercard,Debit,5859732793534498,06/2023,348,YES,2,24425,03/2004,2006,No,2004-03-01,,,,
252,69,Visa,Credit,4565836303791159,09/2021,441,YES,2,3900,01/2010,2010,No,2010-01-01,,,,
2514,69,Visa,Debit,4952248755072919,04/2020,398,YES,1,21098,04/2006,2009,No,2006-04-01,,,,
5253,69,Visa,Credit,4550312126148406,01/2020,957,YES,1,10800,10/2011,2013,No,2011-10-01,,,,
3294,69,Mastercard,Debit,5707448794545768,06/2024,39,YES,2,6817,06/2005,2016,No,2005-06-01,,,,
62,234,Visa,Credit,4651180699756033,02/2024,460,YES,1,12600,01/2004,2011,No,2004-01-01,,,,
5370,234,Mastercard,Debit (Prepaid),5896780709526638,11/2010,903,NO,1,42,11/2001,2004,No,2001-11-01,,,,
5861,234,Mastercard,Credit,5888879465203741,12/2009,88,YES,2,6400,12/2006,2009,No,2006-12-01,,,,
4799,234,Visa,Credit,4618393100129362,07/2020,775,YES,1,9800,09/2010,2011,No,2010-09-01,,,,
2052,234,Visa,Debit,4081263773546457,07/2023,64,YES,1,4750,03/2003,2011,No,2003-03-01,,,,
5178,234,Visa,Debit,4321384766522664,08/2021,682,NO,2,6532,10/2009,2009,No,2009-10-01,,,,
2355,608,Mastercard,Debit,5446273979485247,11/2022,233,YES,1,1044,03/2016,2016,No,2016-03-01,s_000977,2016-03-12 12:50:00,blog_or_review_site,/
2278,608,Mastercard,Debit,5521214390191681,09/2018,672,YES,1,746,03/2011,2011,No,2011-03-01,,,,
1655,608,Mastercard,Debit (Prepaid),5098538543569884,02/2020,816,YES,1,61,02/2020,2020,No,2020-02-01,s_000978,2020-02-04 11:37:00,search,/apply
5494,1064,Mastercard,Debit (Prepaid),5791031552039031,10/2008,655,YES,2,58,11/2007,2015,No,2007-11-01,,,,
4567,374,Visa,Debit,4340110703036077,05/2022,710,YES,1,18771,09/2004,2009,No,2004-09-01,,,,
5100,374,Visa,Debit,4892346599778032,01/2023,219,YES,1,17108,10/2007,2007,No,2007-10-01,,,,
1919,374,Visa,Debit,4202710228630182,10/2023,579,YES,1,12446,02/2020,2020,No,2020-02-01,s_000979,2020-02-27 12:33:00,podcast_or_youtube,/apply
3791,374,Visa,Credit,4300760560641973,01/2021,406,YES,1,8200,07/2006,2013,No,2006-07-01,,,,
2569,374,Mastercard,Debit,5166839761897522,05/2022,983,YES,2,7081,04/2008,2010,No,2008-04-01,,,,
1358,286,Mastercard,Debit,5601172841459295,02/2024,29,YES,1,23009,02/2015,2015,No,2015-02-01,,,,
6092,286,Visa,Debit,4657379115764717,11/2017,578,YES,2,17973,12/2013,2013,No,2013-12-01,,,,
4450,286,Mastercard,Debit,5843688837981178,10/2023,880,YES,1,12254,08/2015,2015,No,2015-08-01,,,,
4782,286,Mastercard,Debit,5928230249203938,08/2022,212,YES,1,20799,09/2010,2010,No,2010-09-01,,,,
2463,1419,Mastercard,Debit,5809172741821189,03/2021,282,YES,2,27320,04/2004,2008,No,2004-04-01,,,,
4840,1435,Visa,Debit,4372566654697981,09/2023,83,YES,2,34818,09/2012,2012,No,2012-09-01,,,,
2360,1435,Visa,Debit,4789580361652931,10/2020,216,YES,2,38837,03/2016,2016,No,2016-03-01,s_000980,2016-03-08 12:21:00,search,/apply
4294,1435,Mastercard,Credit,5427161135500744,03/2024,304,YES,2,23500,08/2009,2020,No,2009-08-01,,,,
1343,1683,Mastercard,Debit,5688998474789359,06/2020,292,YES,1,13014,02/2014,2014,No,2014-02-01,,,,
5044,1683,Amex,Credit,314195561633807,05/2023,296,YES,2,5500,10/2006,2017,No,2006-10-01,,,,
4697,1683,Visa,Debit,4635941322761456,03/2020,691,YES,2,5949,09/2008,2008,No,2008-09-01,,,,
4698,727,Visa,Credit,4379930917559486,11/2023,210,YES,2,10700,09/2008,2010,No,2008-09-01,,,,
3808,727,Mastercard,Debit,5215692889951889,04/2022,134,YES,1,12451,07/2007,2008,No,2007-07-01,,,,
1920,727,Visa,Credit,4751378907766314,04/2024,254,YES,2,6700,02/2020,2020,No,2020-02-01,s_000981,2020-02-08 16:39:00,search,/cards
4295,727,Mastercard,Debit,5252574971670597,04/2018,920,YES,1,19086,08/2009,2011,No,2009-08-01,,,,
2665,727,Visa,Credit,4116639367344725,05/2021,923,YES,2,9700,04/2010,2016,No,2010-04-01,,,,
5896,1150,Mastercard,Credit,5974021114272858,09/2008,886,YES,2,17200,12/2007,2010,No,2007-12-01,,,,
4672,1150,Mastercard,Debit,5770382684241108,06/2015,832,YES,2,29486,09/2008,2008,No,2008-09-01,,,,
1225,1150,Mastercard,Credit,5587070999180300,04/2023,335,YES,2,9700,02/2010,2011,No,2010-02-01,,,,
4856,1150,Mastercard,Debit,5768399039617120,07/2022,221,YES,2,20111,09/2013,2013,No,2013-09-01,,,,
2551,1150,Visa,Credit,4320443111658308,10/2021,613,YES,1,13200,04/2007,2014,No,2007-04-01,,,,
4484,332,Visa,Debit,4400145099296126,07/2020,57,YES,1,29728,08/2019,2019,No,2019-08-01,s_000982,2019-08-20 10:41:00,social_media,/cards/rewards
5816,332,Mastercard,Credit,5516802254742641,10/2024,160,NO,1,7900,12/2004,2012,No,2004-12-01,,,,
1198,332,Visa,Debit,4673279351880301,07/2023,339,YES,2,12106,02/2009,2009,No,2009-02-01,,,,
253,332,Visa,Debit,4680771406185126,01/2013,913,YES,1,7452,01/2010,2018,No,2010-01-01,,,,
1656,487,Mastercard,Debit,5459374115989094,07/2021,582,YES,1,28281,02/2020,2020,No,2020-02-01,s_000983,2020-02-10 16:13:00,social_media,/compare
2835,487,Visa,Credit,4217570056214862,11/2013,636,YES,2,11400,05/2002,2014,No,2002-05-01,,,,
2024,487,Mastercard,Debit,5514653687166060,08/2024,70,YES,1,28790,03/2001,2009,No,2001-03-01,,,,
2007,735,Visa,Credit,4914564671433884,03/2010,700,YES,1,15700,03/1997,2013,No,1997-03-01,,,,
5431,735,Mastercard,Debit,5436863739232627,09/2023,303,YES,1,34075,11/2005,2008,No,2005-11-01,,,,
4651,735,Visa,Credit,4986982616793595,04/2012,992,YES,2,18600,09/2007,2008,No,2007-09-01,,,,
1335,137,Amex,Credit,315776046694876,05/2024,574,YES,2,9700,02/2014,2014,No,2014-02-01,,,,
5442,137,Visa,Debit,4578702900762730,09/2022,433,YES,2,13352,11/2005,2012,No,2005-11-01,,,,
6114,137,Visa,Debit,4168082636728790,03/2024,528,YES,1,28179,12/2015,2015,No,2015-12-01,,,,
5897,570,Mastercard,Debit,5407444040414986,01/2024,334,YES,1,19132,12/2007,2014,No,2007-12-01,,,,
4063,1121,Visa,Debit,4948136387572248,10/2019,49,YES,1,31535,07/2017,2017,No,2017-07-01,s_000984,2017-07-01 08:04:00,search,/apply
1372,1121,Mastercard,Debit,5629988786276968,01/2018,537,YES,1,51951,02/2017,2017,No,2017-02-01,s_000985,2017-02-12 22:39:00,social_media,/cards/rewards
5511,1121,Visa,Credit,4323924929422769,09/2020,171,YES,1,23400,11/2007,2008,No,2007-11-01,,,,
5817,1121,Mastercard,Debit,5002267521388916,08/2020,143,YES,2,4130,12/2004,2015,No,2004-12-01,,,,
3777,1121,Mastercard,Credit,5458395445867294,10/2011,347,YES,1,11500,07/2006,2010,No,2006-07-01,,,,
4920,860,Visa,Credit,4642731433732483,09/2020,661,YES,2,22100,09/2018,2018,No,2018-09-01,s_000986,2018-09-11 20:46:00,social_media,/cards
5412,860,Mastercard,Debit,5511755355725125,11/2010,644,YES,1,34722,11/2004,2010,No,2004-11-01,,,,
3534,860,Visa,Debit,4695286118783923,12/2011,601,YES,1,21885,06/2011,2011,No,2011-06-01,,,,
5782,860,Mastercard,Debit,5505577705152118,07/2020,828,YES,2,39870,12/2002,2003,No,2002-12-01,,,,
5733,518,Visa,Credit,4464546125723807,07/2021,2,YES,2,5900,11/2017,2017,No,2017-11-01,s_000987,2017-11-02 18:07:00,search,/cards/rewards
3429,1203,Mastercard,Debit (Prepaid),5640678853508823,03/2023,57,YES,2,70,06/2009,2009,No,2009-06-01,,,,
2302,944,Mastercard,Debit,5863955184387781,03/2023,881,YES,2,66930,03/2012,2012,No,2012-03-01,,,,
372,944,Mastercard,Debit,5795522328185876,05/2020,134,YES,2,72274,01/2018,2018,No,2018-01-01,s_000988,2018-01-24 20:51:00,search,/cards
2828,944,Mastercard,Debit,5043143066698540,09/2020,288,YES,2,130971,05/2002,2010,No,2002-05-01,,,,
1921,944,Visa,Debit,4313972060102096,11/2024,601,YES,1,52717,02/2020,2020,No,2020-02-01,s_000989,2020-02-05 19:06:00,social_media,/apply
3500,944,Visa,Credit,4582418773157215,12/2021,935,NO,1,25500,06/2010,2012,No,2010-06-01,,,,
5550,944,Visa,Debit,4081497493570328,10/2017,60,YES,2,42541,11/2008,2012,No,2008-11-01,,,,
1657,388,Mastercard,Debit,5683216868250723,04/2022,563,NO,1,5456,02/2020,2020,No,2020-02-01,s_000990,2020-02-07 17:25:00,blog_or_review_site,/compare
5692,388,Visa,Debit,4183750300220988,04/2014,371,NO,1,12606,11/2013,2013,No,2013-11-01,,,,
3975,741,Mastercard,Debit,5761918360234631,08/2020,174,YES,2,20174,07/2011,2011,No,2011-07-01,,,,
6007,1737,Mastercard,Debit,5406672659038258,01/2023,826,YES,1,20090,12/2010,2011,No,2010-12-01,,,,
1096,1737,Visa,Debit,4840352039939042,03/2021,40,YES,1,11906,02/2006,2009,No,2006-02-01,,,,
3618,1737,Mastercard,Debit,5967723936818875,01/2022,556,YES,1,27888,06/2017,2017,No,2017-06-01,s_000991,2017-06-10 14:11:00,social_media,/apply
5756,1737,Mastercard,Debit,5371022252715957,04/2024,192,YES,1,24132,12/1998,2008,No,1998-12-01,,,,
3319,1709,Mastercard,Debit,5109330727953243,12/2023,947,YES,2,13461,06/2006,2010,No,2006-06-01,,,,
5478,1018,Amex,Credit,302982223076555,08/2009,303,NO,1,9900,11/2007,2009,No,2007-11-01,,,,
2393,1018,Mastercard,Debit,5675018091828270,11/2009,920,YES,2,4252,04/1994,2019,No,1994-04-01,,,,
3022,1018,Visa,Credit,4299407178052848,12/2020,725,YES,2,9800,05/2009,2011,No,2009-05-01,,,,
4077,1018,Mastercard,Debit,5605185522594083,07/2019,357,YES,2,16732,07/2019,2019,No,2019-07-01,s_000992,2019-07-13 17:58:00,search,/cards
1922,1018,Visa,Debit,4564887957887151,01/2023,17,YES,1,13609,02/2020,2020,No,2020-02-01,s_000993,2020-02-27 21:37:00,app_store,/cards
5970,1018,Mastercard,Debit,5565606559185997,05/2013,576,YES,2,17804,12/2009,2009,No,2009-12-01,,,,
3911,275,Visa,Credit,4348372675855427,05/2023,727,YES,2,6200,07/2009,2010,No,2009-07-01,,,,
63,275,Visa,Debit,4651206649559689,04/2023,125,YES,1,30891,01/2004,2011,No,2004-01-01,,,,
2769,275,Mastercard,Debit,5348564290163186,01/2024,732,YES,1,31873,04/2017,2017,No,2017-04-01,s_000994,2017-04-13 10:30:00,search,/
3036,275,Amex,Credit,325342510254113,07/2024,179,YES,2,15600,05/2010,2019,No,2010-05-01,,,,
3893,1367,Mastercard,Debit (Prepaid),5008439256687405,12/2022,26,YES,1,110,07/2009,2012,No,2009-07-01,,,,
2053,1367,Visa,Debit,4422286262403261,05/2024,81,YES,2,17405,03/2003,2003,No,2003-03-01,,,,
865,1367,Visa,Debit (Prepaid),4249622290515029,12/2022,435,YES,2,58,01/2020,2020,No,2020-01-01,s_000995,2020-01-20 19:00:00,blog_or_review_site,/blog/credit-basics
4643,1367,Mastercard,Credit,5556924127105785,10/2011,777,YES,1,9200,09/2007,2007,No,2007-09-01,,,,
4917,284,Mastercard,Debit,5131900662646656,12/2018,352,YES,1,23206,09/2018,2018,No,2018-09-01,s_000997,2018-09-01 10:25:00,search,/cards
4347,284,Visa,Debit,4779183477104256,04/2020,0,YES,2,35684,08/2010,2012,No,2010-08-01,,,,
5726,284,Mastercard,Debit (Prepaid),5792924047685794,11/2016,384,NO,1,76,11/2016,2016,No,2016-11-01,s_000998,2016-11-21 08:33:00,social_media,/blog/credit-basics
86,284,Visa,Debit,4529536293051711,07/2023,124,YES,2,18270,01/2005,2011,No,2005-01-01,,,,
2931,79,Mastercard,Debit,5142418384827692,12/2020,69,YES,2,6588,05/2007,2011,No,2007-05-01,,,,
2671,79,Amex,Credit,352313983770185,03/2021,46,YES,2,12200,04/2011,2011,No,2011-04-01,,,,
1924,79,Visa,Debit,4636375740619751,09/2022,747,YES,1,23083,02/2020,2020,No,2020-02-01,s_000999,2020-02-18 21:17:00,search,/cards/rewards
5569,79,Mastercard,Debit,5923792663677656,02/2022,585,YES,1,21497,11/2009,2009,No,2009-11-01,,,,
3320,1515,Mastercard,Debit (Prepaid),5823790653455975,02/2021,850,YES,3,29,06/2006,2012,No,2006-06-01,,,,
5199,1515,Mastercard,Debit,5300232902137599,07/2022,711,YES,2,20165,10/2010,2012,No,2010-10-01,,,,
5557,1515,Discover,Credit,6237354607435107,05/2022,959,YES,2,16300,11/2009,2011,No,2009-11-01,,,,
5558,1515,Discover,Credit,6374995163580888,03/2020,743,YES,1,11100,11/2009,2010,No,2009-11-01,,,,
2336,1515,Visa,Credit,4780949143263441,08/2023,540,YES,2,7700,03/2014,2014,No,2014-03-01,,,,
3712,1934,Mastercard,Credit,5150069202644467,01/2023,263,YES,2,6000,07/2004,2010,No,2004-07-01,,,,
4431,1964,Mastercard,Credit,5124729225452111,01/2017,871,YES,2,11600,08/2014,2014,No,2014-08-01,,,,
2752,1964,Visa,Debit,4066451880192964,04/2016,9,YES,1,14960,04/2015,2015,No,2015-04-01,,,,
2508,1964,Mastercard,Credit,5534545928651524,09/2021,779,YES,2,9600,04/2006,2015,No,2006-04-01,,,,
5898,1964,Mastercard,Debit,5316533998904069,10/2020,61,YES,2,17367,12/2007,2007,No,2007-12-01,,,,
3321,982,Mastercard,Debit,5809911164005512,04/2013,820,YES,1,21358,06/2006,2010,No,2006-06-01,,,,
3824,982,Visa,Credit,4354830180585460,09/2022,729,YES,1,16900,07/2007,2010,No,2007-07-01,,,,
3713,982,Mastercard,Credit,5974259705472551,09/2022,587,YES,2,8500,07/2004,2009,No,2004-07-01,,,,
4699,982,Visa,Debit,4793775442106825,04/2013,996,YES,1,28431,09/2008,2008,No,2008-09-01,,,,
1148,1676,Mastercard,Debit,5571882432332667,07/2020,838,YES,2,77,02/2008,2016,No,2008-02-01,,,,
134,1676,Mastercard,Debit,5828285674944288,08/2024,192,YES,1,17360,01/2007,2010,No,2007-01-01,,,,
5158,1676,Mastercard,Debit,5480672627250008,09/2021,129,YES,2,4055,10/2009,2017,No,2009-10-01,,,,
1020,1519,Mastercard,Debit,5052440378992955,09/2023,144,YES,2,14216,02/2003,2010,No,2003-02-01,,,,
2452,1519,Visa,Debit,4009658209741631,12/2023,357,NO,2,19037,04/2003,2011,No,2003-04-01,,,,
4210,1519,Mastercard,Debit,5195329982261769,01/2020,148,YES,1,16028,08/2007,2011,No,2007-08-01,,,,
2476,1519,Discover,Credit,6106487579112176,08/2010,762,YES,1,14200,04/2005,2011,No,2005-04-01,,,,
4626,1098,Visa,Debit,4587822219584718,07/2023,49,YES,1,12640,09/2006,2009,No,2006-09-01,,,,
2253,1098,Mastercard,Debit,5547459880579017,02/2020,116,YES,2,16868,03/2010,2010,No,2010-03-01,,,,
1320,1098,Mastercard,Debit,5740589965857604,11/2022,40,YES,1,11121,02/2013,2013,No,2013-02-01,,,,
5179,1098,Visa,Credit,4374571351357853,10/2020,674,YES,1,10000,10/2009,2010,No,2009-10-01,,,,
2424,554,Visa,Debit (Prepaid),4356014925676102,07/2020,139,YES,2,56,04/2001,2011,No,2001-04-01,,,,
2308,554,Visa,Debit,4439649579256628,01/2021,327,YES,2,27376,03/2012,2012,No,2012-03-01,,,,
6070,554,Mastercard,Debit,5140694561445565,07/2019,960,YES,2,32676,12/2012,2012,No,2012-12-01,,,,
3912,554,Visa,Debit,4096589319918041,04/2021,856,NO,1,25658,07/2009,2009,No,2009-07-01,,,,
4275,554,Visa,Credit,4796299187967541,05/2018,852,NO,2,22800,08/2008,2011,No,2008-08-01,,,,
1659,596,Mastercard,Credit,5610919224995166,06/2023,951,YES,2,10700,02/2020,2020,No,2020-02-01,s_001003,2020-02-14 22:16:00,search,/cards
2753,596,Visa,Credit,4733769586168380,02/2021,556,YES,2,5100,04/2015,2015,No,2015-04-01,,,,
1925,596,Visa,Credit,4520440445748141,01/2022,108,NO,1,7200,02/2020,2020,No,2020-02-01,s_001004,2020-02-12 15:37:00,social_media,/cards
5985,170,Visa,Debit,4098737153492414,03/2020,894,YES,1,16740,12/2009,2011,No,2009-12-01,,,,
866,170,Visa,Debit,4711760668874166,02/2020,378,YES,1,13841,01/2020,2020,No,2020-01-01,s_001005,2020-01-01 10:41:00,social_media,/cards/rewards
4841,170,Visa,Debit,4969924078004898,12/2022,881,YES,1,15638,09/2012,2012,No,2012-09-01,,,,
3340,170,Amex,Credit,332511890564170,05/2022,728,YES,1,11400,06/2007,2007,No,2007-06-01,,,,
1344,794,Mastercard,Debit,5511781840326939,09/2022,876,YES,1,12501,02/2014,2014,No,2014-02-01,,,,
4432,794,Mastercard,Debit (Prepaid),5872869557387766,01/2023,582,YES,1,71,08/2014,2014,No,2014-08-01,,,,
3430,794,Mastercard,Debit,5794165239075456,01/2011,465,YES,2,11164,06/2009,2010,No,2009-06-01,,,,
4306,1697,Visa,Debit,4048907303086785,09/2021,463,YES,2,8365,08/2009,2009,No,2009-08-01,,,,
3023,1697,Visa,Debit,4110479205142550,12/2021,951,YES,2,17104,05/2009,2010,No,2009-05-01,,,,
1101,1697,Amex,Credit,338367003904163,12/2013,279,YES,1,2100,02/2007,2009,No,2007-02-01,,,,
73,1697,Mastercard,Debit,5683833994969618,04/2006,884,YES,1,13634,01/2005,2011,No,2005-01-01,,,,
2746,1697,Mastercard,Debit (Prepaid),5803099724523617,09/2020,930,YES,1,63,04/2015,2015,No,2015-04-01,,,,
3295,1697,Mastercard,Debit,5868327296481310,01/2023,32,YES,2,18721,06/2005,2009,No,2005-06-01,,,,
3268,573,Amex,Credit,350866149120216,09/2023,265,YES,2,3400,06/2004,2008,No,2004-06-01,,,,
2891,1026,Visa,Credit,4683287791246500,05/2018,517,NO,1,6200,05/2005,2013,No,2005-05-01,,,,
983,1026,Visa,Debit (Prepaid),4766664432411893,04/2021,545,YES,2,31,02/2000,2014,No,2000-02-01,,,,
5398,1026,Visa,Credit,4274713434654848,08/2021,743,YES,1,1000,11/2003,2009,No,2003-11-01,,,,
2870,1026,Visa,Debit (Prepaid),4226159572103725,10/2023,756,YES,2,77,05/2004,2007,No,2004-05-01,,,,
1927,402,Visa,Debit,4946571800021795,04/2023,686,NO,1,20709,02/2020,2020,No,2020-02-01,s_001010,2020-02-20 13:56:00,social_media,/blog/credit-basics
2536,402,Mastercard,Debit,5332075103527991,10/2022,561,YES,2,20230,04/2007,2010,No,2007-04-01,,,,
2698,402,Mastercard,Debit,5299237121049630,10/2023,876,YES,2,14749,04/2012,2012,No,2012-04-01,,,,
970,1628,Mastercard,Debit,5855071426646203,09/2022,238,YES,3,9171,02/1999,2005,No,1999-02-01,,,,
6082,1628,Amex,Credit,325450874784558,05/2018,496,YES,2,17400,12/2013,2013,No,2013-12-01,,,,
3349,553,Mastercard,Debit,5821391213524439,10/2023,652,NO,2,14475,06/2007,2009,No,2007-06-01,,,,
1114,1551,Mastercard,Debit,5230397441824610,12/2020,954,YES,2,15967,02/2007,2009,No,2007-02-01,,,,
2389,1551,Visa,Debit,4901552848355257,08/2024,325,YES,1,12250,03/2019,2019,No,2019-03-01,s_001011,2019-03-14 09:17:00,podcast_or_youtube,/blog/credit-basics
5590,1551,Visa,Debit (Prepaid),4841863549456234,04/2024,875,YES,2,63,11/2009,2009,No,2009-11-01,,,,
2537,1551,Mastercard,Debit (Prepaid),5938011695949462,08/2023,234,YES,2,66,04/2007,2010,No,2007-04-01,,,,
2988,1551,Visa,Credit,4719385621754821,09/2022,503,YES,1,8500,05/2008,2014,No,2008-05-01,,,,
4001,1672,Mastercard,Debit (Prepaid),5784144789342929,01/2024,653,NO,1,65,07/2012,2012,No,2012-07-01,,,,
1451,1672,Discover,Credit,6839227927848570,02/2020,968,YES,2,16100,02/2020,2020,No,2020-02-01,s_001012,2020-02-19 18:02:00,search,/compare
623,1672,Mastercard,Debit,5837070772426672,12/2020,507,YES,1,3313,01/2020,2020,No,2020-01-01,s_001013,2020-01-26 11:23:00,social_media,/apply
5184,1135,Amex,Credit,376534551118716,06/2022,382,YES,2,20800,10/2010,2013,No,2010-10-01,,,,
1419,1135,Amex,Credit,335380246966517,11/2020,42,YES,3,11700,02/2020,2020,No,2020-02-01,s_001018,2020-02-27 21:25:00,other,/
870,1135,Visa,Debit,4573117764811951,06/2022,178,YES,1,33028,01/2020,2020,No,2020-01-01,s_001019,2020-01-27 11:26:00,search,/apply
6093,1135,Visa,Debit,4703890283144405,04/2024,233,YES,1,19830,12/2013,2013,No,2013-12-01,,,,
4037,1135,Mastercard,Debit,5663749194216135,02/2019,176,YES,1,22482,07/2015,2015,No,2015-07-01,,,,
4977,1135,Visa,Credit,4018902833542405,08/2023,755,YES,1,22400,10/2002,2010,No,2002-10-01,,,,
3081,1135,Visa,Debit (Prepaid),4850287414377343,10/2024,123,YES,1,62,05/2010,2012,No,2010-05-01,,,,
3809,1420,Mastercard,Debit,5506105334909341,01/2008,72,YES,2,27723,07/2007,2010,No,2007-07-01,,,,
4258,1420,Mastercard,Credit,5542832924202774,03/2023,210,NO,1,31800,08/2008,2012,No,2008-08-01,,,,
1180,1420,Mastercard,Debit,5383684382213654,03/2018,931,YES,1,16028,02/2009,2009,No,2009-02-01,,,,
3676,1420,Mastercard,Debit,5085756475637529,01/2021,35,YES,2,25411,07/2002,2013,No,2002-07-01,,,,
337,1589,Visa,Debit,4939717188461311,10/2023,395,NO,1,11912,01/2014,2014,No,2014-01-01,,,,
4913,1589,Mastercard,Debit,5174537590358880,12/2024,473,YES,2,13064,09/2017,2017,No,2017-09-01,s_001020,2017-09-21 12:30:00,blog_or_review_site,/cards
5306,1589,Mastercard,Debit,5693986376592853,10/2016,390,YES,2,8912,10/2015,2015,No,2015-10-01,,,,
1149,1002,Mastercard,Debit,5609582366095384,01/2020,292,YES,2,15962,02/2008,2013,No,2008-02-01,,,,
1069,1411,Visa,Credit,4048254149559977,11/2020,440,YES,1,18200,02/2005,2014,No,2005-02-01,,,,
3778,1411,Mastercard,Debit,5119838138946124,08/2016,162,YES,2,3450,07/2006,2014,No,2006-07-01,,,,
4700,1411,Visa,Debit,4698652103391033,05/2021,88,YES,1,3450,09/2008,2016,No,2008-09-01,,,,
5761,1411,Mastercard,Debit,5631140574725941,11/2023,370,YES,1,39598,12/1999,2006,No,1999-12-01,,,,
1368,1654,Mastercard,Debit,5041427711902777,01/2022,748,YES,1,36502,02/2016,2016,No,2016-02-01,s_001021,2016-02-05 11:29:00,other,/compare
2915,1654,Visa,Credit,4757921989009514,10/2023,921,YES,1,14900,05/2006,2014,No,2006-05-01,,,,
5257,1654,Mastercard,Credit,5871669086673415,09/2020,698,YES,1,11800,10/2012,2012,No,2012-10-01,,,,
1200,1654,Amex,Credit,333081160230544,06/2024,480,YES,1,14000,02/2010,2012,No,2010-02-01,,,,
4276,1654,Visa,Credit,4897401691817585,05/2022,951,YES,2,16000,08/2008,2009,No,2008-08-01,,,,
2189,1330,Mastercard,Debit,5075163198448769,10/2022,30,YES,2,32557,03/2008,2008,No,2008-03-01,,,,
6045,1330,Mastercard,Debit,5471442279898272,02/2021,537,NO,1,21820,12/2011,2011,No,2011-12-01,,,,
4579,1330,Mastercard,Debit,5728056480439167,06/2024,992,YES,2,14448,09/2005,2011,No,2005-09-01,,,,
5123,790,Mastercard,Debit,5112985372677713,08/2022,62,YES,2,19038,10/2008,2010,No,2008-10-01,,,,
3350,790,Mastercard,Debit,5422967140573110,03/2012,803,YES,1,23632,06/2007,2009,No,2007-06-01,,,,
3275,552,Mastercard,Debit,5115906061769120,12/2022,219,YES,2,18627,06/2004,2010,No,2004-06-01,,,,
3641,139,Mastercard,Debit (Prepaid),5027092702312429,08/2021,52,YES,1,86,06/2019,2019,No,2019-06-01,s_001022,2019-06-27 10:13:00,podcast_or_youtube,/apply
5705,139,Visa,Debit,4940574343090024,12/2014,702,YES,1,18944,11/2014,2014,No,2014-11-01,,,,
87,139,Visa,Debit,4276460060200386,08/2022,264,YES,1,20962,01/2005,2011,No,2005-01-01,,,,
3276,139,Mastercard,Debit (Prepaid),5271307942784936,02/2016,888,YES,1,86,06/2004,2006,No,2004-06-01,,,,
6104,1280,Amex,Credit,360424769741306,10/2021,352,NO,2,6000,12/2015,2015,No,2015-12-01,,,,
3604,883,Amex,Credit,364278996069965,02/2020,191,YES,1,12500,06/2016,2016,No,2016-06-01,s_001023,2016-06-27 19:23:00,friend_or_family,/cards/rewards
5302,359,Amex,Credit,364647060276955,04/2020,223,YES,1,17200,10/2015,2015,No,2015-10-01,,,,
2331,359,Mastercard,Debit,5012576433104478,01/2015,411,YES,1,31163,03/2014,2014,No,2014-03-01,,,,
3567,359,Mastercard,Debit (Prepaid),5317204750431758,05/2024,412,YES,1,59,06/2013,2013,No,2013-06-01,,,,
2489,359,Mastercard,Credit,5757079020713035,06/2024,544,NO,1,13500,04/2005,2009,No,2005-04-01,,,,
3024,1921,Visa,Credit,4297525095541797,05/2022,49,YES,2,8900,05/2009,2010,No,2009-05-01,,,,
3810,1921,Mastercard,Credit,5454401798231056,12/2024,360,YES,1,2900,07/2007,2012,No,2007-07-01,,,,
1181,1921,Mastercard,Debit (Prepaid),5403639313421706,04/2020,283,YES,2,89,02/2009,2009,No,2009-02-01,,,,
5137,651,Visa,Credit,4578235631297148,09/2023,285,YES,2,5200,10/2008,2009,No,2008-10-01,,,,
5570,557,Mastercard,Debit,5755010791716629,04/2022,497,YES,2,6090,11/2009,2011,No,2009-11-01,,,,
338,1071,Visa,Debit,4177638630189991,11/2020,393,YES,1,31072,01/2014,2014,No,2014-01-01,,,,
1420,1071,Amex,Credit,326436217704163,06/2023,879,YES,2,11200,02/2020,2020,No,2020-02-01,s_001024,2020-02-21 08:05:00,search,/compare
1662,1071,Mastercard,Debit (Prepaid),5799877051065572,02/2020,466,YES,1,38,02/2020,2020,No,2020-02-01,s_001025,2020-02-08 21:11:00,blog_or_review_site,/apply
74,1175,Mastercard,Debit,5479439443272548,11/2010,248,YES,2,10670,01/2005,2009,No,2005-01-01,,,,
5067,1175,Visa,Credit,4503231152263501,02/2024,728,YES,2,5900,10/2006,2014,No,2006-10-01,,,,
4904,1175,Amex,Credit,354026281245694,09/2017,67,YES,2,7600,09/2017,2017,No,2017-09-01,s_001026,2017-09-04 16:50:00,social_media,/blog/credit-basics
5341,1175,Mastercard,Debit (Prepaid),5117972120762088,05/2022,969,YES,1,95,10/2019,2019,No,2019-10-01,s_001027,2019-10-25 09:54:00,social_media,/cards/rewards
2132,1175,Visa,Credit,4909834750137607,04/2023,264,NO,1,5100,03/2006,2006,No,2006-03-01,,,,
4627,1175,Visa,Debit,4708121064103290,12/2020,26,YES,1,1753,09/2006,2012,No,2006-09-01,,,,
116,1175,Visa,Debit,4887547650218596,03/2024,281,YES,2,8427,01/2006,2014,No,2006-01-01,,,,
5914,1936,Visa,Debit,4653215018449189,09/2014,624,YES,1,27006,12/2007,2007,No,2007-12-01,,,,
3006,1936,Mastercard,Debit,5454198029567960,08/2023,161,YES,1,34348,05/2009,2010,No,2009-05-01,,,,
5531,1936,Mastercard,Debit,5278876115993600,12/2008,948,YES,1,25659,11/2008,2011,No,2008-11-01,,,,
2264,1936,Visa,Credit,4844646610537453,08/2020,174,YES,2,14500,03/2010,2010,No,2010-03-01,,,,
5551,1936,Visa,Credit,4343987004496524,09/2024,81,YES,1,16400,11/2008,2008,No,2008-11-01,,,,
3825,182,Visa,Debit,4166845388863489,09/2020,285,YES,2,9418,07/2007,2007,No,2007-07-01,,,,
980,182,Mastercard,Debit,5021195779307065,07/2000,818,YES,1,20677,02/2000,2011,No,2000-02-01,,,,
5532,468,Mastercard,Debit,5407924790398155,08/2021,69,YES,1,21900,11/2008,2011,No,2008-11-01,,,,
4705,468,Amex,Credit,338642228553287,08/2024,678,NO,2,13100,09/2009,2009,No,2009-09-01,,,,
3450,1651,Visa,Credit,4274011202694035,06/2022,289,YES,2,25400,06/2009,2012,No,2009-06-01,,,,
4181,1651,Mastercard,Debit,5092747474352987,02/2011,356,YES,2,21177,08/2006,2007,No,2006-08-01,,,,
5533,1839,Mastercard,Debit,5960113726065282,12/2008,880,NO,2,15122,11/2008,2010,No,2008-11-01,,,,
339,1585,Visa,Debit,4915076647608173,08/2023,63,NO,1,14708,01/2014,2014,No,2014-01-01,,,,
2721,1585,Visa,Debit,4535134357521443,03/2022,877,YES,2,19197,04/2013,2013,No,2013-04-01,,,,
6103,1585,Mastercard,Debit,5325994058715063,04/2022,617,YES,1,14830,12/2014,2014,No,2014-12-01,,,,
4498,1245,Mastercard,Debit,5709693631749938,10/2021,320,YES,1,6631,09/1999,2012,No,1999-09-01,,,,
6008,1245,Mastercard,Debit,5774873617908688,08/2024,550,YES,1,13910,12/2010,2016,No,2010-12-01,,,,
4873,1245,Mastercard,Credit,5352138305305282,05/2024,190,YES,2,6900,09/2014,2014,No,2014-09-01,,,,
5347,1245,Mastercard,Debit,5152221647441116,10/2020,628,YES,1,19955,11/1994,2007,No,1994-11-01,,,,
5675,1245,Mastercard,Debit (Prepaid),5318319036148549,08/2024,577,YES,2,66,11/2012,2012,No,2012-11-01,,,,
3451,1245,Visa,Credit,4110883178370891,04/2024,317,YES,1,9900,06/2009,2009,No,2009-06-01,,,,
4759,732,Discover,Credit,6457800663577684,01/2012,285,YES,1,9200,09/2010,2010,No,2010-09-01,,,,
5200,732,Mastercard,Debit,5810725153736837,05/2022,279,YES,1,9420,10/2010,2012,No,2010-10-01,,,,
1115,732,Mastercard,Debit (Prepaid),5486503850400569,05/2021,264,NO,2,49,02/2007,2011,No,2007-02-01,,,,
5948,732,Visa,Debit,4023270767899228,04/2020,32,YES,2,18535,12/2008,2008,No,2008-12-01,,,,
5220,732,Visa,Debit,4442324693688145,09/2023,130,YES,1,10104,10/2010,2015,No,2010-10-01,,,,
46,732,Visa,Debit (Prepaid),4820966230615076,11/2022,662,YES,2,63,01/2003,2010,No,2003-01-01,,,,
2303,476,Mastercard,Credit,5187732819891507,12/2014,87,YES,3,10100,03/2012,2012,No,2012-03-01,,,,
1070,476,Visa,Debit,4385795693863379,06/2024,806,YES,2,31535,02/2005,2009,No,2005-02-01,,,,
5684,476,Mastercard,Debit,5531706766680785,08/2015,158,YES,1,21282,11/2013,2013,No,2013-11-01,,,,
2666,164,Visa,Credit,4141753158398487,03/2022,11,YES,1,5100,04/2010,2011,No,2010-04-01,,,,
3210,164,Mastercard,Debit,5220177364102104,02/2020,680,YES,1,14103,06/1999,2008,No,1999-06-01,,,,
3748,164,Visa,Debit,4984493732494807,07/2022,688,YES,2,21847,07/2005,2011,No,2005-07-01,,,,
5272,164,Mastercard,Debit,5175150411772712,09/2020,502,YES,1,28425,10/2013,2013,No,2013-10-01,,,,
3648,40,Amex,Credit,389912068048719,09/2023,269,YES,2,8200,07/1998,2011,No,1998-07-01,,,,
2437,40,Visa,Debit,4299508349741779,09/2021,579,YES,2,1462,04/2002,2013,No,2002-04-01,,,,
1289,40,Visa,Debit (Prepaid),4569310605904110,07/2021,990,YES,2,58,02/2011,2011,No,2011-02-01,,,,
2011,40,Mastercard,Debit,5488342944613905,03/2011,880,YES,2,142,03/1999,2014,No,1999-03-01,,,,
4400,1,Visa,Debit,4843491272960882,01/2017,625,YES,1,18105,08/2012,2012,No,2012-08-01,,,,
3682,1,Visa,Credit,4417513283605637,04/2014,84,YES,1,10900,07/2002,2013,No,2002-07-01,,,,
4652,1,Visa,Credit,4419924074647230,12/2021,1,NO,1,12800,09/2007,2011,No,2007-09-01,,,,
288,272,Visa,Debit,4058050157220596,03/2020,102,YES,1,2670,01/2011,2011,No,2011-01-01,,,,
3120,272,Mastercard,Credit,5873495069998579,10/2018,162,YES,2,14700,05/2012,2012,No,2012-05-01,,,,
626,272,Mastercard,Debit (Prepaid),5808136548740017,07/2023,131,YES,1,100,01/2020,2020,No,2020-01-01,s_001032,2020-01-25 16:07:00,blog_or_review_site,/cards/rewards
4890,988,Visa,Debit,4574140981154350,08/2016,627,YES,1,18579,09/2015,2015,No,2015-09-01,,,,
3935,988,Mastercard,Credit,5595598905079193,09/2021,15,YES,1,13200,07/2010,2010,No,2010-07-01,,,,
1422,988,Amex,Credit,381186607769548,04/2023,440,YES,2,1900,02/2020,2020,No,2020-02-01,s_001034,2020-02-10 20:34:00,podcast_or_youtube,/apply
4384,988,Visa,Credit,4844474344137395,07/2024,601,YES,2,17100,08/2011,2011,No,2011-08-01,,,,
3158,660,Visa,Debit,4522536096309018,10/2015,832,NO,1,16820,05/2014,2014,No,2014-05-01,,,,
5185,660,Amex,Credit,340488847692793,02/2022,91,YES,1,12000,10/2010,2014,No,2010-10-01,,,,
2343,1381,Mastercard,Debit,5936146704569186,10/2018,616,YES,1,21357,03/2015,2015,No,2015-03-01,,,,
3738,1381,Mastercard,Debit,5382896062305963,11/2022,543,YES,1,22964,07/2005,2011,No,2005-07-01,,,,
628,1381,Mastercard,Debit,5063833404835994,12/2024,954,YES,1,16769,01/2020,2020,No,2020-01-01,s_001035,2020-01-14 12:13:00,blog_or_review_site,/blog/credit-basics
5635,1381,Visa,Credit,4677022173671023,06/2016,438,YES,1,10100,11/2010,2010,No,2010-11-01,,,,
2722,184,Visa,Debit,4266071650368100,12/2024,345,YES,1,20773,04/2013,2013,No,2013-04-01,,,,
2475,184,Amex,Credit,337714799695315,01/2022,540,YES,1,15300,04/2005,2012,No,2005-04-01,,,,
3936,184,Mastercard,Debit,5758058384603555,01/2023,365,YES,2,11160,07/2010,2010,No,2010-07-01,,,,
3211,184,Mastercard,Debit (Prepaid),5279859317968599,12/2022,265,YES,2,110,06/1999,2017,No,1999-06-01,,,,
4800,184,Visa,Debit,4762407160723213,06/2024,115,YES,2,8766,09/2010,2020,No,2010-09-01,,,,
4935,184,Mastercard,Debit (Prepaid),5231369185894594,01/2021,156,YES,2,95,10/1998,2012,No,1998-10-01,,,,
4701,1183,Visa,Credit,4985248597765518,11/2020,814,YES,2,9100,09/2008,2015,No,2008-09-01,,,,
4727,1183,Mastercard,Debit,5983398661297116,10/2010,300,YES,2,15441,09/2009,2009,No,2009-09-01,,,,
2858,1183,Mastercard,Debit,5382214816700100,04/2019,291,YES,2,12021,05/2004,2014,No,2004-05-01,,,,
4211,1183,Mastercard,Debit,5662897470767553,05/2023,180,YES,1,8887,08/2007,2014,No,2007-08-01,,,,
2279,905,Mastercard,Debit (Prepaid),5342080744210119,05/2023,335,YES,1,77,03/2011,2011,No,2011-03-01,,,,
5053,905,Mastercard,Credit,5957980518521489,07/2024,963,YES,1,22500,10/2006,2008,No,2006-10-01,,,,
5087,905,Mastercard,Debit,5932193694740182,02/2010,963,YES,1,19600,10/2007,2015,No,2007-10-01,,,,
4329,905,Mastercard,Debit,5166666850423125,09/2020,693,YES,2,40019,08/2010,2017,No,2010-08-01,,,,
53,905,Mastercard,Debit,5360731476529064,12/2023,898,NO,2,64321,01/2004,2007,No,2004-01-01,,,,
3587,419,Visa,Debit,4298987544338030,03/2020,757,YES,1,16731,06/2014,2014,No,2014-06-01,,,,
3854,419,Mastercard,Credit,5398766323081099,06/2022,391,YES,2,8800,07/2008,2008,No,2008-07-01,,,,
3792,419,Visa,Debit,4514910575649849,07/2019,398,YES,1,12764,07/2006,2009,No,2006-07-01,,,,
4111,419,Visa,Debit,4224737440603281,02/2022,580,NO,1,7943,08/2002,2005,No,2002-08-01,,,,
3284,419,Visa,Debit,4580608927025365,01/2007,312,YES,2,18089,06/2004,2009,No,2004-06-01,,,,
5230,1241,Discover,Credit,6694401699327793,12/2011,712,YES,1,16500,10/2011,2011,No,2011-10-01,,,,
3501,1241,Visa,Debit,4617983811742101,03/2023,469,YES,2,9335,06/2010,2010,No,2010-06-01,,,,
3724,1241,Visa,Debit,4041929159891556,04/2023,622,YES,2,14079,07/2004,2015,No,2004-07-01,,,,
1928,383,Visa,Debit,4448354145874788,02/2020,333,YES,1,10367,02/2020,2020,No,2020-02-01,s_001041,2020-02-26 14:09:00,search,/cards
3686,383,Amex,Credit,329374832925921,05/2024,926,YES,1,8200,07/2003,2012,No,2003-07-01,,,,
1092,383,Mastercard,Debit,5932626353957306,06/2020,709,YES,2,13350,02/2006,2011,No,2006-02-01,,,,
985,1816,Amex,Credit,346838160027794,11/2020,335,YES,1,10200,02/2001,2011,No,2001-02-01,,,,
182,1816,Visa,Debit,4646403746633735,04/2015,115,YES,1,22648,01/2008,2015,No,2008-01-01,,,,
275,1501,Mastercard,Debit,5365244955303244,03/2020,523,NO,1,17717,01/2011,2011,No,2011-01-01,,,,
3683,1501,Visa,Credit,4841107746635167,02/2014,91,YES,1,8300,07/2002,2013,No,2002-07-01,,,,
3872,1501,Visa,Debit,4983998587312958,01/2009,204,YES,2,25719,07/2008,2010,No,2008-07-01,,,,
3855,497,Mastercard,Credit,5301383536207357,09/2022,114,YES,1,13200,07/2008,2017,No,2008-07-01,,,,
3198,497,Visa,Credit,4627450737727003,03/2019,306,YES,2,12500,05/2017,2017,No,2017-05-01,s_001042,2017-05-20 12:05:00,other,/compare
3879,497,Amex,Credit,314069788408541,10/2019,760,YES,1,15400,07/2009,2017,No,2009-07-01,,,,
1452,497,Discover,Credit,6743630812425986,02/2020,577,YES,2,13900,02/2020,2020,No,2020-02-01,s_001043,2020-02-22 13:43:00,search,/apply
2829,497,Mastercard,Debit,5019087087012500,03/2020,735,YES,1,16681,05/2002,2011,No,2002-05-01,,,,
3452,497,Visa,Credit,4995171731187347,07/2024,745,YES,1,11800,06/2009,2012,No,2009-06-01,,,,
5862,44,Mastercard,Debit,5867037533677009,09/2020,272,YES,1,20015,12/2006,2006,No,2006-12-01,,,,
2932,44,Mastercard,Debit,5336725167428422,10/2020,773,YES,2,9707,05/2007,2009,No,2007-05-01,,,,
5748,44,Mastercard,Credit,5384043758789033,05/2022,151,YES,2,3400,12/1992,2007,No,1992-12-01,,,,
4401,661,Amex,Credit,346401453739759,07/2023,552,YES,1,5300,08/2013,2013,No,2013-08-01,,,,
5710,661,Mastercard,Debit,5742781603234912,03/2018,376,YES,2,22789,11/2015,2015,No,2015-11-01,,,,
1345,661,Mastercard,Debit,5468889618070155,03/2024,110,YES,2,13193,02/2014,2014,No,2014-02-01,,,,
3731,939,Discover,Credit,6329791307366566,09/2023,617,YES,1,1700,07/2005,2010,No,2005-07-01,,,,
2028,939,Visa,Credit,4139421068502757,12/2017,782,YES,1,9000,03/2001,2009,No,2001-03-01,,,,
276,947,Mastercard,Debit (Prepaid),5337242427884909,07/2020,389,YES,2,79,01/2011,2011,No,2011-01-01,,,,
5534,947,Mastercard,Debit (Prepaid),5909236244923272,01/2019,964,YES,1,87,11/2008,2008,No,2008-11-01,,,,
2620,947,Visa,Debit,4812303101695566,11/2017,113,YES,2,11254,04/2009,2009,No,2009-04-01,,,,
2552,947,Visa,Debit,4005670530527551,03/2023,434,NO,1,11344,04/2007,2007,No,2007-04-01,,,,
75,1749,Mastercard,Debit (Prepaid),5535901079667192,02/2020,480,NO,1,50,01/2005,2013,No,2005-01-01,,,,
229,1749,Mastercard,Debit,5793881452789121,06/2019,784,YES,2,1213,01/2010,2010,No,2010-01-01,,,,
3551,385,Mastercard,Debit,5399594843051418,08/2023,813,NO,1,29219,06/2012,2012,No,2012-06-01,,,,
1321,385,Mastercard,Debit,5494762880839686,03/2020,915,YES,1,17907,02/2013,2013,No,2013-02-01,,,,
2289,385,Visa,Debit,4874419326645327,10/2023,768,YES,2,24298,03/2011,2011,No,2011-03-01,,,,
5124,385,Mastercard,Credit,5785799753329600,07/2023,527,YES,1,11700,10/2008,2011,No,2008-10-01,,,,
973,385,Visa,Debit,4145833750383667,07/2003,790,YES,2,16227,02/1999,2015,No,1999-02-01,,,,
2871,385,Visa,Debit,4573674903451245,12/2021,611,YES,2,7495,05/2004,2005,No,2004-05-01,,,,
1290,385,Visa,Debit,4972542983783758,03/2020,383,YES,2,2210,02/2011,2014,No,2011-02-01,,,,
1226,1298,Mastercard,Debit,5818148628470967,02/2024,296,NO,2,10040,02/2010,2010,No,2010-02-01,,,,
5221,1298,Visa,Credit,4657798649903405,06/2024,703,YES,2,8500,10/2010,2018,No,2010-10-01,,,,
2386,913,Mastercard,Debit,5714757950966275,09/2020,805,YES,1,11646,03/2019,2019,No,2019-03-01,s_001049,2019-03-03 18:05:00,other,/
3110,913,Visa,Credit,4526538061468985,03/2020,180,YES,1,6900,05/2011,2011,No,2011-05-01,,,,
5899,913,Mastercard,Debit,5986384191582569,10/2014,786,YES,2,8230,12/2007,2014,No,2007-12-01,,,,
2933,1634,Mastercard,Credit,5720852309018318,11/2023,885,YES,1,4400,05/2007,2014,No,2007-05-01,,,,
2464,1634,Mastercard,Debit,5524436846278703,07/2020,697,YES,2,8638,04/2004,2014,No,2004-04-01,,,,
2245,1634,Discover,Credit,6268030188636337,09/2020,717,YES,2,4700,03/2010,2011,No,2010-03-01,,,,
4743,1634,Visa,Credit,4203303995031482,01/2024,367,YES,2,4100,09/2009,2009,No,2009-09-01,,,,
1071,804,Visa,Credit,4302044080999932,11/2020,699,YES,1,8900,02/2005,2010,No,2005-02-01,,,,
5986,804,Visa,Debit,4039102830415529,04/2017,14,YES,1,3905,12/2009,2010,No,2009-12-01,,,,
17,804,Visa,Debit,4214048661117547,07/2022,799,YES,2,18744,01/2000,2010,No,2000-01-01,,,,
213,804,Visa,Credit,4108680950969751,08/2012,988,NO,2,5400,01/2009,2011,No,2009-01-01,,,,
2553,804,Visa,Debit,4554800858688588,11/2011,867,NO,1,14507,04/2007,2010,No,2007-04-01,,,,
3602,1703,Visa,Credit,4562875268182118,02/2020,630,YES,2,8700,06/2015,2015,No,2015-06-01,,,,
2969,1703,Mastercard,Credit,5745606898714105,06/2022,753,YES,2,10600,05/2008,2019,No,2008-05-01,,,,
6078,1741,Visa,Debit,4921241302048112,10/2023,631,YES,1,11510,12/2012,2012,No,2012-12-01,,,,
5571,1741,Mastercard,Debit,5427223810289124,06/2013,962,YES,1,15765,11/2009,2009,No,2009-11-01,,,,
3025,1741,Visa,Debit (Prepaid),4148892255805747,02/2023,546,YES,1,56,05/2009,2010,No,2009-05-01,,,,
1097,1741,Visa,Credit,4328552729246712,12/2021,102,YES,1,7300,02/2006,2013,No,2006-02-01,,,,
1360,1741,Visa,Credit,4238757840498542,12/2022,551,YES,2,8500,02/2015,2015,No,2015-02-01,,,,
3037,1741,Amex,Credit,345841340861008,08/2014,854,YES,1,7500,05/2010,2011,No,2010-05-01,,,,
2595,1741,Amex,Credit,376643401959954,04/2022,75,YES,2,5900,04/2009,2009,No,2009-04-01,,,,
2235,1741,Visa,Credit,4273861353237930,11/2021,246,YES,1,13600,03/2009,2013,No,2009-03-01,,,,
5465,1741,Mastercard,Credit,5955551281858493,01/2024,860,YES,2,10700,11/2006,2010,No,2006-11-01,,,,
4504,766,Mastercard,Debit,5981688151498054,04/2023,148,NO,1,6424,09/2000,2012,No,2000-09-01,,,,
4499,766,Visa,Debit,4093339040695481,08/2020,907,YES,2,14248,09/1999,2010,No,1999-09-01,,,,
2356,766,Mastercard,Credit,5341478430944116,06/2016,222,YES,2,5400,03/2016,2016,No,2016-03-01,s_001050,2016-03-20 09:33:00,search,/blog/credit-basics
3811,472,Mastercard,Debit,5694959357776627,11/2023,837,YES,2,13448,07/2007,2011,No,2007-07-01,,,,
3007,472,Mastercard,Debit (Prepaid),5761593258077977,01/2020,590,YES,2,44,05/2009,2013,No,2009-05-01,,,,
3826,472,Visa,Credit,4956561609097121,02/2020,521,YES,2,11300,07/2007,2007,No,2007-07-01,,,,
4307,472,Visa,Debit,4946047116321440,11/2012,975,YES,1,30622,08/2009,2009,No,2009-08-01,,,,
2970,366,Mastercard,Debit,5887795279651150,08/2009,708,YES,2,12241,05/2008,2008,No,2008-05-01,,,,
5258,366,Mastercard,Credit,5642012409120694,08/2018,823,YES,2,6200,10/2012,2012,No,2012-10-01,,,,
986,366,Discover,Credit,6066458178590339,08/2023,653,YES,1,9500,02/2001,2014,No,2001-02-01,,,,
4812,366,Mastercard,Debit,5936158679461560,06/2012,407,YES,2,23042,09/2011,2013,No,2011-09-01,,,,
2934,366,Mastercard,Debit,5897249041445571,02/2021,103,YES,2,19019,05/2007,2011,No,2007-05-01,,,,
5846,366,Visa,Credit,4960827175990590,11/2020,947,NO,2,2200,12/2005,2008,No,2005-12-01,,,,
1072,366,Visa,Credit,4929393429782613,10/2021,648,YES,1,13700,02/2005,2012,No,2005-02-01,,,,
1078,1705,Discover,Credit,6835050350545859,06/2024,658,YES,1,7000,02/2006,2019,No,2006-02-01,,,,
4628,1705,Visa,Debit,4758003951001274,12/2010,604,YES,1,1324,09/2006,2013,No,2006-09-01,,,,
6009,1705,Mastercard,Debit,5151644017893999,11/2017,999,YES,2,8950,12/2010,2018,No,2010-12-01,,,,
3753,1638,Discover,Credit,6784378675449742,10/2020,364,NO,2,10000,07/2006,2008,No,2006-07-01,,,,
4956,1638,Mastercard,Credit,5997976310447187,07/2024,645,YES,1,21300,10/2001,2015,No,2001-10-01,,,,
4296,1638,Mastercard,Debit,5445308987864903,10/2021,190,YES,1,18281,08/2009,2009,No,2009-08-01,,,,
4728,1638,Mastercard,Debit,5949659577533309,05/2020,808,YES,2,13297,09/2009,2011,No,2009-09-01,,,,
3856,1638,Mastercard,Debit,5658039288966447,10/2024,549,YES,2,3485,07/2008,2011,No,2008-07-01,,,,
5572,1953,Mastercard,Debit (Prepaid),5295801511323408,04/2020,135,YES,2,54,11/2009,2009,No,2009-11-01,,,,
1424,1953,Amex,Credit,302031764623099,11/2020,654,YES,2,9900,02/2020,2020,No,2020-02-01,s_001058,2020-02-16 08:25:00,search,/cards
1670,1953,Mastercard,Debit,5398962399583431,07/2020,114,YES,1,8257,02/2020,2020,No,2020-02-01,s_001059,2020-02-18 12:26:00,search,/cards/rewards
5937,1771,Mastercard,Debit,5457266267877380,07/2023,138,YES,1,29078,12/2008,2009,No,2008-12-01,,,,
2607,1771,Mastercard,Debit (Prepaid),5579600195785019,04/2024,50,YES,2,59,04/2009,2009,No,2009-04-01,,,,
3098,1771,Mastercard,Debit,5154358829015666,03/2022,153,YES,1,27534,05/2011,2011,No,2011-05-01,,,,
5847,931,Visa,Debit,4365224312490795,05/2022,190,YES,2,21652,12/2005,2012,No,2005-12-01,,,,
2699,1190,Mastercard,Debit,5714691469447873,07/2020,319,YES,2,19919,04/2012,2012,No,2012-04-01,,,,
5358,1190,Mastercard,Debit,5988682255641837,11/2022,66,YES,2,24272,11/1999,2011,No,1999-11-01,,,,
1671,1190,Mastercard,Debit,5944674876283297,08/2024,993,NO,1,23805,02/2020,2020,No,2020-02-01,s_001060,2020-02-14 10:13:00,social_media,/blog/credit-basics
1201,1190,Amex,Credit,347182989454327,07/2012,755,YES,2,13800,02/2010,2010,No,2010-02-01,,,,
5771,1190,Mastercard,Debit (Prepaid),5127422537618977,10/2020,947,NO,2,27,12/2001,2017,No,2001-12-01,,,,
4508,1190,Visa,Debit,4227482000380763,07/2022,795,YES,2,4653,09/2000,2007,No,2000-09-01,,,,
632,1190,Mastercard,Credit,5116834896067442,02/2020,635,YES,2,9900,01/2020,2020,No,2020-01-01,s_001061,2020-01-11 08:54:00,friend_or_family,/cards/rewards
1227,371,Mastercard,Debit (Prepaid),5138905290496526,07/2024,348,YES,2,34,02/2010,2011,No,2010-02-01,,,,
5495,371,Mastercard,Debit,5379424877140939,01/2016,683,YES,2,11861,11/2007,2013,No,2007-11-01,,,,
3453,371,Visa,Debit,4175643298974575,02/2022,790,YES,2,27382,06/2009,2014,No,2009-06-01,,,,
3134,371,Mastercard,Credit,5931001528763541,12/2018,471,YES,2,27600,05/2013,2013,No,2013-05-01,,,,
2989,1404,Visa,Debit,4847424526739159,02/2020,326,YES,2,4906,05/2008,2008,No,2008-05-01,,,,
4555,1404,Mastercard,Debit,5952597489933830,05/2020,895,YES,2,1993,09/2004,2014,No,2004-09-01,,,,
2411,1364,Visa,Credit,4696206742094892,09/2021,52,YES,2,0,04/2000,2011,No,2000-04-01,,,,
54,1364,Mastercard,Debit,5673928924089109,07/2016,821,YES,2,0,01/2004,2008,No,2004-01-01,,,,
3812,327,Mastercard,Credit,5035264823390216,05/2009,456,YES,1,14900,07/2007,2008,No,2007-07-01,,,,
4170,327,Visa,Debit,4783291966220802,03/2022,215,YES,2,15720,08/2005,2011,No,2005-08-01,,,,
3062,327,Mastercard,Debit,5683543220441253,07/2020,750,YES,2,9165,05/2010,2010,No,2010-05-01,,,,
3063,327,Mastercard,Debit,5911738030583603,06/2021,479,YES,2,13322,05/2010,2010,No,2010-05-01,,,,
5512,327,Visa,Debit,4711207147444250,07/2023,641,YES,2,11528,11/2007,2013,No,2007-11-01,,,,
877,594,Visa,Debit,4689169737232285,05/2022,44,YES,1,11608,01/2020,2020,No,2020-01-01,s_001066,2020-01-01 21:20:00,search,/blog/credit-basics
1674,594,Mastercard,Debit,5546505776191834,10/2024,791,YES,1,23699,02/2020,2020,No,2020-02-01,s_001067,2020-02-05 20:01:00,blog_or_review_site,/
633,594,Mastercard,Credit,5717740258290130,09/2022,312,YES,1,7700,01/2020,2020,No,2020-01-01,s_001068,2020-01-18 10:37:00,friend_or_family,/cards/rewards
3894,594,Mastercard,Debit,5691973692138971,01/2019,434,NO,2,6754,07/2009,2010,No,2009-07-01,,,,
1930,594,Visa,Credit,4715212743807294,02/2021,636,YES,1,3500,02/2020,2020,No,2020-02-01,s_001069,2020-02-24 12:20:00,friend_or_family,/apply
1931,594,Visa,Debit,4785940182637905,03/2020,305,YES,1,14793,02/2020,2020,No,2020-02-01,s_001070,2020-02-06 15:33:00,app_store,/compare
4366,1704,Mastercard,Debit,5236033792855943,11/2024,681,YES,2,44885,08/2011,2020,No,2011-08-01,,,,
4729,1500,Mastercard,Credit,5662784777670002,12/2020,195,YES,2,14000,09/2009,2011,No,2009-09-01,,,,
5034,1500,Visa,Debit,4388439055637377,02/2018,457,YES,2,18494,10/2005,2007,No,2005-10-01,,,,
5180,1500,Visa,Credit,4969698736410401,03/2024,329,YES,2,14700,10/2009,2011,No,2009-10-01,,,,
3166,1500,Mastercard,Debit (Prepaid),5751736349751599,05/2020,682,YES,1,69,05/2015,2015,No,2015-05-01,,,,
289,1788,Visa,Debit,4762069063483783,03/2023,474,YES,2,26255,01/2011,2011,No,2011-01-01,,,,
2538,1788,Mastercard,Debit,5129852007248820,03/2020,581,YES,2,5500,04/2007,2013,No,2007-04-01,,,,
5751,1788,Visa,Debit,4757843891969384,12/1997,672,YES,1,12323,12/1996,2011,No,1996-12-01,,,,
2700,1788,Mastercard,Credit,5277514275369878,01/2024,175,YES,2,7100,04/2012,2012,No,2012-04-01,,,,
4277,129,Visa,Debit (Prepaid),4910995927794188,09/2010,581,YES,2,37,08/2008,2009,No,2008-08-01,,,,
2190,1756,Mastercard,Credit,5253258810503866,01/2024,847,YES,1,19100,03/2008,2009,No,2008-03-01,,,,
4259,1756,Mastercard,Credit,5151057837968132,01/2021,303,YES,2,11600,08/2008,2012,No,2008-08-01,,,,
6060,197,Visa,Debit,4339137888179152,06/2014,503,YES,2,8144,12/2011,2012,No,2011-12-01,,,,
1932,197,Visa,Debit (Prepaid),4897762471214014,06/2024,599,YES,2,53,02/2020,2020,No,2020-02-01,s_001073,2020-02-07 11:50:00,podcast_or_youtube,/compare
1933,197,Visa,Credit,4021220662934810,02/2020,943,YES,2,8000,02/2020,2020,No,2020-02-01,s_001074,2020-02-18 14:02:00,social_media,/blog/credit-basics
2357,197,Mastercard,Debit,5341022658860517,12/2024,542,YES,1,11919,03/2016,2016,No,2016-03-01,s_001075,2016-03-22 10:37:00,friend_or_family,/cards/rewards
1302,197,Mastercard,Debit,5237861402927606,01/2022,536,YES,1,17889,02/2012,2012,No,2012-02-01,,,,
5853,219,Discover,Credit,6784663816408216,10/2022,850,YES,2,6300,12/2006,2006,No,2006-12-01,,,,
4994,219,Visa,Credit,4968397264653215,06/2021,571,YES,2,7900,10/2003,2006,No,2003-10-01,,,,
4609,219,Mastercard,Debit,5006759821122988,06/2020,152,YES,2,7995,09/2006,2006,No,2006-09-01,,,,
2431,1820,Mastercard,Credit,5023190732647203,01/2022,785,YES,1,7900,04/2002,2013,No,2002-04-01,,,,
2339,1820,Amex,Credit,344075477910403,10/2022,808,YES,1,5900,03/2015,2015,No,2015-03-01,,,,
3937,1820,Mastercard,Debit,5243433372742995,01/2020,279,YES,1,18200,07/2010,2010,No,2010-07-01,,,,
5201,1820,Mastercard,Debit,5414951977172238,01/2022,674,YES,1,16502,10/2010,2010,No,2010-10-01,,,,
3535,1820,Visa,Debit,4111163314027068,04/2023,851,YES,1,16726,06/2011,2011,No,2011-06-01,,,,
4171,726,Amex,Credit,364268721229101,10/2014,60,YES,1,9000,08/2006,2016,No,2006-08-01,,,,
3391,726,Mastercard,Debit,5620945785367038,12/2022,723,YES,1,12868,06/2008,2011,No,2008-06-01,,,,
3431,726,Mastercard,Debit,5932422810479250,02/2020,180,YES,1,27773,06/2009,2012,No,2009-06-01,,,,
5535,20,Mastercard,Credit,5866750746796733,01/2014,754,YES,1,16400,11/2008,2008,No,2008-11-01,,,,
376,20,Visa,Credit,4812182592435267,02/2022,213,YES,1,13000,01/2018,2018,No,2018-01-01,s_001077,2018-01-22 16:29:00,friend_or_family,/apply
1291,20,Visa,Debit,4326462005421386,09/2022,83,YES,1,16465,02/2011,2011,No,2011-02-01,,,,
5011,20,Mastercard,Credit,5881351669070746,03/2021,834,YES,2,9000,10/2004,2011,No,2004-10-01,,,,
3895,20,Mastercard,Debit,5648768892251580,10/2024,862,YES,2,14961,07/2009,2015,No,2009-07-01,,,,
4995,20,Visa,Debit,4213518971978552,08/2023,66,YES,1,19791,10/2003,2014,No,2003-10-01,,,,
3857,20,Mastercard,Debit,5375421607189929,07/2016,213,YES,1,15771,07/2008,2016,No,2008-07-01,,,,
1228,20,Mastercard,Debit,5706360016972471,04/2024,34,YES,1,7702,02/2010,2010,No,2010-02-01,,,,
2063,216,Mastercard,Debit,5099980998946055,02/2024,142,YES,1,18729,03/2004,2011,No,2004-03-01,,,,
4367,216,Mastercard,Debit (Prepaid),5094200042825369,10/2023,696,NO,1,80,08/2011,2011,No,2011-08-01,,,,
3404,216,Visa,Debit (Prepaid),4685370690710096,03/2024,450,YES,1,86,06/2008,2010,No,2008-06-01,,,,
4260,293,Mastercard,Debit,5417249342822909,06/2020,471,NO,2,20138,08/2008,2011,No,2008-08-01,,,,
1675,293,Mastercard,Debit,5972618168179479,02/2020,125,NO,1,21335,02/2020,2020,No,2020-02-01,s_001078,2020-02-11 20:26:00,blog_or_review_site,/cards/rewards
1676,293,Mastercard,Credit,5622260338088914,03/2022,353,YES,1,9300,02/2020,2020,No,2020-02-01,s_001079,2020-02-12 13:18:00,social_media,/blog/credit-basics
1677,293,Mastercard,Credit,5113831870392064,02/2020,861,YES,1,12600,02/2020,2020,No,2020-02-01,s_001080,2020-02-17 16:27:00,friend_or_family,/apply
635,293,Mastercard,Debit,5253561686917610,06/2023,467,YES,1,12899,01/2020,2020,No,2020-01-01,s_001081,2020-01-19 09:40:00,search,/blog/credit-basics
4744,1996,Visa,Credit,4339413642488223,12/2012,77,NO,2,9700,09/2009,2017,No,2009-09-01,,,,
4212,1996,Mastercard,Debit,5635628685160210,12/2024,168,YES,2,13016,08/2007,2015,No,2007-08-01,,,,
2008,1996,Visa,Debit,4378499154074856,09/2004,181,YES,2,24459,03/1997,2009,No,1997-03-01,,,,
3237,1171,Mastercard,Debit (Prepaid),5454433543896442,06/2023,8,YES,2,87,06/2002,2007,No,2002-06-01,,,,
4213,1171,Mastercard,Credit,5496928595053350,07/2023,165,YES,2,13500,08/2007,2007,No,2007-08-01,,,,
5354,1171,Visa,Debit (Prepaid),4958617093286807,02/2023,218,YES,2,89,11/1997,2003,No,1997-11-01,,,,
4530,1171,Discover,Credit,6282899513197827,11/2021,66,YES,2,8300,09/2003,2011,No,2003-09-01,,,,
5614,1171,Mastercard,Debit,5726460417448359,01/2021,26,YES,1,24481,11/2010,2010,No,2010-11-01,,,,
5536,1154,Mastercard,Debit,5118842073296429,01/2017,143,NO,1,2808,11/2008,2013,No,2008-11-01,,,,
3536,1154,Visa,Debit,4762563612895677,11/2014,466,YES,2,24835,06/2011,2011,No,2011-06-01,,,,
4996,1154,Visa,Debit,4623545252878077,12/2004,186,YES,1,12078,10/2003,2018,No,2003-10-01,,,,
2064,1154,Mastercard,Debit,5896338139736327,05/2022,578,YES,1,6257,03/2004,2014,No,2004-03-01,,,,
3245,819,Visa,Credit,4067933636132210,02/2023,693,YES,1,8400,06/2002,2010,No,2002-06-01,,,,
4424,819,Discover,Credit,6664949105585592,08/2020,79,YES,2,9900,08/2014,2014,No,2014-08-01,,,,
1322,819,Mastercard,Debit,5196085406728700,12/2022,937,YES,1,11818,02/2013,2013,No,2013-02-01,,,,
5303,1554,Discover,Credit,6427553403865846,05/2022,298,YES,2,11300,10/2015,2015,No,2015-10-01,,,,
3813,1079,Mastercard,Debit,5744052952747615,11/2024,907,YES,1,8833,07/2007,2016,No,2007-07-01,,,,
5826,1079,Amex,Credit,362822137135948,10/2022,44,YES,1,13400,12/2005,2010,No,2005-12-01,,,,
2842,1079,Mastercard,Debit,5504827836625705,02/2024,847,YES,1,30753,05/2003,2008,No,2003-05-01,,,,
2147,240,Mastercard,Debit,5555919926157136,02/2020,725,YES,1,17667,03/2007,2011,No,2007-03-01,,,,
1680,240,Mastercard,Debit,5398809165910933,02/2020,379,YES,1,14665,02/2020,2020,No,2020-02-01,s_001085,2020-02-25 12:00:00,search,/apply
4348,240,Visa,Debit,4266531803641466,05/2015,229,YES,2,14392,08/2010,2011,No,2010-08-01,,,,
1323,751,Mastercard,Credit,5044418694504576,07/2021,693,YES,2,14900,02/2013,2013,No,2013-02-01,,,,
5711,751,Mastercard,Debit,5368688278025209,10/2016,854,YES,1,19488,11/2015,2015,No,2015-11-01,,,,
4745,751,Visa,Debit (Prepaid),4329543360913740,10/2009,540,YES,1,84,09/2009,2009,No,2009-09-01,,,,
5552,751,Visa,Credit,4288018843262286,01/2016,627,YES,1,20100,11/2008,2015,No,2008-11-01,,,,
6046,773,Mastercard,Debit (Prepaid),5767723037402333,03/2020,38,YES,1,101,12/2011,2011,No,2011-12-01,,,,
2570,773,Mastercard,Debit,5364347373974586,07/2019,197,YES,1,11372,04/2008,2009,No,2008-04-01,,,,
4011,773,Mastercard,Debit,5850047861986266,04/2017,450,YES,1,21448,07/2013,2013,No,2013-07-01,,,,
4629,1294,Visa,Debit,4341572026253689,03/2020,774,YES,2,19691,09/2006,2011,No,2006-09-01,,,,
2591,1294,Visa,Debit,4306973519740031,05/2024,139,YES,2,14477,04/2008,2008,No,2008-04-01,,,,
2916,1567,Visa,Debit,4516862441362746,06/2013,641,YES,2,17559,05/2006,2006,No,2006-05-01,,,,
3956,1567,Visa,Debit,4866682990431119,10/2023,818,YES,1,24302,07/2010,2010,No,2010-07-01,,,,
5513,132,Visa,Debit,4143669555806355,11/2023,958,YES,2,8105,11/2007,2009,No,2007-11-01,,,,
230,132,Mastercard,Debit (Prepaid),5935629380160008,10/2020,160,YES,2,59,01/2010,2011,No,2010-01-01,,,,
2707,132,Visa,Credit,4832180811213555,01/2021,231,YES,2,0,04/2012,2012,No,2012-04-01,,,,
2679,132,Mastercard,Debit,5959099643778594,01/2022,625,YES,2,15022,04/2011,2011,No,2011-04-01,,,,
2884,512,Mastercard,Debit,5796522269741792,12/2021,918,YES,2,27677,05/2005,2006,No,2005-05-01,,,,
4261,178,Mastercard,Debit,5041406633994156,01/2023,155,YES,2,17206,08/2008,2010,No,2008-08-01,,,,
4214,178,Mastercard,Debit,5907281274492244,06/2024,856,YES,1,18235,08/2007,2007,No,2007-08-01,,,,
1681,178,Mastercard,Debit,5271523097116920,12/2020,148,YES,1,25376,02/2020,2020,No,2020-02-01,s_001088,2020-02-13 09:03:00,search,/
2539,1077,Mastercard,Debit,5324493090826390,11/2014,819,YES,2,17034,04/2007,2007,No,2007-04-01,,,,
4104,1077,Visa,Debit (Prepaid),4849525193834905,05/2020,704,YES,2,33,08/2001,2009,No,2001-08-01,,,,
214,1077,Visa,Debit,4411367352091205,04/2020,508,YES,2,20114,01/2009,2009,No,2009-01-01,,,,
2859,914,Mastercard,Debit,5608287824056674,09/2024,345,YES,2,21074,05/2004,2010,No,2004-05-01,,,,
1274,914,Mastercard,Debit,5493872171755054,12/2016,757,YES,2,17522,02/2011,2011,No,2011-02-01,,,,
5835,914,Mastercard,Debit,5130385664990830,05/2021,256,YES,2,18547,12/2005,2007,No,2005-12-01,,,,
2148,914,Mastercard,Credit,5010223259259255,07/2022,664,YES,1,11700,03/2007,2012,No,2007-03-01,,,,
5915,1840,Visa,Credit,4336242728631012,10/2020,263,YES,1,14600,12/2007,2008,No,2007-12-01,,,,
3660,1840,Visa,Credit,4605343796235504,03/2022,188,YES,1,4600,07/2000,2011,No,2000-07-01,,,,
6047,1840,Mastercard,Credit,5009312174031051,07/2022,172,YES,1,13200,12/2011,2011,No,2011-12-01,,,,
3322,1840,Mastercard,Debit,5359109609282459,05/2023,933,YES,2,21701,06/2006,2007,No,2006-06-01,,,,
4568,1840,Visa,Debit (Prepaid),4733359418335581,09/2021,67,YES,2,4,09/2004,2008,No,2004-09-01,,,,
1,550,Mastercard,Credit,5278231764792292,06/2024,396,YES,1,11600,01/1994,2013,No,1994-01-01,,,,
3478,550,Mastercard,Debit (Prepaid),5463279277464700,01/2021,63,YES,2,99,06/2010,2011,No,2010-06-01,,,,
163,550,Mastercard,Credit,5413639113191403,04/2022,398,YES,2,4200,01/2008,2008,No,2008-01-01,,,,
4857,550,Mastercard,Debit,5157919465684899,02/2017,587,YES,2,21988,09/2013,2013,No,2013-09-01,,,,
5045,977,Amex,Credit,325568769110415,12/2020,220,YES,1,8900,10/2006,2011,No,2006-10-01,,,,
4402,977,Amex,Credit,322453324871897,07/2015,164,YES,2,4000,08/2013,2013,No,2013-08-01,,,,
3026,977,Visa,Credit,4152641013108396,06/2023,561,YES,2,10200,05/2009,2009,No,2009-05-01,,,,
1150,977,Mastercard,Debit,5352993424347809,01/2022,551,YES,2,5649,02/2008,2016,No,2008-02-01,,,,
5101,977,Visa,Debit,4071488613985670,08/2020,661,YES,1,18934,10/2007,2013,No,2007-10-01,,,,
2523,933,Amex,Credit,394004838665108,01/2024,400,YES,1,11500,04/2007,2010,No,2007-04-01,,,,
1426,933,Amex,Credit,312591080633831,04/2022,910,YES,1,5100,02/2020,2020,No,2020-02-01,s_001090,2020-02-05 14:52:00,podcast_or_youtube,/cards
4997,933,Visa,Debit (Prepaid),4708598144257742,02/2021,977,YES,1,57,10/2003,2009,No,2003-10-01,,,,
2254,933,Mastercard,Credit,5583371284231665,12/2016,536,YES,1,11800,03/2010,2010,No,2010-03-01,,,,
231,938,Mastercard,Credit,5664342346978782,09/2023,123,YES,1,12500,01/2010,2012,No,2010-01-01,,,,
882,938,Visa,Debit (Prepaid),4454985129050191,06/2023,993,YES,2,116,01/2020,2020,No,2020-01-01,s_001091,2020-01-02 16:37:00,social_media,/apply
1682,938,Mastercard,Debit,5248799897622190,02/2020,836,YES,2,17447,02/2020,2020,No,2020-02-01,s_001092,2020-02-06 17:46:00,search,/cards
1935,622,Visa,Debit (Prepaid),4786118873835539,02/2020,119,YES,1,126,02/2020,2020,No,2020-02-01,s_001093,2020-02-21 14:12:00,blog_or_review_site,/cards
4884,622,Mastercard,Debit (Prepaid),5520515906391659,10/2015,769,YES,2,86,09/2015,2015,No,2015-09-01,,,,
637,796,Mastercard,Debit,5680156886098555,02/2020,437,YES,2,12695,01/2020,2020,No,2020-01-01,s_001094,2020-01-01 19:51:00,search,/blog/credit-basics
2314,796,Mastercard,Credit,5819556137893463,06/2019,933,YES,2,11800,03/2013,2013,No,2013-03-01,,,,
638,796,Mastercard,Debit,5423464464264600,11/2022,264,NO,1,18800,01/2020,2020,No,2020-01-01,s_001095,2020-01-09 22:56:00,other,/apply
4944,621,Mastercard,Debit,5103132578062947,11/2021,309,YES,1,1368,10/2000,2004,No,2000-10-01,,,,
2509,1687,Mastercard,Debit,5818461677005751,09/2022,826,YES,2,2450,04/2006,2014,No,2006-04-01,,,,
3193,1890,Mastercard,Debit,5696067026976484,03/2024,895,YES,2,10582,05/2017,2017,No,2017-05-01,s_001098,2017-05-25 09:26:00,blog_or_review_site,/blog/credit-basics
4308,544,Visa,Debit (Prepaid),4675676595760283,01/2023,456,YES,1,22,08/2009,2019,No,2009-08-01,,,,
4309,810,Visa,Credit,4906111160520305,08/2022,595,YES,1,6900,08/2009,2010,No,2009-08-01,,,,
4262,810,Mastercard,Debit,5250368406087297,06/2022,688,YES,2,12664,08/2008,2011,No,2008-08-01,,,,
5517,810,Discover,Credit,6324447565023510,12/2008,928,YES,2,3700,11/2008,2011,No,2008-11-01,,,,
2149,810,Mastercard,Debit,5991613423087630,02/2020,498,YES,1,15620,03/2007,2010,No,2007-03-01,,,,
2414,810,Amex,Credit,310875942602694,09/2009,236,YES,2,10800,04/2001,2011,No,2001-04-01,,,,
5254,810,Visa,Debit,4058117674791885,10/2021,881,YES,2,7014,10/2011,2011,No,2011-10-01,,,,
1324,58,Mastercard,Debit,5850540702416613,05/2022,840,YES,2,23838,02/2013,2013,No,2013-02-01,,,,
883,58,Visa,Debit,4744550421746165,12/2024,524,YES,1,17355,01/2020,2020,No,2020-01-01,s_001099,2020-01-17 21:02:00,search,/compare
5496,1986,Mastercard,Debit,5235412796411233,02/2020,789,YES,1,16249,11/2007,2010,No,2007-11-01,,,,
5443,1986,Visa,Debit,4696464603505748,11/2021,762,YES,2,14036,11/2005,2010,No,2005-11-01,,,,
3064,1084,Mastercard,Debit,5424410190052621,04/2021,437,YES,1,19807,05/2010,2010,No,2010-05-01,,,,
3232,1084,Amex,Credit,338539852038786,05/2017,921,YES,1,20900,06/2002,2011,No,2002-06-01,,,,
5987,1084,Visa,Credit,4230182755483449,05/2020,741,YES,1,7400,12/2009,2009,No,2009-12-01,,,,
3454,1084,Visa,Debit,4105025447291578,07/2023,810,YES,1,35268,06/2009,2009,No,2009-06-01,,,,
3260,1349,Visa,Credit,4983219034734706,10/2021,787,YES,2,4600,06/2003,2003,No,2003-06-01,,,,
5920,1349,Amex,Credit,387033663036057,01/2022,146,YES,1,6200,12/2008,2014,No,2008-12-01,,,,
2089,1349,Mastercard,Debit,5370680073384833,07/2019,639,NO,2,4139,03/2005,2008,No,2005-03-01,,,,
4310,1825,Visa,Debit,4588131276802665,10/2020,194,YES,1,23878,08/2009,2011,No,2009-08-01,,,,
4182,1825,Mastercard,Credit,5003014471739100,04/2022,159,YES,2,10200,08/2006,2013,No,2006-08-01,,,,
5636,1825,Visa,Debit (Prepaid),4946017526806506,04/2021,331,YES,2,48,11/2010,2014,No,2010-11-01,,,,
5713,1825,Visa,Credit,4774719998524076,09/2021,912,YES,1,11300,11/2015,2015,No,2015-11-01,,,,
4237,98,Amex,Credit,364639871761447,11/2024,54,YES,2,7700,08/2008,2010,No,2008-08-01,,,,
4143,98,Visa,Credit,4502471811797983,04/2020,477,YES,1,8700,08/2004,2006,No,2004-08-01,,,,
1128,615,Visa,Debit,4609580292509611,08/2021,303,YES,1,15338,02/2007,2011,No,2007-02-01,,,,
5479,615,Amex,Credit,391140616580579,04/2021,207,YES,1,19900,11/2007,2011,No,2007-11-01,,,,
4901,1488,Visa,Debit,4450244246196939,05/2023,339,YES,1,14249,09/2016,2016,No,2016-09-01,s_001100,2016-09-10 09:49:00,blog_or_review_site,/cards
1098,1488,Visa,Debit,4799094840755472,03/2011,152,YES,1,22124,02/2006,2010,No,2006-02-01,,,,
5685,1488,Mastercard,Debit,5504145195168153,04/2022,611,YES,1,28580,11/2013,2013,No,2013-11-01,,,,
2995,1488,Discover,Credit,6362095888524274,02/2020,180,YES,1,11900,05/2009,2011,No,2009-05-01,,,,
1684,1488,Mastercard,Debit,5999258860780535,06/2024,737,YES,2,16731,02/2020,2020,No,2020-02-01,s_001101,2020-02-19 14:11:00,social_media,/cards
4874,1488,Mastercard,Credit,5409789881160707,04/2021,252,NO,1,8500,09/2014,2014,No,2014-09-01,,,,
3739,211,Mastercard,Debit,5751390473198116,12/2020,287,YES,2,12757,07/2005,2009,No,2005-07-01,,,,
4746,211,Visa,Debit,4134647729232459,08/2020,517,YES,2,17013,09/2009,2009,No,2009-09-01,,,,
1035,211,Mastercard,Debit,5266252138581561,04/2004,911,YES,2,11757,02/2004,2011,No,2004-02-01,,,,
4730,1443,Mastercard,Debit,5449645261322618,03/2022,354,YES,2,16392,09/2009,2011,No,2009-09-01,,,,
3749,1443,Visa,Credit,4982238579349184,06/2021,718,YES,1,8500,07/2005,2009,No,2005-07-01,,,,
254,1443,Visa,Debit,4384381555415272,06/2018,608,YES,2,3973,01/2010,2016,No,2010-01-01,,,,
3194,801,Mastercard,Debit,5933370673358517,03/2020,729,YES,2,15042,05/2017,2017,No,2017-05-01,s_001102,2017-05-15 11:13:00,other,/cards/rewards
215,801,Visa,Credit,4237390837653269,09/2024,620,YES,1,8600,01/2009,2010,No,2009-01-01,,,,
3366,801,Visa,Credit,4093859688530598,07/2022,643,YES,2,7100,06/2007,2007,No,2007-06-01,,,,
3261,801,Visa,Debit,4116069421023162,10/2024,820,YES,2,9551,06/2003,2009,No,2003-06-01,,,,
5772,801,Mastercard,Debit,5384803944238566,08/2020,811,YES,1,10311,12/2001,2006,No,2001-12-01,,,,
4005,655,Amex,Credit,329049697835823,01/2017,852,YES,1,7700,07/2013,2013,No,2013-07-01,,,,
4134,655,Mastercard,Debit,5775179305795307,12/2022,857,YES,2,11638,08/2004,2011,No,2004-08-01,,,,
2133,655,Visa,Debit,4304623994462596,09/2023,750,YES,2,9285,03/2006,2011,No,2006-03-01,,,,
1151,669,Mastercard,Debit,5816338605169387,06/2020,932,YES,1,11164,02/2008,2009,No,2008-02-01,,,,
3793,669,Visa,Credit,4993477414094953,10/2024,698,YES,1,9900,07/2006,2011,No,2006-07-01,,,,
4630,1726,Visa,Debit,4801854572462060,09/2011,591,YES,1,16750,09/2006,2012,No,2006-09-01,,,,
2236,418,Visa,Debit,4892957791439455,10/2009,711,YES,2,5216,03/2009,2009,No,2009-03-01,,,,
639,418,Mastercard,Debit,5424759091285905,09/2024,971,YES,2,9082,01/2020,2020,No,2020-01-01,s_001105,2020-01-25 14:24:00,friend_or_family,/
434,418,Discover,Credit,6037017552543620,03/2024,945,YES,2,18100,01/2020,2020,No,2020-01-01,s_001106,2020-01-13 21:15:00,search,/
1937,418,Visa,Credit,4474089244704703,02/2020,228,YES,1,11100,02/2020,2020,No,2020-02-01,s_001107,2020-02-10 16:10:00,search,/compare
5591,242,Visa,Debit,4635113983149325,09/2024,511,YES,1,19158,11/2009,2010,No,2009-11-01,,,,
5737,242,Mastercard,Debit,5431693041561231,06/2020,10,YES,1,19788,11/2018,2018,No,2018-11-01,s_001108,2018-11-25 17:58:00,search,/cards/rewards
1229,242,Mastercard,Debit,5000761209331079,02/2021,797,YES,1,15259,02/2010,2010,No,2010-02-01,,,,
2315,242,Mastercard,Debit,5250424530939349,09/2020,354,YES,2,19728,03/2013,2013,No,2013-03-01,,,,
4144,242,Visa,Debit,4060108859418722,08/2009,710,YES,1,13530,08/2004,2011,No,2004-08-01,,,,
2971,168,Mastercard,Debit,5417072753532786,08/2019,346,YES,1,142,05/2008,2012,No,2008-05-01,,,,
1377,960,Visa,Debit,4008395642072931,09/2021,740,YES,1,16210,02/2017,2017,No,2017-02-01,s_001109,2017-02-13 19:24:00,search,/cards
884,960,Visa,Credit,4641536059627815,02/2020,760,YES,1,15200,01/2020,2020,No,2020-01-01,s_001110,2020-01-11 09:10:00,search,/apply
640,960,Mastercard,Debit,5863465955533497,10/2023,577,YES,2,24200,01/2020,2020,No,2020-01-01,s_001111,2020-01-07 18:15:00,blog_or_review_site,/
3351,1911,Mastercard,Debit (Prepaid),5958774087904387,03/2008,758,YES,1,82,06/2007,2009,No,2007-06-01,,,,
4801,1911,Visa,Debit,4756126690850860,06/2020,872,YES,1,21057,09/2010,2010,No,2010-09-01,,,,
4961,1911,Amex,Credit,360634127644380,04/2021,94,YES,1,8900,10/2002,2012,No,2002-10-01,,,,
964,1911,Visa,Debit,4146154993993961,09/2022,26,NO,2,17789,02/1998,2019,No,1998-02-01,,,,
3352,259,Mastercard,Debit,5738274444891252,04/2023,253,YES,2,14388,06/2007,2007,No,2007-06-01,,,,
4569,259,Visa,Debit,4992225653748607,08/2024,385,YES,1,26582,09/2004,2005,No,2004-09-01,,,,
358,259,Visa,Debit,4820068957704858,05/2023,694,YES,1,21619,01/2016,2016,No,2016-01-01,s_001112,2016-01-08 08:50:00,friend_or_family,/
3814,300,Mastercard,Debit,5809580055839541,12/2020,908,YES,1,32704,07/2007,2008,No,2007-07-01,,,,
4494,1967,Mastercard,Debit (Prepaid),5369067205369598,01/2014,902,YES,1,70,09/1998,2006,No,1998-09-01,,,,
2243,1967,Amex,Credit,315253583009303,04/2012,103,NO,1,23900,03/2010,2017,No,2010-03-01,,,,
3367,1967,Visa,Debit,4738213924782743,09/2020,383,YES,2,38120,06/2007,2011,No,2007-06-01,,,,
5088,1967,Mastercard,Debit,5718325041563276,03/2019,487,YES,1,5753,10/2007,2009,No,2007-10-01,,,,
3463,434,Amex,Credit,386984033021293,01/2021,449,YES,2,15500,06/2010,2012,No,2010-06-01,,,,
885,434,Visa,Debit,4006144248025423,04/2022,423,YES,2,21916,01/2020,2020,No,2020-01-01,s_001113,2020-01-05 22:03:00,friend_or_family,/
886,434,Visa,Debit,4400720809625437,02/2020,142,YES,1,25579,01/2020,2020,No,2020-01-01,s_001114,2020-01-24 18:01:00,friend_or_family,/apply
1021,1076,Mastercard,Debit,5612519597863979,07/2023,575,YES,1,16144,02/2003,2011,No,2003-02-01,,,,
5742,1076,Mastercard,Debit,5085325105432052,05/2024,720,NO,1,12535,11/2019,2019,No,2019-11-01,s_001115,2019-11-11 22:36:00,social_media,/cards/rewards
3027,1076,Visa,Credit,4579975371658952,06/2020,13,YES,2,7600,05/2009,2013,No,2009-05-01,,,,
3858,1076,Mastercard,Debit,5288183247403846,12/2017,391,YES,1,14514,07/2008,2008,No,2008-07-01,,,,
2358,1076,Mastercard,Credit,5410016015074479,01/2020,674,YES,2,7500,03/2016,2016,No,2016-03-01,s_001116,2016-03-13 09:15:00,friend_or_family,/cards/rewards
6033,723,Visa,Credit,4783560032101206,12/2022,606,YES,2,9700,12/2010,2011,No,2010-12-01,,,,
6071,723,Mastercard,Debit,5984424268414258,02/2021,794,NO,1,18450,12/2012,2012,No,2012-12-01,,,,
3368,723,Visa,Debit (Prepaid),4455523301338734,05/2021,617,YES,1,65,06/2007,2008,No,2007-06-01,,,,
232,723,Mastercard,Debit,5737194797232030,02/2023,310,YES,2,13529,01/2010,2010,No,2010-01-01,,,,
1206,723,Discover,Credit,6155749284043206,12/2023,616,YES,1,10300,02/2010,2013,No,2010-02-01,,,,
3524,1398,Mastercard,Credit,5061425671526062,09/2022,21,NO,1,20100,06/2011,2012,No,2011-06-01,,,,
200,1398,Mastercard,Debit (Prepaid),5446786190259541,10/2024,287,NO,2,61,01/2009,2016,No,2009-01-01,,,,
5222,1398,Visa,Credit,4784578119131333,09/2018,526,YES,2,18100,10/2010,2010,No,2010-10-01,,,,
4930,1398,Mastercard,Debit,5225250785593496,12/2024,71,YES,2,34731,10/1997,2011,No,1997-10-01,,,,
216,1398,Visa,Debit,4290693805811514,09/2016,32,YES,1,23392,01/2009,2011,No,2009-01-01,,,,
3008,1464,Mastercard,Debit (Prepaid),5930584948662061,03/2020,601,YES,2,52,05/2009,2012,No,2009-05-01,,,,
3677,1464,Mastercard,Debit,5357083238089201,06/2020,131,YES,2,24129,07/2002,2018,No,2002-07-01,,,,
3432,1505,Mastercard,Debit,5060989844010070,02/2021,181,NO,1,27847,06/2009,2011,No,2009-06-01,,,,
1686,1505,Mastercard,Credit,5197842817300174,12/2022,763,YES,1,12100,02/2020,2020,No,2020-02-01,s_001117,2020-02-01 17:40:00,friend_or_family,/apply
2446,1130,Mastercard,Debit,5813380740656058,02/2021,778,YES,1,15847,04/2003,2010,No,2003-04-01,,,,
92,1130,Amex,Credit,366703189364969,01/2024,3,YES,1,13500,01/2006,2010,No,2006-01-01,,,,
4004,1130,Visa,Credit,4831171485300764,07/2022,704,YES,2,11400,07/2012,2012,No,2012-07-01,,,,
2667,62,Visa,Debit,4511173067957927,08/2022,468,YES,2,5520,04/2010,2010,No,2010-04-01,,,,
3369,62,Visa,Debit,4228336071745123,06/2023,445,NO,1,1559,06/2007,2010,No,2007-06-01,,,,
3262,62,Visa,Debit,4129299581714216,06/2022,296,YES,2,11836,06/2003,2015,No,2003-06-01,,,,
55,62,Mastercard,Debit,5966550024798424,09/2024,577,YES,1,19211,01/2004,2015,No,2004-01-01,,,,
5138,62,Visa,Debit,4984630717840065,08/2019,910,YES,2,5909,10/2008,2012,No,2008-10-01,,,,
2425,62,Visa,Debit,4888494328219559,04/2018,40,YES,2,16410,04/2001,2011,No,2001-04-01,,,,
5142,1623,Amex,Credit,336043262314937,04/2020,467,YES,1,13300,10/2009,2009,No,2009-10-01,,,,
4417,1623,Visa,Credit,4874803935373541,11/2015,840,YES,2,9300,08/2013,2013,No,2013-08-01,,,,
1687,1623,Mastercard,Credit,5430424247547757,02/2020,262,YES,2,7200,02/2020,2020,No,2020-02-01,s_001118,2020-02-18 13:01:00,other,/blog/credit-basics
6061,1416,Visa,Credit,4317393372526102,07/2022,837,YES,1,11900,12/2011,2011,No,2011-12-01,,,,
4891,1416,Visa,Credit,4959412347021856,04/2023,714,YES,2,10500,09/2015,2015,No,2015-09-01,,,,
2363,1416,Mastercard,Debit,5254338671695551,08/2018,492,YES,1,14865,03/2017,2017,No,2017-03-01,s_001119,2017-03-22 20:18:00,search,/compare
3779,1416,Mastercard,Debit,5694994900500570,06/2020,517,YES,2,15298,07/2006,2009,No,2006-07-01,,,,
3204,1416,Mastercard,Debit,5804559102457694,06/2020,32,YES,1,23481,06/1996,2012,No,1996-06-01,,,,
2951,1416,Visa,Credit,4093144761309722,01/2022,231,YES,1,14700,05/2007,2014,No,2007-05-01,,,,
3254,1416,Mastercard,Debit (Prepaid),5765279389616526,07/2024,43,YES,2,47,06/2003,2013,No,2003-06-01,,,,
4644,1416,Mastercard,Debit,5804202825966463,08/2023,21,YES,1,22625,09/2007,2008,No,2007-09-01,,,,
2160,1998,Visa,Debit (Prepaid),4969817527377037,11/2022,756,YES,1,110,03/2007,2007,No,2007-03-01,,,,
4892,1998,Visa,Debit,4138210173016904,06/2021,76,YES,1,328,09/2015,2015,No,2015-09-01,,,,
1258,1998,Visa,Credit,4573665962578726,11/2020,452,YES,2,100,02/2010,2011,No,2010-02-01,,,,
3263,1299,Visa,Credit,4515199158031467,10/2021,329,YES,2,8800,06/2003,2016,No,2003-06-01,,,,
3913,1299,Visa,Debit,4372530411325673,11/2020,694,YES,1,3942,07/2009,2016,No,2009-07-01,,,,
6010,303,Mastercard,Debit,5505845036892827,10/2021,658,YES,1,32488,12/2010,2010,No,2010-12-01,,,,
4194,303,Amex,Credit,387958574593201,08/2021,842,YES,1,20000,08/2007,2020,No,2007-08-01,,,,
149,303,Amex,Credit,336029900720764,10/2020,696,NO,1,14500,01/2008,2011,No,2008-01-01,,,,
4783,303,Mastercard,Debit,5064319723077999,01/2023,109,YES,1,25900,09/2010,2010,No,2010-09-01,,,,
984,303,Visa,Credit,4077302487318693,01/2022,537,YES,1,14800,02/2000,2012,No,2000-02-01,,,,
4824,303,Visa,Credit,4554398515333303,02/2023,112,YES,2,15600,09/2011,2011,No,2011-09-01,,,,
2122,1138,Mastercard,Debit (Prepaid),5579265768450761,02/2020,223,YES,2,51,03/2006,2011,No,2006-03-01,,,,
3139,1138,Visa,Credit,4103345732677836,08/2022,996,YES,2,5600,05/2013,2013,No,2013-05-01,,,,
5292,1138,Mastercard,Debit,5788572539288230,01/2021,352,YES,2,13235,10/2014,2014,No,2014-10-01,,,,
5801,1750,Visa,Debit (Prepaid),4999469198380755,02/2022,551,YES,2,33,12/2003,2010,No,2003-12-01,,,,
3714,1750,Mastercard,Debit,5117465520730134,04/2020,950,YES,2,34675,07/2004,2018,No,2004-07-01,,,,
4476,1117,Visa,Debit,4416198606646677,12/2020,143,YES,1,19824,08/2018,2018,No,2018-08-01,s_001120,2018-08-01 17:08:00,social_media,/blog/credit-basics
1162,1117,Visa,Debit,4101718321165426,02/2020,388,YES,1,9827,02/2008,2009,No,2008-02-01,,,,
3827,1322,Visa,Credit,4303989107608841,07/2024,515,YES,2,9700,07/2007,2009,No,2007-07-01,,,,
366,878,Amex,Credit,314664594016772,05/2023,957,YES,2,5400,01/2018,2018,No,2018-01-01,s_001121,2018-01-05 09:34:00,friend_or_family,/cards/rewards
2770,878,Mastercard,Debit,5016370406985584,03/2018,313,YES,1,12079,04/2017,2017,No,2017-04-01,s_001122,2017-04-07 11:48:00,search,/
2290,609,Visa,Debit,4162004533229299,07/2020,851,YES,2,19436,03/2011,2011,No,2011-03-01,,,,
2892,609,Visa,Credit,4979556172920761,08/2024,507,YES,2,10600,05/2005,2005,No,2005-05-01,,,,
4215,609,Mastercard,Credit,5396816689935407,03/2023,414,YES,1,9600,08/2007,2011,No,2007-08-01,,,,
4183,1313,Mastercard,Debit (Prepaid),5983193668955521,05/2021,265,YES,2,87,08/2006,2016,No,2006-08-01,,,,
4135,1313,Mastercard,Credit,5533719099929402,09/2007,945,YES,2,6000,08/2004,2010,No,2004-08-01,,,,
3750,1558,Visa,Debit,4836616684752344,07/2021,399,YES,2,10182,07/2005,2011,No,2005-07-01,,,,
4747,1558,Visa,Debit,4114768485287188,03/2023,234,YES,1,2566,09/2009,2012,No,2009-09-01,,,,
642,399,Mastercard,Debit,5104427511153647,09/2021,720,YES,1,25693,01/2020,2020,No,2020-01-01,s_001127,2020-01-07 18:06:00,social_media,/blog/credit-basics
4970,399,Mastercard,Debit,5034696278823231,11/2020,154,YES,1,43122,10/2002,2011,No,2002-10-01,,,,
3696,325,Mastercard,Debit,5416630687506723,03/2023,240,YES,2,5793,07/2003,2013,No,2003-07-01,,,,
5035,325,Visa,Debit,4355016101875996,07/2023,864,YES,1,2950,10/2005,2014,No,2005-10-01,,,,
4019,325,Discover,Credit,6635329128734622,03/2015,405,YES,1,6600,07/2014,2014,No,2014-07-01,,,,
2344,325,Mastercard,Debit,5157654602857024,01/2021,61,YES,1,21378,03/2015,2015,No,2015-03-01,,,,
2843,689,Mastercard,Debit,5132514461067101,12/2007,356,YES,1,29283,05/2003,2012,No,2003-05-01,,,,
4486,1763,Visa,Debit,4680710047774163,05/2020,450,YES,1,12220,09/1993,2011,No,1993-09-01,,,,
4297,1763,Mastercard,Debit,5300904662487175,03/2021,946,NO,1,30096,08/2009,2009,No,2009-08-01,,,,
643,1763,Mastercard,Debit,5773517601936211,02/2020,656,YES,2,12068,01/2020,2020,No,2020-01-01,s_001128,2020-01-16 22:36:00,blog_or_review_site,/cards
145,884,Visa,Debit,4603341026600188,05/2012,611,YES,2,1112,01/2007,2013,No,2007-01-01,,,,
2237,884,Visa,Debit,4219385006716246,07/2023,676,YES,2,8643,03/2009,2015,No,2009-03-01,,,,
4748,884,Visa,Credit,4376956078073122,11/2020,45,YES,1,8800,09/2009,2012,No,2009-09-01,,,,
1373,884,Mastercard,Debit (Prepaid),5457193458056810,08/2024,138,YES,2,68,02/2017,2017,No,2017-02-01,s_001134,2017-02-16 22:31:00,search,/cards/rewards
1022,1701,Mastercard,Debit,5659646110824731,07/2016,243,YES,1,6949,02/2003,2008,No,2003-02-01,,,,
5900,1701,Mastercard,Debit,5046483953202631,11/2021,440,YES,2,8169,12/2007,2007,No,2007-12-01,,,,
3009,1701,Mastercard,Credit,5172226378448321,12/2022,648,YES,1,6400,05/2009,2010,No,2009-05-01,,,,
5466,126,Mastercard,Debit,5877150082253441,12/2023,299,NO,1,12059,11/2006,2008,No,2006-11-01,,,,
2191,126,Mastercard,Debit,5486956731385318,11/2013,963,YES,1,13823,03/2008,2011,No,2008-03-01,,,,
5497,126,Mastercard,Debit,5110177937842500,04/2023,932,YES,1,13555,11/2007,2011,No,2007-11-01,,,,
5872,126,Visa,Debit,4662466858823442,05/2024,280,YES,2,7991,12/2006,2009,No,2006-12-01,,,,
2935,1051,Mastercard,Debit,5601903712765469,02/2020,584,YES,1,25935,05/2007,2012,No,2007-05-01,,,,
1692,1051,Mastercard,Credit,5158541599253887,10/2021,471,YES,2,14100,02/2020,2020,No,2020-02-01,s_001138,2020-02-10 13:47:00,blog_or_review_site,/compare
5988,462,Visa,Debit,4340145979701817,09/2024,242,YES,1,18290,12/2009,2015,No,2009-12-01,,,,
2397,462,Visa,Debit,4428689481735989,03/2022,698,YES,2,15322,04/1994,2009,No,1994-04-01,,,,
1259,462,Visa,Debit (Prepaid),4262959598704280,01/2016,710,YES,1,22,02/2010,2013,No,2010-02-01,,,,
3957,462,Visa,Credit,4955210270382749,11/2024,551,YES,2,5700,07/2010,2010,No,2010-07-01,,,,
76,462,Mastercard,Debit,5131584971414266,04/2010,655,YES,2,26303,01/2005,2008,No,2005-01-01,,,,
1938,1454,Visa,Credit,4268635785571601,01/2021,36,YES,2,12400,02/2020,2020,No,2020-02-01,s_001139,2020-02-17 20:52:00,search,/
1164,1454,Amex,Credit,379047099954355,11/2023,178,YES,1,8200,02/2009,2009,No,2009-02-01,,,,
4481,467,Mastercard,Debit,5318644266130472,01/2021,925,YES,2,31741,08/2019,2019,No,2019-08-01,s_001140,2019-08-25 15:47:00,search,/cards/rewards
4278,467,Visa,Credit,4112282514083000,07/2021,619,YES,2,14500,08/2008,2010,No,2008-08-01,,,,
3914,467,Visa,Credit,4622003534052016,03/2024,207,YES,2,11200,07/2009,2011,No,2009-07-01,,,,
2324,1802,Visa,Credit,4642554061349246,02/2020,763,YES,2,8400,03/2013,2013,No,2013-03-01,,,,
5836,1802,Mastercard,Debit,5189892950843584,10/2017,495,YES,2,36920,12/2005,2011,No,2005-12-01,,,,
5125,1563,Mastercard,Debit,5018455451330735,11/2024,904,YES,3,1129,10/2008,2012,No,2008-10-01,,,,
3479,1563,Mastercard,Credit,5377821284992062,11/2022,138,YES,1,2900,06/2010,2010,No,2010-06-01,,,,
4030,1563,Visa,Debit,4720829352602343,04/2017,702,YES,2,11902,07/2014,2014,No,2014-07-01,,,,
2054,1563,Visa,Debit,4793063304202945,10/2023,29,YES,1,9290,03/2003,2009,No,2003-03-01,,,,
5259,709,Mastercard,Debit,5953738621410056,12/2022,144,YES,1,27123,10/2012,2012,No,2012-10-01,,,,
6121,709,Mastercard,Debit,5585130631780942,07/2021,782,YES,2,26564,12/2016,2016,No,2016-12-01,s_001144,2016-12-10 10:49:00,friend_or_family,/compare
2747,709,Mastercard,Debit,5810782752163021,10/2021,359,YES,2,19915,04/2015,2015,No,2015-04-01,,,,
1292,372,Visa,Debit,4391595396891553,07/2020,346,YES,2,10876,02/2011,2011,No,2011-02-01,,,,
64,929,Amex,Credit,375292277672255,03/2021,667,YES,2,36200,01/2005,2007,No,2005-01-01,,,,
2821,253,Visa,Credit,4198207686929974,03/2021,480,YES,1,800,05/2001,2008,No,2001-05-01,,,,
6143,253,Mastercard,Debit,5482273460029161,07/2024,79,NO,1,24690,12/2019,2019,No,2019-12-01,s_001147,2019-12-23 16:36:00,social_media,/blog/credit-basics
146,1549,Visa,Debit (Prepaid),4402937579552709,11/2019,585,NO,2,85,01/2007,2018,No,2007-01-01,,,,
4825,1549,Visa,Credit,4003846186083987,08/2024,474,YES,2,8800,09/2011,2011,No,2011-09-01,,,,
3780,1549,Mastercard,Credit,5682264285595888,04/2020,798,YES,1,14200,07/2006,2009,No,2006-07-01,,,,
3264,1549,Visa,Debit,4443781290442851,06/2020,841,NO,2,40920,06/2003,2015,No,2003-06-01,,,,
4784,1549,Mastercard,Debit,5831664882961727,09/2023,915,YES,1,29936,09/2010,2011,No,2010-09-01,,,,
5054,529,Mastercard,Debit (Prepaid),5951526923211192,04/2021,427,YES,1,73,10/2006,2009,No,2006-10-01,,,,
5734,529,Visa,Debit,4915211682981554,10/2022,886,YES,1,18558,11/2017,2017,No,2017-11-01,s_001148,2017-11-08 18:29:00,social_media,/
2621,529,Visa,Credit,4065997009484970,01/2024,446,YES,1,9300,04/2009,2013,No,2009-04-01,,,,
3114,529,Amex,Credit,348640265728493,06/2024,591,YES,1,4500,05/2012,2012,No,2012-05-01,,,,
183,1306,Visa,Debit,4840631262367435,09/2023,686,YES,2,17120,01/2008,2017,No,2008-01-01,,,,
4610,1306,Mastercard,Credit,5600916670945192,03/2024,252,YES,1,0,09/2006,2010,No,2006-09-01,,,,
5901,1798,Mastercard,Debit,5255777164020505,04/2022,678,YES,1,14162,12/2007,2015,No,2007-12-01,,,,
4656,1798,Amex,Credit,356971060636319,08/2023,531,YES,1,9000,09/2008,2008,No,2008-09-01,,,,
356,1829,Mastercard,Debit,5993983094110299,01/2021,784,NO,1,19884,01/2016,2016,No,2016-01-01,s_001152,2016-01-24 12:44:00,friend_or_family,/apply
649,1829,Mastercard,Credit,5693261287915412,02/2020,823,YES,1,10700,01/2020,2020,No,2020-01-01,s_001153,2020-01-13 13:23:00,search,/cards
1696,1829,Mastercard,Credit,5344350231485244,07/2024,361,YES,1,6600,02/2020,2020,No,2020-02-01,s_001154,2020-02-06 15:14:00,search,/cards
359,1881,Visa,Debit,4584347378978298,03/2021,249,YES,2,18548,01/2016,2016,No,2016-01-01,s_001159,2016-01-22 08:57:00,search,/
1036,1881,Mastercard,Debit,5301585827591730,03/2004,529,YES,1,19030,02/2004,2007,No,2004-02-01,,,,
2540,1881,Mastercard,Debit (Prepaid),5449948874033393,10/2009,208,YES,1,94,04/2007,2009,No,2007-04-01,,,,
5318,1881,Visa,Debit,4524007081801504,12/2023,4,YES,1,17583,10/2016,2016,No,2016-10-01,s_001160,2016-10-10 18:53:00,search,/cards/rewards
2554,1881,Visa,Debit,4592017788097897,09/2021,501,YES,1,20943,04/2007,2008,No,2007-04-01,,,,
4653,1881,Visa,Credit,4908654507582365,04/2020,24,YES,2,15800,09/2007,2013,No,2007-09-01,,,,
410,1706,Amex,Credit,348111868266561,09/2021,246,YES,1,7300,01/2020,2020,No,2020-01-01,s_001161,2020-01-08 15:52:00,search,/compare
4420,1706,Amex,Credit,375447713582380,01/2016,91,YES,1,10600,08/2014,2014,No,2014-08-01,,,,
3915,848,Visa,Debit,4354185735186651,01/2020,120,YES,1,19113,07/2009,2014,No,2009-07-01,,,,
5423,848,Amex,Credit,349882494435592,01/2023,647,YES,1,13700,11/2005,2008,No,2005-11-01,,,,
3938,1044,Mastercard,Debit,5934234383814305,05/2020,173,YES,2,16317,07/2010,2011,No,2010-07-01,,,,
3065,1112,Mastercard,Credit,5783231256300889,02/2015,872,YES,1,6000,05/2010,2016,No,2010-05-01,,,,
5848,1112,Visa,Debit,4087524697172925,05/2020,91,YES,2,4909,12/2005,2007,No,2005-12-01,,,,
4330,1112,Mastercard,Debit,5622555186345236,08/2013,409,YES,2,14702,08/2010,2010,No,2010-08-01,,,,
652,1112,Mastercard,Debit,5912994287217501,06/2020,291,YES,1,10896,01/2020,2020,No,2020-01-01,s_001162,2020-01-18 12:44:00,search,/blog/credit-basics
653,1112,Mastercard,Debit,5626395550412597,04/2023,678,YES,1,3526,01/2020,2020,No,2020-01-01,s_001163,2020-01-04 15:48:00,blog_or_review_site,/compare
5202,1112,Mastercard,Debit,5329917409393426,03/2024,300,YES,2,10083,10/2010,2010,No,2010-10-01,,,,
5432,802,Mastercard,Credit,5444299345162204,02/2024,480,YES,2,18300,11/2005,2014,No,2005-11-01,,,,
2291,802,Visa,Credit,4637446539727375,05/2021,107,YES,2,21400,03/2011,2011,No,2011-03-01,,,,
5293,802,Mastercard,Debit,5564701470778719,10/2024,739,YES,1,20886,10/2014,2014,No,2014-10-01,,,,
5676,802,Mastercard,Debit,5907261370634843,07/2024,645,YES,1,27701,11/2012,2012,No,2012-11-01,,,,
233,859,Mastercard,Credit,5753025722639048,09/2023,224,YES,2,8800,01/2010,2010,No,2010-01-01,,,,
2304,859,Mastercard,Debit,5224418160535170,07/2021,724,YES,2,20354,03/2012,2012,No,2012-03-01,,,,
4014,859,Visa,Debit,4318671654054716,10/2020,37,YES,2,14695,07/2013,2013,No,2013-07-01,,,,
3480,859,Mastercard,Debit,5947211336145075,03/2024,807,YES,2,16783,06/2010,2011,No,2010-06-01,,,,
5223,441,Visa,Debit,4135867565103066,12/2024,486,YES,1,21087,10/2010,2016,No,2010-10-01,,,,
4433,879,Mastercard,Debit,5798962665831209,09/2024,304,YES,1,10966,08/2014,2014,No,2014-08-01,,,,
4500,879,Visa,Debit,4988862076390748,08/2024,244,YES,2,12184,09/1999,2010,No,1999-09-01,,,,
2192,879,Mastercard,Credit,5674236311971700,03/2024,955,YES,1,5100,03/2008,2015,No,2008-03-01,,,,
1942,1437,Visa,Debit,4854757670875227,02/2020,239,YES,2,30404,02/2020,2020,No,2020-02-01,s_001164,2020-02-14 17:52:00,search,/blog/credit-basics
6062,1437,Visa,Debit,4035380547578392,04/2022,750,YES,2,13193,12/2011,2011,No,2011-12-01,,,,
4385,1437,Visa,Credit,4504840142387818,07/2023,344,YES,1,11400,08/2011,2019,No,2011-08-01,,,,
5818,1437,Mastercard,Debit,5809285273861427,05/2021,79,YES,2,16959,12/2004,2014,No,2004-12-01,,,,
3195,1413,Mastercard,Debit,5135176048333370,09/2024,832,YES,1,14927,05/2017,2017,No,2017-05-01,s_001165,2017-05-22 13:57:00,social_media,/compare
2754,1413,Visa,Debit,4793567137334721,12/2024,45,NO,1,13760,04/2015,2015,No,2015-04-01,,,,
2255,1413,Mastercard,Debit,5875822666213917,04/2021,269,YES,2,17023,03/2010,2011,No,2010-03-01,,,,
1104,1413,Discover,Credit,6945679421971452,10/2020,816,YES,1,6500,02/2007,2014,No,2007-02-01,,,,
4673,1413,Mastercard,Debit,5703901298391167,11/2010,436,YES,2,15562,09/2008,2016,No,2008-09-01,,,,
1182,1710,Mastercard,Debit,5130947171604512,12/2023,342,YES,2,17611,02/2009,2011,No,2009-02-01,,,,
3502,1710,Visa,Credit,4945896135256781,05/2021,82,YES,1,11700,06/2010,2014,No,2010-06-01,,,,
1363,1710,Discover,Credit,6449625285546786,11/2020,985,YES,1,6600,02/2016,2016,No,2016-02-01,s_001166,2016-02-26 10:38:00,social_media,/compare
3353,1037,Mastercard,Debit,5281988379479420,04/2020,313,YES,2,4230,06/2007,2008,No,2007-06-01,,,,
1303,1037,Mastercard,Credit,5669892249102759,06/2013,518,YES,2,7500,02/2012,2012,No,2012-02-01,,,,
655,107,Mastercard,Debit (Prepaid),5738671537483072,09/2021,427,YES,1,98,01/2020,2020,No,2020-01-01,s_001168,2020-01-28 12:54:00,search,/cards
2150,107,Mastercard,Credit,5527178999283012,09/2007,561,YES,1,5500,03/2007,2015,No,2007-03-01,,,,
2708,107,Visa,Credit,4710429105538737,04/2015,958,YES,2,5500,04/2012,2012,No,2012-04-01,,,,
5349,107,Mastercard,Debit,5069297201755228,10/2022,922,NO,2,9898,11/1996,2011,No,1996-11-01,,,,
255,107,Visa,Debit (Prepaid),4664388076567373,03/2022,796,NO,1,66,01/2010,2011,No,2010-01-01,,,,
2065,1247,Mastercard,Debit,5287003468674175,10/2022,799,NO,2,13095,03/2004,2018,No,2004-03-01,,,,
1073,1247,Visa,Debit,4022230098961139,05/2021,90,YES,1,30822,02/2005,2015,No,2005-02-01,,,,
3370,1247,Visa,Debit,4303658032034982,04/2023,673,YES,2,16764,06/2007,2007,No,2007-06-01,,,,
5837,1247,Mastercard,Credit,5064938627957332,05/2022,742,NO,2,5700,12/2005,2010,No,2005-12-01,,,,
5686,1247,Mastercard,Debit,5905151932957268,07/2023,407,YES,1,18482,11/2013,2013,No,2013-11-01,,,,
657,10,Mastercard,Debit,5686764662723286,03/2022,113,YES,1,24602,01/2020,2020,No,2020-01-01,s_001172,2020-01-23 13:09:00,other,/apply
3405,10,Visa,Debit,4236022081985704,10/2016,326,YES,2,44390,06/2008,2009,No,2008-06-01,,,,
3296,1725,Mastercard,Debit,5197218235211418,01/2021,955,YES,2,30950,06/2005,2020,No,2005-06-01,,,,
4998,1725,Visa,Debit,4193057506301353,06/2023,602,YES,1,4723,10/2003,2011,No,2003-10-01,,,,
2238,1725,Visa,Debit,4872357106200453,05/2021,17,YES,1,12325,03/2009,2009,No,2009-03-01,,,,
2814,1725,Mastercard,Debit (Prepaid),5566680974439314,02/2010,454,YES,2,15,05/2001,2009,No,2001-05-01,,,,
4999,1725,Visa,Debit,4119268573253939,09/2022,247,YES,2,28166,10/2003,2015,No,2003-10-01,,,,
3525,1725,Mastercard,Debit,5810332499908324,12/2024,932,YES,1,14056,06/2011,2011,No,2011-06-01,,,,
6011,1145,Mastercard,Debit,5350628456401491,11/2024,382,YES,1,35169,12/2010,2012,No,2010-12-01,,,,
4331,1145,Mastercard,Credit,5309736298494191,03/2022,728,YES,1,17500,08/2010,2011,No,2010-08-01,,,,
5444,1145,Visa,Debit (Prepaid),4443040432064205,03/2012,861,YES,2,33,11/2005,2010,No,2005-11-01,,,,
2844,864,Mastercard,Credit,5404748709503428,10/2021,943,NO,2,18300,05/2003,2008,No,2003-05-01,,,,
3526,864,Mastercard,Credit,5766890677028200,12/2022,9,YES,3,5700,06/2011,2011,No,2011-06-01,,,,
4802,864,Visa,Credit,4544774001344065,09/2024,527,YES,1,19100,09/2010,2015,No,2010-09-01,,,,
3649,1357,Amex,Credit,336494766392092,11/2020,600,YES,2,11100,07/1998,2016,No,1998-07-01,,,,
5615,1357,Mastercard,Debit,5546537643480546,02/2021,748,YES,2,2833,11/2010,2013,No,2010-11-01,,,,
2990,1357,Visa,Debit,4580468046825266,04/2012,101,YES,1,12833,05/2008,2010,No,2008-05-01,,,,
5105,1357,Amex,Credit,305833889455873,07/2024,198,YES,2,7500,10/2008,2008,No,2008-10-01,,,,
65,1357,Amex,Credit,302737588175602,04/2020,900,YES,2,14600,01/2005,2014,No,2005-01-01,,,,
4611,1357,Mastercard,Debit (Prepaid),5042598887023376,08/2017,909,YES,1,100,09/2006,2014,No,2006-09-01,,,,
4488,1357,Amex,Credit,323578133531197,06/2022,404,YES,1,8000,09/1995,2003,No,1995-09-01,,,,
1044,1344,Visa,Credit,4937394377002273,05/2021,20,YES,1,5300,02/2004,2007,No,2004-02-01,,,,
1027,1344,Visa,Debit,4386594468368100,03/2023,765,YES,2,22601,02/2003,2010,No,2003-02-01,,,,
4349,1748,Visa,Debit,4658834560157747,03/2020,222,YES,1,9272,08/2010,2011,No,2010-08-01,,,,
4971,1123,Mastercard,Credit,5936059093647862,07/2020,739,YES,1,9000,10/2002,2010,No,2002-10-01,,,,
3010,1123,Mastercard,Debit (Prepaid),5789926821361976,04/2021,833,YES,2,83,05/2009,2010,No,2009-05-01,,,,
4350,1123,Visa,Debit,4292936340098046,04/2016,106,YES,2,1394,08/2010,2015,No,2010-08-01,,,,
125,546,Amex,Credit,391488790203553,06/2020,195,YES,1,17900,01/2007,2010,No,2007-01-01,,,,
4813,546,Mastercard,Debit,5928320194768562,08/2016,838,YES,2,2559,09/2011,2011,No,2011-09-01,,,,
4495,546,Mastercard,Debit,5632931851516080,10/2023,688,YES,2,9285,09/1998,2013,No,1998-09-01,,,,
3433,430,Mastercard,Debit (Prepaid),5203903413139239,08/2023,495,NO,2,130,06/2009,2009,No,2009-06-01,,,,
4351,430,Visa,Credit,4781372317032583,02/2023,403,YES,1,13400,08/2010,2010,No,2010-08-01,,,,
150,430,Amex,Credit,320312548990885,08/2013,628,YES,1,9200,01/2008,2009,No,2008-01-01,,,,
5768,430,Visa,Credit,4148787669895828,08/2022,50,YES,1,17700,12/2000,2009,No,2000-12-01,,,,
2860,430,Mastercard,Debit,5346827663529174,10/2024,54,NO,2,37634,05/2004,2006,No,2004-05-01,,,,
2265,61,Visa,Credit,4759060378229068,08/2024,148,YES,1,25200,03/2010,2020,No,2010-03-01,,,,
2622,61,Visa,Debit,4251438588647763,03/2021,177,YES,2,27878,04/2009,2011,No,2009-04-01,,,,
3503,61,Visa,Debit,4873170994873047,12/2021,510,YES,2,19264,06/2010,2010,No,2010-06-01,,,,
5036,1621,Visa,Credit,4601495519183808,04/2012,833,YES,1,17000,10/2005,2016,No,2005-10-01,,,,
1053,1621,Mastercard,Debit,5822238075477046,12/2008,299,NO,2,14681,02/2005,2012,No,2005-02-01,,,,
2709,1621,Visa,Credit,4035574637806082,04/2020,28,NO,3,25100,04/2012,2012,No,2012-04-01,,,,
2316,1621,Mastercard,Debit,5252385354093904,02/2023,874,YES,2,54842,03/2013,2013,No,2013-03-01,,,,
1699,269,Mastercard,Debit (Prepaid),5701332239788541,07/2023,299,YES,1,86,02/2020,2020,No,2020-02-01,s_001180,2020-02-21 22:38:00,social_media,/cards/rewards
5332,269,Visa,Debit (Prepaid),4847294655009003,10/2022,440,YES,1,61,10/2018,2018,No,2018-10-01,s_001181,2018-10-01 21:51:00,search,/cards/rewards
1945,269,Visa,Debit (Prepaid),4119373610006563,04/2021,374,YES,1,55,02/2020,2020,No,2020-02-01,s_001182,2020-02-21 19:23:00,blog_or_review_site,/cards/rewards
265,37,Discover,Credit,6845375674595536,02/2024,943,YES,1,0,01/2011,2011,No,2011-01-01,,,,
1230,37,Mastercard,Debit,5417518550067026,12/2022,737,YES,1,10608,02/2010,2010,No,2010-02-01,,,,
1183,37,Mastercard,Debit,5345636299699533,02/2013,788,YES,1,16315,02/2009,2010,No,2009-02-01,,,,
659,37,Mastercard,Debit,5503299875661525,02/2020,924,YES,1,20587,01/2020,2020,No,2020-01-01,s_001183,2020-01-25 10:59:00,search,/cards
4044,1793,Amex,Credit,320032582560720,09/2020,917,YES,2,7300,07/2016,2016,No,2016-07-01,s_001184,2016-07-14 17:35:00,friend_or_family,/compare
290,1793,Visa,Debit (Prepaid),4525019658850214,10/2022,425,YES,2,60,01/2011,2011,No,2011-01-01,,,,
4452,1793,Visa,Debit (Prepaid),4319964166566927,01/2023,205,NO,1,69,08/2015,2015,No,2015-08-01,,,,
1700,1793,Mastercard,Debit (Prepaid),5538874717660586,09/2023,671,YES,1,90,02/2020,2020,No,2020-02-01,s_001185,2020-02-10 16:55:00,social_media,/
5181,1846,Visa,Debit,4700227604701791,10/2012,163,YES,1,11714,10/2009,2014,No,2009-10-01,,,,
1346,1846,Mastercard,Credit,5618611337229363,12/2021,114,NO,2,6400,02/2014,2014,No,2014-02-01,,,,
2373,1846,Mastercard,Debit (Prepaid),5302877087935862,08/2018,213,YES,1,84,03/2018,2018,No,2018-03-01,s_001186,2018-03-11 11:12:00,social_media,/blog/credit-basics
3297,1846,Mastercard,Credit,5762316813851481,10/2022,722,NO,1,6900,06/2005,2012,No,2005-06-01,,,,
4899,116,Mastercard,Debit (Prepaid),5236777406383687,10/2020,234,YES,1,64,09/2016,2016,No,2016-09-01,s_001187,2016-09-18 19:16:00,social_media,/compare
6072,116,Mastercard,Debit,5463788030135116,12/2024,236,YES,2,37377,12/2012,2012,No,2012-12-01,,,,
5989,752,Visa,Debit,4571249574954358,09/2022,588,YES,2,11002,12/2009,2009,No,2009-12-01,,,,
4105,752,Visa,Debit,4048255744655078,07/2020,307,NO,2,19765,08/2001,2009,No,2001-08-01,,,,
2465,752,Mastercard,Credit,5971047131415221,02/2018,191,NO,1,12900,04/2004,2010,No,2004-04-01,,,,
5990,683,Visa,Debit,4998445442709639,03/2021,899,YES,2,28696,12/2009,2009,No,2009-12-01,,,,
4731,683,Mastercard,Credit,5587200077332468,12/2023,661,YES,1,20700,09/2009,2010,No,2009-09-01,,,,
1054,683,Mastercard,Debit,5079107565180218,02/2023,905,YES,1,14868,02/2005,2013,No,2005-02-01,,,,
4279,683,Visa,Debit (Prepaid),4206153698593049,12/2012,9,YES,1,78,08/2008,2008,No,2008-08-01,,,,
6012,683,Mastercard,Debit,5521151206022377,05/2020,641,YES,2,1633,12/2010,2012,No,2010-12-01,,,,
5902,559,Mastercard,Debit,5579186804778775,04/2022,880,YES,1,17130,12/2007,2011,No,2007-12-01,,,,
1093,559,Mastercard,Debit,5017284678566476,05/2022,246,YES,2,9852,02/2006,2012,No,2006-02-01,,,,
2193,1338,Mastercard,Debit,5507680552446400,09/2020,227,YES,1,20479,03/2008,2008,No,2008-03-01,,,,
2194,1338,Mastercard,Debit (Prepaid),5147068410331391,09/2011,725,YES,1,100,03/2008,2011,No,2008-03-01,,,,
3099,75,Mastercard,Credit,5689040853282702,10/2021,551,YES,2,9200,05/2011,2011,No,2011-05-01,,,,
2227,75,Mastercard,Debit,5122476616301895,05/2020,133,YES,1,17314,03/2009,2011,No,2009-03-01,,,,
3781,75,Mastercard,Debit,5304039785163827,09/2023,849,YES,1,20605,07/2006,2011,No,2006-07-01,,,,
4113,75,Discover,Credit,6798120561105479,05/2024,373,NO,2,9500,08/2003,2005,No,2003-08-01,,,,
4078,100,Mastercard,Debit,5561095552395447,12/2023,957,YES,1,34065,07/2019,2019,No,2019-07-01,s_001195,2019-07-02 14:03:00,social_media,/
2571,100,Mastercard,Credit,5051745688370284,03/2016,195,YES,1,16200,04/2008,2013,No,2008-04-01,,,,
2208,100,Visa,Debit (Prepaid),4730478240405316,12/2024,114,YES,2,2,03/2008,2010,No,2008-03-01,,,,
1045,100,Visa,Debit,4084349539485967,04/2022,536,YES,1,26714,02/2004,2010,No,2004-02-01,,,,
5000,100,Visa,Debit,4600429352082372,01/2020,674,YES,2,41084,10/2003,2012,No,2003-10-01,,,,
3782,100,Mastercard,Debit,5706014273634676,05/2008,360,YES,2,11392,07/2006,2015,No,2006-07-01,,,,
5903,100,Mastercard,Debit,5121412939946667,10/2022,799,YES,2,21205,12/2007,2011,No,2007-12-01,,,,
3148,1140,Mastercard,Debit,5554081439634551,07/2022,695,YES,2,22409,05/2014,2014,No,2014-05-01,,,,
660,1140,Mastercard,Debit,5911201546356823,11/2020,172,YES,1,26275,01/2020,2020,No,2020-01-01,s_001196,2020-01-03 14:19:00,search,/cards
3873,1140,Visa,Debit (Prepaid),4351720469066759,08/2020,218,YES,1,74,07/2008,2011,No,2008-07-01,,,,
2845,1140,Mastercard,Debit,5152235839088172,07/2023,469,NO,2,27298,05/2003,2007,No,2003-05-01,,,,
2195,1140,Mastercard,Debit (Prepaid),5967896787942497,08/2024,949,YES,1,61,03/2008,2010,No,2008-03-01,,,,
41,1140,Mastercard,Credit,5586713288069328,07/2022,232,YES,2,17000,01/2003,2009,No,2003-01-01,,,,
1129,362,Visa,Debit,4385365268806508,09/2024,151,YES,2,11868,02/2007,2015,No,2007-02-01,,,,
5474,362,Visa,Debit,4362821338983929,09/2024,272,YES,1,9708,11/2006,2013,No,2006-11-01,,,,
3740,362,Mastercard,Debit,5846069874081323,11/2008,812,YES,2,16541,07/2005,2011,No,2005-07-01,,,,
117,1458,Visa,Debit,4529699535483304,05/2021,329,YES,1,10982,01/2006,2011,No,2006-01-01,,,,
5243,1458,Mastercard,Debit,5016909247780196,06/2020,479,NO,2,11094,10/2011,2011,No,2011-10-01,,,,
895,1458,Visa,Credit,4733347153706598,07/2020,265,YES,2,8000,01/2020,2020,No,2020-01-01,s_001202,2020-01-04 17:18:00,blog_or_review_site,/cards
4814,1458,Mastercard,Debit,5793823082189569,01/2020,210,YES,1,7535,09/2011,2011,No,2011-09-01,,,,
5741,976,Visa,Debit,4097569831392145,07/2022,289,YES,1,24296,11/2018,2018,No,2018-11-01,s_001203,2018-11-20 12:20:00,search,/
6048,976,Mastercard,Debit,5966652632775568,05/2023,536,YES,1,20816,12/2011,2011,No,2011-12-01,,,,
2169,976,Discover,Credit,6574776064588951,06/2022,509,YES,2,14700,03/2008,2019,No,2008-03-01,,,,
3455,976,Visa,Debit,4440574696341642,04/2020,962,NO,2,17145,06/2009,2010,No,2009-06-01,,,,
4501,976,Visa,Debit,4752612253568533,08/2022,162,YES,1,11391,09/1999,2015,No,1999-09-01,,,,
5677,71,Mastercard,Debit (Prepaid),5017252384270871,07/2022,389,YES,2,69,11/2012,2012,No,2012-11-01,,,,
3481,71,Mastercard,Credit,5344072434039629,05/2012,462,YES,2,9100,06/2010,2016,No,2010-06-01,,,,
3354,375,Mastercard,Debit,5492294137017692,08/2012,745,YES,2,22137,06/2007,2007,No,2007-06-01,,,,
5537,375,Mastercard,Debit,5673229210000459,05/2010,141,NO,1,13698,11/2008,2010,No,2008-11-01,,,,
2608,375,Mastercard,Debit,5594766760079503,01/2020,541,YES,1,17598,04/2009,2009,No,2009-04-01,,,,
4580,403,Mastercard,Debit,5523941420112539,07/2021,71,YES,1,6957,09/2005,2011,No,2005-09-01,,,,
3988,983,Visa,Debit,4832794053001176,11/2021,588,YES,1,20839,07/2011,2011,No,2011-07-01,,,,
5333,983,Visa,Debit,4481338830716771,10/2022,467,YES,1,28004,10/2018,2018,No,2018-10-01,s_001204,2018-10-07 09:27:00,blog_or_review_site,/cards
5573,983,Mastercard,Debit,5743016565516756,12/2009,138,YES,1,19114,11/2009,2010,No,2009-11-01,,,,
6049,983,Mastercard,Debit,5146883948059613,06/2018,867,YES,2,13657,12/2011,2011,No,2011-12-01,,,,
1023,983,Mastercard,Debit,5486627600298205,07/2022,125,YES,1,23404,02/2003,2010,No,2003-02-01,,,,
2151,435,Mastercard,Debit,5329257764930749,03/2021,359,YES,2,4898,03/2007,2015,No,2007-03-01,,,,
2609,435,Mastercard,Debit,5903653067942572,09/2020,25,NO,1,10654,04/2009,2010,No,2009-04-01,,,,
2572,542,Mastercard,Credit,5606160450914606,08/2023,46,YES,2,6600,04/2008,2016,No,2008-04-01,,,,
4979,542,Amex,Credit,333480454420533,09/2020,392,NO,1,8300,10/2003,2011,No,2003-10-01,,,,
4195,542,Amex,Credit,379940351891689,11/2020,954,YES,2,12300,08/2007,2012,No,2007-08-01,,,,
2025,542,Mastercard,Credit,5941275556386094,03/2024,128,YES,1,5500,03/2001,2010,No,2001-03-01,,,,
4311,542,Visa,Credit,4888461276072573,10/2022,747,YES,1,5900,08/2009,2010,No,2009-08-01,,,,
4263,1090,Mastercard,Debit,5839584564422187,06/2024,206,NO,1,26404,08/2008,2011,No,2008-08-01,,,,
3619,1090,Mastercard,Debit,5620855750640306,08/2023,492,NO,1,18773,06/2017,2017,No,2017-06-01,s_001205,2017-06-07 09:08:00,blog_or_review_site,/
4312,1090,Visa,Debit,4539066236622195,02/2019,145,NO,2,21087,08/2009,2009,No,2009-08-01,,,,
1293,1090,Visa,Credit,4667046973414964,05/2023,952,YES,2,14400,02/2011,2011,No,2011-02-01,,,,
5445,1090,Visa,Credit,4973318740626868,08/2024,586,YES,1,11400,11/2005,2010,No,2005-11-01,,,,
2799,60,Mastercard,Debit,5713112635487348,02/2020,796,YES,1,11159,05/1998,2015,No,1998-05-01,,,,
4581,60,Mastercard,Debit,5409541769328200,04/2017,23,YES,1,10233,09/2005,2017,No,2005-09-01,,,,
5475,60,Visa,Debit (Prepaid),4326714873054572,05/2024,692,YES,3,45,11/2006,2012,No,2006-11-01,,,,
4544,60,Visa,Credit,4372866189717850,11/2020,785,YES,2,6400,09/2003,2010,No,2003-09-01,,,,
4118,287,Mastercard,Debit,5384350370649513,09/2023,549,YES,1,14070,08/2003,2014,No,2003-08-01,,,,
5783,287,Mastercard,Debit,5299823964392127,12/2023,273,NO,2,2159,12/2002,2006,No,2002-12-01,,,,
3527,287,Mastercard,Debit,5291762862057509,10/2020,269,YES,1,26425,06/2011,2011,No,2011-06-01,,,,
5498,1857,Mastercard,Debit,5642734548545159,11/2018,405,YES,2,66781,11/2007,2009,No,2007-11-01,,,,
4418,1857,Visa,Debit,4568370619528049,07/2023,983,YES,1,47684,08/2013,2013,No,2013-08-01,,,,
5089,1857,Mastercard,Credit,5571571366314376,07/2024,126,YES,1,27700,10/2007,2013,No,2007-10-01,,,,
4015,1857,Visa,Credit,4915308819332544,05/2023,776,YES,2,10700,07/2013,2013,No,2013-07-01,,,,
896,1857,Visa,Debit,4698439364398046,02/2021,414,YES,1,49679,01/2020,2020,No,2020-01-01,s_001206,2020-01-26 21:02:00,blog_or_review_site,/
2473,1291,Visa,Credit,4381113346368526,11/2023,51,YES,2,1900,04/2004,2011,No,2004-04-01,,,,
5139,1291,Visa,Debit,4448948827886660,01/2021,687,YES,1,11885,10/2008,2011,No,2008-10-01,,,,
4785,408,Mastercard,Debit,5335828686031643,02/2015,167,YES,2,785,09/2010,2010,No,2010-09-01,,,,
4960,408,Visa,Credit,4749273777651489,03/2022,809,YES,2,6900,10/2001,2011,No,2001-10-01,,,,
2515,408,Visa,Debit,4450794746298149,12/2018,502,YES,1,22457,04/2006,2010,No,2006-04-01,,,,
3528,173,Mastercard,Debit,5072626821657978,08/2022,701,YES,2,14701,06/2011,2011,No,2011-06-01,,,,
3916,173,Visa,Debit (Prepaid),4589358638611077,03/2023,207,YES,1,3,07/2009,2020,No,2009-07-01,,,,
981,173,Mastercard,Debit,5659101740652440,02/2002,501,YES,2,23502,02/2000,2020,No,2000-02-01,,,,
3066,173,Mastercard,Debit (Prepaid),5926977700240338,12/2021,508,YES,2,44,05/2010,2010,No,2010-05-01,,,,
2228,1787,Mastercard,Debit,5686962857502766,06/2022,257,YES,1,27590,03/2009,2010,No,2009-03-01,,,,
4826,1787,Visa,Debit,4230041150211486,07/2024,872,YES,1,37338,09/2011,2011,No,2011-09-01,,,,
4645,1787,Mastercard,Credit,5409754518829059,04/2023,806,YES,1,15500,09/2007,2012,No,2007-09-01,,,,
5849,1787,Visa,Debit,4420367772042775,05/2007,704,YES,2,33807,12/2005,2008,No,2005-12-01,,,,
4978,1787,Visa,Debit,4063898777653037,10/2002,671,YES,2,24056,10/2002,2009,No,2002-10-01,,,,
3207,1787,Visa,Credit,4616160672677136,10/2003,410,YES,2,11400,06/1998,2007,No,1998-06-01,,,,
990,1800,Mastercard,Debit (Prepaid),5214165168049372,10/2011,254,YES,2,37,02/2001,2004,No,2001-02-01,,,,
1130,1800,Visa,Credit,4275119808129751,01/2014,864,YES,1,11000,02/2007,2010,No,2007-02-01,,,,
5538,438,Mastercard,Debit,5538862189927591,12/2023,664,YES,2,2307,11/2008,2010,No,2008-11-01,,,,
2623,438,Visa,Debit,4763832977457199,12/2009,581,YES,2,10362,04/2009,2015,No,2009-04-01,,,,
5265,1988,Visa,Debit,4359389213795356,10/2023,546,YES,1,37318,10/2012,2012,No,2012-10-01,,,,
4216,1988,Mastercard,Credit,5056150001403124,12/2008,451,YES,1,22800,08/2007,2007,No,2007-08-01,,,,
2161,1988,Visa,Debit,4169838718882754,05/2021,899,YES,1,57294,03/2007,2010,No,2007-03-01,,,,
3100,1988,Mastercard,Debit,5565968548709329,07/2024,877,YES,2,30024,05/2011,2011,No,2011-05-01,,,,
6063,1988,Visa,Credit,4610405635857644,10/2019,524,YES,2,37400,12/2011,2011,No,2011-12-01,,,,
2610,1250,Mastercard,Debit,5249391871473894,02/2024,845,YES,1,11857,04/2009,2011,No,2009-04-01,,,,
5446,1250,Visa,Debit,4453842040369230,09/2020,179,YES,1,21148,11/2005,2011,No,2005-11-01,,,,
5419,1250,Visa,Credit,4481967137410492,09/2022,198,YES,1,7500,11/2004,2016,No,2004-11-01,,,,
4352,1250,Visa,Debit,4009698492021262,04/2021,907,YES,2,16261,08/2010,2016,No,2010-08-01,,,,
2904,1250,Mastercard,Debit,5695828176341633,12/2021,792,YES,2,14116,05/2006,2015,No,2006-05-01,,,,
201,1072,Mastercard,Debit,5840476864492037,03/2020,155,NO,1,6326,01/2009,2010,No,2009-01-01,,,,
1706,1841,Mastercard,Debit,5207003416805344,07/2020,717,YES,2,12461,02/2020,2020,No,2020-02-01,s_001210,2020-02-07 08:35:00,search,/blog/credit-basics
1374,1841,Mastercard,Debit,5987109951536861,04/2019,424,YES,2,17386,02/2017,2017,No,2017-02-01,s_001211,2017-02-21 12:09:00,social_media,/compare
1950,1841,Visa,Credit,4076004030170552,01/2024,180,NO,2,11300,02/2020,2020,No,2020-02-01,s_001212,2020-02-21 17:26:00,blog_or_review_site,/cards/rewards
314,1202,Mastercard,Debit,5905486726598062,10/2014,426,YES,1,1,01/2013,2013,No,2013-01-01,,,,
4438,1202,Visa,Debit,4367131765938550,12/2023,935,NO,2,1,08/2014,2014,No,2014-08-01,,,,
2885,1202,Mastercard,Credit,5690597003085826,01/2024,546,YES,2,0,05/2005,2012,No,2005-05-01,,,,
1951,235,Visa,Debit,4943014295329210,06/2024,641,YES,1,23069,02/2020,2020,No,2020-02-01,s_001213,2020-02-07 08:09:00,social_media,/cards/rewards
1333,235,Visa,Debit,4870540675741457,04/2024,716,YES,1,15578,02/2013,2013,No,2013-02-01,,,,
5126,235,Mastercard,Debit,5541258980261232,06/2015,131,YES,1,29648,10/2008,2011,No,2008-10-01,,,,
6064,235,Visa,Credit,4112534725146358,10/2018,18,YES,1,25300,12/2011,2017,No,2011-12-01,,,,
4757,1766,Amex,Credit,304236119500152,08/2020,954,YES,1,8200,09/2010,2012,No,2010-09-01,,,,
3011,1766,Mastercard,Debit,5555216812366873,05/2023,871,YES,1,9257,05/2009,2009,No,2009-05-01,,,,
3684,1766,Visa,Debit,4441595356669115,07/2021,849,YES,1,319,07/2002,2016,No,2002-07-01,,,,
2066,1766,Mastercard,Debit,5960254965868032,06/2024,91,YES,1,5141,03/2004,2012,No,2004-03-01,,,,
5665,1702,Visa,Debit,4765160616096366,05/2022,140,YES,2,23343,11/2011,2011,No,2011-11-01,,,,
5244,1702,Mastercard,Debit,5754587881449040,11/2021,859,YES,2,18624,10/2011,2011,No,2011-10-01,,,,
2755,1702,Visa,Debit,4044157806268502,07/2020,642,YES,1,15145,04/2015,2015,No,2015-04-01,,,,
2701,1702,Mastercard,Debit,5717363470674555,02/2020,98,YES,2,22787,04/2012,2012,No,2012-04-01,,,,
5749,1702,Visa,Debit (Prepaid),4937261009416652,05/2023,873,YES,1,94,12/1994,2011,No,1994-12-01,,,,
4674,1142,Mastercard,Debit,5114438569807444,02/2020,461,YES,2,43984,09/2008,2013,No,2008-09-01,,,,
4842,1142,Visa,Credit,4380226554679223,09/2022,593,YES,2,20600,09/2012,2012,No,2012-09-01,,,,
4217,1142,Mastercard,Debit,5954583689426808,11/2022,655,YES,2,29144,08/2007,2010,No,2007-08-01,,,,
4368,1653,Mastercard,Debit,5629986215875755,11/2024,116,YES,2,25613,08/2011,2016,No,2011-08-01,,,,
1707,1982,Mastercard,Debit,5979667204791664,02/2020,983,YES,2,24954,02/2020,2020,No,2020-02-01,s_001214,2020-02-24 08:42:00,search,/blog/credit-basics
3482,1982,Mastercard,Debit,5919565574478949,10/2024,306,YES,1,24638,06/2010,2010,No,2010-06-01,,,,
5863,48,Mastercard,Debit (Prepaid),5640392134523713,05/2021,10,YES,2,79,12/2006,2020,No,2006-12-01,,,,
3456,48,Visa,Debit,4456924264973452,03/2024,483,YES,2,10099,06/2009,2013,No,2009-06-01,,,,
1294,48,Visa,Debit,4441378583955445,12/2022,568,YES,2,15018,02/2011,2011,No,2011-02-01,,,,
6110,1582,Mastercard,Debit,5266773834736915,10/2021,593,YES,2,31292,12/2015,2015,No,2015-12-01,,,,
5637,656,Visa,Debit,4105075889994254,06/2024,789,YES,2,25639,11/2010,2010,No,2010-11-01,,,,
4049,1862,Visa,Credit,4495571717001479,09/2023,778,YES,2,10200,07/2016,2016,No,2016-07-01,s_001219,2016-07-11 12:08:00,social_media,/apply
4702,1808,Visa,Credit,4982389408699603,08/2021,536,YES,2,9100,09/2008,2008,No,2008-09-01,,,,
1952,1808,Visa,Credit,4719950506919432,06/2021,185,YES,2,4100,02/2020,2020,No,2020-02-01,s_001221,2020-02-17 16:54:00,social_media,/cards
662,1808,Mastercard,Credit,5855208922240897,11/2022,32,NO,2,10200,01/2020,2020,No,2020-01-01,s_001222,2020-01-12 19:36:00,app_store,/
1184,1808,Mastercard,Debit,5651004451380046,04/2022,421,YES,2,12736,02/2009,2014,No,2009-02-01,,,,
4264,277,Mastercard,Debit,5733757937326201,12/2023,487,YES,1,12930,08/2008,2008,No,2008-08-01,,,,
4038,277,Mastercard,Debit,5898229848182386,04/2024,150,YES,1,12457,07/2015,2015,No,2015-07-01,,,,
2350,277,Visa,Debit (Prepaid),4591853850857691,10/2020,593,YES,1,145,03/2015,2015,No,2015-03-01,,,,
5362,277,Discover,Credit,6932038043726914,03/2020,285,YES,1,8600,11/2000,2014,No,2000-11-01,,,,
5864,277,Mastercard,Debit,5948622774414299,03/2016,985,NO,2,14098,12/2006,2009,No,2006-12-01,,,,
3552,516,Mastercard,Debit,5442707945484989,11/2021,434,YES,1,16679,06/2012,2012,No,2012-06-01,,,,
2292,516,Visa,Debit,4949443440587519,07/2018,240,YES,1,13030,03/2011,2011,No,2011-03-01,,,,
3406,516,Visa,Debit,4975809545606409,07/2020,799,YES,2,14611,06/2008,2008,No,2008-06-01,,,,
1709,516,Mastercard,Debit,5777389371749147,07/2024,168,YES,2,11740,02/2020,2020,No,2020-02-01,s_001224,2020-02-06 13:25:00,search,/cards/rewards
4084,159,Mastercard,Debit,5290798363835308,10/2024,487,YES,1,14178,08/1995,2010,No,1995-08-01,,,,
3223,159,Discover,Credit,6337572896253921,08/2014,827,YES,1,5900,06/2001,2016,No,2001-06-01,,,,
3815,159,Mastercard,Debit,5502821682729694,07/2021,883,YES,2,13955,07/2007,2008,No,2007-07-01,,,,
1099,478,Visa,Credit,4564555970607146,07/2022,200,YES,1,15600,02/2006,2011,No,2006-02-01,,,,
77,478,Mastercard,Debit (Prepaid),5659072921204165,11/2023,602,YES,2,10,01/2005,2011,No,2005-01-01,,,,
135,478,Mastercard,Debit,5833433820016742,02/2024,624,NO,3,19263,01/2007,2011,No,2007-01-01,,,,
5315,772,Mastercard,Debit,5247649544056704,09/2021,162,YES,1,38814,10/2016,2016,No,2016-10-01,s_001226,2016-10-21 18:30:00,search,/
4858,772,Mastercard,Debit,5073215069137256,12/2024,541,YES,1,15297,09/2013,2013,No,2013-09-01,,,,
3678,772,Mastercard,Debit (Prepaid),5591003097918979,05/2023,390,YES,2,62,07/2002,2011,No,2002-07-01,,,,
3323,1537,Mastercard,Debit (Prepaid),5031314717836444,01/2023,860,YES,2,51,06/2006,2006,No,2006-06-01,,,,
3584,1429,Mastercard,Debit,5192728051393602,06/2024,461,YES,1,13201,06/2014,2014,No,2014-06-01,,,,
3140,1429,Visa,Debit,4846690288981542,03/2015,677,YES,1,12353,05/2013,2013,No,2013-05-01,,,,
3560,1429,Visa,Debit,4981608124910367,02/2024,782,YES,1,18223,06/2012,2012,No,2012-06-01,,,,
2378,1429,Visa,Debit,4284692836848156,02/2020,396,YES,1,18757,03/2018,2018,No,2018-03-01,s_001227,2018-03-19 17:29:00,friend_or_family,/blog/credit-basics
15,1228,Mastercard,Debit,5047012325844667,09/2024,300,YES,1,5966,01/2000,2020,No,2000-01-01,,,,
4332,1228,Mastercard,Credit,5961782216187026,11/2024,810,YES,1,7600,08/2010,2010,No,2010-08-01,,,,
5273,1228,Mastercard,Debit,5898436387057618,10/2022,793,YES,1,17832,10/2013,2013,No,2013-10-01,,,,
3333,1228,Visa,Debit,4200226929304953,01/2022,587,YES,1,17536,06/2006,2007,No,2006-06-01,,,,
4419,1228,Visa,Debit,4499077671227490,02/2021,551,NO,1,30393,08/2013,2013,No,2013-08-01,,,,
2162,991,Visa,Credit,4345940645469625,08/2007,391,YES,1,3100,03/2007,2008,No,2007-03-01,,,,
4162,1242,Mastercard,Credit,5684630456479793,05/2020,396,YES,1,6200,08/2005,2010,No,2005-08-01,,,,
5102,1242,Visa,Credit,4243291135739492,09/2024,603,YES,1,7400,10/2007,2019,No,2007-10-01,,,,
4472,1759,Mastercard,Debit,5582577330932323,01/2024,605,YES,2,14801,08/2018,2018,No,2018-08-01,s_001229,2018-08-27 15:26:00,friend_or_family,/cards/rewards
2893,1759,Visa,Credit,4174613161615032,10/2024,977,YES,2,11000,05/2005,2020,No,2005-05-01,,,,
4478,1759,Amex,Credit,350118327144025,05/2020,754,YES,2,9900,08/2019,2019,No,2019-08-01,s_001230,2019-08-20 18:36:00,app_store,/cards
377,1759,Visa,Debit,4056761456617104,06/2023,343,YES,2,15773,01/2018,2018,No,2018-01-01,s_001231,2018-01-24 09:55:00,friend_or_family,/compare
4232,1759,Visa,Debit,4076578011196322,04/2024,992,YES,1,18365,08/2007,2010,No,2007-08-01,,,,
266,1759,Discover,Credit,6451744848809895,10/2023,409,YES,1,12300,01/2011,2011,No,2011-01-01,,,,
4502,1058,Visa,Debit,4106850529116001,06/2020,205,YES,1,15721,09/1999,2011,No,1999-09-01,,,,
1102,1058,Amex,Credit,303084720106463,09/2023,130,YES,1,7100,02/2007,2009,No,2007-02-01,,,,
3588,1058,Visa,Credit,4970700220086771,08/2014,312,YES,2,8000,06/2014,2014,No,2014-06-01,,,,
4102,1058,Mastercard,Credit,5643346576345182,06/2020,64,YES,1,7800,08/2001,2013,No,2001-08-01,,,,
277,1730,Mastercard,Debit,5016922849464007,12/2020,869,YES,1,25429,01/2011,2011,No,2011-01-01,,,,
357,1730,Mastercard,Debit,5618794869367731,02/2021,271,YES,1,16925,01/2016,2016,No,2016-01-01,s_001232,2016-01-05 08:43:00,social_media,/cards/rewards
5281,1730,Visa,Debit,4084042364575576,06/2023,24,YES,1,19450,10/2013,2013,No,2013-10-01,,,,
5971,1224,Mastercard,Debit,5933813396302402,01/2023,824,NO,1,21908,12/2009,2009,No,2009-12-01,,,,
3874,1224,Visa,Credit,4549441380872550,03/2022,975,YES,2,15700,07/2008,2011,No,2008-07-01,,,,
905,1224,Visa,Credit,4425499865708805,10/2024,933,YES,1,0,01/2020,2020,No,2020-01-01,s_001237,2020-01-04 08:05:00,search,/compare
2412,1224,Visa,Credit,4144495012148526,05/2024,73,YES,1,14800,04/2000,2007,No,2000-04-01,,,,
2163,1940,Visa,Credit,4597650893698249,02/2020,245,YES,2,5700,03/2007,2010,No,2007-03-01,,,,
3859,1940,Mastercard,Credit,5405403307724984,02/2020,44,YES,2,9100,07/2008,2008,No,2008-07-01,,,,
4218,1940,Mastercard,Debit,5536863303144346,05/2024,575,YES,2,8993,08/2007,2010,No,2007-08-01,,,,
5451,1940,Discover,Credit,6222030207999751,06/2023,688,YES,1,8000,11/2006,2009,No,2006-11-01,,,,
3230,1940,Visa,Debit,4910409648688381,02/2021,257,NO,2,311,06/2001,2011,No,2001-06-01,,,,
217,895,Visa,Credit,4419165641059150,11/2023,167,YES,1,10300,01/2009,2013,No,2009-01-01,,,,
3483,895,Mastercard,Debit,5670044732419726,05/2024,368,NO,2,12100,06/2010,2015,No,2010-06-01,,,,
1116,895,Mastercard,Debit (Prepaid),5490867691921019,10/2018,222,YES,2,49,02/2007,2017,No,2007-02-01,,,,
4333,1556,Mastercard,Debit,5225389722526534,09/2023,891,YES,2,24772,08/2010,2010,No,2010-08-01,,,,
1955,1556,Visa,Credit,4965321363827916,03/2021,413,YES,2,15300,02/2020,2020,No,2020-02-01,s_001240,2020-02-12 12:18:00,blog_or_review_site,/compare
2972,1556,Mastercard,Debit (Prepaid),5497590243197280,07/2022,306,YES,2,55,05/2008,2008,No,2008-05-01,,,,
412,1556,Amex,Credit,384780807062464,02/2020,476,YES,2,11200,01/2020,2020,No,2020-01-01,s_001241,2020-01-07 12:46:00,social_media,/compare
2075,1972,Amex,Credit,382031359848619,08/2012,412,NO,2,6000,03/2005,2013,No,2005-03-01,,,,
5539,1972,Mastercard,Debit,5891567010748213,09/2022,563,YES,1,957,11/2008,2012,No,2008-11-01,,,,
5321,1972,Amex,Credit,337919115553710,02/2020,7,YES,2,4000,10/2017,2017,No,2017-10-01,s_001246,2017-10-01 19:23:00,other,/cards/rewards
2466,1972,Mastercard,Credit,5566207489496526,03/2024,115,YES,1,4900,04/2004,2004,No,2004-04-01,,,,
4041,86,Visa,Debit,4293438216088430,04/2022,847,YES,1,7967,07/2015,2015,No,2015-07-01,,,,
3178,86,Mastercard,Debit,5738889921774670,06/2019,261,YES,2,12490,05/2016,2016,No,2016-05-01,s_001247,2016-05-06 15:48:00,social_media,/apply
907,86,Visa,Debit,4640548373982017,07/2020,972,YES,2,9043,01/2020,2020,No,2020-01-01,s_001248,2020-01-22 11:04:00,friend_or_family,/blog/credit-basics
164,1189,Mastercard,Credit,5194782740689024,07/2020,83,NO,1,8100,01/2008,2015,No,2008-01-01,,,,
1958,1189,Visa,Credit,4745341098877385,10/2023,273,YES,2,11800,02/2020,2020,No,2020-02-01,s_001252,2020-02-18 12:59:00,search,/compare
4556,1189,Mastercard,Credit,5739094385227541,03/2006,905,YES,1,15200,09/2004,2014,No,2004-09-01,,,,
2067,1189,Mastercard,Debit,5721768564866906,10/2024,877,YES,2,1633,03/2004,2011,No,2004-03-01,,,,
6115,921,Visa,Debit,4816027381867141,11/2023,163,YES,1,22704,12/2015,2015,No,2015-12-01,,,,
3537,921,Visa,Debit,4226627955079711,10/2024,874,YES,1,24069,06/2011,2011,No,2011-06-01,,,,
3457,921,Visa,Debit,4319734914723878,05/2020,720,YES,1,35073,06/2009,2009,No,2009-06-01,,,,
4646,921,Mastercard,Debit,5607342055934669,07/2023,833,YES,2,17731,09/2007,2011,No,2007-09-01,,,,
2541,921,Mastercard,Debit,5535356277127261,04/2021,557,YES,1,33980,04/2007,2010,No,2007-04-01,,,,
3135,921,Mastercard,Debit,5415658075753990,03/2024,112,YES,1,41714,05/2013,2013,No,2013-05-01,,,,
2718,921,Mastercard,Debit,5838395313903974,06/2024,439,NO,1,21466,04/2013,2013,No,2013-04-01,,,,
4675,921,Mastercard,Debit,5570607538229113,02/2024,572,YES,1,30547,09/2008,2008,No,2008-09-01,,,,
5873,393,Visa,Debit,4671202000865959,02/2024,89,YES,2,9752,12/2006,2008,No,2006-12-01,,,,
1055,1254,Mastercard,Debit (Prepaid),5117804114696426,10/2022,845,YES,1,114,02/2005,2009,No,2005-02-01,,,,
6013,1254,Mastercard,Debit,5488341441971894,11/2014,689,YES,2,14934,12/2010,2010,No,2010-12-01,,,,
5616,1254,Mastercard,Debit,5141901041171975,11/2024,270,YES,1,20294,11/2010,2010,No,2010-11-01,,,,
1959,1254,Visa,Debit,4086661906008902,11/2022,113,NO,2,20674,02/2020,2020,No,2020-02-01,s_001253,2020-02-25 13:15:00,search,/apply
2510,1254,Mastercard,Credit,5807865206016117,05/2021,343,YES,2,14000,04/2006,2007,No,2006-04-01,,,,
4145,212,Visa,Debit,4026278148154052,02/2023,204,YES,2,9310,08/2004,2009,No,2004-08-01,,,,
908,212,Visa,Debit (Prepaid),4119163020411829,01/2022,989,YES,1,60,01/2020,2020,No,2020-01-01,s_001254,2020-01-05 22:21:00,app_store,/blog/credit-basics
1074,212,Visa,Credit,4937595859195819,01/2009,747,YES,1,10200,02/2005,2008,No,2005-02-01,,,,
2209,212,Visa,Debit,4960671625007782,04/2010,645,YES,2,9477,03/2008,2014,No,2008-03-01,,,,
2418,212,Mastercard,Debit,5110273101457986,08/2024,532,YES,2,6795,04/2001,2009,No,2001-04-01,,,,
4052,212,Amex,Credit,388351194080812,07/2023,188,YES,2,900,07/2017,2017,No,2017-07-01,s_001255,2017-07-15 10:28:00,friend_or_family,/blog/credit-basics
991,1262,Mastercard,Debit,5195133154490046,07/2020,542,YES,2,4747,02/2001,2012,No,2001-02-01,,,,
3324,1262,Mastercard,Debit,5384973024512821,04/2022,569,YES,1,15702,06/2006,2007,No,2006-06-01,,,,
2432,1262,Mastercard,Debit,5391743291218892,01/2017,80,YES,1,3955,04/2002,2013,No,2002-04-01,,,,
3794,122,Visa,Credit,4233666699901617,03/2020,331,YES,2,8200,07/2006,2013,No,2006-07-01,,,,
2447,122,Mastercard,Credit,5772574383321451,09/2020,678,YES,1,5500,04/2003,2010,No,2003-04-01,,,,
2034,122,Mastercard,Debit,5654495599077092,10/2021,407,YES,3,15774,03/2002,2007,No,2002-03-01,,,,
2134,122,Visa,Credit,4982421757560620,10/2023,669,YES,2,8800,03/2006,2015,No,2006-03-01,,,,
1382,1118,Visa,Debit,4336190352382282,10/2024,795,NO,1,26206,02/2018,2018,No,2018-02-01,s_001256,2018-02-15 14:45:00,blog_or_review_site,/cards
5274,1118,Mastercard,Debit,5381899309871296,04/2021,179,YES,1,31113,10/2013,2013,No,2013-10-01,,,,
667,1118,Mastercard,Credit,5416417426288753,02/2020,460,YES,1,21100,01/2020,2020,No,2020-01-01,s_001257,2020-01-17 11:54:00,social_media,/blog/credit-basics
362,1118,Visa,Credit,4833091752929426,06/2023,461,YES,1,17100,01/2017,2017,No,2017-01-01,s_001258,2017-01-24 08:04:00,friend_or_family,/cards/rewards
1960,1118,Visa,Debit,4554382114845493,06/2020,561,YES,1,66287,02/2020,2020,No,2020-02-01,s_001259,2020-02-23 17:51:00,search,/apply
329,974,Mastercard,Credit,5998212515012584,08/2020,214,YES,2,10900,01/2014,2014,No,2014-01-01,,,,
1131,974,Visa,Debit,4938315510703910,07/2007,181,YES,1,36271,02/2007,2010,No,2007-02-01,,,,
2905,1274,Mastercard,Debit,5679478018180576,03/2017,465,YES,2,5391,05/2006,2013,No,2006-05-01,,,,
1075,1274,Visa,Debit,4799397143962163,12/2020,310,YES,2,17537,02/2005,2010,No,2005-02-01,,,,
3200,1274,Amex,Credit,350211718386898,12/2024,981,YES,2,10700,05/2018,2018,No,2018-05-01,s_001260,2018-05-06 20:32:00,search,/
3149,1274,Mastercard,Debit,5973716612118375,09/2023,38,YES,1,18573,05/2014,2014,No,2014-05-01,,,,
1714,1274,Mastercard,Debit,5036985513287237,10/2024,867,YES,1,18019,02/2020,2020,No,2020-02-01,s_001261,2020-02-26 08:06:00,search,/cards/rewards
24,1274,Visa,Debit,4181524038316536,04/2021,2,NO,2,15160,01/2001,2007,No,2001-01-01,,,,
234,1453,Mastercard,Debit,5453158719013768,11/2011,732,YES,2,4136,01/2010,2010,No,2010-01-01,,,,
1117,1453,Mastercard,Debit,5836173617667136,11/2024,80,YES,1,14561,02/2007,2015,No,2007-02-01,,,,
3227,1023,Mastercard,Credit,5072448935798666,07/2023,115,YES,2,17100,06/2001,2011,No,2001-06-01,,,,
3603,1903,Visa,Credit,4785997992808667,07/2015,707,YES,2,12700,06/2015,2015,No,2015-06-01,,,,
3568,1903,Mastercard,Debit,5809711099663265,05/2020,678,YES,1,54517,06/2013,2013,No,2013-06-01,,,,
2973,1903,Mastercard,Credit,5961602906943584,05/2021,233,YES,2,14900,05/2008,2008,No,2008-05-01,,,,
3085,604,Amex,Credit,359466340825605,11/2024,426,YES,1,16000,05/2011,2011,No,2011-05-01,,,,
4369,604,Mastercard,Debit,5415760158214134,02/2020,464,NO,2,30713,08/2011,2016,No,2011-08-01,,,,
3434,604,Mastercard,Debit,5400936415005056,11/2024,816,YES,2,33158,06/2009,2013,No,2009-06-01,,,,
4280,604,Visa,Debit (Prepaid),4166400482648381,03/2022,843,YES,2,29,08/2008,2014,No,2008-08-01,,,,
2503,1637,Amex,Credit,327172863977145,05/2022,496,YES,1,21700,04/2006,2014,No,2006-04-01,,,,
5319,1637,Visa,Credit,4851037322315793,05/2022,485,YES,2,12500,10/2016,2016,No,2016-10-01,s_001263,2016-10-17 09:55:00,friend_or_family,/
256,1470,Visa,Debit,4474584531104236,07/2020,20,NO,2,3365,01/2010,2010,No,2010-01-01,,,,
2280,1470,Mastercard,Debit,5190888323082478,08/2020,16,YES,1,14856,03/2011,2011,No,2011-03-01,,,,
3392,1470,Mastercard,Debit,5205886351948913,08/2023,839,YES,1,5989,06/2008,2014,No,2008-06-01,,,,
3896,1470,Mastercard,Debit,5794248541023903,01/2024,162,YES,3,4394,07/2009,2009,No,2009-07-01,,,,
4050,1856,Visa,Debit (Prepaid),4561317376278700,06/2023,420,YES,1,85,07/2016,2016,No,2016-07-01,s_001264,2016-07-06 18:52:00,social_media,/blog/credit-basics
3939,1856,Mastercard,Credit,5507421180744978,07/2018,551,YES,1,10600,07/2010,2013,No,2010-07-01,,,,
257,1856,Visa,Debit,4766091276666910,03/2016,750,YES,2,3909,01/2010,2010,No,2010-01-01,,,,
5949,1856,Visa,Debit,4548471036924768,02/2020,50,YES,1,1873,12/2008,2010,No,2008-12-01,,,,
909,907,Visa,Debit,4764392547989876,03/2022,429,YES,1,19643,01/2020,2020,No,2020-01-01,s_001265,2020-01-23 08:43:00,blog_or_review_site,/cards/rewards
3783,907,Mastercard,Credit,5140249606034696,05/2022,989,YES,2,14700,07/2006,2008,No,2006-07-01,,,,
5203,907,Mastercard,Credit,5725072000383307,06/2019,353,NO,1,8800,10/2010,2010,No,2010-10-01,,,,
669,1923,Mastercard,Credit,5132540732340008,05/2022,14,NO,1,7900,01/2020,2020,No,2020-01-01,s_001266,2020-01-26 13:53:00,social_media,/cards/rewards
2152,1923,Mastercard,Debit,5276877021810793,05/2014,149,YES,2,12653,03/2007,2012,No,2007-03-01,,,,
2041,1923,Discover,Credit,6416258939868696,05/2022,101,NO,1,11400,03/2003,2014,No,2003-03-01,,,,
3255,674,Mastercard,Credit,5098677498618637,01/2021,475,NO,1,6500,06/2003,2012,No,2003-06-01,,,,
4786,674,Mastercard,Debit,5296739757506993,02/2021,637,YES,1,1407,09/2010,2018,No,2010-09-01,,,,
2680,674,Mastercard,Debit,5317549941978668,04/2013,455,YES,2,11402,04/2011,2011,No,2011-04-01,,,,
2405,674,Mastercard,Debit,5819861190837911,03/2021,395,YES,2,4501,04/1999,2015,No,1999-04-01,,,,
5574,674,Mastercard,Debit,5615295761814830,02/2022,923,YES,1,1399,11/2009,2009,No,2009-11-01,,,,
5348,674,Mastercard,Debit,5843734476551983,10/2020,170,YES,2,14466,11/1995,2007,No,1995-11-01,,,,
47,674,Visa,Credit,4462302223450825,04/2003,869,YES,1,8000,01/2003,2008,No,2003-01-01,,,,
1961,548,Visa,Credit,4153185047549338,08/2021,585,YES,3,7800,02/2020,2020,No,2020-02-01,s_001268,2020-02-12 22:29:00,podcast_or_youtube,/compare
1185,548,Mastercard,Debit,5154918786979440,08/2013,791,NO,1,570,02/2009,2010,No,2009-02-01,,,,
6014,548,Mastercard,Debit,5364661395772182,06/2023,944,YES,2,13187,12/2010,2010,No,2010-12-01,,,,
1715,548,Mastercard,Debit (Prepaid),5397077557835988,02/2020,796,YES,1,50,02/2020,2020,No,2020-02-01,s_001269,2020-02-08 13:00:00,friend_or_family,/cards
2651,209,Mastercard,Credit,5758229821813987,06/2020,759,YES,1,8900,04/2010,2010,No,2010-04-01,,,,
3795,209,Visa,Debit,4305950987818748,07/2021,42,YES,2,10681,07/2006,2013,No,2006-07-01,,,,
3218,209,Mastercard,Credit,5219421106437729,11/2023,66,NO,2,2500,06/2000,2011,No,2000-06-01,,,,
258,209,Visa,Credit,4214239191578441,05/2020,231,YES,2,8700,01/2010,2010,No,2010-01-01,,,,
5575,209,Mastercard,Debit,5814886393652127,02/2024,110,YES,2,10227,11/2009,2012,No,2009-11-01,,,,
4676,209,Mastercard,Debit,5607093669748051,12/2021,968,YES,2,2507,09/2008,2010,No,2008-09-01,,,,
2806,730,Visa,Credit,4498188620007875,01/2021,230,YES,2,19400,05/1999,2011,No,1999-05-01,,,,
1118,730,Mastercard,Debit,5930455553645091,08/2023,617,NO,1,29268,02/2007,2010,No,2007-02-01,,,,
4827,730,Visa,Debit,4893423769208595,10/2024,941,YES,2,10756,09/2011,2011,No,2011-09-01,,,,
5334,627,Visa,Credit,4897586186180268,08/2021,424,YES,2,4200,10/2018,2018,No,2018-10-01,s_001272,2018-10-10 19:57:00,social_media,/blog/credit-basics
2210,924,Visa,Credit,4463399619811654,09/2017,944,YES,2,5800,03/2008,2011,No,2008-03-01,,,,
2739,894,Visa,Credit,4744158528922930,02/2020,983,YES,3,9300,04/2014,2014,No,2014-04-01,,,,
4612,894,Mastercard,Debit (Prepaid),5173831902389247,08/2009,140,YES,1,56,09/2006,2009,No,2006-09-01,,,,
2123,894,Mastercard,Credit,5835067819727201,12/2020,381,YES,1,8200,03/2006,2014,No,2006-03-01,,,,
1717,1633,Mastercard,Debit (Prepaid),5081036961889402,12/2022,912,NO,2,78,02/2020,2020,No,2020-02-01,s_001273,2020-02-15 08:07:00,social_media,/
3038,1633,Amex,Credit,356560829047775,06/2020,388,NO,1,15000,05/2010,2015,No,2010-05-01,,,,
5012,1633,Mastercard,Debit,5356675809803132,09/2022,452,YES,1,11495,10/2004,2014,No,2004-10-01,,,,
670,1633,Mastercard,Debit,5773754472145445,08/2024,145,YES,2,21982,01/2020,2020,No,2020-01-01,s_001274,2020-01-11 19:11:00,friend_or_family,/compare
2516,720,Visa,Debit,4289170168464518,06/2013,338,NO,1,4976,04/2006,2014,No,2006-04-01,,,,
4136,720,Mastercard,Debit,5549447642972376,08/2021,647,YES,1,974,08/2004,2008,No,2004-08-01,,,,
1963,720,Visa,Credit,4340313779939280,04/2024,147,YES,2,2000,02/2020,2020,No,2020-02-01,s_001279,2020-02-21 12:33:00,search,/cards
2239,264,Visa,Credit,4277586046602277,03/2022,388,YES,2,10600,03/2009,2011,No,2009-03-01,,,,
2729,827,Mastercard,Credit,5246519897413642,05/2024,408,YES,2,7100,04/2014,2014,No,2014-04-01,,,,
2836,827,Visa,Credit,4995884742655533,08/2024,532,YES,1,6800,05/2002,2012,No,2002-05-01,,,,
3897,827,Mastercard,Debit,5465225216105054,08/2024,675,YES,2,4887,07/2009,2015,No,2009-07-01,,,,
4514,827,Mastercard,Debit,5447568212155022,10/2012,975,YES,2,8133,09/2001,2012,No,2001-09-01,,,,
2815,414,Mastercard,Debit,5489310042170577,02/2022,555,YES,1,62703,05/2001,2007,No,2001-05-01,,,,
3958,414,Visa,Credit,4565053725687198,07/2018,13,YES,1,23500,07/2010,2010,No,2010-07-01,,,,
235,1439,Mastercard,Debit,5289852815253246,11/2017,351,YES,2,10707,01/2010,2010,No,2010-01-01,,,,
6094,1439,Visa,Debit,4419147752018938,11/2022,287,YES,1,18945,12/2013,2013,No,2013-12-01,,,,
2246,843,Discover,Credit,6423950301741311,03/2023,419,YES,2,6600,03/2010,2011,No,2010-03-01,,,,
913,843,Visa,Debit (Prepaid),4509375731362461,05/2022,775,NO,1,57,01/2020,2020,No,2020-01-01,s_001280,2020-01-06 13:30:00,social_media,/blog/credit-basics
4828,843,Visa,Debit,4761252332594713,03/2022,492,YES,1,11996,09/2011,2011,No,2011-09-01,,,,
4370,843,Mastercard,Debit,5413297083203621,10/2021,231,YES,1,18026,08/2011,2011,No,2011-08-01,,,,
184,843,Visa,Debit,4441719525815769,03/2017,895,YES,2,10495,01/2008,2011,No,2008-01-01,,,,
4081,843,Visa,Debit,4941071237961739,05/2021,841,NO,2,9946,07/2019,2019,No,2019-07-01,s_001281,2019-07-14 14:15:00,friend_or_family,/cards
2592,1008,Visa,Debit,4341654408733205,01/2023,76,YES,2,20245,04/2008,2008,No,2008-04-01,,,,
5850,1008,Visa,Credit,4921858287042321,02/2020,790,NO,1,5100,12/2005,2010,No,2005-12-01,,,,
2325,1008,Visa,Debit,4402133040036554,05/2022,178,YES,1,36515,03/2013,2013,No,2013-03-01,,,,
382,1008,Mastercard,Debit,5036845153057903,12/2024,88,YES,2,15306,01/2019,2019,No,2019-01-01,s_001282,2019-01-19 11:45:00,podcast_or_youtube,/apply
4593,1008,Amex,Credit,398596768092162,04/2009,360,YES,1,20600,09/2006,2008,No,2006-09-01,,,,
6036,1834,Amex,Credit,383502656475032,06/2022,767,YES,1,7300,12/2011,2011,No,2011-12-01,,,,
1119,1834,Mastercard,Debit,5772577657126283,06/2023,335,YES,2,10348,02/2007,2014,No,2007-02-01,,,,
5617,1834,Mastercard,Credit,5754024281243654,03/2016,279,YES,1,3300,11/2010,2010,No,2010-11-01,,,,
672,881,Mastercard,Debit,5546049735690428,05/2020,380,YES,1,28163,01/2020,2020,No,2020-01-01,s_001284,2020-01-27 13:36:00,friend_or_family,/cards/rewards
4732,881,Mastercard,Debit (Prepaid),5266235435834793,10/2024,868,YES,2,63,09/2009,2011,No,2009-09-01,,,,
4439,881,Visa,Debit,4822555770542502,04/2018,967,YES,1,31491,08/2014,2014,No,2014-08-01,,,,
4287,881,Amex,Credit,372660473465347,10/2021,981,YES,1,22700,08/2009,2009,No,2009-08-01,,,,
5714,679,Visa,Debit (Prepaid),4448597956443991,11/2016,934,YES,2,73,11/2015,2015,No,2015-11-01,,,,
2894,679,Amex,Credit,326701965155978,11/2017,478,YES,1,9900,05/2006,2007,No,2006-05-01,,,,
5972,679,Mastercard,Debit,5636168034745251,04/2021,14,YES,2,14713,12/2009,2011,No,2009-12-01,,,,
3741,679,Mastercard,Debit,5508510790983933,05/2023,468,YES,2,2290,07/2005,2011,No,2005-07-01,,,,
1199,398,Visa,Debit,4801008002314220,03/2021,290,YES,1,17111,02/2009,2010,No,2009-02-01,,,,
2012,398,Visa,Debit,4583760469208759,08/2021,812,YES,2,21264,03/1999,2009,No,1999-03-01,,,,
5323,398,Mastercard,Debit,5449554854489393,02/2020,419,YES,1,15125,10/2017,2017,No,2017-10-01,s_001289,2017-10-03 22:25:00,other,/blog/credit-basics
2337,398,Visa,Debit,4729603889258290,02/2020,830,YES,2,16472,03/2014,2014,No,2014-03-01,,,,
1037,106,Mastercard,Debit,5810565047358846,11/2020,736,YES,2,11154,02/2004,2007,No,2004-02-01,,,,
4654,106,Visa,Debit,4222334325515340,11/2007,364,YES,1,19419,09/2007,2010,No,2007-09-01,,,,
2124,106,Mastercard,Credit,5416237939291680,06/2022,790,YES,2,9100,03/2006,2011,No,2006-03-01,,,,
3484,106,Mastercard,Debit,5834792674235708,05/2022,402,YES,1,9471,06/2010,2011,No,2010-06-01,,,,
5310,106,Visa,Debit,4144242905302080,02/2024,279,YES,2,10331,10/2015,2015,No,2015-10-01,,,,
2794,1784,Mastercard,Credit,5862883052434843,11/2004,716,YES,1,15900,05/1997,2009,No,1997-05-01,,,,
5330,1924,Mastercard,Credit,5986235068209756,05/2020,357,YES,1,5200,10/2018,2018,No,2018-10-01,s_001291,2018-10-05 15:57:00,social_media,/cards/rewards
5739,671,Mastercard,Credit,5667713745804706,02/2020,982,YES,1,8600,11/2018,2018,No,2018-11-01,s_001292,2018-11-25 10:44:00,social_media,/
5592,671,Visa,Credit,4711870612941812,05/2024,453,YES,1,8700,11/2009,2009,No,2009-11-01,,,,
3485,1472,Mastercard,Debit,5352913241091954,03/2018,231,YES,1,25236,06/2010,2011,No,2010-06-01,,,,
2196,1472,Mastercard,Credit,5653902794655714,02/2011,81,YES,2,10400,03/2008,2008,No,2008-03-01,,,,
3393,1472,Mastercard,Debit (Prepaid),5403035493529596,10/2024,879,YES,2,38,06/2008,2013,No,2008-06-01,,,,
4647,855,Mastercard,Debit (Prepaid),5419259287662190,09/2020,839,YES,1,106,09/2007,2010,No,2007-09-01,,,,
3670,855,Visa,Debit,4730763214720586,04/2021,269,YES,1,15975,07/2001,2011,No,2001-07-01,,,,
5916,855,Visa,Debit,4678510288563431,12/2023,404,YES,2,12188,12/2007,2011,No,2007-12-01,,,,
5715,855,Visa,Debit,4118028917520417,03/2022,471,YES,2,11928,11/2015,2015,No,2015-11-01,,,,
2702,855,Mastercard,Debit,5060743978360454,08/2021,638,YES,2,13841,04/2012,2012,No,2012-04-01,,,,
4317,981,Amex,Credit,386475118033107,03/2024,151,YES,1,7500,08/2010,2011,No,2010-08-01,,,,
3828,1030,Visa,Debit,4504121814259932,09/2013,420,YES,2,4269,07/2007,2009,No,2007-07-01,,,,
2936,1030,Mastercard,Credit,5615880941381853,02/2024,761,YES,2,12600,05/2007,2011,No,2007-05-01,,,,
2415,1030,Amex,Credit,335570840377948,09/2003,193,YES,1,16500,04/2001,2016,No,2001-04-01,,,,
4677,1030,Mastercard,Debit,5943712275580272,11/2008,212,YES,1,19152,09/2008,2009,No,2008-09-01,,,,
4072,384,Visa,Debit,4563075780122442,02/2024,522,YES,2,19349,07/2018,2018,No,2018-07-01,s_001293,2018-07-24 21:22:00,search,/
4492,80,Visa,Debit,4749460533827117,09/2022,680,YES,2,1703,09/1997,2009,No,1997-09-01,,,,
307,80,Visa,Credit,4281238011673204,06/2017,240,YES,2,2800,01/2012,2012,No,2012-01-01,,,,
2689,80,Visa,Debit,4321023718227210,02/2024,881,YES,1,13569,04/2011,2011,No,2011-04-01,,,,
3829,80,Visa,Credit,4290434433757609,01/2024,638,YES,1,10700,07/2007,2008,No,2007-07-01,,,,
3917,80,Visa,Credit,4135572355155702,06/2022,582,YES,2,14500,07/2009,2009,No,2009-07-01,,,,
5027,1331,Mastercard,Debit (Prepaid),5376013028883652,09/2021,68,YES,1,26,10/2005,2010,No,2005-10-01,,,,
6130,205,Visa,Debit,4705599888998828,05/2021,524,YES,2,25621,12/2016,2016,No,2016-12-01,s_001294,2016-12-17 10:55:00,blog_or_review_site,/blog/credit-basics
3620,205,Mastercard,Debit,5751244963755467,05/2024,167,YES,1,12193,06/2017,2017,No,2017-06-01,s_001295,2017-06-11 21:41:00,social_media,/
3639,205,Visa,Debit,4209063259747210,07/2018,375,YES,1,14247,06/2018,2018,No,2018-06-01,s_001296,2018-06-12 16:47:00,other,/
2861,205,Mastercard,Debit,5624048822152519,02/2020,78,YES,2,14859,05/2004,2009,No,2004-05-01,,,,
5037,1048,Visa,Credit,4729818901299083,09/2014,625,NO,2,13400,10/2005,2011,No,2005-10-01,,,,
2048,1048,Mastercard,Credit,5923018656297645,08/2020,116,YES,2,12500,03/2003,2003,No,2003-03-01,,,,
4509,1048,Amex,Credit,346055751406362,12/2009,56,YES,2,3800,09/2001,2009,No,2001-09-01,,,,
2542,1048,Mastercard,Debit,5424466713085703,06/2014,575,YES,2,22527,04/2007,2011,No,2007-04-01,,,,
5266,1490,Visa,Debit,4020577124844597,04/2022,526,YES,1,22856,10/2012,2012,No,2012-10-01,,,,
1369,1490,Visa,Debit,4033453235002124,01/2021,434,YES,1,20225,02/2016,2016,No,2016-02-01,s_001298,2016-02-13 08:49:00,social_media,/cards
1965,1490,Visa,Debit,4585531601433102,02/2020,364,NO,1,15742,02/2020,2020,No,2020-02-01,s_001299,2020-02-26 09:17:00,other,/
5950,1490,Visa,Credit,4751967279477590,11/2021,581,NO,1,11400,12/2008,2008,No,2008-12-01,,,,
2524,818,Amex,Credit,368778866746348,08/2008,125,YES,1,6200,04/2007,2014,No,2007-04-01,,,,
3728,818,Amex,Credit,378145015065628,10/2005,759,YES,2,500,07/2005,2009,No,2005-07-01,,,,
5540,818,Mastercard,Credit,5719046765863775,11/2021,971,YES,1,7100,11/2008,2017,No,2008-11-01,,,,
5874,818,Visa,Debit,4043732830819375,03/2022,390,YES,1,15522,12/2006,2015,No,2006-12-01,,,,
992,818,Mastercard,Debit,5240774776973707,09/2023,370,YES,2,19640,02/2001,2010,No,2001-02-01,,,,
5499,1463,Mastercard,Debit,5314535985439666,06/2020,410,YES,1,13930,11/2007,2010,No,2007-11-01,,,,
3591,1463,Mastercard,Debit,5462773776307346,02/2021,951,YES,2,22357,06/2015,2015,No,2015-06-01,,,,
5245,1463,Mastercard,Credit,5315038417328405,01/2022,772,YES,1,7700,10/2011,2011,No,2011-10-01,,,,
3542,1463,Amex,Credit,386623237356858,09/2023,553,NO,1,5100,06/2012,2012,No,2012-06-01,,,,
2351,952,Visa,Debit,4295877159831914,02/2024,602,YES,1,58234,03/2015,2015,No,2015-03-01,,,,
1275,952,Mastercard,Debit,5357953507565192,07/2021,726,YES,2,76966,02/2011,2011,No,2011-02-01,,,,
3611,616,Mastercard,Credit,5046466769118356,05/2023,561,YES,2,4500,06/2016,2016,No,2016-06-01,s_001301,2016-06-08 09:44:00,friend_or_family,/apply
6050,638,Mastercard,Debit,5689155673355585,07/2024,698,YES,1,25551,12/2011,2011,No,2011-12-01,,,,
2068,638,Mastercard,Debit,5648059407570222,03/2021,353,YES,2,21253,03/2004,2011,No,2004-03-01,,,,
3394,638,Mastercard,Debit,5854204096882081,12/2023,551,YES,2,10274,06/2008,2008,No,2008-06-01,,,,
4445,638,Amex,Credit,375716098483935,11/2015,431,YES,2,4800,08/2015,2015,No,2015-08-01,,,,
914,638,Visa,Debit,4049373677960607,12/2023,739,YES,2,19934,01/2020,2020,No,2020-01-01,s_001302,2020-01-10 22:45:00,blog_or_review_site,/apply
1966,1366,Visa,Debit,4419528709052008,09/2022,578,YES,2,8829,02/2020,2020,No,2020-02-01,s_001303,2020-02-01 20:27:00,search,/compare
315,1366,Mastercard,Credit,5244253968518286,07/2024,684,YES,2,12400,01/2013,2013,No,2013-01-01,,,,
2374,1366,Mastercard,Debit,5148677955904141,02/2020,917,YES,1,17691,03/2018,2018,No,2018-03-01,s_001304,2018-03-13 08:52:00,blog_or_review_site,/apply
2974,443,Mastercard,Debit,5567990384490539,05/2013,643,YES,2,15317,05/2008,2013,No,2008-05-01,,,,
6111,336,Mastercard,Debit,5118228142214662,06/2020,208,YES,1,19612,12/2015,2015,No,2015-12-01,,,,
2364,973,Mastercard,Debit,5570742279358802,02/2021,20,YES,1,16229,03/2017,2017,No,2017-03-01,s_001306,2017-03-15 14:37:00,other,/blog/credit-basics
5716,973,Visa,Debit,4515909883803900,11/2024,871,YES,1,8366,11/2015,2015,No,2015-11-01,,,,
5706,973,Visa,Debit,4060618518013622,06/2023,39,YES,2,7688,11/2014,2014,No,2014-11-01,,,,
3833,973,Amex,Credit,343206406411256,09/2024,201,YES,1,8300,07/2008,2015,No,2008-07-01,,,,
3898,1918,Mastercard,Debit,5054406942161566,08/2024,161,YES,2,18627,07/2009,2015,No,2009-07-01,,,,
1967,1827,Visa,Debit,4807723891729123,08/2022,174,YES,1,23156,02/2020,2020,No,2020-02-01,s_001308,2020-02-20 13:49:00,friend_or_family,/cards/rewards
3959,1827,Visa,Debit,4277161408897403,02/2024,419,YES,1,30041,07/2010,2011,No,2010-07-01,,,,
5246,1827,Mastercard,Debit,5010004900517856,02/2024,908,YES,1,29137,10/2011,2011,No,2011-10-01,,,,
4546,1827,Amex,Credit,359523053030416,07/2021,87,YES,1,10400,09/2004,2017,No,2004-09-01,,,,
3395,1827,Mastercard,Credit,5765181164708255,02/2022,980,YES,2,13500,06/2008,2008,No,2008-06-01,,,,
5727,1827,Mastercard,Debit,5002104504565119,02/2023,917,YES,1,17663,11/2016,2016,No,2016-11-01,s_001309,2016-11-16 08:09:00,other,/
4464,672,Mastercard,Debit,5392188065665641,10/2021,452,NO,1,8540,08/2017,2017,No,2017-08-01,s_001311,2017-08-12 21:28:00,social_media,/apply
3396,672,Mastercard,Debit,5302317645406586,02/2012,347,YES,1,9397,06/2008,2010,No,2008-06-01,,,,
915,672,Visa,Debit,4723396292994912,09/2020,740,YES,1,12329,01/2020,2020,No,2020-01-01,s_001312,2020-01-22 15:20:00,blog_or_review_site,/blog/credit-basics
5001,672,Visa,Debit,4598597915590543,01/2020,17,YES,1,8333,10/2003,2007,No,2003-10-01,,,,
5345,1461,Visa,Credit,4536458621990266,09/2020,102,YES,2,5200,10/2019,2019,No,2019-10-01,s_001313,2019-10-02 20:02:00,social_media,/cards/rewards
2668,1461,Visa,Debit,4534127090202764,08/2010,827,YES,2,35757,04/2010,2011,No,2010-04-01,,,,
2886,1461,Mastercard,Credit,5778899151304683,03/2015,908,NO,1,16600,05/2005,2015,No,2005-05-01,,,,
4535,1461,Mastercard,Debit,5583589115477515,06/2020,661,YES,2,23754,09/2003,2018,No,2003-09-01,,,,
2090,1461,Mastercard,Debit,5728689238652207,10/2024,532,YES,2,14480,03/2005,2009,No,2005-03-01,,,,
103,1461,Mastercard,Debit,5625472759967842,10/2023,564,YES,2,6237,01/2006,2007,No,2006-01-01,,,,
5638,256,Visa,Credit,4042007108574831,02/2023,177,YES,1,9400,11/2010,2013,No,2010-11-01,,,,
3989,256,Visa,Debit (Prepaid),4868990994344273,06/2024,248,YES,2,50,07/2011,2011,No,2011-07-01,,,,
6089,256,Mastercard,Credit,5764971120736645,02/2020,402,YES,2,1800,12/2013,2013,No,2013-12-01,,,,
2850,256,Amex,Credit,343199188380745,10/2024,496,YES,1,12400,05/2004,2014,No,2004-05-01,,,,
147,256,Visa,Credit,4577476596554924,12/2010,553,YES,2,14300,01/2007,2007,No,2007-01-01,,,,
1276,256,Mastercard,Debit,5355715623674970,12/2024,956,YES,1,27489,02/2011,2011,No,2011-02-01,,,,
6015,1837,Mastercard,Debit,5837775089417018,01/2011,189,YES,1,11199,12/2010,2010,No,2010-12-01,,,,
259,1837,Visa,Debit,4205821347854727,05/2020,679,YES,1,8800,01/2010,2010,No,2010-01-01,,,,
5275,1837,Mastercard,Debit (Prepaid),5825065723069699,09/2021,940,YES,1,83,10/2013,2013,No,2013-10-01,,,,
2256,1837,Mastercard,Debit,5757614479800979,11/2024,657,NO,1,7217,03/2010,2010,No,2010-03-01,,,,
5307,1974,Mastercard,Credit,5282787263853461,09/2022,115,YES,2,9000,10/2015,2015,No,2015-10-01,,,,
278,1974,Mastercard,Debit,5805044569196975,01/2020,947,YES,1,15195,01/2011,2011,No,2011-01-01,,,,
2257,1974,Mastercard,Debit,5522110015947841,02/2024,663,YES,1,14747,03/2010,2010,No,2010-03-01,,,,
1429,1270,Amex,Credit,340244443373002,03/2023,846,YES,2,20400,02/2020,2020,No,2020-02-01,s_001322,2020-02-01 19:02:00,search,/cards
4313,1270,Visa,Debit,4554284422042742,09/2022,212,YES,2,13653,08/2009,2016,No,2009-08-01,,,,
222,1815,Amex,Credit,371091834390039,02/2020,858,YES,2,17800,01/2010,2011,No,2010-01-01,,,,
4582,1815,Mastercard,Debit (Prepaid),5200794681511676,07/2024,836,YES,2,52,09/2005,2015,No,2005-09-01,,,,
4371,1815,Mastercard,Debit (Prepaid),5906678291020827,09/2023,935,YES,2,56,08/2011,2011,No,2011-08-01,,,,
2035,1815,Mastercard,Debit,5159691137023059,01/2024,232,YES,2,3099,03/2002,2012,No,2002-03-01,,,,
3233,464,Amex,Credit,352397360356465,08/2022,465,YES,2,18000,06/2002,2011,No,2002-06-01,,,,
2170,1579,Discover,Credit,6789723556516100,09/2020,817,YES,1,8200,03/2008,2014,No,2008-03-01,,,,
11,1579,Mastercard,Debit,5927292790575653,11/2023,964,YES,2,2143,01/1999,2013,No,1999-01-01,,,,
4163,1579,Mastercard,Debit,5184790316386758,12/2021,128,YES,2,6550,08/2005,2016,No,2005-08-01,,,,
3976,1579,Mastercard,Credit,5148202936285148,04/2024,384,YES,2,12800,07/2011,2011,No,2011-07-01,,,,
3830,1579,Visa,Debit,4707894398714464,02/2020,848,YES,1,15960,07/2007,2010,No,2007-07-01,,,,
683,830,Mastercard,Credit,5930929069464452,02/2020,744,YES,2,19000,01/2020,2020,No,2020-01-01,s_001326,2020-01-24 14:18:00,blog_or_review_site,/cards
3899,830,Mastercard,Debit,5981196310914475,06/2016,143,YES,1,26575,07/2009,2011,No,2009-07-01,,,,
4678,465,Mastercard,Credit,5613327518828278,06/2021,118,YES,2,5800,09/2008,2008,No,2008-09-01,,,,
2433,465,Mastercard,Debit,5340964008686387,05/2021,458,YES,2,16047,04/2002,2011,No,2002-04-01,,,,
4879,1954,Visa,Credit,4802501874295829,04/2024,196,YES,2,5900,09/2014,2014,No,2014-09-01,,,,
2387,1954,Mastercard,Debit,5885722307882995,05/2024,538,YES,2,22722,03/2019,2019,No,2019-03-01,s_001327,2019-03-05 10:13:00,other,/
316,1954,Mastercard,Debit,5544865210857672,07/2013,422,YES,2,21258,01/2013,2013,No,2013-01-01,,,,
4749,959,Visa,Debit (Prepaid),4570842726552830,07/2020,4,YES,2,18,09/2009,2009,No,2009-09-01,,,,
1231,959,Mastercard,Debit (Prepaid),5030524191307854,08/2023,680,YES,2,8,02/2010,2017,No,2010-02-01,,,,
5693,1049,Visa,Debit,4967633206571164,03/2023,284,YES,2,14446,11/2013,2013,No,2013-11-01,,,,
2816,1049,Mastercard,Credit,5582940861805001,08/2016,142,YES,1,10500,05/2001,2009,No,2001-05-01,,,,
5823,1049,Visa,Debit,4788436311707750,12/2023,234,YES,2,13122,12/2004,2009,No,2004-12-01,,,,
5553,1049,Visa,Debit,4606238393574333,11/2012,70,YES,1,24519,11/2008,2014,No,2008-11-01,,,,
1310,1049,Visa,Credit,4661230447201577,05/2015,53,YES,1,9400,02/2012,2012,No,2012-02-01,,,,
4265,1049,Mastercard,Debit,5145877040417123,03/2022,66,YES,2,12121,08/2008,2010,No,2008-08-01,,,,
3940,1088,Mastercard,Credit,5759964167622790,01/2023,828,YES,1,10700,07/2010,2011,No,2010-07-01,,,,
4574,1088,Amex,Credit,356216577809094,01/2023,298,YES,2,7300,09/2005,2010,No,2005-09-01,,,,
6095,1088,Visa,Debit,4661688933459307,06/2016,432,YES,1,15194,12/2013,2013,No,2013-12-01,,,,
4106,14,Visa,Credit,4493101815036488,06/2024,137,YES,1,5400,08/2001,2008,No,2001-08-01,,,,
2076,14,Amex,Credit,336131482851954,12/2022,979,YES,2,14100,03/2005,2008,No,2005-03-01,,,,
2164,14,Visa,Debit,4610833826779556,04/2018,523,YES,2,3899,03/2007,2008,No,2007-03-01,,,,
5159,14,Mastercard,Debit (Prepaid),5644525290796847,05/2020,601,YES,1,22,10/2009,2010,No,2009-10-01,,,,
3082,14,Visa,Debit,4124567693793737,04/2022,870,NO,1,16464,05/2010,2012,No,2010-05-01,,,,
4266,162,Mastercard,Debit,5125647538274113,05/2022,824,YES,1,39591,08/2008,2011,No,2008-08-01,,,,
5938,162,Mastercard,Debit,5099776027896183,12/2022,812,YES,1,39452,12/2008,2010,No,2008-12-01,,,,
5694,162,Visa,Debit,4338781388247802,03/2014,826,YES,2,27266,11/2013,2013,No,2013-11-01,,,,
2240,162,Visa,Credit,4524849172878282,10/2020,975,YES,2,15400,03/2009,2012,No,2009-03-01,,,,
3569,162,Mastercard,Credit,5475237541011918,02/2014,774,YES,1,16700,06/2013,2013,No,2013-06-01,,,,
5371,1692,Mastercard,Debit,5383177529361615,03/2020,716,YES,1,38048,11/2001,2007,No,2001-11-01,,,,
5618,1692,Mastercard,Debit,5554581325182985,01/2022,904,YES,2,7564,11/2010,2013,No,2010-11-01,,,,
3646,1692,Mastercard,Debit,5656878998719323,11/2023,789,YES,2,35203,07/1991,2010,No,1991-07-01,,,,
5838,380,Mastercard,Credit,5764817007089895,07/2023,815,YES,2,10800,12/2005,2010,No,2005-12-01,,,,
3538,380,Visa,Credit,4018146556727350,05/2023,544,NO,2,8000,06/2011,2011,No,2011-06-01,,,,
4219,141,Mastercard,Debit,5815754119556359,02/2024,221,YES,1,4729,08/2007,2014,No,2007-08-01,,,,
3028,141,Visa,Credit,4362354248365750,01/2021,283,YES,2,6400,05/2009,2009,No,2009-05-01,,,,
5514,141,Visa,Credit,4620287459795673,02/2022,745,YES,1,9200,11/2007,2014,No,2007-11-01,,,,
4073,141,Visa,Credit,4595319622489775,08/2018,349,NO,1,8000,07/2018,2018,No,2018-07-01,s_001330,2018-07-25 16:16:00,friend_or_family,/blog/credit-basics
2952,141,Visa,Debit,4385951951421354,02/2022,796,YES,2,17235,05/2007,2007,No,2007-05-01,,,,
3941,1348,Mastercard,Debit,5372184619325693,11/2020,785,YES,2,1,07/2010,2010,No,2010-07-01,,,,
3086,1348,Amex,Credit,313148408217973,10/2021,576,YES,2,0,05/2011,2011,No,2011-05-01,,,,
2669,1348,Visa,Debit,4924159268930796,09/2010,790,YES,1,1,04/2010,2010,No,2010-04-01,,,,
4042,1348,Visa,Debit,4139051015604116,08/2018,15,YES,1,1,07/2015,2015,No,2015-07-01,,,,
4137,1348,Mastercard,Debit,5792498646569711,12/2024,554,YES,1,0,08/2004,2009,No,2004-08-01,,,,
4982,1348,Discover,Credit,6283858533446011,04/2023,427,YES,1,0,10/2003,2007,No,2003-10-01,,,,
6137,1256,Mastercard,Debit,5772730644295426,10/2021,852,YES,2,28850,12/2018,2018,No,2018-12-01,s_001331,2018-12-28 19:28:00,search,/
5160,1256,Mastercard,Credit,5948729602096653,06/2015,95,YES,1,15700,10/2009,2010,No,2009-10-01,,,,
236,1256,Mastercard,Debit (Prepaid),5018794058509930,01/2021,807,YES,2,79,01/2010,2011,No,2010-01-01,,,,
6116,1256,Visa,Credit,4888697499810645,01/2020,276,YES,2,18500,12/2015,2015,No,2015-12-01,,,,
5717,169,Visa,Debit,4032033794787095,07/2022,167,YES,1,10194,11/2015,2015,No,2015-11-01,,,,
5655,169,Mastercard,Debit (Prepaid),5746544800697198,09/2021,335,YES,2,91,11/2011,2011,No,2011-11-01,,,,
3256,169,Mastercard,Debit,5995053751840192,02/2024,267,YES,1,12591,06/2003,2010,No,2003-06-01,,,,
2317,169,Mastercard,Debit,5802870059687260,07/2022,990,NO,1,10574,03/2013,2013,No,2013-03-01,,,,
4220,1955,Mastercard,Debit (Prepaid),5391951338573410,01/2020,356,YES,2,92,08/2007,2009,No,2007-08-01,,,,
4184,1955,Mastercard,Debit,5751709126583195,03/2021,435,YES,1,7338,08/2006,2016,No,2006-08-01,,,,
5712,1807,Mastercard,Debit,5678405303384008,03/2022,24,YES,2,26838,11/2015,2015,No,2015-11-01,,,,
4123,1807,Visa,Debit,4963369225142746,09/2009,418,YES,1,38154,08/2003,2011,No,2003-08-01,,,,
2823,1807,Amex,Credit,321246869185324,08/2020,300,YES,2,13200,05/2002,2014,No,2002-05-01,,,,
165,1807,Mastercard,Debit (Prepaid),5207231566469664,03/2014,198,YES,1,89,01/2008,2015,No,2008-01-01,,,,
2837,1807,Amex,Credit,342755409763060,04/2007,743,YES,2,3900,05/2003,2008,No,2003-05-01,,,,
5875,102,Visa,Debit,4735775382501736,07/2024,45,YES,1,7676,12/2006,2010,No,2006-12-01,,,,
3816,257,Mastercard,Debit,5723984491385619,03/2022,703,YES,2,13345,07/2007,2010,No,2007-07-01,,,,
4386,257,Visa,Credit,4575711221736157,11/2024,777,YES,1,8000,08/2011,2011,No,2011-08-01,,,,
5127,257,Mastercard,Debit (Prepaid),5756681783759529,03/2022,331,YES,2,87,10/2008,2012,No,2008-10-01,,,,
104,257,Mastercard,Debit,5556746533263402,10/2024,516,YES,2,6395,01/2006,2014,No,2006-01-01,,,,
2748,987,Mastercard,Debit (Prepaid),5929319761273570,02/2024,367,YES,1,69,04/2015,2015,No,2015-04-01,,,,
4146,987,Visa,Debit,4783135306510626,01/2021,128,YES,1,18912,08/2004,2008,No,2004-08-01,,,,
5090,987,Mastercard,Debit,5232731518306860,09/2021,971,YES,1,23021,10/2007,2011,No,2007-10-01,,,,
373,987,Mastercard,Debit,5920175797699651,08/2021,420,YES,1,21985,01/2018,2018,No,2018-01-01,s_001335,2018-01-18 11:18:00,social_media,/apply
237,1141,Mastercard,Debit,5787921795028281,07/2020,29,YES,2,2397,01/2010,2013,No,2010-01-01,,,,
3817,1141,Mastercard,Credit,5626143345177540,11/2012,318,YES,2,2800,07/2007,2010,No,2007-07-01,,,,
3624,1141,Visa,Debit,4145457087186133,02/2020,837,YES,1,10466,06/2017,2017,No,2017-06-01,s_001337,2017-06-20 17:23:00,other,/cards/rewards
3269,1141,Amex,Credit,382984229682656,12/2012,950,NO,1,9400,06/2004,2011,No,2004-06-01,,,,
5224,1141,Visa,Debit,4094653186833148,06/2023,298,YES,2,20161,10/2010,2010,No,2010-10-01,,,,
1277,1682,Mastercard,Credit,5399068844339829,09/2024,512,YES,1,12600,02/2011,2015,No,2011-02-01,,,,
2517,1682,Visa,Credit,4639536674901608,01/2024,981,NO,1,14300,04/2006,2007,No,2006-04-01,,,,
3407,1682,Visa,Debit,4404150274692596,03/2022,155,YES,1,23452,06/2008,2011,No,2008-06-01,,,,
238,1682,Mastercard,Credit,5970339574772530,10/2021,757,YES,2,13200,01/2010,2014,No,2010-01-01,,,,
3408,1682,Visa,Credit,4892298386279580,01/2013,50,YES,1,13500,06/2008,2008,No,2008-06-01,,,,
2365,172,Mastercard,Debit,5195057277840268,10/2020,855,YES,1,19600,03/2017,2017,No,2017-03-01,s_001345,2017-03-26 11:43:00,social_media,/apply
3458,172,Visa,Debit,4366055356305424,06/2021,186,YES,1,17815,06/2009,2010,No,2009-06-01,,,,
1232,172,Mastercard,Debit,5453650582708795,11/2015,531,YES,1,16373,02/2010,2010,No,2010-02-01,,,,
31,892,Visa,Debit,4479062988731370,11/2021,628,YES,2,14340,01/2002,2009,No,2002-01-01,,,,
5656,315,Mastercard,Debit (Prepaid),5956867363687567,08/2024,701,YES,1,109,11/2011,2011,No,2011-11-01,,,,
1726,315,Mastercard,Debit,5046535005565011,03/2023,821,YES,1,16218,02/2020,2020,No,2020-02-01,s_001346,2020-02-16 14:19:00,blog_or_review_site,/compare
3121,315,Mastercard,Debit,5948980046719583,05/2024,710,YES,1,22115,05/2012,2012,No,2012-05-01,,,,
3246,1739,Visa,Debit (Prepaid),4443766253735109,04/2024,361,YES,1,80,06/2002,2011,No,2002-06-01,,,,
2413,39,Visa,Debit,4660445166648632,12/2012,610,YES,1,1325,04/2000,2011,No,2000-04-01,,,,
2039,39,Visa,Credit,4877727463431062,01/2023,537,YES,2,16900,03/2002,2007,No,2002-03-01,,,,
413,155,Amex,Credit,304990666285186,02/2023,972,YES,2,6500,01/2020,2020,No,2020-01-01,s_001348,2020-01-11 22:40:00,search,/cards
279,155,Mastercard,Credit,5689609387142035,02/2021,393,NO,1,7800,01/2011,2011,No,2011-01-01,,,,
239,155,Mastercard,Debit,5290515548238201,12/2022,813,NO,1,9294,01/2010,2011,No,2010-01-01,,,,
2281,155,Mastercard,Debit,5358949072497400,12/2011,324,YES,2,12163,03/2011,2011,No,2011-03-01,,,,
3111,155,Visa,Debit,4972569366952714,01/2020,855,YES,2,14959,05/2011,2011,No,2011-05-01,,,,
5793,155,Mastercard,Debit (Prepaid),5039304998585215,11/2023,721,YES,2,15,12/2003,2010,No,2003-12-01,,,,
2026,1305,Mastercard,Debit,5735388999396191,07/2022,260,YES,1,18118,03/2001,2007,No,2001-03-01,,,,
1260,1305,Visa,Debit,4804168677193110,03/2023,32,YES,2,22025,02/2010,2010,No,2010-02-01,,,,
2229,1305,Mastercard,Credit,5216010288888583,09/2011,983,YES,1,9100,03/2009,2015,No,2009-03-01,,,,
3409,1504,Visa,Debit,4320358361635021,10/2013,729,YES,2,16064,06/2008,2011,No,2008-06-01,,,,
3486,1504,Mastercard,Credit,5039473078606416,09/2024,356,YES,1,6000,06/2010,2011,No,2010-06-01,,,,
5373,1504,Visa,Debit,4951288736229807,02/2023,776,YES,2,7136,11/2001,2014,No,2001-11-01,,,,
4963,1504,Discover,Credit,6418843769862227,04/2021,423,YES,1,3900,10/2002,2010,No,2002-10-01,,,,
3977,1504,Mastercard,Debit,5508687277469967,01/2020,469,YES,1,8444,07/2011,2011,No,2011-07-01,,,,
4119,1105,Mastercard,Debit,5256438428040603,11/2020,880,YES,2,12692,08/2003,2012,No,2003-08-01,,,,
2036,1105,Mastercard,Debit,5772409732789359,04/2020,218,YES,2,9027,03/2002,2015,No,2002-03-01,,,,
218,1105,Visa,Debit,4755440234138028,10/2020,584,YES,1,4507,01/2009,2019,No,2009-01-01,,,,
1325,948,Mastercard,Debit,5196909207454962,05/2023,71,YES,1,13035,02/2013,2013,No,2013-02-01,,,,
3083,948,Visa,Credit,4763339915481098,06/2023,488,YES,2,8300,05/2010,2010,No,2010-05-01,,,,
1265,948,Amex,Credit,371833102197375,07/2024,591,YES,2,6200,02/2011,2011,No,2011-02-01,,,,
5695,948,Visa,Debit,4948154067393861,03/2024,688,YES,2,11795,11/2013,2013,No,2013-11-01,,,,
3376,948,Discover,Credit,6167888794302874,05/2011,138,YES,1,7900,06/2008,2013,No,2008-06-01,,,,
1455,862,Discover,Credit,6666283868705517,02/2020,112,YES,1,12900,02/2020,2020,No,2020-02-01,s_001354,2020-02-06 08:54:00,search,/
921,862,Visa,Debit,4223918113000039,12/2020,371,YES,2,6556,01/2020,2020,No,2020-01-01,s_001355,2020-01-16 14:07:00,social_media,/
3167,862,Mastercard,Credit,5170494527481348,05/2022,731,NO,1,3800,05/2015,2015,No,2015-05-01,,,,
5103,1514,Visa,Credit,4662421715985774,10/2021,439,YES,2,7800,10/2007,2008,No,2007-10-01,,,,
3325,1514,Mastercard,Credit,5382732373960615,02/2016,56,YES,2,10900,06/2006,2012,No,2006-06-01,,,,
78,1514,Mastercard,Debit,5602736350449912,12/2024,673,YES,1,1846,01/2005,2005,No,2005-01-01,,,,
4679,1514,Mastercard,Debit (Prepaid),5222744542088596,08/2016,394,YES,1,76,09/2008,2015,No,2008-09-01,,,,
4334,1514,Mastercard,Credit,5052545011580809,07/2020,940,NO,1,0,08/2010,2010,No,2010-08-01,,,,
2390,1698,Visa,Credit,4936494163188301,01/2022,72,NO,1,13400,03/2019,2019,No,2019-03-01,s_001356,2019-03-10 15:13:00,podcast_or_youtube,/blog/credit-basics
922,1698,Visa,Credit,4209685692130280,01/2020,565,YES,1,15800,01/2020,2020,No,2020-01-01,s_001357,2020-01-09 19:42:00,search,/blog/credit-basics
5639,1698,Visa,Debit,4949964634585996,06/2011,341,YES,1,14744,11/2010,2010,No,2010-11-01,,,,
436,1316,Discover,Credit,6193476799412108,02/2020,669,YES,1,8700,01/2020,2020,No,2020-01-01,s_001358,2020-01-07 19:31:00,social_media,/cards/rewards
692,1316,Mastercard,Debit,5196434400831396,01/2022,696,YES,1,12088,01/2020,2020,No,2020-01-01,s_001359,2020-01-28 18:41:00,search,/
330,1316,Mastercard,Credit,5242129479868764,11/2024,288,YES,2,4700,01/2014,2014,No,2014-01-01,,,,
1972,1316,Visa,Debit,4930615029109805,01/2024,514,YES,2,11983,02/2020,2020,No,2020-02-01,s_001360,2020-02-07 20:04:00,blog_or_review_site,/
1730,1316,Mastercard,Debit,5894488780147229,02/2020,182,YES,1,11557,02/2020,2020,No,2020-02-01,s_001361,2020-02-03 12:20:00,search,/apply
2293,889,Visa,Credit,4476864861762314,09/2022,669,YES,1,14700,03/2011,2011,No,2011-03-01,,,,
4522,526,Mastercard,Debit (Prepaid),5754706935084019,06/2021,827,NO,1,52,09/2002,2013,No,2002-09-01,,,,
5204,526,Mastercard,Debit,5427548263390254,12/2016,736,YES,1,3224,10/2010,2013,No,2010-10-01,,,,
5917,526,Visa,Debit,4186305659535998,11/2020,674,YES,2,23001,12/2007,2013,No,2007-12-01,,,,
2091,526,Mastercard,Debit,5507762507273350,01/2022,170,YES,1,23652,03/2005,2014,No,2005-03-01,,,,
5500,526,Mastercard,Debit (Prepaid),5763661322183411,09/2020,688,YES,1,86,11/2007,2013,No,2007-11-01,,,,
5091,231,Mastercard,Debit (Prepaid),5133503724511818,08/2021,528,YES,2,80,10/2007,2011,No,2007-10-01,,,,
4221,231,Mastercard,Debit,5443684097691863,10/2022,473,YES,1,26097,08/2007,2011,No,2007-08-01,,,,
5718,231,Visa,Debit,4551009502548949,05/2023,466,YES,1,11032,11/2015,2015,No,2015-11-01,,,,
2474,231,Visa,Credit,4632232168339378,01/2020,970,YES,1,8900,04/2004,2011,No,2004-04-01,,,,
414,231,Amex,Credit,310400555625656,02/2020,226,YES,2,4700,01/2020,2020,No,2020-01-01,s_001364,2020-01-27 10:56:00,friend_or_family,/cards
5255,910,Visa,Debit,4925413173106257,05/2022,460,YES,1,10523,10/2011,2011,No,2011-10-01,,,,
1431,910,Amex,Credit,327604676331354,02/2020,199,YES,1,8900,02/2020,2020,No,2020-02-01,s_001365,2020-02-25 21:43:00,social_media,/cards/rewards
3918,876,Visa,Debit,4967103653953670,05/2021,962,YES,1,6489,07/2009,2013,No,2009-07-01,,,,
5773,876,Mastercard,Debit,5497742793973953,09/2020,24,NO,2,9146,12/2001,2012,No,2001-12-01,,,,
5342,1509,Mastercard,Debit (Prepaid),5014318785325420,03/2024,622,YES,1,66,10/2019,2019,No,2019-10-01,s_001366,2019-10-15 14:30:00,app_store,/
2352,1509,Visa,Debit,4417739183409950,01/2023,990,NO,1,18138,03/2015,2015,No,2015-03-01,,,,
1347,1509,Mastercard,Debit,5352211789998935,02/2021,443,YES,1,23238,02/2014,2014,No,2014-02-01,,,,
5276,1509,Mastercard,Debit,5410637796399201,09/2022,983,YES,1,20706,10/2013,2013,No,2013-10-01,,,,
3685,1509,Visa,Credit,4762138266799478,08/2022,495,YES,2,12100,07/2002,2010,No,2002-07-01,,,,
5696,1422,Visa,Debit,4363891861741725,03/2020,662,YES,2,19781,11/2013,2013,No,2013-11-01,,,,
4983,1422,Discover,Credit,6967609497983390,03/2023,334,YES,2,9300,10/2003,2012,No,2003-10-01,,,,
3212,1422,Mastercard,Debit,5267551356380608,12/2022,984,NO,2,5451,06/1999,2012,No,1999-06-01,,,,
5515,1422,Visa,Debit,4103248264872952,02/2016,23,YES,2,6491,11/2007,2013,No,2007-11-01,,,,
3796,492,Visa,Debit,4837452802436823,05/2022,288,YES,1,16905,07/2006,2008,No,2006-07-01,,,,
1002,1516,Mastercard,Debit,5503001623065365,04/2020,552,YES,1,47153,02/2002,2006,No,2002-02-01,,,,
3960,1516,Visa,Debit,4776377960241200,12/2022,190,YES,2,25010,07/2010,2010,No,2010-07-01,,,,
5973,1649,Mastercard,Debit,5178473684405564,12/2022,562,YES,1,232,12/2009,2010,No,2009-12-01,,,,
4410,1649,Mastercard,Credit,5012197802964363,02/2016,674,YES,2,100,08/2013,2013,No,2013-08-01,,,,
3697,1649,Mastercard,Debit (Prepaid),5855938431811539,04/2017,656,YES,1,80,07/2003,2011,No,2003-07-01,,,,
3326,583,Mastercard,Debit,5799169833597049,01/2021,85,YES,1,3483,06/2006,2013,No,2006-06-01,,,,
343,583,Amex,Credit,345109128105029,02/2024,963,YES,2,13900,01/2015,2015,No,2015-01-01,,,,
3238,1811,Mastercard,Debit,5158280368787690,10/2024,616,YES,1,70187,06/2002,2011,No,2002-06-01,,,,
291,1811,Visa,Debit,4077584980284629,12/2021,84,NO,2,7821,01/2011,2014,No,2011-01-01,,,,
3355,1811,Mastercard,Debit,5978884065247077,10/2024,708,YES,2,96637,06/2007,2007,No,2007-06-01,,,,
4894,1811,Discover,Credit,6977627305195042,03/2022,233,YES,2,44200,09/2016,2016,No,2016-09-01,s_001370,2016-09-06 19:40:00,search,/apply
2165,1811,Visa,Debit (Prepaid),4065795089404702,08/2023,765,NO,1,68,03/2007,2007,No,2007-03-01,,,,
331,1811,Mastercard,Debit (Prepaid),5320344964229690,01/2021,628,YES,1,54,01/2014,2014,No,2014-01-01,,,,
3978,1811,Mastercard,Debit,5879372260390616,05/2022,403,YES,1,62519,07/2011,2011,No,2011-07-01,,,,
3141,1811,Visa,Debit,4910341780863441,11/2022,246,YES,1,87408,05/2013,2013,No,2013-05-01,,,,
202,1054,Mastercard,Debit,5913847569907564,03/2024,237,YES,2,15100,01/2009,2009,No,2009-01-01,,,,
3860,1054,Mastercard,Debit,5349556696203116,05/2024,875,YES,1,2303,07/2008,2011,No,2008-07-01,,,,
924,1054,Visa,Credit,4295192613583548,03/2023,349,YES,2,9000,01/2020,2020,No,2020-01-01,s_001371,2020-01-13 14:11:00,social_media,/cards/rewards
5921,1678,Amex,Credit,356005165062230,10/2021,507,YES,1,12600,12/2008,2008,No,2008-12-01,,,,
3435,1678,Mastercard,Debit,5240082203312523,05/2021,393,YES,1,25027,06/2009,2009,No,2009-06-01,,,,
4680,1678,Mastercard,Debit,5127936739014860,01/2023,896,YES,1,30424,09/2008,2011,No,2008-09-01,,,,
5311,1412,Visa,Debit,4621223878831288,06/2016,682,YES,2,19081,10/2015,2015,No,2015-10-01,,,,
5687,1412,Mastercard,Debit,5395339623143984,09/2020,501,YES,2,17401,11/2013,2013,No,2013-11-01,,,,
3067,1412,Mastercard,Credit,5135678062479808,07/2021,505,YES,1,12800,05/2010,2016,No,2010-05-01,,,,
3942,1412,Mastercard,Debit (Prepaid),5670005225763179,07/2015,698,YES,1,42,07/2010,2011,No,2010-07-01,,,,
3436,1412,Mastercard,Debit,5818161374881413,06/2014,212,NO,2,10404,06/2009,2010,No,2009-06-01,,,,
3715,177,Mastercard,Debit,5517723360584005,07/2013,347,YES,1,39422,07/2004,2009,No,2004-07-01,,,,
2681,177,Mastercard,Credit,5237138657431099,09/2023,589,YES,1,11900,04/2011,2011,No,2011-04-01,,,,
1152,177,Mastercard,Debit,5974924187009496,06/2022,102,YES,2,4880,02/2008,2010,No,2008-02-01,,,,
3653,177,Mastercard,Debit,5764898909630971,04/2020,255,YES,2,25392,07/1998,2014,No,1998-07-01,,,,
3539,1577,Visa,Credit,4816860056537332,11/2022,197,YES,1,10100,06/2011,2014,No,2011-06-01,,,,
3437,1577,Mastercard,Debit,5764651900129904,03/2024,596,YES,1,2037,06/2009,2013,No,2009-06-01,,,,
3504,1577,Visa,Debit,4991364969575729,01/2021,244,YES,2,21999,06/2010,2015,No,2010-06-01,,,,
2394,1577,Mastercard,Debit,5557499918915420,01/2021,576,YES,2,15793,04/1994,2012,No,1994-04-01,,,,
4090,1609,Mastercard,Debit,5675256776194426,01/2021,833,NO,1,28844,08/1998,2011,No,1998-08-01,,,,
4681,1609,Mastercard,Debit,5595385125014567,08/2023,519,YES,1,34023,09/2008,2008,No,2008-09-01,,,,
5992,1609,Amex,Credit,335445013271477,09/2022,999,YES,1,19400,12/2010,2013,No,2010-12-01,,,,
3510,1609,Amex,Credit,339792898644120,06/2023,936,YES,1,16100,06/2011,2011,No,2011-06-01,,,,
2353,1762,Visa,Credit,4300321753140483,08/2022,628,YES,2,18400,03/2015,2015,No,2015-03-01,,,,
3410,917,Visa,Debit,4191974309505453,01/2018,802,YES,2,17314,06/2008,2014,No,2008-06-01,,,,
2887,917,Mastercard,Debit,5404392353169210,10/2020,819,YES,1,20999,05/2005,2007,No,2005-05-01,,,,
5068,917,Visa,Debit,4475946693710004,11/2006,530,YES,2,7199,10/2006,2013,No,2006-10-01,,,,
2652,1717,Mastercard,Debit,5089930923373798,08/2020,17,YES,1,23956,04/2010,2010,No,2010-04-01,,,,
6122,1717,Mastercard,Debit,5773396250865734,02/2019,800,YES,2,17695,12/2016,2016,No,2016-12-01,s_001375,2016-12-04 20:26:00,search,/
1383,1717,Visa,Debit,4246551286869282,08/2022,593,YES,2,22765,02/2018,2018,No,2018-02-01,s_001376,2018-02-27 20:36:00,blog_or_review_site,/cards/rewards
363,1717,Visa,Debit,4515082319612545,02/2020,194,YES,1,15934,01/2017,2017,No,2017-01-01,s_001377,2017-01-11 18:14:00,other,/cards/rewards
3029,1355,Visa,Debit,4107644655969763,10/2017,870,YES,1,9295,05/2009,2009,No,2009-05-01,,,,
3068,1355,Mastercard,Debit,5164840016148969,08/2023,26,YES,2,7112,05/2010,2014,No,2010-05-01,,,,
166,1668,Mastercard,Debit,5550568534248004,07/2024,941,YES,2,23712,01/2008,2009,No,2008-01-01,,,,
4185,1668,Mastercard,Debit,5549004168547038,02/2021,29,YES,1,33471,08/2006,2011,No,2006-08-01,,,,
4893,1668,Visa,Debit,4982899751098466,02/2020,864,YES,1,23240,09/2015,2015,No,2015-09-01,,,,
4440,1668,Visa,Debit,4249726842929939,07/2022,917,YES,1,18828,08/2014,2014,No,2014-08-01,,,,
4803,1668,Visa,Credit,4161722287532690,10/2010,265,YES,1,14000,09/2010,2016,No,2010-09-01,,,,
1153,1668,Mastercard,Debit (Prepaid),5921304090510635,07/2022,404,YES,2,20,02/2008,2017,No,2008-02-01,,,,
5260,1293,Mastercard,Debit,5037463911586202,05/2021,117,YES,1,16339,10/2012,2012,No,2012-10-01,,,,
696,1293,Mastercard,Debit,5078145607261496,07/2021,614,YES,2,23902,01/2020,2020,No,2020-01-01,s_001378,2020-01-12 19:53:00,blog_or_review_site,/compare
1261,361,Visa,Credit,4972676446491092,06/2022,555,NO,2,11500,02/2010,2010,No,2010-02-01,,,,
5839,361,Mastercard,Debit,5710919174207434,09/2021,13,NO,1,14958,12/2005,2009,No,2005-12-01,,,,
4703,361,Visa,Debit (Prepaid),4394875861818282,03/2021,15,YES,2,20,09/2008,2008,No,2008-09-01,,,,
5055,361,Mastercard,Debit,5615301359229492,06/2008,29,NO,1,4581,10/2006,2009,No,2006-10-01,,,,
260,1659,Visa,Debit,4419460752105618,02/2023,113,YES,1,18116,01/2010,2010,No,2010-01-01,,,,
3438,1659,Mastercard,Debit,5642115649403351,03/2020,731,YES,1,23082,06/2009,2009,No,2009-06-01,,,,
185,1659,Visa,Credit,4199299822093543,09/2015,515,YES,2,19100,01/2008,2008,No,2008-01-01,,,,
5056,1659,Mastercard,Debit,5479463619359581,08/2023,700,YES,2,23740,10/2006,2014,No,2006-10-01,,,,
959,1659,Mastercard,Debit,5499930396917667,11/2021,570,YES,1,22242,02/1996,2012,No,1996-02-01,,,,
3540,1659,Visa,Credit,4445565501557714,09/2020,474,YES,2,12700,06/2011,2011,No,2011-06-01,,,,
148,737,Visa,Debit,4400094918183273,06/2020,700,NO,1,6789,01/2007,2009,No,2007-01-01,,,,
6144,737,Mastercard,Credit,5413710543564908,10/2024,454,YES,1,6600,12/2019,2019,No,2019-12-01,s_001386,2019-12-21 17:46:00,search,/blog/credit-basics
5013,1733,Mastercard,Debit,5918070737334540,09/2023,879,YES,2,898,10/2004,2007,No,2004-10-01,,,,
6016,278,Mastercard,Debit,5601819028761095,05/2023,832,NO,1,137669,12/2010,2010,No,2010-12-01,,,,
2518,278,Visa,Credit,4309358602980982,08/2023,207,YES,1,58100,04/2006,2011,No,2006-04-01,,,,
3919,278,Visa,Credit,4744339709686056,06/2020,810,YES,2,49300,07/2009,2010,No,2009-07-01,,,,
6123,278,Mastercard,Debit,5945500533879840,01/2023,428,YES,1,92828,12/2016,2016,No,2016-12-01,s_001387,2016-12-06 16:34:00,search,/compare
5619,278,Mastercard,Credit,5079922576804283,10/2022,242,YES,2,55300,11/2010,2010,No,2010-11-01,,,,
699,618,Mastercard,Debit (Prepaid),5390553032149250,02/2024,292,NO,2,71,01/2020,2020,No,2020-01-01,s_001388,2020-01-22 16:51:00,search,/cards
2282,618,Mastercard,Debit,5120169290018670,02/2022,784,YES,1,11591,03/2011,2011,No,2011-03-01,,,,
4372,618,Mastercard,Debit,5538394493237764,07/2019,115,YES,1,8633,08/2011,2011,No,2011-08-01,,,,
3411,618,Visa,Debit,4377250779161296,02/2024,393,YES,1,12496,06/2008,2010,No,2008-06-01,,,,
2937,753,Mastercard,Debit (Prepaid),5333013779987101,01/2009,836,YES,2,4,05/2007,2009,No,2007-05-01,,,,
1311,753,Visa,Credit,4033661530367499,01/2023,95,YES,2,8000,02/2012,2012,No,2012-02-01,,,,
5644,753,Discover,Credit,6268816898046008,05/2022,829,YES,1,8600,11/2011,2011,No,2011-11-01,,,,
5697,489,Visa,Debit (Prepaid),4550158721667391,05/2020,764,YES,1,71,11/2013,2013,No,2013-11-01,,,,
5069,489,Visa,Debit,4691816721269524,11/2023,564,YES,2,11347,10/2006,2009,No,2006-10-01,,,,
4233,489,Visa,Credit,4392345136564007,01/2024,539,YES,1,8800,08/2007,2012,No,2007-08-01,,,,
4051,489,Visa,Credit,4174000010311703,07/2023,922,YES,1,14700,07/2016,2016,No,2016-07-01,s_001389,2016-07-12 18:23:00,podcast_or_youtube,/blog/credit-basics
2991,90,Visa,Debit,4086714175586108,05/2010,977,YES,2,9661,05/2008,2015,No,2008-05-01,,,,
1100,90,Visa,Debit,4224384711964351,03/2015,585,YES,2,26872,02/2006,2015,No,2006-02-01,,,,
1233,90,Mastercard,Debit (Prepaid),5454320123258478,03/2020,429,YES,1,102,02/2010,2010,No,2010-02-01,,,,
4682,1264,Mastercard,Debit,5666750494047679,04/2023,756,NO,1,10767,09/2008,2008,No,2008-09-01,,,,
1732,1264,Mastercard,Debit,5482357093415075,11/2024,625,YES,1,14393,02/2020,2020,No,2020-02-01,s_001390,2020-02-22 20:01:00,social_media,/
118,376,Visa,Credit,4472791439889132,10/2020,900,YES,2,25300,01/2006,2009,No,2006-01-01,,,,
1262,376,Visa,Debit,4961188850895805,08/2021,629,NO,1,28884,02/2010,2015,No,2010-02-01,,,,
4704,376,Visa,Debit,4061229587825801,08/2024,127,YES,1,2696,09/2008,2013,No,2008-09-01,,,,
325,376,Visa,Credit,4846362912981071,03/2013,650,YES,1,9200,01/2013,2013,No,2013-01-01,,,,
5576,579,Mastercard,Debit,5481399554489218,08/2019,754,NO,2,21005,11/2009,2010,No,2009-11-01,,,,
2197,218,Mastercard,Debit,5932064740893460,01/2023,263,NO,1,18689,03/2008,2009,No,2008-03-01,,,,
167,218,Mastercard,Credit,5226320820755917,04/2020,569,YES,1,9300,01/2008,2008,No,2008-01-01,,,,
2846,218,Mastercard,Debit,5721088827990781,07/2022,570,YES,2,9789,05/2003,2013,No,2003-05-01,,,,
240,218,Mastercard,Debit,5031033208388940,03/2024,565,YES,2,11694,01/2010,2012,No,2010-01-01,,,,
4091,218,Visa,Debit,4366735799878155,06/2023,763,YES,1,11592,08/1998,2015,No,1998-08-01,,,,
6017,218,Mastercard,Credit,5102494493150212,12/2014,615,YES,1,8100,12/2010,2010,No,2010-12-01,,,,
4465,218,Mastercard,Debit,5212081047458870,11/2021,836,YES,1,11647,08/2017,2017,No,2017-08-01,s_001392,2017-08-07 12:44:00,search,/compare
4859,42,Mastercard,Debit,5585235709223011,09/2020,555,YES,1,10776,09/2013,2013,No,2013-09-01,,,,
2824,42,Discover,Credit,6638748785809862,06/2021,943,YES,1,6300,05/2002,2011,No,2002-05-01,,,,
2742,42,Discover,Credit,6128331852366832,02/2019,56,YES,2,5600,04/2015,2015,No,2015-04-01,,,,
4592,1170,Visa,Credit,4192874179326162,07/2021,680,YES,1,7900,09/2005,2009,No,2005-09-01,,,,
4353,1170,Visa,Debit,4206608050110882,11/2021,873,YES,2,19442,08/2010,2010,No,2010-08-01,,,,
2573,1531,Mastercard,Credit,5697281977143652,02/2024,18,YES,2,7500,04/2008,2008,No,2008-04-01,,,,
4092,26,Amex,Credit,386220220724226,09/2017,281,NO,2,3900,08/1999,2010,No,1999-08-01,,,,
4868,1937,Visa,Credit,4478591356446764,10/2024,207,YES,2,5500,09/2013,2013,No,2013-09-01,,,,
3,1937,Visa,Credit,4289888672554714,04/2020,736,YES,2,16400,01/1995,2015,No,1995-01-01,,,,
4193,1937,Visa,Debit (Prepaid),4418492072049483,05/2021,868,YES,2,53,08/2006,2012,No,2006-08-01,,,,
1186,1937,Mastercard,Debit,5016047912098598,11/2013,561,NO,1,17883,02/2009,2017,No,2009-02-01,,,,
3327,1937,Mastercard,Debit,5663910895753021,08/2024,385,YES,2,12212,06/2006,2006,No,2006-06-01,,,,
3030,1177,Visa,Credit,4375233416487695,11/2023,566,YES,1,15800,05/2009,2015,No,2009-05-01,,,,
4164,1177,Mastercard,Credit,5350464215817716,12/2024,315,YES,1,26400,08/2005,2008,No,2005-08-01,,,,
4860,1177,Mastercard,Debit,5167461508736953,09/2021,218,YES,2,25993,09/2013,2013,No,2013-09-01,,,,
4016,1177,Visa,Debit (Prepaid),4031671355735386,05/2022,372,YES,2,59,07/2013,2013,No,2013-07-01,,,,
3529,1032,Mastercard,Debit (Prepaid),5759154405195541,08/2023,644,YES,2,8,06/2011,2011,No,2011-06-01,,,,
1056,1032,Mastercard,Debit,5147349032162324,07/2020,325,NO,2,1955,02/2005,2013,No,2005-02-01,,,,
3961,397,Visa,Debit,4398726361408174,09/2022,592,YES,1,7159,07/2010,2011,No,2010-07-01,,,,
3179,397,Mastercard,Debit,5166788218031494,10/2021,167,YES,1,12172,05/2016,2016,No,2016-05-01,s_001396,2016-05-28 18:30:00,search,/compare
2574,397,Mastercard,Debit,5748345653201805,01/2021,704,YES,2,10889,04/2008,2010,No,2008-04-01,,,,
2543,566,Mastercard,Credit,5124181575265453,02/2020,308,YES,2,10800,04/2007,2010,No,2007-04-01,,,,
3122,566,Mastercard,Debit (Prepaid),5019509763985509,12/2013,156,YES,1,58,05/2012,2012,No,2012-05-01,,,,
3439,566,Mastercard,Credit,5578674156872455,02/2023,118,YES,1,11000,06/2009,2009,No,2009-06-01,,,,
4547,566,Amex,Credit,304564349597311,11/2024,170,YES,2,12700,09/2004,2008,No,2004-09-01,,,,
5577,566,Mastercard,Credit,5588638647228889,09/2012,525,YES,1,10100,11/2009,2009,No,2009-11-01,,,,
3247,1581,Amex,Credit,335921476257243,02/2022,743,NO,1,11300,06/2003,2007,No,2003-06-01,,,,
2519,1581,Visa,Debit,4564719638698318,12/2020,446,YES,1,26596,04/2006,2015,No,2006-04-01,,,,
5541,1581,Mastercard,Debit,5862160658521395,01/2023,117,YES,2,1807,11/2008,2013,No,2008-11-01,,,,
5374,1581,Discover,Credit,6494282265479617,07/2024,471,YES,1,9700,11/2002,2005,No,2002-11-01,,,,
5840,1581,Mastercard,Credit,5607170404260670,03/2020,51,YES,1,12300,12/2005,2010,No,2005-12-01,,,,
5666,1332,Visa,Debit,4692209881034936,10/2024,841,YES,1,40914,11/2011,2011,No,2011-11-01,,,,
2406,1332,Visa,Debit,4733764906350562,09/2021,982,YES,1,21749,04/1999,2008,No,1999-04-01,,,,
4880,1332,Visa,Debit,4318258273065778,10/2024,152,YES,1,39491,09/2014,2014,No,2014-09-01,,,,
2166,1648,Visa,Debit,4721815072237153,06/2021,106,YES,2,97352,03/2007,2019,No,2007-03-01,,,,
2624,1648,Visa,Debit,4559856655520965,04/2021,475,NO,2,5921,04/2009,2010,No,2009-04-01,,,,
5388,1648,Mastercard,Debit,5283029601327772,10/2023,972,YES,2,54057,11/2003,2012,No,2003-11-01,,,,
1187,1648,Mastercard,Debit,5489127405017818,02/2021,287,NO,2,64565,02/2009,2019,No,2009-02-01,,,,
5282,1648,Visa,Credit,4699987716360968,06/2022,973,YES,1,36700,10/2013,2013,No,2013-10-01,,,,
4787,17,Mastercard,Debit,5112841703970154,06/2022,367,YES,1,7175,09/2010,2017,No,2010-09-01,,,,
4962,17,Amex,Credit,396239738941168,10/2024,814,YES,1,2800,10/2002,2011,No,2002-10-01,,,,
2520,349,Visa,Credit,4957171481250708,08/2023,860,YES,2,3600,04/2006,2006,No,2006-04-01,,,,
4314,349,Visa,Debit,4848387288995352,09/2020,393,YES,1,30348,08/2009,2010,No,2009-08-01,,,,
4843,1200,Visa,Credit,4993894078039979,06/2022,784,YES,2,6000,09/2012,2012,No,2012-09-01,,,,
3505,228,Visa,Credit,4213207721993381,01/2023,746,YES,1,1700,06/2010,2010,No,2010-06-01,,,,
4545,484,Visa,Debit,4597915385582398,07/2006,864,YES,2,10755,09/2003,2020,No,2003-09-01,,,,
5794,484,Mastercard,Debit,5814688468697564,11/2023,196,YES,2,61262,12/2003,2016,No,2003-12-01,,,,
3662,484,Amex,Credit,385811228095330,01/2013,173,YES,1,0,07/2001,2009,No,2001-07-01,,,,
3196,1480,Mastercard,Credit,5677473176452050,01/2018,686,YES,2,7100,05/2017,2017,No,2017-05-01,s_001398,2017-05-24 21:45:00,app_store,/apply
1188,1449,Mastercard,Debit (Prepaid),5154212510711021,09/2022,821,YES,2,51,02/2009,2013,No,2009-02-01,,,,
241,1449,Mastercard,Debit,5134527149271246,02/2022,755,YES,2,11457,01/2010,2016,No,2010-01-01,,,,
1003,1449,Mastercard,Debit,5925144583646101,06/2023,273,NO,2,1563,02/2002,2011,No,2002-02-01,,,,
5707,1417,Visa,Debit,4755309590277505,07/2021,531,YES,2,37325,11/2014,2014,No,2014-11-01,,,,
2975,1417,Mastercard,Credit,5790469227539261,10/2022,1,NO,1,14200,05/2008,2016,No,2008-05-01,,,,
3397,1417,Mastercard,Debit,5164497134993115,09/2021,490,YES,1,28815,06/2008,2015,No,2008-06-01,,,,
1234,1417,Mastercard,Debit (Prepaid),5082923874323795,02/2021,774,YES,2,85,02/2010,2010,No,2010-02-01,,,,
3920,1417,Visa,Debit,4551485171901900,11/2018,892,YES,2,15285,07/2009,2009,No,2009-07-01,,,,
280,267,Mastercard,Debit,5625635561969960,07/2023,310,YES,2,10636,01/2011,2011,No,2011-01-01,,,,
326,267,Visa,Debit,4771456546451310,10/2015,970,YES,1,12891,01/2013,2013,No,2013-01-01,,,,
4411,267,Mastercard,Debit,5404831533605189,10/2021,72,YES,1,11885,08/2013,2013,No,2013-08-01,,,,
5389,373,Mastercard,Debit,5435311573918660,02/2017,45,YES,2,2849,11/2003,2012,No,2003-11-01,,,,
4750,373,Visa,Debit,4623830121488860,08/2023,233,YES,1,3867,09/2009,2009,No,2009-09-01,,,,
261,373,Visa,Debit,4139199465174934,10/2021,9,YES,2,6688,01/2010,2016,No,2010-01-01,,,,
2817,373,Mastercard,Debit,5422145957568718,12/2020,242,YES,2,8021,05/2001,2018,No,2001-05-01,,,,
2283,1772,Mastercard,Debit,5306745473896520,05/2022,271,YES,1,27201,03/2011,2011,No,2011-03-01,,,,
5918,1772,Visa,Credit,4148318094287271,12/2020,313,YES,2,12800,12/2007,2009,No,2007-12-01,,,,
56,1772,Mastercard,Debit (Prepaid),5993362497379576,03/2020,94,YES,2,96,01/2004,2011,No,2004-01-01,,,,
5657,1772,Mastercard,Debit,5626378456369424,05/2023,982,NO,2,16426,11/2011,2011,No,2011-11-01,,,,
4516,1774,Visa,Debit,4296121621030187,01/2023,314,YES,1,14546,09/2001,2008,No,2001-09-01,,,,
2003,1774,Discover,Credit,6974497425701266,12/2020,192,YES,1,8400,03/1997,2013,No,1997-03-01,,,,
5578,1774,Mastercard,Debit,5500175661325557,10/2020,43,YES,2,10815,11/2009,2020,No,2009-11-01,,,,
5939,1774,Mastercard,Credit,5647089735442965,03/2021,480,NO,1,4000,12/2008,2012,No,2008-12-01,,,,
2407,964,Visa,Debit,4086633692001413,05/2020,881,YES,1,11254,04/1999,2018,No,1999-04-01,,,,
2593,964,Visa,Debit,4842195195266314,09/2020,497,YES,2,2271,04/2008,2008,No,2008-04-01,,,,
2811,964,Visa,Debit,4780096957038020,12/2007,604,YES,2,6311,05/2000,2013,No,2000-05-01,,,,
294,964,Amex,Credit,340045632784763,02/2020,218,YES,1,13700,01/2012,2012,No,2012-01-01,,,,
4885,72,Mastercard,Credit,5428221818543241,09/2024,953,YES,1,14300,09/2015,2015,No,2015-09-01,,,,
2366,1527,Mastercard,Credit,5801798801399788,06/2021,527,YES,2,7100,03/2017,2017,No,2017-03-01,s_001401,2017-03-27 12:36:00,social_media,/compare
203,1433,Mastercard,Debit,5346665102858338,01/2024,734,YES,1,4534,01/2009,2010,No,2009-01-01,,,,
4485,1433,Visa,Credit,4889540259167879,07/2021,890,YES,2,4200,08/2019,2019,No,2019-08-01,s_001402,2019-08-21 09:18:00,social_media,/
5841,1433,Mastercard,Debit,5895798485445131,05/2024,48,NO,1,27117,12/2005,2005,No,2005-12-01,,,,
2544,1785,Mastercard,Debit,5356557830959677,04/2023,125,NO,2,14404,04/2007,2015,No,2007-04-01,,,,
2153,1785,Mastercard,Debit,5456509634452108,08/2012,557,YES,2,6360,03/2007,2016,No,2007-03-01,,,,
2037,1785,Mastercard,Debit,5176036831889983,11/2020,119,YES,1,4701,03/2002,2017,No,2002-03-01,,,,
4079,1476,Mastercard,Debit,5086512779429782,05/2024,613,YES,1,13793,07/2019,2019,No,2019-07-01,s_001403,2019-07-28 20:36:00,search,/apply
3553,1476,Mastercard,Debit,5568197772676119,12/2012,676,YES,1,27569,06/2012,2012,No,2012-06-01,,,,
264,1476,Amex,Credit,351118771819506,05/2021,551,YES,1,10400,01/2011,2011,No,2011-01-01,,,,
3990,455,Visa,Debit,4325994913282358,02/2021,114,NO,1,14959,07/2011,2011,No,2011-07-01,,,,
4064,455,Visa,Debit,4573359573640504,10/2022,267,YES,2,19713,07/2017,2017,No,2017-07-01,s_001404,2017-07-01 13:35:00,search,/cards/rewards
348,455,Mastercard,Debit (Prepaid),5146076432064543,03/2022,662,YES,1,90,01/2015,2015,No,2015-01-01,,,,
930,532,Visa,Debit,4766814724627532,06/2020,723,YES,1,16610,01/2020,2020,No,2020-01-01,s_001407,2020-01-26 20:31:00,search,/cards/rewards
3142,532,Visa,Debit,4777234942221867,06/2023,559,YES,1,21793,05/2013,2013,No,2013-05-01,,,,
931,532,Visa,Debit,4175156104515816,07/2022,655,NO,1,15261,01/2020,2020,No,2020-01-01,s_001408,2020-01-06 14:46:00,search,/blog/credit-basics
292,532,Visa,Debit,4092634167714573,04/2024,721,YES,1,25919,01/2011,2011,No,2011-01-01,,,,
57,1092,Mastercard,Debit,5575214152731773,01/2016,88,YES,2,4546,01/2004,2010,No,2004-01-01,,,,
1456,1092,Discover,Credit,6731998965120910,07/2022,82,YES,2,9600,02/2020,2020,No,2020-02-01,s_001409,2020-02-11 18:15:00,search,/cards/rewards
3834,528,Amex,Credit,308644614282116,07/2022,930,YES,2,9500,07/2008,2015,No,2008-07-01,,,,
25,528,Visa,Debit,4287552229905456,04/2003,482,YES,1,7030,01/2001,2011,No,2001-01-01,,,,
5161,528,Mastercard,Debit (Prepaid),5200521526888417,05/2020,493,YES,2,25,10/2009,2010,No,2009-10-01,,,,
3150,328,Mastercard,Debit,5900781818896314,08/2024,694,YES,2,15125,05/2014,2014,No,2014-05-01,,,,
1263,328,Visa,Credit,4737448001688514,06/2020,626,YES,2,13200,02/2010,2010,No,2010-02-01,,,,
4186,328,Mastercard,Debit (Prepaid),5097151873275379,09/2006,617,YES,2,130,08/2006,2014,No,2006-08-01,,,,
364,1282,Visa,Debit,4470396121935962,11/2023,109,YES,1,13193,01/2017,2017,No,2017-01-01,s_001412,2017-01-08 20:37:00,social_media,/compare
4815,1282,Mastercard,Debit,5359387075130556,05/2020,975,YES,1,16187,09/2011,2011,No,2011-09-01,,,,
4945,783,Mastercard,Debit,5359252107099592,10/2020,401,YES,2,1627,10/2000,2013,No,2000-10-01,,,,
105,783,Mastercard,Credit,5084097673104529,10/2007,908,YES,2,5600,01/2006,2008,No,2006-01-01,,,,
5795,783,Mastercard,Credit,5637704480335686,09/2024,146,YES,1,9600,12/2003,2016,No,2003-12-01,,,,
2266,1693,Visa,Credit,4745663916245954,08/2023,938,NO,2,29900,03/2010,2017,No,2010-03-01,,,,
5940,1693,Mastercard,Debit,5128104617797218,03/2017,726,YES,1,33506,12/2008,2011,No,2008-12-01,,,,
932,1542,Visa,Debit,4170170540626885,07/2023,65,YES,1,20971,01/2020,2020,No,2020-01-01,s_001416,2020-01-04 11:18:00,search,/blog/credit-basics
2906,1542,Mastercard,Debit (Prepaid),5712463929886788,06/2020,814,YES,2,65,05/2006,2009,No,2006-05-01,,,,
4829,36,Visa,Debit,4887792862892213,06/2019,31,YES,2,18808,09/2011,2013,No,2011-09-01,,,,
1736,36,Mastercard,Debit,5402670262764803,07/2021,292,NO,2,8723,02/2020,2020,No,2020-02-01,s_001417,2020-02-27 16:47:00,friend_or_family,/compare
2611,360,Mastercard,Debit,5641208271147811,12/2016,668,YES,2,28003,04/2009,2009,No,2009-04-01,,,,
2719,360,Mastercard,Debit,5168276651669097,07/2022,939,YES,2,15972,04/2013,2013,No,2013-04-01,,,,
4441,360,Visa,Debit,4005308847294610,10/2018,106,YES,1,22342,08/2014,2014,No,2014-08-01,,,,
3592,360,Mastercard,Debit,5008326450243575,04/2020,382,NO,1,21058,06/2015,2015,No,2015-06-01,,,,
2710,603,Visa,Credit,4958653958330137,11/2022,821,YES,2,3900,04/2012,2012,No,2012-04-01,,,,
5205,1794,Mastercard,Debit,5320717372996306,07/2024,264,YES,2,4392,10/2010,2017,No,2010-10-01,,,,
3069,329,Mastercard,Credit,5376701080589928,10/2020,991,YES,1,12300,05/2010,2013,No,2010-05-01,,,,
1362,329,Amex,Credit,337550322941360,04/2024,449,YES,2,11100,02/2016,2016,No,2016-02-01,s_001422,2016-02-05 08:08:00,social_media,/cards
4082,329,Visa,Debit (Prepaid),4336821790834583,11/2020,943,YES,2,93,07/2019,2019,No,2019-07-01,s_001423,2019-07-07 19:15:00,blog_or_review_site,/compare
4788,329,Mastercard,Credit,5028747805927867,07/2024,278,YES,1,9500,09/2010,2015,No,2010-09-01,,,,
5824,1181,Visa,Credit,4895717164008273,11/2022,687,YES,1,12000,12/2004,2011,No,2004-12-01,,,,
136,1181,Mastercard,Debit,5627821887128376,07/2020,309,YES,2,11999,01/2007,2015,No,2007-01-01,,,,
3642,1181,Mastercard,Credit,5772874140116142,01/2021,811,YES,2,0,06/2019,2019,No,2019-06-01,s_001424,2019-06-24 17:44:00,other,/cards/rewards
5842,1181,Mastercard,Debit,5107765857429099,09/2021,77,YES,2,18991,12/2005,2011,No,2005-12-01,,,,
1094,1181,Mastercard,Debit,5141288066109648,10/2024,209,YES,1,27146,02/2006,2011,No,2006-02-01,,,,
32,598,Visa,Debit (Prepaid),4405540956453724,10/2024,340,YES,2,32,01/2002,2009,No,2002-01-01,,,,
2040,598,Visa,Debit,4706797634213663,04/2023,754,YES,2,19103,03/2002,2011,No,2002-03-01,,,,
2361,598,Visa,Credit,4497075414603384,10/2021,609,YES,2,11400,03/2016,2016,No,2016-03-01,s_001425,2016-03-11 22:50:00,search,/
5038,990,Visa,Debit (Prepaid),4573104032868370,10/2023,912,YES,1,75,10/2005,2007,No,2005-10-01,,,,
2267,1777,Visa,Credit,4287715741686227,12/2020,945,YES,1,12700,03/2010,2020,No,2010-03-01,,,,
5014,1777,Mastercard,Debit (Prepaid),5863932577604198,05/2023,815,YES,1,61,10/2004,2012,No,2004-10-01,,,,
1207,1777,Discover,Credit,6890958566283018,08/2018,17,YES,2,24400,02/2010,2011,No,2010-02-01,,,,
4557,1777,Mastercard,Debit,5523521756936715,02/2023,646,YES,2,32895,09/2004,2005,No,2004-09-01,,,,
1057,1777,Mastercard,Credit,5283200338474521,09/2006,183,YES,1,14300,02/2005,2010,No,2005-02-01,,,,
2917,1872,Visa,Debit,4579828689268319,07/2023,234,YES,1,24308,05/2006,2011,No,2006-05-01,,,,
5819,1872,Mastercard,Debit,5728624930968573,07/2011,308,YES,1,26328,12/2004,2005,No,2004-12-01,,,,
2918,1872,Visa,Debit,4168297207560528,06/2018,37,YES,1,21655,05/2006,2009,No,2006-05-01,,,,
308,1872,Visa,Debit,4656088751958530,01/2022,257,YES,1,23300,01/2012,2012,No,2012-01-01,,,,
3962,1872,Visa,Credit,4481314542302614,05/2023,653,YES,1,15900,07/2010,2013,No,2010-07-01,,,,
4267,1872,Mastercard,Credit,5747096332409894,03/2023,145,YES,2,8500,08/2008,2011,No,2008-08-01,,,,
2781,1000,Mastercard,Debit,5864857498399320,03/2020,31,YES,1,23088,04/2018,2018,No,2018-04-01,s_001432,2018-04-24 09:59:00,search,/
936,799,Visa,Credit,4632633126868484,02/2020,343,YES,2,6600,01/2020,2020,No,2020-01-01,s_001435,2020-01-17 22:17:00,search,/apply
2284,799,Mastercard,Credit,5608087801127195,02/2020,715,YES,2,7000,03/2011,2011,No,2011-03-01,,,,
3650,144,Amex,Credit,367474243774504,12/2001,558,YES,1,11600,07/1998,2009,No,1998-07-01,,,,
1436,144,Amex,Credit,375207905449012,12/2022,512,YES,2,0,02/2020,2020,No,2020-02-01,s_001436,2020-02-05 15:04:00,social_media,/apply
4457,144,Mastercard,Debit,5962520384384662,11/2022,627,YES,2,14699,08/2016,2016,No,2016-08-01,s_001437,2016-08-13 22:26:00,podcast_or_youtube,/cards
5247,144,Mastercard,Debit,5891798640440029,07/2022,370,YES,2,20289,10/2011,2011,No,2011-10-01,,,,
1235,781,Mastercard,Debit,5724812856736556,12/2024,821,YES,2,16474,02/2010,2010,No,2010-02-01,,,,
1984,781,Visa,Debit,4441537373999689,02/2020,193,YES,2,3356,02/2020,2020,No,2020-02-01,s_001438,2020-02-02 15:56:00,blog_or_review_site,/compare
937,781,Visa,Debit,4130215809450765,02/2020,602,YES,2,14679,01/2020,2020,No,2020-01-01,s_001439,2020-01-14 08:10:00,social_media,/cards
4388,781,Discover,Credit,6308521512097419,08/2020,770,YES,2,4300,08/2012,2012,No,2012-08-01,,,,
5390,1572,Mastercard,Debit,5146038421358947,09/2021,676,YES,1,946,11/2003,2015,No,2003-11-01,,,,
5092,1572,Mastercard,Debit,5024268943997814,04/2024,101,YES,2,7720,10/2007,2007,No,2007-10-01,,,,
3151,1572,Mastercard,Credit,5536644643614485,08/2015,627,YES,2,3500,05/2014,2014,No,2014-05-01,,,,
2775,793,Visa,Credit,4030904159290027,04/2023,880,YES,1,13700,04/2017,2017,No,2017-04-01,s_001440,2017-04-03 21:01:00,other,/blog/credit-basics
4234,793,Visa,Credit,4707721125348403,02/2024,530,YES,1,16700,08/2007,2007,No,2007-08-01,,,,
2545,1179,Mastercard,Debit,5575263233323319,04/2020,712,YES,2,15518,04/2007,2011,No,2007-04-01,,,,
4466,1179,Visa,Debit,4381450999997195,10/2024,135,YES,2,27313,08/2017,2017,No,2017-08-01,s_001442,2017-08-18 19:55:00,search,/blog/credit-basics
2612,1179,Mastercard,Debit,5517928534321046,06/2022,283,YES,1,21989,04/2009,2009,No,2009-04-01,,,,
4760,1179,Discover,Credit,6340588661070812,02/2020,737,YES,1,12900,09/2010,2013,No,2010-09-01,,,,
5128,1179,Mastercard,Debit,5037612210257223,10/2021,213,YES,2,20026,10/2008,2010,No,2008-10-01,,,,
5283,114,Visa,Debit,4997086356987452,03/2023,106,YES,2,10676,10/2013,2013,No,2013-10-01,,,,
3398,114,Mastercard,Debit,5563288095981743,07/2023,711,YES,2,27447,06/2008,2010,No,2008-06-01,,,,
3070,114,Mastercard,Debit,5471501151275219,01/2019,875,YES,2,16617,05/2010,2011,No,2010-05-01,,,,
939,114,Visa,Debit,4406180094358834,09/2020,386,YES,2,12173,01/2020,2020,No,2020-01-01,s_001443,2020-01-08 09:59:00,blog_or_review_site,/
6112,1107,Mastercard,Debit,5678186427083264,04/2023,765,YES,1,16678,12/2015,2015,No,2015-12-01,,,,
3698,1107,Mastercard,Debit,5259128969401805,03/2020,719,YES,1,14123,07/2003,2006,No,2003-07-01,,,,
1985,1107,Visa,Debit,4779897441663920,07/2023,172,YES,1,11281,02/2020,2020,No,2020-02-01,s_001445,2020-02-12 10:11:00,search,/
8,1107,Mastercard,Credit,5462760953855576,09/2021,665,NO,2,10300,01/1998,2006,No,1998-01-01,,,,
2872,1107,Visa,Debit (Prepaid),4218945513492403,04/2020,609,YES,2,102,05/2004,2011,No,2004-05-01,,,,
6079,517,Visa,Debit,4529198706544196,12/2019,956,YES,1,11254,12/2012,2012,No,2012-12-01,,,,
5335,517,Visa,Debit,4624298880024351,05/2023,695,NO,2,10703,10/2018,2018,No,2018-10-01,s_001446,2018-10-22 12:38:00,search,/cards/rewards
106,517,Mastercard,Credit,5781831200471526,04/2021,342,YES,1,5000,01/2006,2016,No,2006-01-01,,,,
1739,517,Mastercard,Debit,5814657967124433,09/2021,53,YES,2,8002,02/2020,2020,No,2020-02-01,s_001447,2020-02-20 16:28:00,search,/compare
2268,624,Visa,Debit,4428221393352281,01/2012,800,YES,2,18969,03/2010,2010,No,2010-03-01,,,,
1326,624,Mastercard,Debit,5620777347987312,04/2019,203,YES,1,12931,02/2013,2013,No,2013-02-01,,,,
2992,1215,Visa,Debit,4052977938644536,07/2008,922,YES,2,18112,05/2008,2011,No,2008-05-01,,,,
5476,1992,Visa,Debit,4599537074421924,06/2021,352,YES,1,13034,11/2006,2006,No,2006-11-01,,,,
5327,1992,Visa,Debit (Prepaid),4735444171765440,04/2021,440,YES,1,71,10/2017,2017,No,2017-10-01,s_001448,2017-10-23 16:02:00,podcast_or_youtube,/apply
1132,1992,Visa,Debit,4346364600707726,05/2021,819,YES,1,10374,02/2007,2007,No,2007-02-01,,,,
4442,1992,Visa,Debit,4464255837780501,09/2016,11,YES,1,13382,08/2014,2014,No,2014-08-01,,,,
3797,1992,Visa,Debit,4169528920281151,02/2020,372,YES,1,11063,07/2006,2011,No,2006-07-01,,,,
5974,19,Mastercard,Debit (Prepaid),5885996845393849,02/2023,676,YES,2,55,12/2009,2011,No,2009-12-01,,,,
1133,1605,Visa,Debit,4607163659779577,01/2024,954,YES,1,18358,02/2007,2010,No,2007-02-01,,,,
3231,1605,Visa,Credit,4050809280792654,10/2022,906,YES,1,8700,06/2001,2010,No,2001-06-01,,,,
5975,1605,Mastercard,Debit,5242747753340318,12/2009,558,YES,2,1966,12/2009,2011,No,2009-12-01,,,,
3123,463,Mastercard,Debit,5043650081401232,11/2017,56,YES,1,13257,05/2012,2012,No,2012-05-01,,,,
5746,463,Visa,Debit,4049537564126777,12/2019,952,YES,1,20297,11/2019,2019,No,2019-11-01,s_001450,2019-11-10 18:56:00,search,/cards/rewards
3328,809,Mastercard,Debit,5751825449090351,10/2018,741,YES,1,31696,06/2006,2015,No,2006-06-01,,,,
1202,590,Amex,Credit,361343872480844,09/2010,837,YES,2,7400,02/2010,2012,No,2010-02-01,,,,
262,590,Visa,Debit,4770207045170231,11/2022,959,NO,2,7644,01/2010,2010,No,2010-01-01,,,,
2555,1904,Visa,Credit,4906330160441425,06/2021,740,NO,1,13600,04/2007,2011,No,2007-04-01,,,,
2575,1904,Mastercard,Debit (Prepaid),5018139436441141,11/2022,978,YES,1,40,04/2008,2011,No,2008-04-01,,,,
3656,1904,Mastercard,Debit (Prepaid),5560959222277430,08/2007,327,YES,2,61,07/2000,2013,No,2000-07-01,,,,
1004,1904,Mastercard,Debit,5660745375245497,07/2022,27,YES,1,7597,02/2002,2005,No,2002-02-01,,,,
2498,1904,Visa,Credit,4424092813863775,07/2024,996,NO,2,9900,04/2005,2006,No,2005-04-01,,,,
1120,545,Mastercard,Debit,5500745251339739,12/2021,290,YES,2,7898,02/2007,2014,No,2007-02-01,,,,
6140,545,Amex,Credit,312560176162838,02/2020,667,YES,1,12700,12/2019,2019,No,2019-12-01,s_001452,2019-12-03 12:20:00,social_media,/blog/credit-basics
5802,545,Visa,Debit,4026064532527532,04/2018,850,NO,1,34329,12/2003,2010,No,2003-12-01,,,,
2125,789,Mastercard,Debit,5733951015747886,08/2021,629,NO,1,25206,03/2006,2018,No,2006-03-01,,,,
4523,789,Mastercard,Debit (Prepaid),5358041053681348,10/2021,787,YES,1,89,09/2002,2012,No,2002-09-01,,,,
2269,789,Visa,Debit,4466987531926977,04/2024,542,YES,3,15143,03/2010,2014,No,2010-03-01,,,,
3071,742,Mastercard,Credit,5867727546265982,10/2010,868,YES,2,12700,05/2010,2010,No,2010-05-01,,,,
4751,742,Visa,Debit (Prepaid),4021365419633529,04/2024,489,YES,2,53,09/2009,2009,No,2009-09-01,,,,
3900,742,Mastercard,Debit (Prepaid),5451240838028180,07/2023,89,YES,2,67,07/2009,2016,No,2009-07-01,,,,
3943,742,Mastercard,Debit,5524375174709990,04/2020,727,NO,2,22839,07/2010,2015,No,2010-07-01,,,,
706,612,Mastercard,Debit,5184750031787695,05/2024,395,YES,1,17252,01/2020,2020,No,2020-01-01,s_001453,2020-01-04 18:53:00,search,/apply
2294,612,Visa,Debit,4414457303374738,03/2024,962,YES,1,19103,03/2011,2011,No,2011-03-01,,,,
4031,612,Visa,Debit,4622792344518889,05/2020,682,NO,1,15619,07/2014,2014,No,2014-07-01,,,,
2375,612,Mastercard,Debit,5288684620224628,02/2020,742,YES,1,17512,03/2018,2018,No,2018-03-01,s_001454,2018-03-08 19:32:00,friend_or_family,/
186,612,Visa,Credit,4446204059905464,11/2020,745,YES,1,9300,01/2008,2008,No,2008-01-01,,,,
3512,612,Discover,Credit,6459832607723477,03/2021,613,YES,2,9300,06/2011,2011,No,2011-06-01,,,,
4925,612,Mastercard,Debit,5116412114054866,01/2021,641,YES,1,13584,09/2019,2019,No,2019-09-01,s_001455,2019-09-24 11:32:00,blog_or_review_site,/
1438,523,Amex,Credit,321786749835899,03/2024,747,YES,2,8200,02/2020,2020,No,2020-02-01,s_001461,2020-02-15 19:58:00,podcast_or_youtube,/cards
2713,523,Discover,Credit,6364215863625390,10/2023,14,YES,1,13000,04/2013,2013,No,2013-04-01,,,,
3612,523,Mastercard,Debit,5690509651153906,05/2022,573,YES,2,20430,06/2016,2016,No,2016-06-01,s_001462,2016-06-02 12:52:00,search,/apply
709,523,Mastercard,Credit,5008598572977474,02/2020,232,YES,1,8300,01/2020,2020,No,2020-01-01,s_001463,2020-01-04 18:45:00,social_media,/blog/credit-basics
2771,928,Mastercard,Debit,5578069135826637,07/2019,703,YES,1,10882,04/2017,2017,No,2017-04-01,s_001464,2017-04-10 13:51:00,friend_or_family,/compare
3572,928,Visa,Debit,4323438857314993,03/2022,40,YES,1,19454,06/2013,2013,No,2013-06-01,,,,
3152,928,Mastercard,Debit,5075857376370680,02/2020,982,YES,1,19624,05/2014,2014,No,2014-05-01,,,,
1203,928,Amex,Credit,322674119450622,08/2012,250,YES,1,8700,02/2010,2010,No,2010-02-01,,,,
710,928,Mastercard,Credit,5253140087088071,12/2020,945,YES,1,8000,01/2020,2020,No,2020-01-01,s_001465,2020-01-01 08:45:00,social_media,/apply
4528,928,Visa,Debit,4565738687713649,03/2020,549,YES,1,14540,09/2002,2002,No,2002-09-01,,,,
4335,928,Mastercard,Credit,5170430476017818,06/2023,817,YES,1,7300,08/2010,2013,No,2010-08-01,,,,
3506,1642,Visa,Credit,4941217468452968,03/2015,160,YES,2,12200,06/2010,2010,No,2010-06-01,,,,
3573,1642,Visa,Credit,4222423291346252,01/2021,67,YES,1,5000,06/2013,2013,No,2013-06-01,,,,
5206,1642,Mastercard,Credit,5451362125568437,03/2020,365,YES,1,11200,10/2010,2010,No,2010-10-01,,,,
6034,1642,Visa,Credit,4759687155885583,07/2016,34,NO,2,11200,12/2010,2011,No,2010-12-01,,,,
4281,1642,Visa,Debit,4680328184934192,12/2012,377,YES,1,26730,08/2008,2010,No,2008-08-01,,,,
332,495,Mastercard,Credit,5678554364408518,07/2017,255,YES,2,11500,01/2014,2014,No,2014-01-01,,,,
1740,495,Mastercard,Debit,5622967893451771,10/2022,227,YES,2,16747,02/2020,2020,No,2020-02-01,s_001466,2020-02-06 21:56:00,social_media,/blog/credit-basics
2521,495,Visa,Debit,4337361376136363,09/2011,943,YES,1,11574,04/2006,2009,No,2006-04-01,,,,
137,495,Mastercard,Debit,5291637236164085,06/2008,568,NO,1,13772,01/2007,2009,No,2007-01-01,,,,
2625,166,Visa,Debit,4539775091869861,02/2021,740,YES,1,271,04/2009,2012,No,2009-04-01,,,,
5284,166,Amex,Credit,395311275502832,05/2022,56,YES,2,16100,10/2014,2014,No,2014-10-01,,,,
1741,166,Mastercard,Debit,5733441683735973,02/2020,667,YES,2,11039,02/2020,2020,No,2020-02-01,s_001467,2020-02-21 18:20:00,blog_or_review_site,/apply
4836,1277,Mastercard,Credit,5685035507383249,08/2017,135,YES,2,19800,09/2012,2012,No,2012-09-01,,,,
2714,718,Discover,Credit,6596755789941875,11/2024,931,YES,2,5700,04/2013,2013,No,2013-04-01,,,,
5796,718,Mastercard,Credit,5003485851351776,03/2011,861,NO,1,7200,12/2003,2012,No,2003-12-01,,,,
1189,718,Mastercard,Debit (Prepaid),5164766009976950,09/2020,691,YES,2,11,02/2009,2013,No,2009-02-01,,,,
711,1962,Mastercard,Debit,5422341110559659,10/2021,939,YES,2,45373,01/2020,2020,No,2020-01-01,s_001468,2020-01-28 16:50:00,blog_or_review_site,/compare
3371,1962,Visa,Credit,4415046745142821,06/2011,166,NO,1,21000,06/2007,2015,No,2007-06-01,,,,
3798,1962,Visa,Debit,4343665057958607,08/2021,665,YES,1,43287,07/2006,2013,No,2006-07-01,,,,
2594,1962,Visa,Debit,4452357307336469,07/2021,260,YES,1,42176,04/2008,2008,No,2008-04-01,,,,
2126,1962,Mastercard,Debit,5322921857948894,03/2022,534,YES,2,19789,03/2006,2010,No,2006-03-01,,,,
2198,133,Mastercard,Debit,5241330528442158,07/2022,436,YES,1,24508,03/2008,2009,No,2008-03-01,,,,
4683,133,Mastercard,Debit,5386540540263311,03/2024,26,YES,1,25197,09/2008,2011,No,2008-09-01,,,,
6113,682,Mastercard,Credit,5512081974916797,10/2022,765,YES,2,9300,12/2015,2015,No,2015-12-01,,,,
6145,682,Visa,Debit,4605950682175499,08/2020,517,YES,1,16047,12/2019,2019,No,2019-12-01,s_001469,2019-12-22 11:22:00,friend_or_family,/compare
5162,795,Mastercard,Debit,5902542975328331,12/2023,983,YES,1,27795,10/2009,2014,No,2009-10-01,,,,
4357,795,Discover,Credit,6917280872761373,04/2020,315,YES,2,16100,08/2011,2011,No,2011-08-01,,,,
5904,1849,Mastercard,Debit,5576035087378479,05/2023,481,YES,2,14027,12/2007,2014,No,2007-12-01,,,,
1011,1849,Discover,Credit,6737538441360610,08/2024,595,YES,1,10600,02/2003,2007,No,2003-02-01,,,,
3661,1732,Visa,Debit,4044316472139410,12/2023,596,YES,2,26995,07/2000,2009,No,2000-07-01,,,,
6096,237,Visa,Credit,4187289847634833,04/2021,798,NO,2,4300,12/2013,2013,No,2013-12-01,,,,
3574,237,Visa,Debit,4145423192370462,02/2021,398,NO,1,38900,06/2013,2013,No,2013-06-01,,,,
4238,769,Discover,Credit,6514958752973692,11/2012,261,NO,1,9500,08/2008,2009,No,2008-08-01,,,,
1744,769,Mastercard,Debit,5648870697869377,02/2020,686,YES,2,17633,02/2020,2020,No,2020-02-01,s_001477,2020-02-12 17:31:00,blog_or_review_site,/cards
3298,2,Mastercard,Credit,5191615123045322,11/2020,485,YES,1,7400,06/2005,2011,No,2005-06-01,,,,
3593,2,Mastercard,Debit,5458954548704072,07/2024,47,YES,1,9001,06/2015,2015,No,2015-06-01,,,,
2576,2,Mastercard,Debit,5077942665919872,08/2023,127,NO,2,9669,04/2008,2011,No,2008-04-01,,,,
6073,2,Mastercard,Debit,5617443939610345,08/2024,813,YES,2,16491,12/2012,2012,No,2012-12-01,,,,
2919,2,Visa,Credit,4809764397537147,12/2013,939,YES,1,7800,05/2006,2012,No,2006-05-01,,,,
3153,313,Mastercard,Debit,5401966281135701,02/2023,737,YES,2,12183,05/2014,2014,No,2014-05-01,,,,
4804,313,Visa,Credit,4142618269549473,12/2022,716,YES,1,8900,09/2010,2016,No,2010-09-01,,,,
2938,989,Mastercard,Credit,5696485046042913,02/2024,764,YES,1,28000,05/2007,2007,No,2007-05-01,,,,
4613,989,Mastercard,Debit,5545483213832558,06/2020,645,NO,1,19843,09/2006,2015,No,2006-09-01,,,,
4354,989,Visa,Debit,4353181605005049,02/2021,19,YES,2,4707,08/2010,2010,No,2010-08-01,,,,
3039,989,Amex,Credit,309385388804488,01/2024,251,YES,1,16200,05/2010,2010,No,2010-05-01,,,,
3643,989,Mastercard,Debit (Prepaid),5331189129913282,10/2020,359,YES,1,58,06/2019,2019,No,2019-06-01,s_001483,2019-06-07 11:15:00,podcast_or_youtube,/apply
4124,989,Visa,Credit,4119849353170305,02/2020,170,YES,2,21600,08/2003,2015,No,2003-08-01,,,,
2511,989,Mastercard,Debit,5676028749684108,01/2022,678,YES,2,4707,04/2006,2015,No,2006-04-01,,,,
3979,989,Mastercard,Debit,5270284172540389,05/2024,714,YES,3,27178,07/2011,2011,No,2011-07-01,,,,
2976,1562,Mastercard,Credit,5819630613408765,03/2023,727,YES,2,8100,05/2008,2014,No,2008-05-01,,,,
168,1562,Mastercard,Debit,5980129246400404,02/2024,42,YES,2,16815,01/2008,2014,No,2008-01-01,,,,
3459,1562,Visa,Debit (Prepaid),4881855799456128,02/2022,637,YES,1,0,06/2009,2012,No,2009-06-01,,,,
2907,1983,Mastercard,Credit,5268892141706910,03/2023,905,YES,1,51900,05/2006,2009,No,2006-05-01,,,,
3399,1983,Mastercard,Credit,5634102457746992,02/2020,250,YES,1,17700,06/2008,2009,No,2008-06-01,,,,
2653,1983,Mastercard,Debit,5340780229634197,07/2023,257,YES,1,47211,04/2010,2010,No,2010-04-01,,,,
191,1091,Amex,Credit,386478516235378,03/2024,172,NO,2,17800,01/2009,2009,No,2009-01-01,,,,
1384,1091,Visa,Debit,4330882727770787,10/2019,22,YES,1,29685,02/2018,2018,No,2018-02-01,s_001484,2018-02-07 08:13:00,other,/blog/credit-basics
3507,1091,Visa,Credit,4724864981660920,08/2024,403,NO,1,12700,06/2010,2013,No,2010-06-01,,,,
3334,1091,Visa,Debit,4561951091545890,08/2022,691,YES,1,21744,06/2006,2011,No,2006-06-01,,,,
2013,759,Visa,Credit,4417109828447309,05/2002,812,YES,2,15500,03/1999,2013,No,1999-03-01,,,,
3716,759,Mastercard,Debit,5418111837859479,05/2022,529,YES,2,23154,07/2004,2012,No,2004-07-01,,,,
2230,759,Mastercard,Debit,5864938158181063,03/2012,438,YES,2,8747,03/2009,2009,No,2009-03-01,,,,
3101,759,Mastercard,Debit,5565412921641370,09/2024,992,YES,1,25059,05/2011,2011,No,2011-05-01,,,,
2069,779,Mastercard,Credit,5333842700329565,04/2018,191,YES,2,14200,03/2004,2010,No,2004-03-01,,,,
119,779,Visa,Debit,4906021631955321,01/2024,889,YES,2,18888,01/2006,2014,No,2006-01-01,,,,
1058,779,Mastercard,Debit,5260501863539748,10/2023,797,NO,2,3099,02/2005,2013,No,2005-02-01,,,,
4558,779,Mastercard,Debit,5948253675276941,11/2021,348,YES,2,10656,09/2004,2011,No,2004-09-01,,,,
3299,779,Mastercard,Debit,5510063639324759,06/2012,587,YES,2,12698,06/2005,2010,No,2005-06-01,,,,
4282,105,Visa,Credit,4359575208295254,09/2022,939,YES,1,10200,08/2008,2012,No,2008-08-01,,,,
4443,105,Visa,Credit,4835239816888340,04/2015,368,YES,2,10100,08/2014,2014,No,2014-08-01,,,,
3460,105,Visa,Credit,4754007965044975,01/2021,604,YES,1,10700,06/2009,2013,No,2009-06-01,,,,
1103,105,Amex,Credit,327833439977815,06/2012,215,YES,2,6100,02/2007,2008,No,2007-02-01,,,,
2499,105,Visa,Credit,4956654746579365,10/2023,15,YES,2,8800,04/2005,2014,No,2005-04-01,,,,
3632,1618,Mastercard,Debit,5677315632040269,01/2020,927,YES,1,21280,06/2018,2018,No,2018-06-01,s_001485,2018-06-06 10:58:00,search,/cards/rewards
5363,1618,Mastercard,Debit (Prepaid),5658794762166757,03/2023,663,YES,1,111,11/2000,2010,No,2000-11-01,,,,
3031,1618,Visa,Debit,4788096167141165,01/2024,88,YES,1,26608,05/2009,2009,No,2009-05-01,,,,
5729,1618,Visa,Debit,4032385619436581,03/2022,88,YES,2,37619,11/2016,2016,No,2016-11-01,s_001486,2016-11-18 16:04:00,blog_or_review_site,/
3239,1168,Mastercard,Debit,5809446324429038,09/2020,480,YES,1,25422,06/2002,2008,No,2002-06-01,,,,
5300,1237,Visa,Debit,4967614598666288,12/2020,790,YES,2,16053,10/2014,2014,No,2014-10-01,,,,
2017,1237,Amex,Credit,304727353948890,07/2022,930,YES,1,8400,03/2001,2014,No,2001-03-01,,,,
3944,1237,Mastercard,Debit,5293034450657206,09/2021,829,YES,1,14385,07/2010,2012,No,2010-07-01,,,,
5163,1237,Mastercard,Debit,5908634356288234,12/2020,276,YES,2,1607,10/2009,2011,No,2009-10-01,,,,
2092,1237,Mastercard,Debit (Prepaid),5295399317930837,12/2015,543,YES,2,51,03/2005,2007,No,2005-03-01,,,,
3372,1237,Visa,Debit,4925352341824320,09/2023,570,YES,2,5646,06/2007,2019,No,2007-06-01,,,,
4283,699,Visa,Debit,4015359680044238,10/2021,867,YES,1,20887,08/2008,2008,No,2008-08-01,,,,
3285,699,Amex,Credit,361232830727034,08/2022,626,YES,1,9500,06/2005,2005,No,2005-06-01,,,,
3875,699,Visa,Debit,4029109059179282,08/2024,637,YES,2,8960,07/2008,2014,No,2008-07-01,,,,
4012,646,Mastercard,Debit,5084129042406429,05/2022,379,YES,2,15822,07/2013,2013,No,2013-07-01,,,,
6090,646,Mastercard,Debit,5171925674822493,08/2023,349,YES,1,17057,12/2013,2013,No,2013-12-01,,,,
2093,646,Mastercard,Credit,5417194878972795,04/2021,638,YES,2,14500,03/2005,2019,No,2005-03-01,,,,
5976,1403,Mastercard,Debit,5997533760937121,09/2013,563,YES,2,21084,12/2009,2015,No,2009-12-01,,,,
2830,1403,Mastercard,Debit,5658918047471971,03/2024,179,YES,2,11889,05/2002,2014,No,2002-05-01,,,,
5433,631,Mastercard,Credit,5693300103257697,10/2009,646,YES,1,8600,11/2005,2006,No,2005-11-01,,,,
4355,631,Visa,Debit,4085525339324208,09/2023,988,YES,1,1740,08/2010,2010,No,2010-08-01,,,,
4515,631,Mastercard,Debit,5364261943325012,06/2022,255,YES,1,16908,09/2001,2013,No,2001-09-01,,,,
2818,631,Mastercard,Debit,5164138227100839,07/2022,553,YES,1,15591,05/2001,2012,No,2001-05-01,,,,
3784,631,Mastercard,Debit,5093862705639584,05/2008,697,YES,2,20974,07/2006,2007,No,2006-07-01,,,,
717,631,Mastercard,Credit,5317076130104741,05/2022,81,YES,1,7200,01/2020,2020,No,2020-01-01,s_001489,2020-01-01 18:35:00,social_media,/blog/credit-basics
2596,631,Amex,Credit,354553734129805,02/2024,512,NO,1,8500,04/2009,2010,No,2009-04-01,,,,
4138,1070,Mastercard,Debit,5588241759620390,08/2022,902,YES,1,28666,08/2004,2010,No,2004-08-01,,,,
718,1070,Mastercard,Debit,5077019023912414,02/2022,452,NO,2,24334,01/2020,2020,No,2020-01-01,s_001490,2020-01-09 11:01:00,search,/cards/rewards
2923,1070,Amex,Credit,331661418672228,02/2020,340,YES,2,13100,05/2007,2013,No,2007-05-01,,,,
4684,1070,Mastercard,Debit (Prepaid),5003507127783509,01/2011,406,YES,2,53,09/2008,2012,No,2008-09-01,,,,
2908,1070,Mastercard,Debit,5485919338552938,11/2021,934,YES,1,16898,05/2006,2013,No,2006-05-01,,,,
5072,1070,Amex,Credit,310908674378136,02/2021,334,YES,2,9600,10/2007,2008,No,2007-10-01,,,,
2455,291,Amex,Credit,348934344491613,04/2005,705,YES,2,6800,04/2004,2010,No,2004-04-01,,,,
3221,291,Amex,Credit,352221649550364,10/2024,412,YES,2,9900,06/2001,2006,No,2001-06-01,,,,
169,291,Mastercard,Debit (Prepaid),5900191366508128,08/2018,94,YES,2,52,01/2008,2011,No,2008-01-01,,,,
5774,738,Mastercard,Credit,5997676532243287,08/2020,937,YES,2,19600,12/2001,2013,No,2001-12-01,,,,
2270,738,Visa,Credit,4975397225900594,10/2022,633,YES,2,19300,03/2010,2010,No,2010-03-01,,,,
1989,738,Visa,Debit,4554612997314669,10/2020,551,YES,1,42253,02/2020,2020,No,2020-02-01,s_001491,2020-02-14 17:34:00,social_media,/cards
204,738,Mastercard,Debit,5186294128669152,06/2023,648,YES,1,21997,01/2009,2011,No,2009-01-01,,,,
5140,142,Visa,Debit,4245753102284802,02/2020,47,YES,2,20902,10/2008,2015,No,2008-10-01,,,,
1046,142,Visa,Debit,4849801141196819,01/2021,469,YES,2,2284,02/2004,2017,No,2004-02-01,,,,
5827,459,Amex,Credit,394462670377525,05/2018,988,YES,1,6500,12/2005,2016,No,2005-12-01,,,,
5620,459,Mastercard,Debit,5455692825493528,05/2024,886,YES,2,1200,11/2010,2010,No,2010-11-01,,,,
3170,459,Visa,Credit,4702160782866812,07/2022,32,YES,1,6300,05/2015,2015,No,2015-05-01,,,,
1991,459,Visa,Debit,4702909631016695,08/2024,296,YES,1,13496,02/2020,2020,No,2020-02-01,s_001494,2020-02-26 21:38:00,social_media,/cards
3625,459,Visa,Debit,4777682501119860,03/2022,841,NO,2,10636,06/2017,2017,No,2017-06-01,s_001495,2017-06-15 08:55:00,search,/cards
120,459,Visa,Credit,4115517902859173,02/2020,685,YES,1,7000,01/2006,2018,No,2006-01-01,,,,
1457,281,Discover,Credit,6057750888394995,10/2022,941,YES,2,10000,02/2020,2020,No,2020-02-01,s_001496,2020-02-20 17:26:00,search,/cards
4453,281,Visa,Credit,4027267585799417,02/2020,614,YES,2,5700,08/2015,2015,No,2015-08-01,,,,
3667,55,Mastercard,Credit,5654301247931831,10/2015,534,YES,1,10300,07/2001,2017,No,2001-07-01,,,,
4505,55,Mastercard,Debit,5279944889030781,09/2007,556,YES,2,17775,09/2000,2008,No,2000-09-01,,,,
3980,55,Mastercard,Debit,5603953556223249,07/2021,279,YES,2,6056,07/2011,2011,No,2011-07-01,,,,
3265,55,Visa,Debit,4806234146608194,08/2020,750,YES,1,1736,06/2003,2012,No,2003-06-01,,,,
5865,55,Mastercard,Debit,5124868578530623,05/2022,482,YES,1,20573,12/2006,2014,No,2006-12-01,,,,
6037,1370,Discover,Credit,6423896642709968,12/2024,893,YES,1,18400,12/2011,2011,No,2011-12-01,,,,
4957,1370,Mastercard,Debit,5831867303465557,07/2024,88,YES,2,12610,10/2001,2007,No,2001-10-01,,,,
170,1370,Mastercard,Debit,5848792320156293,08/2020,354,YES,2,10471,01/2008,2010,No,2008-01-01,,,,
3464,1370,Amex,Credit,354174665165986,02/2023,490,YES,2,25100,06/2010,2010,No,2010-06-01,,,,
721,897,Mastercard,Credit,5648920659581656,03/2022,9,YES,2,10200,01/2020,2020,No,2020-01-01,s_001499,2020-01-16 11:35:00,app_store,/apply
4458,897,Mastercard,Debit,5039518885202193,09/2022,731,NO,1,13460,08/2016,2016,No,2016-08-01,s_001500,2016-08-23 22:47:00,friend_or_family,/blog/credit-basics
723,1781,Mastercard,Debit,5205146873846149,03/2020,412,YES,1,10673,01/2020,2020,No,2020-01-01,s_001504,2020-01-14 21:16:00,social_media,/cards
6018,1781,Mastercard,Debit,5271577810389285,11/2023,444,NO,2,14959,12/2010,2013,No,2010-12-01,,,,
3032,1781,Visa,Debit,4421074314274468,10/2015,365,YES,2,4924,05/2009,2013,No,2009-05-01,,,,
5554,457,Visa,Credit,4765720927158180,06/2020,635,YES,1,12900,11/2008,2010,No,2008-11-01,,,,
3129,457,Amex,Credit,323995995043195,03/2021,845,YES,2,4300,05/2013,2013,No,2013-05-01,,,,
4222,457,Mastercard,Debit,5325429814066263,07/2024,405,YES,2,16134,08/2007,2010,No,2007-08-01,,,,
3751,457,Visa,Credit,4827782115726481,07/2023,26,YES,2,7900,07/2005,2006,No,2005-07-01,,,,
2740,160,Visa,Debit,4052223642085368,11/2020,695,YES,1,15204,04/2014,2014,No,2014-04-01,,,,
1747,160,Mastercard,Debit,5043025719349382,10/2022,212,YES,2,12282,02/2020,2020,No,2020-02-01,s_001505,2020-02-20 15:14:00,blog_or_review_site,/compare
4914,160,Mastercard,Debit (Prepaid),5097177024373449,03/2020,487,YES,1,79,09/2017,2017,No,2017-09-01,s_001506,2017-09-18 08:40:00,blog_or_review_site,/cards
3072,1655,Mastercard,Debit,5129559258430452,02/2015,315,YES,2,22679,05/2010,2010,No,2010-05-01,,,,
947,1655,Visa,Credit,4848478019868044,02/2020,877,YES,1,5500,01/2020,2020,No,2020-01-01,s_001507,2020-01-02 10:41:00,blog_or_review_site,/blog/credit-basics
1236,1655,Mastercard,Credit,5273827620362753,12/2012,361,YES,1,8400,02/2010,2013,No,2010-02-01,,,,
1208,984,Discover,Credit,6617667813539645,06/2022,357,YES,2,6900,02/2010,2015,No,2010-02-01,,,,
2796,984,Visa,Debit,4735265751138652,08/2022,484,YES,1,14217,05/1997,2013,No,1997-05-01,,,,
4088,984,Mastercard,Debit,5466783111172182,02/2024,259,YES,1,9226,08/1997,2015,No,1997-08-01,,,,
3836,984,Discover,Credit,6286867412246582,02/2020,286,YES,2,4000,07/2008,2008,No,2008-07-01,,,,
121,984,Visa,Credit,4163142253525850,05/2024,949,YES,2,10600,01/2006,2015,No,2006-01-01,,,,
724,1329,Mastercard,Debit (Prepaid),5809675483353806,04/2020,851,YES,1,69,01/2020,2020,No,2020-01-01,s_001508,2020-01-19 18:08:00,friend_or_family,/apply
725,1329,Mastercard,Debit,5049740310754292,11/2024,203,NO,2,10964,01/2020,2020,No,2020-01-01,s_001509,2020-01-05 19:02:00,search,/blog/credit-basics
1748,1329,Mastercard,Debit,5586967087960864,07/2023,920,NO,1,8651,02/2020,2020,No,2020-02-01,s_001510,2020-02-04 19:27:00,blog_or_review_site,/apply
3154,1329,Mastercard,Debit,5371618774432893,07/2017,17,YES,1,9800,05/2014,2014,No,2014-05-01,,,,
3461,1535,Visa,Credit,4086767707930248,06/2019,906,YES,2,9200,06/2009,2009,No,2009-06-01,,,,
187,1535,Visa,Debit,4315296241283753,08/2021,887,YES,1,17231,01/2008,2008,No,2008-01-01,,,,
2577,295,Mastercard,Debit,5606664610863321,04/2024,859,YES,2,5521,04/2008,2015,No,2008-04-01,,,,
2101,1434,Visa,Debit,4683529333850689,01/2023,987,YES,2,27776,03/2005,2009,No,2005-03-01,,,,
5776,1434,Amex,Credit,340472738242121,05/2021,594,YES,1,10800,12/2002,2012,No,2002-12-01,,,,
3594,1434,Mastercard,Credit,5582873367992936,05/2016,523,YES,1,4300,06/2015,2015,No,2015-06-01,,,,
5765,1434,Mastercard,Credit,5894846894284597,10/2020,560,YES,1,11300,12/2000,2010,No,2000-12-01,,,,
1750,208,Mastercard,Debit,5973418253600951,05/2023,54,YES,1,31164,02/2020,2020,No,2020-02-01,s_001514,2020-02-26 11:48:00,search,/
4980,208,Amex,Credit,331642499814393,08/2020,68,YES,1,13900,10/2003,2003,No,2003-10-01,,,,
2426,208,Visa,Debit,4455787437333576,11/2023,216,YES,2,23834,04/2001,2014,No,2001-04-01,,,,
5640,1909,Visa,Debit,4129826777465625,11/2021,941,YES,1,9599,11/2010,2010,No,2010-11-01,,,,
4017,1909,Visa,Debit,4928809249781808,09/2021,962,YES,1,8177,07/2013,2013,No,2013-07-01,,,,
1136,1909,Amex,Credit,356753784698882,01/2015,199,YES,1,6100,02/2008,2019,No,2008-02-01,,,,
5207,1909,Mastercard,Debit,5244932923677516,07/2020,633,YES,2,3658,10/2010,2016,No,2010-10-01,,,,
4752,1356,Visa,Credit,4054184324450514,08/2022,45,YES,2,8100,09/2009,2015,No,2009-09-01,,,,
2862,1356,Mastercard,Credit,5533435981760046,04/2005,746,YES,2,7900,05/2004,2009,No,2004-05-01,,,,
1751,1356,Mastercard,Debit (Prepaid),5019455882080711,05/2024,607,YES,2,57,02/2020,2020,No,2020-02-01,s_001515,2020-02-19 10:25:00,blog_or_review_site,/
4057,1356,Mastercard,Debit,5859718770565482,08/2020,127,YES,1,12170,07/2017,2017,No,2017-07-01,s_001516,2017-07-14 22:31:00,search,/blog/credit-basics
5480,1356,Amex,Credit,309524218964644,09/2024,665,YES,2,10400,11/2007,2009,No,2007-11-01,,,,
5905,265,Mastercard,Credit,5369677036150953,12/2024,992,YES,1,12000,12/2007,2009,No,2007-12-01,,,,
1264,265,Visa,Credit,4179464821874368,10/2022,376,YES,2,16600,02/2010,2010,No,2010-02-01,,,,
2305,265,Mastercard,Debit,5187470414488999,05/2023,680,NO,1,13900,03/2012,2012,No,2012-03-01,,,,
2909,1947,Mastercard,Debit,5611228007672267,01/2019,578,NO,2,11817,05/2006,2009,No,2006-05-01,,,,
2271,1947,Visa,Debit,4909515632835135,05/2015,967,YES,1,1433,03/2010,2010,No,2010-03-01,,,,
205,1947,Mastercard,Debit,5671721481892550,07/2022,733,YES,1,11982,01/2009,2013,No,2009-01-01,,,,
2654,1947,Mastercard,Debit,5263399480715028,09/2022,84,YES,1,5440,04/2010,2010,No,2010-04-01,,,,
3159,1089,Visa,Debit,4171386450929978,10/2020,702,YES,1,32269,05/2014,2014,No,2014-05-01,,,,
3487,1089,Mastercard,Debit (Prepaid),5992452355066267,07/2010,255,YES,1,68,06/2010,2011,No,2010-06-01,,,,
2682,1089,Mastercard,Debit,5862553540544506,08/2022,206,YES,2,25390,04/2011,2011,No,2011-04-01,,,,
1753,614,Mastercard,Debit,5173250188599461,02/2020,842,YES,1,12829,02/2020,2020,No,2020-02-01,s_001520,2020-02-27 08:30:00,other,/compare
4002,614,Mastercard,Debit,5953826141797560,07/2024,781,YES,1,19508,07/2012,2012,No,2012-07-01,,,,
4753,614,Visa,Credit,4679944060407471,05/2021,328,YES,1,12700,09/2009,2015,No,2009-09-01,,,,
416,614,Amex,Credit,376263258046959,02/2020,498,YES,1,13700,01/2020,2020,No,2020-01-01,s_001521,2020-01-12 22:26:00,blog_or_review_site,/apply
2094,614,Mastercard,Debit,5303628231225889,09/2022,849,YES,1,26467,03/2005,2007,No,2005-03-01,,,,
6065,614,Visa,Debit,4009824948264772,12/2011,343,YES,2,25059,12/2011,2011,No,2011-12-01,,,,
2953,614,Visa,Debit,4208882690900434,09/2021,889,YES,2,17403,05/2007,2010,No,2007-05-01,,,,
340,814,Visa,Credit,4458593801378188,07/2024,713,YES,2,7400,01/2014,2014,No,2014-01-01,,,,
2955,814,Amex,Credit,304032329695965,07/2020,406,YES,2,14300,05/2008,2012,No,2008-05-01,,,,
4536,814,Mastercard,Debit,5975850851446048,10/2024,385,YES,2,8262,09/2003,2018,No,2003-09-01,,,,
4444,814,Visa,Credit,4107536740374307,04/2018,877,YES,1,7700,08/2014,2014,No,2014-08-01,,,,
5267,305,Visa,Debit,4608939462503365,11/2015,656,NO,1,13767,10/2012,2012,No,2012-10-01,,,,
341,305,Visa,Debit (Prepaid),4181646920762737,05/2020,86,YES,1,90,01/2014,2014,No,2014-01-01,,,,
2448,305,Mastercard,Debit,5023221503017150,05/2006,739,YES,2,11408,04/2003,2010,No,2003-04-01,,,,
2338,1225,Visa,Credit,4529057760721503,04/2020,270,YES,2,2400,03/2014,2014,No,2014-03-01,,,,
1163,1225,Visa,Credit,4234868356191481,11/2024,759,YES,2,18600,02/2008,2011,No,2008-02-01,,,,
5762,1225,Mastercard,Debit,5469185883238396,02/2024,610,YES,2,15422,12/1999,2009,No,1999-12-01,,,,
4754,1405,Visa,Debit,4324994489841346,11/2024,374,YES,2,19575,09/2009,2009,No,2009-09-01,,,,
2690,1405,Visa,Debit (Prepaid),4465717590252409,10/2020,476,YES,2,62,04/2011,2011,No,2011-04-01,,,,
2939,1405,Mastercard,Credit,5520845437304871,02/2018,530,NO,1,10800,05/2007,2009,No,2007-05-01,,,,
5922,1405,Amex,Credit,343577155217599,07/2013,751,YES,2,12400,12/2008,2010,No,2008-12-01,,,,
5039,1405,Visa,Debit,4563222610324202,11/2022,673,YES,1,30314,10/2005,2007,No,2005-10-01,,,,
2578,1405,Mastercard,Debit,5599596861279013,11/2020,190,YES,1,16317,04/2008,2010,No,2008-04-01,,,,
4844,1405,Visa,Debit,4700587500082036,01/2023,458,YES,1,26033,09/2012,2012,No,2012-09-01,,,,
5420,1405,Visa,Credit,4668774755047551,04/2023,733,NO,1,11600,11/2004,2008,No,2004-11-01,,,,
5994,1478,Discover,Credit,6113554012285569,03/2022,285,YES,2,14800,12/2010,2011,No,2010-12-01,,,,
4789,1478,Mastercard,Debit,5418595509569231,09/2024,749,YES,2,4183,09/2010,2010,No,2010-09-01,,,,
1237,1478,Mastercard,Debit,5024480860444789,03/2024,877,YES,1,6732,02/2010,2010,No,2010-02-01,,,,
3415,1920,Amex,Credit,347590336473806,08/2021,561,YES,1,8200,06/2009,2013,No,2009-06-01,,,,
5579,1920,Mastercard,Debit,5523829978930626,02/2024,247,NO,2,1726,11/2009,2014,No,2009-11-01,,,,
2791,1920,Visa,Debit,4515665907154914,06/2020,91,NO,2,20318,05/1996,2015,No,1996-05-01,,,,
3861,1920,Mastercard,Debit (Prepaid),5198349029624244,09/2023,52,YES,2,42,07/2008,2017,No,2008-07-01,,,,
4412,241,Mastercard,Debit,5648990684688270,09/2020,557,YES,1,18654,08/2013,2013,No,2013-08-01,,,,
4506,241,Mastercard,Debit,5877605571862978,08/2023,436,YES,1,11219,09/2000,2010,No,2000-09-01,,,,
2749,241,Mastercard,Debit,5424175323034310,11/2018,340,YES,1,11143,04/2015,2015,No,2015-04-01,,,,
3921,241,Visa,Credit,4241977850163967,05/2022,803,NO,1,6900,07/2009,2012,No,2009-07-01,,,,
58,241,Mastercard,Debit,5337331365480778,04/2019,672,YES,2,12861,01/2004,2008,No,2004-01-01,,,,
3818,331,Mastercard,Debit,5949441299547681,01/2021,269,YES,1,12801,07/2007,2011,No,2007-07-01,,,,
1994,331,Visa,Credit,4353130198173895,03/2024,851,YES,2,6300,02/2020,2020,No,2020-02-01,s_001523,2020-02-21 11:20:00,podcast_or_youtube,/blog/credit-basics
727,1354,Mastercard,Debit,5290775938068362,02/2020,372,YES,2,3861,01/2020,2020,No,2020-01-01,s_001526,2020-01-08 14:00:00,social_media,/apply
5447,1354,Visa,Debit,4098930150034371,08/2007,821,YES,2,8024,11/2005,2011,No,2005-11-01,,,,
1995,1354,Visa,Debit,4433713978036656,02/2020,989,YES,2,16452,02/2020,2020,No,2020-02-01,s_001527,2020-02-23 21:53:00,search,/apply
3102,1258,Mastercard,Debit,5477831310262429,12/2020,288,YES,1,24326,05/2011,2011,No,2011-05-01,,,,
1105,1258,Discover,Credit,6116887229829457,04/2017,772,YES,2,9600,02/2007,2012,No,2007-02-01,,,,
3901,1258,Mastercard,Credit,5115594587514456,11/2020,682,YES,2,5400,07/2009,2010,No,2009-07-01,,,,
4830,1258,Visa,Debit,4246770344294430,12/2014,779,YES,1,26158,09/2011,2011,No,2011-09-01,,,,
206,1258,Mastercard,Debit (Prepaid),5777252404670457,12/2023,26,YES,1,65,01/2009,2009,No,2009-01-01,,,,
5951,1258,Visa,Debit,4443261006820284,07/2024,583,YES,1,24674,12/2008,2010,No,2008-12-01,,,,
3561,1258,Visa,Debit,4709355283958408,11/2022,7,NO,1,14484,06/2012,2012,No,2012-06-01,,,,
3945,919,Mastercard,Debit,5559774982144167,01/2021,233,YES,1,20765,07/2010,2014,No,2010-07-01,,,,
6124,919,Mastercard,Credit,5077326215891911,04/2021,470,YES,2,17100,12/2016,2016,No,2016-12-01,s_001528,2016-12-24 12:39:00,social_media,/cards/rewards
4733,1447,Mastercard,Credit,5861460389220807,02/2022,901,YES,1,3600,09/2009,2009,No,2009-09-01,,,,
5070,1315,Visa,Debit,4551026838442529,12/2013,610,YES,1,9922,10/2006,2011,No,2006-10-01,,,,
5719,1315,Visa,Debit,4848774820047542,11/2024,454,YES,1,14514,11/2015,2015,No,2015-11-01,,,,
2556,1315,Visa,Debit,4857655456740069,01/2023,655,NO,1,14464,04/2007,2008,No,2007-04-01,,,,
5434,1315,Mastercard,Credit,5237779163714217,01/2021,520,YES,1,10600,11/2005,2009,No,2005-11-01,,,,
4790,323,Mastercard,Credit,5017550508372775,09/2018,481,NO,1,5900,09/2010,2011,No,2010-09-01,,,,
4268,323,Mastercard,Debit,5644486560076379,10/2024,413,YES,2,5082,08/2008,2009,No,2008-08-01,,,,
2135,323,Visa,Debit,4305298887064773,05/2016,895,NO,1,7003,03/2006,2012,No,2006-03-01,,,,
2467,323,Mastercard,Debit,5363081183912419,07/2024,479,YES,2,7364,04/2004,2009,No,2004-04-01,,,,
5977,323,Mastercard,Debit,5365700074909909,12/2020,476,YES,1,9513,12/2009,2009,No,2009-12-01,,,,
6125,979,Mastercard,Credit,5034807492446890,02/2020,628,YES,2,5700,12/2016,2016,No,2016-12-01,s_001539,2016-12-28 20:53:00,search,/cards
5421,979,Visa,Credit,4450994374522199,03/2023,271,YES,1,8600,11/2004,2009,No,2004-11-01,,,,
2613,979,Mastercard,Debit,5508211695909086,05/2024,164,YES,1,12586,04/2009,2010,No,2009-04-01,,,,
3012,1096,Mastercard,Credit,5257815762743073,10/2020,52,YES,2,5500,05/2009,2009,No,2009-05-01,,,,
5225,1096,Visa,Debit,4249372985491598,10/2022,678,YES,1,26222,10/2010,2010,No,2010-10-01,,,,
4816,1347,Mastercard,Debit,5422366850951714,12/2023,973,YES,2,21802,09/2011,2011,No,2011-09-01,,,,
3511,1347,Amex,Credit,343289673294707,02/2021,678,YES,2,13100,06/2011,2011,No,2011-06-01,,,,
5678,1347,Mastercard,Debit,5212401746902609,11/2021,77,YES,2,17079,11/2012,2012,No,2012-11-01,,,,
5141,1395,Visa,Credit,4752059764737905,12/2020,397,YES,2,31500,10/2008,2008,No,2008-10-01,,,,
4089,1395,Mastercard,Debit,5088932138697648,02/2024,904,YES,1,51412,08/1997,2008,No,1997-08-01,,,,
3033,1614,Visa,Credit,4605207086612818,05/2019,438,YES,1,0,05/2009,2009,No,2009-05-01,,,,
2095,1212,Mastercard,Debit,5127787392899921,06/2021,895,YES,2,13746,03/2005,2007,No,2005-03-01,,,,
6117,1588,Visa,Debit,4316375262880141,03/2022,580,YES,1,30023,12/2015,2015,No,2015-12-01,,,,
2016,1588,Visa,Credit,4354340819623207,04/2024,195,YES,2,14300,03/2000,2009,No,2000-03-01,,,,
5952,121,Visa,Debit,4716535552633032,02/2023,508,YES,1,18137,12/2008,2011,No,2008-12-01,,,,
420,121,Amex,Credit,378254419416636,08/2020,484,YES,3,10700,01/2020,2020,No,2020-01-01,s_001542,2020-01-25 09:54:00,blog_or_review_site,/cards
349,121,Mastercard,Credit,5346005460523910,12/2021,389,YES,1,10000,01/2015,2015,No,2015-01-01,,,,
2703,1859,Mastercard,Debit,5843937298541003,06/2021,609,YES,1,15976,04/2012,2012,No,2012-04-01,,,,
4991,1859,Mastercard,Debit,5880006305695949,03/2023,187,YES,1,34560,10/2003,2011,No,2003-10-01,,,,
2241,1859,Visa,Credit,4158498171851975,07/2020,263,YES,1,18600,03/2009,2013,No,2009-03-01,,,,
2419,1859,Mastercard,Debit (Prepaid),5922687925814446,05/2020,982,YES,1,65,04/2001,2014,No,2001-04-01,,,,
5018,1859,Visa,Debit,4441559114756148,03/2022,974,YES,1,15374,10/2004,2016,No,2004-10-01,,,,
2438,77,Visa,Credit,4142689074024202,07/2014,401,YES,2,13700,04/2002,2012,No,2002-04-01,,,,
5906,77,Mastercard,Debit,5797464528593168,02/2023,743,YES,2,7949,12/2007,2010,No,2007-12-01,,,,
438,77,Discover,Credit,6402388690714912,04/2020,731,YES,1,9300,01/2020,2020,No,2020-01-01,s_001548,2020-01-03 12:56:00,blog_or_review_site,/compare
4373,77,Mastercard,Debit,5247646091462977,06/2023,180,YES,1,21862,08/2011,2011,No,2011-08-01,,,,
3621,77,Mastercard,Debit,5560170355102541,04/2020,566,NO,2,15988,06/2017,2017,No,2017-06-01,s_001549,2017-06-16 09:03:00,social_media,/
4837,77,Mastercard,Debit,5443759192548846,12/2014,623,NO,1,17112,09/2012,2012,No,2012-09-01,,,,
5688,77,Mastercard,Debit,5086596988156517,10/2024,171,YES,1,27063,11/2013,2013,No,2013-11-01,,,,
5501,77,Mastercard,Debit,5713469175389037,04/2021,887,YES,2,24656,11/2007,2008,No,2007-11-01,,,,
1076,1222,Visa,Debit,4261882459977550,04/2022,882,YES,2,1436,02/2005,2005,No,2005-02-01,,,,
5364,363,Visa,Credit,4485600180364627,07/2014,123,YES,1,18700,11/2000,2010,No,2000-11-01,,,,
5555,363,Visa,Debit,4554258012686189,02/2011,650,YES,1,8420,11/2008,2012,No,2008-11-01,,,,
5208,363,Mastercard,Debit (Prepaid),5312039477119395,10/2022,56,YES,1,35,10/2010,2010,No,2010-10-01,,,,
4434,634,Mastercard,Debit,5268139916584585,12/2022,638,YES,1,22995,08/2014,2014,No,2014-08-01,,,,
3541,634,Visa,Debit,4397605575320998,07/2023,634,YES,1,37620,06/2011,2011,No,2011-06-01,,,,
2272,634,Visa,Debit,4151208103004284,12/2018,499,YES,1,18220,03/2010,2011,No,2010-03-01,,,,
3375,634,Amex,Credit,355152345366905,01/2022,511,YES,1,11100,06/2008,2016,No,2008-06-01,,,,
2579,628,Mastercard,Debit (Prepaid),5483397485442231,04/2017,795,YES,1,76,04/2008,2008,No,2008-04-01,,,,
333,628,Mastercard,Debit,5614906039254489,10/2021,288,YES,1,47183,01/2014,2014,No,2014-01-01,,,,
1757,628,Mastercard,Debit,5257083044708319,02/2024,600,YES,2,44912,02/2020,2020,No,2020-02-01,s_001550,2020-02-05 09:56:00,friend_or_family,/compare
3963,756,Visa,Debit,4109920926456573,02/2023,276,YES,1,7721,07/2010,2010,No,2010-07-01,,,,
1758,111,Mastercard,Debit,5805865464891142,02/2020,145,YES,1,9061,02/2020,2020,No,2020-02-01,s_001556,2020-02-01 09:31:00,blog_or_review_site,/compare
4413,111,Mastercard,Debit,5806091901843856,08/2023,270,YES,2,10964,08/2013,2013,No,2013-08-01,,,,
1439,111,Amex,Credit,399822688085690,07/2021,676,YES,2,6900,02/2020,2020,No,2020-02-01,s_001557,2020-02-16 09:06:00,podcast_or_youtube,/cards
4149,1359,Amex,Credit,310470716823944,05/2020,922,YES,1,15200,08/2005,2017,No,2005-08-01,,,,
3699,1359,Mastercard,Debit,5905005083070942,03/2023,993,YES,1,13844,07/2003,2011,No,2003-07-01,,,,
4817,488,Mastercard,Debit,5535209227360709,01/2019,434,YES,1,12759,09/2011,2011,No,2011-09-01,,,,
5413,488,Mastercard,Debit,5304434448477779,12/2022,266,NO,1,19554,11/2004,2007,No,2004-11-01,,,,
171,7,Mastercard,Debit,5673440794177682,04/2023,44,NO,2,21274,01/2008,2009,No,2008-01-01,,,,
3335,7,Visa,Debit (Prepaid),4738669769696354,08/2022,376,YES,1,25,06/2006,2013,No,2006-06-01,,,,
2490,7,Mastercard,Debit,5550350468440254,01/2023,305,YES,2,12868,04/2005,2012,No,2005-04-01,,,,
1385,863,Visa,Debit (Prepaid),4669769619755993,01/2020,338,YES,1,80,02/2018,2018,No,2018-02-01,s_001567,2018-02-26 21:43:00,search,/
4861,863,Mastercard,Debit,5946850544837798,01/2023,589,YES,2,18244,09/2013,2013,No,2013-09-01,,,,
2750,863,Mastercard,Debit,5275357240057940,06/2024,107,YES,2,11402,04/2015,2015,No,2015-04-01,,,,
3570,1854,Mastercard,Credit,5510232749503632,06/2020,400,YES,1,7200,06/2013,2013,No,2013-06-01,,,,
3585,1854,Mastercard,Debit,5821737939719970,07/2021,620,YES,1,22975,06/2014,2014,No,2014-06-01,,,,
2500,1041,Visa,Debit,4955581838657248,10/2022,581,YES,2,5579,04/2005,2010,No,2005-04-01,,,,
2786,1616,Visa,Debit,4474440079220409,10/2022,166,NO,1,56039,04/2018,2018,No,2018-04-01,s_001568,2018-04-07 22:47:00,social_media,/apply
2730,1616,Mastercard,Debit,5724240961290015,12/2023,700,YES,1,28861,04/2014,2014,No,2014-04-01,,,,
5164,1616,Mastercard,Debit (Prepaid),5217967974128120,09/2021,914,YES,1,66,10/2009,2009,No,2009-10-01,,,,
4734,1616,Mastercard,Credit,5877792740240707,09/2022,793,NO,2,22900,09/2009,2010,No,2009-09-01,,,,
1763,1805,Mastercard,Credit,5145463747127185,11/2023,913,YES,1,8500,02/2020,2020,No,2020-02-01,s_001569,2020-02-22 09:17:00,social_media,/cards/rewards
2546,1805,Mastercard,Credit,5541745788882180,02/2022,58,NO,1,3800,04/2007,2007,No,2007-04-01,,,,
172,1284,Mastercard,Debit,5750484233286684,06/2023,222,YES,2,9789,01/2008,2009,No,2008-01-01,,,,
6066,1284,Amex,Credit,358690297708537,03/2018,877,YES,2,10800,12/2012,2012,No,2012-12-01,,,,
2000,1735,Visa,Credit,4865108019055527,07/2021,237,YES,1,15100,02/2020,2020,No,2020-02-01,s_001570,2020-02-28 10:43:00,other,/blog/credit-basics
1165,1735,Discover,Credit,6515253433115422,04/2020,190,YES,1,15700,02/2009,2011,No,2009-02-01,,,,
3336,1735,Visa,Debit,4497189555825931,05/2015,378,YES,2,7320,06/2006,2015,No,2006-06-01,,,,
4053,1735,Amex,Credit,370616632244142,06/2018,911,NO,2,5600,07/2017,2017,No,2017-07-01,s_001571,2017-07-02 22:45:00,social_media,/
3700,1735,Mastercard,Debit,5506509188518636,06/2021,743,YES,2,12762,07/2003,2010,No,2003-07-01,,,,
5057,1735,Mastercard,Credit,5129342889760157,04/2024,444,YES,2,11900,10/2006,2015,No,2006-10-01,,,,
5828,1528,Discover,Credit,6259105481899955,02/2014,854,YES,2,16400,12/2005,2008,No,2005-12-01,,,,
2491,1528,Mastercard,Debit,5074464458367025,08/2017,226,YES,2,5656,04/2005,2020,No,2005-04-01,,,,
4805,1528,Visa,Debit (Prepaid),4653783977944705,02/2024,233,YES,1,107,09/2010,2015,No,2010-09-01,,,,
4845,1528,Visa,Credit,4723544766031693,04/2024,305,YES,2,7800,09/2012,2012,No,2012-09-01,,,,
3752,1528,Visa,Credit,4784666596890935,02/2022,50,YES,2,7700,07/2005,2015,No,2005-07-01,,,,
4315,1528,Visa,Debit,4842554939859572,12/2022,511,NO,3,8033,08/2009,2014,No,2009-08-01,,,,
2863,591,Mastercard,Debit,5274379508016909,01/2022,559,NO,2,21971,05/2004,2012,No,2004-05-01,,,,
2199,591,Mastercard,Debit,5247895172758076,03/2023,818,NO,1,10442,03/2008,2016,No,2008-03-01,,,,
2391,591,Visa,Credit,4409499021452008,08/2019,435,NO,2,8100,03/2019,2019,No,2019-03-01,s_001575,2019-03-16 22:02:00,blog_or_review_site,/cards
2285,97,Mastercard,Debit,5447193146031175,12/2023,290,YES,2,9956,03/2011,2011,No,2011-03-01,,,,
3180,31,Mastercard,Debit,5325590478347304,04/2020,663,YES,2,25702,05/2016,2016,No,2016-05-01,s_001576,2016-05-16 17:33:00,search,/apply
3622,31,Mastercard,Debit,5418724960148500,09/2019,758,YES,1,15435,06/2017,2017,No,2017-06-01,s_001577,2017-06-13 18:31:00,search,/apply
5594,31,Amex,Credit,314393148415045,12/2023,772,YES,2,11500,11/2010,2010,No,2010-11-01,,,,
742,1380,Mastercard,Debit,5277481941284870,09/2023,765,YES,1,21244,01/2020,2020,No,2020-01-01,s_001578,2020-01-08 08:37:00,friend_or_family,/cards
219,1380,Visa,Debit (Prepaid),4405922261615510,06/2011,725,YES,1,85,01/2009,2009,No,2009-01-01,,,,
1295,1240,Visa,Credit,4212472982412282,03/2023,449,YES,1,4000,02/2011,2011,No,2011-02-01,,,,
3876,1240,Visa,Debit,4191753432473688,08/2022,915,YES,1,23169,07/2008,2011,No,2008-07-01,,,,
1361,1240,Visa,Debit,4140779954294938,11/2022,794,YES,2,16638,02/2015,2015,No,2015-02-01,,,,
1121,932,Mastercard,Debit,5416901310036134,05/2023,533,YES,1,4700,02/2007,2015,No,2007-02-01,,,,
2626,932,Visa,Debit,4752509852890437,07/2024,219,YES,2,3648,04/2009,2009,No,2009-04-01,,,,
2614,932,Mastercard,Credit,5692198759214977,03/2024,761,YES,2,11400,04/2009,2010,No,2009-04-01,,,,
188,932,Visa,Credit,4882749213560039,02/2022,251,YES,2,7100,01/2008,2009,No,2008-01-01,,,,
220,932,Visa,Debit,4759540467704662,06/2019,306,YES,2,6204,01/2009,2015,No,2009-01-01,,,,
3562,932,Amex,Credit,313704088925690,09/2021,425,YES,2,6100,06/2013,2013,No,2013-06-01,,,,
5294,647,Mastercard,Debit,5777074368748266,07/2018,895,YES,2,15512,10/2014,2014,No,2014-10-01,,,,
4460,647,Visa,Debit,4736880733497138,06/2022,632,YES,2,8332,08/2016,2016,No,2016-08-01,s_001580,2016-08-01 17:16:00,other,/cards
4921,391,Amex,Credit,352640919361783,06/2023,945,YES,1,6200,09/2019,2019,No,2019-09-01,s_001581,2019-09-16 16:37:00,search,/
317,391,Mastercard,Debit,5396719740758943,08/2021,596,YES,1,23152,01/2013,2013,No,2013-01-01,,,,
4936,391,Mastercard,Debit (Prepaid),5182063803419504,09/2020,572,YES,2,81,10/1998,2010,No,1998-10-01,,,,
3488,391,Mastercard,Debit,5021628982108623,08/2024,87,YES,1,11812,06/2010,2010,No,2010-06-01,,,,
3616,391,Visa,Debit,4239166872169819,01/2020,156,YES,2,12483,06/2016,2016,No,2016-06-01,s_001582,2016-06-02 12:02:00,search,/cards
5182,391,Visa,Credit,4920642520708261,08/2022,998,YES,1,9100,10/2009,2010,No,2009-10-01,,,,
263,986,Visa,Debit,4351221158003580,08/2012,302,YES,2,27317,01/2010,2010,No,2010-01-01,,,,
4755,986,Visa,Debit,4947422352493090,01/2023,940,YES,2,15094,09/2009,2011,No,2009-09-01,,,,
2139,986,Discover,Credit,6537516721853185,02/2023,573,NO,1,18300,03/2007,2013,No,2007-03-01,,,,
5295,1944,Mastercard,Debit,5345225563130049,06/2018,321,NO,2,19756,10/2014,2014,No,2014-10-01,,,,
1304,1944,Mastercard,Debit,5867403593584849,01/2022,493,NO,1,17116,02/2012,2012,No,2012-02-01,,,,
33,1944,Visa,Credit,4803534694306012,09/2021,383,YES,1,11100,01/2002,2009,No,2002-01-01,,,,
1059,1944,Mastercard,Debit,5040196029255389,11/2021,832,YES,1,2468,02/2005,2005,No,2005-02-01,,,,
4046,185,Mastercard,Debit,5916545236079509,07/2024,314,YES,1,16415,07/2016,2016,No,2016-07-01,s_001586,2016-07-14 10:17:00,friend_or_family,/apply
5361,185,Amex,Credit,300609782832003,01/2024,663,YES,1,6900,11/2000,2013,No,2000-11-01,,,,
2711,185,Visa,Credit,4718517475996018,01/2021,492,YES,2,5700,04/2012,2012,No,2012-04-01,,,,
1305,1007,Mastercard,Credit,5929512204765914,08/2020,237,NO,2,9200,02/2012,2012,No,2012-02-01,,,,
743,1110,Mastercard,Debit,5589768928167462,01/2020,630,YES,1,28074,01/2020,2020,No,2020-01-01,s_001587,2020-01-23 20:30:00,search,/
3199,1110,Visa,Credit,4994011318343994,12/2020,120,YES,1,14400,05/2017,2017,No,2017-05-01,s_001588,2017-05-16 12:37:00,app_store,/apply
